@0
00041097
11808093
00000013
00000013
00000013
00000013
00000013
00000013
000080E7
00000013
00000013
00000013
00000013
00000013
00000013
00000013
@40
0001A003
00418193
0001AC03
00418193
01807AB3
00012203
01520863
50C052EF
80000050
80008FF0
00410113
0001A083
00418193
0001A303
00418193
0060F633
00012203
00C20863
4E0052EF
8000007C
8000901D
00410113
00010093
0001A103
00418193
0001A883
00418193
01117933
0000A203
01220863
4B0052EF
800000AC
8000904A
00408093
00018493
0004A183
00448493
0004A703
00448493
00E1FD33
0000A203
01A20863
480052EF
800000DC
80009077
00408093
00020393
00028413
0004A203
00448493
0004AB83
00448493
017271B3
0000A383
00338863
4640546F
80000110
800090A4
00408093
0004A283
00448493
0004AB03
00448493
0162F8B3
0000A383
01138863
4380546F
8000013C
800090D1
00408093
0004A303
00448493
0004A803
00448493
010376B3
0000A383
00D38863
40C0546F
80000168
800090FE
00408093
00038693
00040713
0004A383
00448493
0004AB83
00448493
0173FB33
0000A683
01668863
4000576F
8000019C
8000912B
00408093
0004A403
00448493
0004AA83
00448493
01547CB3
0000A683
01968863
3D40576F
800001C8
80009158
00408093
00048193
0001A483
00418193
0001AC03
00418193
0184F633
0000A683
00C68863
3A40576F
800001F8
80009185
00408093
0001A503
00418193
0001AC03
00418193
01857633
0000A683
00C68863
3780576F
80000224
800091B3
00408093
0001A583
00418193
0001A203
00418193
0045FAB3
0000A683
01568863
34C0576F
80000250
800091E2
00408093
0001A603
00418193
0001AE03
00418193
01C67C33
0000A683
01868863
3200576F
8000027C
80009211
00408093
00068213
00070293
0001A683
00418193
0001AF83
00418193
01F6F4B3
0000A203
00920863
2AC052EF
800002B0
80009240
00408093
0001A703
00418193
0001A983
00418193
01377CB3
0000A203
01920863
280052EF
800002DC
8000926F
00408093
0001A783
00418193
0001AD03
00418193
01A7F633
0000A203
00C20863
254052EF
80000308
8000929E
00408093
0001A803
00418193
0001A783
00418193
00F87EB3
0000A203
01D20863
228052EF
80000334
800092CD
00408093
0001A883
00418193
0001A103
00418193
0028F5B3
0000A203
00B20863
1FC052EF
80000360
800092FC
00408093
0001A903
00418193
0001AC83
00418193
019975B3
0000A203
00B20863
1D0052EF
8000038C
8000932B
00408093
0001A983
00418193
0001A003
00418193
0009F4B3
0000A203
00920863
1A4052EF
800003B8
8000935A
00408093
0001AA03
00418193
0001AD83
00418193
01BA7C33
0000A203
01820863
178052EF
800003E4
80009389
00408093
0001AA83
00418193
0001A683
00418193
00DAF4B3
0000A203
00920863
14C052EF
80000410
800093B8
00408093
0001AB03
00418193
0001A783
00418193
00FB7133
0000A203
00220863
120052EF
8000043C
800093E7
00408093
0001AB83
00418193
0001A603
00418193
00CBF5B3
0000A203
00B20863
0F4052EF
80000468
80009416
00408093
0001AC03
00418193
0001A503
00418193
00AC7E33
0000A203
01C20863
0C8052EF
80000494
80009445
00408093
0001AC83
00418193
0001AA83
00418193
015CF933
0000A203
01220863
09C052EF
800004C0
80009474
00408093
0001AD03
00418193
0001AC03
00418193
018D7433
0000A203
00820863
070052EF
800004EC
800094A3
00408093
0001AD83
00418193
0001AF03
00418193
01EDF633
0000A203
00C20863
044052EF
80000518
800094D2
00408093
0001AE03
00418193
0001AD03
00418193
01AE7433
0000A203
00820863
018052EF
80000544
80009501
00408093
0001AE83
00418193
0001AA03
00418193
014EF033
0000A203
00020863
7ED042EF
80000570
80009530
00408093
0001AF03
00418193
0001AC03
00418193
018F74B3
0000A203
00920863
7C1042EF
8000059C
8000955F
00408093
0001AF83
00418193
0001A903
00418193
012FFA33
0000A203
01420863
795042EF
800005C8
8000958E
00408093
0001A683
00418193
0001A003
00418193
0006F9B3
0000A203
01320863
769042EF
800005F4
800095BD
00408093
00008513
0001AA83
00418193
0001A083
00418193
001AFDB3
00052203
01B20863
739042EF
80000624
800095EB
00450513
0001A303
00418193
0001A103
00418193
00237733
00052203
00E20863
70D042EF
80000650
80009619
00450513
00018993
0009AC83
00498993
0009A183
00498993
003CF433
00052203
00820863
6DD042EF
80000680
80009647
00450513
00020693
00028713
0009AC03
00498993
0009A203
00498993
004C71B3
00052683
00368863
6E90476F
800006B4
80009675
00450513
0009A303
00498993
0009A283
00498993
00537AB3
00052683
01568863
6BD0476F
800006E0
800096A3
00450513
0009A883
00498993
0009A303
00498993
0068F1B3
00052683
00368863
6910476F
8000070C
800096D1
00450513
0009AE03
00498993
0009A383
00498993
007E7BB3
00052683
01768863
6650476F
80000738
800096FF
00450513
0009AB83
00498993
0009A403
00498993
008BFD33
00052683
01A68863
6390476F
80000764
8000972D
00450513
0009A403
00498993
0009A483
00498993
00947033
00052683
00068863
60D0476F
80000790
8000975B
00450513
00050B93
0009A783
00498993
0009A503
00498993
00A7F833
000BA683
01068863
5DD0476F
800007C0
80009789
004B8B93
0009AE03
00498993
0009A583
00498993
00BE7333
000BA683
00668863
5B10476F
800007EC
800097B8
004B8B93
0009AC03
00498993
0009A603
00498993
00CC71B3
000BA683
00368863
5850476F
80000818
800097E7
004B8B93
00068393
00070413
0009A903
00498993
0009A683
00498993
00D97DB3
000BA383
01B38863
5290446F
8000084C
80009816
004B8B93
0009A503
00498993
0009A703
00498993
00E572B3
000BA383
00538863
4FD0446F
80000878
80009845
004B8B93
0009AF03
00498993
0009A783
00498993
00FF7033
000BA383
00038863
4D10446F
800008A4
80009874
004B8B93
0009AE03
00498993
0009A803
00498993
010E7AB3
000BA383
01538863
4A50446F
800008D0
800098A3
004B8B93
0009AB03
00498993
0009A883
00498993
011B7FB3
000BA383
01F38863
4790446F
800008FC
800098D2
004B8B93
0009AD03
00498993
0009A903
00498993
012D7F33
000BA383
01E38863
44D0446F
80000928
80009901
004B8B93
00098193
0001AC83
00418193
0001A983
00418193
013CF2B3
000BA383
00538863
41D0446F
80000958
80009930
004B8B93
0001AC83
00418193
0001AA03
00418193
014CFF33
000BA383
01E38863
3F10446F
80000984
8000995F
004B8B93
0001A583
00418193
0001AA83
00418193
0155F0B3
000BA383
00138863
3C50446F
800009B0
8000998E
004B8B93
0001A983
00418193
0001AB03
00418193
0169F7B3
000BA383
00F38863
3990446F
800009DC
800099BD
004B8B93
000B8F13
0001A003
00418193
0001AB83
00418193
01707A33
000F2383
01438863
3690446F
80000A0C
800099EC
004F0F13
0001AC83
00418193
0001AC03
00418193
018CFB33
000F2383
01638863
33D0446F
80000A38
80009A1B
004F0F13
0001A803
00418193
0001AC83
00418193
01987633
000F2383
00C38863
3110446F
80000A64
80009A4A
004F0F13
0001A683
00418193
0001AD03
00418193
01A6F5B3
000F2383
00B38863
2E50446F
80000A90
80009A79
004F0F13
0001A603
00418193
0001AD83
00418193
01B678B3
000F2383
01138863
2B90446F
80000ABC
80009AA8
004F0F13
0001A283
00418193
0001AE03
00418193
01C2F833
000F2383
01038863
28D0446F
80000AE8
80009AD7
004F0F13
0001A783
00418193
0001AE83
00418193
01D7F033
000F2383
00038863
2610446F
80000B14
80009B06
004F0F13
000F0D93
0001AB83
00418193
0001AF03
00418193
01EBF8B3
000DA383
01138863
2310446F
80000B44
80009B35
004D8D93
0001AE83
00418193
0001AF83
00418193
01FEF5B3
000DA383
00B38863
2050446F
80000B70
80009B64
004D8D93
0001A883
00418193
0001A803
00418193
0108F033
000DA383
00038863
1D90446F
80000B9C
80009B93
004D8D93
0001A783
00418193
0001A003
00418193
0007F0B3
000DA383
00138863
1AD0446F
80000BC8
80009BC0
004D8D93
0001A503
00418193
0001A703
00418193
00E57133
000DA383
00238863
1810446F
80000BF4
80009BED
004D8D93
00018793
0007A083
00478793
0007AA03
00478793
0140F1B3
000DA383
00338863
1510446F
80000C24
80009C1A
004D8D93
0007A903
00478793
0007A003
00478793
00097233
000DA383
00438863
1250446F
80000C50
80009C47
004D8D93
0007A103
00478793
0007A203
00478793
004172B3
000DA383
00538863
0F90446F
80000C7C
80009C74
004D8D93
0007A183
00478793
0007A583
00478793
00B1F333
000DA383
00638863
0CD0446F
80000CA8
80009CA1
004D8D93
00038693
00040713
0007A403
00478793
0007AC83
00478793
019473B3
000DA683
00768863
0C10476F
80000CDC
80009CCE
004D8D93
0007A903
00478793
0007A483
00478793
00997433
000DA683
00868863
0950476F
80000D08
80009CFB
004D8D93
0007A803
00478793
0007A083
00478793
001874B3
000DA683
00968863
0690476F
80000D34
80009D28
004D8D93
0007AC03
00478793
0007A583
00478793
00BC7533
000DA683
00A68863
03D0476F
80000D60
80009D55
004D8D93
0007A383
00478793
0007A183
00478793
0033F5B3
000DA683
00B68863
0110476F
80000D8C
80009D83
004D8D93
0007AC03
00478793
0007A583
00478793
00BC7633
000DA683
00C68863
7E40476F
80000DB8
80009DB1
004D8D93
00068213
00070293
0007AE83
00478793
0007AA03
00478793
014EF6B3
000DA203
00D20863
770042EF
80000DEC
80009DDF
004D8D93
0007A483
00478793
0007A603
00478793
00C4F733
000DA203
00E20863
744042EF
80000E18
80009E0D
004D8D93
00078513
00052A03
00450513
00052003
00450513
000A77B3
000DA203
00F20863
714042EF
80000E48
80009E3B
004D8D93
00052983
00450513
00052683
00450513
00D9F833
000DA203
01020863
6E8042EF
80000E74
80009E69
004D8D93
00052A83
00450513
00052C03
00450513
018AF8B3
000DA203
01120863
6BC042EF
80000EA0
80009E97
004D8D93
00052A03
00450513
00052603
00450513
00CA7933
000DA203
01220863
690042EF
80000ECC
80009EC5
004D8D93
00052403
00450513
00052A83
00450513
015479B3
000DA203
01320863
664042EF
80000EF8
80009EF3
004D8D93
00052183
00450513
00052703
00450513
00E1FA33
000DA203
01420863
638042EF
80000F24
80009F21
004D8D93
00052E83
00450513
00052383
00450513
007EFAB3
000DA203
01520863
60C042EF
80000F50
80009F4F
004D8D93
00052D03
00450513
00052483
00450513
009D7B33
000DA203
01620863
5E0042EF
80000F7C
80009F7D
004D8D93
00052E83
00450513
00052A03
00450513
014EFBB3
000DA203
01720863
5B4042EF
80000FA8
80009FAB
004D8D93
00052983
00450513
00052A83
00450513
0159FC33
000DA203
01820863
588042EF
80000FD4
80009FD9
004D8D93
00052783
00450513
00052E03
00450513
01C7FCB3
000DA203
01920863
55C042EF
80001000
8000A007
004D8D93
00052483
00450513
00052983
00450513
0134FD33
000DA203
01A20863
530042EF
8000102C
8000A035
004D8D93
000D8A13
00052A83
00450513
00052483
00450513
009AFDB3
000A2203
01B20863
500042EF
8000105C
8000A063
004A0A13
00052B83
00450513
00052903
00450513
012BFE33
000A2203
01C20863
4D4042EF
80001088
8000A091
004A0A13
00052A83
00450513
00052103
00450513
002AFEB3
000A2203
01D20863
4A8042EF
800010B4
8000A0BF
004A0A13
00052983
00450513
00052783
00450513
00F9FF33
000A2203
01E20863
47C042EF
800010E0
8000A0ED
004A0A13
00052F03
00450513
00052383
00450513
007F7FB3
000A2203
01F20863
450042EF
8000110C
8000A11B
004A0A13
00052083
00450513
00052D83
00450513
01B0F7B3
000A2203
00F20863
424042EF
80001138
8000A149
004A0A13
00052103
00450513
00052883
00450513
01117D33
000A2203
01A20863
3F8042EF
80001164
8000A17E
004A0A13
00052D83
00450513
00052D03
00450513
01ADFEB3
000A2203
01D20863
3CC042EF
80001190
8000A1B3
004A0A13
00052A83
00450513
00052403
00450513
008AFEB3
000A2203
01D20863
3A0042EF
800011BC
8000A1E8
004A0A13
00052F03
00450513
00052E03
00450513
01CF73B3
000A2203
00720863
374042EF
800011E8
8000A225
004A0A13
00052983
00450513
00052C03
00450513
0189FBB3
000A2203
01720863
348042EF
80001214
8000A262
004A0A13
00052403
00450513
00052983
00450513
01347E33
000A2203
01C20863
31C042EF
80001240
8000A29F
004A0A13
00052783
00450513
00052483
00450513
0097F3B3
000A2203
00720863
2F0042EF
8000126C
8000A2DC
004A0A13
00052903
00450513
00052C83
00450513
01997BB3
000A2203
01720863
2C4042EF
80001298
8000A319
004A0A13
00052E83
00450513
00052B83
00450513
017EF333
000A2203
00620863
298042EF
800012C4
8000A356
004A0A13
00052603
00450513
00052783
00450513
00F67E33
000A2203
01C20863
26C042EF
800012F0
8000A393
004A0A13
00052583
00450513
00052903
00450513
0125FC33
000A2203
01820863
240042EF
8000131C
8000A3D0
004A0A13
00052883
00450513
00052C83
00450513
0198FAB3
000A2203
01520863
214042EF
80001348
8000A40D
004A0A13
00052303
00450513
00052C03
00450513
018374B3
000A2203
00920863
1E8042EF
80001374
8000A443
004A0A13
00052803
00450513
00052103
00450513
00287433
000A2203
00820863
1BC042EF
800013A0
8000A479
004A0A13
00052983
00450513
00052903
00450513
0129F5B3
000A2203
00B20863
190042EF
800013CC
8000A4AF
004A0A13
00052183
00450513
00052E83
00450513
01D1FDB3
000A2203
01B20863
164042EF
800013F8
8000A4EC
004A0A13
00052D03
00450513
00052103
00450513
002D7BB3
000A2203
01720863
138042EF
80001424
8000A529
004A0A13
00052E83
00450513
00052683
00450513
00DEFAB3
000A2203
01520863
10C042EF
80001450
8000A566
004A0A13
00052803
00450513
00052B03
00450513
01687D33
000A2203
01A20863
0E0042EF
8000147C
8000A5A3
004A0A13
00052A83
00450513
00052C83
00450513
019AF4B3
000A2203
00920863
0B4042EF
800014A8
8000A5E0
004A0A13
00052A83
00450513
00052983
00450513
013AFFB3
000A2203
01F20863
088042EF
800014D4
8000A61D
004A0A13
00052D03
00450513
00052D83
00450513
01BD7BB3
000A2203
01720863
05C042EF
80001500
8000A65A
004A0A13
00052603
00450513
00052A83
00450513
015678B3
000A2203
01120863
030042EF
8000152C
8000A697
004A0A13
00052D03
00450513
00052783
00450513
00FD7EB3
000A2203
01D20863
004042EF
80001558
8000A6D4
004A0A13
00052683
00450513
00052B03
00450513
0166FFB3
000A2203
01F20863
7D9032EF
80001584
8000A721
004A0A13
00052303
00450513
00052583
00450513
00B373B3
000A2203
00720863
7AD032EF
800015B0
8000A76E
004A0A13
00052B83
00450513
00052683
00450513
00DBF5B3
000A2203
00B20863
781032EF
800015DC
8000A7BB
004A0A13
00052083
00450513
00052183
00450513
0030F5B3
000A2203
00B20863
755032EF
80001608
8000A80F
004A0A13
00052E03
00450513
00052783
00450513
00FE7133
000A2203
00220863
729032EF
80001634
8000A863
004A0A13
00052D03
00450513
00052183
00450513
003D7DB3
000A2203
01B20863
6FD032EF
80001660
8000A8B7
004A0A13
00052783
00450513
00052183
00450513
0037FFB3
000A2203
01F20863
6D1032EF
8000168C
8000A90B
004A0A13
00052B83
00450513
00052083
00450513
001BF8B3
000A2203
01120863
6A5032EF
800016B8
8000A95F
004A0A13
00052B03
00450513
00052183
00450513
003B7AB3
000A2203
01520863
679032EF
800016E4
8000A9B3
004A0A13
00052183
00450513
00052483
00450513
0091FB33
000A2203
01620863
64D032EF
80001710
8000AA07
004A0A13
00052F83
00450513
00052583
00450513
00BFF0B3
000A2203
00120863
621032EF
8000173C
8000AA5B
004A0A13
00052E83
00450513
00052103
00450513
002EFAB3
000A2203
01520863
5F5032EF
80001768
8000AAAF
004A0A13
00052483
00450513
00052F03
00450513
01E4FAB3
000A2203
01520863
5C9032EF
80001794
8000AAFC
004A0A13
00052E03
00450513
00052D03
00450513
01AE7CB3
000A2203
01920863
59D032EF
800017C0
8000AB49
004A0A13
00052C03
00450513
00052403
00450513
008C71B3
000A2203
00320863
571032EF
800017EC
8000AB96
004A0A13
00052703
00450513
00052D03
00450513
01A77AB3
000A2203
01520863
545032EF
80001818
8000ABEA
004A0A13
00052B03
00450513
00052A83
00450513
015B75B3
000A2203
00B20863
519032EF
80001844
8000AC3E
004A0A13
00052683
00450513
00052583
00450513
00B6F133
000A2203
00220863
4ED032EF
80001870
8000AC92
004A0A13
00052C03
00450513
00052983
00450513
013C77B3
000A2203
00F20863
4C1032EF
8000189C
8000ACE6
004A0A13
00052A83
00450513
00052483
00450513
009AFFB3
000A2203
01F20863
495032EF
800018C8
8000AD3A
004A0A13
00052783
00450513
00052C83
00450513
0197FE33
000A2203
01C20863
469032EF
800018F4
8000AD8E
004A0A13
00052103
00450513
00052E03
00450513
01C17FB3
000A2203
01F20863
43D032EF
80001920
8000ADE2
004A0A13
00052103
00450513
00052D83
00450513
01B17B33
000A2203
01620863
411032EF
8000194C
8000AE36
004A0A13
00052A83
00450513
00052083
00450513
001AFC33
000A2203
01820863
3E5032EF
80001978
8000AE8A
004A0A13
00052983
00450513
00052703
00450513
00E9FFB3
000A2203
01F20863
3B9032EF
800019A4
8000AED7
004A0A13
00052E83
00450513
00052803
00450513
010EF1B3
000A2203
00320863
38D032EF
800019D0
8000AF24
004A0A13
00052C03
00450513
00052983
00450513
013C71B3
000A2203
00320863
361032EF
800019FC
8000AF71
004A0A13
00052403
00450513
00052603
00450513
00C470B3
000A2203
00120863
335032EF
80001A28
8000AFC5
004A0A13
00052E83
00450513
00052803
00450513
010EF933
000A2203
01220863
309032EF
80001A54
8000B019
004A0A13
00052683
00450513
00052883
00450513
0116F933
000A2203
01220863
2DD032EF
80001A80
8000B06D
004A0A13
00052D03
00450513
00052703
00450513
00ED7F33
000A2203
01E20863
2B1032EF
80001AAC
8000B0C1
004A0A13
00052883
00450513
00052C83
00450513
0198F833
000A2203
01020863
285032EF
80001AD8
8000B115
004A0A13
00052403
00450513
00052903
00450513
01247833
000A2203
01020863
259032EF
80001B04
8000B169
004A0A13
00052D83
00450513
00052F03
00450513
01EDF133
000A2203
00220863
22D032EF
80001B30
8000B1BD
004A0A13
00052803
00450513
00052E83
00450513
01D873B3
000A2203
00720863
201032EF
80001B5C
8000B211
004A0A13
00052483
00450513
00052D83
00450513
01B4F733
000A2203
00E20863
1D5032EF
80001B88
8000B265
004A0A13
00052703
00450513
00052D83
00450513
01B773B3
000A2203
00720863
1A9032EF
80001BB4
8000B2B9
004A0A13
00052A83
00450513
00052703
00450513
00EAF333
000A2203
00620863
17D032EF
80001BE0
8000B30D
004A0A13
00052183
00450513
00052383
00450513
0071FBB3
000A2203
01720863
151032EF
80001C0C
8000B361
004A0A13
00052E83
00450513
00052F83
00450513
01FEFDB3
000A2203
01B20863
125032EF
80001C38
8000B3BC
004A0A13
00052E03
00450513
00052083
00450513
001E7BB3
000A2203
01720863
0F9032EF
80001C64
8000B417
004A0A13
00052903
00450513
00052603
00450513
00C97DB3
000A2203
01B20863
0CD032EF
80001C90
8000B472
004A0A13
00052703
00450513
00052183
00450513
00377F33
000A2203
01E20863
0A1032EF
80001CBC
8000B4CD
004A0A13
00052E83
00450513
00052483
00450513
009EF333
000A2203
00620863
075032EF
80001CE8
8000B528
004A0A13
00052C03
00450513
00052603
00450513
00CC71B3
000A2203
00320863
049032EF
80001D14
8000B583
004A0A13
00052F03
00450513
00052A83
00450513
015F7133
000A2203
00220863
01D032EF
80001D40
8000B5DE
004A0A13
00052803
00450513
00052103
00450513
002874B3
000A2203
00920863
7F0032EF
80001D6C
8000B639
004A0A13
00052783
00450513
00052D03
00450513
01A7FEB3
000A2203
01D20863
7C4032EF
80001D98
8000B694
004A0A13
00052C03
00450513
00052E03
00450513
01CC7833
000A2203
01020863
798032EF
80001DC4
8000B6E8
004A0A13
00052583
00450513
00052803
00450513
0105F933
000A2203
01220863
76C032EF
80001DF0
8000B73C
004A0A13
00052583
00450513
00052D83
00450513
01B5FBB3
000A2203
01720863
740032EF
80001E1C
8000B790
004A0A13
00052E03
00450513
00052303
00450513
006E7833
000A2203
01020863
714032EF
80001E48
8000B7EB
004A0A13
00052183
00450513
00052103
00450513
0021FC33
000A2203
01820863
6E8032EF
80001E74
8000B846
004A0A13
00052B83
00450513
00052B03
00450513
016BF733
000A2203
00E20863
6BC032EF
80001EA0
8000B8A1
004A0A13
00052803
00450513
00052883
00450513
011876B3
000A2203
00D20863
690032EF
80001ECC
8000B8FC
004A0A13
00052103
00450513
00052C83
00450513
01917BB3
000A2203
01720863
664032EF
80001EF8
8000B957
004A0A13
00052383
00450513
00052B83
00450513
0173FCB3
000A2203
01920863
638032EF
80001F24
8000B9B2
004A0A13
00052103
00450513
00052A83
00450513
01517333
000A2203
00620863
60C032EF
80001F50
8000BA0D
004A0A13
00052D83
00450513
00052083
00450513
001DFAB3
000A2203
01520863
5E0032EF
80001F7C
8000BA68
004A0A13
00052583
00450513
00052383
00450513
0075F4B3
000A2203
00920863
5B4032EF
80001FA8
8000BAC3
004A0A13
00052C83
00450513
00052583
00450513
00BCF4B3
000A2203
00920863
588032EF
80001FD4
8000BB17
004A0A13
00052F83
00450513
00052103
00450513
002FFCB3
000A2203
01920863
55C032EF
80002000
8000BB6B
004A0A13
00052683
00450513
00052F83
00450513
01F6F1B3
000A2203
00320863
530032EF
8000202C
8000BBBF
004A0A13
00052683
00450513
00052C03
00450513
0186FB33
000A2203
01620863
504032EF
80002058
8000BC1A
004A0A13
00052F83
00450513
00052F03
00450513
01EFFDB3
000A2203
01B20863
4D8032EF
80002084
8000BC75
004A0A13
00052303
00450513
00052583
00450513
00B379B3
000A2203
01320863
4AC032EF
800020B0
8000BCD0
004A0A13
00052603
00450513
00052103
00450513
00267933
000A2203
01220863
480032EF
800020DC
8000BD2B
004A0A13
00052303
00450513
00052383
00450513
00737CB3
000A2203
01920863
454032EF
80002108
8000BD86
004A0A13
00052903
00450513
00052703
00450513
00E974B3
000A2203
00920863
428032EF
80002134
8000BDE1
004A0A13
00052A83
00450513
00052403
00450513
008AF833
000A2203
01020863
3FC032EF
80002160
8000BE3C
004A0A13
00052F03
00450513
00052E03
00450513
01CF7733
000A2203
00E20863
3D0032EF
8000218C
8000BE97
004A0A13
00052F03
00450513
00052583
00450513
00BF79B3
000A2203
01320863
3A4032EF
800021B8
8000BEF2
004A0A13
00052E83
00450513
00052583
00450513
00BEF1B3
000A2203
00320863
378032EF
800021E4
8000BF46
004A0A13
00052083
00450513
00052483
00450513
0090FE33
000A2203
01C20863
34C032EF
80002210
8000BF9A
004A0A13
00052C83
00450513
00052C03
00450513
018CF8B3
000A2203
01120863
320032EF
8000223C
8000BFEE
004A0A13
00052983
00450513
00052183
00450513
0039F833
000A2203
01020863
2F4032EF
80002268
8000C049
004A0A13
00052B83
00450513
00052083
00450513
001BF1B3
000A2203
00320863
2C8032EF
80002294
8000C0A4
004A0A13
00052B03
00450513
00052D03
00450513
01AB73B3
000A2203
00720863
29C032EF
800022C0
8000C0FF
004A0A13
00052683
00450513
00052B03
00450513
0166FEB3
000A2203
01D20863
270032EF
800022EC
8000C15A
004A0A13
00052B83
00450513
00052B03
00450513
016BFE33
000A2203
01C20863
244032EF
80002318
8000C1B5
004A0A13
00052E03
00450513
00052903
00450513
012E70B3
000A2203
00120863
218032EF
80002344
8000C210
004A0A13
00052E83
00450513
00052C83
00450513
019EF933
000A2203
01220863
1EC032EF
80002370
8000C26B
004A0A13
00052683
00450513
00052703
00450513
00E6FCB3
000A2203
01920863
1C0032EF
8000239C
8000C2C6
004A0A13
00052C03
00450513
00052D83
00450513
01BC75B3
000A2203
00B20863
194032EF
800023C8
8000C321
004A0A13
00052F83
00450513
00052B03
00450513
016FF333
000A2203
00620863
168032EF
800023F4
8000C375
004A0A13
00052603
00450513
00052303
00450513
00667EB3
000A2203
01D20863
13C032EF
80002420
8000C3C9
004A0A13
00052603
00450513
00052903
00450513
01267F33
000A2203
01E20863
110032EF
8000244C
8000C41D
004A0A13
00052803
00450513
00052D03
00450513
01A87133
000A2203
00220863
0E4032EF
80002478
8000C478
004A0A13
00052783
00450513
00052183
00450513
0037FEB3
000A2203
01D20863
0B8032EF
800024A4
8000C4D3
004A0A13
00052983
00450513
00052A83
00450513
0159F4B3
000A2203
00920863
08C032EF
800024D0
8000C52E
004A0A13
00052483
00450513
00052E03
00450513
01C4FBB3
000A2203
01720863
060032EF
800024FC
8000C589
004A0A13
00052083
00450513
00052703
00450513
00E0FAB3
000A2203
01520863
034032EF
80002528
8000C5E4
004A0A13
00052783
00450513
00052D83
00450513
01B7F9B3
000A2203
01320863
008032EF
80002554
8000C63F
004A0A13
00052A83
00450513
00052103
00450513
002AFB33
000A2203
01620863
7DD022EF
80002580
8000C69A
004A0A13
00052783
00450513
00052603
00450513
00C7FC33
000A2203
01820863
7B1022EF
800025AC
8000C6F5
004A0A13
00052C03
00450513
00052B03
00450513
016C7CB3
000A2203
01920863
785022EF
800025D8
8000C750
004A0A13
00052383
00450513
00052403
00450513
0083FF33
000A2203
01E20863
759022EF
80002604
8000C7A4
004A0A13
00052983
00450513
00052483
00450513
0099F5B3
000A2203
00B20863
72D022EF
80002630
8000C7F8
004A0A13
00052583
00450513
00052603
00450513
00C5FAB3
000A2203
01520863
701022EF
8000265C
8000C84C
004A0A13
00052303
00450513
00052903
00450513
01237F33
000A2203
01E20863
6D5022EF
80002688
8000C8A7
004A0A13
00052883
00450513
00052403
00450513
0088F133
000A2203
00220863
6A9022EF
800026B4
8000C902
004A0A13
00052C83
00450513
00052783
00450513
00FCF433
000A2203
00820863
67D022EF
800026E0
8000C95D
004A0A13
00052083
00450513
00052303
00450513
0060F833
000A2203
01020863
651022EF
8000270C
8000C9B8
004A0A13
00052C03
00450513
00052103
00450513
002C7BB3
000A2203
01720863
625022EF
80002738
8000CA13
004A0A13
00052E83
00450513
00052B03
00450513
016EF0B3
000A2203
00120863
5F9022EF
80002764
8000CA6E
004A0A13
00052B03
00450513
00052483
00450513
009B77B3
000A2203
00F20863
5CD022EF
80002790
8000CAC9
004A0A13
00052C03
00450513
00052583
00450513
00BC7F33
000A2203
01E20863
5A1022EF
800027BC
8000CB24
004A0A13
00052483
00450513
00052383
00450513
0074FB33
000A2203
01620863
575022EF
800027E8
8000CB7F
004A0A13
00052E83
00450513
00052E03
00450513
01CEF7B3
000A2203
00F20863
549022EF
80002814
8000CBD3
004A0A13
00052783
00450513
00052F03
00450513
01E7F9B3
000A2203
01320863
51D022EF
80002840
8000CC27
004A0A13
00052983
00450513
00052883
00450513
0119F1B3
000A2203
00320863
4F1022EF
8000286C
8000CC7B
004A0A13
00052703
00450513
00052A83
00450513
015773B3
000A2203
00720863
4C5022EF
80002898
8000CCD6
004A0A13
00052F83
00450513
00052E03
00450513
01CFFF33
000A2203
01E20863
499022EF
800028C4
8000CD31
004A0A13
00052A83
00450513
00052B03
00450513
016AF133
000A2203
00220863
46D022EF
800028F0
8000CD8C
004A0A13
00052103
00450513
00052603
00450513
00C17BB3
000A2203
01720863
441022EF
8000291C
8000CDE7
004A0A13
00052183
00450513
00052103
00450513
0021F9B3
000A2203
01320863
415022EF
80002948
8000CE42
004A0A13
00052D83
00450513
00052183
00450513
003DF5B3
000A2203
00B20863
3E9022EF
80002974
8000CE9D
004A0A13
00052603
00450513
00052B03
00450513
01667EB3
000A2203
01D20863
3BD022EF
800029A0
8000CEF8
004A0A13
00052983
00450513
00052D83
00450513
01B9FBB3
000A2203
01720863
391022EF
800029CC
8000CF53
004A0A13
00052F83
00450513
00052D03
00450513
01AFF6B3
000A2203
00D20863
365022EF
800029F8
8000CFAE
004A0A13
00052E03
00450513
00052E83
00450513
01DE76B3
000A2203
00D20863
339022EF
80002A24
8000D002
004A0A13
00052583
00450513
00052D83
00450513
01B5FC33
000A2203
01820863
30D022EF
80002A50
8000D056
004A0A13
00052903
00450513
00052683
00450513
00D974B3
000A2203
00920863
2E1022EF
80002A7C
8000D0AA
004A0A13
00052883
00450513
00052C83
00450513
0198FFB3
000A2203
01F20863
2B5022EF
80002AA8
8000D105
004A0A13
00052603
00450513
00052E03
00450513
01C67CB3
000A2203
01920863
289022EF
80002AD4
8000D160
004A0A13
00052C03
00450513
00052D03
00450513
01AC73B3
000A2203
00720863
25D022EF
80002B00
8000D1BB
004A0A13
00052D03
00450513
00052D83
00450513
01BD7133
000A2203
00220863
231022EF
80002B2C
8000D216
004A0A13
00052F03
00450513
00052303
00450513
006F74B3
000A2203
00920863
205022EF
80002B58
8000D271
004A0A13
00052A83
00450513
00052B03
00450513
016AF3B3
000A2203
00720863
1D9022EF
80002B84
8000D2CC
004A0A13
00052D03
00450513
00052583
00450513
00BD7FB3
000A2203
01F20863
1AD022EF
80002BB0
8000D327
004A0A13
00052F03
00450513
00052E03
00450513
01CF7733
000A2203
00E20863
181022EF
80002BDC
8000D382
004A0A13
00052303
00450513
00052E83
00450513
01D37633
000A2203
00C20863
155022EF
80002C08
8000D3DD
004A0A13
00052703
00450513
00052883
00450513
01177F33
000A2203
01E20863
129022EF
80002C34
8000D431
004A0A13
00052403
00450513
00052603
00450513
00C47FB3
000A2203
01F20863
0FD022EF
80002C60
8000D485
004A0A13
00052983
00450513
00052B03
00450513
0169F5B3
000A2203
00B20863
0D1022EF
80002C8C
8000D4D9
004A0A13
00052983
00450513
00052683
00450513
00D9F4B3
000A2203
00920863
0A5022EF
80002CB8
8000D534
004A0A13
00052B03
00450513
00052E83
00450513
01DB7E33
000A2203
01C20863
079022EF
80002CE4
8000D58F
004A0A13
00052E83
00450513
00052103
00450513
002EFC33
000A2203
01820863
04D022EF
80002D10
8000D5EA
004A0A13
00052C83
00450513
00052E83
00450513
01DCF9B3
000A2203
01320863
021022EF
80002D3C
8000D645
004A0A13
00052903
00450513
00052E03
00450513
01C97333
000A2203
00620863
7F4022EF
80002D68
8000D6A0
004A0A13
00052C03
00450513
00052B83
00450513
017C7AB3
000A2203
01520863
7C8022EF
80002D94
8000D6FB
004A0A13
00052783
00450513
00052583
00450513
00B7F133
000A2203
00220863
79C022EF
80002DC0
8000D756
004A0A13
00052403
00450513
00052C83
00450513
01947FB3
000A2203
01F20863
770022EF
80002DEC
8000D7B1
004A0A13
00052003
00450513
00052003
00450513
00007E33
000A2203
01C20863
744022EF
80002E18
8000D80C
004A0A13
00052083
00450513
00052083
00450513
0010F8B3
000A2203
01120863
718022EF
80002E44
8000D840
004A0A13
00052103
00450513
00052103
00450513
00217CB3
000A2203
01920863
6EC022EF
80002E70
8000D874
004A0A13
00052183
00450513
00052183
00450513
0031FFB3
000A2203
01F20863
6C0022EF
80002E9C
8000D8A8
004A0A13
00020693
00028713
00052203
00450513
00052203
00450513
00427FB3
000A2683
01F68863
6CC0276F
80002ED0
8000D8DC
004A0A13
00052283
00450513
00052283
00450513
0052F333
000A2683
00668863
6A00276F
80002EFC
8000D910
004A0A13
00052303
00450513
00052303
00450513
00637AB3
000A2683
01568863
6740276F
80002F28
8000D944
004A0A13
00052383
00450513
00052383
00450513
0073FAB3
000A2683
01568863
6480276F
80002F54
8000D978
004A0A13
00052403
00450513
00052403
00450513
00847BB3
000A2683
01768863
61C0276F
80002F80
8000D9AC
004A0A13
00052483
00450513
00052483
00450513
0094F1B3
000A2683
00368863
5F00276F
80002FAC
8000D9E0
004A0A13
00050F13
000F2503
004F0F13
000F2503
004F0F13
00A578B3
000A2683
01168863
5C00276F
80002FDC
8000DA14
004A0A13
000F2583
004F0F13
000F2583
004F0F13
00B5F4B3
000A2683
00968863
5940276F
80003008
8000DA49
004A0A13
000F2603
004F0F13
000F2603
004F0F13
00C67D33
000A2683
01A68863
5680276F
80003034
8000DA7E
004A0A13
00068213
00070293
000F2683
004F0F13
000F2683
004F0F13
00D6F533
000A2203
00A20863
4F4022EF
80003068
8000DAB3
004A0A13
000F2703
004F0F13
000F2703
004F0F13
00E77633
000A2203
00C20863
4C8022EF
80003094
8000DAE8
004A0A13
000F2783
004F0F13
000F2783
004F0F13
00F7F9B3
000A2203
01320863
49C022EF
800030C0
8000DB1D
004A0A13
000F2803
004F0F13
000F2803
004F0F13
010877B3
000A2203
00F20863
470022EF
800030EC
8000DB52
004A0A13
000F2883
004F0F13
000F2883
004F0F13
0118FD33
000A2203
01A20863
444022EF
80003118
8000DB87
004A0A13
000F2903
004F0F13
000F2903
004F0F13
01297EB3
000A2203
01D20863
418022EF
80003144
8000DBBC
004A0A13
000F2983
004F0F13
000F2983
004F0F13
0139FFB3
000A2203
01F20863
3EC022EF
80003170
8000DBF1
004A0A13
000A0D13
000F2A03
004F0F13
000F2A03
004F0F13
014A70B3
000D2203
00120863
3BC022EF
800031A0
8000DC26
004D0D13
000F2A83
004F0F13
000F2A83
004F0F13
015AF9B3
000D2203
01320863
390022EF
800031CC
8000DC5B
004D0D13
000F2B03
004F0F13
000F2B03
004F0F13
016B78B3
000D2203
01120863
364022EF
800031F8
8000DC90
004D0D13
000F2B83
004F0F13
000F2B83
004F0F13
017BF133
000D2203
00220863
338022EF
80003224
8000DCC5
004D0D13
000F2C03
004F0F13
000F2C03
004F0F13
018C7333
000D2203
00620863
30C022EF
80003250
8000DCFA
004D0D13
000F2C83
004F0F13
000F2C83
004F0F13
019CF1B3
000D2203
00320863
2E0022EF
8000327C
8000DD2F
004D0D13
000D0113
000F2D03
004F0F13
000F2D03
004F0F13
01AD7833
00012203
01020863
2B0022EF
800032AC
8000DD64
00410113
000F2D83
004F0F13
000F2D83
004F0F13
01BDF9B3
00012203
01320863
284022EF
800032D8
8000DD99
00410113
000F2E03
004F0F13
000F2E03
004F0F13
01CE7A33
00012203
01420863
258022EF
80003304
8000DDCE
00410113
000F2E83
004F0F13
000F2E83
004F0F13
01DEF8B3
00012203
01120863
22C022EF
80003330
8000DE03
00410113
000F0793
0007AF03
00478793
0007AF03
00478793
01EF71B3
00012203
00320863
1FC022EF
80003360
8000DE38
00410113
0007AF83
00478793
0007AF83
00478793
01FFFB33
00012203
01620863
1D0022EF
8000338C
8000DE6D
00410113
0007A003
00478793
0007AD03
00478793
01A07033
00012203
00020863
1A4022EF
800033B8
8000DEA2
00410113
0007A083
00478793
0007AF03
00478793
01E0F0B3
00012203
00120863
178022EF
800033E4
8000DED5
00410113
00010593
0007A103
00478793
0007A003
00478793
00017133
0005A203
00220863
148022EF
80003414
8000DF08
00458593
0007A183
00478793
0007AA83
00478793
0151F1B3
0005A203
00320863
11C022EF
80003440
8000DF3B
00458593
00020393
00028413
0007A203
00478793
0007AC83
00478793
01927233
0005A383
00438863
1000246F
80003474
8000DF6E
00458593
0007A283
00478793
0007A683
00478793
00D2F2B3
0005A383
00538863
0D40246F
800034A0
8000DFA1
00458593
0007A303
00478793
0007AC83
00478793
01937333
0005A383
00638863
0A80246F
800034CC
8000DFD4
00458593
00038693
00040713
0007A383
00478793
0007A303
00478793
0063F3B3
0005A683
00768863
09C0276F
80003500
8000E007
00458593
0007A403
00478793
0007A903
00478793
01247433
0005A683
00868863
0700276F
8000352C
8000E03A
00458593
0007A483
00478793
0007A503
00478793
00A4F4B3
0005A683
00968863
0440276F
80003558
8000E06D
00458593
0007A503
00478793
0007A003
00478793
00057533
0005A683
00A68863
0180276F
80003584
8000E0A0
00458593
00058913
0007A583
00478793
0007A183
00478793
0035F5B3
00092683
00B68863
7E90176F
800035B4
8000E0D4
00490913
0007A603
00478793
0007AA83
00478793
01567633
00092683
00C68863
7BD0176F
800035E0
8000E108
00490913
00068393
00070413
0007A683
00478793
0007A083
00478793
0016F6B3
00092383
00D38863
7610146F
80003614
8000E13C
00490913
0007A703
00478793
0007A103
00478793
00277733
00092383
00E38863
7350146F
80003640
8000E170
00490913
00078893
0008A783
00488893
0008AD83
00488893
01B7F7B3
00092383
00F38863
7050146F
80003670
8000E1A4
00490913
0008A803
00488893
0008A783
00488893
00F87833
00092383
01038863
6D90146F
8000369C
8000E1D8
00490913
00088A93
000AA883
004A8A93
000AA003
004A8A93
0008F8B3
00092383
01138863
6A90146F
800036CC
8000E20C
00490913
00090B93
000AA903
004A8A93
000AA703
004A8A93
00E97933
000BA383
01238863
6790146F
800036FC
8000E240
004B8B93
000AA983
004A8A93
000AAF83
004A8A93
01F9F9B3
000BA383
01338863
64D0146F
80003728
8000E274
004B8B93
000AAA03
004A8A93
000AA783
004A8A93
00FA7A33
000BA383
01438863
6210146F
80003754
8000E2A8
004B8B93
000A8E13
000E2A83
004E0E13
000E2C03
004E0E13
018AFAB3
000BA383
01538863
5F10146F
80003784
8000E2DC
004B8B93
000E2B03
004E0E13
000E2703
004E0E13
00EB7B33
000BA383
01638863
5C50146F
800037B0
8000E310
004B8B93
000B8513
000E2B83
004E0E13
000E2E83
004E0E13
01DBFBB3
00052383
01738863
5950146F
800037E0
8000E344
00450513
000E2C03
004E0E13
000E2D83
004E0E13
01BC7C33
00052383
01838863
5690146F
8000380C
8000E378
00450513
000E2C83
004E0E13
000E2F83
004E0E13
01FCFCB3
00052383
01938863
53D0146F
80003838
8000E3AC
00450513
000E2D03
004E0E13
000E2983
004E0E13
013D7D33
00052383
01A38863
5110146F
80003864
8000E3E0
00450513
000E2D83
004E0E13
000E2783
004E0E13
00FDFDB3
00052383
01B38863
4E50146F
80003890
8000E414
00450513
000E0A13
000A2E03
004A0A13
000A2103
004A0A13
002E7E33
00052383
01C38863
4B50146F
800038C0
8000E448
00450513
000A2E83
004A0A13
000A2203
004A0A13
004EFEB3
00052383
01D38863
4890146F
800038EC
8000E47C
00450513
000A2F03
004A0A13
000A2E03
004A0A13
01CF7F33
00052383
01E38863
45D0146F
80003918
8000E4B0
00450513
000A2F83
004A0A13
000A2C83
004A0A13
019FFFB3
00052383
01F38863
4310146F
80003944
8000E4E4
00450513
000A2203
004A0A13
000A2003
004A0A13
00027033
00052383
00038863
4050146F
80003970
8000E518
00450513
000A2683
004A0A13
000A2083
004A0A13
0016F0B3
00052383
00138863
3D90146F
8000399C
8000E54B
00450513
000A2D03
004A0A13
000A2103
004A0A13
002D7133
00052383
00238863
3AD0146F
800039C8
8000E57E
00450513
000A2C03
004A0A13
000A2183
004A0A13
003C71B3
00052383
00338863
3810146F
800039F4
8000E5B1
00450513
000A2B83
004A0A13
000A2203
004A0A13
004BF233
00052383
00438863
3550146F
80003A20
8000E5E4
00450513
000A2103
004A0A13
000A2283
004A0A13
005172B3
00052383
00538863
3290146F
80003A4C
8000E617
00450513
000A2A83
004A0A13
000A2303
004A0A13
006AF333
00052383
00638863
2FD0146F
80003A78
8000E64A
00450513
00038213
00040293
000A2783
004A0A13
000A2383
004A0A13
0077F3B3
00052203
00720863
2B1012EF
80003AAC
8000E67D
00450513
000A2F03
004A0A13
000A2403
004A0A13
008F7433
00052203
00820863
285012EF
80003AD8
8000E6B0
00450513
000A2083
004A0A13
000A2483
004A0A13
0090F4B3
00052203
00920863
259012EF
80003B04
8000E6E3
00450513
00050B93
000A2883
004A0A13
000A2503
004A0A13
00A8F533
000BA203
00A20863
229012EF
80003B34
8000E716
004B8B93
000A2683
004A0A13
000A2583
004A0A13
00B6F5B3
000BA203
00B20863
1FD012EF
80003B60
8000E74A
004B8B93
000A2D83
004A0A13
000A2603
004A0A13
00CDF633
000BA203
00C20863
1D1012EF
80003B8C
8000E77E
004B8B93
000A2483
004A0A13
000A2683
004A0A13
00D4F6B3
000BA203
00D20863
1A5012EF
80003BB8
8000E7B2
004B8B93
000A2983
004A0A13
000A2703
004A0A13
00E9F733
000BA203
00E20863
179012EF
80003BE4
8000E7E6
004B8B93
000A2603
004A0A13
000A2783
004A0A13
00F677B3
000BA203
00F20863
14D012EF
80003C10
8000E81A
004B8B93
000A2183
004A0A13
000A2803
004A0A13
0101F833
000BA203
01020863
121012EF
80003C3C
8000E84E
004B8B93
000A2A83
004A0A13
000A2883
004A0A13
011AF8B3
000BA203
01120863
0F5012EF
80003C68
8000E882
004B8B93
000A2883
004A0A13
000A2903
004A0A13
0128F933
000BA203
01220863
0C9012EF
80003C94
8000E8B6
004B8B93
000A2E83
004A0A13
000A2983
004A0A13
013EF9B3
000BA203
01320863
09D012EF
80003CC0
8000E8EA
004B8B93
000A0813
00082E03
00480813
00082A03
00480813
014E7A33
000BA203
01420863
06D012EF
80003CF0
8000E91E
004B8B93
00082683
00480813
00082A83
00480813
0156FAB3
000BA203
01520863
041012EF
80003D1C
8000E952
004B8B93
00082C83
00480813
00082B03
00480813
016CFB33
000BA203
01620863
015012EF
80003D48
8000E986
004B8B93
000B8913
00082703
00480813
00082B83
00480813
01777BB3
00092203
01720863
7E4012EF
80003D78
8000E9BA
00490913
00082E03
00480813
00082C03
00480813
018E7C33
00092203
01820863
7B8012EF
80003DA4
8000E9EE
00490913
00082603
00480813
00082C83
00480813
01967CB3
00092203
01920863
78C012EF
80003DD0
8000EA22
00490913
00082A03
00480813
00082D03
00480813
01AA7D33
00092203
01A20863
760012EF
80003DFC
8000EA56
00490913
00082D03
00480813
00082D83
00480813
01BD7DB3
00092203
01B20863
734012EF
80003E28
8000EA8A
00490913
00082303
00480813
00082E03
00480813
01C37E33
00092203
01C20863
708012EF
80003E54
8000EABE
00490913
00082883
00480813
00082E83
00480813
01D8FEB3
00092203
01D20863
6DC012EF
80003E80
8000EAF2
00490913
00082103
00480813
00082F03
00480813
01E17F33
00092203
01E20863
6B0012EF
80003EAC
8000EB26
00490913
00082103
00480813
00082F83
00480813
01F17FB3
00092203
01F20863
684012EF
80003ED8
8000EB5A
00490913
00082003
00480813
00082003
00480813
00007033
00092203
00020863
658012EF
80003F04
8000EB8E
00490913
00082083
00480813
00082083
00480813
0010F0B3
00092203
00120863
62C012EF
80003F30
8000EBC5
00490913
00082103
00480813
00082103
00480813
00217133
00092203
00220863
600012EF
80003F5C
8000EBFC
00490913
00082183
00480813
00082183
00480813
0031F1B3
00092203
00320863
5D4012EF
80003F88
8000EC33
00490913
00020393
00028413
00082203
00480813
00082203
00480813
00427233
00092383
00438863
5B80146F
80003FBC
8000EC6A
00490913
00082283
00480813
00082283
00480813
0052F2B3
00092383
00538863
58C0146F
80003FE8
8000ECA1
00490913
00082303
00480813
00082303
00480813
00637333
00092383
00638863
5600146F
80004014
8000ECD8
00490913
00038693
00040713
00082383
00480813
00082383
00480813
0073F3B3
00092683
00768863
5540176F
80004048
8000ED0F
00490913
00082403
00480813
00082403
00480813
00847433
00092683
00868863
5280176F
80004074
8000ED46
00490913
00082483
00480813
00082483
00480813
0094F4B3
00092683
00968863
4FC0176F
800040A0
8000ED7D
00490913
00082503
00480813
00082503
00480813
00A57533
00092683
00A68863
4D00176F
800040CC
8000EDB4
00490913
00082583
00480813
00082583
00480813
00B5F5B3
00092683
00B68863
4A40176F
800040F8
8000EDEC
00490913
00082603
00480813
00082603
00480813
00C67633
00092683
00C68863
4780176F
80004124
8000EE24
00490913
00068213
00070293
00082683
00480813
00082683
00480813
00D6F6B3
00092203
00D20863
404012EF
80004158
8000EE5C
00490913
00082703
00480813
00082703
00480813
00E77733
00092203
00E20863
3D8012EF
80004184
8000EE94
00490913
00082783
00480813
00082783
00480813
00F7F7B3
00092203
00F20863
3AC012EF
800041B0
8000EECC
00490913
00080A93
000AA803
004A8A93
000AA803
004A8A93
01087833
00092203
01020863
37C012EF
800041E0
8000EF04
00490913
000AA883
004A8A93
000AA883
004A8A93
0118F8B3
00092203
01120863
350012EF
8000420C
8000EF3C
00490913
00090E93
000AA903
004A8A93
000AA903
004A8A93
01297933
000EA203
01220863
320012EF
8000423C
8000EF74
004E8E93
000AA983
004A8A93
000AA983
004A8A93
0139F9B3
000EA203
01320863
2F4012EF
80004268
8000EFAC
004E8E93
000AAA03
004A8A93
000AAA03
004A8A93
014A7A33
000EA203
01420863
2C8012EF
80004294
8000EFE4
004E8E93
000A8C93
000CAA83
004C8C93
000CAA83
004C8C93
015AFAB3
000EA203
01520863
298012EF
800042C4
8000F01C
004E8E93
000CAB03
004C8C93
000CAB03
004C8C93
016B7B33
000EA203
01620863
26C012EF
800042F0
8000F054
004E8E93
000CAB83
004C8C93
000CAB83
004C8C93
017BFBB3
000EA203
01720863
240012EF
8000431C
8000F08C
004E8E93
000CAC03
004C8C93
000CAC03
004C8C93
018C7C33
000EA203
01820863
214012EF
80004348
8000F0C4
004E8E93
000C8D13
000D2C83
004D0D13
000D2C83
004D0D13
019CFCB3
000EA203
01920863
1E4012EF
80004378
8000F0FC
004E8E93
000D0093
0000AD03
00408093
0000AD03
00408093
01AD7D33
000EA203
01A20863
1B4012EF
800043A8
8000F134
004E8E93
0000AD83
00408093
0000AD83
00408093
01BDFDB3
000EA203
01B20863
188012EF
800043D4
8000F16C
004E8E93
0000AE03
00408093
0000AE03
00408093
01CE7E33
000EA203
01C20863
15C012EF
80004400
8000F1A4
004E8E93
000E8A93
0000AE83
00408093
0000AE83
00408093
01DEFEB3
000AA203
01D20863
12C012EF
80004430
8000F1DC
004A8A93
0000AF03
00408093
0000AF03
00408093
01EF7F33
000AA203
01E20863
100012EF
8000445C
8000F214
004A8A93
0000AF83
00408093
0000AF83
00408093
01FFFFB3
000AA203
01F20863
0D4012EF
80004488
8000F24C
004A8A93
000A8113
00000513
00000073
FFF00513
1D800413
34002373
23832383
23C32483
22032383
25032483
34049073
24832483
305493F3
FFC4F493
FFC3F393
00749E63
00030493
0004A783
00F3A023
00438393
00448493
FE83C8E3
00000013
00000497
29048493
00000013
00000013
00000013
00000013
00000013
00000013
10E49863
00000013
00000013
00000013
00000013
00000013
00000013
00000013
0000B517
3CA50513
00000013
00000013
00000013
00000013
00000013
00000013
0003D097
064080E7
00000013
00000013
00000013
00000013
00000013
00000013
0000B517
3BF50513
00000013
00000013
00000013
00000013
00000013
00000013
0003D097
024080E7
00000013
00000013
00000013
00000013
00000013
00000013
0000B517
3DF50513
00000013
00000013
00000013
00000013
00000013
00000013
0003D097
FE4080E7
00000013
00000013
00000013
00000013
00000013
00000013
0000C517
F4A50513
00000013
00000013
00000013
00000013
00000013
00000013
0003D097
FA4080E7
0003D097
00C080E7
00000013
00000013
00000013
00000013
00004317
CE830313
00000013
00000013
00000013
00000013
00000013
00000013
00032303
00000013
00000013
00000013
00000013
00000013
00000013
00000013
0000D397
FA838393
00000013
00000013
00000013
00000013
00000013
00000013
40730333
00000013
00000013
00000013
00000013
00000013
00000013
00000013
0000D417
F6040413
00000013
00000013
00000013
00000013
00000013
00000013
00042203
00620863
6E9003EF
80004630
8000FAF3
BAD0E4B7
EAD48493
00E49A63
6D1003EF
800047C4
8000F961
00000341
00000013
00000013
00000013
00000013
0000B517
1B450513
00000013
00000013
00000013
00000013
00000013
00000013
0003D097
E84080E7
0003D097
ED0080E7
00000013
00000013
00000013
00000013
0000B517
1AA50513
00000013
00000013
00000013
00000013
00000013
00000013
0003D097
E44080E7
0003D097
EAC080E7
00000013
00000013
00000013
00000013
00000717
FF070713
00000013
00000013
00000013
00000013
00000013
00000013
CE9FF06F
BAD0E737
EAD70713
CDDFF06F
00000013
00000013
00000013
00000013
00000013
00000013
00000013
00000013
00000013
00000013
00000013
00000013
0800006F
0880006F
0900006F
0980006F
0A00006F
0A80006F
0B00006F
0B80006F
0C00006F
0C80006F
0D00006F
0D80006F
0E00006F
0E80006F
0F00006F
0F80006F
1000006F
1080006F
1100006F
1180006F
1200006F
1280006F
1300006F
1380006F
1400006F
13C0006F
1380006F
1340006F
1300006F
12C0006F
1280006F
1240006F
34011173
26F12823
13C007EF
34011173
26F12823
130007EF
34011173
26F12823
124007EF
34011173
26F12823
118007EF
34011173
26F12823
10C007EF
34011173
26F12823
100007EF
34011173
26F12823
0F4007EF
34011173
26F12823
0E8007EF
34011173
26F12823
0DC007EF
34011173
26F12823
0D0007EF
34011173
26F12823
0C4007EF
34011173
26F12823
0B8007EF
34011173
26F12823
0AC007EF
34011173
26F12823
0A0007EF
34011173
26F12823
094007EF
34011173
26F12823
088007EF
34011173
26F12823
07C007EF
34011173
26F12823
070007EF
34011173
26F12823
064007EF
34011173
26F12823
058007EF
34011173
26F12823
04C007EF
34011173
26F12823
040007EF
34011173
26F12823
034007EF
34011173
26F12823
028007EF
00000317
B6030313
00000013
00000013
00000013
00000013
00000013
00000013
00030067
26E12623
34011773
26E12A23
23012703
00070067
26912423
26812223
26712023
24612E23
00000013
00000013
00000013
00000013
00000013
00000013
00003317
70830313
00000013
00000013
00000013
00000013
00000013
00000013
00032383
00138393
00732023
34202773
800014B7
FFF48493
00E4F4B3
FFE48413
00041663
2A050AE3
58C0006F
FF848413
00245413
58041063
2A0500E3
FFF50493
00500393
0274E063
07300393
00750463
0800006F
34102573
00450413
34141073
7E40006F
341024F3
00448493
34149073
00100393
00750E63
00200393
02750263
00300393
02750C63
FFF00513
7B80006F
000024B7
80048493
3004A073
7A80006F
000024B7
80048493
3004B073
000014B7
80048493
3004A073
78C0006F
000024B7
80048493
3004B073
77C0006F
00000013
00000013
00000013
00000013
00000013
00000397
17038393
00000013
00000013
00000013
00000013
00000013
00000013
0003A403
00A40863
04040863
00838393
FF1FF06F
00008493
00000013
00000013
00000097
02408093
00000013
00000013
00000013
00000013
00000013
00000013
00038067
00048093
34102473
00440413
34141073
6F00006F
00050493
00000013
0000C517
40150513
00000013
00000013
00000013
00000013
00000013
00000013
0003D097
A24080E7
00048513
02000593
4C8020EF
00000013
00000013
00000013
0000B517
83850513
00000013
00000013
00000013
00000013
00000013
00000013
0003D097
9E4080E7
00000013
00000013
00000013
00000013
00000013
00000013
0000B517
E0850513
00000013
00000013
00000013
00000013
00000013
00000013
0003D097
9A4080E7
00000013
00000013
00000013
00000013
00000013
00000013
0000B517
CCA50513
00000013
00000013
00000013
00000013
00000013
00000013
0003D097
964080E7
0003D097
9CC080E7
30002573
00008067
30059073
00008067
3005A073
00008067
3005B073
00008067
30402573
00008067
30459073
00008067
3045A073
00008067
3045B073
00008067
30602573
00008067
30659073
00008067
3065A073
00008067
3065B073
00008067
30A02573
00008067
30A59073
00008067
30A5A073
00008067
30A5B073
00008067
34402573
00008067
34459073
00008067
3445A073
00008067
3445B073
00008067
74702573
00008067
74759073
00008067
7475A073
00008067
7475B073
00008067
32002573
00008067
32059073
00008067
3205A073
00008067
3205B073
00008067
B0002573
00008067
B0059073
00008067
B005A073
00008067
B005B073
00008067
B0202573
00008067
B0259073
00008067
B025A073
00008067
B025B073
00008067
10002573
00008067
10059073
00008067
1005A073
00008067
1005B073
00008067
10402573
00008067
10459073
00008067
1045A073
00008067
1045B073
00008067
10602573
00008067
10659073
00008067
1065A073
00008067
1065B073
00008067
10A02573
00008067
10A59073
00008067
10A5A073
00008067
10A5B073
00008067
14402573
00008067
14459073
00008067
1445A073
00008067
1445B073
00008067
14D02573
00008067
14D59073
00008067
14D5A073
00008067
14D5B073
00008067
18002573
00008067
18059073
00008067
1805A073
00008067
1805B073
00008067
7A002573
00008067
7A059073
00008067
7A05A073
00008067
7A05B073
00008067
7A102573
00008067
7A159073
00008067
7A15A073
00008067
7A15B073
00008067
7A202573
00008067
7A259073
00008067
7A25A073
00008067
7A25B073
00008067
7A302573
00008067
7A359073
00008067
7A35A073
00008067
7A35B073
00008067
7A402573
00008067
7A459073
00008067
7A45A073
00008067
7A45B073
00008067
7A502573
00008067
7A559073
00008067
7A55A073
00008067
7A55B073
00008067
7A802573
00008067
7A859073
00008067
7A85A073
00008067
7A85B073
00008067
7AA02573
00008067
7AA59073
00008067
7AA5A073
00008067
7AA5B073
00008067
5A802573
00008067
5A859073
00008067
5A85A073
00008067
5A85B073
00008067
6A802573
00008067
6A859073
00008067
6A85A073
00008067
6A85B073
00008067
0005A503
00008067
0045A503
00008067
00C5A023
00008067
00C5A223
00008067
00000000
01000393
00075C63
00171413
FF240413
00045663
00C00393
0040006F
D6810113
4B012303
007304B3
4A912823
49012403
40830333
29810113
1F812403
00830333
34102473
00000013
00000013
0000A497
3B848493
00000013
00000013
00000013
00000013
00000013
00000013
0084A023
00E4A423
34302473
0084A823
30002473
0084AC23
00000013
00000013
0001B417
02C40413
00000013
00000013
00000013
00000013
00000013
00000013
007304B3
F0946663
24012403
408787B3
00179493
009787B3
0057D793
00679793
0077E7B3
00378793
02075A63
00F00413
00877433
304024F3
0084D4B3
0014F493
00B49493
0097E7B3
344024F3
0084D4B3
0014F493
00C49493
0097E7B3
300023F3
00F39393
0023D393
0021A437
FE540413
FFF44413
0083F433
0087E433
310024F3
1C04F493
00849493
00946433
00032483
00848E63
00040313
00048213
4B4003EF
80005088
8000FB0A
00000341
00070413
00432483
00848E63
00040313
00048213
490003EF
8000512C
8000FC0C
00000341
12074A63
34102473
00010493
0040006F
00000393
04740863
00238393
04740463
04040263
2084A383
2104A783
007787B3
00F47463
02747663
1D84A383
1E04A783
007787B3
00F47463
00747C63
1E84A383
1F04A783
007787B3
E0F47E63
E0746C63
40740433
00832483
00848E63
00040313
00048213
40C003EF
800051B4
8000FD07
00000341
34102473
342023F3
00C00793
00F38A63
00100793
00F38663
01400793
00F39663
34109073
0340006F
300027F3
000E03B7
3003A073
00045383
30079073
0033F393
00138393
0023D393
00138393
00139393
00740433
34141073
34302473
00C32483
00848E63
00040313
00048213
390003EF
80005230
8000FDFA
00000341
30102473
01841413
00045263
10000393
05C0006F
25C12303
26012383
26412403
26812483
26C12703
27012783
27412103
30200073
00100413
01F77393
00741433
304434F3
34443473
00832483
00848E63
00040313
00048213
328003EF
80005298
8000FF6D
00000341
00000393
00000417
03C40413
00740433
00371393
00740433
FF847413
00042403
00040A63
01F41393
0003D863
00145413
F6870EE3
CD8FF06F
00040067
00000013
00000000
00000000
00000001
00000000
00000001
00000000
80041000
00000000
00000000
00000000
00000001
00000000
00000001
00000000
80041014
00000000
00000000
00000000
00000001
00000000
00000001
00000000
80041030
00000000
00000001
00000000
00000001
00000000
00000001
00000000
00000001
00000000
00000001
00000000
00000001
00000000
00000001
00000000
00000001
00000000
00000001
00000000
00000001
00000000
00000001
00000000
00000001
00000000
00000000
00000000
00000000
00000000
00000000
00000000
00000000
00000000
00000000
00000000
00000000
00000000
00000000
00000000
00000000
00000000
00000001
00000000
00000003
00000000
00000005
00000000
00000007
00000000
00000009
00000000
0000000B
00000000
0000000D
00000000
0000000F
00000000
00000011
00000000
00000013
00000000
00000015
00000000
00000017
00000000
00000019
00000000
0000001B
00000000
0000001D
00000000
0000001F
00000000
00000021
00000000
00000023
00000000
00000025
00000000
00000027
00000000
00000029
00000000
0000002B
00000000
0000002D
00000000
0000002F
00000000
00000000
00000000
00000000
00000000
00000000
00000000
00000000
00000000
00000000
00000000
00000000
00000000
00000000
00000000
00000000
00000000
300023F3
00B3D493
0034F493
FFD48413
341023F3
00000493
02040C63
29810113
310023F3
01839393
0003DA63
29810113
47012783
D6810113
0080006F
F4012783
341023F3
40F383B3
D6810113
1D812483
007483B3
25C12303
26412403
26812483
26C12703
27012783
27412103
00438067
0000A217
D2820213
02522423
00122423
00022023
0880006F
0000A397
D1038393
0483A023
0243A023
0253A423
0013A423
0003A023
00038213
00040293
0600006F
0000A697
CE868693
06E6A823
0246A023
0256A423
0016A423
0006A023
00068213
00070293
0380006F
0000A497
CC048493
0674A423
0244A023
0254A423
0014A423
00300093
0014A023
1064A823
1044AC23
00048213
00038293
0040006F
00222823
00322C23
02622823
02722C23
04822023
04922423
04A22823
04B22C23
06C22023
06D22423
06E22823
06F22C23
09022023
09122423
09222823
09322C23
0B422023
0B522423
0B622823
0B722C23
0D822023
0D922423
0DA22823
0DB22C23
0FC22023
0FD22423
0FE22823
0FF22C23
0000A497
C1C4A483
00300513
18A48663
FFA2D303
FF82D383
01031313
00736333
00F35393
01F3F393
01435413
01F47413
10822223
00341313
00620333
00032303
10622823
FF62D303
FF42D383
01031313
00736333
00030513
07F37413
00300493
0C941063
00C35413
00747413
00200493
0A941863
41435393
00F35313
01F37313
00331313
00620333
00032303
00730333
00337413
0C041263
00000013
00000013
00000013
00000013
00000013
0000C417
8B040413
00000013
00000013
00000013
00000013
00000013
00000013
08836663
00000013
00000013
00000013
00000013
00000013
00000013
00000013
0001B417
93040413
00000013
00000013
00000013
00000013
00000013
00000013
FFC40413
04646463
00032303
10622C23
3700006F
00100413
00000013
00000013
0000A497
C1848493
00000013
00000013
00000013
00000013
00000013
00000013
0084A023
10A22C23
3380006F
00200413
00000013
00000013
00000013
00000013
0000A497
BD848493
00000013
00000013
00000013
00000013
00000013
00000013
0084A023
10622C23
2F80006F
0042A303
0000A817
BB880813
00682023
0002A303
10622423
0000A817
BA480813
00082303
0000A397
2C338393
28730463
00000413
0000A817
B8080813
00882023
0000A397
2BE38393
00731863
00100413
00000493
2740006F
0000A397
3A838393
00731863
00200413
00000493
25C0006F
0000A397
48B38393
00731863
00300413
00000493
2440006F
0000A397
56638393
00731863
00400413
00000493
22C0006F
0000A397
6C138393
00731863
00500413
00000493
2140006F
0000A397
62D38393
00731863
00600413
00000493
1FC0006F
0000A397
65338393
00731863
00700413
00000493
1E40006F
0000A397
25638393
00731863
00100413
00100493
1CC0006F
0000A397
33E38393
00731863
00200413
00100493
1B40006F
0000A397
41F38393
00731863
00300413
00100493
19C0006F
0000A397
4FB38393
00731863
00400413
00100493
1840006F
0000A397
65438393
00731863
00500413
00100493
16C0006F
0000A397
21E38393
00731863
00100413
00200493
1540006F
0000A397
30438393
00731863
00200413
00200493
13C0006F
0000A397
3E338393
00731863
00300413
00200493
1240006F
0000A397
4C038393
00731863
00400413
00200493
10C0006F
0000A397
61738393
00731863
00500413
00200493
0F40006F
0000A397
1E738393
00731863
00100413
00300493
0DC0006F
0000A397
2CB38393
00731863
00200413
00300493
0C40006F
0000A397
3A838393
00731863
00300413
00300493
0AC0006F
0000A397
48638393
00731863
00400413
00300493
0940006F
0000A397
5DB38393
00731863
00500413
00300493
07C0006F
0000A397
60038393
00731863
00800413
00000493
0640006F
0000A397
63738393
00731863
00800413
00000493
04C0006F
0000A397
71A38393
00731863
00800413
00100493
0340006F
0000A397
7FE38393
00731863
00800413
00200493
01C0006F
0340006F
00900413
0000A817
8FC80813
00882023
0300006F
0000A817
8EC80813
00882023
0000A817
8E480813
00982023
0140006F
0000A817
8D080813
00082023
0040006F
0002A303
10622423
00035383
0033F413
00300493
00941863
00235403
01041413
0083E3B3
10722023
0042A303
12622023
00000013
00000013
00000013
00000013
0000A517
DCA50513
00000013
00000013
00000013
00000013
00000013
00000013
0003C097
A64080E7
00000013
00000013
00000013
00000013
00000013
00000013
0000A517
DBF50513
00000013
00000013
00000013
00000013
00000013
00000013
0003C097
A24080E7
00000013
00000013
00000013
00000013
00000013
00000013
0000A517
E3650513
00000013
00000013
00000013
00000013
00000013
00000013
0003C097
9E4080E7
00009517
7C852503
0003C097
9D4080E7
00000013
00000013
0000A517
E0850513
00000013
00000013
00000013
00000013
00000013
00000013
0003C097
9A4080E7
00009517
66852503
00300593
52B50C63
00000013
00000013
0000A517
DCA50513
00000013
00000013
00000013
00000013
00000013
00000013
0003C097
964080E7
00009517
72852503
02000593
00357613
00300693
00D60463
01000593
3F4010EF
00000013
00000013
00000013
00000013
00000013
00000013
00009517
75850513
00000013
00000013
00000013
00000013
00000013
00000013
0003C097
904080E7
00000013
00000013
00000013
00000013
00000013
00000013
0000A517
D3E50513
00000013
00000013
00000013
00000013
00000013
00000013
0003C097
8C4080E7
00009517
69052503
02000593
364010EF
00000013
00000013
00009517
6D850513
00000013
00000013
00000013
00000013
00000013
00000013
0003C097
884080E7
00000013
00000013
00000013
00000013
00000013
00000013
0000A517
6F550513
00000013
00000013
00000013
00000013
00000013
00000013
0003C097
844080E7
00009517
50852503
00050663
00300593
04B51063
07800593
00009617
65860613
00000013
00000013
00000013
00000013
00000013
00000013
00B60023
00160613
00009517
5CC52503
324010EF
1180006F
00100593
04B50863
00400593
08B50A63
00500593
0CB50663
00000013
00000013
00000013
00000013
0000A517
76B50513
00000013
00000013
00000013
00000013
00000013
00000013
0003B097
7A4080E7
1000006F
06600593
00000013
00000013
00000013
00000013
00009617
5B860613
00000013
00000013
00000013
00000013
00000013
00000013
00B60023
00160613
00009517
52C52503
284010EF
0780006F
07600593
00000013
00009617
57860613
00000013
00000013
00000013
00000013
00000013
00000013
00B60023
00160613
00009517
4EC52503
244010EF
0380006F
00000013
00000013
0000A517
58E50513
00000013
00000013
00000013
00000013
00000013
00000013
0003B097
6E4080E7
0400006F
00000013
00000013
00000013
00000013
00000013
00009517
4F850513
00000013
00000013
00000013
00000013
00000013
00000013
0003B097
6A4080E7
00000013
00000013
00000013
00000013
00000013
00000013
0000A517
52650513
00000013
00000013
00000013
00000013
00000013
00000013
0003B097
664080E7
00009517
32852503
00100593
00B51C63
00009517
42852503
02000593
0F4010EF
0140006F
00009517
41452503
02000593
0E0010EF
00000013
00009517
45850513
00000013
00000013
00000013
00000013
00000013
00000013
0003B097
604080E7
00009517
3F052503
08051E63
00000013
00000013
00000013
0000A517
49D50513
00000013
00000013
00000013
00000013
00000013
00000013
0003B097
5C4080E7
00009517
28852503
00100593
00B51C63
00009517
39052503
02000593
054010EF
0140006F
00009517
37C52503
02000593
040010EF
00000013
00009517
3B850513
00000013
00000013
00000013
00000013
00000013
00000013
0003B097
564080E7
5BD0006F
00100593
06B51E63
00000013
00000013
00000013
0000A517
41450513
00000013
00000013
00000013
00000013
00000013
00000013
0003B097
524080E7
00009517
30052503
02000593
7C5000EF
00000013
00000013
00009517
33850513
00000013
00000013
00000013
00000013
00000013
00000013
0003B097
4E4080E7
53D0006F
00000013
00000013
00000013
00000013
00000013
0000A517
3F250513
00000013
00000013
00000013
00000013
00000013
00000013
0003B097
4A4080E7
00009517
28052503
02000593
745000EF
00000013
00000013
00009517
2B850513
00000013
00000013
00000013
00000013
00000013
00000013
0003B097
464080E7
4BD0006F
00009417
25442403
00900493
0A940C63
00000013
0000A517
41750513
00000013
00000013
00000013
00000013
00000013
00000013
0003B097
424080E7
00000013
00000013
00000013
00000013
00000013
00000013
0000A517
40350513
00000013
00000013
00000013
00000013
00000013
00000013
0003B097
3E4080E7
00009817
1E080813
00082503
0003B097
3D0080E7
00000013
0000A517
80850513
00000013
00000013
00000013
00000013
00000013
00000013
0003B097
3A4080E7
280404E3
3400006F
00000013
00000013
00000013
00000013
0000A517
39350513
00000013
00000013
00000013
00000013
00000013
00000013
0003B097
364080E7
00009517
14052503
02000593
605000EF
00000013
00000013
00009517
17850513
00000013
00000013
00000013
00000013
00000013
00000013
0003B097
324080E7
00000013
00000013
00000013
00000013
00000013
00000013
0000A517
33E50513
00000013
00000013
00000013
00000013
00000013
00000013
0003B097
2E4080E7
00009517
0B852503
02000593
585000EF
00000013
00000013
00009517
0F850513
00000013
00000013
00000013
00000013
00000013
00000013
0003B097
2A4080E7
00009317
07832303
00009397
0783A383
10736A63
00000013
0000A517
2ED50513
00000013
00000013
00000013
00000013
00000013
00000013
0003B097
264080E7
00000013
00000013
00000013
00000013
00000013
00000013
0000A517
31550513
00000013
00000013
00000013
00000013
00000013
00000013
0003B097
224080E7
00009317
FF832303
00009397
FF83A383
40730533
02000593
4B9000EF
00000013
00000013
00000013
00000013
00000013
00000013
00000013
00009517
01850513
00000013
00000013
00000013
00000013
00000013
00000013
0003B097
1C4080E7
00000013
00000013
00000013
00000013
00000013
00000013
0000A517
29C50513
00000013
00000013
00000013
00000013
00000013
00000013
0003B097
184080E7
1DD0006F
00000013
00000013
00000013
00000013
00000013
0000A517
1F950513
00000013
00000013
00000013
00000013
00000013
00000013
0003B097
144080E7
00000013
00000013
00000013
00000013
00000013
00000013
0000A517
1F550513
00000013
00000013
00000013
00000013
00000013
00000013
0003B097
104080E7
00009317
EE032303
00009397
ED03A383
40730533
02000593
399000EF
00000013
00000013
00000013
00000013
00000013
00000013
00000013
00009517
EF850513
00000013
00000013
00000013
00000013
00000013
00000013
0003B097
0A4080E7
00000013
00000013
00000013
00000013
00000013
00000013
0000A517
26450513
00000013
00000013
00000013
00000013
00000013
00000013
0003B097
064080E7
0BD0006F
00000013
00000013
00000013
00000013
00000013
0000A517
30B50513
00000013
00000013
00000013
00000013
00000013
00000013
0003B097
024080E7
00009517
E1C52503
04050A63
00100593
08B50663
00200593
0CB50263
00300593
0EB50E63
00000013
00000013
00000013
00000013
00000013
0000A517
2E750513
00000013
00000013
00000013
00000013
00000013
00000013
1000006F
00000013
00000013
00000013
00000013
00000013
00000013
00000013
0000A517
28550513
00000013
00000013
00000013
00000013
00000013
00000013
0C00006F
00000013
00000013
00000013
00000013
00000013
00000013
00000013
0000A517
24D50513
00000013
00000013
00000013
00000013
00000013
00000013
0800006F
00000013
00000013
00000013
00000013
00000013
00000013
00000013
0000A517
21550513
00000013
00000013
00000013
00000013
00000013
00000013
0400006F
00000013
00000013
00000013
00000013
00000013
00000013
00000013
0000A517
1DE50513
00000013
00000013
00000013
00000013
00000013
00000013
0003B097
EC4080E7
00000013
00000013
00000013
00000013
00000013
00000013
0000A517
1B050513
00000013
00000013
00000013
00000013
00000013
00000013
0003B097
E84080E7
00009517
C7852503
00100593
06B50863
00200593
0AB50463
00300593
0EB50063
00400593
10B50C63
00500593
14B50863
00600593
18B50463
00700593
1CB50063
00800593
1EB50C63
00000013
00000013
00000013
00000013
0000A517
28750513
00000013
00000013
00000013
00000013
00000013
00000013
2000006F
00000013
00000013
00000013
00000013
00000013
00000013
00000013
0000A517
10A50513
00000013
00000013
00000013
00000013
00000013
00000013
1C00006F
00000013
00000013
00000013
00000013
00000013
00000013
00000013
0000A517
0FB50513
00000013
00000013
00000013
00000013
00000013
00000013
1800006F
00000013
00000013
00000013
00000013
00000013
00000013
00000013
0000A517
0DB50513
00000013
00000013
00000013
00000013
00000013
00000013
1400006F
00000013
00000013
00000013
00000013
00000013
00000013
00000013
0000A517
0B950513
00000013
00000013
00000013
00000013
00000013
00000013
1000006F
00000013
00000013
00000013
00000013
00000013
00000013
00000013
0000A517
09850513
00000013
00000013
00000013
00000013
00000013
00000013
0C00006F
00000013
00000013
00000013
00000013
00000013
00000013
00000013
0000A517
08050513
00000013
00000013
00000013
00000013
00000013
00000013
0800006F
00000013
00000013
00000013
00000013
00000013
00000013
00000013
0000A517
06C50513
00000013
00000013
00000013
00000013
00000013
00000013
0400006F
00000013
00000013
00000013
00000013
00000013
00000013
00000013
0000A517
05850513
00000013
00000013
00000013
00000013
00000013
00000013
0003B097
C04080E7
00000013
00000013
00000013
00000013
00000013
00000013
0000A517
05650513
00000013
00000013
00000013
00000013
00000013
00000013
0003B097
BC4080E7
00009517
9A052503
02000593
664000EF
00000013
00000013
00009517
9D850513
00000013
00000013
00000013
00000013
00000013
00000013
0003B097
B84080E7
00000013
00000013
00000013
00000013
00000013
00000013
0000A517
FED50513
00000013
00000013
00000013
00000013
00000013
00000013
0003B097
B44080E7
00009517
91852503
02000593
5E4000EF
00000013
00000013
00009517
95850513
00000013
00000013
00000013
00000013
00000013
00000013
0003B097
B04080E7
00009517
8F852503
00200593
08B51463
00000013
00000013
0000A517
F8450513
00000013
00000013
00000013
00000013
00000013
00000013
0003B097
AC4080E7
00009517
8A052503
284000EF
0003B097
AB0080E7
00000013
0000A517
F5B50513
00000013
00000013
00000013
00000013
00000013
00000013
0003B097
A84080E7
00009517
85852503
244000EF
0003B097
A70080E7
00000097
314080E7
00009517
85C52503
00100593
02B51E63
00000013
00000013
00000013
0000A517
F7150513
00000013
00000013
00000013
00000013
00000013
00000013
0003B097
A24080E7
27C0006F
00200593
02B51E63
00000013
00000013
00000013
0000A517
00750513
00000013
00000013
00000013
00000013
00000013
00000013
0003B097
9E4080E7
23C0006F
00300593
02B51E63
00000013
00000013
00000013
0000A517
0BA50513
00000013
00000013
00000013
00000013
00000013
00000013
0003B097
9A4080E7
1FC0006F
00400593
02B51E63
00000013
00000013
00000013
0000A517
17550513
00000013
00000013
00000013
00000013
00000013
00000013
0003B097
964080E7
1BC0006F
00500593
02B51E63
00000013
00000013
00000013
0000A517
21C50513
00000013
00000013
00000013
00000013
00000013
00000013
0003B097
924080E7
17C0006F
1780006F
00000013
00000013
00000013
00000013
0000A517
DE950513
00000013
00000013
00000013
00000013
00000013
00000013
0003B097
8E4080E7
00008617
6F062603
00000013
00000013
00000013
00000013
00009517
D9250513
00000013
00000013
00000013
00000013
00000013
00000013
0003B097
8A4080E7
00065503
01000593
00357413
00300493
00941A63
00265403
01041413
00856533
02000593
32C000EF
00000013
00000013
00000013
00000013
00008517
69850513
00000013
00000013
00000013
00000013
00000013
00000013
0003B097
844080E7
00000097
0E8080E7
0940006F
02054263
01800593
04B55463
00008597
68058593
00251613
00C585B3
0005A503
00008067
00100593
01F59593
00B54533
01000593
00B55E63
00008597
6B458593
00251613
00C585B3
0005A503
00008067
00000013
00000013
00000013
00000013
00000013
00000013
00000013
00009517
ABE50513
00000013
00000013
00000013
00000013
00000013
00000013
00008067
00000013
00000013
00000013
00000013
00000013
00000013
00000013
00009517
70A50513
00000013
00000013
00000013
00000013
00000013
00000013
0003A097
764080E7
0003A097
7CC080E7
00008617
56060613
00162023
00000013
00009517
C3350513
00000013
00000013
00000013
00000013
00000013
00000013
0003A097
724080E7
00008517
53052503
02000593
1C4000EF
00000013
00000013
00008517
53850513
00000013
00000013
00000013
00000013
00000013
00000013
0003A097
6E4080E7
00000013
00000013
00000013
00000013
00000013
00000013
00009517
BC350513
00000013
00000013
00000013
00000013
00000013
00000013
0003A097
6A4080E7
00008517
4B852503
02000593
144000EF
00000013
00000013
00008517
4B850513
00000013
00000013
00000013
00000013
00000013
00000013
0003A097
664080E7
00000013
00000013
00000013
00000013
00000013
00000013
00009517
B5350513
00000013
00000013
00000013
00000013
00000013
00000013
0003A097
624080E7
00008517
44052503
02000593
0C4000EF
00000013
00000013
00008517
43850513
00000013
00000013
00000013
00000013
00000013
00000013
0003A097
5E4080E7
00000013
00000013
00000013
00000013
00000013
00000013
00009517
AE350513
00000013
00000013
00000013
00000013
00000013
00000013
0003A097
5A4080E7
00008517
3C852503
02000593
044000EF
00000013
00000013
00008517
3B850513
00000013
00000013
00000013
00000013
00000013
00000013
0003A097
564080E7
00008617
36860613
00062083
00008067
00000013
00000013
00008617
37860613
00000013
00000013
00000013
00000013
00000013
00000013
03000693
00D60023
07800693
00D600A3
00260613
00058693
FFC68693
00D55733
00F77713
00A00793
00F74663
05770713
0080006F
03070713
00E60023
00160613
FC069CE3
00A00693
00D60023
000600A3
00008067
00A00693
02D54663
FF650513
03100713
00D54C63
FF650513
03200713
00D54663
FF650513
03300713
00E60023
00160613
03050513
00A60023
00A00693
00D600A3
00060123
00008067
00000013
@00008000
FFFEBEEF
DEAD0001
FFFDBEEF
DEAD0002
FFFCBEEF
DEAD0003
FFFBBEEF
DEAD0004
FFFABEEF
DEAD0005
FFF9BEEF
DEAD0006
FFF8BEEF
DEAD0007
FFF7BEEF
DEAD0008
FFF6BEEF
DEAD0009
FFF5BEEF
DEAD000A
FFF4BEEF
DEAD000B
FFF3BEEF
DEAD000C
FFF2BEEF
DEAD000D
FFF1BEEF
DEAD000E
FFF0BEEF
DEAD000F
FFEFBEEF
DEAD0010
FFEEBEEF
DEAD0011
FFEDBEEF
DEAD0012
FFECBEEF
DEAD0013
FFEBBEEF
DEAD0014
FFEABEEF
DEAD0015
FFE9BEEF
DEAD0016
FFE8BEEF
DEAD0017
FFE7BEEF
DEAD0018
FFE6BEEF
DEAD0019
FFE5BEEF
DEAD001A
FFE4BEEF
DEAD001B
FFE3BEEF
DEAD001C
FFE2BEEF
DEAD001D
FFE1BEEF
DEAD001E
FFE0BEEF
DEAD001F
FFDFBEEF
DEAD0020
FFDEBEEF
DEAD0021
00000000
00000000
0000006F
0000006F
0000006F
0000006F
0000006F
0000006F
0000006F
0000006F
0000006F
0000006F
0000006F
0000006F
0000006F
0000006F
0000006F
0000006F
0000006F
0000006F
0000006F
0000006F
0000006F
0000006F
0000006F
0000006F
0000006F
0000006F
0000006F
0000006F
0000006F
0000006F
0000006F
0000006F
0000006F
0000006F
0000006F
0000006F
0000006F
0000006F
0000006F
0000006F
0000006F
0000006F
0000006F
0000006F
0000006F
0000006F
0000006F
0000006F
0000006F
0000006F
0000006F
0000006F
0000006F
0000006F
0000006F
0000006F
0000006F
0000006F
0000006F
0000006F
0000006F
0000006F
0000006F
0000006F
0000006F
0000006F
0000006F
0000006F
0000006F
0000006F
0000006F
0000006F
0000006F
0000006F
0000006F
0000006F
0000006F
0000006F
0000006F
0000006F
0000006F
0000006F
0000006F
0000006F
0000006F
0000006F
0000006F
0000006F
0000006F
0000006F
0000006F
0000006F
0000006F
0000006F
0000006F
0000006F
0000006F
0000006F
0000006F
0000006F
0000006F
0000006F
0000006F
0000006F
0000006F
0000006F
0000006F
0000006F
0000006F
0000006F
0000006F
0000006F
0000006F
0000006F
0000006F
0000006F
0000006F
0000006F
80000040
00000000
00004468
00000000
800083B0
00000000
00008C15
00000000
80010FD0
00000000
0000F0C0
00000000
80000040
00000000
00004468
00000000
80011628
00000000
00000000
00000000
00000000
00000000
800049D8
00000000
00000000
00000000
00000000
00000000
00000000
00000000
00000000
00000000
DEADBEEF
DEADBEEF
DEADBEEF
DEADBEEF
DEADBEEF
DEADBEEF
DEADBEEF
DEADBEEF
DEADBEEF
DEADBEEF
DEADBEEF
DEADBEEF
DEADBEEF
DEADBEEF
DEADBEEF
DEADBEEF
00000000
00000000
70368648
A8D349BC
A89D39E4
3442EF42
E5960F20
0D403554
90B5EC97
18ECD0B3
151E8026
CE029CF8
1B83790A
9C380A37
A2A51BC2
E9AA82E0
1F9A043D
B46BC1D5
EF4DA2D2
9BE2B7CE
837AAF5E
B27C80C5
D896CE92
0122981C
42F51E3C
C2534BE5
9E1BCC2F
5E8FD390
2F87F316
6BDF835B
D100C4F2
B97EE33D
F210069E
804D976A
8F5CC988
6DF17B88
D986E640
181634A7
08A95DA8
F2FB0423
C75CB0CA
0D0714B0
D1DB55D5
8A265A7E
4BAE4F51
CEA94BBB
5B370AE9
00111439
4BD11EA8
6571583F
322899D5
140C0F65
4AC61656
12844A33
E9E5B962
F5D1FAFA
4820F1FE
86721863
B4F1A741
BAC67DCE
6A14AEA4
8667631C
BA2821BC
EB5C2521
36DA4F9D
4DB854D7
FB7DAC62
44D7E820
6402E8CA
91F8BAED
1B072DD7
045CD24C
03A636A0
B2579398
BE9C00C0
FEA81341
5530E961
73645178
2C2C7043
FCCFC95B
A228C74F
00CFC825
11ED903A
3D465598
AC5AFBF6
3AE1F65F
FEA6292A
7804386B
96A7F74C
ECFCF279
7E0DA3E2
E920D83F
B9DC3270
504E300A
AFC2A3A0
AAD96273
6B0511E1
12D2EE25
2424C2A6
2ED563F3
CCD511C2
96F92C79
ED58BFC7
A3D14853
F9FB5EC7
1CA787D2
FACCF84E
D75644DF
469CAFAE
79350624
2E906F42
A3272C6C
65D87344
7388A163
4C2F6BA5
54EC87FC
5BD354FC
3C0463AC
85BC6B1D
DA02DBB4
20ACE308
FBEEF6E4
9386417A
5F61309D
44ACD26C
7C9F2D91
903FFFF5
3580C98D
2636FA8E
176A7E37
CA4D2819
53D869E2
014D7EF6
7EB0415D
3B36F3DA
71814714
7E90B8A7
94E0790C
86B2AC4A
F49AE200
E42055F1
53CFEFFC
BA76D95B
5E19E3DE
E6616569
3B0D782F
3C4410C7
FCCA7A0A
8DAAF226
EBA655CC
98E6B02D
0B920B77
202EB37F
649AAA68
5E1F5F59
8B6F1332
18A649C9
24A5EDB4
8A30B9B3
D76DF47E
811C1D13
3BA9E37C
E9773626
40D3E154
243AB566
1EE4B11E
8B4A46E3
555DA599
6B6B03F1
45C39E44
AB2DF379
3E5A9B72
878B5622
B37C7BF3
448456AA
3A6471BB
5B245A7E
8313DFE8
A63E5331
57D9F6FC
8DA967EB
3EE2CF8F
D944C054
E3D08B46
F471766D
2FC5E9B5
A0B0A102
263C3773
CC632CC2
7D3D65F5
2407FC8E
27FBD20B
D60BEEA8
4A273C97
00000000
EC7CA201
00000001
FC92CF35
00000002
BBD764B9
80000000
032190AE
80000001
B87472C1
7FFFFFFF
47FCE974
7FFFFFFE
53D350A0
FFFFFFFF
BD662D22
FFFFFFFE
40DA7F49
5BBC8872
842070C4
AAAAAAAA
C3AB6751
55555555
88AA429E
DD55C94F
00000000
6250F967
00000001
C19B5104
00000002
CFE649ED
80000000
34C58C2B
80000001
93422CC5
7FFFFFFF
58B26592
7FFFFFFE
99375E3F
FFFFFFFF
BA0660AD
FFFFFFFE
F3743293
5BBC8872
1176CFA1
AAAAAAAA
F03BC967
55555555
00000000
00000000
00000000
00000001
00000000
00000002
00000000
80000000
00000000
80000001
00000000
7FFFFFFF
00000000
7FFFFFFE
00000000
FFFFFFFF
00000000
FFFFFFFE
00000000
5BBC8872
00000000
AAAAAAAA
00000000
55555555
00000001
00000000
00000001
00000001
00000001
00000002
00000001
80000000
00000001
80000001
00000001
7FFFFFFF
00000001
7FFFFFFE
00000001
FFFFFFFF
00000001
FFFFFFFE
00000001
5BBC8872
00000001
AAAAAAAA
00000001
55555555
00000002
00000000
00000002
00000001
00000002
00000002
00000002
80000000
00000002
80000001
00000002
7FFFFFFF
00000002
7FFFFFFE
00000002
FFFFFFFF
00000002
FFFFFFFE
00000002
5BBC8872
00000002
AAAAAAAA
00000002
55555555
80000000
00000000
80000000
00000001
80000000
00000002
80000000
80000000
80000000
80000001
80000000
7FFFFFFF
80000000
7FFFFFFE
80000000
FFFFFFFF
80000000
FFFFFFFE
80000000
5BBC8872
80000000
AAAAAAAA
80000000
55555555
80000001
00000000
80000001
00000001
80000001
00000002
80000001
80000000
80000001
80000001
80000001
7FFFFFFF
80000001
7FFFFFFE
80000001
FFFFFFFF
80000001
FFFFFFFE
80000001
5BBC8872
80000001
AAAAAAAA
80000001
55555555
7FFFFFFF
00000000
7FFFFFFF
00000001
7FFFFFFF
00000002
7FFFFFFF
80000000
7FFFFFFF
80000001
7FFFFFFF
7FFFFFFF
7FFFFFFF
7FFFFFFE
7FFFFFFF
FFFFFFFF
7FFFFFFF
FFFFFFFE
7FFFFFFF
5BBC8872
7FFFFFFF
AAAAAAAA
7FFFFFFF
55555555
7FFFFFFE
00000000
7FFFFFFE
00000001
7FFFFFFE
00000002
7FFFFFFE
80000000
7FFFFFFE
80000001
7FFFFFFE
7FFFFFFF
7FFFFFFE
7FFFFFFE
7FFFFFFE
FFFFFFFF
7FFFFFFE
FFFFFFFE
7FFFFFFE
5BBC8872
7FFFFFFE
AAAAAAAA
7FFFFFFE
55555555
FFFFFFFF
00000000
FFFFFFFF
00000001
FFFFFFFF
00000002
FFFFFFFF
80000000
FFFFFFFF
80000001
FFFFFFFF
7FFFFFFF
FFFFFFFF
7FFFFFFE
FFFFFFFF
FFFFFFFF
FFFFFFFF
FFFFFFFE
FFFFFFFF
5BBC8872
FFFFFFFF
AAAAAAAA
FFFFFFFF
55555555
FFFFFFFE
00000000
FFFFFFFE
00000001
FFFFFFFE
00000002
FFFFFFFE
80000000
FFFFFFFE
80000001
FFFFFFFE
7FFFFFFF
FFFFFFFE
7FFFFFFE
FFFFFFFE
FFFFFFFF
FFFFFFFE
FFFFFFFE
FFFFFFFE
5BBC8872
FFFFFFFE
AAAAAAAA
FFFFFFFE
55555555
5BBC8872
00000000
5BBC8872
00000001
5BBC8872
00000002
5BBC8872
80000000
5BBC8872
80000001
5BBC8872
7FFFFFFF
5BBC8872
7FFFFFFE
5BBC8872
FFFFFFFF
5BBC8872
FFFFFFFE
5BBC8872
5BBC8872
5BBC8872
AAAAAAAA
5BBC8872
55555555
AAAAAAAA
00000000
AAAAAAAA
00000001
AAAAAAAA
00000002
AAAAAAAA
80000000
AAAAAAAA
80000001
AAAAAAAA
7FFFFFFF
AAAAAAAA
7FFFFFFE
AAAAAAAA
FFFFFFFF
AAAAAAAA
FFFFFFFE
AAAAAAAA
5BBC8872
AAAAAAAA
AAAAAAAA
AAAAAAAA
55555555
55555555
00000000
55555555
00000001
55555555
00000002
55555555
80000000
55555555
80000001
55555555
7FFFFFFF
55555555
7FFFFFFE
55555555
FFFFFFFF
55555555
FFFFFFFE
55555555
5BBC8872
55555555
AAAAAAAA
55555555
55555555
24E97F45
440FA9CD
F094C424
56428FE0
F1694194
8616AFFF
098E21EE
90C0C0E1
DBC6FA07
078990EE
49ABF79B
A5BA4643
B98E7895
3686F0ED
7714ED56
7805BF50
6038DFE2
3276D406
19D7C08D
8E169F40
20E7E96D
AC693675
D72ECE26
18B52A01
EA376524
BD1083E0
F29C0B27
0EFF282C
3535CE15
DE8D2BB7
33108177
589717FE
4FC29099
E63B1F24
49E87FE6
B4C77F49
055123FE
8603D970
1AEF0463
294546D8
CECAB0B4
8D2E567A
DFA6F641
A58F2F7E
90DEED45
3EC3112C
BBDC72FF
5C5F5634
A40F390D
EF933087
9FD43CF2
C35C73E0
F30646AE
3E93B2F2
2CE36CFF
443D2A2B
B6BE1A9A
D6629196
C8EAB716
FC69A8B9
A441B774
1CAF9D04
9F40E1D6
E47F690D
EBD65795
223FDC73
B537FC7B
2DEE1703
65F5FCDF
62F8B04B
19439CA8
FA71D48D
25BC2B76
8F11CF19
E1FD528C
F6092E39
0EDBEE3F
ECD74678
AE21C326
ECB9C47E
1CFFF001
C77D5C2F
68EE5BFB
2A72896B
14F38DA5
D6C6664F
341994CC
304E0A32
DDAA0A93
CD4F2741
0A2B580E
2B38B8E9
D65DFD17
93148D94
A72BD4D7
4AD1756B
73D4710C
73B49CD4
0A35168B
3F835919
0EFACAC3
F431E3BC
AC5BB8E0
D6D4DAD8
134083BD
18EB3B8D
D1F81F61
70115467
4EB3A3BD
D6A62225
1C44CC0A
0B558E33
3FBB6387
8ABD0E0C
3E94CF73
508493B9
F73A855A
513AE3F1
31AD02D5
415A5C06
B106E539
9C30B884
4AB06133
F2C98AD8
C4D0C50D
941133D5
B9ADFCDF
193D9E7F
EB8A7F2F
81085E1C
637BFA3F
841509EC
E11CC810
0E0AAFC6
8A37471C
F1FABBD5
17539935
01CFC56D
92BD7A7D
1DF50E83
431B5B88
5E37598D
B190B7D5
0788D2AD
931E54E1
7FB7C4A9
6A8480AF
1D03A982
0A466C27
EE7CC49C
F2666983
09270129
4A040C35
B6EA7D17
24366894
7E24D948
BC4C1CBA
1261266A
88B80946
FB42E7E1
5E982489
92466129
030314A1
41943B89
BD959881
1A3270E7
66EB7D02
703DA0C9
A9252E60
6D0A86BC
D6BC303A
2C18B3DA
0E1E0DFF
F7940499
1926C52F
24D4E38A
92EACEA0
C722E4F4
09A15953
BA55885C
F8E1FF3F
A21A1220
1FCEAA1D
33781581
00BCAAC5
EB3A8FA8
2BD9CF28
013B8B8A
C819F667
5AA9C056
668EC6F8
168BBCAC
10A77F0B
C8D90429
686AD18B
7EC3389C
0503F0F8
315530FD
3637E26C
C0A1D90E
ECB9BB2F
F1B19886
E2E9278C
6C6D717D
3CD02E99
3DA3322B
DEEDEF85
3918D9FA
EF0D31E3
ABC68F57
07A4321C
F63BDA6B
3FBD6C44
2825022D
04A35F20
6EA88DBE
A60C0E9D
28754D9A
C89049DE
C3AD2A8F
AE8AD3C2
3E9A6A63
AE858A51
8E4315E4
8973D6C6
E9A8A52F
019A0229
977DBF98
244DCFB7
2A02C30D
77E14031
C4863B00
7BCC05C4
AB16654D
D01C574F
8FAE76BB
74BE5B28
FB504090
C693A4E3
3E8D4DA2
5CDDBDAE
6821026C
44F3A548
122D2684
89B01B6D
6764C586
2E4ABB42
4C961BF9
E521D98E
B937EF05
30E248EF
05D2BF3F
2383DD84
E2408E35
6B5BDD1A
9150CB86
73657422
31203A74
6763203B
5F49203A
5F646E61
203B6763
203A7063
725F7063
203B3173
3A6E6962
22306220
65742200
203A7473
63203B32
49203A67
646E615F
3B67635F
3A706320
5F706320
3B317372
6E696220
3162203A
74220022
3A747365
203B3320
203A6763
6E615F49
67635F64
7063203B
7063203A
3173725F
6962203B
62203A6E
22002232
74736574
3B34203A
3A676320
615F4920
635F646E
63203B67
63203A70
73725F70
62203B31
203A6E69
00223362
73657422
35203A74
6763203B
5F49203A
5F646E61
203B6763
203A7063
725F7063
203B3173
3A6E6962
22346220
65742200
203A7473
63203B36
49203A67
646E615F
3B67635F
3A706320
5F706320
3B317372
6E696220
3562203A
74220022
3A747365
203B3720
203A6763
6E615F49
67635F64
7063203B
7063203A
3173725F
6962203B
62203A6E
22002236
74736574
3B38203A
3A676320
615F4920
635F646E
63203B67
63203A70
73725F70
62203B31
203A6E69
00223762
73657422
39203A74
6763203B
5F49203A
5F646E61
203B6763
203A7063
725F7063
203B3173
3A6E6962
22386220
65742200
203A7473
203B3031
203A6763
6E615F49
67635F64
7063203B
7063203A
3173725F
6962203B
62203A6E
22002239
74736574
3131203A
6763203B
5F49203A
5F646E61
203B6763
203A7063
725F7063
203B3173
3A6E6962
30316220
74220022
3A747365
3B323120
3A676320
615F4920
635F646E
63203B67
63203A70
73725F70
62203B31
203A6E69
22313162
65742200
203A7473
203B3331
203A6763
6E615F49
67635F64
7063203B
7063203A
3173725F
6962203B
62203A6E
00223231
73657422
31203A74
63203B34
49203A67
646E615F
3B67635F
3A706320
5F706320
3B317372
6E696220
3162203A
22002233
74736574
3531203A
6763203B
5F49203A
5F646E61
203B6763
203A7063
725F7063
203B3173
3A6E6962
34316220
74220022
3A747365
3B363120
3A676320
615F4920
635F646E
63203B67
63203A70
73725F70
62203B31
203A6E69
22353162
65742200
203A7473
203B3731
203A6763
6E615F49
67635F64
7063203B
7063203A
3173725F
6962203B
62203A6E
00223631
73657422
31203A74
63203B38
49203A67
646E615F
3B67635F
3A706320
5F706320
3B317372
6E696220
3162203A
22002237
74736574
3931203A
6763203B
5F49203A
5F646E61
203B6763
203A7063
725F7063
203B3173
3A6E6962
38316220
74220022
3A747365
3B303220
3A676320
615F4920
635F646E
63203B67
63203A70
73725F70
62203B31
203A6E69
22393162
65742200
203A7473
203B3132
203A6763
6E615F49
67635F64
7063203B
7063203A
3173725F
6962203B
62203A6E
00223032
73657422
32203A74
63203B32
49203A67
646E615F
3B67635F
3A706320
5F706320
3B317372
6E696220
3262203A
22002231
74736574
3332203A
6763203B
5F49203A
5F646E61
203B6763
203A7063
725F7063
203B3173
3A6E6962
32326220
74220022
3A747365
3B343220
3A676320
615F4920
635F646E
63203B67
63203A70
73725F70
62203B31
203A6E69
22333262
65742200
203A7473
203B3532
203A6763
6E615F49
67635F64
7063203B
7063203A
3173725F
6962203B
62203A6E
00223432
73657422
32203A74
63203B36
49203A67
646E615F
3B67635F
3A706320
5F706320
3B317372
6E696220
3262203A
22002235
74736574
3732203A
6763203B
5F49203A
5F646E61
203B6763
203A7063
725F7063
203B3173
3A6E6962
36326220
74220022
3A747365
3B383220
3A676320
615F4920
635F646E
63203B67
63203A70
73725F70
62203B31
203A6E69
22373262
65742200
203A7473
203B3932
203A6763
6E615F49
67635F64
7063203B
7063203A
3173725F
6962203B
62203A6E
00223832
73657422
33203A74
63203B30
49203A67
646E615F
3B67635F
3A706320
5F706320
3B317372
6E696220
3262203A
22002239
74736574
3133203A
6763203B
5F49203A
5F646E61
203B6763
203A7063
725F7063
203B3173
3A6E6962
30336220
74220022
3A747365
3B323320
3A676320
615F4920
635F646E
63203B67
63203A70
73725F70
62203B31
203A6E69
22313362
65742200
203A7473
203B3333
203A6763
6E615F49
67635F64
7063203B
7063203A
3273725F
6962203B
62203A6E
22002230
74736574
3433203A
6763203B
5F49203A
5F646E61
203B6763
203A7063
725F7063
203B3273
3A6E6962
22316220
65742200
203A7473
203B3533
203A6763
6E615F49
67635F64
7063203B
7063203A
3273725F
6962203B
62203A6E
22002232
74736574
3633203A
6763203B
5F49203A
5F646E61
203B6763
203A7063
725F7063
203B3273
3A6E6962
22336220
65742200
203A7473
203B3733
203A6763
6E615F49
67635F64
7063203B
7063203A
3273725F
6962203B
62203A6E
22002234
74736574
3833203A
6763203B
5F49203A
5F646E61
203B6763
203A7063
725F7063
203B3273
3A6E6962
22356220
65742200
203A7473
203B3933
203A6763
6E615F49
67635F64
7063203B
7063203A
3273725F
6962203B
62203A6E
22002236
74736574
3034203A
6763203B
5F49203A
5F646E61
203B6763
203A7063
725F7063
203B3273
3A6E6962
22376220
65742200
203A7473
203B3134
203A6763
6E615F49
67635F64
7063203B
7063203A
3273725F
6962203B
62203A6E
22002238
74736574
3234203A
6763203B
5F49203A
5F646E61
203B6763
203A7063
725F7063
203B3273
3A6E6962
22396220
65742200
203A7473
203B3334
203A6763
6E615F49
67635F64
7063203B
7063203A
3273725F
6962203B
62203A6E
00223031
73657422
34203A74
63203B34
49203A67
646E615F
3B67635F
3A706320
5F706320
3B327372
6E696220
3162203A
22002231
74736574
3534203A
6763203B
5F49203A
5F646E61
203B6763
203A7063
725F7063
203B3273
3A6E6962
32316220
74220022
3A747365
3B363420
3A676320
615F4920
635F646E
63203B67
63203A70
73725F70
62203B32
203A6E69
22333162
65742200
203A7473
203B3734
203A6763
6E615F49
67635F64
7063203B
7063203A
3273725F
6962203B
62203A6E
00223431
73657422
34203A74
63203B38
49203A67
646E615F
3B67635F
3A706320
5F706320
3B327372
6E696220
3162203A
22002235
74736574
3934203A
6763203B
5F49203A
5F646E61
203B6763
203A7063
725F7063
203B3273
3A6E6962
36316220
74220022
3A747365
3B303520
3A676320
615F4920
635F646E
63203B67
63203A70
73725F70
62203B32
203A6E69
22373162
65742200
203A7473
203B3135
203A6763
6E615F49
67635F64
7063203B
7063203A
3273725F
6962203B
62203A6E
00223831
73657422
35203A74
63203B32
49203A67
646E615F
3B67635F
3A706320
5F706320
3B327372
6E696220
3162203A
22002239
74736574
3335203A
6763203B
5F49203A
5F646E61
203B6763
203A7063
725F7063
203B3273
3A6E6962
30326220
74220022
3A747365
3B343520
3A676320
615F4920
635F646E
63203B67
63203A70
73725F70
62203B32
203A6E69
22313262
65742200
203A7473
203B3535
203A6763
6E615F49
67635F64
7063203B
7063203A
3273725F
6962203B
62203A6E
00223232
73657422
35203A74
63203B36
49203A67
646E615F
3B67635F
3A706320
5F706320
3B327372
6E696220
3262203A
22002233
74736574
3735203A
6763203B
5F49203A
5F646E61
203B6763
203A7063
725F7063
203B3273
3A6E6962
34326220
74220022
3A747365
3B383520
3A676320
615F4920
635F646E
63203B67
63203A70
73725F70
62203B32
203A6E69
22353262
65742200
203A7473
203B3935
203A6763
6E615F49
67635F64
7063203B
7063203A
3273725F
6962203B
62203A6E
00223632
73657422
36203A74
63203B30
49203A67
646E615F
3B67635F
3A706320
5F706320
3B327372
6E696220
3262203A
22002237
74736574
3136203A
6763203B
5F49203A
5F646E61
203B6763
203A7063
725F7063
203B3273
3A6E6962
38326220
74220022
3A747365
3B323620
3A676320
615F4920
635F646E
63203B67
63203A70
73725F70
62203B32
203A6E69
22393262
65742200
203A7473
203B3336
203A6763
6E615F49
67635F64
7063203B
7063203A
3273725F
6962203B
62203A6E
00223033
73657422
36203A74
63203B34
49203A67
646E615F
3B67635F
3A706320
5F706320
3B327372
6E696220
3362203A
22002231
74736574
3536203A
6763203B
5F49203A
5F646E61
203B6763
203A7063
725F7063
62203B64
203A6E69
00223062
73657422
36203A74
63203B36
49203A67
646E615F
3B67635F
3A706320
5F706320
203B6472
3A6E6962
22316220
65742200
203A7473
203B3736
203A6763
6E615F49
67635F64
7063203B
7063203A
3B64725F
6E696220
3262203A
74220022
3A747365
3B383620
3A676320
615F4920
635F646E
63203B67
63203A70
64725F70
6962203B
62203A6E
22002233
74736574
3936203A
6763203B
5F49203A
5F646E61
203B6763
203A7063
725F7063
62203B64
203A6E69
00223462
73657422
37203A74
63203B30
49203A67
646E615F
3B67635F
3A706320
5F706320
203B6472
3A6E6962
22356220
65742200
203A7473
203B3137
203A6763
6E615F49
67635F64
7063203B
7063203A
3B64725F
6E696220
3662203A
74220022
3A747365
3B323720
3A676320
615F4920
635F646E
63203B67
63203A70
64725F70
6962203B
62203A6E
22002237
74736574
3337203A
6763203B
5F49203A
5F646E61
203B6763
203A7063
725F7063
62203B64
203A6E69
00223862
73657422
37203A74
63203B34
49203A67
646E615F
3B67635F
3A706320
5F706320
203B6472
3A6E6962
22396220
65742200
203A7473
203B3537
203A6763
6E615F49
67635F64
7063203B
7063203A
3B64725F
6E696220
3162203A
22002230
74736574
3637203A
6763203B
5F49203A
5F646E61
203B6763
203A7063
725F7063
62203B64
203A6E69
22313162
65742200
203A7473
203B3737
203A6763
6E615F49
67635F64
7063203B
7063203A
3B64725F
6E696220
3162203A
22002232
74736574
3837203A
6763203B
5F49203A
5F646E61
203B6763
203A7063
725F7063
62203B64
203A6E69
22333162
65742200
203A7473
203B3937
203A6763
6E615F49
67635F64
7063203B
7063203A
3B64725F
6E696220
3162203A
22002234
74736574
3038203A
6763203B
5F49203A
5F646E61
203B6763
203A7063
725F7063
62203B64
203A6E69
22353162
65742200
203A7473
203B3138
203A6763
6E615F49
67635F64
7063203B
7063203A
3B64725F
6E696220
3162203A
22002236
74736574
3238203A
6763203B
5F49203A
5F646E61
203B6763
203A7063
725F7063
62203B64
203A6E69
22373162
65742200
203A7473
203B3338
203A6763
6E615F49
67635F64
7063203B
7063203A
3B64725F
6E696220
3162203A
22002238
74736574
3438203A
6763203B
5F49203A
5F646E61
203B6763
203A7063
725F7063
62203B64
203A6E69
22393162
65742200
203A7473
203B3538
203A6763
6E615F49
67635F64
7063203B
7063203A
3B64725F
6E696220
3262203A
22002230
74736574
3638203A
6763203B
5F49203A
5F646E61
203B6763
203A7063
725F7063
62203B64
203A6E69
22313262
65742200
203A7473
203B3738
203A6763
6E615F49
67635F64
7063203B
7063203A
3B64725F
6E696220
3262203A
22002232
74736574
3838203A
6763203B
5F49203A
5F646E61
203B6763
203A7063
725F7063
62203B64
203A6E69
22333262
65742200
203A7473
203B3938
203A6763
6E615F49
67635F64
7063203B
7063203A
3B64725F
6E696220
3262203A
22002234
74736574
3039203A
6763203B
5F49203A
5F646E61
203B6763
203A7063
725F7063
62203B64
203A6E69
22353262
65742200
203A7473
203B3139
203A6763
6E615F49
67635F64
7063203B
7063203A
3B64725F
6E696220
3262203A
22002236
74736574
3239203A
6763203B
5F49203A
5F646E61
203B6763
203A7063
725F7063
62203B64
203A6E69
22373262
65742200
203A7473
203B3339
203A6763
6E615F49
67635F64
7063203B
7063203A
3B64725F
6E696220
3262203A
22002238
74736574
3439203A
6763203B
5F49203A
5F646E61
203B6763
203A7063
725F7063
62203B64
203A6E69
22393262
65742200
203A7473
203B3539
203A6763
6E615F49
67635F64
7063203B
7063203A
3B64725F
6E696220
3362203A
22002230
74736574
3639203A
6763203B
5F49203A
5F646E61
203B6763
203A7063
725F7063
62203B64
203A6E69
22313362
65742200
203A7473
203B3739
203A6763
6E615F49
67635F64
7063203B
7063203A
3173725F
6764655F
203B7365
3A6E6962
30783020
74220022
3A747365
3B383920
3A676320
615F4920
635F646E
63203B67
63203A70
73725F70
64655F31
3B736567
6E696220
7830203A
22002231
74736574
3939203A
6763203B
5F49203A
5F646E61
203B6763
203A7063
725F7063
655F3173
73656764
6962203B
30203A6E
00223278
73657422
31203A74
203B3030
203A6763
6E615F49
67635F64
7063203B
7063203A
3173725F
6764655F
203B7365
3A6E6962
38783020
30303030
22303030
65742200
203A7473
3B313031
3A676320
615F4920
635F646E
63203B67
63203A70
73725F70
64655F31
3B736567
6E696220
7830203A
30303038
31303030
74220022
3A747365
32303120
6763203B
5F49203A
5F646E61
203B6763
203A7063
725F7063
655F3173
73656764
6962203B
30203A6E
66663778
66666666
22002266
74736574
3031203A
63203B33
49203A67
646E615F
3B67635F
3A706320
5F706320
5F317372
65676465
62203B73
203A6E69
66377830
66666666
00226566
73657422
31203A74
203B3430
203A6763
6E615F49
67635F64
7063203B
7063203A
3173725F
6764655F
203B7365
3A6E6962
66783020
66666666
22666666
65742200
203A7473
3B353031
3A676320
615F4920
635F646E
63203B67
63203A70
73725F70
64655F31
3B736567
6E696220
7830203A
66666666
65666666
74220022
3A747365
36303120
6763203B
5F49203A
5F646E61
203B6763
203A7063
725F7063
655F3173
73656764
6962203B
30203A6E
62623578
37383863
22002232
74736574
3031203A
63203B37
49203A67
646E615F
3B67635F
3A706320
5F706320
5F317372
65676465
62203B73
203A6E69
61617830
61616161
00226161
73657422
31203A74
203B3830
203A6763
6E615F49
67635F64
7063203B
7063203A
3173725F
6764655F
203B7365
3A6E6962
35783020
35353535
22353535
65742200
203A7473
3B393031
3A676320
615F4920
635F646E
63203B67
63203A70
73725F70
64655F32
3B736567
6E696220
7830203A
22002230
74736574
3131203A
63203B30
49203A67
646E615F
3B67635F
3A706320
5F706320
5F327372
65676465
62203B73
203A6E69
22317830
65742200
203A7473
3B313131
3A676320
615F4920
635F646E
63203B67
63203A70
73725F70
64655F32
3B736567
6E696220
7830203A
22002232
74736574
3131203A
63203B32
49203A67
646E615F
3B67635F
3A706320
5F706320
5F327372
65676465
62203B73
203A6E69
30387830
30303030
00223030
73657422
31203A74
203B3331
203A6763
6E615F49
67635F64
7063203B
7063203A
3273725F
6764655F
203B7365
3A6E6962
38783020
30303030
22313030
65742200
203A7473
3B343131
3A676320
615F4920
635F646E
63203B67
63203A70
73725F70
64655F32
3B736567
6E696220
7830203A
66666637
66666666
74220022
3A747365
35313120
6763203B
5F49203A
5F646E61
203B6763
203A7063
725F7063
655F3273
73656764
6962203B
30203A6E
66663778
66666666
22002265
74736574
3131203A
63203B36
49203A67
646E615F
3B67635F
3A706320
5F706320
5F327372
65676465
62203B73
203A6E69
66667830
66666666
00226666
73657422
31203A74
203B3731
203A6763
6E615F49
67635F64
7063203B
7063203A
3273725F
6764655F
203B7365
3A6E6962
66783020
66666666
22656666
65742200
203A7473
3B383131
3A676320
615F4920
635F646E
63203B67
63203A70
73725F70
64655F32
3B736567
6E696220
7830203A
63626235
32373838
74220022
3A747365
39313120
6763203B
5F49203A
5F646E61
203B6763
203A7063
725F7063
655F3273
73656764
6962203B
30203A6E
61616178
61616161
22002261
74736574
3231203A
63203B30
49203A67
646E615F
3B67635F
3A706320
5F706320
5F327372
65676465
62203B73
203A6E69
35357830
35353535
00223535
73657422
31203A74
203B3132
203A6763
6E615F49
67635F64
7063203B
7263203A
3173725F
3273725F
6764655F
203B7365
3A6E6962
31737220
3D6C6176
2C307830
32737220
3D6C6176
22307830
65742200
203A7473
3B323231
3A676320
615F4920
635F646E
63203B67
63203A70
73725F72
73725F31
64655F32
3B736567
6E696220
7372203A
6C617631
3078303D
7372202C
6C617632
3178303D
74220022
3A747365
33323120
6763203B
5F49203A
5F646E61
203B6763
203A7063
725F7263
725F3173
655F3273
73656764
6962203B
72203A6E
61763173
78303D6C
72202C30
61763273
78303D6C
22002232
74736574
3231203A
63203B34
49203A67
646E615F
3B67635F
3A706320
5F726320
5F317372
5F327372
65676465
62203B73
203A6E69
76317372
303D6C61
202C3078
76327372
303D6C61
30303878
30303030
22002230
74736574
3231203A
63203B35
49203A67
646E615F
3B67635F
3A706320
5F726320
5F317372
5F327372
65676465
62203B73
203A6E69
76317372
303D6C61
202C3078
76327372
303D6C61
30303878
30303030
22002231
74736574
3231203A
63203B36
49203A67
646E615F
3B67635F
3A706320
5F726320
5F317372
5F327372
65676465
62203B73
203A6E69
76317372
303D6C61
202C3078
76327372
303D6C61
66663778
66666666
22002266
74736574
3231203A
63203B37
49203A67
646E615F
3B67635F
3A706320
5F726320
5F317372
5F327372
65676465
62203B73
203A6E69
76317372
303D6C61
202C3078
76327372
303D6C61
66663778
66666666
22002265
74736574
3231203A
63203B38
49203A67
646E615F
3B67635F
3A706320
5F726320
5F317372
5F327372
65676465
62203B73
203A6E69
76317372
303D6C61
202C3078
76327372
303D6C61
66666678
66666666
22002266
74736574
3231203A
63203B39
49203A67
646E615F
3B67635F
3A706320
5F726320
5F317372
5F327372
65676465
62203B73
203A6E69
76317372
303D6C61
202C3078
76327372
303D6C61
66666678
66666666
22002265
74736574
3331203A
63203B30
49203A67
646E615F
3B67635F
3A706320
5F726320
5F317372
5F327372
65676465
62203B73
203A6E69
76317372
303D6C61
202C3078
76327372
303D6C61
62623578
37383863
22002232
74736574
3331203A
63203B31
49203A67
646E615F
3B67635F
3A706320
5F726320
5F317372
5F327372
65676465
62203B73
203A6E69
76317372
303D6C61
202C3078
76327372
303D6C61
61616178
61616161
22002261
74736574
3331203A
63203B32
49203A67
646E615F
3B67635F
3A706320
5F726320
5F317372
5F327372
65676465
62203B73
203A6E69
76317372
303D6C61
202C3078
76327372
303D6C61
35353578
35353535
22002235
74736574
3331203A
63203B33
49203A67
646E615F
3B67635F
3A706320
5F726320
5F317372
5F327372
65676465
62203B73
203A6E69
76317372
303D6C61
202C3178
76327372
303D6C61
00223078
73657422
31203A74
203B3433
203A6763
6E615F49
67635F64
7063203B
7263203A
3173725F
3273725F
6764655F
203B7365
3A6E6962
31737220
3D6C6176
2C317830
32737220
3D6C6176
22317830
65742200
203A7473
3B353331
3A676320
615F4920
635F646E
63203B67
63203A70
73725F72
73725F31
64655F32
3B736567
6E696220
7372203A
6C617631
3178303D
7372202C
6C617632
3278303D
74220022
3A747365
36333120
6763203B
5F49203A
5F646E61
203B6763
203A7063
725F7263
725F3173
655F3273
73656764
6962203B
72203A6E
61763173
78303D6C
72202C31
61763273
78303D6C
30303038
30303030
74220022
3A747365
37333120
6763203B
5F49203A
5F646E61
203B6763
203A7063
725F7263
725F3173
655F3273
73656764
6962203B
72203A6E
61763173
78303D6C
72202C31
61763273
78303D6C
30303038
31303030
74220022
3A747365
38333120
6763203B
5F49203A
5F646E61
203B6763
203A7063
725F7263
725F3173
655F3273
73656764
6962203B
72203A6E
61763173
78303D6C
72202C31
61763273
78303D6C
66666637
66666666
74220022
3A747365
39333120
6763203B
5F49203A
5F646E61
203B6763
203A7063
725F7263
725F3173
655F3273
73656764
6962203B
72203A6E
61763173
78303D6C
72202C31
61763273
78303D6C
66666637
65666666
74220022
3A747365
30343120
6763203B
5F49203A
5F646E61
203B6763
203A7063
725F7263
725F3173
655F3273
73656764
6962203B
72203A6E
61763173
78303D6C
72202C31
61763273
78303D6C
66666666
66666666
74220022
3A747365
31343120
6763203B
5F49203A
5F646E61
203B6763
203A7063
725F7263
725F3173
655F3273
73656764
6962203B
72203A6E
61763173
78303D6C
72202C31
61763273
78303D6C
66666666
65666666
74220022
3A747365
32343120
6763203B
5F49203A
5F646E61
203B6763
203A7063
725F7263
725F3173
655F3273
73656764
6962203B
72203A6E
61763173
78303D6C
72202C31
61763273
78303D6C
63626235
32373838
74220022
3A747365
33343120
6763203B
5F49203A
5F646E61
203B6763
203A7063
725F7263
725F3173
655F3273
73656764
6962203B
72203A6E
61763173
78303D6C
72202C31
61763273
78303D6C
61616161
61616161
74220022
3A747365
34343120
6763203B
5F49203A
5F646E61
203B6763
203A7063
725F7263
725F3173
655F3273
73656764
6962203B
72203A6E
61763173
78303D6C
72202C31
61763273
78303D6C
35353535
35353535
74220022
3A747365
35343120
6763203B
5F49203A
5F646E61
203B6763
203A7063
725F7263
725F3173
655F3273
73656764
6962203B
72203A6E
61763173
78303D6C
72202C32
61763273
78303D6C
22002230
74736574
3431203A
63203B36
49203A67
646E615F
3B67635F
3A706320
5F726320
5F317372
5F327372
65676465
62203B73
203A6E69
76317372
303D6C61
202C3278
76327372
303D6C61
00223178
73657422
31203A74
203B3734
203A6763
6E615F49
67635F64
7063203B
7263203A
3173725F
3273725F
6764655F
203B7365
3A6E6962
31737220
3D6C6176
2C327830
32737220
3D6C6176
22327830
65742200
203A7473
3B383431
3A676320
615F4920
635F646E
63203B67
63203A70
73725F72
73725F31
64655F32
3B736567
6E696220
7372203A
6C617631
3278303D
7372202C
6C617632
3878303D
30303030
22303030
65742200
203A7473
3B393431
3A676320
615F4920
635F646E
63203B67
63203A70
73725F72
73725F31
64655F32
3B736567
6E696220
7372203A
6C617631
3278303D
7372202C
6C617632
3878303D
30303030
22313030
65742200
203A7473
3B303531
3A676320
615F4920
635F646E
63203B67
63203A70
73725F72
73725F31
64655F32
3B736567
6E696220
7372203A
6C617631
3278303D
7372202C
6C617632
3778303D
66666666
22666666
65742200
203A7473
3B313531
3A676320
615F4920
635F646E
63203B67
63203A70
73725F72
73725F31
64655F32
3B736567
6E696220
7372203A
6C617631
3278303D
7372202C
6C617632
3778303D
66666666
22656666
65742200
203A7473
3B323531
3A676320
615F4920
635F646E
63203B67
63203A70
73725F72
73725F31
64655F32
3B736567
6E696220
7372203A
6C617631
3278303D
7372202C
6C617632
6678303D
66666666
22666666
65742200
203A7473
3B333531
3A676320
615F4920
635F646E
63203B67
63203A70
73725F72
73725F31
64655F32
3B736567
6E696220
7372203A
6C617631
3278303D
7372202C
6C617632
6678303D
66666666
22656666
65742200
203A7473
3B343531
3A676320
615F4920
635F646E
63203B67
63203A70
73725F72
73725F31
64655F32
3B736567
6E696220
7372203A
6C617631
3278303D
7372202C
6C617632
3578303D
38636262
22323738
65742200
203A7473
3B353531
3A676320
615F4920
635F646E
63203B67
63203A70
73725F72
73725F31
64655F32
3B736567
6E696220
7372203A
6C617631
3278303D
7372202C
6C617632
6178303D
61616161
22616161
65742200
203A7473
3B363531
3A676320
615F4920
635F646E
63203B67
63203A70
73725F72
73725F31
64655F32
3B736567
6E696220
7372203A
6C617631
3278303D
7372202C
6C617632
3578303D
35353535
22353535
65742200
203A7473
3B373531
3A676320
615F4920
635F646E
63203B67
63203A70
73725F72
73725F31
64655F32
3B736567
6E696220
7372203A
6C617631
3878303D
30303030
2C303030
32737220
3D6C6176
22307830
65742200
203A7473
3B383531
3A676320
615F4920
635F646E
63203B67
63203A70
73725F72
73725F31
64655F32
3B736567
6E696220
7372203A
6C617631
3878303D
30303030
2C303030
32737220
3D6C6176
22317830
65742200
203A7473
3B393531
3A676320
615F4920
635F646E
63203B67
63203A70
73725F72
73725F31
64655F32
3B736567
6E696220
7372203A
6C617631
3878303D
30303030
2C303030
32737220
3D6C6176
22327830
65742200
203A7473
3B303631
3A676320
615F4920
635F646E
63203B67
63203A70
73725F72
73725F31
64655F32
3B736567
6E696220
7372203A
6C617631
3878303D
30303030
2C303030
32737220
3D6C6176
30387830
30303030
00223030
73657422
31203A74
203B3136
203A6763
6E615F49
67635F64
7063203B
7263203A
3173725F
3273725F
6764655F
203B7365
3A6E6962
31737220
3D6C6176
30387830
30303030
202C3030
76327372
303D6C61
30303878
30303030
22002231
74736574
3631203A
63203B32
49203A67
646E615F
3B67635F
3A706320
5F726320
5F317372
5F327372
65676465
62203B73
203A6E69
76317372
303D6C61
30303878
30303030
72202C30
61763273
78303D6C
66666637
66666666
74220022
3A747365
33363120
6763203B
5F49203A
5F646E61
203B6763
203A7063
725F7263
725F3173
655F3273
73656764
6962203B
72203A6E
61763173
78303D6C
30303038
30303030
7372202C
6C617632
3778303D
66666666
22656666
65742200
203A7473
3B343631
3A676320
615F4920
635F646E
63203B67
63203A70
73725F72
73725F31
64655F32
3B736567
6E696220
7372203A
6C617631
3878303D
30303030
2C303030
32737220
3D6C6176
66667830
66666666
00226666
73657422
31203A74
203B3536
203A6763
6E615F49
67635F64
7063203B
7263203A
3173725F
3273725F
6764655F
203B7365
3A6E6962
31737220
3D6C6176
30387830
30303030
202C3030
76327372
303D6C61
66666678
66666666
22002265
74736574
3631203A
63203B36
49203A67
646E615F
3B67635F
3A706320
5F726320
5F317372
5F327372
65676465
62203B73
203A6E69
76317372
303D6C61
30303878
30303030
72202C30
61763273
78303D6C
63626235
32373838
74220022
3A747365
37363120
6763203B
5F49203A
5F646E61
203B6763
203A7063
725F7263
725F3173
655F3273
73656764
6962203B
72203A6E
61763173
78303D6C
30303038
30303030
7372202C
6C617632
6178303D
61616161
22616161
65742200
203A7473
3B383631
3A676320
615F4920
635F646E
63203B67
63203A70
73725F72
73725F31
64655F32
3B736567
6E696220
7372203A
6C617631
3878303D
30303030
2C303030
32737220
3D6C6176
35357830
35353535
00223535
73657422
31203A74
203B3936
203A6763
6E615F49
67635F64
7063203B
7263203A
3173725F
3273725F
6764655F
203B7365
3A6E6962
31737220
3D6C6176
30387830
30303030
202C3130
76327372
303D6C61
00223078
73657422
31203A74
203B3037
203A6763
6E615F49
67635F64
7063203B
7263203A
3173725F
3273725F
6764655F
203B7365
3A6E6962
31737220
3D6C6176
30387830
30303030
202C3130
76327372
303D6C61
00223178
73657422
31203A74
203B3137
203A6763
6E615F49
67635F64
7063203B
7263203A
3173725F
3273725F
6764655F
203B7365
3A6E6962
31737220
3D6C6176
30387830
30303030
202C3130
76327372
303D6C61
00223278
73657422
31203A74
203B3237
203A6763
6E615F49
67635F64
7063203B
7263203A
3173725F
3273725F
6764655F
203B7365
3A6E6962
31737220
3D6C6176
30387830
30303030
202C3130
76327372
303D6C61
30303878
30303030
22002230
74736574
3731203A
63203B33
49203A67
646E615F
3B67635F
3A706320
5F726320
5F317372
5F327372
65676465
62203B73
203A6E69
76317372
303D6C61
30303878
30303030
72202C31
61763273
78303D6C
30303038
31303030
74220022
3A747365
34373120
6763203B
5F49203A
5F646E61
203B6763
203A7063
725F7263
725F3173
655F3273
73656764
6962203B
72203A6E
61763173
78303D6C
30303038
31303030
7372202C
6C617632
3778303D
66666666
22666666
65742200
203A7473
3B353731
3A676320
615F4920
635F646E
63203B67
63203A70
73725F72
73725F31
64655F32
3B736567
6E696220
7372203A
6C617631
3878303D
30303030
2C313030
32737220
3D6C6176
66377830
66666666
00226566
73657422
31203A74
203B3637
203A6763
6E615F49
67635F64
7063203B
7263203A
3173725F
3273725F
6764655F
203B7365
3A6E6962
31737220
3D6C6176
30387830
30303030
202C3130
76327372
303D6C61
66666678
66666666
22002266
74736574
3731203A
63203B37
49203A67
646E615F
3B67635F
3A706320
5F726320
5F317372
5F327372
65676465
62203B73
203A6E69
76317372
303D6C61
30303878
30303030
72202C31
61763273
78303D6C
66666666
65666666
74220022
3A747365
38373120
6763203B
5F49203A
5F646E61
203B6763
203A7063
725F7263
725F3173
655F3273
73656764
6962203B
72203A6E
61763173
78303D6C
30303038
31303030
7372202C
6C617632
3578303D
38636262
22323738
65742200
203A7473
3B393731
3A676320
615F4920
635F646E
63203B67
63203A70
73725F72
73725F31
64655F32
3B736567
6E696220
7372203A
6C617631
3878303D
30303030
2C313030
32737220
3D6C6176
61617830
61616161
00226161
73657422
31203A74
203B3038
203A6763
6E615F49
67635F64
7063203B
7263203A
3173725F
3273725F
6764655F
203B7365
3A6E6962
31737220
3D6C6176
30387830
30303030
202C3130
76327372
303D6C61
35353578
35353535
22002235
74736574
3831203A
63203B31
49203A67
646E615F
3B67635F
3A706320
5F726320
5F317372
5F327372
65676465
62203B73
203A6E69
76317372
303D6C61
66663778
66666666
72202C66
61763273
78303D6C
22002230
74736574
3831203A
63203B32
49203A67
646E615F
3B67635F
3A706320
5F726320
5F317372
5F327372
65676465
62203B73
203A6E69
76317372
303D6C61
66663778
66666666
72202C66
61763273
78303D6C
22002231
74736574
3831203A
63203B33
49203A67
646E615F
3B67635F
3A706320
5F726320
5F317372
5F327372
65676465
62203B73
203A6E69
76317372
303D6C61
66663778
66666666
72202C66
61763273
78303D6C
22002232
74736574
3831203A
63203B34
49203A67
646E615F
3B67635F
3A706320
5F726320
5F317372
5F327372
65676465
62203B73
203A6E69
76317372
303D6C61
66663778
66666666
72202C66
61763273
78303D6C
30303038
30303030
74220022
3A747365
35383120
6763203B
5F49203A
5F646E61
203B6763
203A7063
725F7263
725F3173
655F3273
73656764
6962203B
72203A6E
61763173
78303D6C
66666637
66666666
7372202C
6C617632
3878303D
30303030
22313030
65742200
203A7473
3B363831
3A676320
615F4920
635F646E
63203B67
63203A70
73725F72
73725F31
64655F32
3B736567
6E696220
7372203A
6C617631
3778303D
66666666
2C666666
32737220
3D6C6176
66377830
66666666
00226666
73657422
31203A74
203B3738
203A6763
6E615F49
67635F64
7063203B
7263203A
3173725F
3273725F
6764655F
203B7365
3A6E6962
31737220
3D6C6176
66377830
66666666
202C6666
76327372
303D6C61
66663778
66666666
22002265
74736574
3831203A
63203B38
49203A67
646E615F
3B67635F
3A706320
5F726320
5F317372
5F327372
65676465
62203B73
203A6E69
76317372
303D6C61
66663778
66666666
72202C66
61763273
78303D6C
66666666
66666666
74220022
3A747365
39383120
6763203B
5F49203A
5F646E61
203B6763
203A7063
725F7263
725F3173
655F3273
73656764
6962203B
72203A6E
61763173
78303D6C
66666637
66666666
7372202C
6C617632
6678303D
66666666
22656666
65742200
203A7473
3B303931
3A676320
615F4920
635F646E
63203B67
63203A70
73725F72
73725F31
64655F32
3B736567
6E696220
7372203A
6C617631
3778303D
66666666
2C666666
32737220
3D6C6176
62357830
38386362
00223237
73657422
31203A74
203B3139
203A6763
6E615F49
67635F64
7063203B
7263203A
3173725F
3273725F
6764655F
203B7365
3A6E6962
31737220
3D6C6176
66377830
66666666
202C6666
76327372
303D6C61
61616178
61616161
22002261
74736574
3931203A
63203B32
49203A67
646E615F
3B67635F
3A706320
5F726320
5F317372
5F327372
65676465
62203B73
203A6E69
76317372
303D6C61
66663778
66666666
72202C66
61763273
78303D6C
35353535
35353535
74220022
3A747365
33393120
6763203B
5F49203A
5F646E61
203B6763
203A7063
725F7263
725F3173
655F3273
73656764
6962203B
72203A6E
61763173
78303D6C
66666637
65666666
7372202C
6C617632
3078303D
74220022
3A747365
34393120
6763203B
5F49203A
5F646E61
203B6763
203A7063
725F7263
725F3173
655F3273
73656764
6962203B
72203A6E
61763173
78303D6C
66666637
65666666
7372202C
6C617632
3178303D
74220022
3A747365
35393120
6763203B
5F49203A
5F646E61
203B6763
203A7063
725F7263
725F3173
655F3273
73656764
6962203B
72203A6E
61763173
78303D6C
66666637
65666666
7372202C
6C617632
3278303D
74220022
3A747365
36393120
6763203B
5F49203A
5F646E61
203B6763
203A7063
725F7263
725F3173
655F3273
73656764
6962203B
72203A6E
61763173
78303D6C
66666637
65666666
7372202C
6C617632
3878303D
30303030
22303030
65742200
203A7473
3B373931
3A676320
615F4920
635F646E
63203B67
63203A70
73725F72
73725F31
64655F32
3B736567
6E696220
7372203A
6C617631
3778303D
66666666
2C656666
32737220
3D6C6176
30387830
30303030
00223130
73657422
31203A74
203B3839
203A6763
6E615F49
67635F64
7063203B
7263203A
3173725F
3273725F
6764655F
203B7365
3A6E6962
31737220
3D6C6176
66377830
66666666
202C6566
76327372
303D6C61
66663778
66666666
22002266
74736574
3931203A
63203B39
49203A67
646E615F
3B67635F
3A706320
5F726320
5F317372
5F327372
65676465
62203B73
203A6E69
76317372
303D6C61
66663778
66666666
72202C65
61763273
78303D6C
66666637
65666666
74220022
3A747365
30303220
6763203B
5F49203A
5F646E61
203B6763
203A7063
725F7263
725F3173
655F3273
73656764
6962203B
72203A6E
61763173
78303D6C
66666637
65666666
7372202C
6C617632
6678303D
66666666
22666666
65742200
203A7473
3B313032
3A676320
615F4920
635F646E
63203B67
63203A70
73725F72
73725F31
64655F32
3B736567
6E696220
7372203A
6C617631
3778303D
66666666
2C656666
32737220
3D6C6176
66667830
66666666
00226566
73657422
32203A74
203B3230
203A6763
6E615F49
67635F64
7063203B
7263203A
3173725F
3273725F
6764655F
203B7365
3A6E6962
31737220
3D6C6176
66377830
66666666
202C6566
76327372
303D6C61
62623578
37383863
22002232
74736574
3032203A
63203B33
49203A67
646E615F
3B67635F
3A706320
5F726320
5F317372
5F327372
65676465
62203B73
203A6E69
76317372
303D6C61
66663778
66666666
72202C65
61763273
78303D6C
61616161
61616161
74220022
3A747365
34303220
6763203B
5F49203A
5F646E61
203B6763
203A7063
725F7263
725F3173
655F3273
73656764
6962203B
72203A6E
61763173
78303D6C
66666637
65666666
7372202C
6C617632
3578303D
35353535
22353535
65742200
203A7473
3B353032
3A676320
615F4920
635F646E
63203B67
63203A70
73725F72
73725F31
64655F32
3B736567
6E696220
7372203A
6C617631
6678303D
66666666
2C666666
32737220
3D6C6176
22307830
65742200
203A7473
3B363032
3A676320
615F4920
635F646E
63203B67
63203A70
73725F72
73725F31
64655F32
3B736567
6E696220
7372203A
6C617631
6678303D
66666666
2C666666
32737220
3D6C6176
22317830
65742200
203A7473
3B373032
3A676320
615F4920
635F646E
63203B67
63203A70
73725F72
73725F31
64655F32
3B736567
6E696220
7372203A
6C617631
6678303D
66666666
2C666666
32737220
3D6C6176
22327830
65742200
203A7473
3B383032
3A676320
615F4920
635F646E
63203B67
63203A70
73725F72
73725F31
64655F32
3B736567
6E696220
7372203A
6C617631
6678303D
66666666
2C666666
32737220
3D6C6176
30387830
30303030
00223030
73657422
32203A74
203B3930
203A6763
6E615F49
67635F64
7063203B
7263203A
3173725F
3273725F
6764655F
203B7365
3A6E6962
31737220
3D6C6176
66667830
66666666
202C6666
76327372
303D6C61
30303878
30303030
22002231
74736574
3132203A
63203B30
49203A67
646E615F
3B67635F
3A706320
5F726320
5F317372
5F327372
65676465
62203B73
203A6E69
76317372
303D6C61
66666678
66666666
72202C66
61763273
78303D6C
66666637
66666666
74220022
3A747365
31313220
6763203B
5F49203A
5F646E61
203B6763
203A7063
725F7263
725F3173
655F3273
73656764
6962203B
72203A6E
61763173
78303D6C
66666666
66666666
7372202C
6C617632
3778303D
66666666
22656666
65742200
203A7473
3B323132
3A676320
615F4920
635F646E
63203B67
63203A70
73725F72
73725F31
64655F32
3B736567
6E696220
7372203A
6C617631
6678303D
66666666
2C666666
32737220
3D6C6176
66667830
66666666
00226666
73657422
32203A74
203B3331
203A6763
6E615F49
67635F64
7063203B
7263203A
3173725F
3273725F
6764655F
203B7365
3A6E6962
31737220
3D6C6176
66667830
66666666
202C6666
76327372
303D6C61
66666678
66666666
22002265
74736574
3132203A
63203B34
49203A67
646E615F
3B67635F
3A706320
5F726320
5F317372
5F327372
65676465
62203B73
203A6E69
76317372
303D6C61
66666678
66666666
72202C66
61763273
78303D6C
63626235
32373838
74220022
3A747365
35313220
6763203B
5F49203A
5F646E61
203B6763
203A7063
725F7263
725F3173
655F3273
73656764
6962203B
72203A6E
61763173
78303D6C
66666666
66666666
7372202C
6C617632
6178303D
61616161
22616161
65742200
203A7473
3B363132
3A676320
615F4920
635F646E
63203B67
63203A70
73725F72
73725F31
64655F32
3B736567
6E696220
7372203A
6C617631
6678303D
66666666
2C666666
32737220
3D6C6176
35357830
35353535
00223535
73657422
32203A74
203B3731
203A6763
6E615F49
67635F64
7063203B
7263203A
3173725F
3273725F
6764655F
203B7365
3A6E6962
31737220
3D6C6176
66667830
66666666
202C6566
76327372
303D6C61
00223078
73657422
32203A74
203B3831
203A6763
6E615F49
67635F64
7063203B
7263203A
3173725F
3273725F
6764655F
203B7365
3A6E6962
31737220
3D6C6176
66667830
66666666
202C6566
76327372
303D6C61
00223178
73657422
32203A74
203B3931
203A6763
6E615F49
67635F64
7063203B
7263203A
3173725F
3273725F
6764655F
203B7365
3A6E6962
31737220
3D6C6176
66667830
66666666
202C6566
76327372
303D6C61
00223278
73657422
32203A74
203B3032
203A6763
6E615F49
67635F64
7063203B
7263203A
3173725F
3273725F
6764655F
203B7365
3A6E6962
31737220
3D6C6176
66667830
66666666
202C6566
76327372
303D6C61
30303878
30303030
22002230
74736574
3232203A
63203B31
49203A67
646E615F
3B67635F
3A706320
5F726320
5F317372
5F327372
65676465
62203B73
203A6E69
76317372
303D6C61
66666678
66666666
72202C65
61763273
78303D6C
30303038
31303030
74220022
3A747365
32323220
6763203B
5F49203A
5F646E61
203B6763
203A7063
725F7263
725F3173
655F3273
73656764
6962203B
72203A6E
61763173
78303D6C
66666666
65666666
7372202C
6C617632
3778303D
66666666
22666666
65742200
203A7473
3B333232
3A676320
615F4920
635F646E
63203B67
63203A70
73725F72
73725F31
64655F32
3B736567
6E696220
7372203A
6C617631
6678303D
66666666
2C656666
32737220
3D6C6176
66377830
66666666
00226566
73657422
32203A74
203B3432
203A6763
6E615F49
67635F64
7063203B
7263203A
3173725F
3273725F
6764655F
203B7365
3A6E6962
31737220
3D6C6176
66667830
66666666
202C6566
76327372
303D6C61
66666678
66666666
22002266
74736574
3232203A
63203B35
49203A67
646E615F
3B67635F
3A706320
5F726320
5F317372
5F327372
65676465
62203B73
203A6E69
76317372
303D6C61
66666678
66666666
72202C65
61763273
78303D6C
66666666
65666666
74220022
3A747365
36323220
6763203B
5F49203A
5F646E61
203B6763
203A7063
725F7263
725F3173
655F3273
73656764
6962203B
72203A6E
61763173
78303D6C
66666666
65666666
7372202C
6C617632
3578303D
38636262
22323738
65742200
203A7473
3B373232
3A676320
615F4920
635F646E
63203B67
63203A70
73725F72
73725F31
64655F32
3B736567
6E696220
7372203A
6C617631
6678303D
66666666
2C656666
32737220
3D6C6176
61617830
61616161
00226161
73657422
32203A74
203B3832
203A6763
6E615F49
67635F64
7063203B
7263203A
3173725F
3273725F
6764655F
203B7365
3A6E6962
31737220
3D6C6176
66667830
66666666
202C6566
76327372
303D6C61
35353578
35353535
22002235
74736574
3232203A
63203B39
49203A67
646E615F
3B67635F
3A706320
5F726320
5F317372
5F327372
65676465
62203B73
203A6E69
76317372
303D6C61
62623578
37383863
72202C32
61763273
78303D6C
22002230
74736574
3332203A
63203B30
49203A67
646E615F
3B67635F
3A706320
5F726320
5F317372
5F327372
65676465
62203B73
203A6E69
76317372
303D6C61
62623578
37383863
72202C32
61763273
78303D6C
22002231
74736574
3332203A
63203B31
49203A67
646E615F
3B67635F
3A706320
5F726320
5F317372
5F327372
65676465
62203B73
203A6E69
76317372
303D6C61
62623578
37383863
72202C32
61763273
78303D6C
22002232
74736574
3332203A
63203B32
49203A67
646E615F
3B67635F
3A706320
5F726320
5F317372
5F327372
65676465
62203B73
203A6E69
76317372
303D6C61
62623578
37383863
72202C32
61763273
78303D6C
30303038
30303030
74220022
3A747365
33333220
6763203B
5F49203A
5F646E61
203B6763
203A7063
725F7263
725F3173
655F3273
73656764
6962203B
72203A6E
61763173
78303D6C
63626235
32373838
7372202C
6C617632
3878303D
30303030
22313030
65742200
203A7473
3B343332
3A676320
615F4920
635F646E
63203B67
63203A70
73725F72
73725F31
64655F32
3B736567
6E696220
7372203A
6C617631
3578303D
38636262
2C323738
32737220
3D6C6176
66377830
66666666
00226666
73657422
32203A74
203B3533
203A6763
6E615F49
67635F64
7063203B
7263203A
3173725F
3273725F
6764655F
203B7365
3A6E6962
31737220
3D6C6176
62357830
38386362
202C3237
76327372
303D6C61
66663778
66666666
22002265
74736574
3332203A
63203B36
49203A67
646E615F
3B67635F
3A706320
5F726320
5F317372
5F327372
65676465
62203B73
203A6E69
76317372
303D6C61
62623578
37383863
72202C32
61763273
78303D6C
66666666
66666666
74220022
3A747365
37333220
6763203B
5F49203A
5F646E61
203B6763
203A7063
725F7263
725F3173
655F3273
73656764
6962203B
72203A6E
61763173
78303D6C
63626235
32373838
7372202C
6C617632
6678303D
66666666
22656666
65742200
203A7473
3B383332
3A676320
615F4920
635F646E
63203B67
63203A70
73725F72
73725F31
64655F32
3B736567
6E696220
7372203A
6C617631
3578303D
38636262
2C323738
32737220
3D6C6176
62357830
38386362
00223237
73657422
32203A74
203B3933
203A6763
6E615F49
67635F64
7063203B
7263203A
3173725F
3273725F
6764655F
203B7365
3A6E6962
31737220
3D6C6176
62357830
38386362
202C3237
76327372
303D6C61
61616178
61616161
22002261
74736574
3432203A
63203B30
49203A67
646E615F
3B67635F
3A706320
5F726320
5F317372
5F327372
65676465
62203B73
203A6E69
76317372
303D6C61
62623578
37383863
72202C32
61763273
78303D6C
35353535
35353535
74220022
3A747365
31343220
6763203B
5F49203A
5F646E61
203B6763
203A7063
725F7263
725F3173
655F3273
73656764
6962203B
72203A6E
61763173
78303D6C
61616161
61616161
7372202C
6C617632
3078303D
74220022
3A747365
32343220
6763203B
5F49203A
5F646E61
203B6763
203A7063
725F7263
725F3173
655F3273
73656764
6962203B
72203A6E
61763173
78303D6C
61616161
61616161
7372202C
6C617632
3178303D
74220022
3A747365
33343220
6763203B
5F49203A
5F646E61
203B6763
203A7063
725F7263
725F3173
655F3273
73656764
6962203B
72203A6E
61763173
78303D6C
61616161
61616161
7372202C
6C617632
3278303D
74220022
3A747365
34343220
6763203B
5F49203A
5F646E61
203B6763
203A7063
725F7263
725F3173
655F3273
73656764
6962203B
72203A6E
61763173
78303D6C
61616161
61616161
7372202C
6C617632
3878303D
30303030
22303030
65742200
203A7473
3B353432
3A676320
615F4920
635F646E
63203B67
63203A70
73725F72
73725F31
64655F32
3B736567
6E696220
7372203A
6C617631
6178303D
61616161
2C616161
32737220
3D6C6176
30387830
30303030
00223130
73657422
32203A74
203B3634
203A6763
6E615F49
67635F64
7063203B
7263203A
3173725F
3273725F
6764655F
203B7365
3A6E6962
31737220
3D6C6176
61617830
61616161
202C6161
76327372
303D6C61
66663778
66666666
22002266
74736574
3432203A
63203B37
49203A67
646E615F
3B67635F
3A706320
5F726320
5F317372
5F327372
65676465
62203B73
203A6E69
76317372
303D6C61
61616178
61616161
72202C61
61763273
78303D6C
66666637
65666666
74220022
3A747365
38343220
6763203B
5F49203A
5F646E61
203B6763
203A7063
725F7263
725F3173
655F3273
73656764
6962203B
72203A6E
61763173
78303D6C
61616161
61616161
7372202C
6C617632
6678303D
66666666
22666666
65742200
203A7473
3B393432
3A676320
615F4920
635F646E
63203B67
63203A70
73725F72
73725F31
64655F32
3B736567
6E696220
7372203A
6C617631
6178303D
61616161
2C616161
32737220
3D6C6176
66667830
66666666
00226566
73657422
32203A74
203B3035
203A6763
6E615F49
67635F64
7063203B
7263203A
3173725F
3273725F
6764655F
203B7365
3A6E6962
31737220
3D6C6176
61617830
61616161
202C6161
76327372
303D6C61
62623578
37383863
22002232
74736574
3532203A
63203B31
49203A67
646E615F
3B67635F
3A706320
5F726320
5F317372
5F327372
65676465
62203B73
203A6E69
76317372
303D6C61
61616178
61616161
72202C61
61763273
78303D6C
61616161
61616161
74220022
3A747365
32353220
6763203B
5F49203A
5F646E61
203B6763
203A7063
725F7263
725F3173
655F3273
73656764
6962203B
72203A6E
61763173
78303D6C
61616161
61616161
7372202C
6C617632
3578303D
35353535
22353535
65742200
203A7473
3B333532
3A676320
615F4920
635F646E
63203B67
63203A70
73725F72
73725F31
64655F32
3B736567
6E696220
7372203A
6C617631
3578303D
35353535
2C353535
32737220
3D6C6176
22307830
65742200
203A7473
3B343532
3A676320
615F4920
635F646E
63203B67
63203A70
73725F72
73725F31
64655F32
3B736567
6E696220
7372203A
6C617631
3578303D
35353535
2C353535
32737220
3D6C6176
22317830
65742200
203A7473
3B353532
3A676320
615F4920
635F646E
63203B67
63203A70
73725F72
73725F31
64655F32
3B736567
6E696220
7372203A
6C617631
3578303D
35353535
2C353535
32737220
3D6C6176
22327830
65742200
203A7473
3B363532
3A676320
615F4920
635F646E
63203B67
63203A70
73725F72
73725F31
64655F32
3B736567
6E696220
7372203A
6C617631
3578303D
35353535
2C353535
32737220
3D6C6176
30387830
30303030
00223030
73657422
32203A74
203B3735
203A6763
6E615F49
67635F64
7063203B
7263203A
3173725F
3273725F
6764655F
203B7365
3A6E6962
31737220
3D6C6176
35357830
35353535
202C3535
76327372
303D6C61
30303878
30303030
22002231
74736574
3532203A
63203B38
49203A67
646E615F
3B67635F
3A706320
5F726320
5F317372
5F327372
65676465
62203B73
203A6E69
76317372
303D6C61
35353578
35353535
72202C35
61763273
78303D6C
66666637
66666666
74220022
3A747365
39353220
6763203B
5F49203A
5F646E61
203B6763
203A7063
725F7263
725F3173
655F3273
73656764
6962203B
72203A6E
61763173
78303D6C
35353535
35353535
7372202C
6C617632
3778303D
66666666
22656666
65742200
203A7473
3B303632
3A676320
615F4920
635F646E
63203B67
63203A70
73725F72
73725F31
64655F32
3B736567
6E696220
7372203A
6C617631
3578303D
35353535
2C353535
32737220
3D6C6176
66667830
66666666
00226666
73657422
32203A74
203B3136
203A6763
6E615F49
67635F64
7063203B
7263203A
3173725F
3273725F
6764655F
203B7365
3A6E6962
31737220
3D6C6176
35357830
35353535
202C3535
76327372
303D6C61
66666678
66666666
22002265
74736574
3632203A
63203B32
49203A67
646E615F
3B67635F
3A706320
5F726320
5F317372
5F327372
65676465
62203B73
203A6E69
76317372
303D6C61
35353578
35353535
72202C35
61763273
78303D6C
63626235
32373838
74220022
3A747365
33363220
6763203B
5F49203A
5F646E61
203B6763
203A7063
725F7263
725F3173
655F3273
73656764
6962203B
72203A6E
61763173
78303D6C
35353535
35353535
7372202C
6C617632
6178303D
61616161
22616161
65742200
203A7473
3B343632
3A676320
615F4920
635F646E
63203B67
63203A70
73725F72
73725F31
64655F32
3B736567
6E696220
7372203A
6C617631
3578303D
35353535
2C353535
32737220
3D6C6176
35357830
35353535
00223535
73657422
32203A74
203B3536
203A6763
6E615F49
67635F64
7063203B
6D63203A
73725F70
73725F31
62203B32
203A6E69
00223062
73657422
32203A74
203B3636
203A6763
6E615F49
67635F64
7063203B
6D63203A
73725F70
73725F31
62203B32
203A6E69
00223162
73657422
32203A74
203B3736
203A6763
6E615F49
67635F64
7063203B
6D63203A
73725F70
73725F31
62203B32
203A6E69
00223262
73657422
32203A74
203B3836
203A6763
6E615F49
67635F64
7063203B
6D63203A
73725F70
73725F31
62203B32
203A6E69
00223362
73657422
32203A74
203B3936
203A6763
6E615F49
67635F64
7063203B
6D63203A
73725F70
73725F31
62203B32
203A6E69
00223462
73657422
32203A74
203B3037
203A6763
6E615F49
67635F64
7063203B
6D63203A
73725F70
73725F31
62203B32
203A6E69
00223562
73657422
32203A74
203B3137
203A6763
6E615F49
67635F64
7063203B
6D63203A
73725F70
73725F31
62203B32
203A6E69
00223662
73657422
32203A74
203B3237
203A6763
6E615F49
67635F64
7063203B
6D63203A
73725F70
73725F31
62203B32
203A6E69
00223762
73657422
32203A74
203B3337
203A6763
6E615F49
67635F64
7063203B
6D63203A
73725F70
73725F31
62203B32
203A6E69
00223862
73657422
32203A74
203B3437
203A6763
6E615F49
67635F64
7063203B
6D63203A
73725F70
73725F31
62203B32
203A6E69
00223962
73657422
32203A74
203B3537
203A6763
6E615F49
67635F64
7063203B
6D63203A
73725F70
73725F31
62203B32
203A6E69
22303162
65742200
203A7473
3B363732
3A676320
615F4920
635F646E
63203B67
63203A70
725F706D
725F3173
203B3273
3A6E6962
31316220
74220022
3A747365
37373220
6763203B
5F49203A
5F646E61
203B6763
203A7063
5F706D63
5F317372
3B327372
6E696220
3162203A
22002232
74736574
3732203A
63203B38
49203A67
646E615F
3B67635F
3A706320
706D6320
3173725F
3273725F
6962203B
62203A6E
00223331
73657422
32203A74
203B3937
203A6763
6E615F49
67635F64
7063203B
6D63203A
73725F70
73725F31
62203B32
203A6E69
22343162
65742200
203A7473
3B303832
3A676320
615F4920
635F646E
63203B67
63203A70
725F706D
725F3173
203B3273
3A6E6962
35316220
74220022
3A747365
31383220
6763203B
5F49203A
5F646E61
203B6763
203A7063
5F706D63
5F317372
3B327372
6E696220
3162203A
22002236
74736574
3832203A
63203B32
49203A67
646E615F
3B67635F
3A706320
706D6320
3173725F
3273725F
6962203B
62203A6E
00223731
73657422
32203A74
203B3338
203A6763
6E615F49
67635F64
7063203B
6D63203A
73725F70
73725F31
62203B32
203A6E69
22383162
65742200
203A7473
3B343832
3A676320
615F4920
635F646E
63203B67
63203A70
725F706D
725F3173
203B3273
3A6E6962
39316220
74220022
3A747365
35383220
6763203B
5F49203A
5F646E61
203B6763
203A7063
5F706D63
5F317372
3B327372
6E696220
3262203A
22002230
74736574
3832203A
63203B36
49203A67
646E615F
3B67635F
3A706320
706D6320
3173725F
3273725F
6962203B
62203A6E
00223132
73657422
32203A74
203B3738
203A6763
6E615F49
67635F64
7063203B
6D63203A
73725F70
73725F31
62203B32
203A6E69
22323262
65742200
203A7473
3B383832
3A676320
615F4920
635F646E
63203B67
63203A70
725F706D
725F3173
203B3273
3A6E6962
33326220
74220022
3A747365
39383220
6763203B
5F49203A
5F646E61
203B6763
203A7063
5F706D63
5F317372
3B327372
6E696220
3262203A
22002234
74736574
3932203A
63203B30
49203A67
646E615F
3B67635F
3A706320
706D6320
3173725F
3273725F
6962203B
62203A6E
00223532
73657422
32203A74
203B3139
203A6763
6E615F49
67635F64
7063203B
6D63203A
73725F70
73725F31
62203B32
203A6E69
22363262
65742200
203A7473
3B323932
3A676320
615F4920
635F646E
63203B67
63203A70
725F706D
725F3173
203B3273
3A6E6962
37326220
74220022
3A747365
33393220
6763203B
5F49203A
5F646E61
203B6763
203A7063
5F706D63
5F317372
3B327372
6E696220
3262203A
22002238
74736574
3932203A
63203B34
49203A67
646E615F
3B67635F
3A706320
706D6320
3173725F
3273725F
6962203B
62203A6E
00223932
73657422
32203A74
203B3539
203A6763
6E615F49
67635F64
7063203B
6D63203A
73725F70
73725F31
62203B32
203A6E69
22303362
65742200
203A7473
3B363932
3A676320
615F4920
635F646E
63203B67
63203A70
725F706D
725F3173
203B3273
3A6E6962
31336220
74220022
3A747365
37393220
6763203B
5F49203A
5F646E61
203B6763
203A7063
5F706D63
725F6472
203B3173
3A6E6962
22306220
65742200
203A7473
3B383932
3A676320
615F4920
635F646E
63203B67
63203A70
725F706D
73725F64
62203B31
203A6E69
00223162
73657422
32203A74
203B3939
203A6763
6E615F49
67635F64
7063203B
6D63203A
64725F70
3173725F
6962203B
62203A6E
22002232
74736574
3033203A
63203B30
49203A67
646E615F
3B67635F
3A706320
706D6320
5F64725F
3B317372
6E696220
3362203A
74220022
3A747365
31303320
6763203B
5F49203A
5F646E61
203B6763
203A7063
5F706D63
725F6472
203B3173
3A6E6962
22346220
65742200
203A7473
3B323033
3A676320
615F4920
635F646E
63203B67
63203A70
725F706D
73725F64
62203B31
203A6E69
00223562
73657422
33203A74
203B3330
203A6763
6E615F49
67635F64
7063203B
6D63203A
64725F70
3173725F
6962203B
62203A6E
22002236
74736574
3033203A
63203B34
49203A67
646E615F
3B67635F
3A706320
706D6320
5F64725F
3B317372
6E696220
3762203A
74220022
3A747365
35303320
6763203B
5F49203A
5F646E61
203B6763
203A7063
5F706D63
725F6472
203B3173
3A6E6962
22386220
65742200
203A7473
3B363033
3A676320
615F4920
635F646E
63203B67
63203A70
725F706D
73725F64
62203B31
203A6E69
00223962
73657422
33203A74
203B3730
203A6763
6E615F49
67635F64
7063203B
6D63203A
64725F70
3173725F
6962203B
62203A6E
00223031
73657422
33203A74
203B3830
203A6763
6E615F49
67635F64
7063203B
6D63203A
64725F70
3173725F
6962203B
62203A6E
00223131
73657422
33203A74
203B3930
203A6763
6E615F49
67635F64
7063203B
6D63203A
64725F70
3173725F
6962203B
62203A6E
00223231
73657422
33203A74
203B3031
203A6763
6E615F49
67635F64
7063203B
6D63203A
64725F70
3173725F
6962203B
62203A6E
00223331
73657422
33203A74
203B3131
203A6763
6E615F49
67635F64
7063203B
6D63203A
64725F70
3173725F
6962203B
62203A6E
00223431
73657422
33203A74
203B3231
203A6763
6E615F49
67635F64
7063203B
6D63203A
64725F70
3173725F
6962203B
62203A6E
00223531
73657422
33203A74
203B3331
203A6763
6E615F49
67635F64
7063203B
6D63203A
64725F70
3173725F
6962203B
62203A6E
00223631
73657422
33203A74
203B3431
203A6763
6E615F49
67635F64
7063203B
6D63203A
64725F70
3173725F
6962203B
62203A6E
00223731
73657422
33203A74
203B3531
203A6763
6E615F49
67635F64
7063203B
6D63203A
64725F70
3173725F
6962203B
62203A6E
00223831
73657422
33203A74
203B3631
203A6763
6E615F49
67635F64
7063203B
6D63203A
64725F70
3173725F
6962203B
62203A6E
00223931
73657422
33203A74
203B3731
203A6763
6E615F49
67635F64
7063203B
6D63203A
64725F70
3173725F
6962203B
62203A6E
00223032
73657422
33203A74
203B3831
203A6763
6E615F49
67635F64
7063203B
6D63203A
64725F70
3173725F
6962203B
62203A6E
00223132
73657422
33203A74
203B3931
203A6763
6E615F49
67635F64
7063203B
6D63203A
64725F70
3173725F
6962203B
62203A6E
00223232
73657422
33203A74
203B3032
203A6763
6E615F49
67635F64
7063203B
6D63203A
64725F70
3173725F
6962203B
62203A6E
00223332
73657422
33203A74
203B3132
203A6763
6E615F49
67635F64
7063203B
6D63203A
64725F70
3173725F
6962203B
62203A6E
00223432
73657422
33203A74
203B3232
203A6763
6E615F49
67635F64
7063203B
6D63203A
64725F70
3173725F
6962203B
62203A6E
00223532
73657422
33203A74
203B3332
203A6763
6E615F49
67635F64
7063203B
6D63203A
64725F70
3173725F
6962203B
62203A6E
00223632
73657422
33203A74
203B3432
203A6763
6E615F49
67635F64
7063203B
6D63203A
64725F70
3173725F
6962203B
62203A6E
00223732
73657422
33203A74
203B3532
203A6763
6E615F49
67635F64
7063203B
6D63203A
64725F70
3173725F
6962203B
62203A6E
00223832
73657422
33203A74
203B3632
203A6763
6E615F49
67635F64
7063203B
6D63203A
64725F70
3173725F
6962203B
62203A6E
00223932
73657422
33203A74
203B3732
203A6763
6E615F49
67635F64
7063203B
6D63203A
64725F70
3173725F
6962203B
62203A6E
00223033
73657422
33203A74
203B3832
203A6763
6E615F49
67635F64
7063203B
6D63203A
64725F70
3173725F
6962203B
62203A6E
00223133
73657422
33203A74
203B3932
203A6763
6E615F49
67635F64
7063203B
6D63203A
64725F70
3273725F
6962203B
62203A6E
22002230
74736574
3333203A
63203B30
49203A67
646E615F
3B67635F
3A706320
706D6320
5F64725F
3B327372
6E696220
3162203A
74220022
3A747365
31333320
6763203B
5F49203A
5F646E61
203B6763
203A7063
5F706D63
725F6472
203B3273
3A6E6962
22326220
65742200
203A7473
3B323333
3A676320
615F4920
635F646E
63203B67
63203A70
725F706D
73725F64
62203B32
203A6E69
00223362
73657422
33203A74
203B3333
203A6763
6E615F49
67635F64
7063203B
6D63203A
64725F70
3273725F
6962203B
62203A6E
22002234
74736574
3333203A
63203B34
49203A67
646E615F
3B67635F
3A706320
706D6320
5F64725F
3B327372
6E696220
3562203A
74220022
3A747365
35333320
6763203B
5F49203A
5F646E61
203B6763
203A7063
5F706D63
725F6472
203B3273
3A6E6962
22366220
65742200
203A7473
3B363333
3A676320
615F4920
635F646E
63203B67
63203A70
725F706D
73725F64
62203B32
203A6E69
00223762
73657422
33203A74
203B3733
203A6763
6E615F49
67635F64
7063203B
6D63203A
64725F70
3273725F
6962203B
62203A6E
22002238
74736574
3333203A
63203B38
49203A67
646E615F
3B67635F
3A706320
706D6320
5F64725F
3B327372
6E696220
3962203A
74220022
3A747365
39333320
6763203B
5F49203A
5F646E61
203B6763
203A7063
5F706D63
725F6472
203B3273
3A6E6962
30316220
74220022
3A747365
30343320
6763203B
5F49203A
5F646E61
203B6763
203A7063
5F706D63
725F6472
203B3273
3A6E6962
31316220
74220022
3A747365
31343320
6763203B
5F49203A
5F646E61
203B6763
203A7063
5F706D63
725F6472
203B3273
3A6E6962
32316220
74220022
3A747365
32343320
6763203B
5F49203A
5F646E61
203B6763
203A7063
5F706D63
725F6472
203B3273
3A6E6962
33316220
74220022
3A747365
33343320
6763203B
5F49203A
5F646E61
203B6763
203A7063
5F706D63
725F6472
203B3273
3A6E6962
34316220
74220022
3A747365
34343320
6763203B
5F49203A
5F646E61
203B6763
203A7063
5F706D63
725F6472
203B3273
3A6E6962
35316220
74220022
3A747365
35343320
6763203B
5F49203A
5F646E61
203B6763
203A7063
5F706D63
725F6472
203B3273
3A6E6962
36316220
74220022
3A747365
36343320
6763203B
5F49203A
5F646E61
203B6763
203A7063
5F706D63
725F6472
203B3273
3A6E6962
37316220
74220022
3A747365
37343320
6763203B
5F49203A
5F646E61
203B6763
203A7063
5F706D63
725F6472
203B3273
3A6E6962
38316220
74220022
3A747365
38343320
6763203B
5F49203A
5F646E61
203B6763
203A7063
5F706D63
725F6472
203B3273
3A6E6962
39316220
74220022
3A747365
39343320
6763203B
5F49203A
5F646E61
203B6763
203A7063
5F706D63
725F6472
203B3273
3A6E6962
30326220
74220022
3A747365
30353320
6763203B
5F49203A
5F646E61
203B6763
203A7063
5F706D63
725F6472
203B3273
3A6E6962
31326220
74220022
3A747365
31353320
6763203B
5F49203A
5F646E61
203B6763
203A7063
5F706D63
725F6472
203B3273
3A6E6962
32326220
74220022
3A747365
32353320
6763203B
5F49203A
5F646E61
203B6763
203A7063
5F706D63
725F6472
203B3273
3A6E6962
33326220
74220022
3A747365
33353320
6763203B
5F49203A
5F646E61
203B6763
203A7063
5F706D63
725F6472
203B3273
3A6E6962
34326220
74220022
3A747365
34353320
6763203B
5F49203A
5F646E61
203B6763
203A7063
5F706D63
725F6472
203B3273
3A6E6962
35326220
74220022
3A747365
35353320
6763203B
5F49203A
5F646E61
203B6763
203A7063
5F706D63
725F6472
203B3273
3A6E6962
36326220
74220022
3A747365
36353320
6763203B
5F49203A
5F646E61
203B6763
203A7063
5F706D63
725F6472
203B3273
3A6E6962
37326220
74220022
3A747365
37353320
6763203B
5F49203A
5F646E61
203B6763
203A7063
5F706D63
725F6472
203B3273
3A6E6962
38326220
74220022
3A747365
38353320
6763203B
5F49203A
5F646E61
203B6763
203A7063
5F706D63
725F6472
203B3273
3A6E6962
39326220
74220022
3A747365
39353320
6763203B
5F49203A
5F646E61
203B6763
203A7063
5F706D63
725F6472
203B3273
3A6E6962
30336220
74220022
3A747365
30363320
6763203B
5F49203A
5F646E61
203B6763
203A7063
5F706D63
725F6472
203B3273
3A6E6962
31336220
74220022
3A747365
31363320
6763203B
5F49203A
5F646E61
203B6763
203A7063
5F706D63
725F6472
725F3173
203B3273
3A6E6962
22306220
65742200
203A7473
3B323633
3A676320
615F4920
635F646E
63203B67
63203A70
725F706D
73725F64
73725F31
62203B32
203A6E69
00223162
73657422
33203A74
203B3336
203A6763
6E615F49
67635F64
7063203B
6D63203A
64725F70
3173725F
3273725F
6962203B
62203A6E
22002232
74736574
3633203A
63203B34
49203A67
646E615F
3B67635F
3A706320
706D6320
5F64725F
5F317372
3B327372
6E696220
3362203A
74220022
3A747365
35363320
6763203B
5F49203A
5F646E61
203B6763
203A7063
5F706D63
725F6472
725F3173
203B3273
3A6E6962
22346220
65742200
203A7473
3B363633
3A676320
615F4920
635F646E
63203B67
63203A70
725F706D
73725F64
73725F31
62203B32
203A6E69
00223562
73657422
33203A74
203B3736
203A6763
6E615F49
67635F64
7063203B
6D63203A
64725F70
3173725F
3273725F
6962203B
62203A6E
22002236
74736574
3633203A
63203B38
49203A67
646E615F
3B67635F
3A706320
706D6320
5F64725F
5F317372
3B327372
6E696220
3762203A
74220022
3A747365
39363320
6763203B
5F49203A
5F646E61
203B6763
203A7063
5F706D63
725F6472
725F3173
203B3273
3A6E6962
22386220
65742200
203A7473
3B303733
3A676320
615F4920
635F646E
63203B67
63203A70
725F706D
73725F64
73725F31
62203B32
203A6E69
00223962
73657422
33203A74
203B3137
203A6763
6E615F49
67635F64
7063203B
6D63203A
64725F70
3173725F
3273725F
6962203B
62203A6E
00223031
73657422
33203A74
203B3237
203A6763
6E615F49
67635F64
7063203B
6D63203A
64725F70
3173725F
3273725F
6962203B
62203A6E
00223131
73657422
33203A74
203B3337
203A6763
6E615F49
67635F64
7063203B
6D63203A
64725F70
3173725F
3273725F
6962203B
62203A6E
00223231
73657422
33203A74
203B3437
203A6763
6E615F49
67635F64
7063203B
6D63203A
64725F70
3173725F
3273725F
6962203B
62203A6E
00223331
73657422
33203A74
203B3537
203A6763
6E615F49
67635F64
7063203B
6D63203A
64725F70
3173725F
3273725F
6962203B
62203A6E
00223431
73657422
33203A74
203B3637
203A6763
6E615F49
67635F64
7063203B
6D63203A
64725F70
3173725F
3273725F
6962203B
62203A6E
00223531
73657422
33203A74
203B3737
203A6763
6E615F49
67635F64
7063203B
6D63203A
64725F70
3173725F
3273725F
6962203B
62203A6E
00223631
73657422
33203A74
203B3837
203A6763
6E615F49
67635F64
7063203B
6D63203A
64725F70
3173725F
3273725F
6962203B
62203A6E
00223731
73657422
33203A74
203B3937
203A6763
6E615F49
67635F64
7063203B
6D63203A
64725F70
3173725F
3273725F
6962203B
62203A6E
00223831
73657422
33203A74
203B3038
203A6763
6E615F49
67635F64
7063203B
6D63203A
64725F70
3173725F
3273725F
6962203B
62203A6E
00223931
73657422
33203A74
203B3138
203A6763
6E615F49
67635F64
7063203B
6D63203A
64725F70
3173725F
3273725F
6962203B
62203A6E
00223032
73657422
33203A74
203B3238
203A6763
6E615F49
67635F64
7063203B
6D63203A
64725F70
3173725F
3273725F
6962203B
62203A6E
00223132
73657422
33203A74
203B3338
203A6763
6E615F49
67635F64
7063203B
6D63203A
64725F70
3173725F
3273725F
6962203B
62203A6E
00223232
73657422
33203A74
203B3438
203A6763
6E615F49
67635F64
7063203B
6D63203A
64725F70
3173725F
3273725F
6962203B
62203A6E
00223332
73657422
33203A74
203B3538
203A6763
6E615F49
67635F64
7063203B
6D63203A
64725F70
3173725F
3273725F
6962203B
62203A6E
00223432
73657422
33203A74
203B3638
203A6763
6E615F49
67635F64
7063203B
6D63203A
64725F70
3173725F
3273725F
6962203B
62203A6E
00223532
73657422
33203A74
203B3738
203A6763
6E615F49
67635F64
7063203B
6D63203A
64725F70
3173725F
3273725F
6962203B
62203A6E
00223632
73657422
33203A74
203B3838
203A6763
6E615F49
67635F64
7063203B
6D63203A
64725F70
3173725F
3273725F
6962203B
62203A6E
00223732
73657422
33203A74
203B3938
203A6763
6E615F49
67635F64
7063203B
6D63203A
64725F70
3173725F
3273725F
6962203B
62203A6E
00223832
73657422
33203A74
203B3039
203A6763
6E615F49
67635F64
7063203B
6D63203A
64725F70
3173725F
3273725F
6962203B
62203A6E
00223932
73657422
33203A74
203B3139
203A6763
6E615F49
67635F64
7063203B
6D63203A
64725F70
3173725F
3273725F
6962203B
62203A6E
00223033
73657422
33203A74
203B3239
203A6763
6E615F49
67635F64
7063203B
6D63203A
64725F70
3173725F
3273725F
6962203B
62203A6E
00223133
00000000
00000000
00000000
BAAAAAAD
BAAAAAAD
BAAAAAAD
BAAAAAAD
BAAAAAAD
BAAAAAAD
BAAAAAAD
BAAAAAAD
BAAAAAAD
BAAAAAAD
BAAAAAAD
BAAAAAAD
BAAAAAAD
BAAAAAAD
BAAAAAAD
BAAAAAAD
BAAAAAAD
BAAAAAAD
BAAAAAAD
BAAAAAAD
BAAAAAAD
BAAAAAAD
BAAAAAAD
BAAAAAAD
BAAAAAAD
BAAAAAAD
BAAAAAAD
BAAAAAAD
BAAAAAAD
BAAAAAAD
BAAAAAAD
BAAAAAAD
BAAAAAAD
BAAAAAAD
BAAAAAAD
BAAAAAAD
BAAAAAAD
BAAAAAAD
BAAAAAAD
BAAAAAAD
BAAAAAAD
BAAAAAAD
BAAAAAAD
BAAAAAAD
BAAAAAAD
BAAAAAAD
BAAAAAAD
BAAAAAAD
BAAAAAAD
BAAAAAAD
BAAAAAAD
BAAAAAAD
BAAAAAAD
BAAAAAAD
BAAAAAAD
BAAAAAAD
BAAAAAAD
BAAAAAAD
BAAAAAAD
BAAAAAAD
BAAAAAAD
BAAAAAAD
BAAAAAAD
BAAAAAAD
FEEDF00D
BAAAAAAD
BAAAAAAD
BAAAAAAD
BAAAAAAD
BAAAAAAD
BAAAAAAD
BAAAAAAD
BAAAAAAD
BAAAAAAD
00000000
00000000
00000000
00000000
00000000
00000000
00000000
00000000
00000000
00000000
00000000
00000000
00000000
00000000
00000000
00000000
00000000
00000000
00000000
00000000
00000000
00000000
00000000
00000000
00000000
00000000
8000F4C0
8000F4E0
8000F4FA
8000F50F
8000F51B
8000F534
8000F547
8000F565
8000F57D
8000F59B
8000F5B9
8000F5D8
8000F5F6
8000F60E
8000F61F
8000F62E
8000F644
8000F651
8000F660
8000F670
8000F680
8000F69E
8000F6B5
8000F6CA
8000F6E6
8000F6FE
8000F71D
8000F744
8000F760
8000F778
8000F794
8000F7B8
8000F7D1
8000F7E9
8000F808
8000F82F
8000F84B
8000F870
8000F88C
8000F8A5
74736E49
74637572
206E6F69
72646461
20737365
6173696D
6E67696C
000A6465
74736E49
74637572
206E6F69
65636361
66207373
746C7561
6C49000A
6167656C
6E69206C
75727473
6F697463
42000A6E
6B616572
6E696F70
4C000A74
2064616F
72646461
20737365
6173696D
6E67696C
000A6465
64616F4C
63636120
20737365
6C756166
53000A74
65726F74
4F4D412F
64646120
73736572
73696D20
67696C61
0A64656E
6F745300
412F6572
61204F4D
73656363
61662073
0A746C75
766E4500
6E6F7269
746E656D
6C616320
7266206C
55206D6F
646F6D2D
45000A65
7269766E
656D6E6F
6320746E
206C6C61
6D6F7266
6D2D5320
0A65646F
766E4500
6E6F7269
746E656D
6C616320
7266206C
56206D6F
6F6D2D53
000A6564
69766E45
6D6E6F72
20746E65
6C6C6163
6F726620
2D4D206D
65646F6D
6E49000A
75727473
6F697463
6170206E
66206567
746C7561
6F4C000A
70206461
20656761
6C756166
52000A74
72657365
20646576
29343128
7453000A
2F65726F
204F4D41
65676170
75616620
000A746C
62756F44
7420656C
0A706172
73655200
65767265
31282064
000A2937
74666F53
65726177
65686320
000A6B63
64726148
65726177
72726520
000A726F
74736E49
74637572
206E6F69
73657567
61702D74
66206567
746C7561
6F4C000A
67206461
74736575
6761702D
61662065
0A746C75
72695600
6C617574
736E6920
63757274
6E6F6974
7453000A
2F65726F
204F4D41
73657567
61702D74
66206567
746C7561
6552000A
76726573
69206465
7265746E
74707572
29302820
7553000A
76726570
726F7369
666F7320
72617774
6E692065
72726574
0A747075
72695600
6C617574
70757320
69767265
20726F73
74666F73
65726177
746E6920
75727265
000A7470
6863614D
20656E69
74666F73
65726177
746E6920
75727265
000A7470
65736552
64657672
746E6920
75727265
28207470
000A2934
65707553
73697672
7420726F
72656D69
746E6920
75727265
000A7470
74726956
206C6175
65707573
73697672
7420726F
72656D69
746E6920
75727265
000A7470
6863614D
20656E69
656D6974
6E692072
72726574
0A747075
73655200
65767265
6E692064
72726574
20747075
0A293828
70755300
69767265
20726F73
65747865
6C616E72
746E6920
75727265
000A7470
74726956
206C6175
65707573
73697672
6520726F
72657478
206C616E
65746E69
70757272
4D000A74
69686361
6520656E
72657478
206C616E
65746E69
70757272
53000A74
72657075
6F736976
75672072
20747365
65747865
6C616E72
746E6920
75727265
000A7470
6E756F43
20726574
7265766F
776F6C66
746E6920
75727265
000A7470
65736552
64657672
746E6920
75727265
28207470
0A293431
73655200
65767265
6E692064
72726574
20747075
29353128
6E55000A
776F6E6B
75632F6E
6D6F7473
75616320
000A6573
4356520A
55532D50
52414D4D
54203A59
20545345
53534150
2D204445
73655420
69462074
2220656C
6E612D49
30302D64
0A22532E
520A000A
2D504356
4D4D5553
3A595241
53455420
41462054
44454C49
54202D20
20747365
656C6946
2D492220
2D646E61
532E3030
0A000A22
50435652
4544203A
20475542
4F464E49
54414D52
204E4F49
4C4C4F46
0A53574F
68542200
72742065
68207061
6C646E61
61207265
74726F62
74206465
74206568
20747365
6F666562
6E206572
616D726F
6F63206C
656C706D
6E6F6974
0A002221
50435652
7254203A
73207061
616E6769
65727574
65766F20
6F6C6672
6E692077
6C657320
68632D66
206B6365
65646F6D
5544202E
65672054
6172656E
20646574
206F6F74
796E616D
61727420
202E7370
20202020
5652000A
203A5043
74736554
666E4920
00203A6F
5652000A
203A5043
74736E49
74637572
3A6E6F69
56520020
203A5043
72707041
6D69786F
20657461
72646461
20737365
69616628
6572756C
79616D20
20656220
67696C73
796C7468
74666120
74207265
29736968
5200203A
3A504356
64644120
73736572
20666F20
74736E69
74637572
206E6F69
74616874
61727420
64657070
45582820
3A294350
56520020
203A5043
74736E49
74637572
206E6F69
74616874
61727420
64657070
5200203A
3A504356
50455820
20203A43
52002020
3A504356
41435820
3A455355
52002020
3A504356
56545820
203A4C41
52002020
3A504356
54535820
53555441
2200203A
70617254
756F6320
6D20746E
616D7369
2E686374
4D220022
616D7369
20686374
74206E69
20706172
6E676973
72757461
54202165
20706172
20736177
6E696562
61682067
656C646E
6E692064
4D2D4D20
2E65646F
4D220022
616D7369
20686374
74206E69
20706172
6E676973
72757461
54202165
20706172
20736177
6E696562
61682067
656C646E
6E692064
4D2D5320
2E65646F
4D220022
616D7369
20686374
74206E69
20706172
6E676973
72757461
54202165
20706172
20736177
6E696562
61682067
656C646E
6E692064
2D534820
65646F4D
2200222E
6D73694D
68637461
206E6920
70617274
67697320
7574616E
20216572
70617254
73617720
69656220
6820676E
6C646E61
69206465
5356206E
646F4D2D
00222E65
73694D22
6374616D
6E692068
61636D20
20657375
756C6176
54202165
20706172
20736177
6E696562
61682067
656C646E
6E692064
4D2D4D20
2E65646F
4D220022
616D7369
20686374
73206E69
73756163
61762065
2165756C
61725420
61772070
65622073
20676E69
646E6168
2064656C
53206E69
646F4D2D
00222E65
73694D22
6374616D
6E692068
61637320
20657375
756C6176
54202165
20706172
20736177
6E696562
61682067
656C646E
6E692064
2D534820
65646F4D
2200222E
6D73694D
68637461
206E6920
61637376
20657375
756C6176
54202165
20706172
20736177
6E696562
61682067
656C646E
6E692064
2D535620
65646F4D
2200222E
6D73694D
68637461
206E6920
6370656D
6C617620
20216575
70617254
73617720
69656220
6820676E
6C646E61
69206465
2D4D206E
65646F4D
2200222E
6D73694D
68637461
206E6920
63706573
6C617620
20216575
70617254
73617720
69656220
6820676E
6C646E61
69206465
2D53206E
65646F4D
2200222E
6D73694D
68637461
206E6920
63706573
6C617620
20216575
70617254
73617720
69656220
6820676E
6C646E61
69206465
5348206E
646F4D2D
00222E65
73694D22
6374616D
6E692068
65737620
76206370
65756C61
72542021
77207061
62207361
676E6965
6E616820
64656C64
206E6920
4D2D5356
2E65646F
4D220022
616D7369
20686374
6D206E69
6C617674
6C617620
20216575
70617254
73617720
69656220
6820676E
6C646E61
69206465
2D4D206E
65646F4D
2200222E
6D73694D
68637461
206E6920
61767473
6176206C
2165756C
61725420
61772070
65622073
20676E69
646E6168
2064656C
53206E69
646F4D2D
00222E65
73694D22
6374616D
6E692068
76747320
76206C61
65756C61
72542021
77207061
62207361
676E6965
6E616820
64656C64
206E6920
4D2D5348
2E65646F
4D220022
616D7369
20686374
76206E69
61767473
6176206C
2165756C
61725420
61772070
65622073
20676E69
646E6168
2064656C
56206E69
6F4D2D53
222E6564
694D2200
74616D73
69206863
746D206E
326C6176
6C617620
20216575
70617254
73617720
69656220
6820676E
6C646E61
69206465
2D4D206E
65646F4D
2200222E
6D73694D
68637461
206E6920
6E69746D
76207473
65756C61
72542021
77207061
62207361
676E6965
6E616820
64656C64
206E6920
6F4D2D4D
222E6564
694D2200
74616D73
69206863
696D206E
61762070
2165756C
61725420
61772070
65622073
20676E69
646E6168
2064656C
4D206E69
646F4D2D
00222E65
73694D22
6374616D
6E692068
70697320
6C617620
20216575
70617254
73617720
69656220
6820676E
6C646E61
69206465
2D53206E
65646F4D
2200222E
6D73694D
68637461
206E6920
20706968
756C6176
54202165
20706172
20736177
6E696562
61682067
656C646E
6E692064
2D534820
65646F4D
2200222E
6D73694D
68637461
206E6920
70697376
6C617620
20216575
70617254
73617720
69656220
6820676E
6C646E61
69206465
5356206E
646F4D2D
00222E65
73694D22
6374616D
6E692068
63616D20
656E6968
74786520
616E7265
6E69206C
72726574
20747075
20214449
70617254
73617720
69656220
6820676E
6C646E61
69206465
2D4D206E
65646F4D
2200222E
6D73694D
68637461
206E6920
65707573
73697672
6520726F
72657478
206C616E
65746E69
70757272
44492074
72542021
77207061
62207361
676E6965
6E616820
64656C64
206E6920
6F4D2D4D
222E6564
694D2200
74616D73
69206863
6976206E
61757472
7573206C
76726570
726F7369
74786520
616E7265
6E69206C
72726574
20747075
20214449
70617254
73617720
69656220
6820676E
6C646E61
69206465
2D4D206E
65646F4D
2200222E
6D73694D
68637461
206E6920
6863616D
20656E69
65747865
6C616E72
746E6920
75727265
49207470
54202144
20706172
20736177
6E696562
61682067
656C646E
6E692064
4D2D5320
2E65646F
4D220022
616D7369
20686374
73206E69
72657075
6F736976
78652072
6E726574
69206C61
7265746E
74707572
21444920
61725420
61772070
65622073
20676E69
646E6168
2064656C
53206E69
646F4D2D
00222E65
73694D22
6374616D
6E692068
72697620
6C617574
70757320
69767265
20726F73
65747865
6C616E72
746E6920
75727265
49207470
54202144
20706172
20736177
6E696562
61682067
656C646E
6E692064
4D2D5320
2E65646F
4D220022
616D7369
20686374
6D206E69
69686361
6520656E
72657478
206C616E
65746E69
70757272
44492074
72542021
77207061
62207361
676E6965
6E616820
64656C64
206E6920
4D2D5348
2E65646F
4D220022
616D7369
20686374
73206E69
72657075
6F736976
78652072
6E726574
69206C61
7265746E
74707572
21444920
61725420
61772070
65622073
20676E69
646E6168
2064656C
48206E69
6F4D2D53
222E6564
694D2200
74616D73
69206863
6976206E
61757472
7573206C
76726570
726F7369
74786520
616E7265
6E69206C
72726574
20747075
20214449
70617254
73617720
69656220
6820676E
6C646E61
69206465
5348206E
646F4D2D
00222E65
73694D22
6374616D
6E692068
63616D20
656E6968
74786520
616E7265
6E69206C
72726574
20747075
20214449
70617254
73617720
69656220
6820676E
6C646E61
69206465
5356206E
646F4D2D
00222E65
73694D22
6374616D
6E692068
70757320
69767265
20726F73
65747865
6C616E72
746E6920
75727265
49207470
54202144
20706172
20736177
6E696562
61682067
656C646E
6E692064
2D535620
65646F4D
2200222E
6D73694D
68637461
206E6920
74726976
206C6175
65707573
73697672
6520726F
72657478
206C616E
65746E69
70757272
44492074
72542021
77207061
62207361
676E6965
6E616820
64656C64
206E6920
4D2D5356
2E65646F
78760022
0A746173
43565200
52203A50
73696765
3A726574
56520020
203A5043
20646142
756C6156
20203A65
20202020
43565200
45203A50
63657078
20646574
756C6156
00203A65
50435652
7845203A
74636570
76206465
65756C61
616E7520
6C696176
656C6261
6572203A
736E6F63
63757274
20646574
6E676973
72757461
6F6C2065
69206461
6F6E2073
524C2074
202E4745
20776152
74736E69
74637572
3A6E6F69
56520020
203A5043
65707845
64657463
6C617620
75206575
6176616E
62616C69
203A656C
6F636572
7274736E
65746375
69732064
74616E67
20657275
6E696F70
20726574
69207369
6C61766E
202E6469
6E696F50
3A726574
56520020
203A5043
20444E45
4420464F
47554245
464E4920
414D524F
4E4F4954
66000A0A
67616C66
54000A73
63747365
20657361
6E676973
72757461
61632065
7972616E
73696D20
6374616D
52002168
3A504356
3D3D3D20
54203D3D
20504152
4C494146
20455255
47414944
54534F4E
20534349
3D3D3D3D
52000A3D
3A504356
69614620
6572756C
5200203A
3A504356
70784520
65746365
72742064
73207061
616E6769
65727574
74796220
6F632065
3A746E75
56520020
203A5043
75746341
74206C61
20706172
6E676973
72757461
79622065
63206574
746E756F
2020203A
20202020
43565200
44203A50
4E474149
5349534F
5544203A
65722054
64726F63
45206465
41525458
61727420
0A2E7370
43565200
44203A50
4E474149
5349534F
5544203A
65722054
64726F63
46206465
52455745
61727420
28207370
7373696D
20676E69
70617274
0A2E2973
43565200
54203A50
20706172
6E676973
72757461
79622065
64206574
65666669
636E6572
00203A65
50435652
4948203A
203A544E
72747845
72742061
20737061
2079616D
69646E69
65746163
7073203A
6F697275
69207375
7265746E
74707572
69202C73
726F636E
74636572
63786520
69747065
520A6E6F
3A504356
20202020
64202020
67656C65
6F697461
77202C6E
676E6F72
69727020
656C6976
6D206567
2065646F
69207461
7274736E
69746375
65206E6F
75636578
6E6F6974
726F202C
0A6E6120
50435652
2020203A
20202020
74736E69
74637572
206E6F69
73756163
20676E69
61662061
20746C75
74616874
6F687320
20646C75
20746F6E
6C756166
6E6F2074
69687420
55442073
000A2E54
50435652
4948203A
203A544E
7373694D
20676E69
70617274
616D2073
6E692079
61636964
203A6574
65637865
6F697470
6F6E206E
61722074
64657369
65687720
7865206E
74636570
0A2C6465
50435652
2020203A
20202020
6F636E69
63657272
53432074
74732052
20657461
76657270
69746E65
7420676E
20706172
672E6528
4978202E
69642045
6C626173
2C296465
61727420
56520A70
203A5043
20202020
65642020
6167656C
6E6F6974
75616320
676E6973
6E616820
72656C64
206E6920
6E6F7277
6F6D2067
202C6564
5020726F
702F504D
20656761
6C756166
696D2074
64657373
52000A2E
3A504356
61725420
61682070
656C646E
6F6D2072
203A6564
6D2D4D00
0A65646F
6D2D5300
0A65646F
2D534800
65646F6D
5356000A
646F6D2D
55000A65
6F6E6B6E
000A6E77
50435652
694D203A
74616D73
6E696863
69662067
3A646C65
65560020
726F7463
646F4D2B
74532B65
73757461
726F7720
74282064
20706172
6E676973
72757461
6F772065
30206472
58000A29
53554143
74282045
20706172
6E676973
72757461
6F772065
31206472
58000A29
20435045
61727428
69732070
74616E67
20657275
64726F77
0A293220
56545800
28204C41
70617274
67697320
7574616E
77206572
2064726F
000A2933
20504958
61727428
69732070
74616E67
20657275
64726F77
202C3220
65746E69
70757272
000A2974
4156544D
2820324C
70617274
67697320
7574616E
77206572
2064726F
68202C34
72657079
6F736976
000A2972
4E49544D
28205453
70617274
67697320
7574616E
77206572
2064726F
68202C35
72657079
6F736976
000A2972
65747845
6C616E72
746E4920
75727265
49207470
74282044
20706172
6E676973
72757461
6F772065
33206472
55000A29
6F6E6B6E
66206E77
646C6569
5652000A
203A5043
65707845
64657463
6C617620
203A6575
43565200
41203A50
61757463
6176206C
3A65756C
00202020
50435652
7845203A
74636570
63206465
65737561
5200203A
3A504356
74634120
206C6175
73756163
20203A65
56520020
203A5043
72727543
20746E65
4350454D
2020203A
43565200
55203A50
6365726E
696E676F
2064657A
70617274
69616620
6572756C
6E6F6320
74786574
7250202E
69746E69
6120676E
6C696176
656C6261
52534320
61747320
0A3A6574
43565200
48203A50
3A544E49
63655620
2B726F74
65646F4D
726F7720
696D2064
74616D73
6D206863
69207961
6369646E
3A657461
61727420
61682070
656C646E
6E692064
6F727720
520A676E
3A504356
20202020
70202020
69766972
6567656C
646F6D20
63282065
6B636568
64656D20
67656C65
64696D2F
67656C65
69202C29
726F636E
74636572
74736D20
73757461
65696620
0A73646C
50435652
2020203A
20202020
50504D28
5050532F
56504D2F
6F202C29
72772072
20676E6F
74636576
6465726F
746E6920
75727265
65207470
7972746E
52000A2E
3A504356
4E494820
58203A54
53554143
696D2045
74616D73
6D206863
736E6165
64206120
65666669
746E6572
63786520
69747065
6F206E6F
6E692072
72726574
20747075
65707974
73617720
4356520A
20203A50
20202020
73626F20
65767265
43202E64
6B636568
6E69203A
75727473
6F697463
6E65206E
69646F63
6320676E
6572726F
656E7463
202C7373
20525343
65636361
62697373
74696C69
56520A79
203A5043
20202020
74612020
72756320
746E6572
69727020
656C6976
202C6567
2F504D50
65676170
62617420
6320656C
69666E6F
61727567
6E6F6974
7865202C
736E6574
206E6F69
70707573
2E74726F
5652000A
203A5043
544E4948
4558203A
6D204350
616D7369
20686374
6E61656D
68742073
72742065
6F207061
72756363
20646572
61207461
66696420
65726566
6920746E
7274736E
69746375
0A2E6E6F
50435652
2020203A
20202020
73696854
756F6320
6920646C
6369646E
3A657461
66696420
65726566
6320746E
2065646F
6F79616C
28207475
6B6E696C
69207265
65757373
69202C29
7274736E
69746375
520A6E6F
3A504356
20202020
61202020
6E67696C
746E656D
66696420
65726566
2C65636E
20726F20
72702061
64656365
20676E69
74736E69
74637572
206E6F69
73756163
20676E69
75206E61
7078656E
65746365
72742064
0A2E7061
43565200
48203A50
3A544E49
56545820
6D204C41
616D7369
2E686374
726F4620
6C6C6920
6C616765
736E6920
63757274
6E6F6974
78202C73
6C617674
6F687320
20646C75
746E6F63
206E6961
0A656874
50435652
2020203A
20202020
74736E69
74637572
206E6F69
6F636E65
676E6964
726F2820
2E293020
726F4620
64646120
73736572
75616620
2C73746C
20746920
756F6873
6320646C
61746E6F
74206E69
520A6568
3A504356
20202020
66202020
746C7561
20676E69
72646461
2E737365
65684320
44206B63
73275455
76747820
72206C61
726F7065
676E6974
68656220
6F697661
000A2E72
50435652
4948203A
203A544E
20504958
6D73696D
68637461
61656D20
6920736E
7265746E
74707572
6E657020
676E6964
74696220
69642073
72656666
6843202E
3A6B6365
746E6920
75727265
520A7470
3A504356
20202020
63202020
72746E6F
656C6C6F
6F632072
6769666E
74617275
2C6E6F69
4D565220
4C45444F
746E6920
75727265
73207470
632F7465
7261656C
63616D20
2C736F72
6D697420
520A7265
3A504356
20202020
63202020
69666E6F
61727567
6E6F6974
746D2820
2F656D69
6D69746D
706D6365
61202C29
6420646E
67656C65
6F697461
6573206E
6E697474
0A2E7367
2D540A00
20494253
4F525245
72203A52
65757165
64657473
736E6920
63757274
6E6F6974
746F6E20
756F6620
6920646E
7374206E
695F6962
7274736E
6261745F
203A656C
00000000
00000000
00000000
6F5CA309
00000000
20002940
05000500
10A4C093
04028020
18000802
A0A002C0
140A0015
8B40A2C2
82788044
00028810
42510A24
1E0BC000
2B878312
9100C030
8000060A
0D504988
18062400
00A90420
00000000
80025054
4AA84B11
00110029
41511828
10080945
02840212
E1C1B862
00201062
B0C02540
00000000
AA082120
04984495
00000000
0000A8C8
00040044
02061280
BE880040
51204160
2C0C4043
0008C005
11441018
00000000
7804282A
84A4F248
68008022
104C3000
AAC02220
00000000
240442A2
84D10040
A1500843
18A306C2
D244404E
40140624
22002C40
00000000
442C03A4
180040AC
80004B14
20ACE200
13000018
00000000
1000C985
06227A06
00000000
00000000
31004310
14803804
00000000
400045F0
1A10C15A
22016029
3C401002
89A25004
08820025
200AA268
0A0F1310
00A44980
8220B032
00000000
40532004
0420B106
01480481
41430240
2A089370
83085222
000450AA
03005A68
06185230
0CA0478B
C1408044
24416025
20302102
4C2124C0
2403D00A
42032C80
00000000
00000001
00000000
00000000
80000001
47FCE974
53D350A0
BD662D22
40DA7F48
00200040
82AA2200
00004014
00000000
00000001
00000000
80000000
00000001
13422CC5
58B26592
99375E3F
BA0660AC
53340012
00228AA0
50114145
00000000
00000000
00000000
00000000
00000000
00000000
00000000
00000000
00000000
00000000
00000000
00000000
00000000
00000001
00000000
00000000
00000001
00000001
00000000
00000001
00000000
00000000
00000000
00000001
00000000
00000000
00000002
00000000
00000000
00000002
00000002
00000002
00000002
00000002
00000002
00000000
00000000
00000000
00000000
80000000
80000000
00000000
00000000
80000000
80000000
00000000
80000000
00000000
00000000
00000001
00000000
80000000
80000001
00000001
00000000
80000001
80000000
00000000
80000000
00000001
00000000
00000001
00000002
00000000
00000001
7FFFFFFF
7FFFFFFE
7FFFFFFF
7FFFFFFE
5BBC8872
2AAAAAAA
55555555
00000000
00000000
00000002
00000000
00000000
7FFFFFFE
7FFFFFFE
7FFFFFFE
7FFFFFFE
5BBC8872
2AAAAAAA
55555554
00000000
00000001
00000002
80000000
80000001
7FFFFFFF
7FFFFFFE
FFFFFFFF
FFFFFFFE
5BBC8872
AAAAAAAA
55555555
00000000
00000000
00000002
80000000
80000000
7FFFFFFE
7FFFFFFE
FFFFFFFE
FFFFFFFE
5BBC8872
AAAAAAAA
55555554
00000000
00000000
00000002
00000000
00000000
5BBC8872
5BBC8872
5BBC8872
5BBC8872
5BBC8872
0AA88822
51140050
00000000
00000000
00000002
80000000
80000000
2AAAAAAA
2AAAAAAA
AAAAAAAA
AAAAAAAA
0AA88822
AAAAAAAA
00000000
00000000
00000001
00000000
00000000
00000001
55555555
55555554
55555555
55555554
51140050
00000000
55555555
00000000
56428FE0
8616AFFF
90C0C0E1
078990EE
A5BA4643
3686F0ED
7805BF50
3276D406
8E169F40
AC693675
18B52A01
BD1083E0
0EFF282C
DE8D2BB7
589717FE
E63B1F24
B4C77F49
8603D970
294546D8
8D2E567A
A58F2F7E
3EC3112C
5C5F5634
EF933087
C35C73E0
3E93B2F2
443D2A2B
D6629196
FC69A8B9
1CAF9D04
E47F690D
00000000
25261403
00000000
18419488
05100B10
E0090208
0CD34638
AC21C026
047D5001
2862096B
00000000
30080000
CD0A0201
0A281808
92148D14
02015443
73941004
00000000
0430C280
845098C0
1040038D
50101461
46A22225
08448C02
0AB90204
10848331
513A8150
01080004
9000A000
42800010
84100105
192D9C5F
00000000
0011082C
00088800
80320314
01438125
10B50A01
42135988
01809285
131644A1
08008082
0A444404
00260101
02000C15
24244800
1040042A
88000140
12002009
01001081
18101081
60292000
29000620
0418301A
06140499
0004C10A
8222C4A0
08010850
A0001220
13480001
00388A80
01198B08
4809C046
068A84A8
00000000
7EC3389C
315530FD
C0A1D90E
F1B19886
6C6D717D
3DA3322B
3918D9FA
ABC68F57
F63BDA6B
2825022D
6EA88DBE
28754D9A
C3AD2A8F
3E9A6A63
8E4315E4
E9A8A52F
977DBF98
2A02C30D
C4863B00
AB16654D
8FAE76BB
FB504090
3E8D4DA2
6821026C
122D2684
6764C586
4C961BF9
B937EF05
05D2BF3F
E2408E35
9150CB86
DEADBEEF
DEADBEEF
DEADBEEF
DEADBEEF
DEADBEEF
DEADBEEF
DEADBEEF
DEADBEEF
DEADBEEF
DEADBEEF
7A110FF5
00000000
D3A91F6C
DEADBEEF
DEADBEEF
DEADBEEF
DEADBEEF
DEADBEEF
DEADBEEF
DEADBEEF
DEADBEEF
DEADBEEF
DEADBEEF
DEADBEEF
DEADBEEF
DEADBEEF
DEADBEEF
DEADBEEF
DEADBEEF
DEADBEEF
DEADBEEF
DEADBEEF
DEADBEEF
DEADBEEF
DEADBEEF
DEADBEEF
DEADBEEF
DEADBEEF
DEADBEEF
DEADBEEF
DEADBEEF
DEADBEEF
DEADBEEF
DEADBEEF
DEADBEEF
DEADBEEF
DEADBEEF
DEADBEEF
DEADBEEF
DEADBEEF
DEADBEEF
DEADBEEF
DEADBEEF
DEADBEEF
DEADBEEF
DEADBEEF
DEADBEEF
DEADBEEF
DEADBEEF
DEADBEEF
DEADBEEF
DEADBEEF
DEADBEEF
DEADBEEF
DEADBEEF
DEADBEEF
DEADBEEF
DEADBEEF
DEADBEEF
DEADBEEF
DEADBEEF
DEADBEEF
DEADBEEF
DEADBEEF
DEADBEEF
DEADBEEF
DEADBEEF
DEADBEEF
DEADBEEF
DEADBEEF
DEADBEEF
DEADBEEF
DEADBEEF
DEADBEEF
DEADBEEF
DEADBEEF
DEADBEEF
DEADBEEF
DEADBEEF
DEADBEEF
DEADBEEF
DEADBEEF
DEADBEEF
DEADBEEF
DEADBEEF
DEADBEEF
DEADBEEF
DEADBEEF
DEADBEEF
DEADBEEF
DEADBEEF
DEADBEEF
DEADBEEF
DEADBEEF
DEADBEEF
DEADBEEF
DEADBEEF
DEADBEEF
DEADBEEF
DEADBEEF
DEADBEEF
DEADBEEF
DEADBEEF
DEADBEEF
DEADBEEF
DEADBEEF
DEADBEEF
DEADBEEF
DEADBEEF
DEADBEEF
DEADBEEF
DEADBEEF
DEADBEEF
DEADBEEF
DEADBEEF
DEADBEEF
DEADBEEF
DEADBEEF
DEADBEEF
DEADBEEF
DEADBEEF
DEADBEEF
DEADBEEF
DEADBEEF
DEADBEEF
DEADBEEF
DEADBEEF
DEADBEEF
DEADBEEF
DEADBEEF
DEADBEEF
DEADBEEF
DEADBEEF
DEADBEEF
DEADBEEF
DEADBEEF
DEADBEEF
DEADBEEF
DEADBEEF
DEADBEEF
DEADBEEF
DEADBEEF
DEADBEEF
DEADBEEF
DEADBEEF
DEADBEEF
DEADBEEF
DEADBEEF
DEADBEEF
DEADBEEF
DEADBEEF
DEADBEEF
DEADBEEF
DEADBEEF
DEADBEEF
DEADBEEF
DEADBEEF
DEADBEEF
DEADBEEF
DEADBEEF
DEADBEEF
DEADBEEF
DEADBEEF
DEADBEEF
DEADBEEF
DEADBEEF
DEADBEEF
DEADBEEF
DEADBEEF
DEADBEEF
DEADBEEF
DEADBEEF
DEADBEEF
DEADBEEF
DEADBEEF
DEADBEEF
DEADBEEF
DEADBEEF
DEADBEEF
DEADBEEF
DEADBEEF
DEADBEEF
DEADBEEF
DEADBEEF
DEADBEEF
DEADBEEF
DEADBEEF
DEADBEEF
DEADBEEF
DEADBEEF
DEADBEEF
DEADBEEF
DEADBEEF
DEADBEEF
DEADBEEF
DEADBEEF
DEADBEEF
DEADBEEF
DEADBEEF
DEADBEEF
DEADBEEF
DEADBEEF
DEADBEEF
DEADBEEF
DEADBEEF
DEADBEEF
DEADBEEF
DEADBEEF
DEADBEEF
DEADBEEF
DEADBEEF
DEADBEEF
DEADBEEF
DEADBEEF
DEADBEEF
DEADBEEF
DEADBEEF
DEADBEEF
DEADBEEF
DEADBEEF
DEADBEEF
DEADBEEF
DEADBEEF
DEADBEEF
DEADBEEF
DEADBEEF
DEADBEEF
DEADBEEF
DEADBEEF
DEADBEEF
DEADBEEF
DEADBEEF
DEADBEEF
DEADBEEF
DEADBEEF
DEADBEEF
DEADBEEF
DEADBEEF
DEADBEEF
DEADBEEF
DEADBEEF
DEADBEEF
DEADBEEF
DEADBEEF
DEADBEEF
DEADBEEF
DEADBEEF
DEADBEEF
DEADBEEF
DEADBEEF
DEADBEEF
DEADBEEF
DEADBEEF
DEADBEEF
DEADBEEF
DEADBEEF
DEADBEEF
DEADBEEF
DEADBEEF
DEADBEEF
DEADBEEF
DEADBEEF
DEADBEEF
DEADBEEF
DEADBEEF
DEADBEEF
DEADBEEF
DEADBEEF
DEADBEEF
DEADBEEF
DEADBEEF
DEADBEEF
DEADBEEF
DEADBEEF
DEADBEEF
DEADBEEF
DEADBEEF
DEADBEEF
DEADBEEF
DEADBEEF
DEADBEEF
DEADBEEF
DEADBEEF
DEADBEEF
DEADBEEF
DEADBEEF
DEADBEEF
DEADBEEF
DEADBEEF
DEADBEEF
DEADBEEF
DEADBEEF
DEADBEEF
DEADBEEF
DEADBEEF
DEADBEEF
DEADBEEF
DEADBEEF
DEADBEEF
DEADBEEF
DEADBEEF
DEADBEEF
DEADBEEF
DEADBEEF
DEADBEEF
DEADBEEF
DEADBEEF
DEADBEEF
DEADBEEF
DEADBEEF
DEADBEEF
DEADBEEF
DEADBEEF
DEADBEEF
DEADBEEF
DEADBEEF
DEADBEEF
DEADBEEF
DEADBEEF
DEADBEEF
DEADBEEF
DEADBEEF
DEADBEEF
DEADBEEF
DEADBEEF
DEADBEEF
DEADBEEF
DEADBEEF
DEADBEEF
DEADBEEF
DEADBEEF
DEADBEEF
DEADBEEF
DEADBEEF
DEADBEEF
DEADBEEF
DEADBEEF
DEADBEEF
DEADBEEF
DEADBEEF
DEADBEEF
DEADBEEF
DEADBEEF
DEADBEEF
DEADBEEF
DEADBEEF
DEADBEEF
DEADBEEF
DEADBEEF
DEADBEEF
DEADBEEF
DEADBEEF
DEADBEEF
DEADBEEF
DEADBEEF
DEADBEEF
DEADBEEF
DEADBEEF
DEADBEEF
DEADBEEF
DEADBEEF
DEADBEEF
DEADBEEF
DEADBEEF
DEADBEEF
DEADBEEF
DEADBEEF
DEADBEEF
DEADBEEF
DEADBEEF
DEADBEEF
DEADBEEF
DEADBEEF
DEADBEEF
DEADBEEF
DEADBEEF
DEADBEEF
DEADBEEF
DEADBEEF
DEADBEEF
DEADBEEF
DEADBEEF
DEADBEEF
DEADBEEF
DEADBEEF
DEADBEEF
DEADBEEF
DEADBEEF
DEADBEEF
DEADBEEF
DEADBEEF
DEADBEEF
DEADBEEF
DEADBEEF
DEADBEEF
DEADBEEF
DEADBEEF
DEADBEEF
DEADBEEF
DEADBEEF
DEADBEEF
DEADBEEF
DEADBEEF
DEADBEEF
DEADBEEF
DEADBEEF
DEADBEEF
DEADBEEF
DEADBEEF
DEADBEEF
DEADBEEF
DEADBEEF
DEADBEEF
DEADBEEF
DEADBEEF
DEADBEEF
DEADBEEF
DEADBEEF
DEADBEEF
DEADBEEF
DEADBEEF
DEADBEEF
DEADBEEF
DEADBEEF
DEADBEEF
DEADBEEF
DEADBEEF
DEADBEEF
DEADBEEF
DEADBEEF
DEADBEEF
DEADBEEF
DEADBEEF
DEADBEEF
DEADBEEF
DEADBEEF
DEADBEEF
DEADBEEF
DEADBEEF
DEADBEEF
DEADBEEF
DEADBEEF
DEADBEEF
DEADBEEF
DEADBEEF
DEADBEEF
DEADBEEF
DEADBEEF
DEADBEEF
DEADBEEF
DEADBEEF
DEADBEEF
DEADBEEF
DEADBEEF
DEADBEEF
DEADBEEF
DEADBEEF
DEADBEEF
DEADBEEF
DEADBEEF
DEADBEEF
DEADBEEF
DEADBEEF
DEADBEEF
DEADBEEF
DEADBEEF
DEADBEEF
DEADBEEF
DEADBEEF
DEADBEEF
DEADBEEF
DEADBEEF
DEADBEEF
DEADBEEF
DEADBEEF
DEADBEEF
DEADBEEF
DEADBEEF
DEADBEEF
DEADBEEF
DEADBEEF
DEADBEEF
DEADBEEF
DEADBEEF
DEADBEEF
DEADBEEF
DEADBEEF
DEADBEEF
DEADBEEF
DEADBEEF
DEADBEEF
DEADBEEF
DEADBEEF
DEADBEEF
DEADBEEF
DEADBEEF
DEADBEEF
DEADBEEF
DEADBEEF
DEADBEEF
DEADBEEF
DEADBEEF
DEADBEEF
DEADBEEF
DEADBEEF
DEADBEEF
DEADBEEF
DEADBEEF
DEADBEEF
DEADBEEF
DEADBEEF
DEADBEEF
DEADBEEF
DEADBEEF
DEADBEEF
DEADBEEF
DEADBEEF
DEADBEEF
DEADBEEF
DEADBEEF
DEADBEEF
DEADBEEF
DEADBEEF
DEADBEEF
DEADBEEF
DEADBEEF
DEADBEEF
DEADBEEF
DEADBEEF
DEADBEEF
DEADBEEF
DEADBEEF
DEADBEEF
DEADBEEF
DEADBEEF
DEADBEEF
DEADBEEF
DEADBEEF
DEADBEEF
DEADBEEF
DEADBEEF
DEADBEEF
DEADBEEF
DEADBEEF
DEADBEEF
DEADBEEF
DEADBEEF
DEADBEEF
DEADBEEF
DEADBEEF
DEADBEEF
DEADBEEF
DEADBEEF
DEADBEEF
DEADBEEF
DEADBEEF
DEADBEEF
DEADBEEF
DEADBEEF
DEADBEEF
DEADBEEF
DEADBEEF
DEADBEEF
DEADBEEF
DEADBEEF
DEADBEEF
DEADBEEF
DEADBEEF
DEADBEEF
DEADBEEF
DEADBEEF
DEADBEEF
DEADBEEF
DEADBEEF
DEADBEEF
DEADBEEF
DEADBEEF
DEADBEEF
DEADBEEF
DEADBEEF
DEADBEEF
DEADBEEF
DEADBEEF
DEADBEEF
DEADBEEF
DEADBEEF
DEADBEEF
DEADBEEF
DEADBEEF
DEADBEEF
DEADBEEF
DEADBEEF
DEADBEEF
DEADBEEF
DEADBEEF
DEADBEEF
DEADBEEF
DEADBEEF
DEADBEEF
DEADBEEF
DEADBEEF
DEADBEEF
DEADBEEF
DEADBEEF
DEADBEEF
DEADBEEF
DEADBEEF
DEADBEEF
DEADBEEF
DEADBEEF
DEADBEEF
DEADBEEF
DEADBEEF
DEADBEEF
DEADBEEF
DEADBEEF
DEADBEEF
DEADBEEF
DEADBEEF
DEADBEEF
DEADBEEF
DEADBEEF
DEADBEEF
DEADBEEF
DEADBEEF
DEADBEEF
DEADBEEF
DEADBEEF
DEADBEEF
DEADBEEF
DEADBEEF
DEADBEEF
DEADBEEF
DEADBEEF
DEADBEEF
DEADBEEF
DEADBEEF
DEADBEEF
DEADBEEF
DEADBEEF
DEADBEEF
DEADBEEF
DEADBEEF
DEADBEEF
DEADBEEF
DEADBEEF
DEADBEEF
DEADBEEF
DEADBEEF
DEADBEEF
DEADBEEF
DEADBEEF
DEADBEEF
DEADBEEF
DEADBEEF
DEADBEEF
DEADBEEF
DEADBEEF
DEADBEEF
DEADBEEF
DEADBEEF
DEADBEEF
DEADBEEF
DEADBEEF
DEADBEEF
DEADBEEF
DEADBEEF
DEADBEEF
DEADBEEF
DEADBEEF
DEADBEEF
DEADBEEF
DEADBEEF
DEADBEEF
DEADBEEF
DEADBEEF
DEADBEEF
DEADBEEF
DEADBEEF
DEADBEEF
DEADBEEF
DEADBEEF
DEADBEEF
DEADBEEF
DEADBEEF
DEADBEEF
DEADBEEF
DEADBEEF
DEADBEEF
DEADBEEF
DEADBEEF
DEADBEEF
DEADBEEF
DEADBEEF
DEADBEEF
DEADBEEF
DEADBEEF
DEADBEEF
DEADBEEF
DEADBEEF
DEADBEEF
DEADBEEF
DEADBEEF
DEADBEEF
DEADBEEF
DEADBEEF
DEADBEEF
DEADBEEF
DEADBEEF
DEADBEEF
DEADBEEF
DEADBEEF
DEADBEEF
DEADBEEF
DEADBEEF
DEADBEEF
DEADBEEF
DEADBEEF
DEADBEEF
DEADBEEF
DEADBEEF
DEADBEEF
DEADBEEF
DEADBEEF
DEADBEEF
DEADBEEF
DEADBEEF
DEADBEEF
DEADBEEF
DEADBEEF
DEADBEEF
DEADBEEF
DEADBEEF
DEADBEEF
DEADBEEF
DEADBEEF
DEADBEEF
DEADBEEF
DEADBEEF
DEADBEEF
DEADBEEF
DEADBEEF
DEADBEEF
DEADBEEF
DEADBEEF
DEADBEEF
DEADBEEF
DEADBEEF
DEADBEEF
DEADBEEF
DEADBEEF
DEADBEEF
DEADBEEF
DEADBEEF
DEADBEEF
DEADBEEF
DEADBEEF
DEADBEEF
DEADBEEF
DEADBEEF
DEADBEEF
DEADBEEF
DEADBEEF
DEADBEEF
DEADBEEF
DEADBEEF
DEADBEEF
DEADBEEF
DEADBEEF
DEADBEEF
DEADBEEF
DEADBEEF
DEADBEEF
DEADBEEF
DEADBEEF
DEADBEEF
DEADBEEF
DEADBEEF
DEADBEEF
DEADBEEF
DEADBEEF
DEADBEEF
DEADBEEF
DEADBEEF
DEADBEEF
DEADBEEF
DEADBEEF
DEADBEEF
DEADBEEF
DEADBEEF
DEADBEEF
DEADBEEF
DEADBEEF
DEADBEEF
DEADBEEF
DEADBEEF
DEADBEEF
DEADBEEF
DEADBEEF
DEADBEEF
DEADBEEF
DEADBEEF
DEADBEEF
DEADBEEF
DEADBEEF
DEADBEEF
DEADBEEF
DEADBEEF
DEADBEEF
DEADBEEF
DEADBEEF
DEADBEEF
DEADBEEF
DEADBEEF
DEADBEEF
DEADBEEF
DEADBEEF
DEADBEEF
DEADBEEF
DEADBEEF
DEADBEEF
DEADBEEF
DEADBEEF
DEADBEEF
DEADBEEF
DEADBEEF
DEADBEEF
DEADBEEF
DEADBEEF
DEADBEEF
DEADBEEF
DEADBEEF
DEADBEEF
DEADBEEF
DEADBEEF
DEADBEEF
DEADBEEF
DEADBEEF
DEADBEEF
DEADBEEF
DEADBEEF
DEADBEEF
DEADBEEF
DEADBEEF
DEADBEEF
DEADBEEF
DEADBEEF
DEADBEEF
DEADBEEF
DEADBEEF
DEADBEEF
DEADBEEF
DEADBEEF
DEADBEEF
DEADBEEF
DEADBEEF
DEADBEEF
DEADBEEF
DEADBEEF
DEADBEEF
DEADBEEF
DEADBEEF
DEADBEEF
DEADBEEF
DEADBEEF
DEADBEEF
DEADBEEF
DEADBEEF
DEADBEEF
DEADBEEF
DEADBEEF
DEADBEEF
DEADBEEF
DEADBEEF
DEADBEEF
DEADBEEF
DEADBEEF
DEADBEEF
DEADBEEF
DEADBEEF
DEADBEEF
DEADBEEF
DEADBEEF
DEADBEEF
DEADBEEF
DEADBEEF
DEADBEEF
DEADBEEF
DEADBEEF
DEADBEEF
DEADBEEF
DEADBEEF
DEADBEEF
DEADBEEF
DEADBEEF
DEADBEEF
DEADBEEF
DEADBEEF
DEADBEEF
DEADBEEF
DEADBEEF
DEADBEEF
DEADBEEF
DEADBEEF
DEADBEEF
DEADBEEF
DEADBEEF
DEADBEEF
DEADBEEF
DEADBEEF
DEADBEEF
DEADBEEF
DEADBEEF
DEADBEEF
DEADBEEF
DEADBEEF
DEADBEEF
DEADBEEF
DEADBEEF
DEADBEEF
DEADBEEF
DEADBEEF
DEADBEEF
DEADBEEF
DEADBEEF
DEADBEEF
DEADBEEF
DEADBEEF
DEADBEEF
DEADBEEF
DEADBEEF
DEADBEEF
DEADBEEF
DEADBEEF
DEADBEEF
DEADBEEF
DEADBEEF
DEADBEEF
DEADBEEF
DEADBEEF
DEADBEEF
DEADBEEF
DEADBEEF
DEADBEEF
DEADBEEF
DEADBEEF
DEADBEEF
DEADBEEF
DEADBEEF
DEADBEEF
DEADBEEF
DEADBEEF
DEADBEEF
DEADBEEF
DEADBEEF
DEADBEEF
DEADBEEF
DEADBEEF
DEADBEEF
DEADBEEF
DEADBEEF
DEADBEEF
DEADBEEF
DEADBEEF
DEADBEEF
DEADBEEF
DEADBEEF
DEADBEEF
DEADBEEF
DEADBEEF
DEADBEEF
DEADBEEF
DEADBEEF
DEADBEEF
DEADBEEF
DEADBEEF
DEADBEEF
DEADBEEF
DEADBEEF
DEADBEEF
DEADBEEF
DEADBEEF
DEADBEEF
DEADBEEF
DEADBEEF
DEADBEEF
DEADBEEF
DEADBEEF
DEADBEEF
DEADBEEF
DEADBEEF
DEADBEEF
DEADBEEF
DEADBEEF
DEADBEEF
DEADBEEF
DEADBEEF
DEADBEEF
DEADBEEF
DEADBEEF
DEADBEEF
DEADBEEF
DEADBEEF
DEADBEEF
DEADBEEF
DEADBEEF
DEADBEEF
DEADBEEF
DEADBEEF
DEADBEEF
DEADBEEF
DEADBEEF
DEADBEEF
DEADBEEF
DEADBEEF
DEADBEEF
DEADBEEF
DEADBEEF
DEADBEEF
DEADBEEF
DEADBEEF
DEADBEEF
DEADBEEF
DEADBEEF
DEADBEEF
DEADBEEF
DEADBEEF
DEADBEEF
DEADBEEF
DEADBEEF
DEADBEEF
DEADBEEF
DEADBEEF
DEADBEEF
DEADBEEF
DEADBEEF
DEADBEEF
DEADBEEF
DEADBEEF
DEADBEEF
DEADBEEF
DEADBEEF
DEADBEEF
DEADBEEF
DEADBEEF
DEADBEEF
DEADBEEF
DEADBEEF
DEADBEEF
DEADBEEF
DEADBEEF
DEADBEEF
DEADBEEF
DEADBEEF
DEADBEEF
DEADBEEF
DEADBEEF
DEADBEEF
DEADBEEF
DEADBEEF
DEADBEEF
DEADBEEF
DEADBEEF
DEADBEEF
DEADBEEF
DEADBEEF
DEADBEEF
DEADBEEF
DEADBEEF
DEADBEEF
DEADBEEF
DEADBEEF
DEADBEEF
DEADBEEF
DEADBEEF
DEADBEEF
DEADBEEF
DEADBEEF
DEADBEEF
DEADBEEF
DEADBEEF
DEADBEEF
DEADBEEF
DEADBEEF
DEADBEEF
DEADBEEF
DEADBEEF
DEADBEEF
DEADBEEF
DEADBEEF
DEADBEEF
DEADBEEF
DEADBEEF
DEADBEEF
DEADBEEF
DEADBEEF
DEADBEEF
DEADBEEF
DEADBEEF
DEADBEEF
DEADBEEF
DEADBEEF
DEADBEEF
DEADBEEF
DEADBEEF
DEADBEEF
DEADBEEF
DEADBEEF
DEADBEEF
DEADBEEF
DEADBEEF
DEADBEEF
DEADBEEF
DEADBEEF
DEADBEEF
DEADBEEF
DEADBEEF
DEADBEEF
DEADBEEF
DEADBEEF
DEADBEEF
DEADBEEF
DEADBEEF
DEADBEEF
DEADBEEF
DEADBEEF
DEADBEEF
DEADBEEF
DEADBEEF
DEADBEEF
DEADBEEF
DEADBEEF
DEADBEEF
DEADBEEF
DEADBEEF
DEADBEEF
DEADBEEF
DEADBEEF
DEADBEEF
DEADBEEF
DEADBEEF
DEADBEEF
DEADBEEF
DEADBEEF
DEADBEEF
DEADBEEF
DEADBEEF
DEADBEEF
DEADBEEF
DEADBEEF
DEADBEEF
DEADBEEF
DEADBEEF
DEADBEEF
DEADBEEF
DEADBEEF
DEADBEEF
DEADBEEF
DEADBEEF
DEADBEEF
DEADBEEF
DEADBEEF
DEADBEEF
DEADBEEF
DEADBEEF
DEADBEEF
DEADBEEF
DEADBEEF
DEADBEEF
DEADBEEF
DEADBEEF
DEADBEEF
DEADBEEF
DEADBEEF
DEADBEEF
DEADBEEF
DEADBEEF
DEADBEEF
DEADBEEF
DEADBEEF
DEADBEEF
DEADBEEF
DEADBEEF
DEADBEEF
DEADBEEF
DEADBEEF
DEADBEEF
DEADBEEF
DEADBEEF
DEADBEEF
DEADBEEF
DEADBEEF
DEADBEEF
DEADBEEF
DEADBEEF
DEADBEEF
DEADBEEF
DEADBEEF
DEADBEEF
DEADBEEF
DEADBEEF
DEADBEEF
DEADBEEF
DEADBEEF
DEADBEEF
DEADBEEF
DEADBEEF
DEADBEEF
DEADBEEF
DEADBEEF
DEADBEEF
DEADBEEF
DEADBEEF
DEADBEEF
DEADBEEF
DEADBEEF
DEADBEEF
DEADBEEF
DEADBEEF
DEADBEEF
DEADBEEF
DEADBEEF
DEADBEEF
DEADBEEF
DEADBEEF
DEADBEEF
DEADBEEF
DEADBEEF
DEADBEEF
DEADBEEF
DEADBEEF
DEADBEEF
DEADBEEF
DEADBEEF
DEADBEEF
DEADBEEF
DEADBEEF
DEADBEEF
DEADBEEF
DEADBEEF
DEADBEEF
DEADBEEF
DEADBEEF
DEADBEEF
DEADBEEF
DEADBEEF
DEADBEEF
DEADBEEF
DEADBEEF
DEADBEEF
DEADBEEF
DEADBEEF
DEADBEEF
DEADBEEF
DEADBEEF
DEADBEEF
DEADBEEF
DEADBEEF
DEADBEEF
DEADBEEF
DEADBEEF
DEADBEEF
DEADBEEF
DEADBEEF
DEADBEEF
DEADBEEF
DEADBEEF
DEADBEEF
DEADBEEF
DEADBEEF
DEADBEEF
DEADBEEF
DEADBEEF
DEADBEEF
DEADBEEF
DEADBEEF
DEADBEEF
DEADBEEF
DEADBEEF
DEADBEEF
DEADBEEF
DEADBEEF
DEADBEEF
DEADBEEF
DEADBEEF
DEADBEEF
DEADBEEF
DEADBEEF
DEADBEEF
DEADBEEF
DEADBEEF
DEADBEEF
DEADBEEF
DEADBEEF
DEADBEEF
DEADBEEF
DEADBEEF
DEADBEEF
DEADBEEF
DEADBEEF
DEADBEEF
DEADBEEF
DEADBEEF
DEADBEEF
DEADBEEF
DEADBEEF
DEADBEEF
DEADBEEF
DEADBEEF
DEADBEEF
DEADBEEF
DEADBEEF
DEADBEEF
DEADBEEF
DEADBEEF
DEADBEEF
DEADBEEF
DEADBEEF
DEADBEEF
DEADBEEF
DEADBEEF
DEADBEEF
DEADBEEF
DEADBEEF
DEADBEEF
DEADBEEF
DEADBEEF
DEADBEEF
DEADBEEF
DEADBEEF
DEADBEEF
DEADBEEF
DEADBEEF
DEADBEEF
DEADBEEF
DEADBEEF
DEADBEEF
DEADBEEF
DEADBEEF
DEADBEEF
DEADBEEF
DEADBEEF
DEADBEEF
DEADBEEF
DEADBEEF
DEADBEEF
DEADBEEF
DEADBEEF
DEADBEEF
DEADBEEF
DEADBEEF
DEADBEEF
DEADBEEF
DEADBEEF
DEADBEEF
DEADBEEF
DEADBEEF
DEADBEEF
DEADBEEF
DEADBEEF
DEADBEEF
DEADBEEF
DEADBEEF
DEADBEEF
DEADBEEF
DEADBEEF
DEADBEEF
DEADBEEF
DEADBEEF
DEADBEEF
DEADBEEF
DEADBEEF
DEADBEEF
DEADBEEF
DEADBEEF
DEADBEEF
DEADBEEF
DEADBEEF
DEADBEEF
DEADBEEF
DEADBEEF
DEADBEEF
DEADBEEF
DEADBEEF
DEADBEEF
DEADBEEF
DEADBEEF
DEADBEEF
DEADBEEF
DEADBEEF
DEADBEEF
DEADBEEF
DEADBEEF
DEADBEEF
DEADBEEF
DEADBEEF
DEADBEEF
DEADBEEF
DEADBEEF
DEADBEEF
DEADBEEF
DEADBEEF
DEADBEEF
DEADBEEF
DEADBEEF
DEADBEEF
DEADBEEF
DEADBEEF
DEADBEEF
DEADBEEF
DEADBEEF
DEADBEEF
DEADBEEF
DEADBEEF
DEADBEEF
DEADBEEF
DEADBEEF
DEADBEEF
DEADBEEF
DEADBEEF
DEADBEEF
DEADBEEF
DEADBEEF
DEADBEEF
DEADBEEF
DEADBEEF
DEADBEEF
DEADBEEF
DEADBEEF
DEADBEEF
DEADBEEF
DEADBEEF
DEADBEEF
DEADBEEF
DEADBEEF
DEADBEEF
DEADBEEF
DEADBEEF
DEADBEEF
DEADBEEF
DEADBEEF
DEADBEEF
DEADBEEF
DEADBEEF
DEADBEEF
DEADBEEF
DEADBEEF
DEADBEEF
DEADBEEF
DEADBEEF
DEADBEEF
DEADBEEF
DEADBEEF
DEADBEEF
DEADBEEF
DEADBEEF
DEADBEEF
DEADBEEF
DEADBEEF
DEADBEEF
DEADBEEF
DEADBEEF
DEADBEEF
DEADBEEF
DEADBEEF
DEADBEEF
DEADBEEF
DEADBEEF
DEADBEEF
DEADBEEF
DEADBEEF
DEADBEEF
DEADBEEF
DEADBEEF
DEADBEEF
DEADBEEF
DEADBEEF
DEADBEEF
DEADBEEF
DEADBEEF
DEADBEEF
DEADBEEF
DEADBEEF
DEADBEEF
DEADBEEF
DEADBEEF
DEADBEEF
DEADBEEF
DEADBEEF
DEADBEEF
DEADBEEF
DEADBEEF
DEADBEEF
DEADBEEF
DEADBEEF
DEADBEEF
DEADBEEF
DEADBEEF
DEADBEEF
DEADBEEF
DEADBEEF
DEADBEEF
DEADBEEF
DEADBEEF
DEADBEEF
DEADBEEF
DEADBEEF
DEADBEEF
DEADBEEF
DEADBEEF
DEADBEEF
DEADBEEF
DEADBEEF
DEADBEEF
DEADBEEF
DEADBEEF
DEADBEEF
DEADBEEF
DEADBEEF
DEADBEEF
DEADBEEF
DEADBEEF
DEADBEEF
DEADBEEF
DEADBEEF
DEADBEEF
DEADBEEF
DEADBEEF
DEADBEEF
DEADBEEF
DEADBEEF
DEADBEEF
DEADBEEF
DEADBEEF
DEADBEEF
DEADBEEF
DEADBEEF
DEADBEEF
DEADBEEF
DEADBEEF
DEADBEEF
DEADBEEF
DEADBEEF
DEADBEEF
DEADBEEF
DEADBEEF
DEADBEEF
DEADBEEF
DEADBEEF
DEADBEEF
DEADBEEF
DEADBEEF
DEADBEEF
DEADBEEF
DEADBEEF
DEADBEEF
DEADBEEF
DEADBEEF
DEADBEEF
DEADBEEF
DEADBEEF
DEADBEEF
DEADBEEF
DEADBEEF
DEADBEEF
DEADBEEF
DEADBEEF
DEADBEEF
DEADBEEF
DEADBEEF
DEADBEEF
DEADBEEF
DEADBEEF
DEADBEEF
DEADBEEF
DEADBEEF
DEADBEEF
DEADBEEF
DEADBEEF
DEADBEEF
DEADBEEF
DEADBEEF
DEADBEEF
DEADBEEF
DEADBEEF
DEADBEEF
DEADBEEF
DEADBEEF
DEADBEEF
DEADBEEF
DEADBEEF
DEADBEEF
DEADBEEF
DEADBEEF
DEADBEEF
DEADBEEF
DEADBEEF
DEADBEEF
DEADBEEF
DEADBEEF
DEADBEEF
DEADBEEF
DEADBEEF
DEADBEEF
DEADBEEF
DEADBEEF
DEADBEEF
DEADBEEF
DEADBEEF
DEADBEEF
DEADBEEF
DEADBEEF
DEADBEEF
DEADBEEF
DEADBEEF
DEADBEEF
DEADBEEF
DEADBEEF
DEADBEEF
DEADBEEF
DEADBEEF
DEADBEEF
DEADBEEF
DEADBEEF
DEADBEEF
DEADBEEF
DEADBEEF
DEADBEEF
DEADBEEF
DEADBEEF
DEADBEEF
DEADBEEF
DEADBEEF
DEADBEEF
DEADBEEF
DEADBEEF
DEADBEEF
DEADBEEF
DEADBEEF
DEADBEEF
DEADBEEF
DEADBEEF
DEADBEEF
DEADBEEF
DEADBEEF
DEADBEEF
DEADBEEF
DEADBEEF
DEADBEEF
DEADBEEF
DEADBEEF
DEADBEEF
DEADBEEF
DEADBEEF
DEADBEEF
DEADBEEF
DEADBEEF
DEADBEEF
DEADBEEF
DEADBEEF
DEADBEEF
DEADBEEF
DEADBEEF
DEADBEEF
DEADBEEF
DEADBEEF
DEADBEEF
DEADBEEF
DEADBEEF
DEADBEEF
DEADBEEF
DEADBEEF
DEADBEEF
DEADBEEF
DEADBEEF
DEADBEEF
DEADBEEF
DEADBEEF
DEADBEEF
DEADBEEF
DEADBEEF
DEADBEEF
DEADBEEF
DEADBEEF
DEADBEEF
DEADBEEF
DEADBEEF
DEADBEEF
DEADBEEF
DEADBEEF
DEADBEEF
DEADBEEF
DEADBEEF
DEADBEEF
DEADBEEF
DEADBEEF
DEADBEEF
DEADBEEF
DEADBEEF
DEADBEEF
DEADBEEF
DEADBEEF
DEADBEEF
DEADBEEF
DEADBEEF
DEADBEEF
DEADBEEF
DEADBEEF
DEADBEEF
DEADBEEF
DEADBEEF
DEADBEEF
DEADBEEF
DEADBEEF
DEADBEEF
DEADBEEF
DEADBEEF
DEADBEEF
DEADBEEF
DEADBEEF
DEADBEEF
DEADBEEF
DEADBEEF
DEADBEEF
DEADBEEF
DEADBEEF
DEADBEEF
DEADBEEF
DEADBEEF
DEADBEEF
DEADBEEF
DEADBEEF
DEADBEEF
DEADBEEF
DEADBEEF
DEADBEEF
DEADBEEF
DEADBEEF
DEADBEEF
DEADBEEF
DEADBEEF
DEADBEEF
DEADBEEF
DEADBEEF
DEADBEEF
DEADBEEF
DEADBEEF
DEADBEEF
DEADBEEF
DEADBEEF
DEADBEEF
DEADBEEF
DEADBEEF
DEADBEEF
DEADBEEF
DEADBEEF
DEADBEEF
DEADBEEF
DEADBEEF
DEADBEEF
DEADBEEF
DEADBEEF
DEADBEEF
DEADBEEF
DEADBEEF
DEADBEEF
DEADBEEF
DEADBEEF
DEADBEEF
DEADBEEF
DEADBEEF
DEADBEEF
DEADBEEF
DEADBEEF
DEADBEEF
DEADBEEF
DEADBEEF
DEADBEEF
DEADBEEF
DEADBEEF
DEADBEEF
DEADBEEF
DEADBEEF
DEADBEEF
DEADBEEF
DEADBEEF
DEADBEEF
DEADBEEF
DEADBEEF
DEADBEEF
DEADBEEF
DEADBEEF
DEADBEEF
DEADBEEF
DEADBEEF
DEADBEEF
DEADBEEF
DEADBEEF
DEADBEEF
DEADBEEF
DEADBEEF
DEADBEEF
DEADBEEF
DEADBEEF
DEADBEEF
DEADBEEF
DEADBEEF
DEADBEEF
DEADBEEF
DEADBEEF
DEADBEEF
DEADBEEF
DEADBEEF
DEADBEEF
DEADBEEF
DEADBEEF
DEADBEEF
DEADBEEF
DEADBEEF
DEADBEEF
DEADBEEF
DEADBEEF
DEADBEEF
DEADBEEF
DEADBEEF
DEADBEEF
DEADBEEF
DEADBEEF
DEADBEEF
DEADBEEF
DEADBEEF
DEADBEEF
DEADBEEF
DEADBEEF
DEADBEEF
DEADBEEF
DEADBEEF
DEADBEEF
DEADBEEF
DEADBEEF
DEADBEEF
DEADBEEF
DEADBEEF
DEADBEEF
DEADBEEF
DEADBEEF
DEADBEEF
DEADBEEF
DEADBEEF
DEADBEEF
DEADBEEF
DEADBEEF
DEADBEEF
DEADBEEF
DEADBEEF
DEADBEEF
DEADBEEF
DEADBEEF
DEADBEEF
DEADBEEF
DEADBEEF
DEADBEEF
DEADBEEF
DEADBEEF
DEADBEEF
DEADBEEF
DEADBEEF
DEADBEEF
DEADBEEF
DEADBEEF
DEADBEEF
DEADBEEF
DEADBEEF
DEADBEEF
DEADBEEF
DEADBEEF
DEADBEEF
DEADBEEF
DEADBEEF
DEADBEEF
DEADBEEF
DEADBEEF
DEADBEEF
DEADBEEF
DEADBEEF
DEADBEEF
DEADBEEF
DEADBEEF
DEADBEEF
DEADBEEF
DEADBEEF
DEADBEEF
DEADBEEF
DEADBEEF
DEADBEEF
DEADBEEF
DEADBEEF
DEADBEEF
DEADBEEF
DEADBEEF
DEADBEEF
DEADBEEF
DEADBEEF
DEADBEEF
DEADBEEF
DEADBEEF
DEADBEEF
DEADBEEF
DEADBEEF
DEADBEEF
DEADBEEF
DEADBEEF
DEADBEEF
DEADBEEF
DEADBEEF
DEADBEEF
DEADBEEF
DEADBEEF
DEADBEEF
DEADBEEF
DEADBEEF
DEADBEEF
DEADBEEF
DEADBEEF
DEADBEEF
DEADBEEF
DEADBEEF
DEADBEEF
DEADBEEF
DEADBEEF
DEADBEEF
DEADBEEF
DEADBEEF
DEADBEEF
DEADBEEF
DEADBEEF
DEADBEEF
DEADBEEF
DEADBEEF
DEADBEEF
DEADBEEF
DEADBEEF
DEADBEEF
DEADBEEF
DEADBEEF
DEADBEEF
DEADBEEF
DEADBEEF
DEADBEEF
DEADBEEF
DEADBEEF
DEADBEEF
DEADBEEF
DEADBEEF
DEADBEEF
DEADBEEF
DEADBEEF
DEADBEEF
DEADBEEF
DEADBEEF
DEADBEEF
DEADBEEF
DEADBEEF
DEADBEEF
DEADBEEF
DEADBEEF
DEADBEEF
DEADBEEF
DEADBEEF
DEADBEEF
DEADBEEF
DEADBEEF
DEADBEEF
DEADBEEF
DEADBEEF
DEADBEEF
DEADBEEF
DEADBEEF
DEADBEEF
DEADBEEF
DEADBEEF
DEADBEEF
DEADBEEF
DEADBEEF
DEADBEEF
DEADBEEF
DEADBEEF
DEADBEEF
DEADBEEF
DEADBEEF
DEADBEEF
DEADBEEF
DEADBEEF
DEADBEEF
DEADBEEF
DEADBEEF
DEADBEEF
DEADBEEF
DEADBEEF
DEADBEEF
DEADBEEF
DEADBEEF
DEADBEEF
DEADBEEF
DEADBEEF
DEADBEEF
DEADBEEF
DEADBEEF
DEADBEEF
DEADBEEF
DEADBEEF
DEADBEEF
DEADBEEF
DEADBEEF
DEADBEEF
DEADBEEF
DEADBEEF
DEADBEEF
DEADBEEF
DEADBEEF
DEADBEEF
DEADBEEF
DEADBEEF
DEADBEEF
DEADBEEF
DEADBEEF
DEADBEEF
DEADBEEF
DEADBEEF
DEADBEEF
DEADBEEF
DEADBEEF
DEADBEEF
DEADBEEF
DEADBEEF
DEADBEEF
DEADBEEF
DEADBEEF
DEADBEEF
DEADBEEF
DEADBEEF
DEADBEEF
DEADBEEF
DEADBEEF
DEADBEEF
DEADBEEF
DEADBEEF
DEADBEEF
DEADBEEF
DEADBEEF
DEADBEEF
DEADBEEF
DEADBEEF
DEADBEEF
DEADBEEF
DEADBEEF
DEADBEEF
DEADBEEF
DEADBEEF
DEADBEEF
DEADBEEF
DEADBEEF
DEADBEEF
DEADBEEF
DEADBEEF
DEADBEEF
DEADBEEF
DEADBEEF
DEADBEEF
DEADBEEF
DEADBEEF
DEADBEEF
DEADBEEF
DEADBEEF
DEADBEEF
DEADBEEF
DEADBEEF
DEADBEEF
DEADBEEF
DEADBEEF
DEADBEEF
DEADBEEF
DEADBEEF
DEADBEEF
DEADBEEF
DEADBEEF
DEADBEEF
DEADBEEF
DEADBEEF
DEADBEEF
DEADBEEF
DEADBEEF
DEADBEEF
DEADBEEF
DEADBEEF
DEADBEEF
DEADBEEF
DEADBEEF
DEADBEEF
DEADBEEF
DEADBEEF
DEADBEEF
DEADBEEF
DEADBEEF
DEADBEEF
DEADBEEF
DEADBEEF
DEADBEEF
DEADBEEF
DEADBEEF
DEADBEEF
DEADBEEF
DEADBEEF
DEADBEEF
DEADBEEF
DEADBEEF
DEADBEEF
DEADBEEF
DEADBEEF
DEADBEEF
DEADBEEF
DEADBEEF
DEADBEEF
DEADBEEF
DEADBEEF
DEADBEEF
DEADBEEF
DEADBEEF
DEADBEEF
DEADBEEF
DEADBEEF
DEADBEEF
DEADBEEF
DEADBEEF
DEADBEEF
DEADBEEF
DEADBEEF
DEADBEEF
DEADBEEF
DEADBEEF
DEADBEEF
DEADBEEF
DEADBEEF
DEADBEEF
DEADBEEF
DEADBEEF
DEADBEEF
DEADBEEF
DEADBEEF
DEADBEEF
DEADBEEF
DEADBEEF
DEADBEEF
DEADBEEF
DEADBEEF
DEADBEEF
DEADBEEF
DEADBEEF
DEADBEEF
DEADBEEF
DEADBEEF
DEADBEEF
DEADBEEF
DEADBEEF
DEADBEEF
DEADBEEF
DEADBEEF
DEADBEEF
DEADBEEF
DEADBEEF
DEADBEEF
DEADBEEF
DEADBEEF
DEADBEEF
DEADBEEF
DEADBEEF
DEADBEEF
DEADBEEF
DEADBEEF
DEADBEEF
DEADBEEF
DEADBEEF
DEADBEEF
DEADBEEF
DEADBEEF
DEADBEEF
DEADBEEF
DEADBEEF
DEADBEEF
DEADBEEF
DEADBEEF
DEADBEEF
DEADBEEF
DEADBEEF
DEADBEEF
DEADBEEF
DEADBEEF
DEADBEEF
DEADBEEF
DEADBEEF
DEADBEEF
DEADBEEF
DEADBEEF
DEADBEEF
DEADBEEF
DEADBEEF
DEADBEEF
DEADBEEF
DEADBEEF
DEADBEEF
DEADBEEF
DEADBEEF
DEADBEEF
DEADBEEF
DEADBEEF
DEADBEEF
DEADBEEF
DEADBEEF
DEADBEEF
DEADBEEF
DEADBEEF
DEADBEEF
DEADBEEF
DEADBEEF
DEADBEEF
DEADBEEF
DEADBEEF
DEADBEEF
DEADBEEF
DEADBEEF
DEADBEEF
DEADBEEF
DEADBEEF
DEADBEEF
DEADBEEF
DEADBEEF
DEADBEEF
DEADBEEF
DEADBEEF
DEADBEEF
DEADBEEF
DEADBEEF
DEADBEEF
DEADBEEF
DEADBEEF
DEADBEEF
DEADBEEF
DEADBEEF
DEADBEEF
DEADBEEF
DEADBEEF
DEADBEEF
DEADBEEF
DEADBEEF
DEADBEEF
DEADBEEF
DEADBEEF
DEADBEEF
DEADBEEF
DEADBEEF
DEADBEEF
DEADBEEF
DEADBEEF
DEADBEEF
DEADBEEF
DEADBEEF
DEADBEEF
DEADBEEF
DEADBEEF
DEADBEEF
DEADBEEF
DEADBEEF
DEADBEEF
DEADBEEF
DEADBEEF
DEADBEEF
DEADBEEF
DEADBEEF
DEADBEEF
DEADBEEF
DEADBEEF
DEADBEEF
DEADBEEF
DEADBEEF
DEADBEEF
DEADBEEF
DEADBEEF
DEADBEEF
DEADBEEF
DEADBEEF
DEADBEEF
DEADBEEF
DEADBEEF
DEADBEEF
DEADBEEF
DEADBEEF
DEADBEEF
DEADBEEF
DEADBEEF
DEADBEEF
DEADBEEF
DEADBEEF
DEADBEEF
DEADBEEF
DEADBEEF
DEADBEEF
DEADBEEF
DEADBEEF
DEADBEEF
DEADBEEF
DEADBEEF
DEADBEEF
DEADBEEF
DEADBEEF
DEADBEEF
DEADBEEF
DEADBEEF
DEADBEEF
DEADBEEF
DEADBEEF
DEADBEEF
DEADBEEF
DEADBEEF
DEADBEEF
DEADBEEF
DEADBEEF
DEADBEEF
DEADBEEF
DEADBEEF
DEADBEEF
DEADBEEF
DEADBEEF
DEADBEEF
DEADBEEF
DEADBEEF
DEADBEEF
DEADBEEF
DEADBEEF
DEADBEEF
DEADBEEF
DEADBEEF
DEADBEEF
DEADBEEF
DEADBEEF
DEADBEEF
DEADBEEF
DEADBEEF
DEADBEEF
DEADBEEF
DEADBEEF
DEADBEEF
DEADBEEF
DEADBEEF
DEADBEEF
DEADBEEF
DEADBEEF
DEADBEEF
DEADBEEF
DEADBEEF
DEADBEEF
DEADBEEF
DEADBEEF
DEADBEEF
DEADBEEF
DEADBEEF
DEADBEEF
DEADBEEF
DEADBEEF
DEADBEEF
DEADBEEF
DEADBEEF
DEADBEEF
DEADBEEF
DEADBEEF
DEADBEEF
DEADBEEF
DEADBEEF
DEADBEEF
DEADBEEF
DEADBEEF
DEADBEEF
DEADBEEF
DEADBEEF
DEADBEEF
DEADBEEF
DEADBEEF
DEADBEEF
DEADBEEF
DEADBEEF
DEADBEEF
DEADBEEF
DEADBEEF
DEADBEEF
DEADBEEF
DEADBEEF
DEADBEEF
DEADBEEF
DEADBEEF
DEADBEEF
DEADBEEF
DEADBEEF
DEADBEEF
DEADBEEF
DEADBEEF
DEADBEEF
DEADBEEF
DEADBEEF
DEADBEEF
DEADBEEF
DEADBEEF
DEADBEEF
DEADBEEF
DEADBEEF
DEADBEEF
DEADBEEF
DEADBEEF
DEADBEEF
DEADBEEF
DEADBEEF
DEADBEEF
DEADBEEF
DEADBEEF
DEADBEEF
DEADBEEF
DEADBEEF
DEADBEEF
DEADBEEF
DEADBEEF
DEADBEEF
DEADBEEF
DEADBEEF
DEADBEEF
DEADBEEF
DEADBEEF
DEADBEEF
DEADBEEF
DEADBEEF
DEADBEEF
DEADBEEF
DEADBEEF
DEADBEEF
DEADBEEF
DEADBEEF
DEADBEEF
DEADBEEF
DEADBEEF
DEADBEEF
DEADBEEF
DEADBEEF
DEADBEEF
DEADBEEF
DEADBEEF
DEADBEEF
DEADBEEF
DEADBEEF
DEADBEEF
DEADBEEF
DEADBEEF
DEADBEEF
DEADBEEF
DEADBEEF
DEADBEEF
DEADBEEF
DEADBEEF
DEADBEEF
DEADBEEF
DEADBEEF
DEADBEEF
DEADBEEF
DEADBEEF
DEADBEEF
DEADBEEF
DEADBEEF
DEADBEEF
DEADBEEF
DEADBEEF
DEADBEEF
DEADBEEF
DEADBEEF
DEADBEEF
DEADBEEF
DEADBEEF
DEADBEEF
DEADBEEF
DEADBEEF
DEADBEEF
DEADBEEF
DEADBEEF
DEADBEEF
DEADBEEF
DEADBEEF
DEADBEEF
DEADBEEF
DEADBEEF
DEADBEEF
DEADBEEF
DEADBEEF
DEADBEEF
DEADBEEF
DEADBEEF
DEADBEEF
DEADBEEF
DEADBEEF
DEADBEEF
DEADBEEF
DEADBEEF
DEADBEEF
DEADBEEF
DEADBEEF
DEADBEEF
DEADBEEF
DEADBEEF
DEADBEEF
DEADBEEF
DEADBEEF
DEADBEEF
DEADBEEF
DEADBEEF
DEADBEEF
DEADBEEF
DEADBEEF
DEADBEEF
DEADBEEF
DEADBEEF
DEADBEEF
DEADBEEF
DEADBEEF
DEADBEEF
DEADBEEF
DEADBEEF
DEADBEEF
DEADBEEF
DEADBEEF
DEADBEEF
DEADBEEF
DEADBEEF
DEADBEEF
DEADBEEF
DEADBEEF
DEADBEEF
DEADBEEF
DEADBEEF
DEADBEEF
DEADBEEF
DEADBEEF
DEADBEEF
DEADBEEF
DEADBEEF
DEADBEEF
DEADBEEF
DEADBEEF
DEADBEEF
DEADBEEF
DEADBEEF
DEADBEEF
DEADBEEF
DEADBEEF
DEADBEEF
DEADBEEF
DEADBEEF
DEADBEEF
DEADBEEF
DEADBEEF
DEADBEEF
DEADBEEF
DEADBEEF
DEADBEEF
DEADBEEF
DEADBEEF
DEADBEEF
DEADBEEF
DEADBEEF
DEADBEEF
DEADBEEF
DEADBEEF
DEADBEEF
DEADBEEF
DEADBEEF
DEADBEEF
DEADBEEF
DEADBEEF
DEADBEEF
DEADBEEF
DEADBEEF
DEADBEEF
DEADBEEF
DEADBEEF
DEADBEEF
DEADBEEF
DEADBEEF
DEADBEEF
DEADBEEF
DEADBEEF
DEADBEEF
DEADBEEF
DEADBEEF
DEADBEEF
DEADBEEF
DEADBEEF
DEADBEEF
DEADBEEF
DEADBEEF
DEADBEEF
DEADBEEF
DEADBEEF
DEADBEEF
DEADBEEF
DEADBEEF
DEADBEEF
DEADBEEF
DEADBEEF
DEADBEEF
DEADBEEF
DEADBEEF
DEADBEEF
DEADBEEF
DEADBEEF
DEADBEEF
DEADBEEF
DEADBEEF
DEADBEEF
DEADBEEF
DEADBEEF
DEADBEEF
DEADBEEF
DEADBEEF
DEADBEEF
DEADBEEF
DEADBEEF
DEADBEEF
DEADBEEF
DEADBEEF
DEADBEEF
DEADBEEF
DEADBEEF
DEADBEEF
DEADBEEF
DEADBEEF
DEADBEEF
DEADBEEF
DEADBEEF
DEADBEEF
DEADBEEF
DEADBEEF
DEADBEEF
DEADBEEF
DEADBEEF
DEADBEEF
DEADBEEF
DEADBEEF
DEADBEEF
DEADBEEF
DEADBEEF
DEADBEEF
DEADBEEF
DEADBEEF
DEADBEEF
DEADBEEF
DEADBEEF
DEADBEEF
DEADBEEF
DEADBEEF
DEADBEEF
DEADBEEF
DEADBEEF
DEADBEEF
DEADBEEF
DEADBEEF
DEADBEEF
DEADBEEF
DEADBEEF
DEADBEEF
DEADBEEF
DEADBEEF
DEADBEEF
DEADBEEF
DEADBEEF
DEADBEEF
DEADBEEF
DEADBEEF
DEADBEEF
DEADBEEF
DEADBEEF
DEADBEEF
DEADBEEF
DEADBEEF
DEADBEEF
DEADBEEF
DEADBEEF
DEADBEEF
DEADBEEF
DEADBEEF
DEADBEEF
DEADBEEF
DEADBEEF
DEADBEEF
DEADBEEF
DEADBEEF
DEADBEEF
DEADBEEF
DEADBEEF
DEADBEEF
DEADBEEF
DEADBEEF
DEADBEEF
DEADBEEF
DEADBEEF
DEADBEEF
DEADBEEF
DEADBEEF
DEADBEEF
DEADBEEF
DEADBEEF
DEADBEEF
DEADBEEF
DEADBEEF
DEADBEEF
DEADBEEF
DEADBEEF
DEADBEEF
DEADBEEF
DEADBEEF
DEADBEEF
DEADBEEF
DEADBEEF
DEADBEEF
DEADBEEF
DEADBEEF
DEADBEEF
DEADBEEF
DEADBEEF
DEADBEEF
DEADBEEF
DEADBEEF
DEADBEEF
DEADBEEF
DEADBEEF
DEADBEEF
DEADBEEF
DEADBEEF
DEADBEEF
DEADBEEF
DEADBEEF
DEADBEEF
DEADBEEF
DEADBEEF
DEADBEEF
DEADBEEF
DEADBEEF
DEADBEEF
DEADBEEF
DEADBEEF
DEADBEEF
DEADBEEF
DEADBEEF
DEADBEEF
DEADBEEF
DEADBEEF
DEADBEEF
DEADBEEF
DEADBEEF
DEADBEEF
DEADBEEF
DEADBEEF
DEADBEEF
DEADBEEF
DEADBEEF
DEADBEEF
DEADBEEF
DEADBEEF
DEADBEEF
DEADBEEF
DEADBEEF
DEADBEEF
DEADBEEF
DEADBEEF
DEADBEEF
DEADBEEF
DEADBEEF
DEADBEEF
DEADBEEF
DEADBEEF
DEADBEEF
DEADBEEF
DEADBEEF
DEADBEEF
DEADBEEF
DEADBEEF
DEADBEEF
DEADBEEF
DEADBEEF
DEADBEEF
DEADBEEF
DEADBEEF
DEADBEEF
DEADBEEF
DEADBEEF
DEADBEEF
DEADBEEF
DEADBEEF
DEADBEEF
DEADBEEF
DEADBEEF
DEADBEEF
DEADBEEF
DEADBEEF
DEADBEEF
DEADBEEF
DEADBEEF
DEADBEEF
DEADBEEF
DEADBEEF
DEADBEEF
DEADBEEF
DEADBEEF
DEADBEEF
DEADBEEF
DEADBEEF
DEADBEEF
DEADBEEF
DEADBEEF
DEADBEEF
DEADBEEF
DEADBEEF
DEADBEEF
DEADBEEF
DEADBEEF
DEADBEEF
DEADBEEF
DEADBEEF
DEADBEEF
DEADBEEF
DEADBEEF
DEADBEEF
DEADBEEF
DEADBEEF
DEADBEEF
DEADBEEF
DEADBEEF
DEADBEEF
DEADBEEF
DEADBEEF
DEADBEEF
DEADBEEF
DEADBEEF
DEADBEEF
DEADBEEF
DEADBEEF
DEADBEEF
DEADBEEF
DEADBEEF
DEADBEEF
DEADBEEF
DEADBEEF
DEADBEEF
DEADBEEF
DEADBEEF
DEADBEEF
DEADBEEF
DEADBEEF
DEADBEEF
DEADBEEF
DEADBEEF
DEADBEEF
DEADBEEF
DEADBEEF
DEADBEEF
DEADBEEF
DEADBEEF
DEADBEEF
DEADBEEF
DEADBEEF
DEADBEEF
DEADBEEF
DEADBEEF
DEADBEEF
DEADBEEF
DEADBEEF
DEADBEEF
DEADBEEF
DEADBEEF
DEADBEEF
DEADBEEF
DEADBEEF
DEADBEEF
DEADBEEF
DEADBEEF
DEADBEEF
DEADBEEF
DEADBEEF
DEADBEEF
DEADBEEF
DEADBEEF
DEADBEEF
DEADBEEF
DEADBEEF
DEADBEEF
DEADBEEF
DEADBEEF
DEADBEEF
DEADBEEF
DEADBEEF
DEADBEEF
DEADBEEF
DEADBEEF
DEADBEEF
DEADBEEF
DEADBEEF
DEADBEEF
DEADBEEF
DEADBEEF
DEADBEEF
DEADBEEF
DEADBEEF
DEADBEEF
DEADBEEF
DEADBEEF
DEADBEEF
DEADBEEF
DEADBEEF
DEADBEEF
DEADBEEF
DEADBEEF
DEADBEEF
DEADBEEF
DEADBEEF
DEADBEEF
DEADBEEF
DEADBEEF
DEADBEEF
DEADBEEF
DEADBEEF
DEADBEEF
DEADBEEF
DEADBEEF
DEADBEEF
DEADBEEF
DEADBEEF
DEADBEEF
DEADBEEF
DEADBEEF
DEADBEEF
DEADBEEF
DEADBEEF
DEADBEEF
DEADBEEF
DEADBEEF
DEADBEEF
DEADBEEF
DEADBEEF
DEADBEEF
DEADBEEF
DEADBEEF
DEADBEEF
DEADBEEF
DEADBEEF
DEADBEEF
DEADBEEF
DEADBEEF
DEADBEEF
DEADBEEF
DEADBEEF
DEADBEEF
DEADBEEF
DEADBEEF
DEADBEEF
DEADBEEF
DEADBEEF
DEADBEEF
DEADBEEF
DEADBEEF
DEADBEEF
DEADBEEF
DEADBEEF
DEADBEEF
DEADBEEF
DEADBEEF
DEADBEEF
DEADBEEF
DEADBEEF
DEADBEEF
DEADBEEF
DEADBEEF
DEADBEEF
DEADBEEF
DEADBEEF
DEADBEEF
DEADBEEF
DEADBEEF
DEADBEEF
DEADBEEF
DEADBEEF
DEADBEEF
DEADBEEF
DEADBEEF
DEADBEEF
DEADBEEF
DEADBEEF
DEADBEEF
DEADBEEF
DEADBEEF
DEADBEEF
DEADBEEF
DEADBEEF
DEADBEEF
DEADBEEF
DEADBEEF
DEADBEEF
DEADBEEF
DEADBEEF
DEADBEEF
DEADBEEF
DEADBEEF
DEADBEEF
DEADBEEF
DEADBEEF
DEADBEEF
DEADBEEF
DEADBEEF
DEADBEEF
DEADBEEF
DEADBEEF
DEADBEEF
DEADBEEF
DEADBEEF
DEADBEEF
DEADBEEF
DEADBEEF
DEADBEEF
DEADBEEF
DEADBEEF
DEADBEEF
DEADBEEF
DEADBEEF
DEADBEEF
DEADBEEF
DEADBEEF
DEADBEEF
DEADBEEF
DEADBEEF
DEADBEEF
DEADBEEF
DEADBEEF
DEADBEEF
DEADBEEF
DEADBEEF
DEADBEEF
DEADBEEF
DEADBEEF
DEADBEEF
DEADBEEF
DEADBEEF
DEADBEEF
DEADBEEF
DEADBEEF
DEADBEEF
DEADBEEF
DEADBEEF
DEADBEEF
DEADBEEF
DEADBEEF
DEADBEEF
DEADBEEF
DEADBEEF
DEADBEEF
DEADBEEF
DEADBEEF
DEADBEEF
DEADBEEF
DEADBEEF
DEADBEEF
DEADBEEF
DEADBEEF
DEADBEEF
DEADBEEF
DEADBEEF
DEADBEEF
DEADBEEF
DEADBEEF
DEADBEEF
DEADBEEF
DEADBEEF
DEADBEEF
DEADBEEF
DEADBEEF
DEADBEEF
DEADBEEF
DEADBEEF
DEADBEEF
DEADBEEF
DEADBEEF
DEADBEEF
DEADBEEF
DEADBEEF
DEADBEEF
DEADBEEF
DEADBEEF
DEADBEEF
DEADBEEF
DEADBEEF
DEADBEEF
DEADBEEF
DEADBEEF
DEADBEEF
DEADBEEF
DEADBEEF
DEADBEEF
DEADBEEF
DEADBEEF
DEADBEEF
DEADBEEF
DEADBEEF
DEADBEEF
DEADBEEF
DEADBEEF
DEADBEEF
DEADBEEF
DEADBEEF
DEADBEEF
DEADBEEF
DEADBEEF
DEADBEEF
DEADBEEF
DEADBEEF
DEADBEEF
DEADBEEF
DEADBEEF
DEADBEEF
DEADBEEF
DEADBEEF
DEADBEEF
DEADBEEF
DEADBEEF
DEADBEEF
DEADBEEF
DEADBEEF
DEADBEEF
DEADBEEF
DEADBEEF
DEADBEEF
DEADBEEF
DEADBEEF
DEADBEEF
DEADBEEF
DEADBEEF
DEADBEEF
DEADBEEF
DEADBEEF
DEADBEEF
DEADBEEF
DEADBEEF
DEADBEEF
DEADBEEF
DEADBEEF
DEADBEEF
DEADBEEF
DEADBEEF
DEADBEEF
DEADBEEF
DEADBEEF
DEADBEEF
DEADBEEF
DEADBEEF
DEADBEEF
DEADBEEF
DEADBEEF
DEADBEEF
DEADBEEF
DEADBEEF
DEADBEEF
DEADBEEF
DEADBEEF
DEADBEEF
DEADBEEF
DEADBEEF
DEADBEEF
DEADBEEF
DEADBEEF
DEADBEEF
DEADBEEF
DEADBEEF
DEADBEEF
DEADBEEF
DEADBEEF
DEADBEEF
DEADBEEF
DEADBEEF
DEADBEEF
DEADBEEF
DEADBEEF
DEADBEEF
DEADBEEF
DEADBEEF
DEADBEEF
DEADBEEF
DEADBEEF
DEADBEEF
DEADBEEF
DEADBEEF
DEADBEEF
DEADBEEF
DEADBEEF
DEADBEEF
DEADBEEF
DEADBEEF
DEADBEEF
DEADBEEF
DEADBEEF
DEADBEEF
DEADBEEF
DEADBEEF
DEADBEEF
DEADBEEF
DEADBEEF
DEADBEEF
DEADBEEF
DEADBEEF
DEADBEEF
DEADBEEF
DEADBEEF
DEADBEEF
DEADBEEF
DEADBEEF
DEADBEEF
DEADBEEF
DEADBEEF
DEADBEEF
DEADBEEF
DEADBEEF
DEADBEEF
DEADBEEF
DEADBEEF
DEADBEEF
DEADBEEF
DEADBEEF
DEADBEEF
DEADBEEF
DEADBEEF
DEADBEEF
DEADBEEF
DEADBEEF
DEADBEEF
DEADBEEF
DEADBEEF
DEADBEEF
DEADBEEF
DEADBEEF
DEADBEEF
DEADBEEF
DEADBEEF
DEADBEEF
DEADBEEF
DEADBEEF
DEADBEEF
DEADBEEF
DEADBEEF
DEADBEEF
DEADBEEF
DEADBEEF
DEADBEEF
DEADBEEF
DEADBEEF
DEADBEEF
DEADBEEF
DEADBEEF
DEADBEEF
DEADBEEF
DEADBEEF
DEADBEEF
DEADBEEF
DEADBEEF
DEADBEEF
DEADBEEF
DEADBEEF
DEADBEEF
DEADBEEF
DEADBEEF
DEADBEEF
DEADBEEF
DEADBEEF
DEADBEEF
DEADBEEF
DEADBEEF
DEADBEEF
DEADBEEF
DEADBEEF
DEADBEEF
DEADBEEF
DEADBEEF
DEADBEEF
DEADBEEF
DEADBEEF
DEADBEEF
DEADBEEF
DEADBEEF
DEADBEEF
DEADBEEF
DEADBEEF
DEADBEEF
DEADBEEF
DEADBEEF
DEADBEEF
DEADBEEF
DEADBEEF
DEADBEEF
DEADBEEF
DEADBEEF
DEADBEEF
DEADBEEF
DEADBEEF
DEADBEEF
DEADBEEF
DEADBEEF
DEADBEEF
DEADBEEF
DEADBEEF
DEADBEEF
DEADBEEF
DEADBEEF
DEADBEEF
DEADBEEF
DEADBEEF
DEADBEEF
DEADBEEF
DEADBEEF
DEADBEEF
DEADBEEF
DEADBEEF
DEADBEEF
DEADBEEF
DEADBEEF
DEADBEEF
DEADBEEF
DEADBEEF
DEADBEEF
DEADBEEF
DEADBEEF
DEADBEEF
DEADBEEF
DEADBEEF
DEADBEEF
DEADBEEF
DEADBEEF
DEADBEEF
DEADBEEF
DEADBEEF
DEADBEEF
DEADBEEF
DEADBEEF
DEADBEEF
DEADBEEF
DEADBEEF
DEADBEEF
DEADBEEF
DEADBEEF
DEADBEEF
DEADBEEF
DEADBEEF
DEADBEEF
DEADBEEF
DEADBEEF
DEADBEEF
DEADBEEF
DEADBEEF
DEADBEEF
DEADBEEF
DEADBEEF
DEADBEEF
DEADBEEF
DEADBEEF
DEADBEEF
DEADBEEF
DEADBEEF
DEADBEEF
DEADBEEF
DEADBEEF
DEADBEEF
DEADBEEF
DEADBEEF
DEADBEEF
DEADBEEF
DEADBEEF
DEADBEEF
DEADBEEF
DEADBEEF
DEADBEEF
DEADBEEF
DEADBEEF
DEADBEEF
DEADBEEF
DEADBEEF
DEADBEEF
DEADBEEF
DEADBEEF
DEADBEEF
DEADBEEF
DEADBEEF
DEADBEEF
DEADBEEF
DEADBEEF
DEADBEEF
DEADBEEF
DEADBEEF
DEADBEEF
DEADBEEF
DEADBEEF
DEADBEEF
DEADBEEF
DEADBEEF
DEADBEEF
DEADBEEF
DEADBEEF
DEADBEEF
DEADBEEF
DEADBEEF
DEADBEEF
DEADBEEF
DEADBEEF
DEADBEEF
DEADBEEF
DEADBEEF
DEADBEEF
DEADBEEF
DEADBEEF
DEADBEEF
DEADBEEF
DEADBEEF
DEADBEEF
DEADBEEF
DEADBEEF
DEADBEEF
DEADBEEF
DEADBEEF
DEADBEEF
DEADBEEF
DEADBEEF
DEADBEEF
DEADBEEF
DEADBEEF
DEADBEEF
DEADBEEF
DEADBEEF
DEADBEEF
DEADBEEF
DEADBEEF
DEADBEEF
DEADBEEF
DEADBEEF
DEADBEEF
DEADBEEF
DEADBEEF
DEADBEEF
DEADBEEF
DEADBEEF
DEADBEEF
DEADBEEF
DEADBEEF
DEADBEEF
DEADBEEF
DEADBEEF
DEADBEEF
DEADBEEF
DEADBEEF
DEADBEEF
DEADBEEF
DEADBEEF
DEADBEEF
DEADBEEF
DEADBEEF
DEADBEEF
DEADBEEF
DEADBEEF
DEADBEEF
DEADBEEF
DEADBEEF
DEADBEEF
DEADBEEF
DEADBEEF
DEADBEEF
DEADBEEF
DEADBEEF
DEADBEEF
DEADBEEF
DEADBEEF
DEADBEEF
DEADBEEF
DEADBEEF
DEADBEEF
DEADBEEF
DEADBEEF
DEADBEEF
DEADBEEF
DEADBEEF
DEADBEEF
DEADBEEF
DEADBEEF
DEADBEEF
DEADBEEF
DEADBEEF
DEADBEEF
DEADBEEF
DEADBEEF
DEADBEEF
DEADBEEF
DEADBEEF
DEADBEEF
DEADBEEF
DEADBEEF
DEADBEEF
DEADBEEF
DEADBEEF
DEADBEEF
DEADBEEF
DEADBEEF
DEADBEEF
DEADBEEF
DEADBEEF
DEADBEEF
DEADBEEF
DEADBEEF
DEADBEEF
DEADBEEF
DEADBEEF
DEADBEEF
DEADBEEF
DEADBEEF
DEADBEEF
DEADBEEF
DEADBEEF
DEADBEEF
DEADBEEF
DEADBEEF
DEADBEEF
DEADBEEF
DEADBEEF
DEADBEEF
DEADBEEF
DEADBEEF
DEADBEEF
DEADBEEF
DEADBEEF
DEADBEEF
DEADBEEF
DEADBEEF
DEADBEEF
DEADBEEF
DEADBEEF
DEADBEEF
DEADBEEF
DEADBEEF
DEADBEEF
DEADBEEF
DEADBEEF
DEADBEEF
DEADBEEF
DEADBEEF
DEADBEEF
DEADBEEF
DEADBEEF
DEADBEEF
DEADBEEF
DEADBEEF
DEADBEEF
DEADBEEF
DEADBEEF
DEADBEEF
DEADBEEF
DEADBEEF
DEADBEEF
DEADBEEF
DEADBEEF
DEADBEEF
DEADBEEF
DEADBEEF
DEADBEEF
DEADBEEF
DEADBEEF
DEADBEEF
DEADBEEF
DEADBEEF
DEADBEEF
DEADBEEF
DEADBEEF
DEADBEEF
DEADBEEF
DEADBEEF
DEADBEEF
DEADBEEF
DEADBEEF
DEADBEEF
DEADBEEF
DEADBEEF
DEADBEEF
DEADBEEF
DEADBEEF
DEADBEEF
DEADBEEF
DEADBEEF
DEADBEEF
DEADBEEF
DEADBEEF
DEADBEEF
DEADBEEF
DEADBEEF
DEADBEEF
DEADBEEF
DEADBEEF
DEADBEEF
DEADBEEF
DEADBEEF
DEADBEEF
DEADBEEF
DEADBEEF
DEADBEEF
DEADBEEF
DEADBEEF
DEADBEEF
DEADBEEF
DEADBEEF
DEADBEEF
DEADBEEF
DEADBEEF
DEADBEEF
DEADBEEF
DEADBEEF
DEADBEEF
DEADBEEF
DEADBEEF
DEADBEEF
DEADBEEF
DEADBEEF
DEADBEEF
DEADBEEF
DEADBEEF
DEADBEEF
DEADBEEF
DEADBEEF
DEADBEEF
DEADBEEF
DEADBEEF
DEADBEEF
DEADBEEF
DEADBEEF
DEADBEEF
DEADBEEF
DEADBEEF
DEADBEEF
DEADBEEF
DEADBEEF
DEADBEEF
DEADBEEF
DEADBEEF
DEADBEEF
DEADBEEF
DEADBEEF
DEADBEEF
DEADBEEF
DEADBEEF
DEADBEEF
DEADBEEF
DEADBEEF
DEADBEEF
DEADBEEF
DEADBEEF
DEADBEEF
DEADBEEF
DEADBEEF
DEADBEEF
DEADBEEF
DEADBEEF
DEADBEEF
DEADBEEF
DEADBEEF
DEADBEEF
DEADBEEF
DEADBEEF
DEADBEEF
DEADBEEF
DEADBEEF
DEADBEEF
DEADBEEF
DEADBEEF
DEADBEEF
DEADBEEF
DEADBEEF
DEADBEEF
DEADBEEF
DEADBEEF
DEADBEEF
DEADBEEF
DEADBEEF
DEADBEEF
DEADBEEF
DEADBEEF
DEADBEEF
DEADBEEF
DEADBEEF
DEADBEEF
DEADBEEF
DEADBEEF
DEADBEEF
DEADBEEF
DEADBEEF
DEADBEEF
DEADBEEF
DEADBEEF
DEADBEEF
DEADBEEF
DEADBEEF
DEADBEEF
DEADBEEF
DEADBEEF
DEADBEEF
DEADBEEF
DEADBEEF
DEADBEEF
DEADBEEF
DEADBEEF
DEADBEEF
DEADBEEF
DEADBEEF
DEADBEEF
DEADBEEF
DEADBEEF
DEADBEEF
DEADBEEF
DEADBEEF
DEADBEEF
DEADBEEF
DEADBEEF
DEADBEEF
DEADBEEF
DEADBEEF
DEADBEEF
DEADBEEF
DEADBEEF
DEADBEEF
DEADBEEF
DEADBEEF
DEADBEEF
DEADBEEF
DEADBEEF
DEADBEEF
DEADBEEF
DEADBEEF
DEADBEEF
DEADBEEF
DEADBEEF
DEADBEEF
DEADBEEF
DEADBEEF
DEADBEEF
DEADBEEF
DEADBEEF
DEADBEEF
DEADBEEF
DEADBEEF
DEADBEEF
DEADBEEF
DEADBEEF
DEADBEEF
DEADBEEF
DEADBEEF
DEADBEEF
DEADBEEF
DEADBEEF
DEADBEEF
DEADBEEF
DEADBEEF
DEADBEEF
DEADBEEF
DEADBEEF
DEADBEEF
DEADBEEF
DEADBEEF
DEADBEEF
DEADBEEF
DEADBEEF
DEADBEEF
DEADBEEF
DEADBEEF
DEADBEEF
DEADBEEF
DEADBEEF
DEADBEEF
DEADBEEF
DEADBEEF
DEADBEEF
DEADBEEF
DEADBEEF
DEADBEEF
DEADBEEF
DEADBEEF
DEADBEEF
DEADBEEF
DEADBEEF
DEADBEEF
DEADBEEF
DEADBEEF
DEADBEEF
DEADBEEF
DEADBEEF
DEADBEEF
DEADBEEF
DEADBEEF
DEADBEEF
DEADBEEF
DEADBEEF
DEADBEEF
DEADBEEF
DEADBEEF
DEADBEEF
DEADBEEF
DEADBEEF
DEADBEEF
DEADBEEF
DEADBEEF
DEADBEEF
DEADBEEF
DEADBEEF
DEADBEEF
DEADBEEF
DEADBEEF
DEADBEEF
DEADBEEF
DEADBEEF
DEADBEEF
DEADBEEF
DEADBEEF
DEADBEEF
DEADBEEF
DEADBEEF
DEADBEEF
DEADBEEF
DEADBEEF
DEADBEEF
DEADBEEF
DEADBEEF
DEADBEEF
DEADBEEF
DEADBEEF
DEADBEEF
DEADBEEF
DEADBEEF
DEADBEEF
DEADBEEF
DEADBEEF
DEADBEEF
DEADBEEF
DEADBEEF
DEADBEEF
DEADBEEF
DEADBEEF
DEADBEEF
DEADBEEF
DEADBEEF
DEADBEEF
DEADBEEF
DEADBEEF
DEADBEEF
DEADBEEF
DEADBEEF
DEADBEEF
DEADBEEF
DEADBEEF
DEADBEEF
DEADBEEF
DEADBEEF
DEADBEEF
DEADBEEF
DEADBEEF
DEADBEEF
DEADBEEF
DEADBEEF
DEADBEEF
DEADBEEF
DEADBEEF
DEADBEEF
DEADBEEF
DEADBEEF
DEADBEEF
DEADBEEF
DEADBEEF
DEADBEEF
DEADBEEF
DEADBEEF
DEADBEEF
DEADBEEF
DEADBEEF
DEADBEEF
DEADBEEF
DEADBEEF
DEADBEEF
DEADBEEF
DEADBEEF
DEADBEEF
DEADBEEF
DEADBEEF
DEADBEEF
DEADBEEF
DEADBEEF
DEADBEEF
DEADBEEF
DEADBEEF
DEADBEEF
DEADBEEF
DEADBEEF
DEADBEEF
DEADBEEF
DEADBEEF
DEADBEEF
DEADBEEF
DEADBEEF
DEADBEEF
DEADBEEF
DEADBEEF
DEADBEEF
DEADBEEF
DEADBEEF
DEADBEEF
DEADBEEF
DEADBEEF
DEADBEEF
DEADBEEF
DEADBEEF
DEADBEEF
DEADBEEF
DEADBEEF
DEADBEEF
DEADBEEF
DEADBEEF
DEADBEEF
DEADBEEF
DEADBEEF
DEADBEEF
DEADBEEF
DEADBEEF
DEADBEEF
DEADBEEF
DEADBEEF
DEADBEEF
DEADBEEF
DEADBEEF
DEADBEEF
DEADBEEF
DEADBEEF
DEADBEEF
DEADBEEF
DEADBEEF
DEADBEEF
DEADBEEF
DEADBEEF
DEADBEEF
DEADBEEF
DEADBEEF
DEADBEEF
DEADBEEF
DEADBEEF
DEADBEEF
DEADBEEF
DEADBEEF
DEADBEEF
DEADBEEF
DEADBEEF
DEADBEEF
DEADBEEF
DEADBEEF
DEADBEEF
DEADBEEF
DEADBEEF
DEADBEEF
DEADBEEF
DEADBEEF
DEADBEEF
DEADBEEF
DEADBEEF
DEADBEEF
DEADBEEF
DEADBEEF
DEADBEEF
DEADBEEF
DEADBEEF
DEADBEEF
DEADBEEF
DEADBEEF
DEADBEEF
DEADBEEF
DEADBEEF
DEADBEEF
DEADBEEF
DEADBEEF
DEADBEEF
DEADBEEF
DEADBEEF
DEADBEEF
DEADBEEF
DEADBEEF
DEADBEEF
DEADBEEF
DEADBEEF
DEADBEEF
DEADBEEF
DEADBEEF
DEADBEEF
DEADBEEF
DEADBEEF
DEADBEEF
DEADBEEF
DEADBEEF
DEADBEEF
DEADBEEF
DEADBEEF
DEADBEEF
DEADBEEF
DEADBEEF
DEADBEEF
DEADBEEF
DEADBEEF
DEADBEEF
DEADBEEF
DEADBEEF
DEADBEEF
DEADBEEF
DEADBEEF
DEADBEEF
DEADBEEF
DEADBEEF
DEADBEEF
DEADBEEF
DEADBEEF
DEADBEEF
DEADBEEF
DEADBEEF
DEADBEEF
DEADBEEF
DEADBEEF
DEADBEEF
DEADBEEF
DEADBEEF
DEADBEEF
DEADBEEF
DEADBEEF
DEADBEEF
DEADBEEF
DEADBEEF
DEADBEEF
DEADBEEF
DEADBEEF
DEADBEEF
DEADBEEF
DEADBEEF
DEADBEEF
DEADBEEF
DEADBEEF
DEADBEEF
DEADBEEF
DEADBEEF
DEADBEEF
DEADBEEF
DEADBEEF
DEADBEEF
DEADBEEF
DEADBEEF
DEADBEEF
DEADBEEF
DEADBEEF
DEADBEEF
DEADBEEF
DEADBEEF
DEADBEEF
DEADBEEF
DEADBEEF
DEADBEEF
DEADBEEF
DEADBEEF
DEADBEEF
DEADBEEF
DEADBEEF
DEADBEEF
DEADBEEF
DEADBEEF
DEADBEEF
DEADBEEF
DEADBEEF
DEADBEEF
DEADBEEF
DEADBEEF
DEADBEEF
DEADBEEF
DEADBEEF
DEADBEEF
DEADBEEF
DEADBEEF
DEADBEEF
DEADBEEF
DEADBEEF
DEADBEEF
DEADBEEF
DEADBEEF
DEADBEEF
DEADBEEF
DEADBEEF
DEADBEEF
DEADBEEF
DEADBEEF
DEADBEEF
DEADBEEF
DEADBEEF
DEADBEEF
DEADBEEF
DEADBEEF
DEADBEEF
DEADBEEF
DEADBEEF
DEADBEEF
DEADBEEF
DEADBEEF
DEADBEEF
DEADBEEF
DEADBEEF
DEADBEEF
DEADBEEF
DEADBEEF
DEADBEEF
DEADBEEF
DEADBEEF
DEADBEEF
DEADBEEF
DEADBEEF
DEADBEEF
DEADBEEF
DEADBEEF
DEADBEEF
DEADBEEF
DEADBEEF
DEADBEEF
DEADBEEF
DEADBEEF
DEADBEEF
DEADBEEF
DEADBEEF
DEADBEEF
DEADBEEF
DEADBEEF
DEADBEEF
DEADBEEF
DEADBEEF
DEADBEEF
DEADBEEF
DEADBEEF
DEADBEEF
DEADBEEF
DEADBEEF
DEADBEEF
DEADBEEF
DEADBEEF
DEADBEEF
DEADBEEF
DEADBEEF
DEADBEEF
DEADBEEF
DEADBEEF
DEADBEEF
DEADBEEF
DEADBEEF
DEADBEEF
DEADBEEF
DEADBEEF
DEADBEEF
DEADBEEF
DEADBEEF
DEADBEEF
DEADBEEF
DEADBEEF
DEADBEEF
DEADBEEF
DEADBEEF
DEADBEEF
DEADBEEF
DEADBEEF
DEADBEEF
DEADBEEF
DEADBEEF
DEADBEEF
DEADBEEF
DEADBEEF
DEADBEEF
DEADBEEF
DEADBEEF
DEADBEEF
DEADBEEF
DEADBEEF
DEADBEEF
DEADBEEF
DEADBEEF
DEADBEEF
DEADBEEF
DEADBEEF
DEADBEEF
DEADBEEF
DEADBEEF
DEADBEEF
DEADBEEF
DEADBEEF
DEADBEEF
DEADBEEF
DEADBEEF
DEADBEEF
DEADBEEF
DEADBEEF
DEADBEEF
DEADBEEF
DEADBEEF
DEADBEEF
DEADBEEF
DEADBEEF
DEADBEEF
DEADBEEF
DEADBEEF
DEADBEEF
DEADBEEF
DEADBEEF
DEADBEEF
DEADBEEF
DEADBEEF
DEADBEEF
DEADBEEF
DEADBEEF
DEADBEEF
DEADBEEF
DEADBEEF
DEADBEEF
DEADBEEF
DEADBEEF
DEADBEEF
DEADBEEF
DEADBEEF
DEADBEEF
DEADBEEF
DEADBEEF
DEADBEEF
DEADBEEF
DEADBEEF
DEADBEEF
DEADBEEF
DEADBEEF
DEADBEEF
DEADBEEF
DEADBEEF
DEADBEEF
DEADBEEF
DEADBEEF
DEADBEEF
DEADBEEF
DEADBEEF
DEADBEEF
DEADBEEF
DEADBEEF
DEADBEEF
DEADBEEF
DEADBEEF
DEADBEEF
DEADBEEF
DEADBEEF
DEADBEEF
DEADBEEF
DEADBEEF
DEADBEEF
DEADBEEF
DEADBEEF
DEADBEEF
DEADBEEF
DEADBEEF
DEADBEEF
DEADBEEF
DEADBEEF
DEADBEEF
DEADBEEF
DEADBEEF
DEADBEEF
DEADBEEF
DEADBEEF
DEADBEEF
DEADBEEF
DEADBEEF
DEADBEEF
DEADBEEF
DEADBEEF
DEADBEEF
DEADBEEF
DEADBEEF
DEADBEEF
DEADBEEF
DEADBEEF
DEADBEEF
DEADBEEF
DEADBEEF
DEADBEEF
DEADBEEF
DEADBEEF
DEADBEEF
DEADBEEF
DEADBEEF
DEADBEEF
DEADBEEF
DEADBEEF
DEADBEEF
DEADBEEF
DEADBEEF
DEADBEEF
DEADBEEF
DEADBEEF
DEADBEEF
DEADBEEF
DEADBEEF
DEADBEEF
DEADBEEF
DEADBEEF
DEADBEEF
DEADBEEF
DEADBEEF
DEADBEEF
DEADBEEF
DEADBEEF
DEADBEEF
DEADBEEF
DEADBEEF
DEADBEEF
DEADBEEF
DEADBEEF
DEADBEEF
DEADBEEF
DEADBEEF
DEADBEEF
DEADBEEF
DEADBEEF
DEADBEEF
DEADBEEF
DEADBEEF
DEADBEEF
DEADBEEF
DEADBEEF
DEADBEEF
DEADBEEF
DEADBEEF
DEADBEEF
DEADBEEF
DEADBEEF
DEADBEEF
DEADBEEF
DEADBEEF
DEADBEEF
DEADBEEF
DEADBEEF
DEADBEEF
DEADBEEF
DEADBEEF
DEADBEEF
DEADBEEF
DEADBEEF
DEADBEEF
DEADBEEF
DEADBEEF
DEADBEEF
DEADBEEF
DEADBEEF
DEADBEEF
DEADBEEF
DEADBEEF
DEADBEEF
DEADBEEF
DEADBEEF
DEADBEEF
DEADBEEF
DEADBEEF
DEADBEEF
DEADBEEF
DEADBEEF
DEADBEEF
DEADBEEF
DEADBEEF
DEADBEEF
DEADBEEF
DEADBEEF
DEADBEEF
DEADBEEF
DEADBEEF
DEADBEEF
DEADBEEF
DEADBEEF
DEADBEEF
DEADBEEF
DEADBEEF
DEADBEEF
DEADBEEF
DEADBEEF
DEADBEEF
DEADBEEF
DEADBEEF
DEADBEEF
DEADBEEF
DEADBEEF
DEADBEEF
DEADBEEF
DEADBEEF
DEADBEEF
DEADBEEF
DEADBEEF
DEADBEEF
DEADBEEF
DEADBEEF
DEADBEEF
DEADBEEF
DEADBEEF
DEADBEEF
DEADBEEF
DEADBEEF
DEADBEEF
DEADBEEF
DEADBEEF
DEADBEEF
DEADBEEF
DEADBEEF
DEADBEEF
DEADBEEF
DEADBEEF
DEADBEEF
DEADBEEF
DEADBEEF
DEADBEEF
DEADBEEF
DEADBEEF
DEADBEEF
DEADBEEF
DEADBEEF
DEADBEEF
DEADBEEF
DEADBEEF
DEADBEEF
DEADBEEF
DEADBEEF
DEADBEEF
DEADBEEF
DEADBEEF
DEADBEEF
DEADBEEF
DEADBEEF
DEADBEEF
DEADBEEF
DEADBEEF
DEADBEEF
DEADBEEF
DEADBEEF
DEADBEEF
DEADBEEF
DEADBEEF
DEADBEEF
DEADBEEF
DEADBEEF
DEADBEEF
DEADBEEF
DEADBEEF
DEADBEEF
DEADBEEF
DEADBEEF
DEADBEEF
DEADBEEF
DEADBEEF
DEADBEEF
DEADBEEF
DEADBEEF
DEADBEEF
DEADBEEF
DEADBEEF
DEADBEEF
DEADBEEF
DEADBEEF
DEADBEEF
DEADBEEF
DEADBEEF
DEADBEEF
DEADBEEF
DEADBEEF
DEADBEEF
DEADBEEF
DEADBEEF
DEADBEEF
DEADBEEF
DEADBEEF
DEADBEEF
DEADBEEF
DEADBEEF
DEADBEEF
DEADBEEF
DEADBEEF
DEADBEEF
DEADBEEF
DEADBEEF
DEADBEEF
DEADBEEF
DEADBEEF
DEADBEEF
DEADBEEF
DEADBEEF
DEADBEEF
DEADBEEF
DEADBEEF
DEADBEEF
DEADBEEF
DEADBEEF
DEADBEEF
DEADBEEF
DEADBEEF
DEADBEEF
DEADBEEF
DEADBEEF
DEADBEEF
DEADBEEF
DEADBEEF
DEADBEEF
DEADBEEF
DEADBEEF
DEADBEEF
DEADBEEF
DEADBEEF
DEADBEEF
DEADBEEF
DEADBEEF
DEADBEEF
DEADBEEF
DEADBEEF
DEADBEEF
DEADBEEF
DEADBEEF
DEADBEEF
DEADBEEF
DEADBEEF
DEADBEEF
DEADBEEF
DEADBEEF
DEADBEEF
DEADBEEF
DEADBEEF
DEADBEEF
DEADBEEF
DEADBEEF
DEADBEEF
DEADBEEF
DEADBEEF
DEADBEEF
DEADBEEF
DEADBEEF
DEADBEEF
DEADBEEF
DEADBEEF
DEADBEEF
DEADBEEF
DEADBEEF
DEADBEEF
DEADBEEF
DEADBEEF
DEADBEEF
DEADBEEF
DEADBEEF
DEADBEEF
DEADBEEF
DEADBEEF
DEADBEEF
DEADBEEF
DEADBEEF
DEADBEEF
DEADBEEF
DEADBEEF
DEADBEEF
DEADBEEF
DEADBEEF
DEADBEEF
DEADBEEF
DEADBEEF
DEADBEEF
DEADBEEF
DEADBEEF
DEADBEEF
DEADBEEF
DEADBEEF
DEADBEEF
DEADBEEF
DEADBEEF
DEADBEEF
DEADBEEF
DEADBEEF
DEADBEEF
DEADBEEF
DEADBEEF
DEADBEEF
DEADBEEF
DEADBEEF
DEADBEEF
DEADBEEF
DEADBEEF
DEADBEEF
DEADBEEF
DEADBEEF
DEADBEEF
DEADBEEF
DEADBEEF
DEADBEEF
DEADBEEF
DEADBEEF
DEADBEEF
DEADBEEF
DEADBEEF
DEADBEEF
DEADBEEF
DEADBEEF
DEADBEEF
DEADBEEF
DEADBEEF
DEADBEEF
DEADBEEF
DEADBEEF
DEADBEEF
DEADBEEF
DEADBEEF
DEADBEEF
DEADBEEF
DEADBEEF
DEADBEEF
DEADBEEF
DEADBEEF
DEADBEEF
DEADBEEF
DEADBEEF
DEADBEEF
DEADBEEF
DEADBEEF
DEADBEEF
DEADBEEF
DEADBEEF
DEADBEEF
DEADBEEF
DEADBEEF
DEADBEEF
DEADBEEF
DEADBEEF
DEADBEEF
DEADBEEF
DEADBEEF
DEADBEEF
DEADBEEF
DEADBEEF
DEADBEEF
DEADBEEF
DEADBEEF
DEADBEEF
DEADBEEF
DEADBEEF
DEADBEEF
DEADBEEF
DEADBEEF
DEADBEEF
DEADBEEF
DEADBEEF
DEADBEEF
DEADBEEF
DEADBEEF
DEADBEEF
DEADBEEF
DEADBEEF
DEADBEEF
DEADBEEF
DEADBEEF
DEADBEEF
DEADBEEF
DEADBEEF
DEADBEEF
DEADBEEF
DEADBEEF
DEADBEEF
DEADBEEF
DEADBEEF
DEADBEEF
DEADBEEF
DEADBEEF
DEADBEEF
DEADBEEF
DEADBEEF
DEADBEEF
DEADBEEF
DEADBEEF
DEADBEEF
DEADBEEF
DEADBEEF
DEADBEEF
DEADBEEF
DEADBEEF
DEADBEEF
DEADBEEF
DEADBEEF
DEADBEEF
DEADBEEF
DEADBEEF
DEADBEEF
DEADBEEF
DEADBEEF
DEADBEEF
DEADBEEF
DEADBEEF
DEADBEEF
DEADBEEF
DEADBEEF
DEADBEEF
DEADBEEF
DEADBEEF
DEADBEEF
DEADBEEF
DEADBEEF
DEADBEEF
DEADBEEF
DEADBEEF
DEADBEEF
DEADBEEF
DEADBEEF
DEADBEEF
DEADBEEF
DEADBEEF
DEADBEEF
DEADBEEF
DEADBEEF
DEADBEEF
DEADBEEF
DEADBEEF
DEADBEEF
DEADBEEF
DEADBEEF
DEADBEEF
DEADBEEF
DEADBEEF
DEADBEEF
DEADBEEF
DEADBEEF
DEADBEEF
DEADBEEF
DEADBEEF
DEADBEEF
DEADBEEF
DEADBEEF
DEADBEEF
DEADBEEF
DEADBEEF
DEADBEEF
DEADBEEF
DEADBEEF
DEADBEEF
DEADBEEF
DEADBEEF
DEADBEEF
DEADBEEF
DEADBEEF
DEADBEEF
DEADBEEF
DEADBEEF
DEADBEEF
DEADBEEF
DEADBEEF
DEADBEEF
DEADBEEF
DEADBEEF
DEADBEEF
DEADBEEF
DEADBEEF
DEADBEEF
DEADBEEF
DEADBEEF
DEADBEEF
DEADBEEF
DEADBEEF
DEADBEEF
DEADBEEF
DEADBEEF
DEADBEEF
DEADBEEF
DEADBEEF
DEADBEEF
DEADBEEF
DEADBEEF
DEADBEEF
DEADBEEF
DEADBEEF
DEADBEEF
DEADBEEF
DEADBEEF
DEADBEEF
DEADBEEF
DEADBEEF
DEADBEEF
DEADBEEF
DEADBEEF
DEADBEEF
DEADBEEF
DEADBEEF
DEADBEEF
DEADBEEF
DEADBEEF
DEADBEEF
DEADBEEF
DEADBEEF
DEADBEEF
DEADBEEF
DEADBEEF
DEADBEEF
DEADBEEF
DEADBEEF
DEADBEEF
DEADBEEF
DEADBEEF
DEADBEEF
DEADBEEF
DEADBEEF
DEADBEEF
DEADBEEF
DEADBEEF
DEADBEEF
DEADBEEF
DEADBEEF
DEADBEEF
DEADBEEF
DEADBEEF
DEADBEEF
DEADBEEF
DEADBEEF
DEADBEEF
DEADBEEF
DEADBEEF
DEADBEEF
DEADBEEF
DEADBEEF
DEADBEEF
DEADBEEF
DEADBEEF
DEADBEEF
DEADBEEF
DEADBEEF
DEADBEEF
DEADBEEF
DEADBEEF
DEADBEEF
DEADBEEF
DEADBEEF
DEADBEEF
DEADBEEF
DEADBEEF
DEADBEEF
DEADBEEF
DEADBEEF
DEADBEEF
DEADBEEF
DEADBEEF
DEADBEEF
DEADBEEF
DEADBEEF
DEADBEEF
DEADBEEF
DEADBEEF
DEADBEEF
DEADBEEF
DEADBEEF
DEADBEEF
DEADBEEF
DEADBEEF
DEADBEEF
DEADBEEF
DEADBEEF
DEADBEEF
DEADBEEF
DEADBEEF
DEADBEEF
DEADBEEF
DEADBEEF
DEADBEEF
DEADBEEF
DEADBEEF
DEADBEEF
DEADBEEF
DEADBEEF
DEADBEEF
DEADBEEF
DEADBEEF
DEADBEEF
DEADBEEF
DEADBEEF
DEADBEEF
DEADBEEF
DEADBEEF
DEADBEEF
DEADBEEF
DEADBEEF
DEADBEEF
DEADBEEF
DEADBEEF
DEADBEEF
DEADBEEF
DEADBEEF
DEADBEEF
DEADBEEF
DEADBEEF
DEADBEEF
DEADBEEF
DEADBEEF
DEADBEEF
DEADBEEF
DEADBEEF
DEADBEEF
DEADBEEF
DEADBEEF
DEADBEEF
DEADBEEF
DEADBEEF
DEADBEEF
DEADBEEF
DEADBEEF
DEADBEEF
DEADBEEF
DEADBEEF
DEADBEEF
DEADBEEF
DEADBEEF
DEADBEEF
DEADBEEF
DEADBEEF
DEADBEEF
DEADBEEF
DEADBEEF
DEADBEEF
DEADBEEF
DEADBEEF
DEADBEEF
DEADBEEF
DEADBEEF
DEADBEEF
DEADBEEF
DEADBEEF
DEADBEEF
DEADBEEF
DEADBEEF
DEADBEEF
DEADBEEF
DEADBEEF
DEADBEEF
DEADBEEF
DEADBEEF
DEADBEEF
DEADBEEF
DEADBEEF
DEADBEEF
DEADBEEF
DEADBEEF
DEADBEEF
DEADBEEF
DEADBEEF
DEADBEEF
DEADBEEF
DEADBEEF
DEADBEEF
DEADBEEF
DEADBEEF
DEADBEEF
DEADBEEF
DEADBEEF
DEADBEEF
DEADBEEF
DEADBEEF
DEADBEEF
DEADBEEF
DEADBEEF
DEADBEEF
DEADBEEF
DEADBEEF
DEADBEEF
DEADBEEF
DEADBEEF
DEADBEEF
DEADBEEF
DEADBEEF
DEADBEEF
DEADBEEF
DEADBEEF
DEADBEEF
DEADBEEF
DEADBEEF
DEADBEEF
DEADBEEF
DEADBEEF
DEADBEEF
DEADBEEF
DEADBEEF
DEADBEEF
DEADBEEF
DEADBEEF
DEADBEEF
DEADBEEF
DEADBEEF
DEADBEEF
DEADBEEF
DEADBEEF
DEADBEEF
DEADBEEF
DEADBEEF
DEADBEEF
DEADBEEF
DEADBEEF
DEADBEEF
DEADBEEF
DEADBEEF
DEADBEEF
DEADBEEF
DEADBEEF
DEADBEEF
DEADBEEF
DEADBEEF
DEADBEEF
DEADBEEF
DEADBEEF
DEADBEEF
DEADBEEF
DEADBEEF
DEADBEEF
DEADBEEF
DEADBEEF
DEADBEEF
DEADBEEF
DEADBEEF
DEADBEEF
DEADBEEF
DEADBEEF
DEADBEEF
DEADBEEF
DEADBEEF
DEADBEEF
DEADBEEF
DEADBEEF
DEADBEEF
DEADBEEF
DEADBEEF
DEADBEEF
DEADBEEF
DEADBEEF
DEADBEEF
DEADBEEF
DEADBEEF
DEADBEEF
DEADBEEF
DEADBEEF
DEADBEEF
DEADBEEF
DEADBEEF
DEADBEEF
DEADBEEF
DEADBEEF
DEADBEEF
DEADBEEF
DEADBEEF
DEADBEEF
DEADBEEF
DEADBEEF
DEADBEEF
DEADBEEF
DEADBEEF
DEADBEEF
DEADBEEF
DEADBEEF
DEADBEEF
DEADBEEF
DEADBEEF
DEADBEEF
DEADBEEF
DEADBEEF
DEADBEEF
DEADBEEF
DEADBEEF
DEADBEEF
DEADBEEF
DEADBEEF
DEADBEEF
DEADBEEF
DEADBEEF
DEADBEEF
DEADBEEF
DEADBEEF
DEADBEEF
DEADBEEF
DEADBEEF
DEADBEEF
DEADBEEF
DEADBEEF
DEADBEEF
DEADBEEF
DEADBEEF
DEADBEEF
DEADBEEF
DEADBEEF
DEADBEEF
DEADBEEF
DEADBEEF
DEADBEEF
DEADBEEF
DEADBEEF
DEADBEEF
DEADBEEF
DEADBEEF
DEADBEEF
DEADBEEF
DEADBEEF
DEADBEEF
DEADBEEF
DEADBEEF
DEADBEEF
DEADBEEF
DEADBEEF
DEADBEEF
DEADBEEF
DEADBEEF
DEADBEEF
DEADBEEF
DEADBEEF
DEADBEEF
DEADBEEF
DEADBEEF
DEADBEEF
DEADBEEF
DEADBEEF
DEADBEEF
DEADBEEF
DEADBEEF
DEADBEEF
DEADBEEF
DEADBEEF
DEADBEEF
DEADBEEF
DEADBEEF
DEADBEEF
DEADBEEF
DEADBEEF
DEADBEEF
DEADBEEF
DEADBEEF
DEADBEEF
DEADBEEF
DEADBEEF
DEADBEEF
DEADBEEF
DEADBEEF
DEADBEEF
DEADBEEF
DEADBEEF
DEADBEEF
DEADBEEF
DEADBEEF
DEADBEEF
DEADBEEF
DEADBEEF
DEADBEEF
DEADBEEF
DEADBEEF
DEADBEEF
DEADBEEF
DEADBEEF
DEADBEEF
DEADBEEF
DEADBEEF
DEADBEEF
DEADBEEF
DEADBEEF
DEADBEEF
DEADBEEF
DEADBEEF
DEADBEEF
DEADBEEF
DEADBEEF
DEADBEEF
DEADBEEF
DEADBEEF
DEADBEEF
DEADBEEF
DEADBEEF
DEADBEEF
DEADBEEF
DEADBEEF
DEADBEEF
DEADBEEF
DEADBEEF
DEADBEEF
DEADBEEF
DEADBEEF
DEADBEEF
DEADBEEF
DEADBEEF
DEADBEEF
DEADBEEF
DEADBEEF
DEADBEEF
DEADBEEF
DEADBEEF
DEADBEEF
DEADBEEF
DEADBEEF
DEADBEEF
DEADBEEF
DEADBEEF
DEADBEEF
DEADBEEF
DEADBEEF
DEADBEEF
DEADBEEF
DEADBEEF
DEADBEEF
DEADBEEF
DEADBEEF
DEADBEEF
DEADBEEF
DEADBEEF
DEADBEEF
DEADBEEF
DEADBEEF
DEADBEEF
DEADBEEF
DEADBEEF
DEADBEEF
DEADBEEF
DEADBEEF
DEADBEEF
DEADBEEF
DEADBEEF
DEADBEEF
DEADBEEF
DEADBEEF
DEADBEEF
DEADBEEF
DEADBEEF
DEADBEEF
DEADBEEF
DEADBEEF
DEADBEEF
DEADBEEF
DEADBEEF
DEADBEEF
DEADBEEF
DEADBEEF
DEADBEEF
DEADBEEF
DEADBEEF
DEADBEEF
DEADBEEF
DEADBEEF
DEADBEEF
DEADBEEF
DEADBEEF
DEADBEEF
DEADBEEF
DEADBEEF
DEADBEEF
DEADBEEF
DEADBEEF
DEADBEEF
DEADBEEF
DEADBEEF
DEADBEEF
DEADBEEF
DEADBEEF
DEADBEEF
DEADBEEF
DEADBEEF
DEADBEEF
DEADBEEF
DEADBEEF
DEADBEEF
DEADBEEF
DEADBEEF
DEADBEEF
DEADBEEF
DEADBEEF
DEADBEEF
DEADBEEF
DEADBEEF
DEADBEEF
DEADBEEF
DEADBEEF
DEADBEEF
DEADBEEF
DEADBEEF
DEADBEEF
DEADBEEF
DEADBEEF
DEADBEEF
DEADBEEF
DEADBEEF
DEADBEEF
DEADBEEF
DEADBEEF
DEADBEEF
DEADBEEF
DEADBEEF
DEADBEEF
DEADBEEF
DEADBEEF
DEADBEEF
DEADBEEF
DEADBEEF
DEADBEEF
DEADBEEF
DEADBEEF
DEADBEEF
DEADBEEF
DEADBEEF
DEADBEEF
DEADBEEF
DEADBEEF
DEADBEEF
DEADBEEF
DEADBEEF
DEADBEEF
DEADBEEF
DEADBEEF
DEADBEEF
DEADBEEF
DEADBEEF
DEADBEEF
DEADBEEF
DEADBEEF
DEADBEEF
DEADBEEF
DEADBEEF
DEADBEEF
DEADBEEF
DEADBEEF
DEADBEEF
DEADBEEF
DEADBEEF
DEADBEEF
DEADBEEF
DEADBEEF
DEADBEEF
DEADBEEF
DEADBEEF
DEADBEEF
DEADBEEF
DEADBEEF
DEADBEEF
DEADBEEF
DEADBEEF
DEADBEEF
DEADBEEF
DEADBEEF
DEADBEEF
DEADBEEF
DEADBEEF
DEADBEEF
DEADBEEF
DEADBEEF
DEADBEEF
DEADBEEF
DEADBEEF
DEADBEEF
DEADBEEF
DEADBEEF
DEADBEEF
DEADBEEF
DEADBEEF
DEADBEEF
DEADBEEF
DEADBEEF
DEADBEEF
DEADBEEF
DEADBEEF
DEADBEEF
DEADBEEF
DEADBEEF
DEADBEEF
DEADBEEF
DEADBEEF
DEADBEEF
DEADBEEF
DEADBEEF
DEADBEEF
DEADBEEF
DEADBEEF
DEADBEEF
DEADBEEF
DEADBEEF
DEADBEEF
DEADBEEF
DEADBEEF
DEADBEEF
DEADBEEF
DEADBEEF
DEADBEEF
DEADBEEF
DEADBEEF
DEADBEEF
DEADBEEF
DEADBEEF
DEADBEEF
DEADBEEF
DEADBEEF
DEADBEEF
DEADBEEF
DEADBEEF
DEADBEEF
DEADBEEF
DEADBEEF
DEADBEEF
DEADBEEF
DEADBEEF
DEADBEEF
DEADBEEF
DEADBEEF
DEADBEEF
DEADBEEF
DEADBEEF
DEADBEEF
DEADBEEF
DEADBEEF
DEADBEEF
DEADBEEF
DEADBEEF
DEADBEEF
DEADBEEF
DEADBEEF
DEADBEEF
DEADBEEF
DEADBEEF
DEADBEEF
DEADBEEF
DEADBEEF
DEADBEEF
DEADBEEF
DEADBEEF
DEADBEEF
DEADBEEF
DEADBEEF
DEADBEEF
DEADBEEF
DEADBEEF
DEADBEEF
DEADBEEF
DEADBEEF
DEADBEEF
DEADBEEF
DEADBEEF
DEADBEEF
DEADBEEF
DEADBEEF
DEADBEEF
DEADBEEF
DEADBEEF
DEADBEEF
DEADBEEF
DEADBEEF
DEADBEEF
DEADBEEF
DEADBEEF
DEADBEEF
DEADBEEF
DEADBEEF
DEADBEEF
DEADBEEF
DEADBEEF
DEADBEEF
DEADBEEF
DEADBEEF
DEADBEEF
DEADBEEF
DEADBEEF
DEADBEEF
DEADBEEF
DEADBEEF
DEADBEEF
DEADBEEF
DEADBEEF
DEADBEEF
DEADBEEF
DEADBEEF
DEADBEEF
DEADBEEF
DEADBEEF
DEADBEEF
DEADBEEF
DEADBEEF
DEADBEEF
DEADBEEF
DEADBEEF
DEADBEEF
DEADBEEF
DEADBEEF
DEADBEEF
DEADBEEF
DEADBEEF
DEADBEEF
DEADBEEF
DEADBEEF
DEADBEEF
DEADBEEF
DEADBEEF
DEADBEEF
DEADBEEF
DEADBEEF
DEADBEEF
DEADBEEF
DEADBEEF
DEADBEEF
DEADBEEF
DEADBEEF
DEADBEEF
DEADBEEF
DEADBEEF
DEADBEEF
DEADBEEF
DEADBEEF
DEADBEEF
DEADBEEF
DEADBEEF
DEADBEEF
DEADBEEF
DEADBEEF
DEADBEEF
DEADBEEF
DEADBEEF
DEADBEEF
DEADBEEF
DEADBEEF
DEADBEEF
DEADBEEF
DEADBEEF
DEADBEEF
DEADBEEF
DEADBEEF
DEADBEEF
DEADBEEF
DEADBEEF
DEADBEEF
DEADBEEF
DEADBEEF
DEADBEEF
DEADBEEF
DEADBEEF
DEADBEEF
DEADBEEF
DEADBEEF
DEADBEEF
DEADBEEF
DEADBEEF
DEADBEEF
DEADBEEF
DEADBEEF
DEADBEEF
DEADBEEF
DEADBEEF
DEADBEEF
DEADBEEF
DEADBEEF
DEADBEEF
DEADBEEF
DEADBEEF
DEADBEEF
DEADBEEF
DEADBEEF
DEADBEEF
DEADBEEF
DEADBEEF
DEADBEEF
DEADBEEF
DEADBEEF
DEADBEEF
DEADBEEF
DEADBEEF
DEADBEEF
DEADBEEF
DEADBEEF
DEADBEEF
DEADBEEF
DEADBEEF
DEADBEEF
DEADBEEF
DEADBEEF
DEADBEEF
DEADBEEF
DEADBEEF
DEADBEEF
DEADBEEF
DEADBEEF
DEADBEEF
DEADBEEF
DEADBEEF
DEADBEEF
DEADBEEF
DEADBEEF
DEADBEEF
DEADBEEF
DEADBEEF
DEADBEEF
DEADBEEF
DEADBEEF
DEADBEEF
DEADBEEF
DEADBEEF
DEADBEEF
DEADBEEF
DEADBEEF
DEADBEEF
DEADBEEF
DEADBEEF
DEADBEEF
DEADBEEF
DEADBEEF
DEADBEEF
DEADBEEF
DEADBEEF
DEADBEEF
DEADBEEF
DEADBEEF
DEADBEEF
DEADBEEF
DEADBEEF
DEADBEEF
DEADBEEF
DEADBEEF
DEADBEEF
DEADBEEF
DEADBEEF
DEADBEEF
DEADBEEF
DEADBEEF
DEADBEEF
DEADBEEF
DEADBEEF
DEADBEEF
DEADBEEF
DEADBEEF
DEADBEEF
DEADBEEF
DEADBEEF
DEADBEEF
DEADBEEF
DEADBEEF
DEADBEEF
DEADBEEF
DEADBEEF
DEADBEEF
DEADBEEF
DEADBEEF
DEADBEEF
DEADBEEF
DEADBEEF
DEADBEEF
DEADBEEF
DEADBEEF
DEADBEEF
DEADBEEF
DEADBEEF
DEADBEEF
DEADBEEF
DEADBEEF
DEADBEEF
DEADBEEF
DEADBEEF
DEADBEEF
DEADBEEF
DEADBEEF
DEADBEEF
DEADBEEF
DEADBEEF
DEADBEEF
DEADBEEF
DEADBEEF
DEADBEEF
DEADBEEF
DEADBEEF
DEADBEEF
DEADBEEF
DEADBEEF
DEADBEEF
DEADBEEF
DEADBEEF
DEADBEEF
DEADBEEF
DEADBEEF
DEADBEEF
DEADBEEF
DEADBEEF
DEADBEEF
DEADBEEF
DEADBEEF
DEADBEEF
DEADBEEF
DEADBEEF
DEADBEEF
DEADBEEF
DEADBEEF
DEADBEEF
DEADBEEF
DEADBEEF
DEADBEEF
DEADBEEF
DEADBEEF
DEADBEEF
DEADBEEF
DEADBEEF
DEADBEEF
DEADBEEF
DEADBEEF
DEADBEEF
DEADBEEF
DEADBEEF
DEADBEEF
DEADBEEF
DEADBEEF
DEADBEEF
DEADBEEF
DEADBEEF
DEADBEEF
DEADBEEF
DEADBEEF
DEADBEEF
DEADBEEF
DEADBEEF
DEADBEEF
DEADBEEF
DEADBEEF
DEADBEEF
DEADBEEF
DEADBEEF
DEADBEEF
DEADBEEF
DEADBEEF
DEADBEEF
DEADBEEF
DEADBEEF
DEADBEEF
DEADBEEF
DEADBEEF
DEADBEEF
DEADBEEF
DEADBEEF
DEADBEEF
DEADBEEF
DEADBEEF
DEADBEEF
DEADBEEF
DEADBEEF
DEADBEEF
DEADBEEF
DEADBEEF
DEADBEEF
DEADBEEF
DEADBEEF
DEADBEEF
DEADBEEF
DEADBEEF
DEADBEEF
DEADBEEF
DEADBEEF
DEADBEEF
DEADBEEF
DEADBEEF
DEADBEEF
DEADBEEF
DEADBEEF
DEADBEEF
DEADBEEF
DEADBEEF
DEADBEEF
DEADBEEF
DEADBEEF
DEADBEEF
DEADBEEF
DEADBEEF
DEADBEEF
DEADBEEF
DEADBEEF
DEADBEEF
DEADBEEF
DEADBEEF
DEADBEEF
DEADBEEF
DEADBEEF
DEADBEEF
DEADBEEF
DEADBEEF
DEADBEEF
DEADBEEF
DEADBEEF
DEADBEEF
DEADBEEF
DEADBEEF
DEADBEEF
DEADBEEF
DEADBEEF
DEADBEEF
DEADBEEF
DEADBEEF
DEADBEEF
DEADBEEF
DEADBEEF
DEADBEEF
DEADBEEF
DEADBEEF
DEADBEEF
DEADBEEF
DEADBEEF
DEADBEEF
DEADBEEF
DEADBEEF
DEADBEEF
DEADBEEF
DEADBEEF
DEADBEEF
DEADBEEF
DEADBEEF
DEADBEEF
DEADBEEF
DEADBEEF
DEADBEEF
DEADBEEF
DEADBEEF
DEADBEEF
DEADBEEF
DEADBEEF
DEADBEEF
DEADBEEF
DEADBEEF
DEADBEEF
DEADBEEF
DEADBEEF
DEADBEEF
DEADBEEF
DEADBEEF
DEADBEEF
DEADBEEF
DEADBEEF
DEADBEEF
DEADBEEF
DEADBEEF
DEADBEEF
DEADBEEF
DEADBEEF
DEADBEEF
DEADBEEF
DEADBEEF
DEADBEEF
DEADBEEF
DEADBEEF
DEADBEEF
DEADBEEF
DEADBEEF
DEADBEEF
DEADBEEF
DEADBEEF
DEADBEEF
DEADBEEF
DEADBEEF
DEADBEEF
DEADBEEF
DEADBEEF
DEADBEEF
DEADBEEF
DEADBEEF
DEADBEEF
DEADBEEF
DEADBEEF
DEADBEEF
DEADBEEF
DEADBEEF
DEADBEEF
DEADBEEF
DEADBEEF
DEADBEEF
DEADBEEF
DEADBEEF
DEADBEEF
DEADBEEF
DEADBEEF
DEADBEEF
DEADBEEF
DEADBEEF
DEADBEEF
DEADBEEF
DEADBEEF
DEADBEEF
DEADBEEF
DEADBEEF
DEADBEEF
DEADBEEF
DEADBEEF
DEADBEEF
DEADBEEF
DEADBEEF
DEADBEEF
DEADBEEF
DEADBEEF
DEADBEEF
DEADBEEF
DEADBEEF
DEADBEEF
DEADBEEF
DEADBEEF
DEADBEEF
DEADBEEF
DEADBEEF
DEADBEEF
DEADBEEF
DEADBEEF
DEADBEEF
DEADBEEF
DEADBEEF
DEADBEEF
DEADBEEF
DEADBEEF
DEADBEEF
DEADBEEF
DEADBEEF
DEADBEEF
DEADBEEF
DEADBEEF
DEADBEEF
DEADBEEF
DEADBEEF
DEADBEEF
DEADBEEF
DEADBEEF
DEADBEEF
DEADBEEF
DEADBEEF
DEADBEEF
DEADBEEF
DEADBEEF
DEADBEEF
DEADBEEF
DEADBEEF
DEADBEEF
DEADBEEF
DEADBEEF
DEADBEEF
DEADBEEF
DEADBEEF
DEADBEEF
DEADBEEF
DEADBEEF
DEADBEEF
DEADBEEF
DEADBEEF
DEADBEEF
DEADBEEF
DEADBEEF
DEADBEEF
DEADBEEF
DEADBEEF
DEADBEEF
DEADBEEF
DEADBEEF
DEADBEEF
DEADBEEF
DEADBEEF
DEADBEEF
DEADBEEF
DEADBEEF
DEADBEEF
DEADBEEF
DEADBEEF
DEADBEEF
DEADBEEF
DEADBEEF
DEADBEEF
DEADBEEF
DEADBEEF
DEADBEEF
DEADBEEF
DEADBEEF
DEADBEEF
DEADBEEF
DEADBEEF
DEADBEEF
DEADBEEF
DEADBEEF
DEADBEEF
DEADBEEF
DEADBEEF
DEADBEEF
DEADBEEF
DEADBEEF
DEADBEEF
DEADBEEF
DEADBEEF
DEADBEEF
DEADBEEF
DEADBEEF
DEADBEEF
DEADBEEF
DEADBEEF
DEADBEEF
DEADBEEF
DEADBEEF
DEADBEEF
DEADBEEF
DEADBEEF
DEADBEEF
DEADBEEF
DEADBEEF
DEADBEEF
DEADBEEF
DEADBEEF
DEADBEEF
DEADBEEF
DEADBEEF
DEADBEEF
DEADBEEF
DEADBEEF
DEADBEEF
DEADBEEF
DEADBEEF
DEADBEEF
DEADBEEF
DEADBEEF
DEADBEEF
DEADBEEF
DEADBEEF
DEADBEEF
DEADBEEF
DEADBEEF
DEADBEEF
DEADBEEF
DEADBEEF
DEADBEEF
DEADBEEF
DEADBEEF
DEADBEEF
DEADBEEF
DEADBEEF
DEADBEEF
DEADBEEF
DEADBEEF
DEADBEEF
DEADBEEF
DEADBEEF
DEADBEEF
DEADBEEF
DEADBEEF
DEADBEEF
DEADBEEF
DEADBEEF
DEADBEEF
DEADBEEF
DEADBEEF
DEADBEEF
DEADBEEF
DEADBEEF
DEADBEEF
DEADBEEF
DEADBEEF
DEADBEEF
DEADBEEF
DEADBEEF
DEADBEEF
DEADBEEF
DEADBEEF
DEADBEEF
DEADBEEF
DEADBEEF
DEADBEEF
DEADBEEF
DEADBEEF
DEADBEEF
DEADBEEF
DEADBEEF
DEADBEEF
DEADBEEF
DEADBEEF
DEADBEEF
DEADBEEF
DEADBEEF
DEADBEEF
DEADBEEF
DEADBEEF
DEADBEEF
DEADBEEF
DEADBEEF
DEADBEEF
DEADBEEF
DEADBEEF
DEADBEEF
DEADBEEF
DEADBEEF
DEADBEEF
DEADBEEF
DEADBEEF
DEADBEEF
DEADBEEF
DEADBEEF
DEADBEEF
DEADBEEF
DEADBEEF
DEADBEEF
DEADBEEF
DEADBEEF
DEADBEEF
DEADBEEF
DEADBEEF
DEADBEEF
DEADBEEF
DEADBEEF
DEADBEEF
DEADBEEF
DEADBEEF
DEADBEEF
DEADBEEF
DEADBEEF
DEADBEEF
DEADBEEF
DEADBEEF
DEADBEEF
DEADBEEF
DEADBEEF
DEADBEEF
DEADBEEF
DEADBEEF
DEADBEEF
DEADBEEF
DEADBEEF
DEADBEEF
DEADBEEF
DEADBEEF
DEADBEEF
DEADBEEF
DEADBEEF
DEADBEEF
DEADBEEF
DEADBEEF
DEADBEEF
DEADBEEF
DEADBEEF
DEADBEEF
DEADBEEF
DEADBEEF
DEADBEEF
DEADBEEF
DEADBEEF
DEADBEEF
DEADBEEF
DEADBEEF
DEADBEEF
DEADBEEF
DEADBEEF
DEADBEEF
DEADBEEF
DEADBEEF
DEADBEEF
DEADBEEF
DEADBEEF
DEADBEEF
DEADBEEF
DEADBEEF
DEADBEEF
DEADBEEF
DEADBEEF
DEADBEEF
DEADBEEF
DEADBEEF
DEADBEEF
DEADBEEF
DEADBEEF
DEADBEEF
DEADBEEF
DEADBEEF
DEADBEEF
DEADBEEF
DEADBEEF
DEADBEEF
DEADBEEF
DEADBEEF
DEADBEEF
DEADBEEF
DEADBEEF
DEADBEEF
DEADBEEF
DEADBEEF
DEADBEEF
DEADBEEF
DEADBEEF
DEADBEEF
DEADBEEF
DEADBEEF
DEADBEEF
DEADBEEF
DEADBEEF
DEADBEEF
DEADBEEF
DEADBEEF
DEADBEEF
DEADBEEF
DEADBEEF
DEADBEEF
DEADBEEF
DEADBEEF
DEADBEEF
DEADBEEF
DEADBEEF
DEADBEEF
DEADBEEF
DEADBEEF
DEADBEEF
DEADBEEF
DEADBEEF
DEADBEEF
DEADBEEF
DEADBEEF
DEADBEEF
DEADBEEF
DEADBEEF
DEADBEEF
DEADBEEF
DEADBEEF
DEADBEEF
DEADBEEF
DEADBEEF
DEADBEEF
DEADBEEF
DEADBEEF
DEADBEEF
DEADBEEF
DEADBEEF
DEADBEEF
DEADBEEF
DEADBEEF
DEADBEEF
DEADBEEF
DEADBEEF
DEADBEEF
DEADBEEF
DEADBEEF
DEADBEEF
DEADBEEF
DEADBEEF
DEADBEEF
DEADBEEF
DEADBEEF
DEADBEEF
DEADBEEF
DEADBEEF
DEADBEEF
DEADBEEF
DEADBEEF
DEADBEEF
DEADBEEF
DEADBEEF
DEADBEEF
DEADBEEF
DEADBEEF
DEADBEEF
DEADBEEF
DEADBEEF
DEADBEEF
DEADBEEF
DEADBEEF
DEADBEEF
DEADBEEF
DEADBEEF
DEADBEEF
DEADBEEF
DEADBEEF
DEADBEEF
DEADBEEF
DEADBEEF
DEADBEEF
DEADBEEF
DEADBEEF
DEADBEEF
DEADBEEF
DEADBEEF
DEADBEEF
DEADBEEF
DEADBEEF
DEADBEEF
DEADBEEF
DEADBEEF
DEADBEEF
DEADBEEF
DEADBEEF
DEADBEEF
DEADBEEF
DEADBEEF
DEADBEEF
DEADBEEF
DEADBEEF
DEADBEEF
DEADBEEF
DEADBEEF
DEADBEEF
DEADBEEF
DEADBEEF
DEADBEEF
DEADBEEF
DEADBEEF
DEADBEEF
DEADBEEF
DEADBEEF
DEADBEEF
DEADBEEF
DEADBEEF
DEADBEEF
DEADBEEF
DEADBEEF
DEADBEEF
DEADBEEF
DEADBEEF
DEADBEEF
DEADBEEF
DEADBEEF
DEADBEEF
DEADBEEF
DEADBEEF
DEADBEEF
DEADBEEF
DEADBEEF
DEADBEEF
DEADBEEF
DEADBEEF
DEADBEEF
DEADBEEF
DEADBEEF
DEADBEEF
DEADBEEF
DEADBEEF
DEADBEEF
DEADBEEF
DEADBEEF
DEADBEEF
DEADBEEF
DEADBEEF
DEADBEEF
DEADBEEF
DEADBEEF
DEADBEEF
DEADBEEF
DEADBEEF
DEADBEEF
DEADBEEF
DEADBEEF
DEADBEEF
DEADBEEF
DEADBEEF
DEADBEEF
DEADBEEF
DEADBEEF
DEADBEEF
DEADBEEF
DEADBEEF
DEADBEEF
DEADBEEF
DEADBEEF
DEADBEEF
DEADBEEF
DEADBEEF
DEADBEEF
DEADBEEF
DEADBEEF
DEADBEEF
DEADBEEF
DEADBEEF
DEADBEEF
DEADBEEF
DEADBEEF
DEADBEEF
DEADBEEF
DEADBEEF
DEADBEEF
DEADBEEF
DEADBEEF
DEADBEEF
DEADBEEF
DEADBEEF
DEADBEEF
DEADBEEF
DEADBEEF
DEADBEEF
DEADBEEF
DEADBEEF
DEADBEEF
DEADBEEF
DEADBEEF
DEADBEEF
DEADBEEF
DEADBEEF
DEADBEEF
DEADBEEF
DEADBEEF
DEADBEEF
DEADBEEF
DEADBEEF
DEADBEEF
DEADBEEF
DEADBEEF
DEADBEEF
DEADBEEF
DEADBEEF
DEADBEEF
DEADBEEF
DEADBEEF
DEADBEEF
DEADBEEF
DEADBEEF
DEADBEEF
DEADBEEF
DEADBEEF
DEADBEEF
DEADBEEF
DEADBEEF
DEADBEEF
DEADBEEF
DEADBEEF
DEADBEEF
DEADBEEF
DEADBEEF
DEADBEEF
DEADBEEF
DEADBEEF
DEADBEEF
DEADBEEF
DEADBEEF
DEADBEEF
DEADBEEF
DEADBEEF
DEADBEEF
DEADBEEF
DEADBEEF
DEADBEEF
DEADBEEF
DEADBEEF
DEADBEEF
DEADBEEF
DEADBEEF
DEADBEEF
DEADBEEF
DEADBEEF
DEADBEEF
DEADBEEF
DEADBEEF
DEADBEEF
DEADBEEF
DEADBEEF
DEADBEEF
DEADBEEF
DEADBEEF
DEADBEEF
DEADBEEF
DEADBEEF
DEADBEEF
DEADBEEF
DEADBEEF
DEADBEEF
DEADBEEF
DEADBEEF
DEADBEEF
DEADBEEF
DEADBEEF
DEADBEEF
DEADBEEF
DEADBEEF
DEADBEEF
DEADBEEF
DEADBEEF
DEADBEEF
DEADBEEF
DEADBEEF
DEADBEEF
DEADBEEF
DEADBEEF
DEADBEEF
DEADBEEF
DEADBEEF
DEADBEEF
DEADBEEF
DEADBEEF
DEADBEEF
DEADBEEF
DEADBEEF
DEADBEEF
DEADBEEF
DEADBEEF
DEADBEEF
DEADBEEF
DEADBEEF
DEADBEEF
DEADBEEF
DEADBEEF
DEADBEEF
DEADBEEF
DEADBEEF
DEADBEEF
DEADBEEF
DEADBEEF
DEADBEEF
DEADBEEF
DEADBEEF
DEADBEEF
DEADBEEF
DEADBEEF
DEADBEEF
DEADBEEF
DEADBEEF
DEADBEEF
DEADBEEF
DEADBEEF
DEADBEEF
DEADBEEF
DEADBEEF
DEADBEEF
DEADBEEF
DEADBEEF
DEADBEEF
DEADBEEF
DEADBEEF
DEADBEEF
DEADBEEF
DEADBEEF
DEADBEEF
DEADBEEF
DEADBEEF
DEADBEEF
DEADBEEF
DEADBEEF
DEADBEEF
DEADBEEF
DEADBEEF
DEADBEEF
DEADBEEF
DEADBEEF
DEADBEEF
DEADBEEF
DEADBEEF
DEADBEEF
DEADBEEF
DEADBEEF
DEADBEEF
DEADBEEF
DEADBEEF
DEADBEEF
DEADBEEF
DEADBEEF
DEADBEEF
DEADBEEF
DEADBEEF
DEADBEEF
DEADBEEF
DEADBEEF
DEADBEEF
DEADBEEF
DEADBEEF
DEADBEEF
DEADBEEF
DEADBEEF
DEADBEEF
DEADBEEF
DEADBEEF
DEADBEEF
DEADBEEF
DEADBEEF
DEADBEEF
DEADBEEF
DEADBEEF
DEADBEEF
DEADBEEF
DEADBEEF
DEADBEEF
DEADBEEF
DEADBEEF
DEADBEEF
DEADBEEF
DEADBEEF
DEADBEEF
DEADBEEF
DEADBEEF
DEADBEEF
DEADBEEF
DEADBEEF
DEADBEEF
DEADBEEF
DEADBEEF
DEADBEEF
DEADBEEF
DEADBEEF
DEADBEEF
DEADBEEF
DEADBEEF
DEADBEEF
DEADBEEF
DEADBEEF
DEADBEEF
DEADBEEF
DEADBEEF
DEADBEEF
DEADBEEF
DEADBEEF
DEADBEEF
DEADBEEF
DEADBEEF
DEADBEEF
DEADBEEF
DEADBEEF
DEADBEEF
DEADBEEF
DEADBEEF
DEADBEEF
DEADBEEF
DEADBEEF
DEADBEEF
DEADBEEF
DEADBEEF
DEADBEEF
DEADBEEF
DEADBEEF
DEADBEEF
DEADBEEF
DEADBEEF
DEADBEEF
DEADBEEF
DEADBEEF
DEADBEEF
DEADBEEF
DEADBEEF
DEADBEEF
DEADBEEF
DEADBEEF
DEADBEEF
DEADBEEF
DEADBEEF
DEADBEEF
DEADBEEF
DEADBEEF
DEADBEEF
DEADBEEF
DEADBEEF
DEADBEEF
DEADBEEF
DEADBEEF
DEADBEEF
DEADBEEF
DEADBEEF
DEADBEEF
DEADBEEF
DEADBEEF
DEADBEEF
DEADBEEF
DEADBEEF
DEADBEEF
DEADBEEF
DEADBEEF
DEADBEEF
DEADBEEF
DEADBEEF
DEADBEEF
DEADBEEF
DEADBEEF
DEADBEEF
DEADBEEF
DEADBEEF
DEADBEEF
DEADBEEF
DEADBEEF
DEADBEEF
DEADBEEF
DEADBEEF
DEADBEEF
DEADBEEF
DEADBEEF
DEADBEEF
DEADBEEF
DEADBEEF
DEADBEEF
DEADBEEF
DEADBEEF
DEADBEEF
DEADBEEF
DEADBEEF
DEADBEEF
DEADBEEF
DEADBEEF
DEADBEEF
DEADBEEF
DEADBEEF
DEADBEEF
DEADBEEF
DEADBEEF
DEADBEEF
DEADBEEF
DEADBEEF
DEADBEEF
DEADBEEF
DEADBEEF
DEADBEEF
DEADBEEF
DEADBEEF
DEADBEEF
DEADBEEF
DEADBEEF
DEADBEEF
DEADBEEF
DEADBEEF
DEADBEEF
DEADBEEF
DEADBEEF
DEADBEEF
DEADBEEF
DEADBEEF
DEADBEEF
DEADBEEF
DEADBEEF
DEADBEEF
DEADBEEF
DEADBEEF
DEADBEEF
DEADBEEF
DEADBEEF
DEADBEEF
DEADBEEF
DEADBEEF
DEADBEEF
DEADBEEF
DEADBEEF
DEADBEEF
DEADBEEF
DEADBEEF
DEADBEEF
DEADBEEF
DEADBEEF
DEADBEEF
DEADBEEF
DEADBEEF
DEADBEEF
DEADBEEF
DEADBEEF
DEADBEEF
DEADBEEF
DEADBEEF
DEADBEEF
DEADBEEF
DEADBEEF
DEADBEEF
DEADBEEF
DEADBEEF
DEADBEEF
DEADBEEF
DEADBEEF
DEADBEEF
DEADBEEF
DEADBEEF
DEADBEEF
DEADBEEF
DEADBEEF
DEADBEEF
DEADBEEF
DEADBEEF
DEADBEEF
DEADBEEF
DEADBEEF
DEADBEEF
DEADBEEF
DEADBEEF
DEADBEEF
DEADBEEF
DEADBEEF
DEADBEEF
DEADBEEF
DEADBEEF
DEADBEEF
DEADBEEF
DEADBEEF
DEADBEEF
DEADBEEF
DEADBEEF
DEADBEEF
DEADBEEF
DEADBEEF
DEADBEEF
DEADBEEF
DEADBEEF
DEADBEEF
DEADBEEF
DEADBEEF
DEADBEEF
DEADBEEF
DEADBEEF
DEADBEEF
DEADBEEF
DEADBEEF
DEADBEEF
DEADBEEF
DEADBEEF
DEADBEEF
DEADBEEF
DEADBEEF
DEADBEEF
DEADBEEF
DEADBEEF
DEADBEEF
DEADBEEF
DEADBEEF
DEADBEEF
DEADBEEF
DEADBEEF
DEADBEEF
DEADBEEF
DEADBEEF
DEADBEEF
DEADBEEF
DEADBEEF
DEADBEEF
DEADBEEF
DEADBEEF
DEADBEEF
DEADBEEF
DEADBEEF
DEADBEEF
DEADBEEF
DEADBEEF
DEADBEEF
DEADBEEF
DEADBEEF
DEADBEEF
DEADBEEF
DEADBEEF
DEADBEEF
DEADBEEF
DEADBEEF
DEADBEEF
DEADBEEF
DEADBEEF
DEADBEEF
DEADBEEF
DEADBEEF
DEADBEEF
DEADBEEF
DEADBEEF
DEADBEEF
DEADBEEF
DEADBEEF
DEADBEEF
DEADBEEF
DEADBEEF
DEADBEEF
DEADBEEF
DEADBEEF
DEADBEEF
DEADBEEF
DEADBEEF
DEADBEEF
DEADBEEF
DEADBEEF
DEADBEEF
DEADBEEF
DEADBEEF
DEADBEEF
DEADBEEF
DEADBEEF
DEADBEEF
DEADBEEF
DEADBEEF
DEADBEEF
DEADBEEF
DEADBEEF
DEADBEEF
DEADBEEF
DEADBEEF
DEADBEEF
DEADBEEF
DEADBEEF
DEADBEEF
DEADBEEF
DEADBEEF
DEADBEEF
DEADBEEF
DEADBEEF
DEADBEEF
DEADBEEF
DEADBEEF
DEADBEEF
DEADBEEF
DEADBEEF
DEADBEEF
DEADBEEF
DEADBEEF
DEADBEEF
DEADBEEF
DEADBEEF
DEADBEEF
DEADBEEF
DEADBEEF
DEADBEEF
DEADBEEF
DEADBEEF
DEADBEEF
DEADBEEF
DEADBEEF
DEADBEEF
DEADBEEF
DEADBEEF
DEADBEEF
DEADBEEF
DEADBEEF
DEADBEEF
DEADBEEF
DEADBEEF
DEADBEEF
DEADBEEF
DEADBEEF
DEADBEEF
DEADBEEF
DEADBEEF
DEADBEEF
DEADBEEF
DEADBEEF
DEADBEEF
DEADBEEF
DEADBEEF
DEADBEEF
DEADBEEF
DEADBEEF
DEADBEEF
DEADBEEF
DEADBEEF
DEADBEEF
DEADBEEF
DEADBEEF
DEADBEEF
DEADBEEF
DEADBEEF
DEADBEEF
DEADBEEF
DEADBEEF
DEADBEEF
DEADBEEF
DEADBEEF
DEADBEEF
DEADBEEF
DEADBEEF
DEADBEEF
DEADBEEF
DEADBEEF
DEADBEEF
DEADBEEF
DEADBEEF
DEADBEEF
DEADBEEF
DEADBEEF
DEADBEEF
DEADBEEF
DEADBEEF
DEADBEEF
DEADBEEF
DEADBEEF
DEADBEEF
DEADBEEF
DEADBEEF
DEADBEEF
DEADBEEF
DEADBEEF
DEADBEEF
DEADBEEF
DEADBEEF
DEADBEEF
DEADBEEF
DEADBEEF
DEADBEEF
DEADBEEF
DEADBEEF
DEADBEEF
DEADBEEF
DEADBEEF
DEADBEEF
DEADBEEF
DEADBEEF
DEADBEEF
DEADBEEF
DEADBEEF
DEADBEEF
DEADBEEF
DEADBEEF
DEADBEEF
DEADBEEF
DEADBEEF
DEADBEEF
DEADBEEF
DEADBEEF
DEADBEEF
DEADBEEF
DEADBEEF
DEADBEEF
DEADBEEF
DEADBEEF
DEADBEEF
DEADBEEF
DEADBEEF
DEADBEEF
DEADBEEF
DEADBEEF
DEADBEEF
DEADBEEF
DEADBEEF
DEADBEEF
DEADBEEF
DEADBEEF
DEADBEEF
DEADBEEF
DEADBEEF
DEADBEEF
DEADBEEF
DEADBEEF
DEADBEEF
DEADBEEF
DEADBEEF
DEADBEEF
DEADBEEF
DEADBEEF
DEADBEEF
DEADBEEF
DEADBEEF
DEADBEEF
DEADBEEF
DEADBEEF
DEADBEEF
DEADBEEF
DEADBEEF
DEADBEEF
DEADBEEF
DEADBEEF
DEADBEEF
DEADBEEF
DEADBEEF
DEADBEEF
DEADBEEF
DEADBEEF
DEADBEEF
DEADBEEF
DEADBEEF
DEADBEEF
DEADBEEF
DEADBEEF
DEADBEEF
DEADBEEF
DEADBEEF
DEADBEEF
DEADBEEF
DEADBEEF
DEADBEEF
DEADBEEF
DEADBEEF
DEADBEEF
DEADBEEF
DEADBEEF
DEADBEEF
DEADBEEF
DEADBEEF
DEADBEEF
DEADBEEF
DEADBEEF
DEADBEEF
DEADBEEF
DEADBEEF
DEADBEEF
DEADBEEF
DEADBEEF
DEADBEEF
DEADBEEF
DEADBEEF
DEADBEEF
DEADBEEF
DEADBEEF
DEADBEEF
DEADBEEF
DEADBEEF
DEADBEEF
DEADBEEF
DEADBEEF
DEADBEEF
DEADBEEF
DEADBEEF
DEADBEEF
DEADBEEF
DEADBEEF
DEADBEEF
DEADBEEF
DEADBEEF
DEADBEEF
DEADBEEF
DEADBEEF
DEADBEEF
DEADBEEF
DEADBEEF
DEADBEEF
DEADBEEF
DEADBEEF
DEADBEEF
DEADBEEF
DEADBEEF
DEADBEEF
DEADBEEF
DEADBEEF
DEADBEEF
DEADBEEF
DEADBEEF
DEADBEEF
DEADBEEF
DEADBEEF
DEADBEEF
DEADBEEF
DEADBEEF
DEADBEEF
DEADBEEF
DEADBEEF
DEADBEEF
DEADBEEF
DEADBEEF
DEADBEEF
DEADBEEF
DEADBEEF
DEADBEEF
DEADBEEF
DEADBEEF
DEADBEEF
DEADBEEF
DEADBEEF
DEADBEEF
DEADBEEF
DEADBEEF
DEADBEEF
DEADBEEF
DEADBEEF
DEADBEEF
DEADBEEF
DEADBEEF
DEADBEEF
DEADBEEF
DEADBEEF
DEADBEEF
DEADBEEF
DEADBEEF
DEADBEEF
DEADBEEF
DEADBEEF
DEADBEEF
DEADBEEF
DEADBEEF
DEADBEEF
DEADBEEF
DEADBEEF
DEADBEEF
DEADBEEF
DEADBEEF
DEADBEEF
DEADBEEF
DEADBEEF
DEADBEEF
DEADBEEF
DEADBEEF
DEADBEEF
DEADBEEF
DEADBEEF
DEADBEEF
DEADBEEF
DEADBEEF
DEADBEEF
DEADBEEF
DEADBEEF
DEADBEEF
DEADBEEF
DEADBEEF
DEADBEEF
DEADBEEF
DEADBEEF
DEADBEEF
DEADBEEF
DEADBEEF
DEADBEEF
DEADBEEF
DEADBEEF
DEADBEEF
DEADBEEF
DEADBEEF
DEADBEEF
DEADBEEF
DEADBEEF
DEADBEEF
DEADBEEF
DEADBEEF
DEADBEEF
DEADBEEF
DEADBEEF
DEADBEEF
DEADBEEF
DEADBEEF
DEADBEEF
DEADBEEF
DEADBEEF
DEADBEEF
DEADBEEF
DEADBEEF
DEADBEEF
DEADBEEF
DEADBEEF
DEADBEEF
DEADBEEF
DEADBEEF
DEADBEEF
DEADBEEF
DEADBEEF
DEADBEEF
DEADBEEF
DEADBEEF
DEADBEEF
DEADBEEF
DEADBEEF
DEADBEEF
DEADBEEF
DEADBEEF
DEADBEEF
DEADBEEF
DEADBEEF
DEADBEEF
DEADBEEF
DEADBEEF
DEADBEEF
DEADBEEF
DEADBEEF
DEADBEEF
DEADBEEF
DEADBEEF
DEADBEEF
DEADBEEF
DEADBEEF
DEADBEEF
DEADBEEF
DEADBEEF
DEADBEEF
DEADBEEF
DEADBEEF
DEADBEEF
DEADBEEF
DEADBEEF
DEADBEEF
DEADBEEF
DEADBEEF
DEADBEEF
DEADBEEF
DEADBEEF
DEADBEEF
DEADBEEF
DEADBEEF
DEADBEEF
DEADBEEF
DEADBEEF
DEADBEEF
DEADBEEF
DEADBEEF
DEADBEEF
DEADBEEF
DEADBEEF
DEADBEEF
DEADBEEF
DEADBEEF
DEADBEEF
DEADBEEF
DEADBEEF
DEADBEEF
DEADBEEF
DEADBEEF
DEADBEEF
DEADBEEF
DEADBEEF
DEADBEEF
DEADBEEF
DEADBEEF
DEADBEEF
DEADBEEF
DEADBEEF
DEADBEEF
DEADBEEF
DEADBEEF
DEADBEEF
DEADBEEF
DEADBEEF
DEADBEEF
DEADBEEF
DEADBEEF
DEADBEEF
DEADBEEF
DEADBEEF
DEADBEEF
DEADBEEF
DEADBEEF
DEADBEEF
DEADBEEF
DEADBEEF
DEADBEEF
DEADBEEF
DEADBEEF
DEADBEEF
DEADBEEF
DEADBEEF
DEADBEEF
DEADBEEF
DEADBEEF
DEADBEEF
DEADBEEF
DEADBEEF
DEADBEEF
DEADBEEF
DEADBEEF
DEADBEEF
DEADBEEF
DEADBEEF
DEADBEEF
DEADBEEF
DEADBEEF
DEADBEEF
DEADBEEF
DEADBEEF
DEADBEEF
DEADBEEF
DEADBEEF
DEADBEEF
DEADBEEF
DEADBEEF
DEADBEEF
DEADBEEF
DEADBEEF
DEADBEEF
DEADBEEF
DEADBEEF
DEADBEEF
DEADBEEF
DEADBEEF
DEADBEEF
DEADBEEF
DEADBEEF
DEADBEEF
DEADBEEF
DEADBEEF
DEADBEEF
DEADBEEF
DEADBEEF
DEADBEEF
DEADBEEF
DEADBEEF
DEADBEEF
DEADBEEF
DEADBEEF
DEADBEEF
DEADBEEF
DEADBEEF
DEADBEEF
DEADBEEF
DEADBEEF
DEADBEEF
DEADBEEF
DEADBEEF
DEADBEEF
DEADBEEF
DEADBEEF
DEADBEEF
DEADBEEF
DEADBEEF
DEADBEEF
DEADBEEF
DEADBEEF
DEADBEEF
DEADBEEF
DEADBEEF
DEADBEEF
DEADBEEF
DEADBEEF
DEADBEEF
DEADBEEF
DEADBEEF
DEADBEEF
DEADBEEF
DEADBEEF
DEADBEEF
DEADBEEF
DEADBEEF
DEADBEEF
DEADBEEF
DEADBEEF
DEADBEEF
DEADBEEF
DEADBEEF
DEADBEEF
DEADBEEF
DEADBEEF
DEADBEEF
DEADBEEF
DEADBEEF
DEADBEEF
DEADBEEF
DEADBEEF
DEADBEEF
DEADBEEF
DEADBEEF
DEADBEEF
DEADBEEF
DEADBEEF
DEADBEEF
DEADBEEF
DEADBEEF
DEADBEEF
DEADBEEF
DEADBEEF
DEADBEEF
DEADBEEF
DEADBEEF
DEADBEEF
DEADBEEF
DEADBEEF
DEADBEEF
DEADBEEF
DEADBEEF
DEADBEEF
DEADBEEF
DEADBEEF
DEADBEEF
DEADBEEF
DEADBEEF
DEADBEEF
DEADBEEF
DEADBEEF
DEADBEEF
DEADBEEF
DEADBEEF
DEADBEEF
DEADBEEF
DEADBEEF
DEADBEEF
DEADBEEF
DEADBEEF
DEADBEEF
DEADBEEF
DEADBEEF
DEADBEEF
DEADBEEF
DEADBEEF
DEADBEEF
DEADBEEF
DEADBEEF
DEADBEEF
DEADBEEF
DEADBEEF
DEADBEEF
DEADBEEF
DEADBEEF
DEADBEEF
DEADBEEF
DEADBEEF
DEADBEEF
DEADBEEF
DEADBEEF
DEADBEEF
DEADBEEF
DEADBEEF
DEADBEEF
DEADBEEF
DEADBEEF
DEADBEEF
DEADBEEF
DEADBEEF
DEADBEEF
DEADBEEF
DEADBEEF
DEADBEEF
DEADBEEF
DEADBEEF
DEADBEEF
DEADBEEF
DEADBEEF
DEADBEEF
DEADBEEF
DEADBEEF
DEADBEEF
DEADBEEF
DEADBEEF
DEADBEEF
DEADBEEF
DEADBEEF
DEADBEEF
DEADBEEF
DEADBEEF
DEADBEEF
DEADBEEF
DEADBEEF
DEADBEEF
DEADBEEF
DEADBEEF
DEADBEEF
DEADBEEF
DEADBEEF
DEADBEEF
DEADBEEF
DEADBEEF
DEADBEEF
DEADBEEF
DEADBEEF
DEADBEEF
DEADBEEF
DEADBEEF
DEADBEEF
DEADBEEF
DEADBEEF
DEADBEEF
DEADBEEF
DEADBEEF
DEADBEEF
DEADBEEF
DEADBEEF
DEADBEEF
DEADBEEF
DEADBEEF
DEADBEEF
DEADBEEF
DEADBEEF
DEADBEEF
DEADBEEF
DEADBEEF
DEADBEEF
DEADBEEF
DEADBEEF
DEADBEEF
DEADBEEF
DEADBEEF
DEADBEEF
DEADBEEF
DEADBEEF
DEADBEEF
DEADBEEF
DEADBEEF
DEADBEEF
DEADBEEF
DEADBEEF
DEADBEEF
DEADBEEF
DEADBEEF
DEADBEEF
DEADBEEF
DEADBEEF
DEADBEEF
DEADBEEF
DEADBEEF
DEADBEEF
DEADBEEF
DEADBEEF
DEADBEEF
DEADBEEF
DEADBEEF
DEADBEEF
DEADBEEF
DEADBEEF
DEADBEEF
DEADBEEF
DEADBEEF
DEADBEEF
DEADBEEF
DEADBEEF
DEADBEEF
DEADBEEF
DEADBEEF
DEADBEEF
DEADBEEF
DEADBEEF
DEADBEEF
DEADBEEF
DEADBEEF
DEADBEEF
DEADBEEF
DEADBEEF
DEADBEEF
DEADBEEF
DEADBEEF
DEADBEEF
DEADBEEF
DEADBEEF
DEADBEEF
DEADBEEF
DEADBEEF
DEADBEEF
DEADBEEF
DEADBEEF
DEADBEEF
DEADBEEF
DEADBEEF
DEADBEEF
DEADBEEF
DEADBEEF
DEADBEEF
DEADBEEF
DEADBEEF
DEADBEEF
DEADBEEF
DEADBEEF
DEADBEEF
DEADBEEF
DEADBEEF
DEADBEEF
DEADBEEF
DEADBEEF
DEADBEEF
DEADBEEF
DEADBEEF
DEADBEEF
DEADBEEF
DEADBEEF
DEADBEEF
DEADBEEF
DEADBEEF
DEADBEEF
DEADBEEF
DEADBEEF
DEADBEEF
DEADBEEF
DEADBEEF
DEADBEEF
DEADBEEF
DEADBEEF
DEADBEEF
DEADBEEF
DEADBEEF
DEADBEEF
DEADBEEF
DEADBEEF
DEADBEEF
DEADBEEF
DEADBEEF
DEADBEEF
DEADBEEF
DEADBEEF
DEADBEEF
DEADBEEF
DEADBEEF
DEADBEEF
DEADBEEF
DEADBEEF
DEADBEEF
DEADBEEF
DEADBEEF
DEADBEEF
DEADBEEF
DEADBEEF
DEADBEEF
DEADBEEF
DEADBEEF
DEADBEEF
DEADBEEF
DEADBEEF
DEADBEEF
DEADBEEF
DEADBEEF
DEADBEEF
DEADBEEF
DEADBEEF
DEADBEEF
DEADBEEF
DEADBEEF
DEADBEEF
DEADBEEF
DEADBEEF
DEADBEEF
DEADBEEF
DEADBEEF
DEADBEEF
DEADBEEF
DEADBEEF
DEADBEEF
DEADBEEF
DEADBEEF
DEADBEEF
DEADBEEF
DEADBEEF
DEADBEEF
DEADBEEF
DEADBEEF
DEADBEEF
DEADBEEF
DEADBEEF
DEADBEEF
DEADBEEF
DEADBEEF
DEADBEEF
DEADBEEF
DEADBEEF
DEADBEEF
DEADBEEF
DEADBEEF
DEADBEEF
DEADBEEF
DEADBEEF
DEADBEEF
DEADBEEF
DEADBEEF
DEADBEEF
DEADBEEF
DEADBEEF
DEADBEEF
DEADBEEF
DEADBEEF
DEADBEEF
DEADBEEF
DEADBEEF
DEADBEEF
DEADBEEF
DEADBEEF
DEADBEEF
DEADBEEF
DEADBEEF
DEADBEEF
DEADBEEF
DEADBEEF
DEADBEEF
DEADBEEF
DEADBEEF
DEADBEEF
DEADBEEF
DEADBEEF
DEADBEEF
DEADBEEF
DEADBEEF
DEADBEEF
DEADBEEF
DEADBEEF
DEADBEEF
DEADBEEF
DEADBEEF
DEADBEEF
DEADBEEF
DEADBEEF
DEADBEEF
DEADBEEF
DEADBEEF
DEADBEEF
DEADBEEF
DEADBEEF
DEADBEEF
DEADBEEF
DEADBEEF
DEADBEEF
DEADBEEF
DEADBEEF
DEADBEEF
DEADBEEF
DEADBEEF
DEADBEEF
DEADBEEF
DEADBEEF
DEADBEEF
DEADBEEF
DEADBEEF
DEADBEEF
DEADBEEF
DEADBEEF
DEADBEEF
DEADBEEF
DEADBEEF
DEADBEEF
DEADBEEF
DEADBEEF
DEADBEEF
DEADBEEF
DEADBEEF
DEADBEEF
DEADBEEF
DEADBEEF
DEADBEEF
DEADBEEF
DEADBEEF
DEADBEEF
DEADBEEF
DEADBEEF
DEADBEEF
DEADBEEF
DEADBEEF
DEADBEEF
DEADBEEF
DEADBEEF
DEADBEEF
DEADBEEF
DEADBEEF
DEADBEEF
DEADBEEF
DEADBEEF
DEADBEEF
DEADBEEF
DEADBEEF
DEADBEEF
DEADBEEF
DEADBEEF
DEADBEEF
DEADBEEF
DEADBEEF
DEADBEEF
DEADBEEF
DEADBEEF
DEADBEEF
DEADBEEF
DEADBEEF
DEADBEEF
DEADBEEF
DEADBEEF
DEADBEEF
DEADBEEF
DEADBEEF
DEADBEEF
DEADBEEF
DEADBEEF
DEADBEEF
DEADBEEF
DEADBEEF
DEADBEEF
DEADBEEF
DEADBEEF
DEADBEEF
DEADBEEF
DEADBEEF
DEADBEEF
DEADBEEF
DEADBEEF
DEADBEEF
DEADBEEF
DEADBEEF
DEADBEEF
DEADBEEF
DEADBEEF
DEADBEEF
DEADBEEF
DEADBEEF
DEADBEEF
DEADBEEF
DEADBEEF
DEADBEEF
DEADBEEF
DEADBEEF
DEADBEEF
DEADBEEF
DEADBEEF
DEADBEEF
DEADBEEF
DEADBEEF
DEADBEEF
DEADBEEF
DEADBEEF
DEADBEEF
DEADBEEF
DEADBEEF
DEADBEEF
DEADBEEF
DEADBEEF
DEADBEEF
DEADBEEF
DEADBEEF
DEADBEEF
DEADBEEF
DEADBEEF
DEADBEEF
DEADBEEF
DEADBEEF
DEADBEEF
DEADBEEF
DEADBEEF
DEADBEEF
DEADBEEF
DEADBEEF
DEADBEEF
DEADBEEF
DEADBEEF
DEADBEEF
DEADBEEF
DEADBEEF
DEADBEEF
DEADBEEF
DEADBEEF
DEADBEEF
DEADBEEF
DEADBEEF
DEADBEEF
DEADBEEF
DEADBEEF
DEADBEEF
DEADBEEF
DEADBEEF
DEADBEEF
DEADBEEF
DEADBEEF
DEADBEEF
DEADBEEF
DEADBEEF
DEADBEEF
DEADBEEF
DEADBEEF
DEADBEEF
DEADBEEF
DEADBEEF
DEADBEEF
DEADBEEF
DEADBEEF
DEADBEEF
DEADBEEF
DEADBEEF
DEADBEEF
DEADBEEF
DEADBEEF
DEADBEEF
DEADBEEF
DEADBEEF
DEADBEEF
DEADBEEF
DEADBEEF
DEADBEEF
DEADBEEF
DEADBEEF
DEADBEEF
DEADBEEF
DEADBEEF
DEADBEEF
DEADBEEF
DEADBEEF
DEADBEEF
DEADBEEF
DEADBEEF
DEADBEEF
DEADBEEF
DEADBEEF
DEADBEEF
DEADBEEF
DEADBEEF
DEADBEEF
DEADBEEF
DEADBEEF
DEADBEEF
DEADBEEF
DEADBEEF
DEADBEEF
DEADBEEF
DEADBEEF
DEADBEEF
DEADBEEF
DEADBEEF
DEADBEEF
DEADBEEF
DEADBEEF
DEADBEEF
DEADBEEF
DEADBEEF
DEADBEEF
DEADBEEF
DEADBEEF
DEADBEEF
DEADBEEF
DEADBEEF
DEADBEEF
DEADBEEF
DEADBEEF
DEADBEEF
DEADBEEF
DEADBEEF
DEADBEEF
DEADBEEF
DEADBEEF
DEADBEEF
DEADBEEF
DEADBEEF
DEADBEEF
DEADBEEF
DEADBEEF
DEADBEEF
DEADBEEF
DEADBEEF
DEADBEEF
DEADBEEF
DEADBEEF
DEADBEEF
DEADBEEF
DEADBEEF
DEADBEEF
DEADBEEF
DEADBEEF
DEADBEEF
DEADBEEF
DEADBEEF
DEADBEEF
DEADBEEF
DEADBEEF
DEADBEEF
DEADBEEF
DEADBEEF
DEADBEEF
DEADBEEF
DEADBEEF
DEADBEEF
DEADBEEF
DEADBEEF
DEADBEEF
DEADBEEF
DEADBEEF
DEADBEEF
DEADBEEF
DEADBEEF
DEADBEEF
DEADBEEF
DEADBEEF
DEADBEEF
DEADBEEF
DEADBEEF
DEADBEEF
DEADBEEF
DEADBEEF
DEADBEEF
DEADBEEF
DEADBEEF
DEADBEEF
DEADBEEF
DEADBEEF
DEADBEEF
DEADBEEF
DEADBEEF
DEADBEEF
DEADBEEF
DEADBEEF
DEADBEEF
DEADBEEF
DEADBEEF
DEADBEEF
DEADBEEF
DEADBEEF
DEADBEEF
DEADBEEF
DEADBEEF
DEADBEEF
DEADBEEF
DEADBEEF
DEADBEEF
DEADBEEF
DEADBEEF
DEADBEEF
DEADBEEF
DEADBEEF
DEADBEEF
DEADBEEF
DEADBEEF
DEADBEEF
DEADBEEF
DEADBEEF
DEADBEEF
DEADBEEF
DEADBEEF
DEADBEEF
DEADBEEF
DEADBEEF
DEADBEEF
DEADBEEF
DEADBEEF
DEADBEEF
DEADBEEF
DEADBEEF
DEADBEEF
DEADBEEF
DEADBEEF
DEADBEEF
DEADBEEF
DEADBEEF
DEADBEEF
DEADBEEF
DEADBEEF
DEADBEEF
DEADBEEF
DEADBEEF
DEADBEEF
DEADBEEF
DEADBEEF
DEADBEEF
DEADBEEF
DEADBEEF
DEADBEEF
DEADBEEF
DEADBEEF
DEADBEEF
DEADBEEF
DEADBEEF
DEADBEEF
DEADBEEF
DEADBEEF
DEADBEEF
DEADBEEF
DEADBEEF
DEADBEEF
DEADBEEF
DEADBEEF
DEADBEEF
DEADBEEF
DEADBEEF
DEADBEEF
DEADBEEF
DEADBEEF
DEADBEEF
DEADBEEF
DEADBEEF
DEADBEEF
DEADBEEF
DEADBEEF
DEADBEEF
DEADBEEF
DEADBEEF
DEADBEEF
DEADBEEF
DEADBEEF
DEADBEEF
DEADBEEF
DEADBEEF
DEADBEEF
DEADBEEF
DEADBEEF
DEADBEEF
DEADBEEF
DEADBEEF
DEADBEEF
DEADBEEF
DEADBEEF
DEADBEEF
DEADBEEF
DEADBEEF
DEADBEEF
DEADBEEF
DEADBEEF
DEADBEEF
DEADBEEF
DEADBEEF
DEADBEEF
DEADBEEF
DEADBEEF
DEADBEEF
DEADBEEF
DEADBEEF
DEADBEEF
DEADBEEF
DEADBEEF
DEADBEEF
DEADBEEF
DEADBEEF
DEADBEEF
DEADBEEF
DEADBEEF
DEADBEEF
DEADBEEF
DEADBEEF
DEADBEEF
DEADBEEF
DEADBEEF
DEADBEEF
DEADBEEF
DEADBEEF
DEADBEEF
DEADBEEF
DEADBEEF
DEADBEEF
DEADBEEF
DEADBEEF
DEADBEEF
DEADBEEF
DEADBEEF
DEADBEEF
DEADBEEF
DEADBEEF
DEADBEEF
DEADBEEF
DEADBEEF
DEADBEEF
DEADBEEF
DEADBEEF
DEADBEEF
DEADBEEF
DEADBEEF
DEADBEEF
DEADBEEF
DEADBEEF
DEADBEEF
DEADBEEF
DEADBEEF
DEADBEEF
DEADBEEF
DEADBEEF
DEADBEEF
DEADBEEF
DEADBEEF
DEADBEEF
DEADBEEF
DEADBEEF
DEADBEEF
DEADBEEF
DEADBEEF
DEADBEEF
DEADBEEF
DEADBEEF
DEADBEEF
DEADBEEF
DEADBEEF
DEADBEEF
DEADBEEF
DEADBEEF
DEADBEEF
DEADBEEF
DEADBEEF
DEADBEEF
DEADBEEF
DEADBEEF
DEADBEEF
DEADBEEF
DEADBEEF
DEADBEEF
DEADBEEF
DEADBEEF
DEADBEEF
DEADBEEF
DEADBEEF
DEADBEEF
DEADBEEF
DEADBEEF
DEADBEEF
DEADBEEF
DEADBEEF
DEADBEEF
DEADBEEF
DEADBEEF
DEADBEEF
DEADBEEF
DEADBEEF
DEADBEEF
DEADBEEF
DEADBEEF
DEADBEEF
DEADBEEF
DEADBEEF
DEADBEEF
DEADBEEF
DEADBEEF
DEADBEEF
DEADBEEF
DEADBEEF
DEADBEEF
DEADBEEF
DEADBEEF
DEADBEEF
DEADBEEF
DEADBEEF
DEADBEEF
DEADBEEF
DEADBEEF
DEADBEEF
DEADBEEF
DEADBEEF
DEADBEEF
DEADBEEF
DEADBEEF
DEADBEEF
DEADBEEF
DEADBEEF
DEADBEEF
DEADBEEF
DEADBEEF
DEADBEEF
DEADBEEF
DEADBEEF
DEADBEEF
DEADBEEF
DEADBEEF
DEADBEEF
DEADBEEF
DEADBEEF
DEADBEEF
DEADBEEF
DEADBEEF
DEADBEEF
DEADBEEF
DEADBEEF
DEADBEEF
DEADBEEF
DEADBEEF
DEADBEEF
DEADBEEF
DEADBEEF
DEADBEEF
DEADBEEF
DEADBEEF
DEADBEEF
DEADBEEF
DEADBEEF
DEADBEEF
DEADBEEF
DEADBEEF
DEADBEEF
DEADBEEF
DEADBEEF
DEADBEEF
DEADBEEF
DEADBEEF
DEADBEEF
DEADBEEF
DEADBEEF
DEADBEEF
DEADBEEF
DEADBEEF
DEADBEEF
DEADBEEF
DEADBEEF
DEADBEEF
DEADBEEF
DEADBEEF
DEADBEEF
DEADBEEF
DEADBEEF
DEADBEEF
DEADBEEF
DEADBEEF
DEADBEEF
DEADBEEF
DEADBEEF
DEADBEEF
DEADBEEF
DEADBEEF
DEADBEEF
DEADBEEF
DEADBEEF
DEADBEEF
DEADBEEF
DEADBEEF
DEADBEEF
DEADBEEF
DEADBEEF
DEADBEEF
DEADBEEF
DEADBEEF
DEADBEEF
DEADBEEF
DEADBEEF
DEADBEEF
DEADBEEF
DEADBEEF
DEADBEEF
DEADBEEF
DEADBEEF
DEADBEEF
DEADBEEF
DEADBEEF
DEADBEEF
DEADBEEF
DEADBEEF
DEADBEEF
DEADBEEF
DEADBEEF
DEADBEEF
DEADBEEF
DEADBEEF
DEADBEEF
DEADBEEF
DEADBEEF
DEADBEEF
DEADBEEF
DEADBEEF
DEADBEEF
DEADBEEF
DEADBEEF
DEADBEEF
DEADBEEF
DEADBEEF
DEADBEEF
DEADBEEF
DEADBEEF
DEADBEEF
DEADBEEF
DEADBEEF
DEADBEEF
DEADBEEF
DEADBEEF
DEADBEEF
DEADBEEF
DEADBEEF
DEADBEEF
DEADBEEF
DEADBEEF
DEADBEEF
DEADBEEF
DEADBEEF
DEADBEEF
DEADBEEF
DEADBEEF
DEADBEEF
DEADBEEF
DEADBEEF
DEADBEEF
DEADBEEF
DEADBEEF
DEADBEEF
DEADBEEF
DEADBEEF
DEADBEEF
DEADBEEF
DEADBEEF
DEADBEEF
DEADBEEF
DEADBEEF
DEADBEEF
DEADBEEF
DEADBEEF
DEADBEEF
DEADBEEF
DEADBEEF
DEADBEEF
DEADBEEF
DEADBEEF
DEADBEEF
DEADBEEF
DEADBEEF
DEADBEEF
DEADBEEF
DEADBEEF
DEADBEEF
DEADBEEF
DEADBEEF
DEADBEEF
DEADBEEF
DEADBEEF
DEADBEEF
DEADBEEF
DEADBEEF
DEADBEEF
DEADBEEF
DEADBEEF
DEADBEEF
DEADBEEF
DEADBEEF
DEADBEEF
DEADBEEF
DEADBEEF
DEADBEEF
DEADBEEF
DEADBEEF
DEADBEEF
DEADBEEF
DEADBEEF
DEADBEEF
DEADBEEF
DEADBEEF
DEADBEEF
DEADBEEF
DEADBEEF
DEADBEEF
DEADBEEF
DEADBEEF
DEADBEEF
DEADBEEF
DEADBEEF
DEADBEEF
DEADBEEF
DEADBEEF
DEADBEEF
DEADBEEF
DEADBEEF
DEADBEEF
DEADBEEF
DEADBEEF
DEADBEEF
DEADBEEF
DEADBEEF
DEADBEEF
DEADBEEF
DEADBEEF
DEADBEEF
DEADBEEF
DEADBEEF
DEADBEEF
DEADBEEF
DEADBEEF
DEADBEEF
DEADBEEF
DEADBEEF
DEADBEEF
DEADBEEF
DEADBEEF
DEADBEEF
DEADBEEF
DEADBEEF
DEADBEEF
DEADBEEF
DEADBEEF
DEADBEEF
DEADBEEF
DEADBEEF
DEADBEEF
DEADBEEF
DEADBEEF
DEADBEEF
DEADBEEF
DEADBEEF
DEADBEEF
DEADBEEF
DEADBEEF
DEADBEEF
DEADBEEF
DEADBEEF
DEADBEEF
DEADBEEF
DEADBEEF
DEADBEEF
DEADBEEF
DEADBEEF
DEADBEEF
DEADBEEF
DEADBEEF
DEADBEEF
DEADBEEF
DEADBEEF
DEADBEEF
DEADBEEF
DEADBEEF
DEADBEEF
DEADBEEF
DEADBEEF
DEADBEEF
DEADBEEF
DEADBEEF
DEADBEEF
DEADBEEF
DEADBEEF
DEADBEEF
DEADBEEF
DEADBEEF
DEADBEEF
DEADBEEF
DEADBEEF
DEADBEEF
DEADBEEF
DEADBEEF
DEADBEEF
DEADBEEF
DEADBEEF
DEADBEEF
DEADBEEF
DEADBEEF
DEADBEEF
DEADBEEF
DEADBEEF
DEADBEEF
DEADBEEF
DEADBEEF
DEADBEEF
DEADBEEF
DEADBEEF
DEADBEEF
DEADBEEF
DEADBEEF
DEADBEEF
DEADBEEF
DEADBEEF
DEADBEEF
DEADBEEF
DEADBEEF
DEADBEEF
DEADBEEF
DEADBEEF
DEADBEEF
DEADBEEF
DEADBEEF
DEADBEEF
DEADBEEF
DEADBEEF
DEADBEEF
DEADBEEF
DEADBEEF
DEADBEEF
DEADBEEF
DEADBEEF
DEADBEEF
DEADBEEF
DEADBEEF
DEADBEEF
DEADBEEF
DEADBEEF
DEADBEEF
DEADBEEF
DEADBEEF
DEADBEEF
DEADBEEF
DEADBEEF
DEADBEEF
DEADBEEF
DEADBEEF
DEADBEEF
DEADBEEF
DEADBEEF
DEADBEEF
DEADBEEF
DEADBEEF
DEADBEEF
DEADBEEF
DEADBEEF
DEADBEEF
DEADBEEF
DEADBEEF
DEADBEEF
DEADBEEF
DEADBEEF
DEADBEEF
DEADBEEF
DEADBEEF
DEADBEEF
DEADBEEF
DEADBEEF
DEADBEEF
DEADBEEF
DEADBEEF
DEADBEEF
DEADBEEF
DEADBEEF
DEADBEEF
DEADBEEF
DEADBEEF
DEADBEEF
DEADBEEF
DEADBEEF
DEADBEEF
DEADBEEF
DEADBEEF
DEADBEEF
DEADBEEF
DEADBEEF
DEADBEEF
DEADBEEF
DEADBEEF
DEADBEEF
DEADBEEF
DEADBEEF
DEADBEEF
DEADBEEF
DEADBEEF
DEADBEEF
DEADBEEF
DEADBEEF
DEADBEEF
DEADBEEF
DEADBEEF
DEADBEEF
DEADBEEF
DEADBEEF
DEADBEEF
DEADBEEF
DEADBEEF
DEADBEEF
DEADBEEF
DEADBEEF
DEADBEEF
DEADBEEF
DEADBEEF
DEADBEEF
DEADBEEF
DEADBEEF
DEADBEEF
DEADBEEF
DEADBEEF
DEADBEEF
DEADBEEF
DEADBEEF
DEADBEEF
DEADBEEF
DEADBEEF
DEADBEEF
DEADBEEF
DEADBEEF
DEADBEEF
DEADBEEF
DEADBEEF
DEADBEEF
DEADBEEF
DEADBEEF
DEADBEEF
DEADBEEF
DEADBEEF
DEADBEEF
DEADBEEF
DEADBEEF
DEADBEEF
DEADBEEF
DEADBEEF
DEADBEEF
DEADBEEF
DEADBEEF
DEADBEEF
DEADBEEF
DEADBEEF
DEADBEEF
DEADBEEF
DEADBEEF
DEADBEEF
DEADBEEF
DEADBEEF
DEADBEEF
DEADBEEF
DEADBEEF
DEADBEEF
DEADBEEF
DEADBEEF
DEADBEEF
DEADBEEF
DEADBEEF
DEADBEEF
DEADBEEF
DEADBEEF
DEADBEEF
DEADBEEF
DEADBEEF
DEADBEEF
DEADBEEF
DEADBEEF
DEADBEEF
DEADBEEF
DEADBEEF
DEADBEEF
DEADBEEF
DEADBEEF
DEADBEEF
DEADBEEF
DEADBEEF
DEADBEEF
DEADBEEF
DEADBEEF
DEADBEEF
DEADBEEF
DEADBEEF
DEADBEEF
DEADBEEF
DEADBEEF
DEADBEEF
DEADBEEF
DEADBEEF
DEADBEEF
DEADBEEF
DEADBEEF
DEADBEEF
DEADBEEF
DEADBEEF
DEADBEEF
DEADBEEF
DEADBEEF
DEADBEEF
DEADBEEF
DEADBEEF
DEADBEEF
DEADBEEF
DEADBEEF
DEADBEEF
DEADBEEF
DEADBEEF
DEADBEEF
DEADBEEF
DEADBEEF
DEADBEEF
DEADBEEF
DEADBEEF
DEADBEEF
DEADBEEF
DEADBEEF
DEADBEEF
DEADBEEF
DEADBEEF
DEADBEEF
DEADBEEF
DEADBEEF
DEADBEEF
DEADBEEF
DEADBEEF
DEADBEEF
DEADBEEF
DEADBEEF
DEADBEEF
DEADBEEF
DEADBEEF
DEADBEEF
DEADBEEF
DEADBEEF
DEADBEEF
DEADBEEF
DEADBEEF
DEADBEEF
DEADBEEF
DEADBEEF
DEADBEEF
DEADBEEF
DEADBEEF
DEADBEEF
DEADBEEF
DEADBEEF
DEADBEEF
DEADBEEF
DEADBEEF
DEADBEEF
DEADBEEF
DEADBEEF
DEADBEEF
DEADBEEF
DEADBEEF
DEADBEEF
DEADBEEF
DEADBEEF
DEADBEEF
DEADBEEF
DEADBEEF
DEADBEEF
DEADBEEF
DEADBEEF
DEADBEEF
DEADBEEF
DEADBEEF
DEADBEEF
DEADBEEF
DEADBEEF
DEADBEEF
DEADBEEF
DEADBEEF
DEADBEEF
DEADBEEF
DEADBEEF
DEADBEEF
DEADBEEF
DEADBEEF
DEADBEEF
DEADBEEF
DEADBEEF
DEADBEEF
DEADBEEF
DEADBEEF
DEADBEEF
DEADBEEF
DEADBEEF
DEADBEEF
DEADBEEF
DEADBEEF
DEADBEEF
DEADBEEF
DEADBEEF
DEADBEEF
DEADBEEF
DEADBEEF
DEADBEEF
DEADBEEF
DEADBEEF
DEADBEEF
DEADBEEF
DEADBEEF
DEADBEEF
DEADBEEF
DEADBEEF
DEADBEEF
DEADBEEF
DEADBEEF
DEADBEEF
DEADBEEF
DEADBEEF
DEADBEEF
DEADBEEF
DEADBEEF
DEADBEEF
DEADBEEF
DEADBEEF
DEADBEEF
DEADBEEF
DEADBEEF
DEADBEEF
DEADBEEF
DEADBEEF
DEADBEEF
DEADBEEF
DEADBEEF
DEADBEEF
DEADBEEF
DEADBEEF
DEADBEEF
DEADBEEF
DEADBEEF
DEADBEEF
DEADBEEF
DEADBEEF
DEADBEEF
DEADBEEF
DEADBEEF
DEADBEEF
DEADBEEF
DEADBEEF
DEADBEEF
DEADBEEF
DEADBEEF
DEADBEEF
DEADBEEF
DEADBEEF
DEADBEEF
DEADBEEF
DEADBEEF
DEADBEEF
DEADBEEF
DEADBEEF
DEADBEEF
DEADBEEF
DEADBEEF
DEADBEEF
DEADBEEF
DEADBEEF
DEADBEEF
DEADBEEF
DEADBEEF
DEADBEEF
DEADBEEF
DEADBEEF
DEADBEEF
DEADBEEF
DEADBEEF
DEADBEEF
DEADBEEF
DEADBEEF
DEADBEEF
DEADBEEF
DEADBEEF
DEADBEEF
DEADBEEF
DEADBEEF
DEADBEEF
DEADBEEF
DEADBEEF
DEADBEEF
DEADBEEF
DEADBEEF
DEADBEEF
DEADBEEF
DEADBEEF
DEADBEEF
DEADBEEF
DEADBEEF
DEADBEEF
DEADBEEF
DEADBEEF
DEADBEEF
DEADBEEF
DEADBEEF
DEADBEEF
DEADBEEF
DEADBEEF
DEADBEEF
DEADBEEF
DEADBEEF
DEADBEEF
DEADBEEF
DEADBEEF
DEADBEEF
DEADBEEF
DEADBEEF
DEADBEEF
DEADBEEF
DEADBEEF
DEADBEEF
DEADBEEF
DEADBEEF
DEADBEEF
DEADBEEF
DEADBEEF
DEADBEEF
DEADBEEF
DEADBEEF
DEADBEEF
DEADBEEF
DEADBEEF
DEADBEEF
DEADBEEF
DEADBEEF
DEADBEEF
DEADBEEF
DEADBEEF
DEADBEEF
DEADBEEF
DEADBEEF
DEADBEEF
DEADBEEF
DEADBEEF
DEADBEEF
DEADBEEF
DEADBEEF
DEADBEEF
DEADBEEF
DEADBEEF
DEADBEEF
DEADBEEF
DEADBEEF
DEADBEEF
DEADBEEF
DEADBEEF
DEADBEEF
DEADBEEF
DEADBEEF
DEADBEEF
DEADBEEF
DEADBEEF
DEADBEEF
DEADBEEF
DEADBEEF
DEADBEEF
DEADBEEF
DEADBEEF
DEADBEEF
DEADBEEF
DEADBEEF
DEADBEEF
DEADBEEF
DEADBEEF
DEADBEEF
DEADBEEF
DEADBEEF
DEADBEEF
DEADBEEF
DEADBEEF
DEADBEEF
DEADBEEF
DEADBEEF
DEADBEEF
DEADBEEF
DEADBEEF
DEADBEEF
DEADBEEF
DEADBEEF
DEADBEEF
DEADBEEF
DEADBEEF
DEADBEEF
DEADBEEF
DEADBEEF
DEADBEEF
DEADBEEF
DEADBEEF
DEADBEEF
DEADBEEF
DEADBEEF
DEADBEEF
DEADBEEF
DEADBEEF
DEADBEEF
DEADBEEF
DEADBEEF
DEADBEEF
DEADBEEF
DEADBEEF
DEADBEEF
DEADBEEF
DEADBEEF
DEADBEEF
DEADBEEF
DEADBEEF
DEADBEEF
DEADBEEF
DEADBEEF
DEADBEEF
DEADBEEF
DEADBEEF
DEADBEEF
DEADBEEF
DEADBEEF
DEADBEEF
DEADBEEF
DEADBEEF
DEADBEEF
DEADBEEF
DEADBEEF
DEADBEEF
DEADBEEF
DEADBEEF
DEADBEEF
DEADBEEF
DEADBEEF
DEADBEEF
DEADBEEF
DEADBEEF
DEADBEEF
DEADBEEF
DEADBEEF
DEADBEEF
DEADBEEF
DEADBEEF
DEADBEEF
DEADBEEF
DEADBEEF
DEADBEEF
DEADBEEF
DEADBEEF
DEADBEEF
DEADBEEF
DEADBEEF
DEADBEEF
DEADBEEF
DEADBEEF
DEADBEEF
DEADBEEF
DEADBEEF
DEADBEEF
DEADBEEF
DEADBEEF
DEADBEEF
DEADBEEF
DEADBEEF
DEADBEEF
DEADBEEF
DEADBEEF
DEADBEEF
DEADBEEF
DEADBEEF
DEADBEEF
DEADBEEF
DEADBEEF
DEADBEEF
DEADBEEF
DEADBEEF
DEADBEEF
DEADBEEF
DEADBEEF
DEADBEEF
DEADBEEF
DEADBEEF
DEADBEEF
DEADBEEF
DEADBEEF
DEADBEEF
DEADBEEF
DEADBEEF
DEADBEEF
DEADBEEF
DEADBEEF
DEADBEEF
DEADBEEF
DEADBEEF
DEADBEEF
DEADBEEF
DEADBEEF
DEADBEEF
DEADBEEF
DEADBEEF
DEADBEEF
DEADBEEF
DEADBEEF
DEADBEEF
DEADBEEF
DEADBEEF
DEADBEEF
DEADBEEF
DEADBEEF
DEADBEEF
DEADBEEF
DEADBEEF
DEADBEEF
DEADBEEF
DEADBEEF
DEADBEEF
DEADBEEF
DEADBEEF
DEADBEEF
DEADBEEF
DEADBEEF
DEADBEEF
DEADBEEF
DEADBEEF
DEADBEEF
DEADBEEF
DEADBEEF
DEADBEEF
DEADBEEF
DEADBEEF
DEADBEEF
DEADBEEF
DEADBEEF
DEADBEEF
DEADBEEF
DEADBEEF
DEADBEEF
DEADBEEF
DEADBEEF
DEADBEEF
DEADBEEF
DEADBEEF
DEADBEEF
DEADBEEF
DEADBEEF
DEADBEEF
DEADBEEF
DEADBEEF
DEADBEEF
DEADBEEF
DEADBEEF
DEADBEEF
DEADBEEF
DEADBEEF
DEADBEEF
DEADBEEF
DEADBEEF
DEADBEEF
DEADBEEF
DEADBEEF
DEADBEEF
DEADBEEF
DEADBEEF
DEADBEEF
DEADBEEF
DEADBEEF
DEADBEEF
DEADBEEF
DEADBEEF
DEADBEEF
DEADBEEF
DEADBEEF
DEADBEEF
DEADBEEF
DEADBEEF
DEADBEEF
DEADBEEF
DEADBEEF
DEADBEEF
DEADBEEF
DEADBEEF
DEADBEEF
DEADBEEF
DEADBEEF
DEADBEEF
DEADBEEF
DEADBEEF
DEADBEEF
DEADBEEF
DEADBEEF
DEADBEEF
DEADBEEF
DEADBEEF
DEADBEEF
DEADBEEF
DEADBEEF
DEADBEEF
DEADBEEF
DEADBEEF
DEADBEEF
DEADBEEF
DEADBEEF
DEADBEEF
DEADBEEF
DEADBEEF
DEADBEEF
DEADBEEF
DEADBEEF
DEADBEEF
DEADBEEF
DEADBEEF
DEADBEEF
DEADBEEF
DEADBEEF
DEADBEEF
DEADBEEF
DEADBEEF
DEADBEEF
DEADBEEF
DEADBEEF
DEADBEEF
DEADBEEF
DEADBEEF
DEADBEEF
DEADBEEF
DEADBEEF
DEADBEEF
DEADBEEF
DEADBEEF
DEADBEEF
DEADBEEF
DEADBEEF
DEADBEEF
DEADBEEF
DEADBEEF
DEADBEEF
DEADBEEF
DEADBEEF
DEADBEEF
DEADBEEF
DEADBEEF
DEADBEEF
DEADBEEF
DEADBEEF
DEADBEEF
DEADBEEF
DEADBEEF
DEADBEEF
DEADBEEF
DEADBEEF
DEADBEEF
DEADBEEF
DEADBEEF
DEADBEEF
DEADBEEF
DEADBEEF
DEADBEEF
DEADBEEF
DEADBEEF
DEADBEEF
DEADBEEF
DEADBEEF
DEADBEEF
DEADBEEF
DEADBEEF
DEADBEEF
DEADBEEF
DEADBEEF
DEADBEEF
DEADBEEF
DEADBEEF
DEADBEEF
DEADBEEF
DEADBEEF
DEADBEEF
DEADBEEF
DEADBEEF
DEADBEEF
DEADBEEF
DEADBEEF
DEADBEEF
DEADBEEF
DEADBEEF
DEADBEEF
DEADBEEF
DEADBEEF
DEADBEEF
DEADBEEF
DEADBEEF
DEADBEEF
DEADBEEF
DEADBEEF
DEADBEEF
DEADBEEF
DEADBEEF
DEADBEEF
DEADBEEF
DEADBEEF
DEADBEEF
DEADBEEF
DEADBEEF
DEADBEEF
DEADBEEF
DEADBEEF
DEADBEEF
DEADBEEF
DEADBEEF
DEADBEEF
DEADBEEF
DEADBEEF
DEADBEEF
DEADBEEF
DEADBEEF
DEADBEEF
DEADBEEF
DEADBEEF
DEADBEEF
DEADBEEF
DEADBEEF
DEADBEEF
DEADBEEF
DEADBEEF
DEADBEEF
DEADBEEF
DEADBEEF
DEADBEEF
DEADBEEF
DEADBEEF
DEADBEEF
DEADBEEF
DEADBEEF
DEADBEEF
DEADBEEF
DEADBEEF
DEADBEEF
DEADBEEF
DEADBEEF
DEADBEEF
DEADBEEF
DEADBEEF
DEADBEEF
DEADBEEF
DEADBEEF
DEADBEEF
DEADBEEF
DEADBEEF
DEADBEEF
DEADBEEF
DEADBEEF
DEADBEEF
DEADBEEF
DEADBEEF
DEADBEEF
DEADBEEF
DEADBEEF
DEADBEEF
DEADBEEF
DEADBEEF
DEADBEEF
DEADBEEF
DEADBEEF
DEADBEEF
DEADBEEF
DEADBEEF
DEADBEEF
DEADBEEF
DEADBEEF
DEADBEEF
DEADBEEF
DEADBEEF
DEADBEEF
DEADBEEF
DEADBEEF
DEADBEEF
DEADBEEF
DEADBEEF
DEADBEEF
DEADBEEF
DEADBEEF
DEADBEEF
DEADBEEF
DEADBEEF
DEADBEEF
DEADBEEF
DEADBEEF
DEADBEEF
DEADBEEF
DEADBEEF
DEADBEEF
DEADBEEF
DEADBEEF
DEADBEEF
DEADBEEF
DEADBEEF
DEADBEEF
DEADBEEF
DEADBEEF
DEADBEEF
DEADBEEF
DEADBEEF
DEADBEEF
DEADBEEF
DEADBEEF
DEADBEEF
DEADBEEF
DEADBEEF
DEADBEEF
DEADBEEF
DEADBEEF
DEADBEEF
DEADBEEF
DEADBEEF
DEADBEEF
DEADBEEF
DEADBEEF
DEADBEEF
DEADBEEF
DEADBEEF
DEADBEEF
DEADBEEF
DEADBEEF
DEADBEEF
DEADBEEF
DEADBEEF
DEADBEEF
DEADBEEF
DEADBEEF
DEADBEEF
DEADBEEF
DEADBEEF
DEADBEEF
DEADBEEF
DEADBEEF
DEADBEEF
DEADBEEF
DEADBEEF
DEADBEEF
DEADBEEF
DEADBEEF
DEADBEEF
DEADBEEF
DEADBEEF
DEADBEEF
DEADBEEF
DEADBEEF
DEADBEEF
DEADBEEF
DEADBEEF
DEADBEEF
DEADBEEF
DEADBEEF
DEADBEEF
DEADBEEF
DEADBEEF
DEADBEEF
DEADBEEF
DEADBEEF
DEADBEEF
DEADBEEF
DEADBEEF
DEADBEEF
DEADBEEF
DEADBEEF
DEADBEEF
DEADBEEF
DEADBEEF
DEADBEEF
DEADBEEF
DEADBEEF
DEADBEEF
DEADBEEF
DEADBEEF
DEADBEEF
DEADBEEF
DEADBEEF
DEADBEEF
DEADBEEF
DEADBEEF
DEADBEEF
DEADBEEF
DEADBEEF
DEADBEEF
DEADBEEF
DEADBEEF
DEADBEEF
DEADBEEF
DEADBEEF
DEADBEEF
DEADBEEF
DEADBEEF
DEADBEEF
DEADBEEF
DEADBEEF
DEADBEEF
DEADBEEF
DEADBEEF
DEADBEEF
DEADBEEF
DEADBEEF
DEADBEEF
DEADBEEF
DEADBEEF
DEADBEEF
DEADBEEF
DEADBEEF
DEADBEEF
DEADBEEF
DEADBEEF
DEADBEEF
DEADBEEF
DEADBEEF
DEADBEEF
DEADBEEF
DEADBEEF
DEADBEEF
DEADBEEF
DEADBEEF
DEADBEEF
DEADBEEF
DEADBEEF
DEADBEEF
DEADBEEF
DEADBEEF
DEADBEEF
DEADBEEF
DEADBEEF
DEADBEEF
DEADBEEF
DEADBEEF
DEADBEEF
DEADBEEF
DEADBEEF
DEADBEEF
DEADBEEF
DEADBEEF
DEADBEEF
DEADBEEF
DEADBEEF
DEADBEEF
DEADBEEF
DEADBEEF
DEADBEEF
DEADBEEF
DEADBEEF
DEADBEEF
DEADBEEF
DEADBEEF
DEADBEEF
DEADBEEF
DEADBEEF
DEADBEEF
DEADBEEF
DEADBEEF
DEADBEEF
DEADBEEF
DEADBEEF
DEADBEEF
DEADBEEF
DEADBEEF
DEADBEEF
DEADBEEF
DEADBEEF
DEADBEEF
DEADBEEF
DEADBEEF
DEADBEEF
DEADBEEF
DEADBEEF
DEADBEEF
DEADBEEF
DEADBEEF
DEADBEEF
DEADBEEF
DEADBEEF
DEADBEEF
DEADBEEF
DEADBEEF
DEADBEEF
DEADBEEF
DEADBEEF
DEADBEEF
DEADBEEF
DEADBEEF
DEADBEEF
DEADBEEF
DEADBEEF
DEADBEEF
DEADBEEF
DEADBEEF
DEADBEEF
DEADBEEF
DEADBEEF
DEADBEEF
DEADBEEF
DEADBEEF
DEADBEEF
DEADBEEF
DEADBEEF
DEADBEEF
DEADBEEF
DEADBEEF
DEADBEEF
DEADBEEF
DEADBEEF
DEADBEEF
DEADBEEF
DEADBEEF
DEADBEEF
DEADBEEF
DEADBEEF
DEADBEEF
DEADBEEF
DEADBEEF
DEADBEEF
DEADBEEF
DEADBEEF
DEADBEEF
DEADBEEF
DEADBEEF
DEADBEEF
DEADBEEF
DEADBEEF
DEADBEEF
DEADBEEF
DEADBEEF
DEADBEEF
DEADBEEF
DEADBEEF
DEADBEEF
DEADBEEF
DEADBEEF
DEADBEEF
DEADBEEF
DEADBEEF
DEADBEEF
DEADBEEF
DEADBEEF
DEADBEEF
DEADBEEF
DEADBEEF
DEADBEEF
DEADBEEF
DEADBEEF
DEADBEEF
DEADBEEF
DEADBEEF
DEADBEEF
DEADBEEF
DEADBEEF
DEADBEEF
DEADBEEF
DEADBEEF
DEADBEEF
DEADBEEF
DEADBEEF
DEADBEEF
DEADBEEF
DEADBEEF
DEADBEEF
DEADBEEF
DEADBEEF
DEADBEEF
DEADBEEF
DEADBEEF
DEADBEEF
DEADBEEF
DEADBEEF
DEADBEEF
DEADBEEF
DEADBEEF
DEADBEEF
DEADBEEF
DEADBEEF
DEADBEEF
DEADBEEF
DEADBEEF
DEADBEEF
DEADBEEF
DEADBEEF
DEADBEEF
DEADBEEF
DEADBEEF
DEADBEEF
DEADBEEF
DEADBEEF
DEADBEEF
DEADBEEF
DEADBEEF
DEADBEEF
DEADBEEF
DEADBEEF
DEADBEEF
DEADBEEF
DEADBEEF
DEADBEEF
DEADBEEF
DEADBEEF
DEADBEEF
DEADBEEF
DEADBEEF
DEADBEEF
DEADBEEF
DEADBEEF
DEADBEEF
DEADBEEF
DEADBEEF
DEADBEEF
DEADBEEF
DEADBEEF
DEADBEEF
DEADBEEF
DEADBEEF
DEADBEEF
DEADBEEF
DEADBEEF
DEADBEEF
DEADBEEF
DEADBEEF
DEADBEEF
DEADBEEF
DEADBEEF
DEADBEEF
DEADBEEF
DEADBEEF
DEADBEEF
DEADBEEF
DEADBEEF
DEADBEEF
DEADBEEF
DEADBEEF
DEADBEEF
DEADBEEF
DEADBEEF
DEADBEEF
DEADBEEF
DEADBEEF
DEADBEEF
DEADBEEF
DEADBEEF
DEADBEEF
DEADBEEF
DEADBEEF
DEADBEEF
DEADBEEF
DEADBEEF
DEADBEEF
DEADBEEF
DEADBEEF
DEADBEEF
DEADBEEF
DEADBEEF
DEADBEEF
DEADBEEF
DEADBEEF
DEADBEEF
DEADBEEF
DEADBEEF
DEADBEEF
DEADBEEF
DEADBEEF
DEADBEEF
DEADBEEF
DEADBEEF
DEADBEEF
DEADBEEF
DEADBEEF
DEADBEEF
DEADBEEF
DEADBEEF
DEADBEEF
DEADBEEF
DEADBEEF
DEADBEEF
DEADBEEF
DEADBEEF
DEADBEEF
DEADBEEF
DEADBEEF
DEADBEEF
DEADBEEF
DEADBEEF
DEADBEEF
DEADBEEF
DEADBEEF
DEADBEEF
DEADBEEF
DEADBEEF
DEADBEEF
DEADBEEF
DEADBEEF
DEADBEEF
DEADBEEF
DEADBEEF
DEADBEEF
DEADBEEF
DEADBEEF
DEADBEEF
DEADBEEF
DEADBEEF
DEADBEEF
DEADBEEF
DEADBEEF
DEADBEEF
DEADBEEF
DEADBEEF
DEADBEEF
DEADBEEF
DEADBEEF
DEADBEEF
DEADBEEF
DEADBEEF
DEADBEEF
DEADBEEF
DEADBEEF
DEADBEEF
DEADBEEF
DEADBEEF
DEADBEEF
DEADBEEF
DEADBEEF
DEADBEEF
DEADBEEF
DEADBEEF
DEADBEEF
DEADBEEF
DEADBEEF
DEADBEEF
DEADBEEF
DEADBEEF
DEADBEEF
DEADBEEF
DEADBEEF
DEADBEEF
DEADBEEF
DEADBEEF
DEADBEEF
DEADBEEF
DEADBEEF
DEADBEEF
DEADBEEF
DEADBEEF
DEADBEEF
DEADBEEF
DEADBEEF
DEADBEEF
DEADBEEF
DEADBEEF
DEADBEEF
DEADBEEF
DEADBEEF
DEADBEEF
DEADBEEF
DEADBEEF
DEADBEEF
DEADBEEF
DEADBEEF
DEADBEEF
DEADBEEF
DEADBEEF
DEADBEEF
DEADBEEF
DEADBEEF
DEADBEEF
DEADBEEF
DEADBEEF
DEADBEEF
DEADBEEF
DEADBEEF
DEADBEEF
DEADBEEF
DEADBEEF
DEADBEEF
DEADBEEF
DEADBEEF
DEADBEEF
DEADBEEF
DEADBEEF
DEADBEEF
DEADBEEF
DEADBEEF
DEADBEEF
DEADBEEF
DEADBEEF
DEADBEEF
DEADBEEF
DEADBEEF
DEADBEEF
DEADBEEF
DEADBEEF
DEADBEEF
DEADBEEF
DEADBEEF
DEADBEEF
DEADBEEF
DEADBEEF
DEADBEEF
DEADBEEF
DEADBEEF
DEADBEEF
DEADBEEF
DEADBEEF
DEADBEEF
DEADBEEF
DEADBEEF
DEADBEEF
DEADBEEF
DEADBEEF
DEADBEEF
DEADBEEF
DEADBEEF
DEADBEEF
DEADBEEF
DEADBEEF
DEADBEEF
DEADBEEF
DEADBEEF
DEADBEEF
DEADBEEF
DEADBEEF
DEADBEEF
DEADBEEF
DEADBEEF
DEADBEEF
DEADBEEF
DEADBEEF
DEADBEEF
DEADBEEF
DEADBEEF
DEADBEEF
DEADBEEF
DEADBEEF
DEADBEEF
DEADBEEF
DEADBEEF
DEADBEEF
DEADBEEF
DEADBEEF
DEADBEEF
DEADBEEF
DEADBEEF
DEADBEEF
DEADBEEF
DEADBEEF
DEADBEEF
DEADBEEF
DEADBEEF
DEADBEEF
DEADBEEF
DEADBEEF
DEADBEEF
DEADBEEF
DEADBEEF
DEADBEEF
DEADBEEF
DEADBEEF
DEADBEEF
DEADBEEF
DEADBEEF
DEADBEEF
DEADBEEF
DEADBEEF
DEADBEEF
DEADBEEF
DEADBEEF
DEADBEEF
DEADBEEF
DEADBEEF
DEADBEEF
DEADBEEF
DEADBEEF
DEADBEEF
DEADBEEF
DEADBEEF
DEADBEEF
DEADBEEF
DEADBEEF
DEADBEEF
DEADBEEF
DEADBEEF
DEADBEEF
DEADBEEF
DEADBEEF
DEADBEEF
DEADBEEF
DEADBEEF
DEADBEEF
DEADBEEF
DEADBEEF
DEADBEEF
DEADBEEF
DEADBEEF
DEADBEEF
DEADBEEF
DEADBEEF
DEADBEEF
DEADBEEF
DEADBEEF
DEADBEEF
DEADBEEF
DEADBEEF
DEADBEEF
DEADBEEF
DEADBEEF
DEADBEEF
DEADBEEF
DEADBEEF
DEADBEEF
DEADBEEF
DEADBEEF
DEADBEEF
DEADBEEF
DEADBEEF
DEADBEEF
DEADBEEF
DEADBEEF
DEADBEEF
DEADBEEF
DEADBEEF
DEADBEEF
DEADBEEF
DEADBEEF
DEADBEEF
DEADBEEF
DEADBEEF
DEADBEEF
DEADBEEF
DEADBEEF
DEADBEEF
DEADBEEF
DEADBEEF
DEADBEEF
DEADBEEF
DEADBEEF
DEADBEEF
DEADBEEF
DEADBEEF
DEADBEEF
DEADBEEF
DEADBEEF
DEADBEEF
DEADBEEF
DEADBEEF
DEADBEEF
DEADBEEF
DEADBEEF
DEADBEEF
DEADBEEF
DEADBEEF
DEADBEEF
DEADBEEF
DEADBEEF
DEADBEEF
DEADBEEF
DEADBEEF
DEADBEEF
DEADBEEF
DEADBEEF
DEADBEEF
DEADBEEF
DEADBEEF
DEADBEEF
DEADBEEF
DEADBEEF
DEADBEEF
DEADBEEF
DEADBEEF
DEADBEEF
DEADBEEF
DEADBEEF
DEADBEEF
DEADBEEF
DEADBEEF
DEADBEEF
DEADBEEF
DEADBEEF
DEADBEEF
DEADBEEF
DEADBEEF
DEADBEEF
DEADBEEF
DEADBEEF
DEADBEEF
DEADBEEF
DEADBEEF
DEADBEEF
DEADBEEF
DEADBEEF
DEADBEEF
DEADBEEF
DEADBEEF
DEADBEEF
DEADBEEF
DEADBEEF
DEADBEEF
DEADBEEF
DEADBEEF
DEADBEEF
DEADBEEF
DEADBEEF
DEADBEEF
DEADBEEF
DEADBEEF
DEADBEEF
DEADBEEF
DEADBEEF
DEADBEEF
DEADBEEF
DEADBEEF
DEADBEEF
DEADBEEF
DEADBEEF
DEADBEEF
DEADBEEF
DEADBEEF
DEADBEEF
DEADBEEF
DEADBEEF
DEADBEEF
DEADBEEF
DEADBEEF
DEADBEEF
DEADBEEF
DEADBEEF
DEADBEEF
DEADBEEF
DEADBEEF
DEADBEEF
DEADBEEF
DEADBEEF
DEADBEEF
DEADBEEF
DEADBEEF
DEADBEEF
DEADBEEF
DEADBEEF
DEADBEEF
DEADBEEF
DEADBEEF
DEADBEEF
DEADBEEF
DEADBEEF
DEADBEEF
DEADBEEF
DEADBEEF
DEADBEEF
DEADBEEF
DEADBEEF
DEADBEEF
DEADBEEF
DEADBEEF
DEADBEEF
DEADBEEF
DEADBEEF
DEADBEEF
DEADBEEF
DEADBEEF
DEADBEEF
DEADBEEF
DEADBEEF
DEADBEEF
DEADBEEF
DEADBEEF
DEADBEEF
DEADBEEF
DEADBEEF
DEADBEEF
DEADBEEF
DEADBEEF
DEADBEEF
DEADBEEF
DEADBEEF
DEADBEEF
DEADBEEF
DEADBEEF
DEADBEEF
DEADBEEF
DEADBEEF
DEADBEEF
DEADBEEF
DEADBEEF
DEADBEEF
DEADBEEF
DEADBEEF
DEADBEEF
DEADBEEF
DEADBEEF
DEADBEEF
DEADBEEF
DEADBEEF
DEADBEEF
DEADBEEF
DEADBEEF
DEADBEEF
DEADBEEF
DEADBEEF
DEADBEEF
DEADBEEF
DEADBEEF
DEADBEEF
DEADBEEF
DEADBEEF
DEADBEEF
DEADBEEF
DEADBEEF
DEADBEEF
DEADBEEF
DEADBEEF
DEADBEEF
DEADBEEF
DEADBEEF
DEADBEEF
DEADBEEF
DEADBEEF
DEADBEEF
DEADBEEF
DEADBEEF
DEADBEEF
DEADBEEF
DEADBEEF
DEADBEEF
DEADBEEF
DEADBEEF
DEADBEEF
DEADBEEF
DEADBEEF
DEADBEEF
DEADBEEF
DEADBEEF
DEADBEEF
DEADBEEF
DEADBEEF
DEADBEEF
DEADBEEF
DEADBEEF
DEADBEEF
DEADBEEF
DEADBEEF
DEADBEEF
DEADBEEF
DEADBEEF
DEADBEEF
DEADBEEF
DEADBEEF
DEADBEEF
DEADBEEF
DEADBEEF
DEADBEEF
DEADBEEF
DEADBEEF
DEADBEEF
DEADBEEF
DEADBEEF
DEADBEEF
DEADBEEF
DEADBEEF
DEADBEEF
DEADBEEF
DEADBEEF
DEADBEEF
DEADBEEF
DEADBEEF
DEADBEEF
DEADBEEF
DEADBEEF
DEADBEEF
DEADBEEF
DEADBEEF
DEADBEEF
DEADBEEF
DEADBEEF
DEADBEEF
DEADBEEF
DEADBEEF
DEADBEEF
DEADBEEF
DEADBEEF
DEADBEEF
DEADBEEF
DEADBEEF
DEADBEEF
DEADBEEF
DEADBEEF
DEADBEEF
DEADBEEF
DEADBEEF
DEADBEEF
DEADBEEF
DEADBEEF
DEADBEEF
DEADBEEF
DEADBEEF
DEADBEEF
DEADBEEF
DEADBEEF
DEADBEEF
DEADBEEF
DEADBEEF
DEADBEEF
DEADBEEF
DEADBEEF
DEADBEEF
DEADBEEF
DEADBEEF
DEADBEEF
DEADBEEF
DEADBEEF
DEADBEEF
DEADBEEF
DEADBEEF
DEADBEEF
DEADBEEF
DEADBEEF
DEADBEEF
DEADBEEF
DEADBEEF
DEADBEEF
DEADBEEF
DEADBEEF
DEADBEEF
DEADBEEF
DEADBEEF
DEADBEEF
DEADBEEF
DEADBEEF
DEADBEEF
DEADBEEF
DEADBEEF
DEADBEEF
DEADBEEF
DEADBEEF
DEADBEEF
DEADBEEF
DEADBEEF
DEADBEEF
DEADBEEF
DEADBEEF
DEADBEEF
DEADBEEF
DEADBEEF
DEADBEEF
DEADBEEF
DEADBEEF
DEADBEEF
DEADBEEF
DEADBEEF
DEADBEEF
DEADBEEF
DEADBEEF
DEADBEEF
DEADBEEF
DEADBEEF
DEADBEEF
DEADBEEF
DEADBEEF
DEADBEEF
DEADBEEF
DEADBEEF
DEADBEEF
DEADBEEF
DEADBEEF
DEADBEEF
DEADBEEF
DEADBEEF
DEADBEEF
DEADBEEF
DEADBEEF
DEADBEEF
DEADBEEF
DEADBEEF
DEADBEEF
DEADBEEF
DEADBEEF
DEADBEEF
DEADBEEF
DEADBEEF
DEADBEEF
DEADBEEF
DEADBEEF
DEADBEEF
DEADBEEF
DEADBEEF
DEADBEEF
DEADBEEF
DEADBEEF
DEADBEEF
DEADBEEF
DEADBEEF
DEADBEEF
DEADBEEF
DEADBEEF
DEADBEEF
DEADBEEF
DEADBEEF
DEADBEEF
DEADBEEF
DEADBEEF
DEADBEEF
DEADBEEF
DEADBEEF
DEADBEEF
DEADBEEF
DEADBEEF
DEADBEEF
DEADBEEF
DEADBEEF
DEADBEEF
DEADBEEF
DEADBEEF
DEADBEEF
DEADBEEF
DEADBEEF
DEADBEEF
DEADBEEF
DEADBEEF
DEADBEEF
DEADBEEF
DEADBEEF
DEADBEEF
DEADBEEF
DEADBEEF
DEADBEEF
DEADBEEF
DEADBEEF
DEADBEEF
DEADBEEF
DEADBEEF
DEADBEEF
DEADBEEF
DEADBEEF
DEADBEEF
DEADBEEF
DEADBEEF
DEADBEEF
DEADBEEF
DEADBEEF
DEADBEEF
DEADBEEF
DEADBEEF
DEADBEEF
DEADBEEF
DEADBEEF
DEADBEEF
DEADBEEF
DEADBEEF
DEADBEEF
DEADBEEF
DEADBEEF
DEADBEEF
DEADBEEF
DEADBEEF
DEADBEEF
DEADBEEF
DEADBEEF
DEADBEEF
DEADBEEF
DEADBEEF
DEADBEEF
DEADBEEF
DEADBEEF
DEADBEEF
DEADBEEF
DEADBEEF
DEADBEEF
DEADBEEF
DEADBEEF
DEADBEEF
DEADBEEF
DEADBEEF
DEADBEEF
DEADBEEF
DEADBEEF
DEADBEEF
DEADBEEF
DEADBEEF
DEADBEEF
DEADBEEF
DEADBEEF
DEADBEEF
DEADBEEF
DEADBEEF
DEADBEEF
DEADBEEF
DEADBEEF
DEADBEEF
DEADBEEF
DEADBEEF
DEADBEEF
DEADBEEF
DEADBEEF
DEADBEEF
DEADBEEF
DEADBEEF
DEADBEEF
DEADBEEF
DEADBEEF
DEADBEEF
DEADBEEF
DEADBEEF
DEADBEEF
DEADBEEF
DEADBEEF
DEADBEEF
DEADBEEF
DEADBEEF
DEADBEEF
DEADBEEF
DEADBEEF
DEADBEEF
DEADBEEF
DEADBEEF
DEADBEEF
DEADBEEF
DEADBEEF
DEADBEEF
DEADBEEF
DEADBEEF
DEADBEEF
DEADBEEF
DEADBEEF
DEADBEEF
DEADBEEF
DEADBEEF
DEADBEEF
DEADBEEF
DEADBEEF
DEADBEEF
DEADBEEF
DEADBEEF
DEADBEEF
DEADBEEF
DEADBEEF
DEADBEEF
DEADBEEF
DEADBEEF
DEADBEEF
DEADBEEF
DEADBEEF
DEADBEEF
DEADBEEF
DEADBEEF
DEADBEEF
DEADBEEF
DEADBEEF
DEADBEEF
DEADBEEF
DEADBEEF
DEADBEEF
DEADBEEF
DEADBEEF
DEADBEEF
DEADBEEF
DEADBEEF
DEADBEEF
DEADBEEF
DEADBEEF
DEADBEEF
DEADBEEF
DEADBEEF
DEADBEEF
DEADBEEF
DEADBEEF
DEADBEEF
DEADBEEF
DEADBEEF
DEADBEEF
DEADBEEF
DEADBEEF
DEADBEEF
DEADBEEF
DEADBEEF
DEADBEEF
DEADBEEF
DEADBEEF
DEADBEEF
DEADBEEF
DEADBEEF
DEADBEEF
DEADBEEF
DEADBEEF
DEADBEEF
DEADBEEF
DEADBEEF
DEADBEEF
DEADBEEF
DEADBEEF
DEADBEEF
DEADBEEF
DEADBEEF
DEADBEEF
DEADBEEF
DEADBEEF
DEADBEEF
DEADBEEF
DEADBEEF
DEADBEEF
DEADBEEF
DEADBEEF
DEADBEEF
DEADBEEF
DEADBEEF
DEADBEEF
DEADBEEF
DEADBEEF
DEADBEEF
DEADBEEF
DEADBEEF
DEADBEEF
DEADBEEF
DEADBEEF
DEADBEEF
DEADBEEF
DEADBEEF
DEADBEEF
DEADBEEF
DEADBEEF
DEADBEEF
DEADBEEF
DEADBEEF
DEADBEEF
DEADBEEF
DEADBEEF
DEADBEEF
DEADBEEF
DEADBEEF
DEADBEEF
DEADBEEF
DEADBEEF
DEADBEEF
DEADBEEF
DEADBEEF
DEADBEEF
DEADBEEF
DEADBEEF
DEADBEEF
DEADBEEF
DEADBEEF
DEADBEEF
DEADBEEF
DEADBEEF
DEADBEEF
DEADBEEF
DEADBEEF
DEADBEEF
DEADBEEF
DEADBEEF
DEADBEEF
DEADBEEF
DEADBEEF
DEADBEEF
DEADBEEF
DEADBEEF
DEADBEEF
DEADBEEF
DEADBEEF
DEADBEEF
DEADBEEF
DEADBEEF
DEADBEEF
DEADBEEF
DEADBEEF
DEADBEEF
DEADBEEF
DEADBEEF
DEADBEEF
DEADBEEF
DEADBEEF
DEADBEEF
DEADBEEF
DEADBEEF
DEADBEEF
DEADBEEF
DEADBEEF
DEADBEEF
DEADBEEF
DEADBEEF
DEADBEEF
DEADBEEF
DEADBEEF
DEADBEEF
DEADBEEF
DEADBEEF
DEADBEEF
DEADBEEF
DEADBEEF
DEADBEEF
DEADBEEF
DEADBEEF
DEADBEEF
DEADBEEF
DEADBEEF
DEADBEEF
DEADBEEF
DEADBEEF
DEADBEEF
DEADBEEF
DEADBEEF
DEADBEEF
DEADBEEF
DEADBEEF
DEADBEEF
DEADBEEF
DEADBEEF
DEADBEEF
DEADBEEF
DEADBEEF
DEADBEEF
DEADBEEF
DEADBEEF
DEADBEEF
DEADBEEF
DEADBEEF
DEADBEEF
DEADBEEF
DEADBEEF
DEADBEEF
DEADBEEF
DEADBEEF
DEADBEEF
DEADBEEF
DEADBEEF
DEADBEEF
DEADBEEF
DEADBEEF
DEADBEEF
DEADBEEF
DEADBEEF
DEADBEEF
DEADBEEF
DEADBEEF
DEADBEEF
DEADBEEF
DEADBEEF
DEADBEEF
DEADBEEF
DEADBEEF
DEADBEEF
DEADBEEF
DEADBEEF
DEADBEEF
DEADBEEF
DEADBEEF
DEADBEEF
DEADBEEF
DEADBEEF
DEADBEEF
DEADBEEF
DEADBEEF
DEADBEEF
DEADBEEF
DEADBEEF
DEADBEEF
DEADBEEF
DEADBEEF
DEADBEEF
DEADBEEF
DEADBEEF
DEADBEEF
DEADBEEF
DEADBEEF
DEADBEEF
DEADBEEF
DEADBEEF
DEADBEEF
DEADBEEF
DEADBEEF
DEADBEEF
DEADBEEF
DEADBEEF
DEADBEEF
DEADBEEF
DEADBEEF
DEADBEEF
DEADBEEF
DEADBEEF
DEADBEEF
DEADBEEF
DEADBEEF
DEADBEEF
DEADBEEF
DEADBEEF
DEADBEEF
DEADBEEF
DEADBEEF
DEADBEEF
DEADBEEF
DEADBEEF
DEADBEEF
DEADBEEF
DEADBEEF
DEADBEEF
DEADBEEF
DEADBEEF
DEADBEEF
DEADBEEF
DEADBEEF
DEADBEEF
DEADBEEF
DEADBEEF
DEADBEEF
DEADBEEF
DEADBEEF
DEADBEEF
DEADBEEF
DEADBEEF
DEADBEEF
DEADBEEF
DEADBEEF
DEADBEEF
DEADBEEF
DEADBEEF
DEADBEEF
DEADBEEF
DEADBEEF
DEADBEEF
DEADBEEF
DEADBEEF
DEADBEEF
DEADBEEF
DEADBEEF
DEADBEEF
DEADBEEF
DEADBEEF
DEADBEEF
DEADBEEF
DEADBEEF
DEADBEEF
DEADBEEF
DEADBEEF
DEADBEEF
DEADBEEF
DEADBEEF
DEADBEEF
DEADBEEF
DEADBEEF
DEADBEEF
DEADBEEF
DEADBEEF
DEADBEEF
DEADBEEF
DEADBEEF
DEADBEEF
DEADBEEF
DEADBEEF
DEADBEEF
DEADBEEF
DEADBEEF
DEADBEEF
DEADBEEF
DEADBEEF
DEADBEEF
DEADBEEF
DEADBEEF
DEADBEEF
DEADBEEF
DEADBEEF
DEADBEEF
DEADBEEF
DEADBEEF
DEADBEEF
DEADBEEF
DEADBEEF
DEADBEEF
DEADBEEF
DEADBEEF
DEADBEEF
DEADBEEF
DEADBEEF
DEADBEEF
DEADBEEF
DEADBEEF
DEADBEEF
DEADBEEF
DEADBEEF
DEADBEEF
DEADBEEF
DEADBEEF
DEADBEEF
DEADBEEF
DEADBEEF
DEADBEEF
DEADBEEF
DEADBEEF
DEADBEEF
DEADBEEF
DEADBEEF
DEADBEEF
DEADBEEF
DEADBEEF
DEADBEEF
DEADBEEF
DEADBEEF
DEADBEEF
DEADBEEF
DEADBEEF
DEADBEEF
DEADBEEF
DEADBEEF
DEADBEEF
DEADBEEF
DEADBEEF
DEADBEEF
DEADBEEF
DEADBEEF
DEADBEEF
DEADBEEF
DEADBEEF
DEADBEEF
DEADBEEF
DEADBEEF
DEADBEEF
DEADBEEF
DEADBEEF
DEADBEEF
DEADBEEF
DEADBEEF
DEADBEEF
DEADBEEF
DEADBEEF
DEADBEEF
DEADBEEF
DEADBEEF
DEADBEEF
DEADBEEF
DEADBEEF
DEADBEEF
DEADBEEF
DEADBEEF
DEADBEEF
DEADBEEF
DEADBEEF
DEADBEEF
DEADBEEF
DEADBEEF
DEADBEEF
DEADBEEF
DEADBEEF
DEADBEEF
DEADBEEF
DEADBEEF
DEADBEEF
DEADBEEF
DEADBEEF
DEADBEEF
DEADBEEF
DEADBEEF
DEADBEEF
DEADBEEF
DEADBEEF
DEADBEEF
DEADBEEF
DEADBEEF
DEADBEEF
DEADBEEF
DEADBEEF
DEADBEEF
DEADBEEF
DEADBEEF
DEADBEEF
DEADBEEF
DEADBEEF
DEADBEEF
DEADBEEF
DEADBEEF
DEADBEEF
DEADBEEF
DEADBEEF
DEADBEEF
DEADBEEF
DEADBEEF
DEADBEEF
DEADBEEF
DEADBEEF
DEADBEEF
DEADBEEF
DEADBEEF
DEADBEEF
DEADBEEF
DEADBEEF
DEADBEEF
DEADBEEF
DEADBEEF
DEADBEEF
DEADBEEF
DEADBEEF
DEADBEEF
DEADBEEF
DEADBEEF
DEADBEEF
DEADBEEF
DEADBEEF
DEADBEEF
DEADBEEF
DEADBEEF
DEADBEEF
DEADBEEF
DEADBEEF
DEADBEEF
DEADBEEF
DEADBEEF
DEADBEEF
DEADBEEF
DEADBEEF
DEADBEEF
DEADBEEF
DEADBEEF
DEADBEEF
DEADBEEF
DEADBEEF
DEADBEEF
DEADBEEF
DEADBEEF
DEADBEEF
DEADBEEF
DEADBEEF
DEADBEEF
DEADBEEF
DEADBEEF
DEADBEEF
DEADBEEF
DEADBEEF
DEADBEEF
DEADBEEF
DEADBEEF
DEADBEEF
DEADBEEF
DEADBEEF
DEADBEEF
DEADBEEF
DEADBEEF
DEADBEEF
DEADBEEF
DEADBEEF
DEADBEEF
DEADBEEF
DEADBEEF
DEADBEEF
DEADBEEF
DEADBEEF
DEADBEEF
DEADBEEF
DEADBEEF
DEADBEEF
DEADBEEF
DEADBEEF
DEADBEEF
DEADBEEF
DEADBEEF
DEADBEEF
DEADBEEF
DEADBEEF
DEADBEEF
DEADBEEF
DEADBEEF
DEADBEEF
DEADBEEF
DEADBEEF
DEADBEEF
DEADBEEF
DEADBEEF
DEADBEEF
DEADBEEF
DEADBEEF
DEADBEEF
DEADBEEF
DEADBEEF
DEADBEEF
DEADBEEF
DEADBEEF
DEADBEEF
DEADBEEF
DEADBEEF
DEADBEEF
DEADBEEF
DEADBEEF
DEADBEEF
DEADBEEF
DEADBEEF
DEADBEEF
DEADBEEF
DEADBEEF
DEADBEEF
DEADBEEF
DEADBEEF
DEADBEEF
DEADBEEF
DEADBEEF
DEADBEEF
DEADBEEF
DEADBEEF
DEADBEEF
DEADBEEF
DEADBEEF
DEADBEEF
DEADBEEF
DEADBEEF
DEADBEEF
DEADBEEF
DEADBEEF
DEADBEEF
DEADBEEF
DEADBEEF
DEADBEEF
DEADBEEF
DEADBEEF
DEADBEEF
DEADBEEF
DEADBEEF
DEADBEEF
DEADBEEF
DEADBEEF
DEADBEEF
DEADBEEF
DEADBEEF
DEADBEEF
DEADBEEF
DEADBEEF
DEADBEEF
DEADBEEF
DEADBEEF
DEADBEEF
DEADBEEF
DEADBEEF
DEADBEEF
DEADBEEF
DEADBEEF
DEADBEEF
DEADBEEF
DEADBEEF
DEADBEEF
DEADBEEF
DEADBEEF
DEADBEEF
DEADBEEF
DEADBEEF
DEADBEEF
DEADBEEF
DEADBEEF
DEADBEEF
DEADBEEF
DEADBEEF
DEADBEEF
DEADBEEF
DEADBEEF
DEADBEEF
DEADBEEF
DEADBEEF
DEADBEEF
DEADBEEF
DEADBEEF
DEADBEEF
DEADBEEF
DEADBEEF
DEADBEEF
DEADBEEF
DEADBEEF
DEADBEEF
DEADBEEF
DEADBEEF
DEADBEEF
DEADBEEF
DEADBEEF
DEADBEEF
DEADBEEF
DEADBEEF
DEADBEEF
DEADBEEF
DEADBEEF
DEADBEEF
DEADBEEF
DEADBEEF
DEADBEEF
DEADBEEF
DEADBEEF
DEADBEEF
DEADBEEF
DEADBEEF
DEADBEEF
DEADBEEF
DEADBEEF
DEADBEEF
DEADBEEF
DEADBEEF
DEADBEEF
DEADBEEF
DEADBEEF
DEADBEEF
DEADBEEF
DEADBEEF
DEADBEEF
DEADBEEF
DEADBEEF
DEADBEEF
DEADBEEF
DEADBEEF
DEADBEEF
DEADBEEF
DEADBEEF
DEADBEEF
DEADBEEF
DEADBEEF
DEADBEEF
DEADBEEF
DEADBEEF
DEADBEEF
DEADBEEF
DEADBEEF
DEADBEEF
DEADBEEF
DEADBEEF
DEADBEEF
DEADBEEF
DEADBEEF
DEADBEEF
DEADBEEF
DEADBEEF
DEADBEEF
DEADBEEF
DEADBEEF
DEADBEEF
DEADBEEF
DEADBEEF
DEADBEEF
DEADBEEF
DEADBEEF
DEADBEEF
DEADBEEF
DEADBEEF
DEADBEEF
DEADBEEF
DEADBEEF
DEADBEEF
DEADBEEF
DEADBEEF
DEADBEEF
DEADBEEF
DEADBEEF
DEADBEEF
DEADBEEF
DEADBEEF
DEADBEEF
DEADBEEF
DEADBEEF
DEADBEEF
DEADBEEF
DEADBEEF
DEADBEEF
DEADBEEF
DEADBEEF
DEADBEEF
DEADBEEF
DEADBEEF
DEADBEEF
DEADBEEF
DEADBEEF
DEADBEEF
DEADBEEF
DEADBEEF
DEADBEEF
DEADBEEF
DEADBEEF
DEADBEEF
DEADBEEF
DEADBEEF
DEADBEEF
DEADBEEF
DEADBEEF
DEADBEEF
DEADBEEF
DEADBEEF
DEADBEEF
DEADBEEF
DEADBEEF
DEADBEEF
DEADBEEF
DEADBEEF
DEADBEEF
DEADBEEF
DEADBEEF
DEADBEEF
DEADBEEF
DEADBEEF
DEADBEEF
DEADBEEF
DEADBEEF
DEADBEEF
DEADBEEF
DEADBEEF
DEADBEEF
DEADBEEF
DEADBEEF
DEADBEEF
DEADBEEF
DEADBEEF
DEADBEEF
DEADBEEF
DEADBEEF
DEADBEEF
DEADBEEF
DEADBEEF
DEADBEEF
DEADBEEF
DEADBEEF
DEADBEEF
DEADBEEF
DEADBEEF
DEADBEEF
DEADBEEF
DEADBEEF
DEADBEEF
DEADBEEF
DEADBEEF
DEADBEEF
DEADBEEF
DEADBEEF
DEADBEEF
DEADBEEF
DEADBEEF
DEADBEEF
DEADBEEF
DEADBEEF
DEADBEEF
DEADBEEF
DEADBEEF
DEADBEEF
DEADBEEF
DEADBEEF
DEADBEEF
DEADBEEF
DEADBEEF
DEADBEEF
DEADBEEF
DEADBEEF
DEADBEEF
DEADBEEF
DEADBEEF
DEADBEEF
DEADBEEF
DEADBEEF
DEADBEEF
DEADBEEF
DEADBEEF
DEADBEEF
DEADBEEF
DEADBEEF
DEADBEEF
DEADBEEF
DEADBEEF
DEADBEEF
DEADBEEF
DEADBEEF
DEADBEEF
DEADBEEF
DEADBEEF
DEADBEEF
DEADBEEF
DEADBEEF
DEADBEEF
DEADBEEF
DEADBEEF
DEADBEEF
DEADBEEF
DEADBEEF
DEADBEEF
DEADBEEF
DEADBEEF
DEADBEEF
DEADBEEF
DEADBEEF
DEADBEEF
DEADBEEF
DEADBEEF
DEADBEEF
DEADBEEF
DEADBEEF
DEADBEEF
DEADBEEF
DEADBEEF
DEADBEEF
DEADBEEF
DEADBEEF
DEADBEEF
DEADBEEF
DEADBEEF
DEADBEEF
DEADBEEF
DEADBEEF
DEADBEEF
DEADBEEF
DEADBEEF
DEADBEEF
DEADBEEF
DEADBEEF
DEADBEEF
DEADBEEF
DEADBEEF
DEADBEEF
DEADBEEF
DEADBEEF
DEADBEEF
DEADBEEF
DEADBEEF
DEADBEEF
DEADBEEF
DEADBEEF
DEADBEEF
DEADBEEF
DEADBEEF
DEADBEEF
DEADBEEF
DEADBEEF
DEADBEEF
DEADBEEF
DEADBEEF
DEADBEEF
DEADBEEF
DEADBEEF
DEADBEEF
DEADBEEF
DEADBEEF
DEADBEEF
DEADBEEF
DEADBEEF
DEADBEEF
DEADBEEF
DEADBEEF
DEADBEEF
DEADBEEF
DEADBEEF
DEADBEEF
DEADBEEF
DEADBEEF
DEADBEEF
DEADBEEF
DEADBEEF
DEADBEEF
DEADBEEF
DEADBEEF
DEADBEEF
DEADBEEF
DEADBEEF
DEADBEEF
DEADBEEF
DEADBEEF
DEADBEEF
DEADBEEF
DEADBEEF
DEADBEEF
DEADBEEF
DEADBEEF
DEADBEEF
DEADBEEF
DEADBEEF
DEADBEEF
DEADBEEF
DEADBEEF
DEADBEEF
DEADBEEF
DEADBEEF
DEADBEEF
DEADBEEF
DEADBEEF
DEADBEEF
DEADBEEF
DEADBEEF
DEADBEEF
DEADBEEF
DEADBEEF
DEADBEEF
DEADBEEF
DEADBEEF
DEADBEEF
DEADBEEF
DEADBEEF
DEADBEEF
DEADBEEF
DEADBEEF
DEADBEEF
DEADBEEF
DEADBEEF
DEADBEEF
DEADBEEF
DEADBEEF
DEADBEEF
DEADBEEF
DEADBEEF
DEADBEEF
DEADBEEF
DEADBEEF
DEADBEEF
DEADBEEF
DEADBEEF
DEADBEEF
DEADBEEF
DEADBEEF
DEADBEEF
DEADBEEF
DEADBEEF
DEADBEEF
DEADBEEF
DEADBEEF
DEADBEEF
DEADBEEF
DEADBEEF
DEADBEEF
DEADBEEF
DEADBEEF
DEADBEEF
DEADBEEF
DEADBEEF
DEADBEEF
DEADBEEF
DEADBEEF
DEADBEEF
DEADBEEF
DEADBEEF
DEADBEEF
DEADBEEF
DEADBEEF
DEADBEEF
DEADBEEF
DEADBEEF
DEADBEEF
DEADBEEF
DEADBEEF
DEADBEEF
DEADBEEF
DEADBEEF
DEADBEEF
DEADBEEF
DEADBEEF
DEADBEEF
DEADBEEF
DEADBEEF
DEADBEEF
DEADBEEF
DEADBEEF
DEADBEEF
DEADBEEF
DEADBEEF
DEADBEEF
DEADBEEF
DEADBEEF
DEADBEEF
DEADBEEF
DEADBEEF
DEADBEEF
DEADBEEF
DEADBEEF
DEADBEEF
DEADBEEF
DEADBEEF
DEADBEEF
DEADBEEF
DEADBEEF
DEADBEEF
DEADBEEF
DEADBEEF
DEADBEEF
DEADBEEF
DEADBEEF
DEADBEEF
DEADBEEF
DEADBEEF
DEADBEEF
DEADBEEF
DEADBEEF
DEADBEEF
DEADBEEF
DEADBEEF
DEADBEEF
DEADBEEF
DEADBEEF
DEADBEEF
DEADBEEF
DEADBEEF
DEADBEEF
DEADBEEF
DEADBEEF
DEADBEEF
DEADBEEF
DEADBEEF
DEADBEEF
DEADBEEF
DEADBEEF
DEADBEEF
DEADBEEF
DEADBEEF
DEADBEEF
DEADBEEF
DEADBEEF
DEADBEEF
DEADBEEF
DEADBEEF
DEADBEEF
DEADBEEF
DEADBEEF
DEADBEEF
DEADBEEF
DEADBEEF
DEADBEEF
DEADBEEF
DEADBEEF
DEADBEEF
DEADBEEF
DEADBEEF
DEADBEEF
DEADBEEF
DEADBEEF
DEADBEEF
DEADBEEF
DEADBEEF
DEADBEEF
DEADBEEF
DEADBEEF
DEADBEEF
DEADBEEF
DEADBEEF
DEADBEEF
DEADBEEF
DEADBEEF
DEADBEEF
DEADBEEF
DEADBEEF
DEADBEEF
DEADBEEF
DEADBEEF
DEADBEEF
DEADBEEF
DEADBEEF
DEADBEEF
DEADBEEF
DEADBEEF
DEADBEEF
DEADBEEF
DEADBEEF
DEADBEEF
DEADBEEF
DEADBEEF
DEADBEEF
DEADBEEF
DEADBEEF
DEADBEEF
DEADBEEF
DEADBEEF
DEADBEEF
DEADBEEF
DEADBEEF
DEADBEEF
DEADBEEF
DEADBEEF
DEADBEEF
DEADBEEF
DEADBEEF
DEADBEEF
DEADBEEF
DEADBEEF
DEADBEEF
DEADBEEF
DEADBEEF
DEADBEEF
DEADBEEF
DEADBEEF
DEADBEEF
DEADBEEF
DEADBEEF
DEADBEEF
DEADBEEF
DEADBEEF
DEADBEEF
DEADBEEF
DEADBEEF
DEADBEEF
DEADBEEF
DEADBEEF
DEADBEEF
DEADBEEF
DEADBEEF
DEADBEEF
DEADBEEF
DEADBEEF
DEADBEEF
DEADBEEF
DEADBEEF
DEADBEEF
DEADBEEF
DEADBEEF
DEADBEEF
DEADBEEF
DEADBEEF
DEADBEEF
DEADBEEF
DEADBEEF
DEADBEEF
DEADBEEF
DEADBEEF
DEADBEEF
DEADBEEF
DEADBEEF
DEADBEEF
DEADBEEF
DEADBEEF
DEADBEEF
DEADBEEF
DEADBEEF
DEADBEEF
DEADBEEF
DEADBEEF
DEADBEEF
DEADBEEF
DEADBEEF
DEADBEEF
DEADBEEF
DEADBEEF
DEADBEEF
DEADBEEF
DEADBEEF
DEADBEEF
DEADBEEF
DEADBEEF
DEADBEEF
DEADBEEF
DEADBEEF
DEADBEEF
DEADBEEF
DEADBEEF
DEADBEEF
DEADBEEF
DEADBEEF
DEADBEEF
DEADBEEF
DEADBEEF
DEADBEEF
DEADBEEF
DEADBEEF
DEADBEEF
DEADBEEF
DEADBEEF
DEADBEEF
DEADBEEF
DEADBEEF
DEADBEEF
DEADBEEF
DEADBEEF
DEADBEEF
DEADBEEF
DEADBEEF
DEADBEEF
DEADBEEF
DEADBEEF
DEADBEEF
DEADBEEF
DEADBEEF
DEADBEEF
DEADBEEF
DEADBEEF
DEADBEEF
DEADBEEF
DEADBEEF
DEADBEEF
DEADBEEF
DEADBEEF
DEADBEEF
DEADBEEF
DEADBEEF
DEADBEEF
DEADBEEF
DEADBEEF
DEADBEEF
DEADBEEF
DEADBEEF
DEADBEEF
DEADBEEF
DEADBEEF
DEADBEEF
DEADBEEF
DEADBEEF
DEADBEEF
DEADBEEF
DEADBEEF
DEADBEEF
DEADBEEF
DEADBEEF
DEADBEEF
DEADBEEF
DEADBEEF
DEADBEEF
DEADBEEF
DEADBEEF
DEADBEEF
DEADBEEF
DEADBEEF
DEADBEEF
DEADBEEF
DEADBEEF
DEADBEEF
DEADBEEF
DEADBEEF
DEADBEEF
DEADBEEF
DEADBEEF
DEADBEEF
DEADBEEF
DEADBEEF
DEADBEEF
DEADBEEF
DEADBEEF
DEADBEEF
DEADBEEF
DEADBEEF
DEADBEEF
DEADBEEF
DEADBEEF
DEADBEEF
DEADBEEF
DEADBEEF
DEADBEEF
DEADBEEF
DEADBEEF
DEADBEEF
DEADBEEF
DEADBEEF
DEADBEEF
DEADBEEF
DEADBEEF
DEADBEEF
DEADBEEF
DEADBEEF
DEADBEEF
DEADBEEF
DEADBEEF
DEADBEEF
DEADBEEF
DEADBEEF
DEADBEEF
DEADBEEF
DEADBEEF
DEADBEEF
DEADBEEF
DEADBEEF
DEADBEEF
DEADBEEF
DEADBEEF
DEADBEEF
DEADBEEF
DEADBEEF
DEADBEEF
DEADBEEF
DEADBEEF
DEADBEEF
DEADBEEF
DEADBEEF
DEADBEEF
DEADBEEF
DEADBEEF
DEADBEEF
DEADBEEF
DEADBEEF
DEADBEEF
DEADBEEF
DEADBEEF
DEADBEEF
DEADBEEF
DEADBEEF
DEADBEEF
DEADBEEF
DEADBEEF
DEADBEEF
DEADBEEF
DEADBEEF
DEADBEEF
DEADBEEF
DEADBEEF
DEADBEEF
DEADBEEF
DEADBEEF
DEADBEEF
DEADBEEF
DEADBEEF
DEADBEEF
DEADBEEF
DEADBEEF
DEADBEEF
DEADBEEF
DEADBEEF
DEADBEEF
DEADBEEF
DEADBEEF
DEADBEEF
DEADBEEF
DEADBEEF
DEADBEEF
DEADBEEF
DEADBEEF
DEADBEEF
DEADBEEF
DEADBEEF
DEADBEEF
DEADBEEF
DEADBEEF
DEADBEEF
DEADBEEF
DEADBEEF
DEADBEEF
DEADBEEF
DEADBEEF
DEADBEEF
DEADBEEF
DEADBEEF
DEADBEEF
DEADBEEF
DEADBEEF
DEADBEEF
DEADBEEF
DEADBEEF
DEADBEEF
DEADBEEF
DEADBEEF
DEADBEEF
DEADBEEF
DEADBEEF
DEADBEEF
DEADBEEF
DEADBEEF
DEADBEEF
DEADBEEF
DEADBEEF
DEADBEEF
DEADBEEF
DEADBEEF
DEADBEEF
DEADBEEF
DEADBEEF
DEADBEEF
DEADBEEF
DEADBEEF
DEADBEEF
DEADBEEF
DEADBEEF
DEADBEEF
DEADBEEF
DEADBEEF
DEADBEEF
DEADBEEF
DEADBEEF
DEADBEEF
DEADBEEF
DEADBEEF
DEADBEEF
DEADBEEF
DEADBEEF
DEADBEEF
DEADBEEF
DEADBEEF
DEADBEEF
DEADBEEF
DEADBEEF
DEADBEEF
DEADBEEF
DEADBEEF
DEADBEEF
DEADBEEF
DEADBEEF
DEADBEEF
DEADBEEF
DEADBEEF
DEADBEEF
DEADBEEF
DEADBEEF
DEADBEEF
DEADBEEF
DEADBEEF
DEADBEEF
DEADBEEF
DEADBEEF
DEADBEEF
DEADBEEF
DEADBEEF
DEADBEEF
DEADBEEF
DEADBEEF
DEADBEEF
DEADBEEF
DEADBEEF
DEADBEEF
DEADBEEF
DEADBEEF
DEADBEEF
DEADBEEF
DEADBEEF
DEADBEEF
DEADBEEF
DEADBEEF
DEADBEEF
DEADBEEF
DEADBEEF
DEADBEEF
DEADBEEF
DEADBEEF
DEADBEEF
DEADBEEF
DEADBEEF
DEADBEEF
DEADBEEF
DEADBEEF
DEADBEEF
DEADBEEF
DEADBEEF
DEADBEEF
DEADBEEF
DEADBEEF
DEADBEEF
DEADBEEF
DEADBEEF
DEADBEEF
DEADBEEF
DEADBEEF
DEADBEEF
DEADBEEF
DEADBEEF
DEADBEEF
DEADBEEF
DEADBEEF
DEADBEEF
DEADBEEF
DEADBEEF
DEADBEEF
DEADBEEF
DEADBEEF
DEADBEEF
DEADBEEF
DEADBEEF
DEADBEEF
DEADBEEF
DEADBEEF
DEADBEEF
DEADBEEF
DEADBEEF
DEADBEEF
DEADBEEF
DEADBEEF
DEADBEEF
DEADBEEF
DEADBEEF
DEADBEEF
DEADBEEF
DEADBEEF
DEADBEEF
DEADBEEF
DEADBEEF
DEADBEEF
DEADBEEF
DEADBEEF
DEADBEEF
DEADBEEF
DEADBEEF
DEADBEEF
DEADBEEF
DEADBEEF
DEADBEEF
DEADBEEF
DEADBEEF
DEADBEEF
DEADBEEF
DEADBEEF
DEADBEEF
DEADBEEF
DEADBEEF
DEADBEEF
DEADBEEF
DEADBEEF
DEADBEEF
DEADBEEF
DEADBEEF
DEADBEEF
DEADBEEF
DEADBEEF
DEADBEEF
DEADBEEF
DEADBEEF
DEADBEEF
DEADBEEF
DEADBEEF
DEADBEEF
DEADBEEF
DEADBEEF
DEADBEEF
DEADBEEF
DEADBEEF
DEADBEEF
DEADBEEF
DEADBEEF
DEADBEEF
DEADBEEF
DEADBEEF
DEADBEEF
DEADBEEF
DEADBEEF
DEADBEEF
DEADBEEF
DEADBEEF
DEADBEEF
DEADBEEF
DEADBEEF
DEADBEEF
DEADBEEF
DEADBEEF
DEADBEEF
DEADBEEF
DEADBEEF
DEADBEEF
DEADBEEF
DEADBEEF
DEADBEEF
DEADBEEF
DEADBEEF
DEADBEEF
DEADBEEF
DEADBEEF
DEADBEEF
DEADBEEF
DEADBEEF
DEADBEEF
DEADBEEF
DEADBEEF
DEADBEEF
DEADBEEF
DEADBEEF
DEADBEEF
DEADBEEF
DEADBEEF
DEADBEEF
DEADBEEF
DEADBEEF
DEADBEEF
DEADBEEF
DEADBEEF
DEADBEEF
DEADBEEF
DEADBEEF
DEADBEEF
DEADBEEF
DEADBEEF
DEADBEEF
DEADBEEF
DEADBEEF
DEADBEEF
DEADBEEF
DEADBEEF
DEADBEEF
DEADBEEF
DEADBEEF
DEADBEEF
DEADBEEF
DEADBEEF
DEADBEEF
DEADBEEF
DEADBEEF
DEADBEEF
DEADBEEF
DEADBEEF
DEADBEEF
DEADBEEF
DEADBEEF
DEADBEEF
DEADBEEF
DEADBEEF
DEADBEEF
DEADBEEF
DEADBEEF
DEADBEEF
DEADBEEF
DEADBEEF
DEADBEEF
DEADBEEF
DEADBEEF
DEADBEEF
DEADBEEF
DEADBEEF
DEADBEEF
DEADBEEF
DEADBEEF
DEADBEEF
DEADBEEF
DEADBEEF
DEADBEEF
DEADBEEF
DEADBEEF
DEADBEEF
DEADBEEF
DEADBEEF
DEADBEEF
DEADBEEF
DEADBEEF
DEADBEEF
DEADBEEF
DEADBEEF
DEADBEEF
DEADBEEF
DEADBEEF
DEADBEEF
DEADBEEF
DEADBEEF
DEADBEEF
DEADBEEF
DEADBEEF
DEADBEEF
DEADBEEF
DEADBEEF
DEADBEEF
DEADBEEF
DEADBEEF
DEADBEEF
DEADBEEF
DEADBEEF
DEADBEEF
DEADBEEF
DEADBEEF
DEADBEEF
DEADBEEF
DEADBEEF
DEADBEEF
DEADBEEF
DEADBEEF
DEADBEEF
DEADBEEF
DEADBEEF
DEADBEEF
DEADBEEF
DEADBEEF
DEADBEEF
DEADBEEF
DEADBEEF
DEADBEEF
DEADBEEF
DEADBEEF
DEADBEEF
DEADBEEF
DEADBEEF
DEADBEEF
DEADBEEF
DEADBEEF
DEADBEEF
DEADBEEF
DEADBEEF
DEADBEEF
DEADBEEF
DEADBEEF
DEADBEEF
DEADBEEF
DEADBEEF
DEADBEEF
DEADBEEF
DEADBEEF
DEADBEEF
DEADBEEF
DEADBEEF
DEADBEEF
DEADBEEF
DEADBEEF
DEADBEEF
DEADBEEF
DEADBEEF
DEADBEEF
DEADBEEF
DEADBEEF
DEADBEEF
DEADBEEF
DEADBEEF
DEADBEEF
DEADBEEF
DEADBEEF
DEADBEEF
DEADBEEF
DEADBEEF
DEADBEEF
DEADBEEF
DEADBEEF
DEADBEEF
DEADBEEF
DEADBEEF
DEADBEEF
DEADBEEF
DEADBEEF
DEADBEEF
DEADBEEF
DEADBEEF
DEADBEEF
DEADBEEF
DEADBEEF
DEADBEEF
DEADBEEF
DEADBEEF
DEADBEEF
DEADBEEF
DEADBEEF
DEADBEEF
DEADBEEF
DEADBEEF
DEADBEEF
DEADBEEF
DEADBEEF
DEADBEEF
DEADBEEF
DEADBEEF
DEADBEEF
DEADBEEF
DEADBEEF
DEADBEEF
DEADBEEF
DEADBEEF
DEADBEEF
DEADBEEF
DEADBEEF
DEADBEEF
DEADBEEF
DEADBEEF
DEADBEEF
DEADBEEF
DEADBEEF
DEADBEEF
DEADBEEF
DEADBEEF
DEADBEEF
DEADBEEF
DEADBEEF
DEADBEEF
DEADBEEF
DEADBEEF
DEADBEEF
DEADBEEF
DEADBEEF
DEADBEEF
DEADBEEF
DEADBEEF
DEADBEEF
DEADBEEF
DEADBEEF
DEADBEEF
DEADBEEF
DEADBEEF
DEADBEEF
DEADBEEF
DEADBEEF
DEADBEEF
DEADBEEF
DEADBEEF
DEADBEEF
DEADBEEF
DEADBEEF
DEADBEEF
DEADBEEF
DEADBEEF
DEADBEEF
DEADBEEF
DEADBEEF
DEADBEEF
DEADBEEF
DEADBEEF
DEADBEEF
DEADBEEF
DEADBEEF
DEADBEEF
DEADBEEF
DEADBEEF
DEADBEEF
DEADBEEF
DEADBEEF
DEADBEEF
DEADBEEF
DEADBEEF
DEADBEEF
DEADBEEF
DEADBEEF
DEADBEEF
DEADBEEF
DEADBEEF
DEADBEEF
DEADBEEF
DEADBEEF
DEADBEEF
DEADBEEF
DEADBEEF
DEADBEEF
DEADBEEF
DEADBEEF
DEADBEEF
DEADBEEF
DEADBEEF
DEADBEEF
DEADBEEF
DEADBEEF
DEADBEEF
DEADBEEF
DEADBEEF
DEADBEEF
DEADBEEF
DEADBEEF
DEADBEEF
DEADBEEF
DEADBEEF
DEADBEEF
DEADBEEF
DEADBEEF
DEADBEEF
DEADBEEF
DEADBEEF
DEADBEEF
DEADBEEF
DEADBEEF
DEADBEEF
DEADBEEF
DEADBEEF
DEADBEEF
DEADBEEF
DEADBEEF
DEADBEEF
DEADBEEF
DEADBEEF
DEADBEEF
DEADBEEF
DEADBEEF
DEADBEEF
DEADBEEF
DEADBEEF
DEADBEEF
DEADBEEF
DEADBEEF
DEADBEEF
DEADBEEF
DEADBEEF
DEADBEEF
DEADBEEF
DEADBEEF
DEADBEEF
DEADBEEF
DEADBEEF
DEADBEEF
DEADBEEF
DEADBEEF
DEADBEEF
DEADBEEF
DEADBEEF
DEADBEEF
DEADBEEF
DEADBEEF
DEADBEEF
DEADBEEF
DEADBEEF
DEADBEEF
DEADBEEF
DEADBEEF
DEADBEEF
DEADBEEF
DEADBEEF
DEADBEEF
DEADBEEF
DEADBEEF
DEADBEEF
DEADBEEF
DEADBEEF
DEADBEEF
DEADBEEF
DEADBEEF
DEADBEEF
DEADBEEF
DEADBEEF
DEADBEEF
DEADBEEF
DEADBEEF
DEADBEEF
DEADBEEF
DEADBEEF
DEADBEEF
DEADBEEF
DEADBEEF
DEADBEEF
DEADBEEF
DEADBEEF
DEADBEEF
DEADBEEF
DEADBEEF
DEADBEEF
DEADBEEF
DEADBEEF
DEADBEEF
DEADBEEF
DEADBEEF
DEADBEEF
DEADBEEF
DEADBEEF
DEADBEEF
DEADBEEF
DEADBEEF
DEADBEEF
DEADBEEF
DEADBEEF
DEADBEEF
DEADBEEF
DEADBEEF
DEADBEEF
DEADBEEF
DEADBEEF
DEADBEEF
DEADBEEF
DEADBEEF
DEADBEEF
DEADBEEF
DEADBEEF
DEADBEEF
DEADBEEF
DEADBEEF
DEADBEEF
DEADBEEF
DEADBEEF
DEADBEEF
DEADBEEF
DEADBEEF
DEADBEEF
DEADBEEF
DEADBEEF
DEADBEEF
DEADBEEF
DEADBEEF
DEADBEEF
DEADBEEF
DEADBEEF
DEADBEEF
DEADBEEF
DEADBEEF
DEADBEEF
DEADBEEF
DEADBEEF
DEADBEEF
DEADBEEF
DEADBEEF
DEADBEEF
DEADBEEF
DEADBEEF
DEADBEEF
DEADBEEF
DEADBEEF
DEADBEEF
DEADBEEF
DEADBEEF
DEADBEEF
DEADBEEF
DEADBEEF
DEADBEEF
DEADBEEF
DEADBEEF
DEADBEEF
DEADBEEF
DEADBEEF
DEADBEEF
DEADBEEF
DEADBEEF
DEADBEEF
DEADBEEF
DEADBEEF
DEADBEEF
DEADBEEF
DEADBEEF
DEADBEEF
DEADBEEF
DEADBEEF
DEADBEEF
DEADBEEF
DEADBEEF
DEADBEEF
DEADBEEF
DEADBEEF
DEADBEEF
DEADBEEF
DEADBEEF
DEADBEEF
DEADBEEF
DEADBEEF
DEADBEEF
DEADBEEF
DEADBEEF
DEADBEEF
DEADBEEF
DEADBEEF
DEADBEEF
DEADBEEF
DEADBEEF
DEADBEEF
DEADBEEF
DEADBEEF
DEADBEEF
DEADBEEF
DEADBEEF
DEADBEEF
DEADBEEF
DEADBEEF
DEADBEEF
DEADBEEF
DEADBEEF
DEADBEEF
DEADBEEF
DEADBEEF
DEADBEEF
DEADBEEF
DEADBEEF
DEADBEEF
DEADBEEF
DEADBEEF
DEADBEEF
DEADBEEF
DEADBEEF
DEADBEEF
DEADBEEF
DEADBEEF
DEADBEEF
DEADBEEF
DEADBEEF
DEADBEEF
DEADBEEF
DEADBEEF
DEADBEEF
DEADBEEF
DEADBEEF
DEADBEEF
DEADBEEF
DEADBEEF
DEADBEEF
DEADBEEF
DEADBEEF
DEADBEEF
DEADBEEF
DEADBEEF
DEADBEEF
DEADBEEF
DEADBEEF
DEADBEEF
DEADBEEF
DEADBEEF
DEADBEEF
DEADBEEF
DEADBEEF
DEADBEEF
DEADBEEF
DEADBEEF
DEADBEEF
DEADBEEF
DEADBEEF
DEADBEEF
DEADBEEF
DEADBEEF
DEADBEEF
DEADBEEF
DEADBEEF
DEADBEEF
DEADBEEF
DEADBEEF
DEADBEEF
DEADBEEF
DEADBEEF
DEADBEEF
DEADBEEF
DEADBEEF
DEADBEEF
DEADBEEF
DEADBEEF
DEADBEEF
DEADBEEF
DEADBEEF
DEADBEEF
DEADBEEF
DEADBEEF
DEADBEEF
DEADBEEF
DEADBEEF
DEADBEEF
DEADBEEF
DEADBEEF
DEADBEEF
DEADBEEF
DEADBEEF
DEADBEEF
DEADBEEF
DEADBEEF
DEADBEEF
DEADBEEF
DEADBEEF
DEADBEEF
DEADBEEF
DEADBEEF
DEADBEEF
DEADBEEF
DEADBEEF
DEADBEEF
DEADBEEF
DEADBEEF
DEADBEEF
DEADBEEF
DEADBEEF
DEADBEEF
DEADBEEF
DEADBEEF
DEADBEEF
DEADBEEF
DEADBEEF
DEADBEEF
DEADBEEF
DEADBEEF
DEADBEEF
DEADBEEF
DEADBEEF
DEADBEEF
DEADBEEF
DEADBEEF
DEADBEEF
DEADBEEF
DEADBEEF
DEADBEEF
DEADBEEF
DEADBEEF
DEADBEEF
DEADBEEF
DEADBEEF
DEADBEEF
DEADBEEF
DEADBEEF
DEADBEEF
DEADBEEF
DEADBEEF
DEADBEEF
DEADBEEF
DEADBEEF
DEADBEEF
DEADBEEF
DEADBEEF
DEADBEEF
DEADBEEF
DEADBEEF
DEADBEEF
DEADBEEF
DEADBEEF
DEADBEEF
DEADBEEF
DEADBEEF
DEADBEEF
DEADBEEF
DEADBEEF
DEADBEEF
DEADBEEF
DEADBEEF
DEADBEEF
DEADBEEF
DEADBEEF
DEADBEEF
DEADBEEF
DEADBEEF
DEADBEEF
DEADBEEF
DEADBEEF
DEADBEEF
DEADBEEF
DEADBEEF
DEADBEEF
DEADBEEF
DEADBEEF
DEADBEEF
DEADBEEF
DEADBEEF
DEADBEEF
DEADBEEF
DEADBEEF
DEADBEEF
DEADBEEF
DEADBEEF
DEADBEEF
DEADBEEF
DEADBEEF
DEADBEEF
DEADBEEF
DEADBEEF
DEADBEEF
DEADBEEF
DEADBEEF
DEADBEEF
DEADBEEF
DEADBEEF
DEADBEEF
DEADBEEF
DEADBEEF
DEADBEEF
DEADBEEF
DEADBEEF
DEADBEEF
DEADBEEF
DEADBEEF
DEADBEEF
DEADBEEF
DEADBEEF
DEADBEEF
DEADBEEF
DEADBEEF
DEADBEEF
DEADBEEF
DEADBEEF
DEADBEEF
DEADBEEF
DEADBEEF
DEADBEEF
DEADBEEF
DEADBEEF
DEADBEEF
DEADBEEF
DEADBEEF
DEADBEEF
DEADBEEF
DEADBEEF
DEADBEEF
DEADBEEF
DEADBEEF
DEADBEEF
DEADBEEF
DEADBEEF
DEADBEEF
DEADBEEF
DEADBEEF
DEADBEEF
DEADBEEF
DEADBEEF
DEADBEEF
DEADBEEF
DEADBEEF
DEADBEEF
DEADBEEF
DEADBEEF
DEADBEEF
DEADBEEF
DEADBEEF
DEADBEEF
DEADBEEF
DEADBEEF
DEADBEEF
DEADBEEF
DEADBEEF
DEADBEEF
DEADBEEF
DEADBEEF
DEADBEEF
DEADBEEF
DEADBEEF
DEADBEEF
DEADBEEF
DEADBEEF
DEADBEEF
DEADBEEF
DEADBEEF
DEADBEEF
DEADBEEF
DEADBEEF
DEADBEEF
DEADBEEF
DEADBEEF
DEADBEEF
DEADBEEF
DEADBEEF
DEADBEEF
DEADBEEF
DEADBEEF
DEADBEEF
DEADBEEF
DEADBEEF
DEADBEEF
DEADBEEF
DEADBEEF
DEADBEEF
DEADBEEF
DEADBEEF
DEADBEEF
DEADBEEF
DEADBEEF
DEADBEEF
DEADBEEF
DEADBEEF
DEADBEEF
DEADBEEF
DEADBEEF
DEADBEEF
DEADBEEF
DEADBEEF
DEADBEEF
DEADBEEF
DEADBEEF
DEADBEEF
DEADBEEF
DEADBEEF
DEADBEEF
DEADBEEF
DEADBEEF
DEADBEEF
DEADBEEF
DEADBEEF
DEADBEEF
DEADBEEF
DEADBEEF
DEADBEEF
DEADBEEF
DEADBEEF
DEADBEEF
DEADBEEF
DEADBEEF
DEADBEEF
DEADBEEF
DEADBEEF
DEADBEEF
DEADBEEF
DEADBEEF
DEADBEEF
DEADBEEF
DEADBEEF
DEADBEEF
DEADBEEF
DEADBEEF
DEADBEEF
DEADBEEF
DEADBEEF
DEADBEEF
DEADBEEF
DEADBEEF
DEADBEEF
DEADBEEF
DEADBEEF
DEADBEEF
DEADBEEF
DEADBEEF
DEADBEEF
DEADBEEF
DEADBEEF
DEADBEEF
DEADBEEF
DEADBEEF
DEADBEEF
DEADBEEF
DEADBEEF
DEADBEEF
DEADBEEF
DEADBEEF
DEADBEEF
DEADBEEF
DEADBEEF
DEADBEEF
DEADBEEF
DEADBEEF
DEADBEEF
DEADBEEF
DEADBEEF
DEADBEEF
DEADBEEF
DEADBEEF
DEADBEEF
DEADBEEF
DEADBEEF
DEADBEEF
DEADBEEF
DEADBEEF
DEADBEEF
DEADBEEF
DEADBEEF
DEADBEEF
DEADBEEF
DEADBEEF
DEADBEEF
DEADBEEF
DEADBEEF
DEADBEEF
DEADBEEF
DEADBEEF
DEADBEEF
DEADBEEF
DEADBEEF
DEADBEEF
DEADBEEF
DEADBEEF
DEADBEEF
DEADBEEF
DEADBEEF
DEADBEEF
DEADBEEF
DEADBEEF
DEADBEEF
DEADBEEF
DEADBEEF
DEADBEEF
DEADBEEF
DEADBEEF
DEADBEEF
DEADBEEF
DEADBEEF
DEADBEEF
DEADBEEF
DEADBEEF
DEADBEEF
DEADBEEF
DEADBEEF
DEADBEEF
DEADBEEF
DEADBEEF
DEADBEEF
DEADBEEF
DEADBEEF
DEADBEEF
DEADBEEF
DEADBEEF
DEADBEEF
DEADBEEF
DEADBEEF
DEADBEEF
DEADBEEF
DEADBEEF
DEADBEEF
DEADBEEF
DEADBEEF
DEADBEEF
DEADBEEF
DEADBEEF
DEADBEEF
DEADBEEF
DEADBEEF
DEADBEEF
DEADBEEF
DEADBEEF
DEADBEEF
DEADBEEF
DEADBEEF
DEADBEEF
DEADBEEF
DEADBEEF
DEADBEEF
DEADBEEF
DEADBEEF
DEADBEEF
DEADBEEF
DEADBEEF
DEADBEEF
DEADBEEF
DEADBEEF
DEADBEEF
DEADBEEF
DEADBEEF
DEADBEEF
DEADBEEF
DEADBEEF
DEADBEEF
DEADBEEF
DEADBEEF
DEADBEEF
DEADBEEF
DEADBEEF
DEADBEEF
DEADBEEF
DEADBEEF
DEADBEEF
DEADBEEF
DEADBEEF
DEADBEEF
DEADBEEF
DEADBEEF
DEADBEEF
DEADBEEF
DEADBEEF
DEADBEEF
DEADBEEF
DEADBEEF
DEADBEEF
DEADBEEF
DEADBEEF
DEADBEEF
DEADBEEF
DEADBEEF
DEADBEEF
DEADBEEF
DEADBEEF
DEADBEEF
DEADBEEF
DEADBEEF
DEADBEEF
DEADBEEF
DEADBEEF
DEADBEEF
DEADBEEF
DEADBEEF
DEADBEEF
DEADBEEF
DEADBEEF
DEADBEEF
DEADBEEF
DEADBEEF
DEADBEEF
DEADBEEF
DEADBEEF
DEADBEEF
DEADBEEF
DEADBEEF
DEADBEEF
DEADBEEF
DEADBEEF
DEADBEEF
DEADBEEF
DEADBEEF
DEADBEEF
DEADBEEF
DEADBEEF
DEADBEEF
DEADBEEF
DEADBEEF
DEADBEEF
DEADBEEF
DEADBEEF
DEADBEEF
DEADBEEF
DEADBEEF
DEADBEEF
DEADBEEF
DEADBEEF
DEADBEEF
DEADBEEF
DEADBEEF
DEADBEEF
DEADBEEF
DEADBEEF
DEADBEEF
DEADBEEF
DEADBEEF
DEADBEEF
DEADBEEF
DEADBEEF
DEADBEEF
DEADBEEF
DEADBEEF
DEADBEEF
DEADBEEF
DEADBEEF
DEADBEEF
DEADBEEF
DEADBEEF
DEADBEEF
DEADBEEF
DEADBEEF
DEADBEEF
DEADBEEF
DEADBEEF
DEADBEEF
DEADBEEF
DEADBEEF
DEADBEEF
DEADBEEF
DEADBEEF
DEADBEEF
DEADBEEF
DEADBEEF
DEADBEEF
DEADBEEF
DEADBEEF
DEADBEEF
DEADBEEF
DEADBEEF
DEADBEEF
DEADBEEF
DEADBEEF
DEADBEEF
DEADBEEF
DEADBEEF
DEADBEEF
DEADBEEF
DEADBEEF
DEADBEEF
DEADBEEF
DEADBEEF
DEADBEEF
DEADBEEF
DEADBEEF
DEADBEEF
DEADBEEF
DEADBEEF
DEADBEEF
DEADBEEF
DEADBEEF
DEADBEEF
DEADBEEF
DEADBEEF
DEADBEEF
DEADBEEF
DEADBEEF
DEADBEEF
DEADBEEF
DEADBEEF
DEADBEEF
DEADBEEF
DEADBEEF
DEADBEEF
DEADBEEF
DEADBEEF
DEADBEEF
DEADBEEF
DEADBEEF
DEADBEEF
DEADBEEF
DEADBEEF
DEADBEEF
DEADBEEF
DEADBEEF
DEADBEEF
DEADBEEF
DEADBEEF
DEADBEEF
DEADBEEF
DEADBEEF
DEADBEEF
DEADBEEF
DEADBEEF
DEADBEEF
DEADBEEF
DEADBEEF
DEADBEEF
DEADBEEF
DEADBEEF
DEADBEEF
DEADBEEF
DEADBEEF
DEADBEEF
DEADBEEF
DEADBEEF
DEADBEEF
DEADBEEF
DEADBEEF
DEADBEEF
DEADBEEF
DEADBEEF
DEADBEEF
DEADBEEF
DEADBEEF
DEADBEEF
DEADBEEF
DEADBEEF
DEADBEEF
DEADBEEF
DEADBEEF
DEADBEEF
DEADBEEF
DEADBEEF
DEADBEEF
DEADBEEF
DEADBEEF
DEADBEEF
DEADBEEF
DEADBEEF
DEADBEEF
DEADBEEF
DEADBEEF
DEADBEEF
DEADBEEF
DEADBEEF
DEADBEEF
DEADBEEF
DEADBEEF
DEADBEEF
DEADBEEF
DEADBEEF
DEADBEEF
DEADBEEF
DEADBEEF
DEADBEEF
DEADBEEF
DEADBEEF
DEADBEEF
DEADBEEF
DEADBEEF
DEADBEEF
DEADBEEF
DEADBEEF
DEADBEEF
DEADBEEF
DEADBEEF
DEADBEEF
DEADBEEF
DEADBEEF
DEADBEEF
DEADBEEF
DEADBEEF
DEADBEEF
DEADBEEF
DEADBEEF
DEADBEEF
DEADBEEF
DEADBEEF
DEADBEEF
DEADBEEF
DEADBEEF
DEADBEEF
DEADBEEF
DEADBEEF
DEADBEEF
DEADBEEF
DEADBEEF
DEADBEEF
DEADBEEF
DEADBEEF
DEADBEEF
DEADBEEF
DEADBEEF
DEADBEEF
DEADBEEF
DEADBEEF
DEADBEEF
DEADBEEF
DEADBEEF
DEADBEEF
DEADBEEF
DEADBEEF
DEADBEEF
DEADBEEF
DEADBEEF
DEADBEEF
DEADBEEF
DEADBEEF
DEADBEEF
DEADBEEF
DEADBEEF
DEADBEEF
DEADBEEF
DEADBEEF
DEADBEEF
DEADBEEF
DEADBEEF
DEADBEEF
DEADBEEF
DEADBEEF
DEADBEEF
DEADBEEF
DEADBEEF
DEADBEEF
DEADBEEF
DEADBEEF
DEADBEEF
DEADBEEF
DEADBEEF
DEADBEEF
DEADBEEF
DEADBEEF
DEADBEEF
DEADBEEF
DEADBEEF
DEADBEEF
DEADBEEF
DEADBEEF
DEADBEEF
DEADBEEF
DEADBEEF
DEADBEEF
DEADBEEF
DEADBEEF
DEADBEEF
DEADBEEF
DEADBEEF
DEADBEEF
DEADBEEF
DEADBEEF
DEADBEEF
DEADBEEF
DEADBEEF
DEADBEEF
DEADBEEF
DEADBEEF
DEADBEEF
DEADBEEF
DEADBEEF
DEADBEEF
DEADBEEF
DEADBEEF
DEADBEEF
DEADBEEF
DEADBEEF
DEADBEEF
DEADBEEF
DEADBEEF
DEADBEEF
DEADBEEF
DEADBEEF
DEADBEEF
DEADBEEF
DEADBEEF
DEADBEEF
DEADBEEF
DEADBEEF
DEADBEEF
DEADBEEF
DEADBEEF
DEADBEEF
DEADBEEF
DEADBEEF
DEADBEEF
DEADBEEF
DEADBEEF
DEADBEEF
DEADBEEF
DEADBEEF
DEADBEEF
DEADBEEF
DEADBEEF
DEADBEEF
DEADBEEF
DEADBEEF
DEADBEEF
DEADBEEF
DEADBEEF
DEADBEEF
DEADBEEF
DEADBEEF
DEADBEEF
DEADBEEF
DEADBEEF
DEADBEEF
DEADBEEF
DEADBEEF
DEADBEEF
DEADBEEF
DEADBEEF
DEADBEEF
DEADBEEF
DEADBEEF
DEADBEEF
DEADBEEF
DEADBEEF
DEADBEEF
DEADBEEF
DEADBEEF
DEADBEEF
DEADBEEF
DEADBEEF
DEADBEEF
DEADBEEF
DEADBEEF
DEADBEEF
DEADBEEF
DEADBEEF
DEADBEEF
DEADBEEF
DEADBEEF
DEADBEEF
DEADBEEF
DEADBEEF
DEADBEEF
DEADBEEF
DEADBEEF
DEADBEEF
DEADBEEF
DEADBEEF
DEADBEEF
DEADBEEF
DEADBEEF
DEADBEEF
DEADBEEF
DEADBEEF
DEADBEEF
DEADBEEF
DEADBEEF
DEADBEEF
DEADBEEF
DEADBEEF
DEADBEEF
DEADBEEF
DEADBEEF
DEADBEEF
DEADBEEF
DEADBEEF
DEADBEEF
DEADBEEF
DEADBEEF
DEADBEEF
DEADBEEF
DEADBEEF
DEADBEEF
DEADBEEF
DEADBEEF
DEADBEEF
DEADBEEF
DEADBEEF
DEADBEEF
DEADBEEF
DEADBEEF
DEADBEEF
DEADBEEF
DEADBEEF
DEADBEEF
DEADBEEF
DEADBEEF
DEADBEEF
DEADBEEF
DEADBEEF
DEADBEEF
DEADBEEF
DEADBEEF
DEADBEEF
DEADBEEF
DEADBEEF
DEADBEEF
DEADBEEF
DEADBEEF
DEADBEEF
DEADBEEF
DEADBEEF
DEADBEEF
DEADBEEF
DEADBEEF
DEADBEEF
DEADBEEF
DEADBEEF
DEADBEEF
DEADBEEF
DEADBEEF
DEADBEEF
DEADBEEF
DEADBEEF
DEADBEEF
DEADBEEF
DEADBEEF
DEADBEEF
DEADBEEF
DEADBEEF
DEADBEEF
DEADBEEF
DEADBEEF
DEADBEEF
DEADBEEF
DEADBEEF
DEADBEEF
DEADBEEF
DEADBEEF
DEADBEEF
DEADBEEF
DEADBEEF
DEADBEEF
DEADBEEF
DEADBEEF
DEADBEEF
DEADBEEF
DEADBEEF
DEADBEEF
DEADBEEF
DEADBEEF
DEADBEEF
DEADBEEF
DEADBEEF
DEADBEEF
DEADBEEF
DEADBEEF
DEADBEEF
DEADBEEF
DEADBEEF
DEADBEEF
DEADBEEF
DEADBEEF
DEADBEEF
DEADBEEF
DEADBEEF
DEADBEEF
DEADBEEF
DEADBEEF
DEADBEEF
DEADBEEF
DEADBEEF
DEADBEEF
DEADBEEF
DEADBEEF
DEADBEEF
DEADBEEF
DEADBEEF
DEADBEEF
DEADBEEF
DEADBEEF
DEADBEEF
DEADBEEF
DEADBEEF
DEADBEEF
DEADBEEF
DEADBEEF
DEADBEEF
DEADBEEF
DEADBEEF
DEADBEEF
DEADBEEF
DEADBEEF
DEADBEEF
DEADBEEF
DEADBEEF
DEADBEEF
DEADBEEF
DEADBEEF
DEADBEEF
DEADBEEF
DEADBEEF
DEADBEEF
DEADBEEF
DEADBEEF
DEADBEEF
DEADBEEF
DEADBEEF
DEADBEEF
DEADBEEF
DEADBEEF
DEADBEEF
DEADBEEF
DEADBEEF
DEADBEEF
DEADBEEF
DEADBEEF
DEADBEEF
DEADBEEF
DEADBEEF
DEADBEEF
DEADBEEF
DEADBEEF
DEADBEEF
DEADBEEF
DEADBEEF
DEADBEEF
DEADBEEF
DEADBEEF
DEADBEEF
DEADBEEF
DEADBEEF
DEADBEEF
DEADBEEF
DEADBEEF
DEADBEEF
DEADBEEF
DEADBEEF
DEADBEEF
DEADBEEF
DEADBEEF
DEADBEEF
DEADBEEF
DEADBEEF
DEADBEEF
DEADBEEF
DEADBEEF
DEADBEEF
DEADBEEF
DEADBEEF
DEADBEEF
DEADBEEF
DEADBEEF
DEADBEEF
DEADBEEF
DEADBEEF
DEADBEEF
DEADBEEF
DEADBEEF
DEADBEEF
DEADBEEF
DEADBEEF
DEADBEEF
DEADBEEF
DEADBEEF
DEADBEEF
DEADBEEF
DEADBEEF
DEADBEEF
DEADBEEF
DEADBEEF
DEADBEEF
DEADBEEF
DEADBEEF
DEADBEEF
DEADBEEF
DEADBEEF
DEADBEEF
DEADBEEF
DEADBEEF
DEADBEEF
DEADBEEF
DEADBEEF
DEADBEEF
DEADBEEF
DEADBEEF
DEADBEEF
DEADBEEF
DEADBEEF
DEADBEEF
DEADBEEF
DEADBEEF
DEADBEEF
DEADBEEF
DEADBEEF
DEADBEEF
DEADBEEF
DEADBEEF
DEADBEEF
DEADBEEF
DEADBEEF
DEADBEEF
DEADBEEF
DEADBEEF
DEADBEEF
DEADBEEF
DEADBEEF
DEADBEEF
DEADBEEF
DEADBEEF
DEADBEEF
DEADBEEF
DEADBEEF
DEADBEEF
DEADBEEF
DEADBEEF
DEADBEEF
DEADBEEF
DEADBEEF
DEADBEEF
DEADBEEF
DEADBEEF
DEADBEEF
DEADBEEF
DEADBEEF
DEADBEEF
DEADBEEF
DEADBEEF
DEADBEEF
DEADBEEF
DEADBEEF
DEADBEEF
DEADBEEF
DEADBEEF
DEADBEEF
DEADBEEF
DEADBEEF
DEADBEEF
DEADBEEF
DEADBEEF
DEADBEEF
DEADBEEF
DEADBEEF
DEADBEEF
DEADBEEF
DEADBEEF
DEADBEEF
DEADBEEF
DEADBEEF
DEADBEEF
DEADBEEF
DEADBEEF
DEADBEEF
DEADBEEF
DEADBEEF
DEADBEEF
DEADBEEF
DEADBEEF
DEADBEEF
DEADBEEF
DEADBEEF
DEADBEEF
DEADBEEF
DEADBEEF
DEADBEEF
DEADBEEF
DEADBEEF
DEADBEEF
DEADBEEF
DEADBEEF
DEADBEEF
DEADBEEF
DEADBEEF
DEADBEEF
DEADBEEF
DEADBEEF
DEADBEEF
DEADBEEF
DEADBEEF
DEADBEEF
DEADBEEF
DEADBEEF
DEADBEEF
DEADBEEF
DEADBEEF
DEADBEEF
DEADBEEF
DEADBEEF
DEADBEEF
DEADBEEF
DEADBEEF
DEADBEEF
DEADBEEF
DEADBEEF
DEADBEEF
DEADBEEF
DEADBEEF
DEADBEEF
DEADBEEF
DEADBEEF
DEADBEEF
DEADBEEF
DEADBEEF
DEADBEEF
DEADBEEF
DEADBEEF
DEADBEEF
DEADBEEF
DEADBEEF
DEADBEEF
DEADBEEF
DEADBEEF
DEADBEEF
DEADBEEF
DEADBEEF
DEADBEEF
DEADBEEF
DEADBEEF
DEADBEEF
DEADBEEF
DEADBEEF
DEADBEEF
DEADBEEF
DEADBEEF
DEADBEEF
DEADBEEF
DEADBEEF
DEADBEEF
DEADBEEF
DEADBEEF
DEADBEEF
DEADBEEF
DEADBEEF
DEADBEEF
DEADBEEF
DEADBEEF
DEADBEEF
DEADBEEF
DEADBEEF
DEADBEEF
DEADBEEF
DEADBEEF
DEADBEEF
DEADBEEF
DEADBEEF
DEADBEEF
DEADBEEF
DEADBEEF
DEADBEEF
DEADBEEF
DEADBEEF
DEADBEEF
DEADBEEF
DEADBEEF
DEADBEEF
DEADBEEF
DEADBEEF
DEADBEEF
DEADBEEF
DEADBEEF
DEADBEEF
DEADBEEF
DEADBEEF
DEADBEEF
DEADBEEF
DEADBEEF
DEADBEEF
DEADBEEF
DEADBEEF
DEADBEEF
DEADBEEF
DEADBEEF
DEADBEEF
DEADBEEF
DEADBEEF
DEADBEEF
DEADBEEF
DEADBEEF
DEADBEEF
DEADBEEF
DEADBEEF
DEADBEEF
DEADBEEF
DEADBEEF
DEADBEEF
DEADBEEF
DEADBEEF
DEADBEEF
DEADBEEF
DEADBEEF
DEADBEEF
DEADBEEF
DEADBEEF
DEADBEEF
DEADBEEF
DEADBEEF
DEADBEEF
DEADBEEF
DEADBEEF
DEADBEEF
DEADBEEF
DEADBEEF
DEADBEEF
DEADBEEF
DEADBEEF
DEADBEEF
DEADBEEF
DEADBEEF
DEADBEEF
DEADBEEF
DEADBEEF
DEADBEEF
DEADBEEF
DEADBEEF
DEADBEEF
DEADBEEF
DEADBEEF
DEADBEEF
DEADBEEF
DEADBEEF
DEADBEEF
DEADBEEF
DEADBEEF
DEADBEEF
DEADBEEF
DEADBEEF
DEADBEEF
DEADBEEF
DEADBEEF
DEADBEEF
DEADBEEF
DEADBEEF
DEADBEEF
DEADBEEF
DEADBEEF
DEADBEEF
DEADBEEF
DEADBEEF
DEADBEEF
DEADBEEF
DEADBEEF
DEADBEEF
DEADBEEF
DEADBEEF
DEADBEEF
DEADBEEF
DEADBEEF
DEADBEEF
DEADBEEF
DEADBEEF
DEADBEEF
DEADBEEF
DEADBEEF
DEADBEEF
DEADBEEF
DEADBEEF
DEADBEEF
DEADBEEF
DEADBEEF
DEADBEEF
DEADBEEF
DEADBEEF
DEADBEEF
DEADBEEF
DEADBEEF
DEADBEEF
DEADBEEF
DEADBEEF
DEADBEEF
DEADBEEF
DEADBEEF
DEADBEEF
DEADBEEF
DEADBEEF
DEADBEEF
DEADBEEF
DEADBEEF
DEADBEEF
DEADBEEF
DEADBEEF
DEADBEEF
DEADBEEF
DEADBEEF
DEADBEEF
DEADBEEF
DEADBEEF
DEADBEEF
DEADBEEF
DEADBEEF
DEADBEEF
DEADBEEF
DEADBEEF
DEADBEEF
DEADBEEF
DEADBEEF
DEADBEEF
DEADBEEF
DEADBEEF
DEADBEEF
DEADBEEF
DEADBEEF
DEADBEEF
DEADBEEF
DEADBEEF
DEADBEEF
DEADBEEF
DEADBEEF
DEADBEEF
DEADBEEF
DEADBEEF
DEADBEEF
DEADBEEF
DEADBEEF
DEADBEEF
DEADBEEF
DEADBEEF
DEADBEEF
DEADBEEF
DEADBEEF
DEADBEEF
DEADBEEF
DEADBEEF
DEADBEEF
DEADBEEF
DEADBEEF
DEADBEEF
DEADBEEF
DEADBEEF
DEADBEEF
DEADBEEF
DEADBEEF
DEADBEEF
DEADBEEF
DEADBEEF
DEADBEEF
DEADBEEF
DEADBEEF
DEADBEEF
DEADBEEF
DEADBEEF
DEADBEEF
DEADBEEF
DEADBEEF
DEADBEEF
DEADBEEF
DEADBEEF
DEADBEEF
DEADBEEF
DEADBEEF
DEADBEEF
DEADBEEF
DEADBEEF
DEADBEEF
DEADBEEF
DEADBEEF
DEADBEEF
DEADBEEF
DEADBEEF
DEADBEEF
DEADBEEF
DEADBEEF
DEADBEEF
DEADBEEF
DEADBEEF
DEADBEEF
DEADBEEF
DEADBEEF
DEADBEEF
DEADBEEF
DEADBEEF
DEADBEEF
DEADBEEF
DEADBEEF
DEADBEEF
DEADBEEF
DEADBEEF
DEADBEEF
DEADBEEF
DEADBEEF
DEADBEEF
DEADBEEF
DEADBEEF
DEADBEEF
DEADBEEF
DEADBEEF
DEADBEEF
DEADBEEF
DEADBEEF
DEADBEEF
DEADBEEF
DEADBEEF
DEADBEEF
DEADBEEF
DEADBEEF
DEADBEEF
DEADBEEF
DEADBEEF
DEADBEEF
DEADBEEF
DEADBEEF
DEADBEEF
DEADBEEF
DEADBEEF
DEADBEEF
DEADBEEF
DEADBEEF
DEADBEEF
DEADBEEF
DEADBEEF
DEADBEEF
DEADBEEF
DEADBEEF
DEADBEEF
DEADBEEF
DEADBEEF
DEADBEEF
DEADBEEF
DEADBEEF
DEADBEEF
DEADBEEF
DEADBEEF
DEADBEEF
DEADBEEF
DEADBEEF
DEADBEEF
DEADBEEF
DEADBEEF
DEADBEEF
DEADBEEF
DEADBEEF
DEADBEEF
DEADBEEF
DEADBEEF
DEADBEEF
DEADBEEF
DEADBEEF
DEADBEEF
DEADBEEF
DEADBEEF
DEADBEEF
DEADBEEF
DEADBEEF
DEADBEEF
DEADBEEF
DEADBEEF
DEADBEEF
DEADBEEF
DEADBEEF
DEADBEEF
DEADBEEF
DEADBEEF
DEADBEEF
DEADBEEF
DEADBEEF
DEADBEEF
DEADBEEF
DEADBEEF
DEADBEEF
DEADBEEF
DEADBEEF
DEADBEEF
DEADBEEF
DEADBEEF
DEADBEEF
DEADBEEF
DEADBEEF
DEADBEEF
DEADBEEF
DEADBEEF
DEADBEEF
DEADBEEF
DEADBEEF
DEADBEEF
DEADBEEF
DEADBEEF
DEADBEEF
DEADBEEF
DEADBEEF
DEADBEEF
DEADBEEF
DEADBEEF
DEADBEEF
DEADBEEF
DEADBEEF
DEADBEEF
DEADBEEF
DEADBEEF
DEADBEEF
DEADBEEF
DEADBEEF
DEADBEEF
DEADBEEF
DEADBEEF
DEADBEEF
DEADBEEF
DEADBEEF
DEADBEEF
DEADBEEF
DEADBEEF
DEADBEEF
DEADBEEF
DEADBEEF
DEADBEEF
DEADBEEF
DEADBEEF
DEADBEEF
DEADBEEF
DEADBEEF
DEADBEEF
DEADBEEF
DEADBEEF
DEADBEEF
DEADBEEF
DEADBEEF
DEADBEEF
DEADBEEF
DEADBEEF
DEADBEEF
DEADBEEF
DEADBEEF
DEADBEEF
DEADBEEF
DEADBEEF
DEADBEEF
DEADBEEF
DEADBEEF
DEADBEEF
DEADBEEF
DEADBEEF
DEADBEEF
DEADBEEF
DEADBEEF
DEADBEEF
DEADBEEF
DEADBEEF
DEADBEEF
DEADBEEF
DEADBEEF
DEADBEEF
DEADBEEF
DEADBEEF
DEADBEEF
DEADBEEF
DEADBEEF
DEADBEEF
DEADBEEF
DEADBEEF
DEADBEEF
DEADBEEF
DEADBEEF
DEADBEEF
DEADBEEF
DEADBEEF
DEADBEEF
DEADBEEF
DEADBEEF
DEADBEEF
DEADBEEF
DEADBEEF
DEADBEEF
DEADBEEF
DEADBEEF
DEADBEEF
DEADBEEF
DEADBEEF
DEADBEEF
DEADBEEF
DEADBEEF
DEADBEEF
DEADBEEF
DEADBEEF
DEADBEEF
DEADBEEF
DEADBEEF
DEADBEEF
DEADBEEF
DEADBEEF
DEADBEEF
DEADBEEF
DEADBEEF
DEADBEEF
DEADBEEF
DEADBEEF
DEADBEEF
DEADBEEF
DEADBEEF
DEADBEEF
DEADBEEF
DEADBEEF
DEADBEEF
DEADBEEF
DEADBEEF
DEADBEEF
DEADBEEF
DEADBEEF
DEADBEEF
DEADBEEF
DEADBEEF
DEADBEEF
DEADBEEF
DEADBEEF
DEADBEEF
DEADBEEF
DEADBEEF
DEADBEEF
DEADBEEF
DEADBEEF
DEADBEEF
DEADBEEF
DEADBEEF
DEADBEEF
DEADBEEF
DEADBEEF
DEADBEEF
DEADBEEF
DEADBEEF
DEADBEEF
DEADBEEF
DEADBEEF
DEADBEEF
DEADBEEF
DEADBEEF
DEADBEEF
DEADBEEF
DEADBEEF
DEADBEEF
DEADBEEF
DEADBEEF
DEADBEEF
DEADBEEF
DEADBEEF
DEADBEEF
DEADBEEF
DEADBEEF
DEADBEEF
DEADBEEF
DEADBEEF
DEADBEEF
DEADBEEF
DEADBEEF
DEADBEEF
DEADBEEF
DEADBEEF
DEADBEEF
DEADBEEF
DEADBEEF
DEADBEEF
DEADBEEF
DEADBEEF
DEADBEEF
DEADBEEF
DEADBEEF
DEADBEEF
DEADBEEF
DEADBEEF
DEADBEEF
DEADBEEF
DEADBEEF
DEADBEEF
DEADBEEF
DEADBEEF
DEADBEEF
DEADBEEF
DEADBEEF
DEADBEEF
DEADBEEF
DEADBEEF
DEADBEEF
DEADBEEF
DEADBEEF
DEADBEEF
DEADBEEF
DEADBEEF
DEADBEEF
DEADBEEF
DEADBEEF
DEADBEEF
DEADBEEF
DEADBEEF
DEADBEEF
DEADBEEF
DEADBEEF
DEADBEEF
DEADBEEF
DEADBEEF
DEADBEEF
DEADBEEF
DEADBEEF
DEADBEEF
DEADBEEF
DEADBEEF
DEADBEEF
DEADBEEF
DEADBEEF
DEADBEEF
DEADBEEF
DEADBEEF
DEADBEEF
DEADBEEF
DEADBEEF
DEADBEEF
DEADBEEF
DEADBEEF
DEADBEEF
DEADBEEF
DEADBEEF
DEADBEEF
DEADBEEF
DEADBEEF
DEADBEEF
DEADBEEF
DEADBEEF
DEADBEEF
DEADBEEF
DEADBEEF
DEADBEEF
DEADBEEF
DEADBEEF
DEADBEEF
DEADBEEF
DEADBEEF
DEADBEEF
DEADBEEF
DEADBEEF
DEADBEEF
DEADBEEF
DEADBEEF
DEADBEEF
DEADBEEF
DEADBEEF
DEADBEEF
DEADBEEF
DEADBEEF
DEADBEEF
DEADBEEF
DEADBEEF
DEADBEEF
DEADBEEF
DEADBEEF
DEADBEEF
DEADBEEF
DEADBEEF
DEADBEEF
DEADBEEF
DEADBEEF
DEADBEEF
DEADBEEF
DEADBEEF
DEADBEEF
DEADBEEF
DEADBEEF
DEADBEEF
DEADBEEF
DEADBEEF
DEADBEEF
DEADBEEF
DEADBEEF
DEADBEEF
DEADBEEF
DEADBEEF
DEADBEEF
DEADBEEF
DEADBEEF
DEADBEEF
DEADBEEF
DEADBEEF
DEADBEEF
DEADBEEF
DEADBEEF
DEADBEEF
DEADBEEF
DEADBEEF
DEADBEEF
DEADBEEF
DEADBEEF
DEADBEEF
DEADBEEF
DEADBEEF
DEADBEEF
DEADBEEF
DEADBEEF
DEADBEEF
DEADBEEF
DEADBEEF
DEADBEEF
DEADBEEF
DEADBEEF
DEADBEEF
DEADBEEF
DEADBEEF
DEADBEEF
DEADBEEF
DEADBEEF
DEADBEEF
DEADBEEF
DEADBEEF
DEADBEEF
DEADBEEF
DEADBEEF
DEADBEEF
DEADBEEF
DEADBEEF
DEADBEEF
DEADBEEF
DEADBEEF
DEADBEEF
DEADBEEF
DEADBEEF
DEADBEEF
DEADBEEF
DEADBEEF
DEADBEEF
DEADBEEF
DEADBEEF
DEADBEEF
DEADBEEF
DEADBEEF
DEADBEEF
DEADBEEF
DEADBEEF
DEADBEEF
DEADBEEF
DEADBEEF
DEADBEEF
DEADBEEF
DEADBEEF
DEADBEEF
DEADBEEF
DEADBEEF
DEADBEEF
DEADBEEF
DEADBEEF
DEADBEEF
DEADBEEF
DEADBEEF
DEADBEEF
DEADBEEF
DEADBEEF
DEADBEEF
DEADBEEF
DEADBEEF
DEADBEEF
DEADBEEF
DEADBEEF
DEADBEEF
DEADBEEF
DEADBEEF
DEADBEEF
DEADBEEF
DEADBEEF
DEADBEEF
DEADBEEF
DEADBEEF
DEADBEEF
DEADBEEF
DEADBEEF
DEADBEEF
DEADBEEF
DEADBEEF
DEADBEEF
DEADBEEF
DEADBEEF
DEADBEEF
DEADBEEF
DEADBEEF
DEADBEEF
DEADBEEF
DEADBEEF
DEADBEEF
DEADBEEF
DEADBEEF
DEADBEEF
DEADBEEF
DEADBEEF
DEADBEEF
DEADBEEF
DEADBEEF
DEADBEEF
DEADBEEF
DEADBEEF
DEADBEEF
DEADBEEF
DEADBEEF
DEADBEEF
DEADBEEF
DEADBEEF
DEADBEEF
DEADBEEF
DEADBEEF
DEADBEEF
DEADBEEF
DEADBEEF
DEADBEEF
DEADBEEF
DEADBEEF
DEADBEEF
DEADBEEF
DEADBEEF
DEADBEEF
DEADBEEF
DEADBEEF
DEADBEEF
DEADBEEF
DEADBEEF
DEADBEEF
DEADBEEF
DEADBEEF
DEADBEEF
DEADBEEF
DEADBEEF
DEADBEEF
DEADBEEF
DEADBEEF
DEADBEEF
DEADBEEF
DEADBEEF
DEADBEEF
DEADBEEF
DEADBEEF
DEADBEEF
DEADBEEF
DEADBEEF
DEADBEEF
DEADBEEF
DEADBEEF
DEADBEEF
DEADBEEF
DEADBEEF
DEADBEEF
DEADBEEF
DEADBEEF
DEADBEEF
DEADBEEF
DEADBEEF
DEADBEEF
DEADBEEF
DEADBEEF
DEADBEEF
DEADBEEF
DEADBEEF
DEADBEEF
DEADBEEF
DEADBEEF
DEADBEEF
DEADBEEF
DEADBEEF
DEADBEEF
DEADBEEF
DEADBEEF
DEADBEEF
DEADBEEF
DEADBEEF
DEADBEEF
DEADBEEF
DEADBEEF
DEADBEEF
DEADBEEF
DEADBEEF
DEADBEEF
DEADBEEF
DEADBEEF
DEADBEEF
DEADBEEF
DEADBEEF
DEADBEEF
DEADBEEF
DEADBEEF
DEADBEEF
DEADBEEF
DEADBEEF
DEADBEEF
DEADBEEF
DEADBEEF
DEADBEEF
DEADBEEF
DEADBEEF
DEADBEEF
DEADBEEF
DEADBEEF
DEADBEEF
DEADBEEF
DEADBEEF
DEADBEEF
DEADBEEF
DEADBEEF
DEADBEEF
DEADBEEF
DEADBEEF
DEADBEEF
DEADBEEF
DEADBEEF
DEADBEEF
DEADBEEF
DEADBEEF
DEADBEEF
DEADBEEF
DEADBEEF
DEADBEEF
DEADBEEF
DEADBEEF
DEADBEEF
DEADBEEF
DEADBEEF
DEADBEEF
DEADBEEF
DEADBEEF
DEADBEEF
DEADBEEF
DEADBEEF
DEADBEEF
DEADBEEF
DEADBEEF
DEADBEEF
DEADBEEF
DEADBEEF
DEADBEEF
DEADBEEF
DEADBEEF
DEADBEEF
DEADBEEF
DEADBEEF
DEADBEEF
DEADBEEF
DEADBEEF
DEADBEEF
DEADBEEF
DEADBEEF
DEADBEEF
DEADBEEF
DEADBEEF
DEADBEEF
DEADBEEF
DEADBEEF
DEADBEEF
DEADBEEF
DEADBEEF
DEADBEEF
DEADBEEF
DEADBEEF
DEADBEEF
DEADBEEF
DEADBEEF
DEADBEEF
DEADBEEF
DEADBEEF
DEADBEEF
DEADBEEF
DEADBEEF
DEADBEEF
DEADBEEF
DEADBEEF
DEADBEEF
DEADBEEF
DEADBEEF
DEADBEEF
DEADBEEF
DEADBEEF
DEADBEEF
DEADBEEF
DEADBEEF
DEADBEEF
DEADBEEF
DEADBEEF
DEADBEEF
DEADBEEF
DEADBEEF
DEADBEEF
DEADBEEF
DEADBEEF
DEADBEEF
DEADBEEF
DEADBEEF
DEADBEEF
DEADBEEF
DEADBEEF
DEADBEEF
DEADBEEF
DEADBEEF
DEADBEEF
DEADBEEF
DEADBEEF
DEADBEEF
DEADBEEF
DEADBEEF
DEADBEEF
DEADBEEF
DEADBEEF
DEADBEEF
DEADBEEF
DEADBEEF
DEADBEEF
DEADBEEF
DEADBEEF
DEADBEEF
DEADBEEF
DEADBEEF
DEADBEEF
DEADBEEF
DEADBEEF
DEADBEEF
DEADBEEF
DEADBEEF
DEADBEEF
DEADBEEF
DEADBEEF
DEADBEEF
DEADBEEF
DEADBEEF
DEADBEEF
DEADBEEF
DEADBEEF
DEADBEEF
DEADBEEF
DEADBEEF
DEADBEEF
DEADBEEF
DEADBEEF
DEADBEEF
DEADBEEF
DEADBEEF
DEADBEEF
DEADBEEF
DEADBEEF
DEADBEEF
DEADBEEF
DEADBEEF
DEADBEEF
DEADBEEF
DEADBEEF
DEADBEEF
DEADBEEF
DEADBEEF
DEADBEEF
DEADBEEF
DEADBEEF
DEADBEEF
DEADBEEF
DEADBEEF
DEADBEEF
DEADBEEF
DEADBEEF
DEADBEEF
DEADBEEF
DEADBEEF
DEADBEEF
DEADBEEF
DEADBEEF
DEADBEEF
DEADBEEF
DEADBEEF
DEADBEEF
DEADBEEF
DEADBEEF
DEADBEEF
DEADBEEF
DEADBEEF
DEADBEEF
DEADBEEF
DEADBEEF
DEADBEEF
DEADBEEF
DEADBEEF
DEADBEEF
DEADBEEF
DEADBEEF
DEADBEEF
DEADBEEF
DEADBEEF
DEADBEEF
DEADBEEF
DEADBEEF
DEADBEEF
DEADBEEF
DEADBEEF
DEADBEEF
DEADBEEF
DEADBEEF
DEADBEEF
DEADBEEF
DEADBEEF
DEADBEEF
DEADBEEF
DEADBEEF
DEADBEEF
DEADBEEF
DEADBEEF
DEADBEEF
DEADBEEF
DEADBEEF
DEADBEEF
DEADBEEF
DEADBEEF
DEADBEEF
DEADBEEF
DEADBEEF
DEADBEEF
DEADBEEF
DEADBEEF
DEADBEEF
DEADBEEF
DEADBEEF
DEADBEEF
DEADBEEF
DEADBEEF
DEADBEEF
DEADBEEF
DEADBEEF
DEADBEEF
DEADBEEF
DEADBEEF
DEADBEEF
DEADBEEF
DEADBEEF
DEADBEEF
DEADBEEF
DEADBEEF
DEADBEEF
DEADBEEF
DEADBEEF
DEADBEEF
DEADBEEF
DEADBEEF
DEADBEEF
DEADBEEF
DEADBEEF
DEADBEEF
DEADBEEF
DEADBEEF
DEADBEEF
DEADBEEF
DEADBEEF
DEADBEEF
DEADBEEF
DEADBEEF
DEADBEEF
DEADBEEF
DEADBEEF
DEADBEEF
DEADBEEF
DEADBEEF
DEADBEEF
DEADBEEF
DEADBEEF
DEADBEEF
DEADBEEF
DEADBEEF
DEADBEEF
DEADBEEF
DEADBEEF
DEADBEEF
DEADBEEF
DEADBEEF
DEADBEEF
DEADBEEF
DEADBEEF
DEADBEEF
DEADBEEF
DEADBEEF
DEADBEEF
DEADBEEF
6F5CA309
00000000

00000000
00000000
00000000
00000000

02000737
00072023
FFFC4397
25C38393
00038067
FFF00713
020043B7
00E3A023
00E3A223
FFFC4397
24038393
00038067
10000737
000700A3
0C200737
00470713
00072383
00772023
0C002737
00072023
FFFC4397
21438393
00038067
00200393
3443B073
0200C737
00072023
FFFC4397
1F838393
00038067
FFFC4397
1EC38393
00038067
20000413
34443073
34402473
00001337
80030313
00647433
02830463
10000737
000700A3
0C201737
00470713
00072383
00772023
0C002737
08070713
00072023
FFFC4397
1A038393
00038067
FFFC3317
3D830313
00030067
FFFC4397
18838393
00038067
FFFC3317
3C030313
00030067
FFFC4397
17038393
00038067
FFFC3317
3A830313
00030067
FFFC4397
15838393
00038067
10000337
00330313
00300393
00730023
30401073
34401073
34101073
34301073
34201073
00000013
FFFC7317
FD030313
00000013
00000013
00000013
00000013
00000013
00000013
34031473
24832823
FFF00393
020044B7
0074A023
0074A223
00000013
00000393
22732C23
30502473
24832423
00347393
FFC3F393
23032483
E2848493
0074E3B3
24732023
30539073
30502773
0E770C63
30541073
0A040863
24832023
FFC47393
1D838413
00030113
00000013
00000013
00000013
00000013
00000013
00000013
00000717
04C70713
00000013
00000013
00000013
00000013
00000013
00000013
00000797
0A478793
00000013
00000013
00000013
00000013
00000013
00000013
00F3F663
00877463
03C0006F
0003A783
00F32023
0004A703
00E3A023
0003A783
00E79A63
00438393
00430313
00448493
FC741EE3
00000013
34002373
22932823
04740263
00038413
00000013
00000013
00000013
00000013
00000013
00000013
FFFC3797
23878793
00000013
00000013
00000013
00000013
00000013
00000013
00078067
00000013
000022B7
80028293
30029073
31001073
0F000293
30A29073
31A01073
32001073
32301073
32401073
32501073
32601073
32701073
32801073
32901073
32A01073
32B01073
32C01073
32D01073
32E01073
32F01073
33001073
33101073
33201073
33301073
33401073
33501073
33601073
33701073
33801073
33901073
33A01073
33B01073
33C01073
33D01073
33E01073
33F01073
FFF00293
30629073
00300513
00000073
00000013
00000013
00000013
00000013
00000013
FFFC7317
DA830313
00000013
00000013
00000013
00000013
00000013
00000013
00032023
FEEDC0B7
EAD08093
01909793
0070D113
00F16133
01911793
00715193
00F1E1B3
01919793
0071D213
00F26233
01921793
00725293
00F2E2B3
01929793
0072D313
00F36333
01931793
00735393
00F3E3B3
01939793
0073D413
00F46433
01941793
00745493
00F4E4B3
01949793
0074D513
00F56533
01951793
00755593
00F5E5B3
01959793
0075D613
00F66633
01961793
00765693
00F6E6B3
01969793
0076D713
00F76733
FAB807B7
BB678793
7D5C0837
DDB80813
01981793
00785893
00F8E8B3
01989793
0078D913
00F96933
01991793
00795993
00F9E9B3
01999793
0079DA13
00FA6A33
019A1793
007A5A93
00FAEAB3
019A9793
007ADB13
00FB6B33
019B1793
007B5B93
00FBEBB3
019B9793
007BDC13
00FC6C33
019C1793
007C5C93
00FCECB3
019C9793
007CDD13
00FD6D33
019D1793
007D5D93
00FDEDB3
019D9793
007DDE13
00FE6E33
019E1793
007E5E93
00FEEEB3
019E9793
007EDF13
00FF6F33
019F1793
007F5F93
00FFEFB3
00000013
00000013
00000013
00000013
00000013
FFFD0117
AD010113
00000013
00000013
00000013
00000013
00000013
00000013
6F5CA337
30930313
00000013
00000013
00000013
00000013
00000013
00000013
FFFC4197
02818193
00000013
00000013
00000013
00000013
00000013
00000013
00012203
00620863
000182E7
80041520
80010573
00410113
00000013
00000013
FFFC7197
E3018193
00000013
00000013
00000013
00000013
00000013
00000013
FFFBF317
AA030313
00000013
00000013
00000013
00000013
00000013
00000013
00030067
00054303
02030463
100003B7
00538393
0003C403
02047413
FE040CE3
100003B7
00638023
00150513
FD9FF06F
00008067
FF010113
00112023
00812223
00000097
FC4080E7
00412403
00012083
01010113
00008067
00100093
FFFDF297
A7428293
0012A023
0002A223
0000006F
0000006F
00300093
FFFDF297
A5828293
0012A023
0002A223
0000006F
0000006F
00100513
020005B7
00A5A023
00008067
020005B7
0005A023
00008067
00700513
0C0005B7
02A5A423
40000513
0C0025B7
00A5A023
0C2005B7
0005A023
00200513
100005B7
00A580A3
00008067
100005B7
000580A3
0C2005B7
00458593
0005A503
00A5A023
0C0025B7
0005A023
00008067
00000013
00000013
00000013
00000013
00000013
00000013
00000013
00000013
