@0
0003B097
11808093
00000013
00000013
00000013
00000013
00000013
00000013
000080E7
00000013
00000013
00000013
00000013
00000013
00000013
00000013
@40
0B118093
F4F0C503
00012203
00A20863
4D8022EF
80000044
800085AC
00410113
00418193
00010C93
6C118113
93F14303
000CA203
00620863
4B0022EF
8000006C
800085DD
004C8C93
00418193
00018793
5A478193
A5C1CF83
000CA203
01F20863
488022EF
80000094
8000860E
004C8C93
00478793
00020393
00028413
D1978213
2E724D03
000CA383
01A38863
4740246F
800000C0
8000863F
004C8C93
00478793
D6678293
29A2CA03
000CA383
01438863
4500246F
800000E4
80008670
004C8C93
00478793
48678313
B7A34D03
000CA383
01A38863
42C0246F
80000108
800086A1
004C8C93
00478793
00038693
00040713
07278393
F8E3CF03
000CA683
01E68863
4280276F
80000134
800086D2
004C8C93
00478793
9C978413
63744F83
000CA683
01F68863
4040276F
80000158
80008703
004C8C93
00478793
A5278493
5AE4C383
000CA683
00768863
3E00276F
8000017C
80008734
004C8C93
00478793
8BE78513
74254803
000CA683
01068863
3BC0276F
800001A0
80008765
004C8C93
00478793
D2778593
2D95C283
000CA683
00568863
3980276F
800001C4
80008798
004C8C93
00478793
25878613
DA864E03
000CA683
01C68863
3740276F
800001E8
800087CB
004C8C93
00478793
00068393
00070413
BA478693
45C6CE03
000CA383
01C38863
3200246F
80000214
800087FE
004C8C93
00478793
4C678713
B3A74A83
000CA383
01538863
2FC0246F
80000238
80008831
004C8C93
00478793
00078F13
879F0793
7877C503
000CA383
00A38863
2D40246F
80000260
80008864
004C8C93
004F0F13
C25F0813
3DB84083
000CA383
00138863
2B00246F
80000284
80008897
004C8C93
004F0F13
C01F0893
3FF8C483
000CA383
00938863
28C0246F
800002A8
800088CA
004C8C93
004F0F13
6C6F0913
93A94083
000CA383
00138863
2680246F
800002CC
800088FD
004C8C93
004F0F13
F03F0993
0FD9C683
000CA383
00D38863
2440246F
800002F0
80008930
004C8C93
004F0F13
F6FF0A13
091A4B83
000CA383
01738863
2200246F
80000314
80008963
004C8C93
004F0F13
85BF0A93
7A5AC603
000CA383
00C38863
1FC0246F
80000338
80008996
004C8C93
004F0F13
62EF0B13
9D2B4103
000CA383
00238863
1D80246F
8000035C
800089C9
004C8C93
004F0F13
294F0B93
D6CBCB03
000CA383
01638863
1B40246F
80000380
800089FC
004C8C93
004F0F13
AEFF0C13
511C4583
000CA383
00B38863
1900246F
800003A4
80008A2F
004C8C93
004F0F13
000C8E93
DFCF0C93
204CC303
000EA383
00638863
1680246F
800003CC
80008A62
004E8E93
004F0F13
53CF0D13
AC4D4C83
000EA383
01938863
1440246F
800003F0
80008A95
004E8E93
004F0F13
C85F0D93
37BDCC83
000EA383
01938863
1200246F
80000414
80008AC8
004E8E93
004F0F13
BF1F0E13
40FE4303
000EA383
00638863
0FC0246F
80000438
80008AFB
004E8E93
004F0F13
000E8513
0A8F0E93
F58EC883
00052383
01138863
0D40246F
80000460
80008B2E
00450513
004F0F13
000F0193
F0B18F13
0F5F4B03
00052383
01638863
0AC0246F
80000488
80008B61
00450513
00418193
EC618F93
13AFC803
00052383
01038863
0880246F
800004AC
80008B94
00450513
00418193
18418F13
E7CF4003
00052383
00038863
0640246F
800004D0
80008BC7
00450513
00418193
FCE18B13
032B4083
00052383
00138863
0400246F
800004F4
80008BF4
00450513
00418193
F3918993
0C79C103
00052383
00238863
01C0246F
80000518
80008C21
00450513
00418193
00018593
07558C13
F8BC4183
00052383
00338863
7F50146F
80000540
80008C4E
00450513
00458593
7D858C13
828C4203
00052383
00438863
7D10146F
80000564
80008C7B
00450513
00458593
3B458D93
C4CDC283
00052383
00538863
7AD0146F
80000588
80008CA8
00450513
00458593
C6758993
3999C303
00052383
00638863
7890146F
800005AC
80008CD5
00450513
00458593
00038693
00040713
ADA58093
5260C383
00052683
00768863
7850176F
800005D8
80008D02
00450513
00458593
04658393
FBA3C403
00052683
00868863
7610176F
800005FC
80008D2F
00450513
00458593
CBC58413
34444483
00052683
00968863
73D0176F
80000620
80008D5C
00450513
00458593
00050313
48758293
B792C503
00032683
00A68863
7150176F
80000648
80008D89
00430313
00458593
00058A13
706A0393
8FA3C583
00032683
00B68863
6ED0176F
80000670
80008DB7
00430313
004A0A13
2DFA0C93
D21CC603
00032683
00C68863
6C90176F
80000694
80008DE5
00430313
004A0A13
00068393
00070413
223A0713
DDD74683
00032383
00D38863
6750146F
800006C0
80008E13
00430313
004A0A13
84FA0E93
7B1EC703
00032383
00E38863
6510146F
800006E4
80008E41
00430313
004A0A13
ABAA0993
5469C783
00032383
00F38863
62D0146F
80000708
80008E6F
00430313
004A0A13
D2FA0893
2D18C803
00032383
01038863
6090146F
8000072C
80008E9D
00430313
004A0A13
62FA0F93
9D1FC883
00032383
01138863
5E50146F
80000750
80008ECB
00430313
004A0A13
DA3A0893
25D8C903
00032383
01238863
5C10146F
80000774
80008EF9
00430313
004A0A13
ACAA0613
53664983
00032383
01338863
59D0146F
80000798
80008F27
00430313
004A0A13
000A0493
CB548893
34B8CA03
00032383
01438863
5750146F
800007C0
80008F55
00430313
00448493
3EB48293
C152CA83
00032383
01538863
5510146F
800007E4
80008F83
00430313
00448493
62348913
9DD94B03
00032383
01638863
52D0146F
80000808
80008FB1
00430313
00448493
6CF48913
93194B83
00032383
01738863
5090146F
8000082C
80008FDF
00430313
00448493
31D48A93
CE3ACC03
00032383
01838863
4E50146F
80000850
8000900D
00430313
00448493
BB448D93
44CDCC83
00032383
01938863
4C10146F
80000874
8000903B
00430313
00448493
43148113
BCF14D03
00032383
01A38863
49D0146F
80000898
80009069
00430313
00448493
E4A48B93
1B6BCD83
00032383
01B38863
4790146F
800008BC
80009097
00430313
00448493
9C248F13
63EF4E03
00032383
01C38863
4550146F
800008E0
800090C5
00430313
00448493
ABD48D93
543DCE83
00032383
01D38863
4310146F
80000904
800090F3
00430313
00448493
BC848E13
438E4F03
00032383
01E38863
40D0146F
80000928
80009121
00430313
00448493
BEB48C93
415CCF83
00032383
01F38863
3E90146F
8000094C
8000914F
00430313
00448493
1C548093
E3B0C083
00032383
00138863
3C50146F
80000970
8000917D
00430313
00448493
79048113
87014103
00032383
00238863
3A10146F
80000994
800091B3
00430313
00448493
5CC48193
A341C183
00032383
00338863
37D0146F
800009B8
800091E9
00430313
00448493
85748213
7A924203
00032383
00438863
3590146F
800009DC
8000921F
00430313
00448493
88548293
77B2C283
00032383
00538863
3350146F
80000A00
80009255
00430313
00448493
00030993
53148313
ACF34303
0009A383
00638863
30D0146F
80000A28
8000928B
00498993
00448493
00038693
00040713
7DD48393
8233C383
0009A683
00768863
3090176F
80000A54
800092C1
00498993
00448493
49848413
B6844403
0009A683
00868863
2E50176F
80000A78
800092F7
00498993
00448493
00048913
58190493
A7F4C483
0009A683
00968863
2BD0176F
80000AA0
8000932D
00498993
00490913
A7690513
58A54503
0009A683
00A68863
2990176F
80000AC4
80009363
00498993
00490913
65090593
9B05C583
0009A683
00B68863
2750176F
80000AE8
8000939A
00498993
00490913
E4590613
1BB64603
0009A683
00C68863
2510176F
80000B0C
800093D1
00498993
00490913
00068393
00070413
9C490693
63C6C683
0009A383
00D38863
1FD0146F
80000B38
80009408
00498993
00490913
44C90713
BB474703
0009A383
00E38863
1D90146F
80000B5C
8000943F
00498993
00490913
08090793
F807C783
0009A383
00F38863
1B50146F
80000B80
80009476
00498993
00490913
9F790813
60984803
0009A383
01038863
1910146F
80000BA4
800094AD
00498993
00490913
46A90893
B968C883
0009A383
01138863
16D0146F
80000BC8
800094E4
00498993
00490913
00090513
74350913
8BD94903
0009A383
01238863
1450146F
80000BF0
8000951B
00498993
00450513
00098813
24450993
DBC9C983
00082383
01338863
11D0146F
80000C18
80009552
00480813
00450513
6E450A13
91CA4A03
00082383
01438863
0F90146F
80000C3C
80009589
00480813
00450513
EDE50A93
122ACA83
00082383
01538863
0D50146F
80000C60
800095C0
00480813
00450513
68D50B13
973B4B03
00082383
01638863
0B10146F
80000C84
800095F7
00480813
00450513
C9D50B93
363BCB83
00082383
01738863
08D0146F
80000CA8
8000962E
00480813
00450513
18B50C13
E75C4C03
00082383
01838863
0690146F
80000CCC
80009665
00480813
00450513
77B50C93
885CCC83
00082383
01938863
0450146F
80000CF0
8000969C
00480813
00450513
9E450D13
61CD4D03
00082383
01A38863
0210146F
80000D14
800096D3
00480813
00450513
63D50D93
9C3DCD83
00082383
01B38863
7FC0146F
80000D38
8000970A
00480813
00450513
69650E13
96AE4E03
00082383
01C38863
7D80146F
80000D5C
80009741
00480813
00450513
6AE50E93
952ECE83
00082383
01D38863
7B40146F
80000D80
80009778
00480813
00450513
F7050F13
090F4F03
00082383
01E38863
7900146F
80000DA4
800097AF
00480813
00450513
94B50F93
6B5FCF83
00082383
01F38863
76C0146F
80000DC8
800097E6
00480813
00450513
00050193
0001CB03
00082383
01638863
7480146F
80000DEC
8000981D
00480813
00450513
FFF50F13
001F4A03
00082383
01438863
7240146F
80000E10
80009852
00480813
00450513
FFE50F13
002F4683
00082383
00D38863
7000146F
80000E34
80009887
00480813
00450513
FFD50213
00324B83
00082383
01738863
6DC0146F
80000E58
800098BC
00480813
00450513
FFC50713
00474E03
00082383
01C38863
6B80146F
80000E7C
800098F1
00480813
00450513
FF850713
00874583
00082383
00B38863
6940146F
80000EA0
80009926
00480813
00450513
FF050193
0101C483
00082383
00938863
6700146F
80000EC4
8000995C
00480813
00450513
FE050E93
020EC883
00082383
01138863
64C0146F
80000EE8
80009993
00480813
00450513
FC050113
04014F83
00082383
01F38863
6280146F
80000F0C
800099CA
00480813
00450513
F8050C93
080CCA83
00082383
01538863
6040146F
80000F30
80009A01
00480813
00450513
F0050C93
100CC183
00082383
00338863
5E00146F
80000F54
80009A38
00480813
00450513
E0050E93
200ECF83
00082383
01F38863
5BC0146F
80000F78
80009A70
00480813
00450513
C0150793
3FF7C683
00082383
00D38863
5980146F
80000F9C
80009AA8
00480813
00450513
C0050E93
400EC983
00082383
01338863
5740146F
80000FC0
80009AE0
00480813
00450513
8FD50D13
703D4303
00082383
00638863
5500146F
80000FE4
80009B18
00480813
00450513
80150613
7FF64A03
00082383
01438863
52C0146F
80001008
80009B50
00480813
00450513
7FF50913
00190913
80094B03
00082383
01638863
5040146F
80001030
80009B88
00480813
00450513
7FF50D93
801DC703
00082383
00E38863
4E00146F
80001054
80009BC1
00480813
00450513
00250313
FFE34283
00082383
00538863
4BC0146F
80001078
80009BFA
00480813
00450513
00150693
FFF6C583
00082383
00B38863
4980146F
8000109C
80009C31
00480813
00450513
00000013
00007B97
F40B8B93
00000013
00000013
00000013
00000013
00000013
00000013
00052A03
00450513
014BA023
014BA223
000BCD83
00082383
01B38863
4440146F
800010F0
80009C68
00480813
00000013
00000013
00000013
00000013
00000013
00007297
EE028293
00000013
00000013
00000013
00000013
00000013
00000013
00052B83
00450513
0172A023
0172A223
0012CF03
00082383
01E38863
3E40146F
80001150
80009C9E
00480813
00000013
00000013
00000013
00000013
00000013
00007797
E8078793
00000013
00000013
00000013
00000013
00000013
00000013
00052F83
00450513
01F7A023
01F7A223
0027CB83
00082383
01738863
3840146F
800011B0
80009CD4
00480813
00000013
00000013
00000013
00000013
00000013
00007617
E2060613
00000013
00000013
00000013
00000013
00000013
00000013
00052283
00450513
00562023
00562223
00364D03
00082383
01A38863
3240146F
80001210
80009D0A
00480813
00000013
00000013
00000013
00000013
00000013
00007E97
DC0E8E93
00000013
00000013
00000013
00000013
00000013
00000013
00052C03
00450513
018EA023
018EA223
004EC183
00082383
00338863
2C40146F
80001270
80009D40
00480813
00000013
00000013
00000013
00000013
00000013
00007897
D6088893
00000013
00000013
00000013
00000013
00000013
00000013
00052E83
00450513
01D8A023
01D8A223
0058C183
00082383
00338863
2640146F
800012D0
80009D76
00480813
00000013
00000013
00000013
00000013
00000013
00007217
D0020213
00000013
00000013
00000013
00000013
00000013
00000013
00052D83
00450513
01B22023
01B22223
00624583
00082383
00B38863
2040146F
80001330
80009DAC
00480813
00000013
00000013
00000013
00000013
00000013
00007797
CA078793
00000013
00000013
00000013
00000013
00000013
00000013
00052903
00450513
0127A023
0127A223
0077C203
00082383
00438863
1A40146F
80001390
80009DE2
00480813
F0850913
0F894983
00082383
01338863
1840146F
800013B0
80009E18
00480813
00450513
AD650193
52A1CB83
00082383
01738863
1600146F
800013D4
80009E50
00480813
00450513
7F350593
80D5C883
00082383
01138863
13C0146F
800013F8
80009E88
00480813
00450513
23150193
DCF1C083
00082383
00138863
1180146F
8000141C
80009EC1
00480813
00450513
20850493
DF84C883
00082383
01138863
0F40146F
80001440
80009EFA
00480813
00450513
00080113
00000513
00000073
FFF00513
1D800413
34002373
23832383
23C32483
22032383
25032483
34049073
24832483
305493F3
FFC4F493
FFC3F393
00749E63
00030493
0004A783
00F3A023
00438393
00448493
FE83C8E3
00000013
00000013
00000497
29048493
00000013
00000013
00000013
00000013
00000013
00000013
10E49863
00000013
00000013
00000013
00000013
00000013
00000013
00000013
00009517
0BA50513
00000013
00000013
00000013
00000013
00000013
00000013
0003A097
0A4080E7
00000013
00000013
00000013
00000013
00000013
00000013
00009517
0AF50513
00000013
00000013
00000013
00000013
00000013
00000013
0003A097
064080E7
00000013
00000013
00000013
00000013
00000013
00000013
00009517
0CF50513
00000013
00000013
00000013
00000013
00000013
00000013
0003A097
024080E7
00000013
00000013
00000013
00000013
00000013
00000013
0000A517
C3A50513
00000013
00000013
00000013
00000013
00000013
00000013
0003A097
FE4080E7
0003A097
04C080E7
00000013
00000013
00000013
00000013
00007317
D2830313
00000013
00000013
00000013
00000013
00000013
00000013
00032303
00000013
00000013
00000013
00000013
00000013
00000013
00000013
0000B397
87438393
00000013
00000013
00000013
00000013
00000013
00000013
40730333
00000013
00000013
00000013
00000013
00000013
00000013
00000013
0000B417
82C40413
00000013
00000013
00000013
00000013
00000013
00000013
00042203
00620863
6E9003EF
800015F0
8000A7A3
BAD0E4B7
EAD48493
00E49A63
6D1003EF
80001784
8000A611
00000341
00000013
00000013
00000013
00000013
00009517
EA450513
00000013
00000013
00000013
00000013
00000013
00000013
0003A097
EC4080E7
0003A097
F10080E7
00000013
00000013
00000013
00000013
00009517
E9A50513
00000013
00000013
00000013
00000013
00000013
00000013
0003A097
E84080E7
0003A097
EEC080E7
00000013
00000013
00000013
00000013
00000717
FF070713
00000013
00000013
00000013
00000013
00000013
00000013
CE5FF06F
BAD0E737
EAD70713
CD9FF06F
00000013
00000013
00000013
00000013
00000013
00000013
00000013
00000013
00000013
00000013
00000013
00000013
0800006F
0880006F
0900006F
0980006F
0A00006F
0A80006F
0B00006F
0B80006F
0C00006F
0C80006F
0D00006F
0D80006F
0E00006F
0E80006F
0F00006F
0F80006F
1000006F
1080006F
1100006F
1180006F
1200006F
1280006F
1300006F
1380006F
1400006F
13C0006F
1380006F
1340006F
1300006F
12C0006F
1280006F
1240006F
34011173
26F12823
13C007EF
34011173
26F12823
130007EF
34011173
26F12823
124007EF
34011173
26F12823
118007EF
34011173
26F12823
10C007EF
34011173
26F12823
100007EF
34011173
26F12823
0F4007EF
34011173
26F12823
0E8007EF
34011173
26F12823
0DC007EF
34011173
26F12823
0D0007EF
34011173
26F12823
0C4007EF
34011173
26F12823
0B8007EF
34011173
26F12823
0AC007EF
34011173
26F12823
0A0007EF
34011173
26F12823
094007EF
34011173
26F12823
088007EF
34011173
26F12823
07C007EF
34011173
26F12823
070007EF
34011173
26F12823
064007EF
34011173
26F12823
058007EF
34011173
26F12823
04C007EF
34011173
26F12823
040007EF
34011173
26F12823
034007EF
34011173
26F12823
028007EF
00000317
B5C30313
00000013
00000013
00000013
00000013
00000013
00000013
00030067
26E12623
34011773
26E12A23
23012703
00070067
26912423
26812223
26712023
24612E23
00000013
00000013
00000013
00000013
00000013
00000013
00006317
74830313
00000013
00000013
00000013
00000013
00000013
00000013
00032383
00138393
00732023
34202773
800014B7
FFF48493
00E4F4B3
FFE48413
00041663
2A050AE3
58C0006F
FF848413
00245413
58041063
2A0500E3
FFF50493
00500393
0274E063
07300393
00750463
0800006F
34102573
00450413
34141073
7E40006F
341024F3
00448493
34149073
00100393
00750E63
00200393
02750263
00300393
02750C63
FFF00513
7B80006F
000024B7
80048493
3004A073
7A80006F
000024B7
80048493
3004B073
000014B7
80048493
3004A073
78C0006F
000024B7
80048493
3004B073
77C0006F
00000013
00000013
00000013
00000013
00000013
00000397
17038393
00000013
00000013
00000013
00000013
00000013
00000013
0003A403
00A40863
04040863
00838393
FF1FF06F
00008493
00000013
00000013
00000097
02408093
00000013
00000013
00000013
00000013
00000013
00000013
00038067
00048093
34102473
00440413
34141073
6F00006F
00050493
00000013
0000A517
0F150513
00000013
00000013
00000013
00000013
00000013
00000013
0003A097
A64080E7
00048513
02000593
4C8020EF
00000013
00000013
00000013
00008517
52850513
00000013
00000013
00000013
00000013
00000013
00000013
0003A097
A24080E7
00000013
00000013
00000013
00000013
00000013
00000013
00009517
AF850513
00000013
00000013
00000013
00000013
00000013
00000013
0003A097
9E4080E7
00000013
00000013
00000013
00000013
00000013
00000013
00009517
9BA50513
00000013
00000013
00000013
00000013
00000013
00000013
0003A097
9A4080E7
0003A097
A0C080E7
30002573
00008067
30059073
00008067
3005A073
00008067
3005B073
00008067
30402573
00008067
30459073
00008067
3045A073
00008067
3045B073
00008067
30602573
00008067
30659073
00008067
3065A073
00008067
3065B073
00008067
30A02573
00008067
30A59073
00008067
30A5A073
00008067
30A5B073
00008067
34402573
00008067
34459073
00008067
3445A073
00008067
3445B073
00008067
74702573
00008067
74759073
00008067
7475A073
00008067
7475B073
00008067
32002573
00008067
32059073
00008067
3205A073
00008067
3205B073
00008067
B0002573
00008067
B0059073
00008067
B005A073
00008067
B005B073
00008067
B0202573
00008067
B0259073
00008067
B025A073
00008067
B025B073
00008067
10002573
00008067
10059073
00008067
1005A073
00008067
1005B073
00008067
10402573
00008067
10459073
00008067
1045A073
00008067
1045B073
00008067
10602573
00008067
10659073
00008067
1065A073
00008067
1065B073
00008067
10A02573
00008067
10A59073
00008067
10A5A073
00008067
10A5B073
00008067
14402573
00008067
14459073
00008067
1445A073
00008067
1445B073
00008067
14D02573
00008067
14D59073
00008067
14D5A073
00008067
14D5B073
00008067
18002573
00008067
18059073
00008067
1805A073
00008067
1805B073
00008067
7A002573
00008067
7A059073
00008067
7A05A073
00008067
7A05B073
00008067
7A102573
00008067
7A159073
00008067
7A15A073
00008067
7A15B073
00008067
7A202573
00008067
7A259073
00008067
7A25A073
00008067
7A25B073
00008067
7A302573
00008067
7A359073
00008067
7A35A073
00008067
7A35B073
00008067
7A402573
00008067
7A459073
00008067
7A45A073
00008067
7A45B073
00008067
7A502573
00008067
7A559073
00008067
7A55A073
00008067
7A55B073
00008067
7A802573
00008067
7A859073
00008067
7A85A073
00008067
7A85B073
00008067
7AA02573
00008067
7AA59073
00008067
7AA5A073
00008067
7AA5B073
00008067
5A802573
00008067
5A859073
00008067
5A85A073
00008067
5A85B073
00008067
6A802573
00008067
6A859073
00008067
6A85A073
00008067
6A85B073
00008067
0005A503
00008067
0045A503
00008067
00C5A023
00008067
00C5A223
00008067
00000000
01000393
00075C63
00171413
FF240413
00045663
00C00393
0040006F
D6810113
4B012303
007304B3
4A912823
49012403
40830333
29810113
1F812403
00830333
34102473
00000013
00000013
00008497
0A848493
00000013
00000013
00000013
00000013
00000013
00000013
0084A023
00E4A423
34302473
0084A823
30002473
0084AC23
00000013
00000013
00019417
8FC40413
00000013
00000013
00000013
00000013
00000013
00000013
007304B3
F0946663
24012403
408787B3
00179493
009787B3
0057D793
00679793
0077E7B3
00378793
02075A63
00F00413
00877433
304024F3
0084D4B3
0014F493
00B49493
0097E7B3
344024F3
0084D4B3
0014F493
00C49493
0097E7B3
300023F3
00F39393
0023D393
0021A437
FE540413
FFF44413
0083F433
0087E433
310024F3
1C04F493
00849493
00946433
00032483
00848E63
00040313
00048213
4B4003EF
80002048
8000A7BA
00000341
00070413
00432483
00848E63
00040313
00048213
490003EF
800020EC
8000A8BC
00000341
12074A63
34102473
00010493
0040006F
00000393
04740863
00238393
04740463
04040263
2084A383
2104A783
007787B3
00F47463
02747663
1D84A383
1E04A783
007787B3
00F47463
00747C63
1E84A383
1F04A783
007787B3
E0F47E63
E0746C63
40740433
00832483
00848E63
00040313
00048213
40C003EF
80002174
8000A9B7
00000341
34102473
342023F3
00C00793
00F38A63
00100793
00F38663
01400793
00F39663
34109073
0340006F
300027F3
000E03B7
3003A073
00045383
30079073
0033F393
00138393
0023D393
00138393
00139393
00740433
34141073
34302473
00C32483
00848E63
00040313
00048213
390003EF
800021F0
8000AAAA
00000341
30102473
01841413
00045263
10000393
05C0006F
25C12303
26012383
26412403
26812483
26C12703
27012783
27412103
30200073
00100413
01F77393
00741433
304434F3
34443473
00832483
00848E63
00040313
00048213
328003EF
80002258
8000AC1D
00000341
00000393
00000417
03C40413
00740433
00371393
00740433
FF847413
00042403
00040A63
01F41393
0003D863
00145413
F6870EE3
CD8FF06F
00040067
00000013
00000000
00000000
00000001
00000000
00000001
00000000
8003B000
00000000
00000000
00000000
00000001
00000000
00000001
00000000
8003B014
00000000
00000000
00000000
00000001
00000000
00000001
00000000
8003B030
00000000
00000001
00000000
00000001
00000000
00000001
00000000
00000001
00000000
00000001
00000000
00000001
00000000
00000001
00000000
00000001
00000000
00000001
00000000
00000001
00000000
00000001
00000000
00000001
00000000
00000000
00000000
00000000
00000000
00000000
00000000
00000000
00000000
00000000
00000000
00000000
00000000
00000000
00000000
00000000
00000000
00000001
00000000
00000003
00000000
00000005
00000000
00000007
00000000
00000009
00000000
0000000B
00000000
0000000D
00000000
0000000F
00000000
00000011
00000000
00000013
00000000
00000015
00000000
00000017
00000000
00000019
00000000
0000001B
00000000
0000001D
00000000
0000001F
00000000
00000021
00000000
00000023
00000000
00000025
00000000
00000027
00000000
00000029
00000000
0000002B
00000000
0000002D
00000000
0000002F
00000000
00000000
00000000
00000000
00000000
00000000
00000000
00000000
00000000
00000000
00000000
00000000
00000000
00000000
00000000
00000000
00000000
300023F3
00B3D493
0034F493
FFD48413
341023F3
00000493
02040C63
29810113
310023F3
01839393
0003DA63
29810113
47012783
D6810113
0080006F
F4012783
341023F3
40F383B3
D6810113
1D812483
007483B3
25C12303
26412403
26812483
26C12703
27012783
27412103
00438067
00008217
A1820213
02522423
00122423
00022023
0880006F
00008397
A0038393
0483A023
0243A023
0253A423
0013A423
0003A023
00038213
00040293
0600006F
00008697
9D868693
06E6A823
0246A023
0256A423
0016A423
0006A023
00068213
00070293
0380006F
00008497
9B048493
0674A423
0244A023
0254A423
0014A423
00300093
0014A023
1064A823
1044AC23
00048213
00038293
0040006F
00222823
00322C23
02622823
02722C23
04822023
04922423
04A22823
04B22C23
06C22023
06D22423
06E22823
06F22C23
09022023
09122423
09222823
09322C23
0B422023
0B522423
0B622823
0B722C23
0D822023
0D922423
0DA22823
0DB22C23
0FC22023
0FD22423
0FE22823
0FF22C23
00008497
90C4A483
00300513
18A48663
FFA2D303
FF82D383
01031313
00736333
00F35393
01F3F393
01435413
01F47413
10822223
00341313
00620333
00032303
10622823
FF62D303
FF42D383
01031313
00736333
00030513
07F37413
00300493
0C941063
00C35413
00747413
00200493
0A941863
41435393
00F35313
01F37313
00331313
00620333
00032303
00730333
00337413
0C041263
00000013
00000013
00000013
00000013
00000013
00009417
5A040413
00000013
00000013
00000013
00000013
00000013
00000013
08836663
00000013
00000013
00000013
00000013
00000013
00000013
00000013
00018417
20040413
00000013
00000013
00000013
00000013
00000013
00000013
FFC40413
04646463
00032303
10622C23
3700006F
00100413
00000013
00000013
00008497
90848493
00000013
00000013
00000013
00000013
00000013
00000013
0084A023
10A22C23
3380006F
00200413
00000013
00000013
00000013
00000013
00008497
8C848493
00000013
00000013
00000013
00000013
00000013
00000013
0084A023
10622C23
2F80006F
0042A303
00008817
8A880813
00682023
0002A303
10622423
00008817
89480813
00082303
00008397
FB338393
28730463
00000413
00008817
87080813
00882023
00008397
FAE38393
00731863
00100413
00000493
2740006F
00008397
09838393
00731863
00200413
00000493
25C0006F
00008397
17B38393
00731863
00300413
00000493
2440006F
00008397
25638393
00731863
00400413
00000493
22C0006F
00008397
3B138393
00731863
00500413
00000493
2140006F
00008397
31D38393
00731863
00600413
00000493
1FC0006F
00008397
34338393
00731863
00700413
00000493
1E40006F
00008397
F4638393
00731863
00100413
00100493
1CC0006F
00008397
02E38393
00731863
00200413
00100493
1B40006F
00008397
10F38393
00731863
00300413
00100493
19C0006F
00008397
1EB38393
00731863
00400413
00100493
1840006F
00008397
34438393
00731863
00500413
00100493
16C0006F
00008397
F0E38393
00731863
00100413
00200493
1540006F
00008397
FF438393
00731863
00200413
00200493
13C0006F
00008397
0D338393
00731863
00300413
00200493
1240006F
00008397
1B038393
00731863
00400413
00200493
10C0006F
00008397
30738393
00731863
00500413
00200493
0F40006F
00008397
ED738393
00731863
00100413
00300493
0DC0006F
00008397
FBB38393
00731863
00200413
00300493
0C40006F
00008397
09838393
00731863
00300413
00300493
0AC0006F
00008397
17638393
00731863
00400413
00300493
0940006F
00008397
2CB38393
00731863
00500413
00300493
07C0006F
00008397
2F038393
00731863
00800413
00000493
0640006F
00008397
32738393
00731863
00800413
00000493
04C0006F
00008397
40A38393
00731863
00800413
00100493
0340006F
00008397
4EE38393
00731863
00800413
00200493
01C0006F
0340006F
00900413
00007817
5EC80813
00882023
0300006F
00007817
5DC80813
00882023
00007817
5D480813
00982023
0140006F
00007817
5C080813
00082023
0040006F
0002A303
10622423
00035383
0033F413
00300493
00941863
00235403
01041413
0083E3B3
10722023
0042A303
12622023
00000013
00000013
00000013
00000013
00008517
ABA50513
00000013
00000013
00000013
00000013
00000013
00000013
00039097
AA4080E7
00000013
00000013
00000013
00000013
00000013
00000013
00008517
AAF50513
00000013
00000013
00000013
00000013
00000013
00000013
00039097
A64080E7
00000013
00000013
00000013
00000013
00000013
00000013
00008517
B2650513
00000013
00000013
00000013
00000013
00000013
00000013
00039097
A24080E7
00007517
4B852503
00039097
A14080E7
00000013
00000013
00008517
AF850513
00000013
00000013
00000013
00000013
00000013
00000013
00039097
9E4080E7
00007517
35852503
00300593
52B50C63
00000013
00000013
00008517
ABA50513
00000013
00000013
00000013
00000013
00000013
00000013
00039097
9A4080E7
00007517
41852503
02000593
00357613
00300693
00D60463
01000593
3F4010EF
00000013
00000013
00000013
00000013
00000013
00000013
00007517
44850513
00000013
00000013
00000013
00000013
00000013
00000013
00039097
944080E7
00000013
00000013
00000013
00000013
00000013
00000013
00008517
A2E50513
00000013
00000013
00000013
00000013
00000013
00000013
00039097
904080E7
00007517
38052503
02000593
364010EF
00000013
00000013
00007517
3C850513
00000013
00000013
00000013
00000013
00000013
00000013
00039097
8C4080E7
00000013
00000013
00000013
00000013
00000013
00000013
00008517
3E550513
00000013
00000013
00000013
00000013
00000013
00000013
00039097
884080E7
00007517
1F852503
00050663
00300593
04B51063
07800593
00007617
34860613
00000013
00000013
00000013
00000013
00000013
00000013
00B60023
00160613
00007517
2BC52503
324010EF
1180006F
00100593
04B50863
00400593
08B50A63
00500593
0CB50663
00000013
00000013
00000013
00000013
00008517
45B50513
00000013
00000013
00000013
00000013
00000013
00000013
00038097
7E4080E7
1000006F
06600593
00000013
00000013
00000013
00000013
00007617
2A860613
00000013
00000013
00000013
00000013
00000013
00000013
00B60023
00160613
00007517
21C52503
284010EF
0780006F
07600593
00000013
00007617
26860613
00000013
00000013
00000013
00000013
00000013
00000013
00B60023
00160613
00007517
1DC52503
244010EF
0380006F
00000013
00000013
00008517
27E50513
00000013
00000013
00000013
00000013
00000013
00000013
00038097
724080E7
0400006F
00000013
00000013
00000013
00000013
00000013
00007517
1E850513
00000013
00000013
00000013
00000013
00000013
00000013
00038097
6E4080E7
00000013
00000013
00000013
00000013
00000013
00000013
00008517
21650513
00000013
00000013
00000013
00000013
00000013
00000013
00038097
6A4080E7
00007517
01852503
00100593
00B51C63
00007517
11852503
02000593
0F4010EF
0140006F
00007517
10452503
02000593
0E0010EF
00000013
00007517
14850513
00000013
00000013
00000013
00000013
00000013
00000013
00038097
644080E7
00007517
0E052503
08051E63
00000013
00000013
00000013
00008517
18D50513
00000013
00000013
00000013
00000013
00000013
00000013
00038097
604080E7
00007517
F7852503
00100593
00B51C63
00007517
08052503
02000593
054010EF
0140006F
00007517
06C52503
02000593
040010EF
00000013
00007517
0A850513
00000013
00000013
00000013
00000013
00000013
00000013
00038097
5A4080E7
5BD0006F
00100593
06B51E63
00000013
00000013
00000013
00008517
10450513
00000013
00000013
00000013
00000013
00000013
00000013
00038097
564080E7
00007517
FF052503
02000593
7C5000EF
00000013
00000013
00007517
02850513
00000013
00000013
00000013
00000013
00000013
00000013
00038097
524080E7
53D0006F
00000013
00000013
00000013
00000013
00000013
00008517
0E250513
00000013
00000013
00000013
00000013
00000013
00000013
00038097
4E4080E7
00007517
F7052503
02000593
745000EF
00000013
00000013
00007517
FA850513
00000013
00000013
00000013
00000013
00000013
00000013
00038097
4A4080E7
4BD0006F
00007417
F4442403
00900493
0A940C63
00000013
00008517
10750513
00000013
00000013
00000013
00000013
00000013
00000013
00038097
464080E7
00000013
00000013
00000013
00000013
00000013
00000013
00008517
0F350513
00000013
00000013
00000013
00000013
00000013
00000013
00038097
424080E7
00007817
ED080813
00082503
00038097
410080E7
00000013
00007517
4F850513
00000013
00000013
00000013
00000013
00000013
00000013
00038097
3E4080E7
280404E3
3400006F
00000013
00000013
00000013
00000013
00008517
08350513
00000013
00000013
00000013
00000013
00000013
00000013
00038097
3A4080E7
00007517
E3052503
02000593
605000EF
00000013
00000013
00007517
E6850513
00000013
00000013
00000013
00000013
00000013
00000013
00038097
364080E7
00000013
00000013
00000013
00000013
00000013
00000013
00008517
02E50513
00000013
00000013
00000013
00000013
00000013
00000013
00038097
324080E7
00007517
DA852503
02000593
585000EF
00000013
00000013
00007517
DE850513
00000013
00000013
00000013
00000013
00000013
00000013
00038097
2E4080E7
00007317
D6832303
00007397
D683A383
10736A63
00000013
00008517
FDD50513
00000013
00000013
00000013
00000013
00000013
00000013
00038097
2A4080E7
00000013
00000013
00000013
00000013
00000013
00000013
00008517
00550513
00000013
00000013
00000013
00000013
00000013
00000013
00038097
264080E7
00007317
CE832303
00007397
CE83A383
40730533
02000593
4B9000EF
00000013
00000013
00000013
00000013
00000013
00000013
00000013
00007517
D0850513
00000013
00000013
00000013
00000013
00000013
00000013
00038097
204080E7
00000013
00000013
00000013
00000013
00000013
00000013
00008517
F8C50513
00000013
00000013
00000013
00000013
00000013
00000013
00038097
1C4080E7
1DD0006F
00000013
00000013
00000013
00000013
00000013
00008517
EE950513
00000013
00000013
00000013
00000013
00000013
00000013
00038097
184080E7
00000013
00000013
00000013
00000013
00000013
00000013
00008517
EE550513
00000013
00000013
00000013
00000013
00000013
00000013
00038097
144080E7
00007317
BD032303
00007397
BC03A383
40730533
02000593
399000EF
00000013
00000013
00000013
00000013
00000013
00000013
00000013
00007517
BE850513
00000013
00000013
00000013
00000013
00000013
00000013
00038097
0E4080E7
00000013
00000013
00000013
00000013
00000013
00000013
00008517
F5450513
00000013
00000013
00000013
00000013
00000013
00000013
00038097
0A4080E7
0BD0006F
00000013
00000013
00000013
00000013
00000013
00008517
FFB50513
00000013
00000013
00000013
00000013
00000013
00000013
00038097
064080E7
00007517
B0C52503
04050A63
00100593
08B50663
00200593
0CB50263
00300593
0EB50E63
00000013
00000013
00000013
00000013
00000013
00008517
FD750513
00000013
00000013
00000013
00000013
00000013
00000013
1000006F
00000013
00000013
00000013
00000013
00000013
00000013
00000013
00008517
F7550513
00000013
00000013
00000013
00000013
00000013
00000013
0C00006F
00000013
00000013
00000013
00000013
00000013
00000013
00000013
00008517
F3D50513
00000013
00000013
00000013
00000013
00000013
00000013
0800006F
00000013
00000013
00000013
00000013
00000013
00000013
00000013
00008517
F0550513
00000013
00000013
00000013
00000013
00000013
00000013
0400006F
00000013
00000013
00000013
00000013
00000013
00000013
00000013
00008517
ECE50513
00000013
00000013
00000013
00000013
00000013
00000013
00038097
F04080E7
00000013
00000013
00000013
00000013
00000013
00000013
00008517
EA050513
00000013
00000013
00000013
00000013
00000013
00000013
00038097
EC4080E7
00007517
96852503
00100593
06B50863
00200593
0AB50463
00300593
0EB50063
00400593
10B50C63
00500593
14B50863
00600593
18B50463
00700593
1CB50063
00800593
1EB50C63
00000013
00000013
00000013
00000013
00008517
F7750513
00000013
00000013
00000013
00000013
00000013
00000013
2000006F
00000013
00000013
00000013
00000013
00000013
00000013
00000013
00008517
DFA50513
00000013
00000013
00000013
00000013
00000013
00000013
1C00006F
00000013
00000013
00000013
00000013
00000013
00000013
00000013
00008517
DEB50513
00000013
00000013
00000013
00000013
00000013
00000013
1800006F
00000013
00000013
00000013
00000013
00000013
00000013
00000013
00008517
DCB50513
00000013
00000013
00000013
00000013
00000013
00000013
1400006F
00000013
00000013
00000013
00000013
00000013
00000013
00000013
00008517
DA950513
00000013
00000013
00000013
00000013
00000013
00000013
1000006F
00000013
00000013
00000013
00000013
00000013
00000013
00000013
00008517
D8850513
00000013
00000013
00000013
00000013
00000013
00000013
0C00006F
00000013
00000013
00000013
00000013
00000013
00000013
00000013
00008517
D7050513
00000013
00000013
00000013
00000013
00000013
00000013
0800006F
00000013
00000013
00000013
00000013
00000013
00000013
00000013
00008517
D5C50513
00000013
00000013
00000013
00000013
00000013
00000013
0400006F
00000013
00000013
00000013
00000013
00000013
00000013
00000013
00008517
D4850513
00000013
00000013
00000013
00000013
00000013
00000013
00038097
C44080E7
00000013
00000013
00000013
00000013
00000013
00000013
00008517
D4650513
00000013
00000013
00000013
00000013
00000013
00000013
00038097
C04080E7
00006517
69052503
02000593
664000EF
00000013
00000013
00006517
6C850513
00000013
00000013
00000013
00000013
00000013
00000013
00038097
BC4080E7
00000013
00000013
00000013
00000013
00000013
00000013
00008517
CDD50513
00000013
00000013
00000013
00000013
00000013
00000013
00038097
B84080E7
00006517
60852503
02000593
5E4000EF
00000013
00000013
00006517
64850513
00000013
00000013
00000013
00000013
00000013
00000013
00038097
B44080E7
00006517
5E852503
00200593
08B51463
00000013
00000013
00008517
C7450513
00000013
00000013
00000013
00000013
00000013
00000013
00038097
B04080E7
00006517
59052503
284000EF
00038097
AF0080E7
00000013
00008517
C4B50513
00000013
00000013
00000013
00000013
00000013
00000013
00038097
AC4080E7
00006517
54852503
244000EF
00038097
AB0080E7
00000097
314080E7
00006517
54C52503
00100593
02B51E63
00000013
00000013
00000013
00008517
C6150513
00000013
00000013
00000013
00000013
00000013
00000013
00038097
A64080E7
27C0006F
00200593
02B51E63
00000013
00000013
00000013
00008517
CF750513
00000013
00000013
00000013
00000013
00000013
00000013
00038097
A24080E7
23C0006F
00300593
02B51E63
00000013
00000013
00000013
00008517
DAA50513
00000013
00000013
00000013
00000013
00000013
00000013
00038097
9E4080E7
1FC0006F
00400593
02B51E63
00000013
00000013
00000013
00008517
E6550513
00000013
00000013
00000013
00000013
00000013
00000013
00038097
9A4080E7
1BC0006F
00500593
02B51E63
00000013
00000013
00000013
00008517
F0C50513
00000013
00000013
00000013
00000013
00000013
00000013
00038097
964080E7
17C0006F
1780006F
00000013
00000013
00000013
00000013
00008517
AD950513
00000013
00000013
00000013
00000013
00000013
00000013
00038097
924080E7
00006617
3E062603
00000013
00000013
00000013
00000013
00007517
A8250513
00000013
00000013
00000013
00000013
00000013
00000013
00038097
8E4080E7
00065503
01000593
00357413
00300493
00941A63
00265403
01041413
00856533
02000593
32C000EF
00000013
00000013
00000013
00000013
00006517
38850513
00000013
00000013
00000013
00000013
00000013
00000013
00038097
884080E7
00000097
0E8080E7
0940006F
02054263
01800593
04B55463
00006597
37058593
00251613
00C585B3
0005A503
00008067
00100593
01F59593
00B54533
01000593
00B55E63
00006597
3A458593
00251613
00C585B3
0005A503
00008067
00000013
00000013
00000013
00000013
00000013
00000013
00000013
00006517
7AE50513
00000013
00000013
00000013
00000013
00000013
00000013
00008067
00000013
00000013
00000013
00000013
00000013
00000013
00000013
00007517
3FA50513
00000013
00000013
00000013
00000013
00000013
00000013
00037097
7A4080E7
00038097
80C080E7
00006617
25060613
00162023
00000013
00007517
92350513
00000013
00000013
00000013
00000013
00000013
00000013
00037097
764080E7
00006517
22052503
02000593
1C4000EF
00000013
00000013
00006517
22850513
00000013
00000013
00000013
00000013
00000013
00000013
00037097
724080E7
00000013
00000013
00000013
00000013
00000013
00000013
00007517
8B350513
00000013
00000013
00000013
00000013
00000013
00000013
00037097
6E4080E7
00006517
1A852503
02000593
144000EF
00000013
00000013
00006517
1A850513
00000013
00000013
00000013
00000013
00000013
00000013
00037097
6A4080E7
00000013
00000013
00000013
00000013
00000013
00000013
00007517
84350513
00000013
00000013
00000013
00000013
00000013
00000013
00037097
664080E7
00006517
13052503
02000593
0C4000EF
00000013
00000013
00006517
12850513
00000013
00000013
00000013
00000013
00000013
00000013
00037097
624080E7
00000013
00000013
00000013
00000013
00000013
00000013
00006517
7D350513
00000013
00000013
00000013
00000013
00000013
00000013
00037097
5E4080E7
00006517
0B852503
02000593
044000EF
00000013
00000013
00006517
0A850513
00000013
00000013
00000013
00000013
00000013
00000013
00037097
5A4080E7
00006617
05860613
00062083
00008067
00000013
00000013
00006617
06860613
00000013
00000013
00000013
00000013
00000013
00000013
03000693
00D60023
07800693
00D600A3
00260613
00058693
FFC68693
00D55733
00F77713
00A00793
00F74663
05770713
0080006F
03070713
00E60023
00160613
FC069CE3
00A00693
00D60023
000600A3
00008067
00A00693
02D54663
FF650513
03100713
00D54C63
FF650513
03200713
00D54663
FF650513
03300713
00E60023
00160613
03050513
00A60023
00A00693
00D600A3
00060123
00008067
00000013
@00008000
FFFEBEEF
DEAD0001
FFFDBEEF
DEAD0002
FFFCBEEF
DEAD0003
FFFBBEEF
DEAD0004
FFFABEEF
DEAD0005
FFF9BEEF
DEAD0006
FFF8BEEF
DEAD0007
FFF7BEEF
DEAD0008
FFF6BEEF
DEAD0009
FFF5BEEF
DEAD000A
FFF4BEEF
DEAD000B
FFF3BEEF
DEAD000C
FFF2BEEF
DEAD000D
FFF1BEEF
DEAD000E
FFF0BEEF
DEAD000F
FFEFBEEF
DEAD0010
FFEEBEEF
DEAD0011
FFEDBEEF
DEAD0012
FFECBEEF
DEAD0013
FFEBBEEF
DEAD0014
FFEABEEF
DEAD0015
FFE9BEEF
DEAD0016
FFE8BEEF
DEAD0017
FFE7BEEF
DEAD0018
FFE6BEEF
DEAD0019
FFE5BEEF
DEAD001A
FFE4BEEF
DEAD001B
FFE3BEEF
DEAD001C
FFE2BEEF
DEAD001D
FFE1BEEF
DEAD001E
FFE0BEEF
DEAD001F
FFDFBEEF
DEAD0020
FFDEBEEF
DEAD0021
00000000
00000000
0000006F
0000006F
0000006F
0000006F
0000006F
0000006F
0000006F
0000006F
0000006F
0000006F
0000006F
0000006F
0000006F
0000006F
0000006F
0000006F
0000006F
0000006F
0000006F
0000006F
0000006F
0000006F
0000006F
0000006F
0000006F
0000006F
0000006F
0000006F
0000006F
0000006F
0000006F
0000006F
0000006F
0000006F
0000006F
0000006F
0000006F
0000006F
0000006F
0000006F
0000006F
0000006F
0000006F
0000006F
0000006F
0000006F
0000006F
0000006F
0000006F
0000006F
0000006F
0000006F
0000006F
0000006F
0000006F
0000006F
0000006F
0000006F
0000006F
0000006F
0000006F
0000006F
0000006F
0000006F
0000006F
0000006F
0000006F
0000006F
0000006F
0000006F
0000006F
0000006F
0000006F
0000006F
0000006F
0000006F
0000006F
0000006F
0000006F
0000006F
0000006F
0000006F
0000006F
0000006F
0000006F
0000006F
0000006F
0000006F
0000006F
0000006F
0000006F
0000006F
0000006F
0000006F
0000006F
0000006F
0000006F
0000006F
0000006F
0000006F
0000006F
0000006F
0000006F
0000006F
0000006F
0000006F
0000006F
0000006F
0000006F
0000006F
0000006F
0000006F
0000006F
0000006F
0000006F
0000006F
0000006F
0000006F
80000040
00000000
00001424
00000000
800083B0
00000000
000038C5
00000000
8000BC80
00000000
0000ECA0
00000000
80000040
00000000
00001424
00000000
8000BEB4
00000000
00000000
00000000
00000000
00000000
80001998
00000000
00000000
00000000
00000000
00000000
00000000
00000000
00000000
00000000
DEADBEEF
DEADBEEF
DEADBEEF
DEADBEEF
DEADBEEF
DEADBEEF
DEADBEEF
DEADBEEF
DEADBEEF
DEADBEEF
DEADBEEF
DEADBEEF
DEADBEEF
DEADBEEF
DEADBEEF
DEADBEEF
00000000
00000000
9642956C
A4FE17CB
37EBC301
46C82FA1
57026AE5
DE97E779
C4E366FD
11935558
D76058BC
9A9418C5
10F09843
DD94F883
F5D62855
F6704A93
06D6A601
D3DD196A
83625E4A
02C848A7
64E6AF8F
9D452C2A
E1831B1E
64D2E5D2
AB6A2D27
D86F9EDA
ED4BDCEF
DE02E4F9
DA4C0359
654B3C0E
F1CAC7DD
9D0F930F
3948682F
77166442
7C1BC0F0
D84A08F3
DCFD805A
F5A1124C
1105D003
6D3D4688
F404C720
B331B1BF
468544CE
A76D69AE
AC1BA218
BC459858
8B8879CE
4A9B481F
1B2F47BC
4F27E2D5
D919ADEA
DEB8DA4A
8CEFDD06
C3A4E3D4
659CD5F6
88F1B4D8
2843F700
8E82546A
537B1723
0875FE63
15008457
9503D046
BBF7E09F
2E4C5D0F
F919610C
10EBB7DC
4D20518A
A5DEDEB4
8243CD23
3017952C
BA99C3A0
E0785AAC
6DA1DA79
82C48639
0FE17420
12B32258
37F05E94
09DD157C
55AD35FA
D0D2DA67
C273477D
6788792F
E12B461D
FEF9D141
02DF9135
3C8442B6
05949855
2CA1D695
748A07AC
4881A9CD
4B64F5DB
E03C3694
811FE499
8A209D8F
A65F0C0F
C8B09F2A
A6243CC9
06D24A2D
1477F547
24E0C15A
7A21B22D
19EA6967
64F35CAD
C8C39ADC
193CA58B
919DDFE1
CC7453D1
237F2837
F2FF0CE4
90078437
F05361B2
2BB8AA37
61FC6E6E
BD6ED69D
7C17E546
E3504E89
016424FB
C6D4E057
F4EFA90D
34F289E9
111DB109
60CD4AB9
5CBBB204
2FC517A2
00000000
00000001
0000007F
00000080
000000FF
73657422
31203A74
6763203B
5F49203A
5F75626C
203B6763
203A7063
725F7063
6E5F3173
203B3078
3A6E6962
22316220
65742200
203A7473
63203B32
49203A67
75626C5F
3B67635F
3A706320
5F706320
5F317372
3B30786E
6E696220
3262203A
74220022
3A747365
203B3320
203A6763
626C5F49
67635F75
7063203B
7063203A
3173725F
30786E5F
6962203B
62203A6E
22002233
74736574
3B34203A
3A676320
6C5F4920
635F7562
63203B67
63203A70
73725F70
786E5F31
62203B30
203A6E69
00223462
73657422
35203A74
6763203B
5F49203A
5F75626C
203B6763
203A7063
725F7063
6E5F3173
203B3078
3A6E6962
22356220
65742200
203A7473
63203B36
49203A67
75626C5F
3B67635F
3A706320
5F706320
5F317372
3B30786E
6E696220
3662203A
74220022
3A747365
203B3720
203A6763
626C5F49
67635F75
7063203B
7063203A
3173725F
30786E5F
6962203B
62203A6E
22002237
74736574
3B38203A
3A676320
6C5F4920
635F7562
63203B67
63203A70
73725F70
786E5F31
62203B30
203A6E69
00223862
73657422
39203A74
6763203B
5F49203A
5F75626C
203B6763
203A7063
725F7063
6E5F3173
203B3078
3A6E6962
22396220
65742200
203A7473
203B3031
203A6763
626C5F49
67635F75
7063203B
7063203A
3173725F
30786E5F
6962203B
62203A6E
00223031
73657422
31203A74
63203B31
49203A67
75626C5F
3B67635F
3A706320
5F706320
5F317372
3B30786E
6E696220
3162203A
22002231
74736574
3231203A
6763203B
5F49203A
5F75626C
203B6763
203A7063
725F7063
6E5F3173
203B3078
3A6E6962
32316220
74220022
3A747365
3B333120
3A676320
6C5F4920
635F7562
63203B67
63203A70
73725F70
786E5F31
62203B30
203A6E69
22333162
65742200
203A7473
203B3431
203A6763
626C5F49
67635F75
7063203B
7063203A
3173725F
30786E5F
6962203B
62203A6E
00223431
73657422
31203A74
63203B35
49203A67
75626C5F
3B67635F
3A706320
5F706320
5F317372
3B30786E
6E696220
3162203A
22002235
74736574
3631203A
6763203B
5F49203A
5F75626C
203B6763
203A7063
725F7063
6E5F3173
203B3078
3A6E6962
36316220
74220022
3A747365
3B373120
3A676320
6C5F4920
635F7562
63203B67
63203A70
73725F70
786E5F31
62203B30
203A6E69
22373162
65742200
203A7473
203B3831
203A6763
626C5F49
67635F75
7063203B
7063203A
3173725F
30786E5F
6962203B
62203A6E
00223831
73657422
31203A74
63203B39
49203A67
75626C5F
3B67635F
3A706320
5F706320
5F317372
3B30786E
6E696220
3162203A
22002239
74736574
3032203A
6763203B
5F49203A
5F75626C
203B6763
203A7063
725F7063
6E5F3173
203B3078
3A6E6962
30326220
74220022
3A747365
3B313220
3A676320
6C5F4920
635F7562
63203B67
63203A70
73725F70
786E5F31
62203B30
203A6E69
22313262
65742200
203A7473
203B3232
203A6763
626C5F49
67635F75
7063203B
7063203A
3173725F
30786E5F
6962203B
62203A6E
00223232
73657422
32203A74
63203B33
49203A67
75626C5F
3B67635F
3A706320
5F706320
5F317372
3B30786E
6E696220
3262203A
22002233
74736574
3432203A
6763203B
5F49203A
5F75626C
203B6763
203A7063
725F7063
6E5F3173
203B3078
3A6E6962
34326220
74220022
3A747365
3B353220
3A676320
6C5F4920
635F7562
63203B67
63203A70
73725F70
786E5F31
62203B30
203A6E69
22353262
65742200
203A7473
203B3632
203A6763
626C5F49
67635F75
7063203B
7063203A
3173725F
30786E5F
6962203B
62203A6E
00223632
73657422
32203A74
63203B37
49203A67
75626C5F
3B67635F
3A706320
5F706320
5F317372
3B30786E
6E696220
3262203A
22002237
74736574
3832203A
6763203B
5F49203A
5F75626C
203B6763
203A7063
725F7063
6E5F3173
203B3078
3A6E6962
38326220
74220022
3A747365
3B393220
3A676320
6C5F4920
635F7562
63203B67
63203A70
73725F70
786E5F31
62203B30
203A6E69
22393262
65742200
203A7473
203B3033
203A6763
626C5F49
67635F75
7063203B
7063203A
3173725F
30786E5F
6962203B
62203A6E
00223033
73657422
33203A74
63203B31
49203A67
75626C5F
3B67635F
3A706320
5F706320
5F317372
3B30786E
6E696220
3362203A
22002231
74736574
3233203A
6763203B
5F49203A
5F75626C
203B6763
203A7063
725F7063
62203B64
203A6E69
00223062
73657422
33203A74
63203B33
49203A67
75626C5F
3B67635F
3A706320
5F706320
203B6472
3A6E6962
22316220
65742200
203A7473
203B3433
203A6763
626C5F49
67635F75
7063203B
7063203A
3B64725F
6E696220
3262203A
74220022
3A747365
3B353320
3A676320
6C5F4920
635F7562
63203B67
63203A70
64725F70
6962203B
62203A6E
22002233
74736574
3633203A
6763203B
5F49203A
5F75626C
203B6763
203A7063
725F7063
62203B64
203A6E69
00223462
73657422
33203A74
63203B37
49203A67
75626C5F
3B67635F
3A706320
5F706320
203B6472
3A6E6962
22356220
65742200
203A7473
203B3833
203A6763
626C5F49
67635F75
7063203B
7063203A
3B64725F
6E696220
3662203A
74220022
3A747365
3B393320
3A676320
6C5F4920
635F7562
63203B67
63203A70
64725F70
6962203B
62203A6E
22002237
74736574
3034203A
6763203B
5F49203A
5F75626C
203B6763
203A7063
725F7063
62203B64
203A6E69
00223862
73657422
34203A74
63203B31
49203A67
75626C5F
3B67635F
3A706320
5F706320
203B6472
3A6E6962
22396220
65742200
203A7473
203B3234
203A6763
626C5F49
67635F75
7063203B
7063203A
3B64725F
6E696220
3162203A
22002230
74736574
3334203A
6763203B
5F49203A
5F75626C
203B6763
203A7063
725F7063
62203B64
203A6E69
22313162
65742200
203A7473
203B3434
203A6763
626C5F49
67635F75
7063203B
7063203A
3B64725F
6E696220
3162203A
22002232
74736574
3534203A
6763203B
5F49203A
5F75626C
203B6763
203A7063
725F7063
62203B64
203A6E69
22333162
65742200
203A7473
203B3634
203A6763
626C5F49
67635F75
7063203B
7063203A
3B64725F
6E696220
3162203A
22002234
74736574
3734203A
6763203B
5F49203A
5F75626C
203B6763
203A7063
725F7063
62203B64
203A6E69
22353162
65742200
203A7473
203B3834
203A6763
626C5F49
67635F75
7063203B
7063203A
3B64725F
6E696220
3162203A
22002236
74736574
3934203A
6763203B
5F49203A
5F75626C
203B6763
203A7063
725F7063
62203B64
203A6E69
22373162
65742200
203A7473
203B3035
203A6763
626C5F49
67635F75
7063203B
7063203A
3B64725F
6E696220
3162203A
22002238
74736574
3135203A
6763203B
5F49203A
5F75626C
203B6763
203A7063
725F7063
62203B64
203A6E69
22393162
65742200
203A7473
203B3235
203A6763
626C5F49
67635F75
7063203B
7063203A
3B64725F
6E696220
3262203A
22002230
74736574
3335203A
6763203B
5F49203A
5F75626C
203B6763
203A7063
725F7063
62203B64
203A6E69
22313262
65742200
203A7473
203B3435
203A6763
626C5F49
67635F75
7063203B
7063203A
3B64725F
6E696220
3262203A
22002232
74736574
3535203A
6763203B
5F49203A
5F75626C
203B6763
203A7063
725F7063
62203B64
203A6E69
22333262
65742200
203A7473
203B3635
203A6763
626C5F49
67635F75
7063203B
7063203A
3B64725F
6E696220
3262203A
22002234
74736574
3735203A
6763203B
5F49203A
5F75626C
203B6763
203A7063
725F7063
62203B64
203A6E69
22353262
65742200
203A7473
203B3835
203A6763
626C5F49
67635F75
7063203B
7063203A
3B64725F
6E696220
3262203A
22002236
74736574
3935203A
6763203B
5F49203A
5F75626C
203B6763
203A7063
725F7063
62203B64
203A6E69
22373262
65742200
203A7473
203B3036
203A6763
626C5F49
67635F75
7063203B
7063203A
3B64725F
6E696220
3262203A
22002238
74736574
3136203A
6763203B
5F49203A
5F75626C
203B6763
203A7063
725F7063
62203B64
203A6E69
22393262
65742200
203A7473
203B3236
203A6763
626C5F49
67635F75
7063203B
7063203A
3B64725F
6E696220
3362203A
22002230
74736574
3336203A
6763203B
5F49203A
5F75626C
203B6763
203A7063
725F7063
62203B64
203A6E69
22313362
65742200
203A7473
203B3436
203A6763
626C5F49
67635F75
7063203B
6D63203A
64725F70
3173725F
30786E5F
6962203B
62203A6E
22002231
74736574
3536203A
6763203B
5F49203A
5F75626C
203B6763
203A7063
5F706D63
725F6472
6E5F3173
203B3078
3A6E6962
22326220
65742200
203A7473
203B3636
203A6763
626C5F49
67635F75
7063203B
6D63203A
64725F70
3173725F
30786E5F
6962203B
62203A6E
22002233
74736574
3736203A
6763203B
5F49203A
5F75626C
203B6763
203A7063
5F706D63
725F6472
6E5F3173
203B3078
3A6E6962
22346220
65742200
203A7473
203B3836
203A6763
626C5F49
67635F75
7063203B
6D63203A
64725F70
3173725F
30786E5F
6962203B
62203A6E
22002235
74736574
3936203A
6763203B
5F49203A
5F75626C
203B6763
203A7063
5F706D63
725F6472
6E5F3173
203B3078
3A6E6962
22366220
65742200
203A7473
203B3037
203A6763
626C5F49
67635F75
7063203B
6D63203A
64725F70
3173725F
30786E5F
6962203B
62203A6E
22002237
74736574
3137203A
6763203B
5F49203A
5F75626C
203B6763
203A7063
5F706D63
725F6472
6E5F3173
203B3078
3A6E6962
22386220
65742200
203A7473
203B3237
203A6763
626C5F49
67635F75
7063203B
6D63203A
64725F70
3173725F
30786E5F
6962203B
62203A6E
22002239
74736574
3337203A
6763203B
5F49203A
5F75626C
203B6763
203A7063
5F706D63
725F6472
6E5F3173
203B3078
3A6E6962
30316220
74220022
3A747365
3B343720
3A676320
6C5F4920
635F7562
63203B67
63203A70
725F706D
73725F64
786E5F31
62203B30
203A6E69
22313162
65742200
203A7473
203B3537
203A6763
626C5F49
67635F75
7063203B
6D63203A
64725F70
3173725F
30786E5F
6962203B
62203A6E
00223231
73657422
37203A74
63203B36
49203A67
75626C5F
3B67635F
3A706320
706D6320
5F64725F
5F317372
3B30786E
6E696220
3162203A
22002233
74736574
3737203A
6763203B
5F49203A
5F75626C
203B6763
203A7063
5F706D63
725F6472
6E5F3173
203B3078
3A6E6962
34316220
74220022
3A747365
3B383720
3A676320
6C5F4920
635F7562
63203B67
63203A70
725F706D
73725F64
786E5F31
62203B30
203A6E69
22353162
65742200
203A7473
203B3937
203A6763
626C5F49
67635F75
7063203B
6D63203A
64725F70
3173725F
30786E5F
6962203B
62203A6E
00223631
73657422
38203A74
63203B30
49203A67
75626C5F
3B67635F
3A706320
706D6320
5F64725F
5F317372
3B30786E
6E696220
3162203A
22002237
74736574
3138203A
6763203B
5F49203A
5F75626C
203B6763
203A7063
5F706D63
725F6472
6E5F3173
203B3078
3A6E6962
38316220
74220022
3A747365
3B323820
3A676320
6C5F4920
635F7562
63203B67
63203A70
725F706D
73725F64
786E5F31
62203B30
203A6E69
22393162
65742200
203A7473
203B3338
203A6763
626C5F49
67635F75
7063203B
6D63203A
64725F70
3173725F
30786E5F
6962203B
62203A6E
00223032
73657422
38203A74
63203B34
49203A67
75626C5F
3B67635F
3A706320
706D6320
5F64725F
5F317372
3B30786E
6E696220
3262203A
22002231
74736574
3538203A
6763203B
5F49203A
5F75626C
203B6763
203A7063
5F706D63
725F6472
6E5F3173
203B3078
3A6E6962
32326220
74220022
3A747365
3B363820
3A676320
6C5F4920
635F7562
63203B67
63203A70
725F706D
73725F64
786E5F31
62203B30
203A6E69
22333262
65742200
203A7473
203B3738
203A6763
626C5F49
67635F75
7063203B
6D63203A
64725F70
3173725F
30786E5F
6962203B
62203A6E
00223432
73657422
38203A74
63203B38
49203A67
75626C5F
3B67635F
3A706320
706D6320
5F64725F
5F317372
3B30786E
6E696220
3262203A
22002235
74736574
3938203A
6763203B
5F49203A
5F75626C
203B6763
203A7063
5F706D63
725F6472
6E5F3173
203B3078
3A6E6962
36326220
74220022
3A747365
3B303920
3A676320
6C5F4920
635F7562
63203B67
63203A70
725F706D
73725F64
786E5F31
62203B30
203A6E69
22373262
65742200
203A7473
203B3139
203A6763
626C5F49
67635F75
7063203B
6D63203A
64725F70
3173725F
30786E5F
6962203B
62203A6E
00223832
73657422
39203A74
63203B32
49203A67
75626C5F
3B67635F
3A706320
706D6320
5F64725F
5F317372
3B30786E
6E696220
3262203A
22002239
74736574
3339203A
6763203B
5F49203A
5F75626C
203B6763
203A7063
5F706D63
725F6472
6E5F3173
203B3078
3A6E6962
30336220
74220022
3A747365
3B343920
3A676320
6C5F4920
635F7562
63203B67
63203A70
725F706D
73725F64
786E5F31
62203B30
203A6E69
22313362
65742200
203A7473
203B3539
203A6763
626C5F49
67635F75
7063203B
7063203A
6D6D695F
6764655F
203B7365
3A6E6962
30783020
74220022
3A747365
3B363920
3A676320
6C5F4920
635F7562
63203B67
63203A70
6D695F70
64655F6D
3B736567
6E696220
7830203A
22002231
74736574
3739203A
6763203B
5F49203A
5F75626C
203B6763
203A7063
695F7063
655F6D6D
73656764
6962203B
30203A6E
00223278
73657422
39203A74
63203B38
49203A67
75626C5F
3B67635F
3A706320
5F706320
5F6D6D69
65676465
62203B73
203A6E69
22337830
65742200
203A7473
203B3939
203A6763
626C5F49
67635F75
7063203B
7063203A
6D6D695F
6764655F
203B7365
3A6E6962
34783020
74220022
3A747365
30303120
6763203B
5F49203A
5F75626C
203B6763
203A7063
695F7063
655F6D6D
73656764
6962203B
30203A6E
00223878
73657422
31203A74
203B3130
203A6763
626C5F49
67635F75
7063203B
7063203A
6D6D695F
6764655F
203B7365
3A6E6962
31783020
22002230
74736574
3031203A
63203B32
49203A67
75626C5F
3B67635F
3A706320
5F706320
5F6D6D69
65676465
62203B73
203A6E69
30327830
74220022
3A747365
33303120
6763203B
5F49203A
5F75626C
203B6763
203A7063
695F7063
655F6D6D
73656764
6962203B
30203A6E
22303478
65742200
203A7473
3B343031
3A676320
6C5F4920
635F7562
63203B67
63203A70
6D695F70
64655F6D
3B736567
6E696220
7830203A
00223038
73657422
31203A74
203B3530
203A6763
626C5F49
67635F75
7063203B
7063203A
6D6D695F
6764655F
203B7365
3A6E6962
31783020
00223030
73657422
31203A74
203B3630
203A6763
626C5F49
67635F75
7063203B
7063203A
6D6D695F
6764655F
203B7365
3A6E6962
32783020
00223030
73657422
31203A74
203B3730
203A6763
626C5F49
67635F75
7063203B
7063203A
6D6D695F
6764655F
203B7365
3A6E6962
33783020
00226666
73657422
31203A74
203B3830
203A6763
626C5F49
67635F75
7063203B
7063203A
6D6D695F
6764655F
203B7365
3A6E6962
34783020
00223030
73657422
31203A74
203B3930
203A6763
626C5F49
67635F75
7063203B
7063203A
6D6D695F
6764655F
203B7365
3A6E6962
37783020
00223330
73657422
31203A74
203B3031
203A6763
626C5F49
67635F75
7063203B
7063203A
6D6D695F
6764655F
203B7365
3A6E6962
37783020
00226666
73657422
31203A74
203B3131
203A6763
626C5F49
67635F75
7063203B
7063203A
6D6D695F
6764655F
203B7365
3A6E6962
78302D20
22303038
65742200
203A7473
3B323131
3A676320
6C5F4920
635F7562
63203B67
63203A70
6D695F70
64655F6D
3B736567
6E696220
302D203A
66663778
74220022
3A747365
33313120
6763203B
5F49203A
5F75626C
203B6763
203A7063
695F7063
655F6D6D
73656764
6962203B
2D203A6E
22327830
65742200
203A7473
3B343131
3A676320
6C5F4920
635F7562
63203B67
63203A70
6D695F70
64655F6D
3B736567
6E696220
302D203A
00223178
73657422
31203A74
203B3531
203A6763
626C5F49
67635F75
7063203B
7063203A
696C615F
625F6E67
3B657479
6E696220
3062203A
74220022
3A747365
36313120
6763203B
5F49203A
5F75626C
203B6763
203A7063
615F7063
6E67696C
7479625F
62203B65
203A6E69
00223162
73657422
31203A74
203B3731
203A6763
626C5F49
67635F75
7063203B
7063203A
696C615F
625F6E67
3B657479
6E696220
3262203A
74220022
3A747365
38313120
6763203B
5F49203A
5F75626C
203B6763
203A7063
615F7063
6E67696C
7479625F
62203B65
203A6E69
00223362
73657422
31203A74
203B3931
203A6763
626C5F49
67635F75
7063203B
7063203A
696C615F
625F6E67
3B657479
6E696220
3462203A
74220022
3A747365
30323120
6763203B
5F49203A
5F75626C
203B6763
203A7063
615F7063
6E67696C
7479625F
62203B65
203A6E69
00223562
73657422
31203A74
203B3132
203A6763
626C5F49
67635F75
7063203B
7063203A
696C615F
625F6E67
3B657479
6E696220
3662203A
74220022
3A747365
32323120
6763203B
5F49203A
5F75626C
203B6763
203A7063
615F7063
6E67696C
7479625F
62203B65
203A6E69
00223762
73657422
31203A74
203B3332
203A6763
626C5F49
67635F75
7063203B
7063203A
6D656D5F
5F6C6176
65747962
6962203B
30203A6E
00223078
73657422
31203A74
203B3432
203A6763
626C5F49
67635F75
7063203B
7063203A
6D656D5F
5F6C6176
65747962
6962203B
30203A6E
00223178
73657422
31203A74
203B3532
203A6763
626C5F49
67635F75
7063203B
7063203A
6D656D5F
5F6C6176
65747962
6962203B
30203A6E
22663778
65742200
203A7473
3B363231
3A676320
6C5F4920
635F7562
63203B67
63203A70
656D5F70
6C61766D
7479625F
62203B65
203A6E69
30387830
74220022
3A747365
37323120
6763203B
5F49203A
5F75626C
203B6763
203A7063
6D5F7063
61766D65
79625F6C
203B6574
3A6E6962
66783020
00002266
00000000
00000000
00000000
BAAAAAAD
BAAAAAAD
BAAAAAAD
BAAAAAAD
BAAAAAAD
BAAAAAAD
BAAAAAAD
BAAAAAAD
BAAAAAAD
BAAAAAAD
BAAAAAAD
BAAAAAAD
BAAAAAAD
BAAAAAAD
BAAAAAAD
BAAAAAAD
BAAAAAAD
BAAAAAAD
BAAAAAAD
BAAAAAAD
BAAAAAAD
BAAAAAAD
BAAAAAAD
BAAAAAAD
BAAAAAAD
BAAAAAAD
BAAAAAAD
BAAAAAAD
BAAAAAAD
BAAAAAAD
BAAAAAAD
BAAAAAAD
BAAAAAAD
BAAAAAAD
BAAAAAAD
BAAAAAAD
BAAAAAAD
BAAAAAAD
BAAAAAAD
BAAAAAAD
BAAAAAAD
BAAAAAAD
BAAAAAAD
BAAAAAAD
BAAAAAAD
BAAAAAAD
BAAAAAAD
BAAAAAAD
BAAAAAAD
BAAAAAAD
BAAAAAAD
BAAAAAAD
BAAAAAAD
BAAAAAAD
BAAAAAAD
BAAAAAAD
BAAAAAAD
BAAAAAAD
BAAAAAAD
BAAAAAAD
BAAAAAAD
BAAAAAAD
BAAAAAAD
BAAAAAAD
FEEDF00D
BAAAAAAD
BAAAAAAD
BAAAAAAD
BAAAAAAD
BAAAAAAD
BAAAAAAD
BAAAAAAD
BAAAAAAD
BAAAAAAD
00000000
00000000
00000000
00000000
00000000
00000000
00000000
00000000
00000000
00000000
00000000
00000000
00000000
00000000
00000000
00000000
00000000
00000000
00000000
00000000
00000000
00000000
00000000
00000000
00000000
00000000
8000A170
8000A190
8000A1AA
8000A1BF
8000A1CB
8000A1E4
8000A1F7
8000A215
8000A22D
8000A24B
8000A269
8000A288
8000A2A6
8000A2BE
8000A2CF
8000A2DE
8000A2F4
8000A301
8000A310
8000A320
8000A330
8000A34E
8000A365
8000A37A
8000A396
8000A3AE
8000A3CD
8000A3F4
8000A410
8000A428
8000A444
8000A468
8000A481
8000A499
8000A4B8
8000A4DF
8000A4FB
8000A520
8000A53C
8000A555
74736E49
74637572
206E6F69
72646461
20737365
6173696D
6E67696C
000A6465
74736E49
74637572
206E6F69
65636361
66207373
746C7561
6C49000A
6167656C
6E69206C
75727473
6F697463
42000A6E
6B616572
6E696F70
4C000A74
2064616F
72646461
20737365
6173696D
6E67696C
000A6465
64616F4C
63636120
20737365
6C756166
53000A74
65726F74
4F4D412F
64646120
73736572
73696D20
67696C61
0A64656E
6F745300
412F6572
61204F4D
73656363
61662073
0A746C75
766E4500
6E6F7269
746E656D
6C616320
7266206C
55206D6F
646F6D2D
45000A65
7269766E
656D6E6F
6320746E
206C6C61
6D6F7266
6D2D5320
0A65646F
766E4500
6E6F7269
746E656D
6C616320
7266206C
56206D6F
6F6D2D53
000A6564
69766E45
6D6E6F72
20746E65
6C6C6163
6F726620
2D4D206D
65646F6D
6E49000A
75727473
6F697463
6170206E
66206567
746C7561
6F4C000A
70206461
20656761
6C756166
52000A74
72657365
20646576
29343128
7453000A
2F65726F
204F4D41
65676170
75616620
000A746C
62756F44
7420656C
0A706172
73655200
65767265
31282064
000A2937
74666F53
65726177
65686320
000A6B63
64726148
65726177
72726520
000A726F
74736E49
74637572
206E6F69
73657567
61702D74
66206567
746C7561
6F4C000A
67206461
74736575
6761702D
61662065
0A746C75
72695600
6C617574
736E6920
63757274
6E6F6974
7453000A
2F65726F
204F4D41
73657567
61702D74
66206567
746C7561
6552000A
76726573
69206465
7265746E
74707572
29302820
7553000A
76726570
726F7369
666F7320
72617774
6E692065
72726574
0A747075
72695600
6C617574
70757320
69767265
20726F73
74666F73
65726177
746E6920
75727265
000A7470
6863614D
20656E69
74666F73
65726177
746E6920
75727265
000A7470
65736552
64657672
746E6920
75727265
28207470
000A2934
65707553
73697672
7420726F
72656D69
746E6920
75727265
000A7470
74726956
206C6175
65707573
73697672
7420726F
72656D69
746E6920
75727265
000A7470
6863614D
20656E69
656D6974
6E692072
72726574
0A747075
73655200
65767265
6E692064
72726574
20747075
0A293828
70755300
69767265
20726F73
65747865
6C616E72
746E6920
75727265
000A7470
74726956
206C6175
65707573
73697672
6520726F
72657478
206C616E
65746E69
70757272
4D000A74
69686361
6520656E
72657478
206C616E
65746E69
70757272
53000A74
72657075
6F736976
75672072
20747365
65747865
6C616E72
746E6920
75727265
000A7470
6E756F43
20726574
7265766F
776F6C66
746E6920
75727265
000A7470
65736552
64657672
746E6920
75727265
28207470
0A293431
73655200
65767265
6E692064
72726574
20747075
29353128
6E55000A
776F6E6B
75632F6E
6D6F7473
75616320
000A6573
4356520A
55532D50
52414D4D
54203A59
20545345
53534150
2D204445
73655420
69462074
2220656C
626C2D49
30302D75
0A22532E
520A000A
2D504356
4D4D5553
3A595241
53455420
41462054
44454C49
54202D20
20747365
656C6946
2D492220
2D75626C
532E3030
0A000A22
50435652
4544203A
20475542
4F464E49
54414D52
204E4F49
4C4C4F46
0A53574F
68542200
72742065
68207061
6C646E61
61207265
74726F62
74206465
74206568
20747365
6F666562
6E206572
616D726F
6F63206C
656C706D
6E6F6974
0A002221
50435652
7254203A
73207061
616E6769
65727574
65766F20
6F6C6672
6E692077
6C657320
68632D66
206B6365
65646F6D
5544202E
65672054
6172656E
20646574
206F6F74
796E616D
61727420
202E7370
20202020
5652000A
203A5043
74736554
666E4920
00203A6F
5652000A
203A5043
74736E49
74637572
3A6E6F69
56520020
203A5043
72707041
6D69786F
20657461
72646461
20737365
69616628
6572756C
79616D20
20656220
67696C73
796C7468
74666120
74207265
29736968
5200203A
3A504356
64644120
73736572
20666F20
74736E69
74637572
206E6F69
74616874
61727420
64657070
45582820
3A294350
56520020
203A5043
74736E49
74637572
206E6F69
74616874
61727420
64657070
5200203A
3A504356
50455820
20203A43
52002020
3A504356
41435820
3A455355
52002020
3A504356
56545820
203A4C41
52002020
3A504356
54535820
53555441
2200203A
70617254
756F6320
6D20746E
616D7369
2E686374
4D220022
616D7369
20686374
74206E69
20706172
6E676973
72757461
54202165
20706172
20736177
6E696562
61682067
656C646E
6E692064
4D2D4D20
2E65646F
4D220022
616D7369
20686374
74206E69
20706172
6E676973
72757461
54202165
20706172
20736177
6E696562
61682067
656C646E
6E692064
4D2D5320
2E65646F
4D220022
616D7369
20686374
74206E69
20706172
6E676973
72757461
54202165
20706172
20736177
6E696562
61682067
656C646E
6E692064
2D534820
65646F4D
2200222E
6D73694D
68637461
206E6920
70617274
67697320
7574616E
20216572
70617254
73617720
69656220
6820676E
6C646E61
69206465
5356206E
646F4D2D
00222E65
73694D22
6374616D
6E692068
61636D20
20657375
756C6176
54202165
20706172
20736177
6E696562
61682067
656C646E
6E692064
4D2D4D20
2E65646F
4D220022
616D7369
20686374
73206E69
73756163
61762065
2165756C
61725420
61772070
65622073
20676E69
646E6168
2064656C
53206E69
646F4D2D
00222E65
73694D22
6374616D
6E692068
61637320
20657375
756C6176
54202165
20706172
20736177
6E696562
61682067
656C646E
6E692064
2D534820
65646F4D
2200222E
6D73694D
68637461
206E6920
61637376
20657375
756C6176
54202165
20706172
20736177
6E696562
61682067
656C646E
6E692064
2D535620
65646F4D
2200222E
6D73694D
68637461
206E6920
6370656D
6C617620
20216575
70617254
73617720
69656220
6820676E
6C646E61
69206465
2D4D206E
65646F4D
2200222E
6D73694D
68637461
206E6920
63706573
6C617620
20216575
70617254
73617720
69656220
6820676E
6C646E61
69206465
2D53206E
65646F4D
2200222E
6D73694D
68637461
206E6920
63706573
6C617620
20216575
70617254
73617720
69656220
6820676E
6C646E61
69206465
5348206E
646F4D2D
00222E65
73694D22
6374616D
6E692068
65737620
76206370
65756C61
72542021
77207061
62207361
676E6965
6E616820
64656C64
206E6920
4D2D5356
2E65646F
4D220022
616D7369
20686374
6D206E69
6C617674
6C617620
20216575
70617254
73617720
69656220
6820676E
6C646E61
69206465
2D4D206E
65646F4D
2200222E
6D73694D
68637461
206E6920
61767473
6176206C
2165756C
61725420
61772070
65622073
20676E69
646E6168
2064656C
53206E69
646F4D2D
00222E65
73694D22
6374616D
6E692068
76747320
76206C61
65756C61
72542021
77207061
62207361
676E6965
6E616820
64656C64
206E6920
4D2D5348
2E65646F
4D220022
616D7369
20686374
76206E69
61767473
6176206C
2165756C
61725420
61772070
65622073
20676E69
646E6168
2064656C
56206E69
6F4D2D53
222E6564
694D2200
74616D73
69206863
746D206E
326C6176
6C617620
20216575
70617254
73617720
69656220
6820676E
6C646E61
69206465
2D4D206E
65646F4D
2200222E
6D73694D
68637461
206E6920
6E69746D
76207473
65756C61
72542021
77207061
62207361
676E6965
6E616820
64656C64
206E6920
6F4D2D4D
222E6564
694D2200
74616D73
69206863
696D206E
61762070
2165756C
61725420
61772070
65622073
20676E69
646E6168
2064656C
4D206E69
646F4D2D
00222E65
73694D22
6374616D
6E692068
70697320
6C617620
20216575
70617254
73617720
69656220
6820676E
6C646E61
69206465
2D53206E
65646F4D
2200222E
6D73694D
68637461
206E6920
20706968
756C6176
54202165
20706172
20736177
6E696562
61682067
656C646E
6E692064
2D534820
65646F4D
2200222E
6D73694D
68637461
206E6920
70697376
6C617620
20216575
70617254
73617720
69656220
6820676E
6C646E61
69206465
5356206E
646F4D2D
00222E65
73694D22
6374616D
6E692068
63616D20
656E6968
74786520
616E7265
6E69206C
72726574
20747075
20214449
70617254
73617720
69656220
6820676E
6C646E61
69206465
2D4D206E
65646F4D
2200222E
6D73694D
68637461
206E6920
65707573
73697672
6520726F
72657478
206C616E
65746E69
70757272
44492074
72542021
77207061
62207361
676E6965
6E616820
64656C64
206E6920
6F4D2D4D
222E6564
694D2200
74616D73
69206863
6976206E
61757472
7573206C
76726570
726F7369
74786520
616E7265
6E69206C
72726574
20747075
20214449
70617254
73617720
69656220
6820676E
6C646E61
69206465
2D4D206E
65646F4D
2200222E
6D73694D
68637461
206E6920
6863616D
20656E69
65747865
6C616E72
746E6920
75727265
49207470
54202144
20706172
20736177
6E696562
61682067
656C646E
6E692064
4D2D5320
2E65646F
4D220022
616D7369
20686374
73206E69
72657075
6F736976
78652072
6E726574
69206C61
7265746E
74707572
21444920
61725420
61772070
65622073
20676E69
646E6168
2064656C
53206E69
646F4D2D
00222E65
73694D22
6374616D
6E692068
72697620
6C617574
70757320
69767265
20726F73
65747865
6C616E72
746E6920
75727265
49207470
54202144
20706172
20736177
6E696562
61682067
656C646E
6E692064
4D2D5320
2E65646F
4D220022
616D7369
20686374
6D206E69
69686361
6520656E
72657478
206C616E
65746E69
70757272
44492074
72542021
77207061
62207361
676E6965
6E616820
64656C64
206E6920
4D2D5348
2E65646F
4D220022
616D7369
20686374
73206E69
72657075
6F736976
78652072
6E726574
69206C61
7265746E
74707572
21444920
61725420
61772070
65622073
20676E69
646E6168
2064656C
48206E69
6F4D2D53
222E6564
694D2200
74616D73
69206863
6976206E
61757472
7573206C
76726570
726F7369
74786520
616E7265
6E69206C
72726574
20747075
20214449
70617254
73617720
69656220
6820676E
6C646E61
69206465
5348206E
646F4D2D
00222E65
73694D22
6374616D
6E692068
63616D20
656E6968
74786520
616E7265
6E69206C
72726574
20747075
20214449
70617254
73617720
69656220
6820676E
6C646E61
69206465
5356206E
646F4D2D
00222E65
73694D22
6374616D
6E692068
70757320
69767265
20726F73
65747865
6C616E72
746E6920
75727265
49207470
54202144
20706172
20736177
6E696562
61682067
656C646E
6E692064
2D535620
65646F4D
2200222E
6D73694D
68637461
206E6920
74726976
206C6175
65707573
73697672
6520726F
72657478
206C616E
65746E69
70757272
44492074
72542021
77207061
62207361
676E6965
6E616820
64656C64
206E6920
4D2D5356
2E65646F
78760022
0A746173
43565200
52203A50
73696765
3A726574
56520020
203A5043
20646142
756C6156
20203A65
20202020
43565200
45203A50
63657078
20646574
756C6156
00203A65
50435652
7845203A
74636570
76206465
65756C61
616E7520
6C696176
656C6261
6572203A
736E6F63
63757274
20646574
6E676973
72757461
6F6C2065
69206461
6F6E2073
524C2074
202E4745
20776152
74736E69
74637572
3A6E6F69
56520020
203A5043
65707845
64657463
6C617620
75206575
6176616E
62616C69
203A656C
6F636572
7274736E
65746375
69732064
74616E67
20657275
6E696F70
20726574
69207369
6C61766E
202E6469
6E696F50
3A726574
56520020
203A5043
20444E45
4420464F
47554245
464E4920
414D524F
4E4F4954
66000A0A
67616C66
54000A73
63747365
20657361
6E676973
72757461
61632065
7972616E
73696D20
6374616D
52002168
3A504356
3D3D3D20
54203D3D
20504152
4C494146
20455255
47414944
54534F4E
20534349
3D3D3D3D
52000A3D
3A504356
69614620
6572756C
5200203A
3A504356
70784520
65746365
72742064
73207061
616E6769
65727574
74796220
6F632065
3A746E75
56520020
203A5043
75746341
74206C61
20706172
6E676973
72757461
79622065
63206574
746E756F
2020203A
20202020
43565200
44203A50
4E474149
5349534F
5544203A
65722054
64726F63
45206465
41525458
61727420
0A2E7370
43565200
44203A50
4E474149
5349534F
5544203A
65722054
64726F63
46206465
52455745
61727420
28207370
7373696D
20676E69
70617274
0A2E2973
43565200
54203A50
20706172
6E676973
72757461
79622065
64206574
65666669
636E6572
00203A65
50435652
4948203A
203A544E
72747845
72742061
20737061
2079616D
69646E69
65746163
7073203A
6F697275
69207375
7265746E
74707572
69202C73
726F636E
74636572
63786520
69747065
520A6E6F
3A504356
20202020
64202020
67656C65
6F697461
77202C6E
676E6F72
69727020
656C6976
6D206567
2065646F
69207461
7274736E
69746375
65206E6F
75636578
6E6F6974
726F202C
0A6E6120
50435652
2020203A
20202020
74736E69
74637572
206E6F69
73756163
20676E69
61662061
20746C75
74616874
6F687320
20646C75
20746F6E
6C756166
6E6F2074
69687420
55442073
000A2E54
50435652
4948203A
203A544E
7373694D
20676E69
70617274
616D2073
6E692079
61636964
203A6574
65637865
6F697470
6F6E206E
61722074
64657369
65687720
7865206E
74636570
0A2C6465
50435652
2020203A
20202020
6F636E69
63657272
53432074
74732052
20657461
76657270
69746E65
7420676E
20706172
672E6528
4978202E
69642045
6C626173
2C296465
61727420
56520A70
203A5043
20202020
65642020
6167656C
6E6F6974
75616320
676E6973
6E616820
72656C64
206E6920
6E6F7277
6F6D2067
202C6564
5020726F
702F504D
20656761
6C756166
696D2074
64657373
52000A2E
3A504356
61725420
61682070
656C646E
6F6D2072
203A6564
6D2D4D00
0A65646F
6D2D5300
0A65646F
2D534800
65646F6D
5356000A
646F6D2D
55000A65
6F6E6B6E
000A6E77
50435652
694D203A
74616D73
6E696863
69662067
3A646C65
65560020
726F7463
646F4D2B
74532B65
73757461
726F7720
74282064
20706172
6E676973
72757461
6F772065
30206472
58000A29
53554143
74282045
20706172
6E676973
72757461
6F772065
31206472
58000A29
20435045
61727428
69732070
74616E67
20657275
64726F77
0A293220
56545800
28204C41
70617274
67697320
7574616E
77206572
2064726F
000A2933
20504958
61727428
69732070
74616E67
20657275
64726F77
202C3220
65746E69
70757272
000A2974
4156544D
2820324C
70617274
67697320
7574616E
77206572
2064726F
68202C34
72657079
6F736976
000A2972
4E49544D
28205453
70617274
67697320
7574616E
77206572
2064726F
68202C35
72657079
6F736976
000A2972
65747845
6C616E72
746E4920
75727265
49207470
74282044
20706172
6E676973
72757461
6F772065
33206472
55000A29
6F6E6B6E
66206E77
646C6569
5652000A
203A5043
65707845
64657463
6C617620
203A6575
43565200
41203A50
61757463
6176206C
3A65756C
00202020
50435652
7845203A
74636570
63206465
65737561
5200203A
3A504356
74634120
206C6175
73756163
20203A65
56520020
203A5043
72727543
20746E65
4350454D
2020203A
43565200
55203A50
6365726E
696E676F
2064657A
70617274
69616620
6572756C
6E6F6320
74786574
7250202E
69746E69
6120676E
6C696176
656C6261
52534320
61747320
0A3A6574
43565200
48203A50
3A544E49
63655620
2B726F74
65646F4D
726F7720
696D2064
74616D73
6D206863
69207961
6369646E
3A657461
61727420
61682070
656C646E
6E692064
6F727720
520A676E
3A504356
20202020
70202020
69766972
6567656C
646F6D20
63282065
6B636568
64656D20
67656C65
64696D2F
67656C65
69202C29
726F636E
74636572
74736D20
73757461
65696620
0A73646C
50435652
2020203A
20202020
50504D28
5050532F
56504D2F
6F202C29
72772072
20676E6F
74636576
6465726F
746E6920
75727265
65207470
7972746E
52000A2E
3A504356
4E494820
58203A54
53554143
696D2045
74616D73
6D206863
736E6165
64206120
65666669
746E6572
63786520
69747065
6F206E6F
6E692072
72726574
20747075
65707974
73617720
4356520A
20203A50
20202020
73626F20
65767265
43202E64
6B636568
6E69203A
75727473
6F697463
6E65206E
69646F63
6320676E
6572726F
656E7463
202C7373
20525343
65636361
62697373
74696C69
56520A79
203A5043
20202020
74612020
72756320
746E6572
69727020
656C6976
202C6567
2F504D50
65676170
62617420
6320656C
69666E6F
61727567
6E6F6974
7865202C
736E6574
206E6F69
70707573
2E74726F
5652000A
203A5043
544E4948
4558203A
6D204350
616D7369
20686374
6E61656D
68742073
72742065
6F207061
72756363
20646572
61207461
66696420
65726566
6920746E
7274736E
69746375
0A2E6E6F
50435652
2020203A
20202020
73696854
756F6320
6920646C
6369646E
3A657461
66696420
65726566
6320746E
2065646F
6F79616C
28207475
6B6E696C
69207265
65757373
69202C29
7274736E
69746375
520A6E6F
3A504356
20202020
61202020
6E67696C
746E656D
66696420
65726566
2C65636E
20726F20
72702061
64656365
20676E69
74736E69
74637572
206E6F69
73756163
20676E69
75206E61
7078656E
65746365
72742064
0A2E7061
43565200
48203A50
3A544E49
56545820
6D204C41
616D7369
2E686374
726F4620
6C6C6920
6C616765
736E6920
63757274
6E6F6974
78202C73
6C617674
6F687320
20646C75
746E6F63
206E6961
0A656874
50435652
2020203A
20202020
74736E69
74637572
206E6F69
6F636E65
676E6964
726F2820
2E293020
726F4620
64646120
73736572
75616620
2C73746C
20746920
756F6873
6320646C
61746E6F
74206E69
520A6568
3A504356
20202020
66202020
746C7561
20676E69
72646461
2E737365
65684320
44206B63
73275455
76747820
72206C61
726F7065
676E6974
68656220
6F697661
000A2E72
50435652
4948203A
203A544E
20504958
6D73696D
68637461
61656D20
6920736E
7265746E
74707572
6E657020
676E6964
74696220
69642073
72656666
6843202E
3A6B6365
746E6920
75727265
520A7470
3A504356
20202020
63202020
72746E6F
656C6C6F
6F632072
6769666E
74617275
2C6E6F69
4D565220
4C45444F
746E6920
75727265
73207470
632F7465
7261656C
63616D20
2C736F72
6D697420
520A7265
3A504356
20202020
63202020
69666E6F
61727567
6E6F6974
746D2820
2F656D69
6D69746D
706D6365
61202C29
6420646E
67656C65
6F697461
6573206E
6E697474
0A2E7367
2D540A00
20494253
4F525245
72203A52
65757165
64657473
736E6920
63757274
6E6F6974
746F6E20
756F6620
6920646E
7374206E
695F6962
7274736E
6261745F
203A656C
00000000
00000000
00000000
6F5CA309
0000006C
000000CB
00000001
000000A1
000000E5
00000079
000000FD
00000058
000000BC
000000C5
00000043
00000083
00000055
00000093
00000001
0000006A
0000004A
000000A7
0000008F
0000002A
0000001E
000000D2
00000027
000000DA
000000EF
000000F9
00000059
0000000E
000000DD
0000000F
0000002F
00000000
000000F0
000000F3
0000005A
0000004C
00000003
00000088
00000020
000000BF
000000CE
000000AE
00000018
00000058
000000CE
0000001F
000000BC
000000D5
000000EA
0000004A
00000006
000000D4
000000F6
000000D8
00000000
0000006A
00000023
00000063
00000057
00000046
0000009F
0000000F
0000000C
000000DC
0000008A
000000B4
00000023
0000002C
000000A0
000000AC
00000079
00000039
00000020
00000058
00000094
0000007C
000000FA
00000067
0000007D
0000002F
0000001D
00000041
00000035
000000B6
00000055
00000095
000000AC
000000CD
000000DB
00000094
00000099
0000008F
0000000F
0000002A
000000C9
0000002D
00000047
0000005A
0000002D
00000067
000000AD
000000DC
0000008B
000000E1
000000D1
00000037
000000E4
00000037
000000B2
00000037
0000006E
0000009D
00000046
00000089
000000FB
000000E0
000000EF
00000034
00000009
0000004A
000000BB
0000002F
00000000
00000001
0000007F
00000080
000000FF
DEADBEEF
DEADBEEF
DEADBEEF
DEADBEEF
DEADBEEF
DEADBEEF
DEADBEEF
DEADBEEF
DEADBEEF
DEADBEEF
7A110FF5
00000000
D3A91F6C
DEADBEEF
DEADBEEF
DEADBEEF
DEADBEEF
DEADBEEF
DEADBEEF
DEADBEEF
DEADBEEF
DEADBEEF
DEADBEEF
DEADBEEF
DEADBEEF
DEADBEEF
DEADBEEF
DEADBEEF
DEADBEEF
DEADBEEF
DEADBEEF
DEADBEEF
DEADBEEF
DEADBEEF
DEADBEEF
DEADBEEF
DEADBEEF
DEADBEEF
DEADBEEF
DEADBEEF
DEADBEEF
DEADBEEF
DEADBEEF
DEADBEEF
DEADBEEF
DEADBEEF
DEADBEEF
DEADBEEF
DEADBEEF
DEADBEEF
DEADBEEF
DEADBEEF
DEADBEEF
DEADBEEF
DEADBEEF
DEADBEEF
DEADBEEF
DEADBEEF
DEADBEEF
DEADBEEF
DEADBEEF
DEADBEEF
DEADBEEF
DEADBEEF
DEADBEEF
DEADBEEF
DEADBEEF
DEADBEEF
DEADBEEF
DEADBEEF
DEADBEEF
DEADBEEF
DEADBEEF
DEADBEEF
DEADBEEF
DEADBEEF
DEADBEEF
DEADBEEF
DEADBEEF
DEADBEEF
DEADBEEF
DEADBEEF
DEADBEEF
DEADBEEF
DEADBEEF
DEADBEEF
DEADBEEF
DEADBEEF
DEADBEEF
DEADBEEF
DEADBEEF
DEADBEEF
DEADBEEF
DEADBEEF
DEADBEEF
DEADBEEF
DEADBEEF
DEADBEEF
DEADBEEF
DEADBEEF
DEADBEEF
DEADBEEF
DEADBEEF
DEADBEEF
DEADBEEF
DEADBEEF
DEADBEEF
DEADBEEF
DEADBEEF
DEADBEEF
DEADBEEF
DEADBEEF
DEADBEEF
DEADBEEF
DEADBEEF
DEADBEEF
DEADBEEF
DEADBEEF
DEADBEEF
DEADBEEF
DEADBEEF
DEADBEEF
DEADBEEF
DEADBEEF
DEADBEEF
DEADBEEF
DEADBEEF
DEADBEEF
DEADBEEF
DEADBEEF
DEADBEEF
DEADBEEF
DEADBEEF
DEADBEEF
DEADBEEF
DEADBEEF
DEADBEEF
DEADBEEF
DEADBEEF
DEADBEEF
DEADBEEF
DEADBEEF
DEADBEEF
DEADBEEF
DEADBEEF
DEADBEEF
DEADBEEF
DEADBEEF
DEADBEEF
DEADBEEF
DEADBEEF
DEADBEEF
DEADBEEF
DEADBEEF
DEADBEEF
DEADBEEF
DEADBEEF
DEADBEEF
DEADBEEF
DEADBEEF
DEADBEEF
DEADBEEF
DEADBEEF
DEADBEEF
DEADBEEF
DEADBEEF
DEADBEEF
DEADBEEF
DEADBEEF
DEADBEEF
DEADBEEF
DEADBEEF
DEADBEEF
DEADBEEF
DEADBEEF
DEADBEEF
DEADBEEF
DEADBEEF
DEADBEEF
DEADBEEF
DEADBEEF
DEADBEEF
DEADBEEF
DEADBEEF
DEADBEEF
DEADBEEF
DEADBEEF
DEADBEEF
DEADBEEF
DEADBEEF
DEADBEEF
DEADBEEF
DEADBEEF
DEADBEEF
DEADBEEF
DEADBEEF
DEADBEEF
DEADBEEF
DEADBEEF
DEADBEEF
DEADBEEF
DEADBEEF
DEADBEEF
DEADBEEF
DEADBEEF
DEADBEEF
DEADBEEF
DEADBEEF
DEADBEEF
DEADBEEF
DEADBEEF
DEADBEEF
DEADBEEF
DEADBEEF
DEADBEEF
DEADBEEF
DEADBEEF
DEADBEEF
DEADBEEF
DEADBEEF
DEADBEEF
DEADBEEF
DEADBEEF
DEADBEEF
DEADBEEF
DEADBEEF
DEADBEEF
DEADBEEF
DEADBEEF
DEADBEEF
DEADBEEF
DEADBEEF
DEADBEEF
DEADBEEF
DEADBEEF
DEADBEEF
DEADBEEF
DEADBEEF
DEADBEEF
DEADBEEF
DEADBEEF
DEADBEEF
DEADBEEF
DEADBEEF
DEADBEEF
DEADBEEF
DEADBEEF
DEADBEEF
DEADBEEF
DEADBEEF
DEADBEEF
DEADBEEF
DEADBEEF
DEADBEEF
DEADBEEF
DEADBEEF
DEADBEEF
DEADBEEF
DEADBEEF
DEADBEEF
DEADBEEF
DEADBEEF
DEADBEEF
DEADBEEF
DEADBEEF
DEADBEEF
DEADBEEF
DEADBEEF
DEADBEEF
DEADBEEF
DEADBEEF
DEADBEEF
DEADBEEF
DEADBEEF
DEADBEEF
DEADBEEF
DEADBEEF
DEADBEEF
DEADBEEF
DEADBEEF
DEADBEEF
DEADBEEF
DEADBEEF
DEADBEEF
DEADBEEF
DEADBEEF
DEADBEEF
DEADBEEF
DEADBEEF
DEADBEEF
DEADBEEF
DEADBEEF
DEADBEEF
DEADBEEF
DEADBEEF
DEADBEEF
DEADBEEF
DEADBEEF
DEADBEEF
DEADBEEF
DEADBEEF
DEADBEEF
DEADBEEF
DEADBEEF
DEADBEEF
DEADBEEF
DEADBEEF
DEADBEEF
DEADBEEF
DEADBEEF
DEADBEEF
DEADBEEF
DEADBEEF
DEADBEEF
DEADBEEF
DEADBEEF
DEADBEEF
DEADBEEF
DEADBEEF
DEADBEEF
DEADBEEF
DEADBEEF
DEADBEEF
DEADBEEF
DEADBEEF
DEADBEEF
DEADBEEF
DEADBEEF
DEADBEEF
DEADBEEF
DEADBEEF
DEADBEEF
DEADBEEF
DEADBEEF
DEADBEEF
DEADBEEF
DEADBEEF
DEADBEEF
DEADBEEF
DEADBEEF
DEADBEEF
DEADBEEF
DEADBEEF
DEADBEEF
DEADBEEF
DEADBEEF
DEADBEEF
DEADBEEF
DEADBEEF
DEADBEEF
DEADBEEF
DEADBEEF
DEADBEEF
DEADBEEF
DEADBEEF
DEADBEEF
DEADBEEF
DEADBEEF
DEADBEEF
DEADBEEF
DEADBEEF
DEADBEEF
DEADBEEF
DEADBEEF
DEADBEEF
DEADBEEF
DEADBEEF
DEADBEEF
DEADBEEF
DEADBEEF
DEADBEEF
DEADBEEF
DEADBEEF
DEADBEEF
DEADBEEF
DEADBEEF
DEADBEEF
DEADBEEF
DEADBEEF
DEADBEEF
DEADBEEF
DEADBEEF
DEADBEEF
DEADBEEF
DEADBEEF
DEADBEEF
DEADBEEF
DEADBEEF
DEADBEEF
DEADBEEF
DEADBEEF
DEADBEEF
DEADBEEF
DEADBEEF
DEADBEEF
DEADBEEF
DEADBEEF
DEADBEEF
DEADBEEF
DEADBEEF
DEADBEEF
DEADBEEF
DEADBEEF
DEADBEEF
DEADBEEF
DEADBEEF
DEADBEEF
DEADBEEF
DEADBEEF
DEADBEEF
DEADBEEF
DEADBEEF
DEADBEEF
DEADBEEF
DEADBEEF
DEADBEEF
DEADBEEF
DEADBEEF
DEADBEEF
DEADBEEF
DEADBEEF
DEADBEEF
DEADBEEF
DEADBEEF
DEADBEEF
DEADBEEF
DEADBEEF
DEADBEEF
DEADBEEF
DEADBEEF
DEADBEEF
DEADBEEF
DEADBEEF
DEADBEEF
DEADBEEF
DEADBEEF
DEADBEEF
DEADBEEF
DEADBEEF
DEADBEEF
DEADBEEF
DEADBEEF
DEADBEEF
DEADBEEF
DEADBEEF
DEADBEEF
DEADBEEF
DEADBEEF
DEADBEEF
DEADBEEF
DEADBEEF
DEADBEEF
DEADBEEF
DEADBEEF
DEADBEEF
DEADBEEF
DEADBEEF
DEADBEEF
DEADBEEF
DEADBEEF
DEADBEEF
DEADBEEF
DEADBEEF
DEADBEEF
DEADBEEF
DEADBEEF
DEADBEEF
DEADBEEF
DEADBEEF
DEADBEEF
DEADBEEF
DEADBEEF
DEADBEEF
DEADBEEF
DEADBEEF
DEADBEEF
DEADBEEF
DEADBEEF
DEADBEEF
DEADBEEF
DEADBEEF
DEADBEEF
DEADBEEF
DEADBEEF
DEADBEEF
DEADBEEF
DEADBEEF
DEADBEEF
DEADBEEF
DEADBEEF
DEADBEEF
DEADBEEF
DEADBEEF
DEADBEEF
DEADBEEF
DEADBEEF
DEADBEEF
DEADBEEF
DEADBEEF
DEADBEEF
DEADBEEF
DEADBEEF
DEADBEEF
DEADBEEF
DEADBEEF
DEADBEEF
DEADBEEF
DEADBEEF
DEADBEEF
DEADBEEF
DEADBEEF
DEADBEEF
DEADBEEF
DEADBEEF
DEADBEEF
DEADBEEF
DEADBEEF
DEADBEEF
DEADBEEF
DEADBEEF
DEADBEEF
DEADBEEF
DEADBEEF
DEADBEEF
DEADBEEF
DEADBEEF
DEADBEEF
DEADBEEF
DEADBEEF
DEADBEEF
DEADBEEF
DEADBEEF
DEADBEEF
DEADBEEF
DEADBEEF
DEADBEEF
DEADBEEF
DEADBEEF
DEADBEEF
DEADBEEF
DEADBEEF
DEADBEEF
DEADBEEF
DEADBEEF
DEADBEEF
DEADBEEF
DEADBEEF
DEADBEEF
DEADBEEF
DEADBEEF
DEADBEEF
DEADBEEF
DEADBEEF
DEADBEEF
DEADBEEF
DEADBEEF
DEADBEEF
DEADBEEF
DEADBEEF
DEADBEEF
DEADBEEF
DEADBEEF
DEADBEEF
DEADBEEF
DEADBEEF
DEADBEEF
DEADBEEF
DEADBEEF
DEADBEEF
DEADBEEF
DEADBEEF
DEADBEEF
DEADBEEF
DEADBEEF
DEADBEEF
DEADBEEF
DEADBEEF
DEADBEEF
DEADBEEF
DEADBEEF
DEADBEEF
DEADBEEF
DEADBEEF
DEADBEEF
DEADBEEF
DEADBEEF
DEADBEEF
DEADBEEF
DEADBEEF
DEADBEEF
DEADBEEF
DEADBEEF
DEADBEEF
DEADBEEF
DEADBEEF
DEADBEEF
DEADBEEF
DEADBEEF
DEADBEEF
DEADBEEF
DEADBEEF
DEADBEEF
DEADBEEF
DEADBEEF
DEADBEEF
DEADBEEF
DEADBEEF
DEADBEEF
DEADBEEF
DEADBEEF
DEADBEEF
DEADBEEF
DEADBEEF
DEADBEEF
DEADBEEF
DEADBEEF
DEADBEEF
DEADBEEF
DEADBEEF
DEADBEEF
DEADBEEF
DEADBEEF
DEADBEEF
DEADBEEF
DEADBEEF
DEADBEEF
DEADBEEF
DEADBEEF
DEADBEEF
DEADBEEF
DEADBEEF
DEADBEEF
DEADBEEF
DEADBEEF
DEADBEEF
DEADBEEF
DEADBEEF
DEADBEEF
DEADBEEF
DEADBEEF
DEADBEEF
DEADBEEF
DEADBEEF
DEADBEEF
DEADBEEF
DEADBEEF
DEADBEEF
DEADBEEF
DEADBEEF
DEADBEEF
DEADBEEF
DEADBEEF
DEADBEEF
DEADBEEF
DEADBEEF
DEADBEEF
DEADBEEF
DEADBEEF
DEADBEEF
DEADBEEF
DEADBEEF
DEADBEEF
DEADBEEF
DEADBEEF
DEADBEEF
DEADBEEF
DEADBEEF
DEADBEEF
DEADBEEF
DEADBEEF
DEADBEEF
DEADBEEF
DEADBEEF
DEADBEEF
DEADBEEF
DEADBEEF
DEADBEEF
DEADBEEF
DEADBEEF
DEADBEEF
DEADBEEF
DEADBEEF
DEADBEEF
DEADBEEF
DEADBEEF
DEADBEEF
DEADBEEF
DEADBEEF
DEADBEEF
DEADBEEF
DEADBEEF
DEADBEEF
DEADBEEF
DEADBEEF
DEADBEEF
DEADBEEF
DEADBEEF
DEADBEEF
DEADBEEF
DEADBEEF
DEADBEEF
DEADBEEF
DEADBEEF
DEADBEEF
DEADBEEF
DEADBEEF
DEADBEEF
DEADBEEF
DEADBEEF
DEADBEEF
DEADBEEF
DEADBEEF
DEADBEEF
DEADBEEF
DEADBEEF
DEADBEEF
DEADBEEF
DEADBEEF
DEADBEEF
DEADBEEF
DEADBEEF
DEADBEEF
DEADBEEF
DEADBEEF
DEADBEEF
DEADBEEF
DEADBEEF
DEADBEEF
DEADBEEF
DEADBEEF
DEADBEEF
DEADBEEF
DEADBEEF
DEADBEEF
DEADBEEF
DEADBEEF
DEADBEEF
DEADBEEF
DEADBEEF
DEADBEEF
DEADBEEF
DEADBEEF
DEADBEEF
DEADBEEF
DEADBEEF
DEADBEEF
DEADBEEF
DEADBEEF
DEADBEEF
DEADBEEF
DEADBEEF
DEADBEEF
DEADBEEF
DEADBEEF
DEADBEEF
DEADBEEF
DEADBEEF
DEADBEEF
DEADBEEF
DEADBEEF
DEADBEEF
DEADBEEF
DEADBEEF
DEADBEEF
DEADBEEF
DEADBEEF
DEADBEEF
DEADBEEF
DEADBEEF
DEADBEEF
DEADBEEF
DEADBEEF
DEADBEEF
DEADBEEF
DEADBEEF
DEADBEEF
DEADBEEF
DEADBEEF
DEADBEEF
DEADBEEF
DEADBEEF
DEADBEEF
DEADBEEF
DEADBEEF
DEADBEEF
DEADBEEF
DEADBEEF
DEADBEEF
DEADBEEF
DEADBEEF
DEADBEEF
DEADBEEF
DEADBEEF
DEADBEEF
DEADBEEF
DEADBEEF
DEADBEEF
DEADBEEF
DEADBEEF
DEADBEEF
DEADBEEF
DEADBEEF
DEADBEEF
DEADBEEF
DEADBEEF
DEADBEEF
DEADBEEF
DEADBEEF
DEADBEEF
DEADBEEF
DEADBEEF
DEADBEEF
DEADBEEF
DEADBEEF
DEADBEEF
DEADBEEF
DEADBEEF
DEADBEEF
DEADBEEF
DEADBEEF
DEADBEEF
DEADBEEF
DEADBEEF
DEADBEEF
DEADBEEF
DEADBEEF
DEADBEEF
DEADBEEF
DEADBEEF
DEADBEEF
DEADBEEF
DEADBEEF
DEADBEEF
DEADBEEF
DEADBEEF
DEADBEEF
DEADBEEF
DEADBEEF
DEADBEEF
DEADBEEF
DEADBEEF
DEADBEEF
DEADBEEF
DEADBEEF
DEADBEEF
DEADBEEF
DEADBEEF
DEADBEEF
DEADBEEF
DEADBEEF
DEADBEEF
DEADBEEF
DEADBEEF
DEADBEEF
DEADBEEF
DEADBEEF
DEADBEEF
DEADBEEF
DEADBEEF
DEADBEEF
DEADBEEF
DEADBEEF
DEADBEEF
DEADBEEF
DEADBEEF
DEADBEEF
DEADBEEF
DEADBEEF
DEADBEEF
DEADBEEF
DEADBEEF
DEADBEEF
DEADBEEF
DEADBEEF
DEADBEEF
DEADBEEF
DEADBEEF
DEADBEEF
DEADBEEF
DEADBEEF
DEADBEEF
DEADBEEF
DEADBEEF
DEADBEEF
DEADBEEF
DEADBEEF
DEADBEEF
DEADBEEF
DEADBEEF
DEADBEEF
DEADBEEF
DEADBEEF
DEADBEEF
DEADBEEF
DEADBEEF
DEADBEEF
DEADBEEF
DEADBEEF
DEADBEEF
DEADBEEF
DEADBEEF
DEADBEEF
DEADBEEF
DEADBEEF
DEADBEEF
DEADBEEF
DEADBEEF
DEADBEEF
DEADBEEF
DEADBEEF
DEADBEEF
DEADBEEF
DEADBEEF
DEADBEEF
DEADBEEF
DEADBEEF
DEADBEEF
DEADBEEF
DEADBEEF
DEADBEEF
DEADBEEF
DEADBEEF
DEADBEEF
DEADBEEF
DEADBEEF
DEADBEEF
DEADBEEF
DEADBEEF
DEADBEEF
DEADBEEF
DEADBEEF
DEADBEEF
DEADBEEF
DEADBEEF
DEADBEEF
DEADBEEF
DEADBEEF
DEADBEEF
DEADBEEF
DEADBEEF
DEADBEEF
DEADBEEF
DEADBEEF
DEADBEEF
DEADBEEF
DEADBEEF
DEADBEEF
DEADBEEF
DEADBEEF
DEADBEEF
DEADBEEF
DEADBEEF
DEADBEEF
DEADBEEF
DEADBEEF
DEADBEEF
DEADBEEF
DEADBEEF
DEADBEEF
DEADBEEF
DEADBEEF
DEADBEEF
DEADBEEF
DEADBEEF
DEADBEEF
DEADBEEF
DEADBEEF
DEADBEEF
DEADBEEF
DEADBEEF
DEADBEEF
DEADBEEF
DEADBEEF
DEADBEEF
DEADBEEF
DEADBEEF
DEADBEEF
DEADBEEF
DEADBEEF
DEADBEEF
DEADBEEF
DEADBEEF
DEADBEEF
DEADBEEF
DEADBEEF
DEADBEEF
DEADBEEF
DEADBEEF
DEADBEEF
DEADBEEF
DEADBEEF
DEADBEEF
DEADBEEF
DEADBEEF
DEADBEEF
DEADBEEF
DEADBEEF
DEADBEEF
DEADBEEF
DEADBEEF
DEADBEEF
DEADBEEF
DEADBEEF
DEADBEEF
DEADBEEF
DEADBEEF
DEADBEEF
DEADBEEF
DEADBEEF
DEADBEEF
DEADBEEF
DEADBEEF
DEADBEEF
DEADBEEF
DEADBEEF
DEADBEEF
DEADBEEF
DEADBEEF
DEADBEEF
DEADBEEF
DEADBEEF
DEADBEEF
DEADBEEF
DEADBEEF
DEADBEEF
DEADBEEF
DEADBEEF
DEADBEEF
DEADBEEF
DEADBEEF
DEADBEEF
DEADBEEF
DEADBEEF
DEADBEEF
DEADBEEF
DEADBEEF
DEADBEEF
DEADBEEF
DEADBEEF
DEADBEEF
DEADBEEF
DEADBEEF
DEADBEEF
DEADBEEF
DEADBEEF
DEADBEEF
DEADBEEF
DEADBEEF
DEADBEEF
DEADBEEF
DEADBEEF
DEADBEEF
DEADBEEF
DEADBEEF
DEADBEEF
DEADBEEF
DEADBEEF
DEADBEEF
DEADBEEF
DEADBEEF
DEADBEEF
DEADBEEF
DEADBEEF
DEADBEEF
DEADBEEF
DEADBEEF
DEADBEEF
DEADBEEF
DEADBEEF
DEADBEEF
DEADBEEF
DEADBEEF
DEADBEEF
DEADBEEF
DEADBEEF
DEADBEEF
DEADBEEF
DEADBEEF
DEADBEEF
DEADBEEF
DEADBEEF
DEADBEEF
DEADBEEF
DEADBEEF
DEADBEEF
DEADBEEF
DEADBEEF
DEADBEEF
DEADBEEF
DEADBEEF
DEADBEEF
DEADBEEF
DEADBEEF
DEADBEEF
DEADBEEF
DEADBEEF
DEADBEEF
DEADBEEF
DEADBEEF
DEADBEEF
DEADBEEF
DEADBEEF
DEADBEEF
DEADBEEF
DEADBEEF
DEADBEEF
DEADBEEF
DEADBEEF
DEADBEEF
DEADBEEF
DEADBEEF
DEADBEEF
DEADBEEF
DEADBEEF
DEADBEEF
DEADBEEF
DEADBEEF
DEADBEEF
DEADBEEF
DEADBEEF
DEADBEEF
DEADBEEF
DEADBEEF
DEADBEEF
DEADBEEF
DEADBEEF
DEADBEEF
DEADBEEF
DEADBEEF
DEADBEEF
DEADBEEF
DEADBEEF
DEADBEEF
DEADBEEF
DEADBEEF
DEADBEEF
DEADBEEF
DEADBEEF
DEADBEEF
DEADBEEF
DEADBEEF
DEADBEEF
DEADBEEF
DEADBEEF
DEADBEEF
DEADBEEF
DEADBEEF
DEADBEEF
DEADBEEF
DEADBEEF
DEADBEEF
DEADBEEF
DEADBEEF
DEADBEEF
DEADBEEF
DEADBEEF
DEADBEEF
DEADBEEF
DEADBEEF
DEADBEEF
DEADBEEF
DEADBEEF
DEADBEEF
DEADBEEF
DEADBEEF
DEADBEEF
DEADBEEF
DEADBEEF
DEADBEEF
DEADBEEF
DEADBEEF
DEADBEEF
DEADBEEF
DEADBEEF
DEADBEEF
DEADBEEF
DEADBEEF
DEADBEEF
DEADBEEF
DEADBEEF
DEADBEEF
DEADBEEF
DEADBEEF
DEADBEEF
DEADBEEF
DEADBEEF
DEADBEEF
DEADBEEF
DEADBEEF
DEADBEEF
DEADBEEF
DEADBEEF
DEADBEEF
DEADBEEF
DEADBEEF
DEADBEEF
DEADBEEF
DEADBEEF
DEADBEEF
DEADBEEF
DEADBEEF
DEADBEEF
DEADBEEF
DEADBEEF
DEADBEEF
DEADBEEF
DEADBEEF
DEADBEEF
DEADBEEF
DEADBEEF
DEADBEEF
DEADBEEF
DEADBEEF
DEADBEEF
DEADBEEF
DEADBEEF
DEADBEEF
DEADBEEF
DEADBEEF
DEADBEEF
DEADBEEF
DEADBEEF
DEADBEEF
DEADBEEF
DEADBEEF
DEADBEEF
DEADBEEF
DEADBEEF
DEADBEEF
DEADBEEF
DEADBEEF
DEADBEEF
DEADBEEF
DEADBEEF
DEADBEEF
DEADBEEF
DEADBEEF
DEADBEEF
DEADBEEF
DEADBEEF
DEADBEEF
DEADBEEF
DEADBEEF
DEADBEEF
DEADBEEF
DEADBEEF
DEADBEEF
DEADBEEF
DEADBEEF
DEADBEEF
DEADBEEF
DEADBEEF
DEADBEEF
DEADBEEF
DEADBEEF
DEADBEEF
DEADBEEF
DEADBEEF
DEADBEEF
DEADBEEF
DEADBEEF
DEADBEEF
DEADBEEF
DEADBEEF
DEADBEEF
DEADBEEF
DEADBEEF
DEADBEEF
DEADBEEF
DEADBEEF
DEADBEEF
DEADBEEF
DEADBEEF
DEADBEEF
DEADBEEF
DEADBEEF
DEADBEEF
DEADBEEF
DEADBEEF
DEADBEEF
DEADBEEF
DEADBEEF
DEADBEEF
DEADBEEF
DEADBEEF
DEADBEEF
DEADBEEF
DEADBEEF
DEADBEEF
DEADBEEF
DEADBEEF
DEADBEEF
DEADBEEF
DEADBEEF
DEADBEEF
DEADBEEF
DEADBEEF
DEADBEEF
DEADBEEF
DEADBEEF
DEADBEEF
DEADBEEF
DEADBEEF
DEADBEEF
DEADBEEF
DEADBEEF
DEADBEEF
DEADBEEF
DEADBEEF
DEADBEEF
DEADBEEF
DEADBEEF
DEADBEEF
DEADBEEF
DEADBEEF
DEADBEEF
DEADBEEF
DEADBEEF
DEADBEEF
DEADBEEF
DEADBEEF
DEADBEEF
DEADBEEF
DEADBEEF
DEADBEEF
DEADBEEF
DEADBEEF
DEADBEEF
DEADBEEF
DEADBEEF
DEADBEEF
DEADBEEF
DEADBEEF
DEADBEEF
DEADBEEF
DEADBEEF
DEADBEEF
DEADBEEF
DEADBEEF
DEADBEEF
DEADBEEF
DEADBEEF
DEADBEEF
DEADBEEF
DEADBEEF
DEADBEEF
DEADBEEF
DEADBEEF
DEADBEEF
DEADBEEF
DEADBEEF
DEADBEEF
DEADBEEF
DEADBEEF
DEADBEEF
DEADBEEF
DEADBEEF
DEADBEEF
DEADBEEF
DEADBEEF
DEADBEEF
DEADBEEF
DEADBEEF
DEADBEEF
DEADBEEF
DEADBEEF
DEADBEEF
DEADBEEF
DEADBEEF
DEADBEEF
DEADBEEF
DEADBEEF
DEADBEEF
DEADBEEF
DEADBEEF
DEADBEEF
DEADBEEF
DEADBEEF
DEADBEEF
DEADBEEF
DEADBEEF
DEADBEEF
DEADBEEF
DEADBEEF
DEADBEEF
DEADBEEF
DEADBEEF
DEADBEEF
DEADBEEF
DEADBEEF
DEADBEEF
DEADBEEF
DEADBEEF
DEADBEEF
DEADBEEF
DEADBEEF
DEADBEEF
DEADBEEF
DEADBEEF
DEADBEEF
DEADBEEF
DEADBEEF
DEADBEEF
DEADBEEF
DEADBEEF
DEADBEEF
DEADBEEF
DEADBEEF
DEADBEEF
DEADBEEF
DEADBEEF
DEADBEEF
DEADBEEF
DEADBEEF
DEADBEEF
DEADBEEF
DEADBEEF
DEADBEEF
DEADBEEF
DEADBEEF
DEADBEEF
DEADBEEF
DEADBEEF
DEADBEEF
DEADBEEF
DEADBEEF
DEADBEEF
DEADBEEF
DEADBEEF
DEADBEEF
DEADBEEF
DEADBEEF
DEADBEEF
DEADBEEF
DEADBEEF
DEADBEEF
DEADBEEF
DEADBEEF
DEADBEEF
DEADBEEF
DEADBEEF
DEADBEEF
DEADBEEF
DEADBEEF
DEADBEEF
DEADBEEF
DEADBEEF
DEADBEEF
DEADBEEF
DEADBEEF
DEADBEEF
DEADBEEF
DEADBEEF
DEADBEEF
DEADBEEF
DEADBEEF
DEADBEEF
DEADBEEF
DEADBEEF
DEADBEEF
DEADBEEF
DEADBEEF
DEADBEEF
DEADBEEF
DEADBEEF
DEADBEEF
DEADBEEF
DEADBEEF
DEADBEEF
DEADBEEF
DEADBEEF
DEADBEEF
DEADBEEF
DEADBEEF
DEADBEEF
DEADBEEF
DEADBEEF
DEADBEEF
DEADBEEF
DEADBEEF
DEADBEEF
DEADBEEF
DEADBEEF
DEADBEEF
DEADBEEF
DEADBEEF
DEADBEEF
DEADBEEF
DEADBEEF
DEADBEEF
DEADBEEF
DEADBEEF
DEADBEEF
DEADBEEF
DEADBEEF
DEADBEEF
DEADBEEF
DEADBEEF
DEADBEEF
DEADBEEF
DEADBEEF
DEADBEEF
DEADBEEF
DEADBEEF
DEADBEEF
DEADBEEF
DEADBEEF
DEADBEEF
DEADBEEF
DEADBEEF
DEADBEEF
DEADBEEF
DEADBEEF
DEADBEEF
DEADBEEF
DEADBEEF
DEADBEEF
DEADBEEF
DEADBEEF
DEADBEEF
DEADBEEF
DEADBEEF
DEADBEEF
DEADBEEF
DEADBEEF
DEADBEEF
DEADBEEF
DEADBEEF
DEADBEEF
DEADBEEF
DEADBEEF
DEADBEEF
DEADBEEF
DEADBEEF
DEADBEEF
DEADBEEF
DEADBEEF
DEADBEEF
DEADBEEF
DEADBEEF
DEADBEEF
DEADBEEF
DEADBEEF
DEADBEEF
DEADBEEF
DEADBEEF
DEADBEEF
DEADBEEF
DEADBEEF
DEADBEEF
DEADBEEF
DEADBEEF
DEADBEEF
DEADBEEF
DEADBEEF
DEADBEEF
DEADBEEF
DEADBEEF
DEADBEEF
DEADBEEF
DEADBEEF
DEADBEEF
DEADBEEF
DEADBEEF
DEADBEEF
DEADBEEF
DEADBEEF
DEADBEEF
DEADBEEF
DEADBEEF
DEADBEEF
DEADBEEF
DEADBEEF
DEADBEEF
DEADBEEF
DEADBEEF
DEADBEEF
DEADBEEF
DEADBEEF
DEADBEEF
DEADBEEF
DEADBEEF
DEADBEEF
DEADBEEF
DEADBEEF
DEADBEEF
DEADBEEF
DEADBEEF
DEADBEEF
DEADBEEF
DEADBEEF
DEADBEEF
DEADBEEF
DEADBEEF
DEADBEEF
DEADBEEF
DEADBEEF
DEADBEEF
DEADBEEF
DEADBEEF
DEADBEEF
DEADBEEF
DEADBEEF
DEADBEEF
DEADBEEF
DEADBEEF
DEADBEEF
DEADBEEF
DEADBEEF
DEADBEEF
DEADBEEF
DEADBEEF
DEADBEEF
DEADBEEF
DEADBEEF
DEADBEEF
DEADBEEF
DEADBEEF
DEADBEEF
DEADBEEF
DEADBEEF
DEADBEEF
DEADBEEF
DEADBEEF
DEADBEEF
DEADBEEF
DEADBEEF
DEADBEEF
DEADBEEF
DEADBEEF
DEADBEEF
DEADBEEF
DEADBEEF
DEADBEEF
DEADBEEF
DEADBEEF
DEADBEEF
DEADBEEF
DEADBEEF
DEADBEEF
DEADBEEF
DEADBEEF
DEADBEEF
DEADBEEF
DEADBEEF
DEADBEEF
DEADBEEF
DEADBEEF
DEADBEEF
DEADBEEF
DEADBEEF
DEADBEEF
DEADBEEF
DEADBEEF
DEADBEEF
DEADBEEF
DEADBEEF
DEADBEEF
DEADBEEF
DEADBEEF
DEADBEEF
DEADBEEF
DEADBEEF
DEADBEEF
DEADBEEF
DEADBEEF
DEADBEEF
DEADBEEF
DEADBEEF
DEADBEEF
DEADBEEF
DEADBEEF
DEADBEEF
DEADBEEF
DEADBEEF
DEADBEEF
DEADBEEF
DEADBEEF
DEADBEEF
DEADBEEF
DEADBEEF
DEADBEEF
DEADBEEF
DEADBEEF
DEADBEEF
DEADBEEF
DEADBEEF
DEADBEEF
DEADBEEF
DEADBEEF
DEADBEEF
DEADBEEF
DEADBEEF
DEADBEEF
DEADBEEF
DEADBEEF
DEADBEEF
DEADBEEF
DEADBEEF
DEADBEEF
DEADBEEF
DEADBEEF
DEADBEEF
DEADBEEF
DEADBEEF
DEADBEEF
DEADBEEF
DEADBEEF
DEADBEEF
DEADBEEF
DEADBEEF
DEADBEEF
DEADBEEF
DEADBEEF
DEADBEEF
DEADBEEF
DEADBEEF
DEADBEEF
DEADBEEF
DEADBEEF
DEADBEEF
DEADBEEF
DEADBEEF
DEADBEEF
DEADBEEF
DEADBEEF
DEADBEEF
DEADBEEF
DEADBEEF
DEADBEEF
DEADBEEF
DEADBEEF
DEADBEEF
DEADBEEF
DEADBEEF
DEADBEEF
DEADBEEF
DEADBEEF
DEADBEEF
DEADBEEF
DEADBEEF
DEADBEEF
DEADBEEF
DEADBEEF
DEADBEEF
DEADBEEF
DEADBEEF
DEADBEEF
DEADBEEF
DEADBEEF
DEADBEEF
DEADBEEF
DEADBEEF
DEADBEEF
DEADBEEF
DEADBEEF
DEADBEEF
DEADBEEF
DEADBEEF
DEADBEEF
DEADBEEF
DEADBEEF
DEADBEEF
DEADBEEF
DEADBEEF
DEADBEEF
DEADBEEF
DEADBEEF
DEADBEEF
DEADBEEF
DEADBEEF
DEADBEEF
DEADBEEF
DEADBEEF
DEADBEEF
DEADBEEF
DEADBEEF
DEADBEEF
DEADBEEF
DEADBEEF
DEADBEEF
DEADBEEF
DEADBEEF
DEADBEEF
DEADBEEF
DEADBEEF
DEADBEEF
DEADBEEF
DEADBEEF
DEADBEEF
DEADBEEF
DEADBEEF
DEADBEEF
DEADBEEF
DEADBEEF
DEADBEEF
DEADBEEF
DEADBEEF
DEADBEEF
DEADBEEF
DEADBEEF
DEADBEEF
DEADBEEF
DEADBEEF
DEADBEEF
DEADBEEF
DEADBEEF
DEADBEEF
DEADBEEF
DEADBEEF
DEADBEEF
DEADBEEF
DEADBEEF
DEADBEEF
DEADBEEF
DEADBEEF
DEADBEEF
DEADBEEF
DEADBEEF
DEADBEEF
DEADBEEF
DEADBEEF
DEADBEEF
DEADBEEF
DEADBEEF
DEADBEEF
DEADBEEF
DEADBEEF
DEADBEEF
DEADBEEF
DEADBEEF
DEADBEEF
DEADBEEF
DEADBEEF
DEADBEEF
DEADBEEF
DEADBEEF
DEADBEEF
DEADBEEF
DEADBEEF
DEADBEEF
DEADBEEF
DEADBEEF
DEADBEEF
DEADBEEF
DEADBEEF
DEADBEEF
DEADBEEF
DEADBEEF
DEADBEEF
DEADBEEF
DEADBEEF
DEADBEEF
DEADBEEF
DEADBEEF
DEADBEEF
DEADBEEF
DEADBEEF
DEADBEEF
DEADBEEF
DEADBEEF
DEADBEEF
DEADBEEF
DEADBEEF
DEADBEEF
DEADBEEF
DEADBEEF
DEADBEEF
DEADBEEF
DEADBEEF
DEADBEEF
DEADBEEF
DEADBEEF
DEADBEEF
DEADBEEF
DEADBEEF
DEADBEEF
DEADBEEF
DEADBEEF
DEADBEEF
DEADBEEF
DEADBEEF
DEADBEEF
DEADBEEF
DEADBEEF
DEADBEEF
DEADBEEF
DEADBEEF
DEADBEEF
DEADBEEF
DEADBEEF
DEADBEEF
DEADBEEF
DEADBEEF
DEADBEEF
DEADBEEF
DEADBEEF
DEADBEEF
DEADBEEF
DEADBEEF
DEADBEEF
DEADBEEF
DEADBEEF
DEADBEEF
DEADBEEF
DEADBEEF
DEADBEEF
DEADBEEF
DEADBEEF
DEADBEEF
DEADBEEF
DEADBEEF
DEADBEEF
DEADBEEF
DEADBEEF
DEADBEEF
DEADBEEF
DEADBEEF
DEADBEEF
DEADBEEF
DEADBEEF
DEADBEEF
DEADBEEF
DEADBEEF
DEADBEEF
DEADBEEF
DEADBEEF
DEADBEEF
DEADBEEF
DEADBEEF
DEADBEEF
DEADBEEF
DEADBEEF
DEADBEEF
DEADBEEF
DEADBEEF
DEADBEEF
DEADBEEF
DEADBEEF
DEADBEEF
DEADBEEF
DEADBEEF
DEADBEEF
DEADBEEF
DEADBEEF
DEADBEEF
DEADBEEF
DEADBEEF
DEADBEEF
DEADBEEF
DEADBEEF
DEADBEEF
DEADBEEF
DEADBEEF
DEADBEEF
DEADBEEF
DEADBEEF
DEADBEEF
DEADBEEF
DEADBEEF
DEADBEEF
DEADBEEF
DEADBEEF
DEADBEEF
DEADBEEF
DEADBEEF
DEADBEEF
DEADBEEF
DEADBEEF
DEADBEEF
DEADBEEF
DEADBEEF
DEADBEEF
DEADBEEF
DEADBEEF
DEADBEEF
DEADBEEF
DEADBEEF
DEADBEEF
DEADBEEF
DEADBEEF
DEADBEEF
DEADBEEF
DEADBEEF
DEADBEEF
DEADBEEF
DEADBEEF
DEADBEEF
DEADBEEF
DEADBEEF
DEADBEEF
DEADBEEF
DEADBEEF
DEADBEEF
DEADBEEF
DEADBEEF
DEADBEEF
DEADBEEF
DEADBEEF
DEADBEEF
DEADBEEF
DEADBEEF
DEADBEEF
DEADBEEF
DEADBEEF
DEADBEEF
DEADBEEF
DEADBEEF
DEADBEEF
DEADBEEF
DEADBEEF
DEADBEEF
DEADBEEF
DEADBEEF
DEADBEEF
DEADBEEF
DEADBEEF
DEADBEEF
DEADBEEF
DEADBEEF
DEADBEEF
DEADBEEF
DEADBEEF
DEADBEEF
DEADBEEF
DEADBEEF
DEADBEEF
DEADBEEF
DEADBEEF
DEADBEEF
DEADBEEF
DEADBEEF
DEADBEEF
DEADBEEF
DEADBEEF
DEADBEEF
DEADBEEF
DEADBEEF
DEADBEEF
DEADBEEF
DEADBEEF
DEADBEEF
DEADBEEF
DEADBEEF
DEADBEEF
DEADBEEF
DEADBEEF
DEADBEEF
DEADBEEF
DEADBEEF
DEADBEEF
DEADBEEF
DEADBEEF
DEADBEEF
DEADBEEF
DEADBEEF
DEADBEEF
DEADBEEF
DEADBEEF
DEADBEEF
DEADBEEF
DEADBEEF
DEADBEEF
DEADBEEF
DEADBEEF
DEADBEEF
DEADBEEF
DEADBEEF
DEADBEEF
DEADBEEF
DEADBEEF
DEADBEEF
DEADBEEF
DEADBEEF
DEADBEEF
DEADBEEF
DEADBEEF
DEADBEEF
DEADBEEF
DEADBEEF
DEADBEEF
DEADBEEF
DEADBEEF
DEADBEEF
DEADBEEF
DEADBEEF
DEADBEEF
DEADBEEF
DEADBEEF
DEADBEEF
DEADBEEF
DEADBEEF
DEADBEEF
DEADBEEF
DEADBEEF
DEADBEEF
DEADBEEF
DEADBEEF
DEADBEEF
DEADBEEF
DEADBEEF
DEADBEEF
DEADBEEF
DEADBEEF
DEADBEEF
DEADBEEF
DEADBEEF
DEADBEEF
DEADBEEF
DEADBEEF
DEADBEEF
DEADBEEF
DEADBEEF
DEADBEEF
DEADBEEF
DEADBEEF
DEADBEEF
DEADBEEF
DEADBEEF
DEADBEEF
DEADBEEF
DEADBEEF
DEADBEEF
DEADBEEF
DEADBEEF
DEADBEEF
DEADBEEF
DEADBEEF
DEADBEEF
DEADBEEF
DEADBEEF
DEADBEEF
DEADBEEF
DEADBEEF
DEADBEEF
DEADBEEF
DEADBEEF
DEADBEEF
DEADBEEF
DEADBEEF
DEADBEEF
DEADBEEF
DEADBEEF
DEADBEEF
DEADBEEF
DEADBEEF
DEADBEEF
DEADBEEF
DEADBEEF
DEADBEEF
DEADBEEF
DEADBEEF
DEADBEEF
DEADBEEF
DEADBEEF
DEADBEEF
DEADBEEF
DEADBEEF
DEADBEEF
DEADBEEF
DEADBEEF
DEADBEEF
DEADBEEF
DEADBEEF
DEADBEEF
DEADBEEF
DEADBEEF
DEADBEEF
DEADBEEF
DEADBEEF
DEADBEEF
DEADBEEF
DEADBEEF
DEADBEEF
DEADBEEF
DEADBEEF
DEADBEEF
DEADBEEF
DEADBEEF
DEADBEEF
DEADBEEF
DEADBEEF
DEADBEEF
DEADBEEF
DEADBEEF
DEADBEEF
DEADBEEF
DEADBEEF
DEADBEEF
DEADBEEF
DEADBEEF
DEADBEEF
DEADBEEF
DEADBEEF
DEADBEEF
DEADBEEF
DEADBEEF
DEADBEEF
DEADBEEF
DEADBEEF
DEADBEEF
DEADBEEF
DEADBEEF
DEADBEEF
DEADBEEF
DEADBEEF
DEADBEEF
DEADBEEF
DEADBEEF
DEADBEEF
DEADBEEF
DEADBEEF
DEADBEEF
DEADBEEF
DEADBEEF
DEADBEEF
DEADBEEF
DEADBEEF
DEADBEEF
DEADBEEF
DEADBEEF
DEADBEEF
DEADBEEF
DEADBEEF
DEADBEEF
DEADBEEF
DEADBEEF
DEADBEEF
DEADBEEF
DEADBEEF
DEADBEEF
DEADBEEF
DEADBEEF
DEADBEEF
DEADBEEF
DEADBEEF
DEADBEEF
DEADBEEF
DEADBEEF
DEADBEEF
DEADBEEF
DEADBEEF
DEADBEEF
DEADBEEF
DEADBEEF
DEADBEEF
DEADBEEF
DEADBEEF
DEADBEEF
DEADBEEF
DEADBEEF
DEADBEEF
DEADBEEF
DEADBEEF
DEADBEEF
DEADBEEF
DEADBEEF
DEADBEEF
DEADBEEF
DEADBEEF
DEADBEEF
DEADBEEF
DEADBEEF
DEADBEEF
DEADBEEF
DEADBEEF
DEADBEEF
DEADBEEF
DEADBEEF
DEADBEEF
DEADBEEF
DEADBEEF
DEADBEEF
DEADBEEF
DEADBEEF
DEADBEEF
DEADBEEF
DEADBEEF
DEADBEEF
DEADBEEF
DEADBEEF
DEADBEEF
DEADBEEF
DEADBEEF
DEADBEEF
DEADBEEF
DEADBEEF
DEADBEEF
DEADBEEF
DEADBEEF
DEADBEEF
DEADBEEF
DEADBEEF
DEADBEEF
DEADBEEF
DEADBEEF
DEADBEEF
DEADBEEF
DEADBEEF
DEADBEEF
DEADBEEF
DEADBEEF
DEADBEEF
DEADBEEF
DEADBEEF
DEADBEEF
DEADBEEF
DEADBEEF
DEADBEEF
DEADBEEF
DEADBEEF
DEADBEEF
DEADBEEF
DEADBEEF
DEADBEEF
DEADBEEF
DEADBEEF
DEADBEEF
DEADBEEF
DEADBEEF
DEADBEEF
DEADBEEF
DEADBEEF
DEADBEEF
DEADBEEF
DEADBEEF
DEADBEEF
DEADBEEF
DEADBEEF
DEADBEEF
DEADBEEF
DEADBEEF
DEADBEEF
DEADBEEF
DEADBEEF
DEADBEEF
DEADBEEF
DEADBEEF
DEADBEEF
DEADBEEF
DEADBEEF
DEADBEEF
DEADBEEF
DEADBEEF
DEADBEEF
DEADBEEF
DEADBEEF
DEADBEEF
DEADBEEF
DEADBEEF
DEADBEEF
DEADBEEF
DEADBEEF
DEADBEEF
DEADBEEF
DEADBEEF
DEADBEEF
DEADBEEF
DEADBEEF
DEADBEEF
DEADBEEF
DEADBEEF
DEADBEEF
DEADBEEF
DEADBEEF
DEADBEEF
DEADBEEF
DEADBEEF
DEADBEEF
DEADBEEF
DEADBEEF
DEADBEEF
DEADBEEF
DEADBEEF
DEADBEEF
DEADBEEF
DEADBEEF
DEADBEEF
DEADBEEF
DEADBEEF
DEADBEEF
DEADBEEF
DEADBEEF
DEADBEEF
DEADBEEF
DEADBEEF
DEADBEEF
DEADBEEF
DEADBEEF
DEADBEEF
DEADBEEF
DEADBEEF
DEADBEEF
DEADBEEF
DEADBEEF
DEADBEEF
DEADBEEF
DEADBEEF
DEADBEEF
DEADBEEF
DEADBEEF
DEADBEEF
DEADBEEF
DEADBEEF
DEADBEEF
DEADBEEF
DEADBEEF
DEADBEEF
DEADBEEF
DEADBEEF
DEADBEEF
DEADBEEF
DEADBEEF
DEADBEEF
DEADBEEF
DEADBEEF
DEADBEEF
DEADBEEF
DEADBEEF
DEADBEEF
DEADBEEF
DEADBEEF
DEADBEEF
DEADBEEF
DEADBEEF
DEADBEEF
DEADBEEF
DEADBEEF
DEADBEEF
DEADBEEF
DEADBEEF
DEADBEEF
DEADBEEF
DEADBEEF
DEADBEEF
DEADBEEF
DEADBEEF
DEADBEEF
DEADBEEF
DEADBEEF
DEADBEEF
DEADBEEF
DEADBEEF
DEADBEEF
DEADBEEF
DEADBEEF
DEADBEEF
DEADBEEF
DEADBEEF
DEADBEEF
DEADBEEF
DEADBEEF
DEADBEEF
DEADBEEF
DEADBEEF
DEADBEEF
DEADBEEF
DEADBEEF
DEADBEEF
DEADBEEF
DEADBEEF
DEADBEEF
DEADBEEF
DEADBEEF
DEADBEEF
DEADBEEF
DEADBEEF
DEADBEEF
DEADBEEF
DEADBEEF
DEADBEEF
DEADBEEF
DEADBEEF
DEADBEEF
DEADBEEF
DEADBEEF
DEADBEEF
DEADBEEF
DEADBEEF
DEADBEEF
DEADBEEF
DEADBEEF
DEADBEEF
DEADBEEF
DEADBEEF
DEADBEEF
DEADBEEF
DEADBEEF
DEADBEEF
DEADBEEF
DEADBEEF
DEADBEEF
DEADBEEF
DEADBEEF
DEADBEEF
DEADBEEF
DEADBEEF
DEADBEEF
DEADBEEF
DEADBEEF
DEADBEEF
DEADBEEF
DEADBEEF
DEADBEEF
DEADBEEF
DEADBEEF
DEADBEEF
DEADBEEF
DEADBEEF
DEADBEEF
DEADBEEF
DEADBEEF
DEADBEEF
DEADBEEF
DEADBEEF
DEADBEEF
DEADBEEF
DEADBEEF
DEADBEEF
DEADBEEF
DEADBEEF
DEADBEEF
DEADBEEF
DEADBEEF
DEADBEEF
DEADBEEF
DEADBEEF
DEADBEEF
DEADBEEF
DEADBEEF
DEADBEEF
DEADBEEF
DEADBEEF
DEADBEEF
DEADBEEF
DEADBEEF
DEADBEEF
DEADBEEF
DEADBEEF
DEADBEEF
DEADBEEF
DEADBEEF
DEADBEEF
DEADBEEF
DEADBEEF
DEADBEEF
DEADBEEF
DEADBEEF
DEADBEEF
DEADBEEF
DEADBEEF
DEADBEEF
DEADBEEF
DEADBEEF
DEADBEEF
DEADBEEF
DEADBEEF
DEADBEEF
DEADBEEF
DEADBEEF
DEADBEEF
DEADBEEF
DEADBEEF
DEADBEEF
DEADBEEF
DEADBEEF
DEADBEEF
DEADBEEF
DEADBEEF
DEADBEEF
DEADBEEF
DEADBEEF
DEADBEEF
DEADBEEF
DEADBEEF
DEADBEEF
DEADBEEF
DEADBEEF
DEADBEEF
DEADBEEF
DEADBEEF
DEADBEEF
DEADBEEF
DEADBEEF
DEADBEEF
DEADBEEF
DEADBEEF
DEADBEEF
DEADBEEF
DEADBEEF
DEADBEEF
DEADBEEF
DEADBEEF
DEADBEEF
DEADBEEF
DEADBEEF
DEADBEEF
DEADBEEF
DEADBEEF
DEADBEEF
DEADBEEF
DEADBEEF
DEADBEEF
DEADBEEF
DEADBEEF
DEADBEEF
DEADBEEF
DEADBEEF
DEADBEEF
DEADBEEF
DEADBEEF
DEADBEEF
DEADBEEF
DEADBEEF
DEADBEEF
DEADBEEF
DEADBEEF
DEADBEEF
DEADBEEF
DEADBEEF
DEADBEEF
DEADBEEF
DEADBEEF
DEADBEEF
DEADBEEF
DEADBEEF
DEADBEEF
DEADBEEF
DEADBEEF
DEADBEEF
DEADBEEF
DEADBEEF
DEADBEEF
DEADBEEF
DEADBEEF
DEADBEEF
DEADBEEF
DEADBEEF
DEADBEEF
DEADBEEF
DEADBEEF
DEADBEEF
DEADBEEF
DEADBEEF
DEADBEEF
DEADBEEF
DEADBEEF
DEADBEEF
DEADBEEF
DEADBEEF
DEADBEEF
DEADBEEF
DEADBEEF
DEADBEEF
DEADBEEF
DEADBEEF
DEADBEEF
DEADBEEF
DEADBEEF
DEADBEEF
DEADBEEF
DEADBEEF
DEADBEEF
DEADBEEF
DEADBEEF
DEADBEEF
DEADBEEF
DEADBEEF
DEADBEEF
DEADBEEF
DEADBEEF
DEADBEEF
DEADBEEF
DEADBEEF
DEADBEEF
DEADBEEF
DEADBEEF
DEADBEEF
DEADBEEF
DEADBEEF
DEADBEEF
DEADBEEF
DEADBEEF
DEADBEEF
DEADBEEF
DEADBEEF
DEADBEEF
DEADBEEF
DEADBEEF
DEADBEEF
DEADBEEF
DEADBEEF
DEADBEEF
DEADBEEF
DEADBEEF
DEADBEEF
DEADBEEF
DEADBEEF
DEADBEEF
DEADBEEF
DEADBEEF
DEADBEEF
DEADBEEF
DEADBEEF
DEADBEEF
DEADBEEF
DEADBEEF
DEADBEEF
DEADBEEF
DEADBEEF
DEADBEEF
DEADBEEF
DEADBEEF
DEADBEEF
DEADBEEF
DEADBEEF
DEADBEEF
DEADBEEF
DEADBEEF
DEADBEEF
DEADBEEF
DEADBEEF
DEADBEEF
DEADBEEF
DEADBEEF
DEADBEEF
DEADBEEF
DEADBEEF
DEADBEEF
DEADBEEF
DEADBEEF
DEADBEEF
DEADBEEF
DEADBEEF
DEADBEEF
DEADBEEF
DEADBEEF
DEADBEEF
DEADBEEF
DEADBEEF
DEADBEEF
DEADBEEF
DEADBEEF
DEADBEEF
DEADBEEF
DEADBEEF
DEADBEEF
DEADBEEF
DEADBEEF
DEADBEEF
DEADBEEF
DEADBEEF
DEADBEEF
DEADBEEF
DEADBEEF
DEADBEEF
DEADBEEF
DEADBEEF
DEADBEEF
DEADBEEF
DEADBEEF
DEADBEEF
DEADBEEF
DEADBEEF
DEADBEEF
DEADBEEF
DEADBEEF
DEADBEEF
DEADBEEF
DEADBEEF
DEADBEEF
DEADBEEF
DEADBEEF
DEADBEEF
DEADBEEF
DEADBEEF
DEADBEEF
DEADBEEF
DEADBEEF
DEADBEEF
DEADBEEF
DEADBEEF
DEADBEEF
DEADBEEF
DEADBEEF
DEADBEEF
DEADBEEF
DEADBEEF
DEADBEEF
DEADBEEF
DEADBEEF
DEADBEEF
DEADBEEF
DEADBEEF
DEADBEEF
DEADBEEF
DEADBEEF
DEADBEEF
DEADBEEF
DEADBEEF
DEADBEEF
DEADBEEF
DEADBEEF
DEADBEEF
DEADBEEF
DEADBEEF
DEADBEEF
DEADBEEF
DEADBEEF
DEADBEEF
DEADBEEF
DEADBEEF
DEADBEEF
DEADBEEF
DEADBEEF
DEADBEEF
DEADBEEF
DEADBEEF
DEADBEEF
DEADBEEF
DEADBEEF
DEADBEEF
DEADBEEF
DEADBEEF
DEADBEEF
DEADBEEF
DEADBEEF
DEADBEEF
DEADBEEF
DEADBEEF
DEADBEEF
DEADBEEF
DEADBEEF
DEADBEEF
DEADBEEF
DEADBEEF
DEADBEEF
DEADBEEF
DEADBEEF
DEADBEEF
DEADBEEF
DEADBEEF
DEADBEEF
DEADBEEF
DEADBEEF
DEADBEEF
DEADBEEF
DEADBEEF
DEADBEEF
DEADBEEF
DEADBEEF
DEADBEEF
DEADBEEF
DEADBEEF
DEADBEEF
DEADBEEF
DEADBEEF
DEADBEEF
DEADBEEF
DEADBEEF
DEADBEEF
DEADBEEF
DEADBEEF
DEADBEEF
DEADBEEF
DEADBEEF
DEADBEEF
DEADBEEF
DEADBEEF
DEADBEEF
DEADBEEF
DEADBEEF
DEADBEEF
DEADBEEF
DEADBEEF
DEADBEEF
DEADBEEF
DEADBEEF
DEADBEEF
DEADBEEF
DEADBEEF
DEADBEEF
DEADBEEF
DEADBEEF
DEADBEEF
DEADBEEF
DEADBEEF
DEADBEEF
DEADBEEF
DEADBEEF
DEADBEEF
DEADBEEF
DEADBEEF
DEADBEEF
DEADBEEF
DEADBEEF
DEADBEEF
DEADBEEF
DEADBEEF
DEADBEEF
DEADBEEF
DEADBEEF
DEADBEEF
DEADBEEF
DEADBEEF
DEADBEEF
DEADBEEF
DEADBEEF
DEADBEEF
DEADBEEF
DEADBEEF
DEADBEEF
DEADBEEF
DEADBEEF
DEADBEEF
DEADBEEF
DEADBEEF
DEADBEEF
DEADBEEF
DEADBEEF
DEADBEEF
DEADBEEF
DEADBEEF
DEADBEEF
DEADBEEF
DEADBEEF
DEADBEEF
DEADBEEF
DEADBEEF
DEADBEEF
DEADBEEF
DEADBEEF
DEADBEEF
DEADBEEF
DEADBEEF
DEADBEEF
DEADBEEF
DEADBEEF
DEADBEEF
DEADBEEF
DEADBEEF
DEADBEEF
DEADBEEF
DEADBEEF
DEADBEEF
DEADBEEF
DEADBEEF
DEADBEEF
DEADBEEF
DEADBEEF
DEADBEEF
DEADBEEF
DEADBEEF
DEADBEEF
DEADBEEF
DEADBEEF
DEADBEEF
DEADBEEF
DEADBEEF
DEADBEEF
DEADBEEF
DEADBEEF
DEADBEEF
DEADBEEF
DEADBEEF
DEADBEEF
DEADBEEF
DEADBEEF
DEADBEEF
DEADBEEF
DEADBEEF
DEADBEEF
DEADBEEF
DEADBEEF
DEADBEEF
DEADBEEF
DEADBEEF
DEADBEEF
DEADBEEF
DEADBEEF
DEADBEEF
DEADBEEF
DEADBEEF
DEADBEEF
DEADBEEF
DEADBEEF
DEADBEEF
DEADBEEF
DEADBEEF
DEADBEEF
DEADBEEF
DEADBEEF
DEADBEEF
DEADBEEF
DEADBEEF
DEADBEEF
DEADBEEF
DEADBEEF
DEADBEEF
DEADBEEF
DEADBEEF
DEADBEEF
DEADBEEF
DEADBEEF
DEADBEEF
DEADBEEF
DEADBEEF
DEADBEEF
DEADBEEF
DEADBEEF
DEADBEEF
DEADBEEF
DEADBEEF
DEADBEEF
DEADBEEF
DEADBEEF
DEADBEEF
DEADBEEF
DEADBEEF
DEADBEEF
DEADBEEF
DEADBEEF
DEADBEEF
DEADBEEF
DEADBEEF
DEADBEEF
DEADBEEF
DEADBEEF
DEADBEEF
DEADBEEF
DEADBEEF
DEADBEEF
DEADBEEF
DEADBEEF
DEADBEEF
DEADBEEF
DEADBEEF
DEADBEEF
DEADBEEF
DEADBEEF
DEADBEEF
DEADBEEF
DEADBEEF
DEADBEEF
DEADBEEF
DEADBEEF
DEADBEEF
DEADBEEF
DEADBEEF
DEADBEEF
DEADBEEF
DEADBEEF
DEADBEEF
DEADBEEF
DEADBEEF
DEADBEEF
DEADBEEF
DEADBEEF
DEADBEEF
DEADBEEF
DEADBEEF
DEADBEEF
DEADBEEF
DEADBEEF
DEADBEEF
DEADBEEF
DEADBEEF
DEADBEEF
DEADBEEF
DEADBEEF
DEADBEEF
DEADBEEF
DEADBEEF
DEADBEEF
DEADBEEF
DEADBEEF
DEADBEEF
DEADBEEF
DEADBEEF
DEADBEEF
DEADBEEF
DEADBEEF
DEADBEEF
DEADBEEF
DEADBEEF
DEADBEEF
DEADBEEF
DEADBEEF
DEADBEEF
DEADBEEF
DEADBEEF
DEADBEEF
DEADBEEF
DEADBEEF
DEADBEEF
DEADBEEF
DEADBEEF
DEADBEEF
DEADBEEF
DEADBEEF
DEADBEEF
DEADBEEF
DEADBEEF
DEADBEEF
DEADBEEF
DEADBEEF
DEADBEEF
DEADBEEF
DEADBEEF
DEADBEEF
DEADBEEF
DEADBEEF
DEADBEEF
DEADBEEF
DEADBEEF
DEADBEEF
DEADBEEF
DEADBEEF
DEADBEEF
DEADBEEF
DEADBEEF
DEADBEEF
DEADBEEF
DEADBEEF
DEADBEEF
DEADBEEF
DEADBEEF
DEADBEEF
DEADBEEF
DEADBEEF
DEADBEEF
DEADBEEF
DEADBEEF
DEADBEEF
DEADBEEF
DEADBEEF
DEADBEEF
DEADBEEF
DEADBEEF
DEADBEEF
DEADBEEF
DEADBEEF
DEADBEEF
DEADBEEF
DEADBEEF
DEADBEEF
DEADBEEF
DEADBEEF
DEADBEEF
DEADBEEF
DEADBEEF
DEADBEEF
DEADBEEF
DEADBEEF
DEADBEEF
DEADBEEF
DEADBEEF
DEADBEEF
DEADBEEF
DEADBEEF
DEADBEEF
DEADBEEF
DEADBEEF
DEADBEEF
DEADBEEF
DEADBEEF
DEADBEEF
DEADBEEF
DEADBEEF
DEADBEEF
DEADBEEF
DEADBEEF
DEADBEEF
DEADBEEF
DEADBEEF
DEADBEEF
DEADBEEF
DEADBEEF
DEADBEEF
DEADBEEF
DEADBEEF
DEADBEEF
DEADBEEF
DEADBEEF
DEADBEEF
DEADBEEF
DEADBEEF
DEADBEEF
DEADBEEF
DEADBEEF
DEADBEEF
DEADBEEF
DEADBEEF
DEADBEEF
DEADBEEF
DEADBEEF
DEADBEEF
DEADBEEF
DEADBEEF
DEADBEEF
DEADBEEF
DEADBEEF
DEADBEEF
DEADBEEF
DEADBEEF
DEADBEEF
DEADBEEF
DEADBEEF
DEADBEEF
DEADBEEF
DEADBEEF
DEADBEEF
DEADBEEF
DEADBEEF
DEADBEEF
DEADBEEF
DEADBEEF
DEADBEEF
DEADBEEF
DEADBEEF
DEADBEEF
DEADBEEF
DEADBEEF
DEADBEEF
DEADBEEF
DEADBEEF
DEADBEEF
DEADBEEF
DEADBEEF
DEADBEEF
DEADBEEF
DEADBEEF
DEADBEEF
DEADBEEF
DEADBEEF
DEADBEEF
DEADBEEF
DEADBEEF
DEADBEEF
DEADBEEF
DEADBEEF
DEADBEEF
DEADBEEF
DEADBEEF
DEADBEEF
DEADBEEF
DEADBEEF
DEADBEEF
DEADBEEF
DEADBEEF
DEADBEEF
DEADBEEF
DEADBEEF
DEADBEEF
DEADBEEF
DEADBEEF
DEADBEEF
DEADBEEF
DEADBEEF
DEADBEEF
DEADBEEF
DEADBEEF
DEADBEEF
DEADBEEF
DEADBEEF
DEADBEEF
DEADBEEF
DEADBEEF
DEADBEEF
DEADBEEF
DEADBEEF
DEADBEEF
DEADBEEF
DEADBEEF
DEADBEEF
DEADBEEF
DEADBEEF
DEADBEEF
DEADBEEF
DEADBEEF
DEADBEEF
DEADBEEF
DEADBEEF
DEADBEEF
DEADBEEF
DEADBEEF
DEADBEEF
DEADBEEF
DEADBEEF
DEADBEEF
DEADBEEF
DEADBEEF
DEADBEEF
DEADBEEF
DEADBEEF
DEADBEEF
DEADBEEF
DEADBEEF
DEADBEEF
DEADBEEF
DEADBEEF
DEADBEEF
DEADBEEF
DEADBEEF
DEADBEEF
DEADBEEF
DEADBEEF
DEADBEEF
DEADBEEF
DEADBEEF
DEADBEEF
DEADBEEF
DEADBEEF
DEADBEEF
DEADBEEF
DEADBEEF
DEADBEEF
DEADBEEF
DEADBEEF
DEADBEEF
DEADBEEF
DEADBEEF
DEADBEEF
DEADBEEF
DEADBEEF
DEADBEEF
DEADBEEF
DEADBEEF
DEADBEEF
DEADBEEF
DEADBEEF
DEADBEEF
DEADBEEF
DEADBEEF
DEADBEEF
DEADBEEF
DEADBEEF
DEADBEEF
DEADBEEF
DEADBEEF
DEADBEEF
DEADBEEF
DEADBEEF
DEADBEEF
DEADBEEF
DEADBEEF
DEADBEEF
DEADBEEF
DEADBEEF
DEADBEEF
DEADBEEF
DEADBEEF
DEADBEEF
DEADBEEF
DEADBEEF
DEADBEEF
DEADBEEF
DEADBEEF
DEADBEEF
DEADBEEF
DEADBEEF
DEADBEEF
DEADBEEF
DEADBEEF
DEADBEEF
DEADBEEF
DEADBEEF
DEADBEEF
DEADBEEF
DEADBEEF
DEADBEEF
DEADBEEF
DEADBEEF
DEADBEEF
DEADBEEF
DEADBEEF
DEADBEEF
DEADBEEF
DEADBEEF
DEADBEEF
DEADBEEF
DEADBEEF
DEADBEEF
DEADBEEF
DEADBEEF
DEADBEEF
DEADBEEF
DEADBEEF
DEADBEEF
DEADBEEF
DEADBEEF
DEADBEEF
DEADBEEF
DEADBEEF
DEADBEEF
DEADBEEF
DEADBEEF
DEADBEEF
DEADBEEF
DEADBEEF
DEADBEEF
DEADBEEF
DEADBEEF
DEADBEEF
DEADBEEF
DEADBEEF
DEADBEEF
DEADBEEF
DEADBEEF
DEADBEEF
DEADBEEF
DEADBEEF
DEADBEEF
DEADBEEF
DEADBEEF
DEADBEEF
DEADBEEF
DEADBEEF
DEADBEEF
DEADBEEF
DEADBEEF
DEADBEEF
DEADBEEF
DEADBEEF
DEADBEEF
DEADBEEF
DEADBEEF
DEADBEEF
DEADBEEF
DEADBEEF
DEADBEEF
DEADBEEF
DEADBEEF
DEADBEEF
DEADBEEF
DEADBEEF
DEADBEEF
DEADBEEF
DEADBEEF
DEADBEEF
DEADBEEF
DEADBEEF
DEADBEEF
DEADBEEF
DEADBEEF
DEADBEEF
DEADBEEF
DEADBEEF
DEADBEEF
DEADBEEF
DEADBEEF
DEADBEEF
DEADBEEF
DEADBEEF
DEADBEEF
DEADBEEF
DEADBEEF
DEADBEEF
DEADBEEF
DEADBEEF
DEADBEEF
DEADBEEF
DEADBEEF
DEADBEEF
DEADBEEF
DEADBEEF
DEADBEEF
DEADBEEF
DEADBEEF
DEADBEEF
DEADBEEF
DEADBEEF
DEADBEEF
DEADBEEF
DEADBEEF
DEADBEEF
DEADBEEF
DEADBEEF
DEADBEEF
DEADBEEF
DEADBEEF
DEADBEEF
DEADBEEF
DEADBEEF
DEADBEEF
DEADBEEF
DEADBEEF
DEADBEEF
DEADBEEF
DEADBEEF
DEADBEEF
DEADBEEF
DEADBEEF
DEADBEEF
DEADBEEF
DEADBEEF
DEADBEEF
DEADBEEF
DEADBEEF
DEADBEEF
DEADBEEF
DEADBEEF
DEADBEEF
DEADBEEF
DEADBEEF
DEADBEEF
DEADBEEF
DEADBEEF
DEADBEEF
DEADBEEF
DEADBEEF
DEADBEEF
DEADBEEF
DEADBEEF
DEADBEEF
DEADBEEF
DEADBEEF
DEADBEEF
DEADBEEF
DEADBEEF
DEADBEEF
DEADBEEF
DEADBEEF
DEADBEEF
DEADBEEF
DEADBEEF
DEADBEEF
DEADBEEF
DEADBEEF
DEADBEEF
DEADBEEF
DEADBEEF
DEADBEEF
DEADBEEF
DEADBEEF
DEADBEEF
DEADBEEF
DEADBEEF
DEADBEEF
DEADBEEF
DEADBEEF
DEADBEEF
DEADBEEF
DEADBEEF
DEADBEEF
DEADBEEF
DEADBEEF
DEADBEEF
DEADBEEF
DEADBEEF
DEADBEEF
DEADBEEF
DEADBEEF
DEADBEEF
DEADBEEF
DEADBEEF
DEADBEEF
DEADBEEF
DEADBEEF
DEADBEEF
DEADBEEF
DEADBEEF
DEADBEEF
DEADBEEF
DEADBEEF
DEADBEEF
DEADBEEF
DEADBEEF
DEADBEEF
DEADBEEF
DEADBEEF
DEADBEEF
DEADBEEF
DEADBEEF
DEADBEEF
DEADBEEF
DEADBEEF
DEADBEEF
DEADBEEF
DEADBEEF
DEADBEEF
DEADBEEF
DEADBEEF
DEADBEEF
DEADBEEF
DEADBEEF
DEADBEEF
DEADBEEF
DEADBEEF
DEADBEEF
DEADBEEF
DEADBEEF
DEADBEEF
DEADBEEF
DEADBEEF
DEADBEEF
DEADBEEF
DEADBEEF
DEADBEEF
DEADBEEF
DEADBEEF
DEADBEEF
DEADBEEF
DEADBEEF
DEADBEEF
DEADBEEF
DEADBEEF
DEADBEEF
DEADBEEF
DEADBEEF
DEADBEEF
DEADBEEF
DEADBEEF
DEADBEEF
DEADBEEF
DEADBEEF
DEADBEEF
DEADBEEF
DEADBEEF
DEADBEEF
DEADBEEF
DEADBEEF
DEADBEEF
DEADBEEF
DEADBEEF
DEADBEEF
DEADBEEF
DEADBEEF
DEADBEEF
DEADBEEF
DEADBEEF
DEADBEEF
DEADBEEF
DEADBEEF
DEADBEEF
DEADBEEF
DEADBEEF
DEADBEEF
DEADBEEF
DEADBEEF
DEADBEEF
DEADBEEF
DEADBEEF
DEADBEEF
DEADBEEF
DEADBEEF
DEADBEEF
DEADBEEF
DEADBEEF
DEADBEEF
DEADBEEF
DEADBEEF
DEADBEEF
DEADBEEF
DEADBEEF
DEADBEEF
DEADBEEF
DEADBEEF
DEADBEEF
DEADBEEF
DEADBEEF
DEADBEEF
DEADBEEF
DEADBEEF
DEADBEEF
DEADBEEF
DEADBEEF
DEADBEEF
DEADBEEF
DEADBEEF
DEADBEEF
DEADBEEF
DEADBEEF
DEADBEEF
DEADBEEF
DEADBEEF
DEADBEEF
DEADBEEF
DEADBEEF
DEADBEEF
DEADBEEF
DEADBEEF
DEADBEEF
DEADBEEF
DEADBEEF
DEADBEEF
DEADBEEF
DEADBEEF
DEADBEEF
DEADBEEF
DEADBEEF
DEADBEEF
DEADBEEF
DEADBEEF
DEADBEEF
DEADBEEF
DEADBEEF
DEADBEEF
DEADBEEF
DEADBEEF
DEADBEEF
DEADBEEF
DEADBEEF
DEADBEEF
DEADBEEF
DEADBEEF
DEADBEEF
DEADBEEF
DEADBEEF
DEADBEEF
DEADBEEF
DEADBEEF
DEADBEEF
DEADBEEF
DEADBEEF
DEADBEEF
DEADBEEF
DEADBEEF
DEADBEEF
DEADBEEF
DEADBEEF
DEADBEEF
DEADBEEF
DEADBEEF
DEADBEEF
DEADBEEF
DEADBEEF
DEADBEEF
DEADBEEF
DEADBEEF
DEADBEEF
DEADBEEF
DEADBEEF
DEADBEEF
DEADBEEF
DEADBEEF
DEADBEEF
DEADBEEF
DEADBEEF
DEADBEEF
DEADBEEF
DEADBEEF
DEADBEEF
DEADBEEF
DEADBEEF
DEADBEEF
DEADBEEF
DEADBEEF
DEADBEEF
DEADBEEF
DEADBEEF
DEADBEEF
DEADBEEF
DEADBEEF
DEADBEEF
DEADBEEF
DEADBEEF
DEADBEEF
DEADBEEF
DEADBEEF
DEADBEEF
DEADBEEF
DEADBEEF
DEADBEEF
DEADBEEF
DEADBEEF
DEADBEEF
DEADBEEF
DEADBEEF
DEADBEEF
DEADBEEF
DEADBEEF
DEADBEEF
DEADBEEF
DEADBEEF
DEADBEEF
DEADBEEF
DEADBEEF
DEADBEEF
DEADBEEF
DEADBEEF
DEADBEEF
DEADBEEF
DEADBEEF
DEADBEEF
DEADBEEF
DEADBEEF
DEADBEEF
DEADBEEF
DEADBEEF
DEADBEEF
DEADBEEF
DEADBEEF
DEADBEEF
DEADBEEF
DEADBEEF
DEADBEEF
DEADBEEF
DEADBEEF
DEADBEEF
DEADBEEF
DEADBEEF
DEADBEEF
DEADBEEF
DEADBEEF
DEADBEEF
DEADBEEF
DEADBEEF
DEADBEEF
DEADBEEF
DEADBEEF
DEADBEEF
DEADBEEF
DEADBEEF
DEADBEEF
DEADBEEF
DEADBEEF
DEADBEEF
DEADBEEF
DEADBEEF
DEADBEEF
DEADBEEF
DEADBEEF
DEADBEEF
DEADBEEF
DEADBEEF
DEADBEEF
DEADBEEF
DEADBEEF
DEADBEEF
DEADBEEF
DEADBEEF
DEADBEEF
DEADBEEF
DEADBEEF
DEADBEEF
DEADBEEF
DEADBEEF
DEADBEEF
DEADBEEF
DEADBEEF
DEADBEEF
DEADBEEF
DEADBEEF
DEADBEEF
DEADBEEF
DEADBEEF
DEADBEEF
DEADBEEF
DEADBEEF
DEADBEEF
DEADBEEF
DEADBEEF
DEADBEEF
DEADBEEF
DEADBEEF
DEADBEEF
DEADBEEF
DEADBEEF
DEADBEEF
DEADBEEF
DEADBEEF
DEADBEEF
DEADBEEF
DEADBEEF
DEADBEEF
DEADBEEF
DEADBEEF
DEADBEEF
DEADBEEF
DEADBEEF
DEADBEEF
DEADBEEF
DEADBEEF
DEADBEEF
DEADBEEF
DEADBEEF
DEADBEEF
DEADBEEF
DEADBEEF
DEADBEEF
DEADBEEF
DEADBEEF
DEADBEEF
DEADBEEF
DEADBEEF
DEADBEEF
DEADBEEF
DEADBEEF
DEADBEEF
DEADBEEF
DEADBEEF
DEADBEEF
DEADBEEF
DEADBEEF
DEADBEEF
DEADBEEF
DEADBEEF
DEADBEEF
DEADBEEF
DEADBEEF
DEADBEEF
DEADBEEF
DEADBEEF
DEADBEEF
DEADBEEF
DEADBEEF
DEADBEEF
DEADBEEF
DEADBEEF
DEADBEEF
DEADBEEF
DEADBEEF
DEADBEEF
DEADBEEF
DEADBEEF
DEADBEEF
DEADBEEF
DEADBEEF
DEADBEEF
DEADBEEF
DEADBEEF
DEADBEEF
DEADBEEF
DEADBEEF
DEADBEEF
DEADBEEF
DEADBEEF
DEADBEEF
DEADBEEF
DEADBEEF
DEADBEEF
DEADBEEF
DEADBEEF
DEADBEEF
DEADBEEF
DEADBEEF
DEADBEEF
DEADBEEF
DEADBEEF
DEADBEEF
DEADBEEF
DEADBEEF
DEADBEEF
DEADBEEF
DEADBEEF
DEADBEEF
DEADBEEF
DEADBEEF
DEADBEEF
DEADBEEF
DEADBEEF
DEADBEEF
DEADBEEF
DEADBEEF
DEADBEEF
DEADBEEF
DEADBEEF
DEADBEEF
DEADBEEF
DEADBEEF
DEADBEEF
DEADBEEF
DEADBEEF
DEADBEEF
DEADBEEF
DEADBEEF
DEADBEEF
DEADBEEF
DEADBEEF
DEADBEEF
DEADBEEF
DEADBEEF
DEADBEEF
DEADBEEF
DEADBEEF
DEADBEEF
DEADBEEF
DEADBEEF
DEADBEEF
DEADBEEF
DEADBEEF
DEADBEEF
DEADBEEF
DEADBEEF
DEADBEEF
DEADBEEF
DEADBEEF
DEADBEEF
DEADBEEF
DEADBEEF
DEADBEEF
DEADBEEF
DEADBEEF
DEADBEEF
DEADBEEF
DEADBEEF
DEADBEEF
DEADBEEF
DEADBEEF
DEADBEEF
DEADBEEF
DEADBEEF
DEADBEEF
DEADBEEF
DEADBEEF
DEADBEEF
DEADBEEF
DEADBEEF
DEADBEEF
DEADBEEF
DEADBEEF
DEADBEEF
DEADBEEF
DEADBEEF
DEADBEEF
DEADBEEF
DEADBEEF
DEADBEEF
DEADBEEF
DEADBEEF
DEADBEEF
DEADBEEF
DEADBEEF
DEADBEEF
DEADBEEF
DEADBEEF
DEADBEEF
DEADBEEF
DEADBEEF
DEADBEEF
DEADBEEF
DEADBEEF
DEADBEEF
DEADBEEF
DEADBEEF
DEADBEEF
DEADBEEF
DEADBEEF
DEADBEEF
DEADBEEF
DEADBEEF
DEADBEEF
DEADBEEF
DEADBEEF
DEADBEEF
DEADBEEF
DEADBEEF
DEADBEEF
DEADBEEF
DEADBEEF
DEADBEEF
DEADBEEF
DEADBEEF
DEADBEEF
DEADBEEF
DEADBEEF
DEADBEEF
DEADBEEF
DEADBEEF
DEADBEEF
DEADBEEF
DEADBEEF
DEADBEEF
DEADBEEF
DEADBEEF
DEADBEEF
DEADBEEF
DEADBEEF
DEADBEEF
DEADBEEF
DEADBEEF
DEADBEEF
DEADBEEF
DEADBEEF
DEADBEEF
DEADBEEF
DEADBEEF
DEADBEEF
DEADBEEF
DEADBEEF
DEADBEEF
DEADBEEF
DEADBEEF
DEADBEEF
DEADBEEF
DEADBEEF
DEADBEEF
DEADBEEF
DEADBEEF
DEADBEEF
DEADBEEF
DEADBEEF
DEADBEEF
DEADBEEF
DEADBEEF
DEADBEEF
DEADBEEF
DEADBEEF
DEADBEEF
DEADBEEF
DEADBEEF
DEADBEEF
DEADBEEF
DEADBEEF
DEADBEEF
DEADBEEF
DEADBEEF
DEADBEEF
DEADBEEF
DEADBEEF
DEADBEEF
DEADBEEF
DEADBEEF
DEADBEEF
DEADBEEF
DEADBEEF
DEADBEEF
DEADBEEF
DEADBEEF
DEADBEEF
DEADBEEF
DEADBEEF
DEADBEEF
DEADBEEF
DEADBEEF
DEADBEEF
DEADBEEF
DEADBEEF
DEADBEEF
DEADBEEF
DEADBEEF
DEADBEEF
DEADBEEF
DEADBEEF
DEADBEEF
DEADBEEF
DEADBEEF
DEADBEEF
DEADBEEF
DEADBEEF
DEADBEEF
DEADBEEF
DEADBEEF
DEADBEEF
DEADBEEF
DEADBEEF
DEADBEEF
DEADBEEF
DEADBEEF
DEADBEEF
DEADBEEF
DEADBEEF
DEADBEEF
DEADBEEF
DEADBEEF
DEADBEEF
DEADBEEF
DEADBEEF
DEADBEEF
DEADBEEF
DEADBEEF
DEADBEEF
DEADBEEF
DEADBEEF
DEADBEEF
DEADBEEF
DEADBEEF
DEADBEEF
DEADBEEF
DEADBEEF
DEADBEEF
DEADBEEF
DEADBEEF
DEADBEEF
DEADBEEF
DEADBEEF
DEADBEEF
DEADBEEF
DEADBEEF
DEADBEEF
DEADBEEF
DEADBEEF
DEADBEEF
DEADBEEF
DEADBEEF
DEADBEEF
DEADBEEF
DEADBEEF
DEADBEEF
DEADBEEF
DEADBEEF
DEADBEEF
DEADBEEF
DEADBEEF
DEADBEEF
DEADBEEF
DEADBEEF
DEADBEEF
DEADBEEF
DEADBEEF
DEADBEEF
DEADBEEF
DEADBEEF
DEADBEEF
DEADBEEF
DEADBEEF
DEADBEEF
DEADBEEF
DEADBEEF
DEADBEEF
DEADBEEF
DEADBEEF
DEADBEEF
DEADBEEF
DEADBEEF
DEADBEEF
DEADBEEF
DEADBEEF
DEADBEEF
DEADBEEF
DEADBEEF
DEADBEEF
DEADBEEF
DEADBEEF
DEADBEEF
DEADBEEF
DEADBEEF
DEADBEEF
DEADBEEF
DEADBEEF
DEADBEEF
DEADBEEF
DEADBEEF
DEADBEEF
DEADBEEF
DEADBEEF
DEADBEEF
DEADBEEF
DEADBEEF
DEADBEEF
DEADBEEF
DEADBEEF
DEADBEEF
DEADBEEF
DEADBEEF
DEADBEEF
DEADBEEF
DEADBEEF
DEADBEEF
DEADBEEF
DEADBEEF
DEADBEEF
DEADBEEF
DEADBEEF
DEADBEEF
DEADBEEF
DEADBEEF
DEADBEEF
DEADBEEF
DEADBEEF
DEADBEEF
DEADBEEF
DEADBEEF
DEADBEEF
DEADBEEF
DEADBEEF
DEADBEEF
DEADBEEF
DEADBEEF
DEADBEEF
DEADBEEF
DEADBEEF
DEADBEEF
DEADBEEF
DEADBEEF
DEADBEEF
DEADBEEF
DEADBEEF
DEADBEEF
DEADBEEF
DEADBEEF
DEADBEEF
DEADBEEF
DEADBEEF
DEADBEEF
DEADBEEF
DEADBEEF
DEADBEEF
DEADBEEF
DEADBEEF
DEADBEEF
DEADBEEF
DEADBEEF
DEADBEEF
DEADBEEF
DEADBEEF
DEADBEEF
DEADBEEF
DEADBEEF
DEADBEEF
DEADBEEF
DEADBEEF
DEADBEEF
DEADBEEF
DEADBEEF
DEADBEEF
DEADBEEF
DEADBEEF
DEADBEEF
DEADBEEF
DEADBEEF
DEADBEEF
DEADBEEF
DEADBEEF
DEADBEEF
DEADBEEF
DEADBEEF
DEADBEEF
DEADBEEF
DEADBEEF
DEADBEEF
DEADBEEF
DEADBEEF
DEADBEEF
DEADBEEF
DEADBEEF
DEADBEEF
DEADBEEF
DEADBEEF
DEADBEEF
DEADBEEF
DEADBEEF
DEADBEEF
DEADBEEF
DEADBEEF
DEADBEEF
DEADBEEF
DEADBEEF
DEADBEEF
DEADBEEF
DEADBEEF
DEADBEEF
DEADBEEF
DEADBEEF
DEADBEEF
DEADBEEF
DEADBEEF
DEADBEEF
DEADBEEF
DEADBEEF
DEADBEEF
DEADBEEF
DEADBEEF
DEADBEEF
DEADBEEF
DEADBEEF
DEADBEEF
DEADBEEF
DEADBEEF
DEADBEEF
DEADBEEF
DEADBEEF
DEADBEEF
DEADBEEF
DEADBEEF
DEADBEEF
DEADBEEF
DEADBEEF
DEADBEEF
DEADBEEF
DEADBEEF
DEADBEEF
DEADBEEF
DEADBEEF
DEADBEEF
DEADBEEF
DEADBEEF
DEADBEEF
DEADBEEF
DEADBEEF
DEADBEEF
DEADBEEF
DEADBEEF
DEADBEEF
DEADBEEF
DEADBEEF
DEADBEEF
DEADBEEF
DEADBEEF
DEADBEEF
DEADBEEF
DEADBEEF
DEADBEEF
DEADBEEF
DEADBEEF
DEADBEEF
DEADBEEF
DEADBEEF
DEADBEEF
DEADBEEF
DEADBEEF
DEADBEEF
DEADBEEF
DEADBEEF
DEADBEEF
DEADBEEF
DEADBEEF
DEADBEEF
DEADBEEF
DEADBEEF
DEADBEEF
DEADBEEF
DEADBEEF
DEADBEEF
DEADBEEF
DEADBEEF
DEADBEEF
DEADBEEF
DEADBEEF
DEADBEEF
DEADBEEF
DEADBEEF
DEADBEEF
DEADBEEF
DEADBEEF
DEADBEEF
DEADBEEF
DEADBEEF
DEADBEEF
DEADBEEF
DEADBEEF
DEADBEEF
DEADBEEF
DEADBEEF
DEADBEEF
DEADBEEF
DEADBEEF
DEADBEEF
DEADBEEF
DEADBEEF
DEADBEEF
DEADBEEF
DEADBEEF
DEADBEEF
DEADBEEF
DEADBEEF
DEADBEEF
DEADBEEF
DEADBEEF
DEADBEEF
DEADBEEF
DEADBEEF
DEADBEEF
DEADBEEF
DEADBEEF
DEADBEEF
DEADBEEF
DEADBEEF
DEADBEEF
DEADBEEF
DEADBEEF
DEADBEEF
DEADBEEF
DEADBEEF
DEADBEEF
DEADBEEF
DEADBEEF
DEADBEEF
DEADBEEF
DEADBEEF
DEADBEEF
DEADBEEF
DEADBEEF
DEADBEEF
DEADBEEF
DEADBEEF
DEADBEEF
DEADBEEF
DEADBEEF
DEADBEEF
DEADBEEF
DEADBEEF
DEADBEEF
DEADBEEF
DEADBEEF
DEADBEEF
DEADBEEF
DEADBEEF
DEADBEEF
DEADBEEF
DEADBEEF
DEADBEEF
DEADBEEF
DEADBEEF
DEADBEEF
DEADBEEF
DEADBEEF
DEADBEEF
DEADBEEF
DEADBEEF
DEADBEEF
DEADBEEF
DEADBEEF
DEADBEEF
DEADBEEF
DEADBEEF
DEADBEEF
DEADBEEF
DEADBEEF
DEADBEEF
DEADBEEF
DEADBEEF
DEADBEEF
DEADBEEF
DEADBEEF
DEADBEEF
DEADBEEF
DEADBEEF
DEADBEEF
DEADBEEF
DEADBEEF
DEADBEEF
DEADBEEF
DEADBEEF
DEADBEEF
DEADBEEF
DEADBEEF
DEADBEEF
DEADBEEF
DEADBEEF
DEADBEEF
DEADBEEF
DEADBEEF
DEADBEEF
DEADBEEF
DEADBEEF
DEADBEEF
DEADBEEF
DEADBEEF
DEADBEEF
DEADBEEF
DEADBEEF
DEADBEEF
DEADBEEF
DEADBEEF
DEADBEEF
DEADBEEF
DEADBEEF
DEADBEEF
DEADBEEF
DEADBEEF
DEADBEEF
DEADBEEF
DEADBEEF
DEADBEEF
DEADBEEF
DEADBEEF
DEADBEEF
DEADBEEF
DEADBEEF
DEADBEEF
DEADBEEF
DEADBEEF
DEADBEEF
DEADBEEF
DEADBEEF
DEADBEEF
DEADBEEF
DEADBEEF
DEADBEEF
DEADBEEF
DEADBEEF
DEADBEEF
DEADBEEF
DEADBEEF
DEADBEEF
DEADBEEF
DEADBEEF
DEADBEEF
DEADBEEF
DEADBEEF
DEADBEEF
DEADBEEF
DEADBEEF
DEADBEEF
DEADBEEF
DEADBEEF
DEADBEEF
DEADBEEF
DEADBEEF
DEADBEEF
DEADBEEF
DEADBEEF
DEADBEEF
DEADBEEF
DEADBEEF
DEADBEEF
DEADBEEF
DEADBEEF
DEADBEEF
DEADBEEF
DEADBEEF
DEADBEEF
DEADBEEF
DEADBEEF
DEADBEEF
DEADBEEF
DEADBEEF
DEADBEEF
DEADBEEF
DEADBEEF
DEADBEEF
DEADBEEF
DEADBEEF
DEADBEEF
DEADBEEF
DEADBEEF
DEADBEEF
DEADBEEF
DEADBEEF
DEADBEEF
DEADBEEF
DEADBEEF
DEADBEEF
DEADBEEF
DEADBEEF
DEADBEEF
DEADBEEF
DEADBEEF
DEADBEEF
DEADBEEF
DEADBEEF
DEADBEEF
DEADBEEF
DEADBEEF
DEADBEEF
DEADBEEF
DEADBEEF
DEADBEEF
DEADBEEF
DEADBEEF
DEADBEEF
DEADBEEF
DEADBEEF
DEADBEEF
DEADBEEF
DEADBEEF
DEADBEEF
DEADBEEF
DEADBEEF
DEADBEEF
DEADBEEF
DEADBEEF
DEADBEEF
DEADBEEF
DEADBEEF
DEADBEEF
DEADBEEF
DEADBEEF
DEADBEEF
DEADBEEF
DEADBEEF
DEADBEEF
DEADBEEF
DEADBEEF
DEADBEEF
DEADBEEF
DEADBEEF
DEADBEEF
DEADBEEF
DEADBEEF
DEADBEEF
DEADBEEF
DEADBEEF
DEADBEEF
DEADBEEF
DEADBEEF
DEADBEEF
DEADBEEF
DEADBEEF
DEADBEEF
DEADBEEF
DEADBEEF
DEADBEEF
DEADBEEF
DEADBEEF
DEADBEEF
DEADBEEF
DEADBEEF
DEADBEEF
DEADBEEF
DEADBEEF
DEADBEEF
DEADBEEF
DEADBEEF
DEADBEEF
DEADBEEF
DEADBEEF
DEADBEEF
DEADBEEF
DEADBEEF
DEADBEEF
DEADBEEF
DEADBEEF
DEADBEEF
DEADBEEF
DEADBEEF
DEADBEEF
DEADBEEF
DEADBEEF
DEADBEEF
DEADBEEF
DEADBEEF
DEADBEEF
DEADBEEF
DEADBEEF
DEADBEEF
DEADBEEF
DEADBEEF
DEADBEEF
DEADBEEF
DEADBEEF
DEADBEEF
DEADBEEF
DEADBEEF
DEADBEEF
DEADBEEF
DEADBEEF
DEADBEEF
DEADBEEF
DEADBEEF
DEADBEEF
DEADBEEF
DEADBEEF
DEADBEEF
DEADBEEF
DEADBEEF
DEADBEEF
DEADBEEF
DEADBEEF
DEADBEEF
DEADBEEF
DEADBEEF
DEADBEEF
DEADBEEF
DEADBEEF
DEADBEEF
DEADBEEF
DEADBEEF
DEADBEEF
DEADBEEF
DEADBEEF
DEADBEEF
DEADBEEF
DEADBEEF
DEADBEEF
DEADBEEF
DEADBEEF
DEADBEEF
DEADBEEF
DEADBEEF
DEADBEEF
DEADBEEF
DEADBEEF
DEADBEEF
DEADBEEF
DEADBEEF
DEADBEEF
DEADBEEF
DEADBEEF
DEADBEEF
DEADBEEF
DEADBEEF
DEADBEEF
DEADBEEF
DEADBEEF
DEADBEEF
DEADBEEF
DEADBEEF
DEADBEEF
DEADBEEF
DEADBEEF
DEADBEEF
DEADBEEF
DEADBEEF
DEADBEEF
DEADBEEF
DEADBEEF
DEADBEEF
DEADBEEF
DEADBEEF
DEADBEEF
DEADBEEF
DEADBEEF
DEADBEEF
DEADBEEF
DEADBEEF
DEADBEEF
DEADBEEF
DEADBEEF
DEADBEEF
DEADBEEF
DEADBEEF
DEADBEEF
DEADBEEF
DEADBEEF
DEADBEEF
DEADBEEF
DEADBEEF
DEADBEEF
DEADBEEF
DEADBEEF
DEADBEEF
DEADBEEF
DEADBEEF
DEADBEEF
DEADBEEF
DEADBEEF
DEADBEEF
DEADBEEF
DEADBEEF
DEADBEEF
DEADBEEF
DEADBEEF
DEADBEEF
DEADBEEF
DEADBEEF
DEADBEEF
DEADBEEF
DEADBEEF
DEADBEEF
DEADBEEF
DEADBEEF
DEADBEEF
DEADBEEF
DEADBEEF
DEADBEEF
DEADBEEF
DEADBEEF
DEADBEEF
DEADBEEF
DEADBEEF
DEADBEEF
DEADBEEF
DEADBEEF
DEADBEEF
DEADBEEF
DEADBEEF
DEADBEEF
DEADBEEF
DEADBEEF
DEADBEEF
DEADBEEF
DEADBEEF
DEADBEEF
DEADBEEF
DEADBEEF
DEADBEEF
DEADBEEF
DEADBEEF
DEADBEEF
DEADBEEF
DEADBEEF
DEADBEEF
DEADBEEF
DEADBEEF
DEADBEEF
DEADBEEF
DEADBEEF
DEADBEEF
DEADBEEF
DEADBEEF
DEADBEEF
DEADBEEF
DEADBEEF
DEADBEEF
DEADBEEF
DEADBEEF
DEADBEEF
DEADBEEF
DEADBEEF
DEADBEEF
DEADBEEF
DEADBEEF
DEADBEEF
DEADBEEF
DEADBEEF
DEADBEEF
DEADBEEF
DEADBEEF
DEADBEEF
DEADBEEF
DEADBEEF
DEADBEEF
DEADBEEF
DEADBEEF
DEADBEEF
DEADBEEF
DEADBEEF
DEADBEEF
DEADBEEF
DEADBEEF
DEADBEEF
DEADBEEF
DEADBEEF
DEADBEEF
DEADBEEF
DEADBEEF
DEADBEEF
DEADBEEF
DEADBEEF
DEADBEEF
DEADBEEF
DEADBEEF
DEADBEEF
DEADBEEF
DEADBEEF
DEADBEEF
DEADBEEF
DEADBEEF
DEADBEEF
DEADBEEF
DEADBEEF
DEADBEEF
DEADBEEF
DEADBEEF
DEADBEEF
DEADBEEF
DEADBEEF
DEADBEEF
DEADBEEF
DEADBEEF
DEADBEEF
DEADBEEF
DEADBEEF
DEADBEEF
DEADBEEF
DEADBEEF
DEADBEEF
DEADBEEF
DEADBEEF
DEADBEEF
DEADBEEF
DEADBEEF
DEADBEEF
DEADBEEF
DEADBEEF
DEADBEEF
DEADBEEF
DEADBEEF
DEADBEEF
DEADBEEF
DEADBEEF
DEADBEEF
DEADBEEF
DEADBEEF
DEADBEEF
DEADBEEF
DEADBEEF
DEADBEEF
DEADBEEF
DEADBEEF
DEADBEEF
DEADBEEF
DEADBEEF
DEADBEEF
DEADBEEF
DEADBEEF
DEADBEEF
DEADBEEF
DEADBEEF
DEADBEEF
DEADBEEF
DEADBEEF
DEADBEEF
DEADBEEF
DEADBEEF
DEADBEEF
DEADBEEF
DEADBEEF
DEADBEEF
DEADBEEF
DEADBEEF
DEADBEEF
DEADBEEF
DEADBEEF
DEADBEEF
DEADBEEF
DEADBEEF
DEADBEEF
DEADBEEF
DEADBEEF
DEADBEEF
DEADBEEF
DEADBEEF
DEADBEEF
DEADBEEF
DEADBEEF
DEADBEEF
DEADBEEF
DEADBEEF
DEADBEEF
DEADBEEF
DEADBEEF
DEADBEEF
DEADBEEF
DEADBEEF
DEADBEEF
DEADBEEF
DEADBEEF
DEADBEEF
DEADBEEF
DEADBEEF
DEADBEEF
DEADBEEF
DEADBEEF
DEADBEEF
DEADBEEF
DEADBEEF
DEADBEEF
DEADBEEF
DEADBEEF
DEADBEEF
DEADBEEF
DEADBEEF
DEADBEEF
DEADBEEF
DEADBEEF
DEADBEEF
DEADBEEF
DEADBEEF
DEADBEEF
DEADBEEF
DEADBEEF
DEADBEEF
DEADBEEF
DEADBEEF
DEADBEEF
DEADBEEF
DEADBEEF
DEADBEEF
DEADBEEF
DEADBEEF
DEADBEEF
DEADBEEF
DEADBEEF
DEADBEEF
DEADBEEF
DEADBEEF
DEADBEEF
DEADBEEF
DEADBEEF
DEADBEEF
DEADBEEF
DEADBEEF
DEADBEEF
DEADBEEF
DEADBEEF
DEADBEEF
DEADBEEF
DEADBEEF
DEADBEEF
DEADBEEF
DEADBEEF
DEADBEEF
DEADBEEF
DEADBEEF
DEADBEEF
DEADBEEF
DEADBEEF
DEADBEEF
DEADBEEF
DEADBEEF
DEADBEEF
DEADBEEF
DEADBEEF
DEADBEEF
DEADBEEF
DEADBEEF
DEADBEEF
DEADBEEF
DEADBEEF
DEADBEEF
DEADBEEF
DEADBEEF
DEADBEEF
DEADBEEF
DEADBEEF
DEADBEEF
DEADBEEF
DEADBEEF
DEADBEEF
DEADBEEF
DEADBEEF
DEADBEEF
DEADBEEF
DEADBEEF
DEADBEEF
DEADBEEF
DEADBEEF
DEADBEEF
DEADBEEF
DEADBEEF
DEADBEEF
DEADBEEF
DEADBEEF
DEADBEEF
DEADBEEF
DEADBEEF
DEADBEEF
DEADBEEF
DEADBEEF
DEADBEEF
DEADBEEF
DEADBEEF
DEADBEEF
DEADBEEF
DEADBEEF
DEADBEEF
DEADBEEF
DEADBEEF
DEADBEEF
DEADBEEF
DEADBEEF
DEADBEEF
DEADBEEF
DEADBEEF
DEADBEEF
DEADBEEF
DEADBEEF
DEADBEEF
DEADBEEF
DEADBEEF
DEADBEEF
DEADBEEF
DEADBEEF
DEADBEEF
DEADBEEF
DEADBEEF
DEADBEEF
DEADBEEF
DEADBEEF
DEADBEEF
DEADBEEF
DEADBEEF
DEADBEEF
DEADBEEF
DEADBEEF
DEADBEEF
DEADBEEF
DEADBEEF
DEADBEEF
DEADBEEF
DEADBEEF
DEADBEEF
DEADBEEF
DEADBEEF
DEADBEEF
DEADBEEF
DEADBEEF
DEADBEEF
DEADBEEF
DEADBEEF
DEADBEEF
DEADBEEF
DEADBEEF
DEADBEEF
DEADBEEF
DEADBEEF
DEADBEEF
DEADBEEF
DEADBEEF
DEADBEEF
DEADBEEF
DEADBEEF
DEADBEEF
DEADBEEF
DEADBEEF
DEADBEEF
DEADBEEF
DEADBEEF
DEADBEEF
DEADBEEF
DEADBEEF
DEADBEEF
DEADBEEF
DEADBEEF
DEADBEEF
DEADBEEF
DEADBEEF
DEADBEEF
DEADBEEF
DEADBEEF
DEADBEEF
DEADBEEF
DEADBEEF
DEADBEEF
DEADBEEF
DEADBEEF
DEADBEEF
DEADBEEF
DEADBEEF
DEADBEEF
DEADBEEF
DEADBEEF
DEADBEEF
DEADBEEF
DEADBEEF
DEADBEEF
DEADBEEF
DEADBEEF
DEADBEEF
DEADBEEF
DEADBEEF
DEADBEEF
DEADBEEF
DEADBEEF
DEADBEEF
DEADBEEF
DEADBEEF
DEADBEEF
DEADBEEF
DEADBEEF
DEADBEEF
DEADBEEF
DEADBEEF
DEADBEEF
DEADBEEF
DEADBEEF
DEADBEEF
DEADBEEF
DEADBEEF
DEADBEEF
DEADBEEF
DEADBEEF
DEADBEEF
DEADBEEF
DEADBEEF
DEADBEEF
DEADBEEF
DEADBEEF
DEADBEEF
DEADBEEF
DEADBEEF
DEADBEEF
DEADBEEF
DEADBEEF
DEADBEEF
DEADBEEF
DEADBEEF
DEADBEEF
DEADBEEF
DEADBEEF
DEADBEEF
DEADBEEF
DEADBEEF
DEADBEEF
DEADBEEF
DEADBEEF
DEADBEEF
DEADBEEF
DEADBEEF
DEADBEEF
DEADBEEF
DEADBEEF
DEADBEEF
DEADBEEF
DEADBEEF
DEADBEEF
DEADBEEF
DEADBEEF
DEADBEEF
DEADBEEF
DEADBEEF
DEADBEEF
DEADBEEF
DEADBEEF
DEADBEEF
DEADBEEF
DEADBEEF
DEADBEEF
DEADBEEF
DEADBEEF
DEADBEEF
DEADBEEF
DEADBEEF
DEADBEEF
DEADBEEF
DEADBEEF
DEADBEEF
DEADBEEF
DEADBEEF
DEADBEEF
DEADBEEF
DEADBEEF
DEADBEEF
DEADBEEF
DEADBEEF
DEADBEEF
DEADBEEF
DEADBEEF
DEADBEEF
DEADBEEF
DEADBEEF
DEADBEEF
DEADBEEF
DEADBEEF
DEADBEEF
DEADBEEF
DEADBEEF
DEADBEEF
DEADBEEF
DEADBEEF
DEADBEEF
DEADBEEF
DEADBEEF
DEADBEEF
DEADBEEF
DEADBEEF
DEADBEEF
DEADBEEF
DEADBEEF
DEADBEEF
DEADBEEF
DEADBEEF
DEADBEEF
DEADBEEF
DEADBEEF
DEADBEEF
DEADBEEF
DEADBEEF
DEADBEEF
DEADBEEF
DEADBEEF
DEADBEEF
DEADBEEF
DEADBEEF
DEADBEEF
DEADBEEF
DEADBEEF
DEADBEEF
DEADBEEF
DEADBEEF
DEADBEEF
DEADBEEF
DEADBEEF
DEADBEEF
DEADBEEF
DEADBEEF
DEADBEEF
DEADBEEF
DEADBEEF
DEADBEEF
DEADBEEF
DEADBEEF
DEADBEEF
DEADBEEF
DEADBEEF
DEADBEEF
DEADBEEF
DEADBEEF
DEADBEEF
DEADBEEF
DEADBEEF
DEADBEEF
DEADBEEF
DEADBEEF
DEADBEEF
DEADBEEF
DEADBEEF
DEADBEEF
DEADBEEF
DEADBEEF
DEADBEEF
DEADBEEF
DEADBEEF
DEADBEEF
DEADBEEF
DEADBEEF
DEADBEEF
DEADBEEF
DEADBEEF
DEADBEEF
DEADBEEF
DEADBEEF
DEADBEEF
DEADBEEF
DEADBEEF
DEADBEEF
DEADBEEF
DEADBEEF
DEADBEEF
DEADBEEF
DEADBEEF
DEADBEEF
DEADBEEF
DEADBEEF
DEADBEEF
DEADBEEF
DEADBEEF
DEADBEEF
DEADBEEF
DEADBEEF
DEADBEEF
DEADBEEF
DEADBEEF
DEADBEEF
DEADBEEF
DEADBEEF
DEADBEEF
DEADBEEF
DEADBEEF
DEADBEEF
DEADBEEF
DEADBEEF
DEADBEEF
DEADBEEF
DEADBEEF
DEADBEEF
DEADBEEF
DEADBEEF
DEADBEEF
DEADBEEF
DEADBEEF
DEADBEEF
DEADBEEF
DEADBEEF
DEADBEEF
DEADBEEF
DEADBEEF
DEADBEEF
DEADBEEF
DEADBEEF
DEADBEEF
DEADBEEF
DEADBEEF
DEADBEEF
DEADBEEF
DEADBEEF
DEADBEEF
DEADBEEF
DEADBEEF
DEADBEEF
DEADBEEF
DEADBEEF
DEADBEEF
DEADBEEF
DEADBEEF
DEADBEEF
DEADBEEF
DEADBEEF
DEADBEEF
DEADBEEF
DEADBEEF
DEADBEEF
DEADBEEF
DEADBEEF
DEADBEEF
DEADBEEF
DEADBEEF
DEADBEEF
DEADBEEF
DEADBEEF
DEADBEEF
DEADBEEF
DEADBEEF
DEADBEEF
DEADBEEF
DEADBEEF
DEADBEEF
DEADBEEF
DEADBEEF
DEADBEEF
DEADBEEF
DEADBEEF
DEADBEEF
DEADBEEF
DEADBEEF
DEADBEEF
DEADBEEF
DEADBEEF
DEADBEEF
DEADBEEF
DEADBEEF
DEADBEEF
DEADBEEF
DEADBEEF
DEADBEEF
DEADBEEF
DEADBEEF
DEADBEEF
DEADBEEF
DEADBEEF
DEADBEEF
DEADBEEF
DEADBEEF
DEADBEEF
DEADBEEF
DEADBEEF
DEADBEEF
DEADBEEF
DEADBEEF
DEADBEEF
DEADBEEF
DEADBEEF
DEADBEEF
DEADBEEF
DEADBEEF
DEADBEEF
DEADBEEF
DEADBEEF
DEADBEEF
DEADBEEF
DEADBEEF
DEADBEEF
DEADBEEF
DEADBEEF
DEADBEEF
DEADBEEF
DEADBEEF
DEADBEEF
DEADBEEF
DEADBEEF
DEADBEEF
DEADBEEF
DEADBEEF
DEADBEEF
DEADBEEF
DEADBEEF
DEADBEEF
DEADBEEF
DEADBEEF
DEADBEEF
DEADBEEF
DEADBEEF
DEADBEEF
DEADBEEF
DEADBEEF
DEADBEEF
DEADBEEF
DEADBEEF
DEADBEEF
DEADBEEF
DEADBEEF
DEADBEEF
DEADBEEF
DEADBEEF
DEADBEEF
DEADBEEF
DEADBEEF
DEADBEEF
DEADBEEF
DEADBEEF
DEADBEEF
DEADBEEF
DEADBEEF
DEADBEEF
DEADBEEF
DEADBEEF
DEADBEEF
DEADBEEF
DEADBEEF
DEADBEEF
DEADBEEF
DEADBEEF
DEADBEEF
DEADBEEF
DEADBEEF
DEADBEEF
DEADBEEF
DEADBEEF
DEADBEEF
DEADBEEF
DEADBEEF
DEADBEEF
DEADBEEF
DEADBEEF
DEADBEEF
DEADBEEF
DEADBEEF
DEADBEEF
DEADBEEF
DEADBEEF
DEADBEEF
DEADBEEF
DEADBEEF
DEADBEEF
DEADBEEF
DEADBEEF
DEADBEEF
DEADBEEF
DEADBEEF
DEADBEEF
DEADBEEF
DEADBEEF
DEADBEEF
DEADBEEF
DEADBEEF
DEADBEEF
DEADBEEF
DEADBEEF
DEADBEEF
DEADBEEF
DEADBEEF
DEADBEEF
DEADBEEF
DEADBEEF
DEADBEEF
DEADBEEF
DEADBEEF
DEADBEEF
DEADBEEF
DEADBEEF
DEADBEEF
DEADBEEF
DEADBEEF
DEADBEEF
DEADBEEF
DEADBEEF
DEADBEEF
DEADBEEF
DEADBEEF
DEADBEEF
DEADBEEF
DEADBEEF
DEADBEEF
DEADBEEF
DEADBEEF
DEADBEEF
DEADBEEF
DEADBEEF
DEADBEEF
DEADBEEF
DEADBEEF
DEADBEEF
DEADBEEF
DEADBEEF
DEADBEEF
DEADBEEF
DEADBEEF
DEADBEEF
DEADBEEF
DEADBEEF
DEADBEEF
DEADBEEF
DEADBEEF
DEADBEEF
DEADBEEF
DEADBEEF
DEADBEEF
DEADBEEF
DEADBEEF
DEADBEEF
DEADBEEF
DEADBEEF
DEADBEEF
DEADBEEF
DEADBEEF
DEADBEEF
DEADBEEF
DEADBEEF
DEADBEEF
DEADBEEF
DEADBEEF
DEADBEEF
DEADBEEF
DEADBEEF
DEADBEEF
DEADBEEF
DEADBEEF
DEADBEEF
DEADBEEF
DEADBEEF
DEADBEEF
DEADBEEF
DEADBEEF
DEADBEEF
DEADBEEF
DEADBEEF
DEADBEEF
DEADBEEF
DEADBEEF
DEADBEEF
DEADBEEF
DEADBEEF
DEADBEEF
DEADBEEF
DEADBEEF
DEADBEEF
DEADBEEF
DEADBEEF
DEADBEEF
DEADBEEF
DEADBEEF
DEADBEEF
DEADBEEF
DEADBEEF
DEADBEEF
DEADBEEF
DEADBEEF
DEADBEEF
DEADBEEF
DEADBEEF
DEADBEEF
DEADBEEF
DEADBEEF
DEADBEEF
DEADBEEF
DEADBEEF
DEADBEEF
DEADBEEF
DEADBEEF
DEADBEEF
DEADBEEF
DEADBEEF
DEADBEEF
DEADBEEF
DEADBEEF
DEADBEEF
DEADBEEF
DEADBEEF
DEADBEEF
DEADBEEF
DEADBEEF
DEADBEEF
DEADBEEF
DEADBEEF
DEADBEEF
DEADBEEF
DEADBEEF
DEADBEEF
DEADBEEF
DEADBEEF
DEADBEEF
DEADBEEF
DEADBEEF
DEADBEEF
DEADBEEF
DEADBEEF
DEADBEEF
DEADBEEF
DEADBEEF
DEADBEEF
DEADBEEF
DEADBEEF
DEADBEEF
DEADBEEF
DEADBEEF
DEADBEEF
DEADBEEF
DEADBEEF
DEADBEEF
DEADBEEF
DEADBEEF
DEADBEEF
DEADBEEF
DEADBEEF
DEADBEEF
DEADBEEF
DEADBEEF
DEADBEEF
DEADBEEF
DEADBEEF
DEADBEEF
DEADBEEF
DEADBEEF
DEADBEEF
DEADBEEF
DEADBEEF
DEADBEEF
DEADBEEF
DEADBEEF
DEADBEEF
DEADBEEF
DEADBEEF
DEADBEEF
DEADBEEF
DEADBEEF
DEADBEEF
DEADBEEF
DEADBEEF
DEADBEEF
DEADBEEF
DEADBEEF
DEADBEEF
DEADBEEF
DEADBEEF
DEADBEEF
DEADBEEF
DEADBEEF
DEADBEEF
DEADBEEF
DEADBEEF
DEADBEEF
DEADBEEF
DEADBEEF
DEADBEEF
DEADBEEF
DEADBEEF
DEADBEEF
DEADBEEF
DEADBEEF
DEADBEEF
DEADBEEF
DEADBEEF
DEADBEEF
DEADBEEF
DEADBEEF
DEADBEEF
DEADBEEF
DEADBEEF
DEADBEEF
DEADBEEF
DEADBEEF
DEADBEEF
DEADBEEF
DEADBEEF
DEADBEEF
DEADBEEF
DEADBEEF
DEADBEEF
DEADBEEF
DEADBEEF
DEADBEEF
DEADBEEF
DEADBEEF
DEADBEEF
DEADBEEF
DEADBEEF
DEADBEEF
DEADBEEF
DEADBEEF
DEADBEEF
DEADBEEF
DEADBEEF
DEADBEEF
DEADBEEF
DEADBEEF
DEADBEEF
DEADBEEF
DEADBEEF
DEADBEEF
DEADBEEF
DEADBEEF
DEADBEEF
DEADBEEF
DEADBEEF
DEADBEEF
DEADBEEF
DEADBEEF
DEADBEEF
DEADBEEF
DEADBEEF
DEADBEEF
DEADBEEF
DEADBEEF
DEADBEEF
DEADBEEF
DEADBEEF
DEADBEEF
DEADBEEF
DEADBEEF
DEADBEEF
DEADBEEF
DEADBEEF
DEADBEEF
DEADBEEF
DEADBEEF
DEADBEEF
DEADBEEF
DEADBEEF
DEADBEEF
DEADBEEF
DEADBEEF
DEADBEEF
DEADBEEF
DEADBEEF
DEADBEEF
DEADBEEF
DEADBEEF
DEADBEEF
DEADBEEF
DEADBEEF
DEADBEEF
DEADBEEF
DEADBEEF
DEADBEEF
DEADBEEF
DEADBEEF
DEADBEEF
DEADBEEF
DEADBEEF
DEADBEEF
DEADBEEF
DEADBEEF
DEADBEEF
DEADBEEF
DEADBEEF
DEADBEEF
DEADBEEF
DEADBEEF
DEADBEEF
DEADBEEF
DEADBEEF
DEADBEEF
DEADBEEF
DEADBEEF
DEADBEEF
DEADBEEF
DEADBEEF
DEADBEEF
DEADBEEF
DEADBEEF
DEADBEEF
DEADBEEF
DEADBEEF
DEADBEEF
DEADBEEF
DEADBEEF
DEADBEEF
DEADBEEF
DEADBEEF
DEADBEEF
DEADBEEF
DEADBEEF
DEADBEEF
DEADBEEF
DEADBEEF
DEADBEEF
DEADBEEF
DEADBEEF
DEADBEEF
DEADBEEF
DEADBEEF
DEADBEEF
DEADBEEF
DEADBEEF
DEADBEEF
DEADBEEF
DEADBEEF
DEADBEEF
DEADBEEF
DEADBEEF
DEADBEEF
DEADBEEF
DEADBEEF
DEADBEEF
DEADBEEF
DEADBEEF
DEADBEEF
DEADBEEF
DEADBEEF
DEADBEEF
DEADBEEF
DEADBEEF
DEADBEEF
DEADBEEF
DEADBEEF
DEADBEEF
DEADBEEF
DEADBEEF
DEADBEEF
DEADBEEF
DEADBEEF
DEADBEEF
DEADBEEF
DEADBEEF
DEADBEEF
DEADBEEF
DEADBEEF
DEADBEEF
DEADBEEF
DEADBEEF
DEADBEEF
DEADBEEF
DEADBEEF
DEADBEEF
DEADBEEF
DEADBEEF
DEADBEEF
DEADBEEF
DEADBEEF
DEADBEEF
DEADBEEF
DEADBEEF
DEADBEEF
DEADBEEF
DEADBEEF
DEADBEEF
DEADBEEF
DEADBEEF
DEADBEEF
DEADBEEF
DEADBEEF
DEADBEEF
DEADBEEF
DEADBEEF
DEADBEEF
DEADBEEF
DEADBEEF
DEADBEEF
DEADBEEF
DEADBEEF
DEADBEEF
DEADBEEF
DEADBEEF
DEADBEEF
DEADBEEF
DEADBEEF
DEADBEEF
DEADBEEF
DEADBEEF
DEADBEEF
DEADBEEF
DEADBEEF
DEADBEEF
DEADBEEF
DEADBEEF
DEADBEEF
DEADBEEF
DEADBEEF
DEADBEEF
DEADBEEF
DEADBEEF
DEADBEEF
DEADBEEF
DEADBEEF
DEADBEEF
DEADBEEF
DEADBEEF
DEADBEEF
DEADBEEF
DEADBEEF
DEADBEEF
DEADBEEF
DEADBEEF
DEADBEEF
DEADBEEF
DEADBEEF
DEADBEEF
DEADBEEF
DEADBEEF
DEADBEEF
DEADBEEF
DEADBEEF
DEADBEEF
DEADBEEF
DEADBEEF
DEADBEEF
DEADBEEF
DEADBEEF
DEADBEEF
DEADBEEF
DEADBEEF
DEADBEEF
DEADBEEF
DEADBEEF
DEADBEEF
DEADBEEF
DEADBEEF
DEADBEEF
DEADBEEF
DEADBEEF
DEADBEEF
DEADBEEF
DEADBEEF
DEADBEEF
DEADBEEF
DEADBEEF
DEADBEEF
DEADBEEF
DEADBEEF
DEADBEEF
DEADBEEF
DEADBEEF
DEADBEEF
DEADBEEF
DEADBEEF
DEADBEEF
DEADBEEF
DEADBEEF
DEADBEEF
DEADBEEF
DEADBEEF
DEADBEEF
DEADBEEF
DEADBEEF
DEADBEEF
DEADBEEF
DEADBEEF
DEADBEEF
DEADBEEF
DEADBEEF
DEADBEEF
DEADBEEF
DEADBEEF
DEADBEEF
DEADBEEF
DEADBEEF
DEADBEEF
DEADBEEF
DEADBEEF
DEADBEEF
DEADBEEF
DEADBEEF
DEADBEEF
DEADBEEF
DEADBEEF
DEADBEEF
DEADBEEF
DEADBEEF
DEADBEEF
DEADBEEF
DEADBEEF
DEADBEEF
DEADBEEF
DEADBEEF
DEADBEEF
DEADBEEF
DEADBEEF
DEADBEEF
DEADBEEF
DEADBEEF
DEADBEEF
DEADBEEF
DEADBEEF
DEADBEEF
DEADBEEF
DEADBEEF
DEADBEEF
DEADBEEF
DEADBEEF
DEADBEEF
DEADBEEF
DEADBEEF
DEADBEEF
DEADBEEF
DEADBEEF
DEADBEEF
DEADBEEF
DEADBEEF
DEADBEEF
DEADBEEF
DEADBEEF
DEADBEEF
DEADBEEF
DEADBEEF
DEADBEEF
DEADBEEF
DEADBEEF
DEADBEEF
DEADBEEF
DEADBEEF
DEADBEEF
DEADBEEF
DEADBEEF
DEADBEEF
DEADBEEF
DEADBEEF
DEADBEEF
DEADBEEF
DEADBEEF
DEADBEEF
DEADBEEF
DEADBEEF
DEADBEEF
DEADBEEF
DEADBEEF
DEADBEEF
DEADBEEF
DEADBEEF
DEADBEEF
DEADBEEF
DEADBEEF
DEADBEEF
DEADBEEF
DEADBEEF
DEADBEEF
DEADBEEF
DEADBEEF
DEADBEEF
DEADBEEF
DEADBEEF
DEADBEEF
DEADBEEF
DEADBEEF
DEADBEEF
DEADBEEF
DEADBEEF
DEADBEEF
DEADBEEF
DEADBEEF
DEADBEEF
DEADBEEF
DEADBEEF
DEADBEEF
DEADBEEF
DEADBEEF
DEADBEEF
DEADBEEF
DEADBEEF
DEADBEEF
DEADBEEF
DEADBEEF
DEADBEEF
DEADBEEF
DEADBEEF
DEADBEEF
DEADBEEF
DEADBEEF
DEADBEEF
DEADBEEF
DEADBEEF
DEADBEEF
DEADBEEF
DEADBEEF
DEADBEEF
DEADBEEF
DEADBEEF
DEADBEEF
DEADBEEF
DEADBEEF
DEADBEEF
DEADBEEF
DEADBEEF
DEADBEEF
DEADBEEF
DEADBEEF
DEADBEEF
DEADBEEF
DEADBEEF
DEADBEEF
DEADBEEF
DEADBEEF
DEADBEEF
DEADBEEF
DEADBEEF
DEADBEEF
DEADBEEF
DEADBEEF
DEADBEEF
DEADBEEF
DEADBEEF
DEADBEEF
DEADBEEF
DEADBEEF
DEADBEEF
DEADBEEF
DEADBEEF
DEADBEEF
DEADBEEF
DEADBEEF
DEADBEEF
DEADBEEF
DEADBEEF
DEADBEEF
DEADBEEF
DEADBEEF
DEADBEEF
DEADBEEF
DEADBEEF
DEADBEEF
DEADBEEF
DEADBEEF
DEADBEEF
DEADBEEF
DEADBEEF
DEADBEEF
DEADBEEF
DEADBEEF
DEADBEEF
DEADBEEF
DEADBEEF
DEADBEEF
DEADBEEF
DEADBEEF
DEADBEEF
DEADBEEF
DEADBEEF
DEADBEEF
DEADBEEF
DEADBEEF
DEADBEEF
DEADBEEF
DEADBEEF
DEADBEEF
DEADBEEF
DEADBEEF
DEADBEEF
DEADBEEF
DEADBEEF
DEADBEEF
DEADBEEF
DEADBEEF
DEADBEEF
DEADBEEF
DEADBEEF
DEADBEEF
DEADBEEF
DEADBEEF
DEADBEEF
DEADBEEF
DEADBEEF
DEADBEEF
DEADBEEF
DEADBEEF
DEADBEEF
DEADBEEF
DEADBEEF
DEADBEEF
DEADBEEF
DEADBEEF
DEADBEEF
DEADBEEF
DEADBEEF
DEADBEEF
DEADBEEF
DEADBEEF
DEADBEEF
DEADBEEF
DEADBEEF
DEADBEEF
DEADBEEF
DEADBEEF
DEADBEEF
DEADBEEF
DEADBEEF
DEADBEEF
DEADBEEF
DEADBEEF
DEADBEEF
DEADBEEF
DEADBEEF
DEADBEEF
DEADBEEF
DEADBEEF
DEADBEEF
DEADBEEF
DEADBEEF
DEADBEEF
DEADBEEF
DEADBEEF
DEADBEEF
DEADBEEF
DEADBEEF
DEADBEEF
DEADBEEF
DEADBEEF
DEADBEEF
DEADBEEF
DEADBEEF
DEADBEEF
DEADBEEF
DEADBEEF
DEADBEEF
DEADBEEF
DEADBEEF
DEADBEEF
DEADBEEF
DEADBEEF
DEADBEEF
DEADBEEF
DEADBEEF
DEADBEEF
DEADBEEF
DEADBEEF
DEADBEEF
DEADBEEF
DEADBEEF
DEADBEEF
DEADBEEF
DEADBEEF
DEADBEEF
DEADBEEF
DEADBEEF
DEADBEEF
DEADBEEF
DEADBEEF
DEADBEEF
DEADBEEF
DEADBEEF
DEADBEEF
DEADBEEF
DEADBEEF
DEADBEEF
DEADBEEF
DEADBEEF
DEADBEEF
DEADBEEF
DEADBEEF
DEADBEEF
DEADBEEF
DEADBEEF
DEADBEEF
DEADBEEF
DEADBEEF
DEADBEEF
DEADBEEF
DEADBEEF
DEADBEEF
DEADBEEF
DEADBEEF
DEADBEEF
DEADBEEF
DEADBEEF
DEADBEEF
DEADBEEF
DEADBEEF
DEADBEEF
DEADBEEF
DEADBEEF
DEADBEEF
DEADBEEF
DEADBEEF
DEADBEEF
DEADBEEF
DEADBEEF
DEADBEEF
DEADBEEF
DEADBEEF
DEADBEEF
DEADBEEF
DEADBEEF
DEADBEEF
DEADBEEF
DEADBEEF
DEADBEEF
DEADBEEF
DEADBEEF
DEADBEEF
DEADBEEF
DEADBEEF
DEADBEEF
DEADBEEF
DEADBEEF
DEADBEEF
DEADBEEF
DEADBEEF
DEADBEEF
DEADBEEF
DEADBEEF
DEADBEEF
DEADBEEF
DEADBEEF
DEADBEEF
DEADBEEF
DEADBEEF
DEADBEEF
DEADBEEF
DEADBEEF
DEADBEEF
DEADBEEF
DEADBEEF
DEADBEEF
DEADBEEF
DEADBEEF
DEADBEEF
DEADBEEF
DEADBEEF
DEADBEEF
DEADBEEF
DEADBEEF
DEADBEEF
DEADBEEF
DEADBEEF
DEADBEEF
DEADBEEF
DEADBEEF
DEADBEEF
DEADBEEF
DEADBEEF
DEADBEEF
DEADBEEF
DEADBEEF
DEADBEEF
DEADBEEF
DEADBEEF
DEADBEEF
DEADBEEF
DEADBEEF
DEADBEEF
DEADBEEF
DEADBEEF
DEADBEEF
DEADBEEF
DEADBEEF
DEADBEEF
DEADBEEF
DEADBEEF
DEADBEEF
DEADBEEF
DEADBEEF
DEADBEEF
DEADBEEF
DEADBEEF
DEADBEEF
DEADBEEF
DEADBEEF
DEADBEEF
DEADBEEF
DEADBEEF
DEADBEEF
DEADBEEF
DEADBEEF
DEADBEEF
DEADBEEF
DEADBEEF
DEADBEEF
DEADBEEF
DEADBEEF
DEADBEEF
DEADBEEF
DEADBEEF
DEADBEEF
DEADBEEF
DEADBEEF
DEADBEEF
DEADBEEF
DEADBEEF
DEADBEEF
DEADBEEF
DEADBEEF
DEADBEEF
DEADBEEF
DEADBEEF
DEADBEEF
DEADBEEF
DEADBEEF
DEADBEEF
DEADBEEF
DEADBEEF
DEADBEEF
DEADBEEF
DEADBEEF
DEADBEEF
DEADBEEF
DEADBEEF
DEADBEEF
DEADBEEF
DEADBEEF
DEADBEEF
DEADBEEF
DEADBEEF
DEADBEEF
DEADBEEF
DEADBEEF
DEADBEEF
DEADBEEF
DEADBEEF
DEADBEEF
DEADBEEF
DEADBEEF
DEADBEEF
DEADBEEF
DEADBEEF
DEADBEEF
DEADBEEF
DEADBEEF
DEADBEEF
DEADBEEF
DEADBEEF
DEADBEEF
DEADBEEF
DEADBEEF
DEADBEEF
DEADBEEF
DEADBEEF
DEADBEEF
DEADBEEF
DEADBEEF
DEADBEEF
DEADBEEF
DEADBEEF
DEADBEEF
DEADBEEF
DEADBEEF
DEADBEEF
DEADBEEF
DEADBEEF
DEADBEEF
DEADBEEF
DEADBEEF
DEADBEEF
DEADBEEF
DEADBEEF
DEADBEEF
DEADBEEF
DEADBEEF
DEADBEEF
DEADBEEF
DEADBEEF
DEADBEEF
DEADBEEF
DEADBEEF
DEADBEEF
DEADBEEF
DEADBEEF
DEADBEEF
DEADBEEF
DEADBEEF
DEADBEEF
DEADBEEF
DEADBEEF
DEADBEEF
DEADBEEF
DEADBEEF
DEADBEEF
DEADBEEF
DEADBEEF
DEADBEEF
DEADBEEF
DEADBEEF
DEADBEEF
DEADBEEF
DEADBEEF
DEADBEEF
DEADBEEF
DEADBEEF
DEADBEEF
DEADBEEF
DEADBEEF
DEADBEEF
DEADBEEF
DEADBEEF
DEADBEEF
DEADBEEF
DEADBEEF
DEADBEEF
DEADBEEF
DEADBEEF
DEADBEEF
DEADBEEF
DEADBEEF
DEADBEEF
DEADBEEF
DEADBEEF
DEADBEEF
DEADBEEF
DEADBEEF
DEADBEEF
DEADBEEF
DEADBEEF
DEADBEEF
DEADBEEF
DEADBEEF
DEADBEEF
DEADBEEF
DEADBEEF
DEADBEEF
DEADBEEF
DEADBEEF
DEADBEEF
DEADBEEF
DEADBEEF
DEADBEEF
DEADBEEF
DEADBEEF
DEADBEEF
DEADBEEF
DEADBEEF
DEADBEEF
DEADBEEF
DEADBEEF
DEADBEEF
DEADBEEF
DEADBEEF
DEADBEEF
DEADBEEF
DEADBEEF
DEADBEEF
DEADBEEF
DEADBEEF
DEADBEEF
DEADBEEF
DEADBEEF
DEADBEEF
DEADBEEF
DEADBEEF
DEADBEEF
DEADBEEF
DEADBEEF
DEADBEEF
DEADBEEF
DEADBEEF
DEADBEEF
DEADBEEF
DEADBEEF
DEADBEEF
DEADBEEF
DEADBEEF
DEADBEEF
DEADBEEF
DEADBEEF
DEADBEEF
DEADBEEF
DEADBEEF
DEADBEEF
DEADBEEF
DEADBEEF
DEADBEEF
DEADBEEF
DEADBEEF
DEADBEEF
DEADBEEF
DEADBEEF
DEADBEEF
DEADBEEF
DEADBEEF
DEADBEEF
DEADBEEF
DEADBEEF
DEADBEEF
DEADBEEF
DEADBEEF
DEADBEEF
DEADBEEF
DEADBEEF
DEADBEEF
DEADBEEF
DEADBEEF
DEADBEEF
DEADBEEF
DEADBEEF
DEADBEEF
DEADBEEF
DEADBEEF
DEADBEEF
DEADBEEF
DEADBEEF
DEADBEEF
DEADBEEF
DEADBEEF
DEADBEEF
DEADBEEF
DEADBEEF
DEADBEEF
DEADBEEF
DEADBEEF
DEADBEEF
DEADBEEF
DEADBEEF
DEADBEEF
DEADBEEF
DEADBEEF
DEADBEEF
DEADBEEF
DEADBEEF
DEADBEEF
DEADBEEF
DEADBEEF
DEADBEEF
DEADBEEF
DEADBEEF
DEADBEEF
DEADBEEF
DEADBEEF
DEADBEEF
DEADBEEF
DEADBEEF
DEADBEEF
DEADBEEF
DEADBEEF
DEADBEEF
DEADBEEF
DEADBEEF
DEADBEEF
DEADBEEF
DEADBEEF
DEADBEEF
DEADBEEF
DEADBEEF
DEADBEEF
DEADBEEF
DEADBEEF
DEADBEEF
DEADBEEF
DEADBEEF
DEADBEEF
DEADBEEF
DEADBEEF
DEADBEEF
DEADBEEF
DEADBEEF
DEADBEEF
DEADBEEF
DEADBEEF
DEADBEEF
DEADBEEF
DEADBEEF
DEADBEEF
DEADBEEF
DEADBEEF
DEADBEEF
DEADBEEF
DEADBEEF
DEADBEEF
DEADBEEF
DEADBEEF
DEADBEEF
DEADBEEF
DEADBEEF
DEADBEEF
DEADBEEF
DEADBEEF
DEADBEEF
DEADBEEF
DEADBEEF
DEADBEEF
DEADBEEF
DEADBEEF
DEADBEEF
DEADBEEF
DEADBEEF
DEADBEEF
DEADBEEF
DEADBEEF
DEADBEEF
DEADBEEF
DEADBEEF
DEADBEEF
DEADBEEF
DEADBEEF
DEADBEEF
DEADBEEF
DEADBEEF
DEADBEEF
DEADBEEF
DEADBEEF
DEADBEEF
DEADBEEF
DEADBEEF
DEADBEEF
DEADBEEF
DEADBEEF
DEADBEEF
DEADBEEF
DEADBEEF
DEADBEEF
DEADBEEF
DEADBEEF
DEADBEEF
DEADBEEF
DEADBEEF
DEADBEEF
DEADBEEF
DEADBEEF
DEADBEEF
DEADBEEF
DEADBEEF
DEADBEEF
DEADBEEF
DEADBEEF
DEADBEEF
DEADBEEF
DEADBEEF
DEADBEEF
DEADBEEF
DEADBEEF
DEADBEEF
DEADBEEF
DEADBEEF
DEADBEEF
DEADBEEF
DEADBEEF
DEADBEEF
DEADBEEF
DEADBEEF
DEADBEEF
DEADBEEF
DEADBEEF
DEADBEEF
DEADBEEF
DEADBEEF
DEADBEEF
DEADBEEF
DEADBEEF
DEADBEEF
DEADBEEF
DEADBEEF
DEADBEEF
DEADBEEF
DEADBEEF
DEADBEEF
DEADBEEF
DEADBEEF
DEADBEEF
DEADBEEF
DEADBEEF
DEADBEEF
DEADBEEF
DEADBEEF
DEADBEEF
DEADBEEF
DEADBEEF
DEADBEEF
DEADBEEF
DEADBEEF
DEADBEEF
DEADBEEF
DEADBEEF
DEADBEEF
DEADBEEF
DEADBEEF
DEADBEEF
DEADBEEF
DEADBEEF
DEADBEEF
DEADBEEF
DEADBEEF
DEADBEEF
DEADBEEF
DEADBEEF
DEADBEEF
DEADBEEF
DEADBEEF
DEADBEEF
DEADBEEF
DEADBEEF
DEADBEEF
DEADBEEF
DEADBEEF
DEADBEEF
DEADBEEF
DEADBEEF
DEADBEEF
DEADBEEF
DEADBEEF
DEADBEEF
DEADBEEF
DEADBEEF
DEADBEEF
DEADBEEF
DEADBEEF
DEADBEEF
DEADBEEF
DEADBEEF
DEADBEEF
DEADBEEF
DEADBEEF
DEADBEEF
DEADBEEF
DEADBEEF
DEADBEEF
DEADBEEF
DEADBEEF
DEADBEEF
DEADBEEF
DEADBEEF
DEADBEEF
DEADBEEF
DEADBEEF
DEADBEEF
DEADBEEF
DEADBEEF
DEADBEEF
DEADBEEF
DEADBEEF
DEADBEEF
DEADBEEF
DEADBEEF
DEADBEEF
DEADBEEF
DEADBEEF
DEADBEEF
DEADBEEF
DEADBEEF
DEADBEEF
DEADBEEF
DEADBEEF
DEADBEEF
DEADBEEF
DEADBEEF
DEADBEEF
DEADBEEF
DEADBEEF
DEADBEEF
DEADBEEF
DEADBEEF
DEADBEEF
DEADBEEF
DEADBEEF
DEADBEEF
DEADBEEF
DEADBEEF
DEADBEEF
DEADBEEF
DEADBEEF
DEADBEEF
DEADBEEF
DEADBEEF
DEADBEEF
DEADBEEF
DEADBEEF
DEADBEEF
DEADBEEF
DEADBEEF
DEADBEEF
DEADBEEF
DEADBEEF
DEADBEEF
DEADBEEF
DEADBEEF
DEADBEEF
DEADBEEF
DEADBEEF
DEADBEEF
DEADBEEF
DEADBEEF
DEADBEEF
DEADBEEF
DEADBEEF
DEADBEEF
DEADBEEF
DEADBEEF
DEADBEEF
DEADBEEF
DEADBEEF
DEADBEEF
DEADBEEF
DEADBEEF
DEADBEEF
DEADBEEF
DEADBEEF
DEADBEEF
DEADBEEF
DEADBEEF
DEADBEEF
DEADBEEF
DEADBEEF
DEADBEEF
DEADBEEF
DEADBEEF
DEADBEEF
DEADBEEF
DEADBEEF
DEADBEEF
DEADBEEF
DEADBEEF
DEADBEEF
DEADBEEF
DEADBEEF
DEADBEEF
DEADBEEF
DEADBEEF
DEADBEEF
DEADBEEF
DEADBEEF
DEADBEEF
DEADBEEF
DEADBEEF
DEADBEEF
DEADBEEF
DEADBEEF
DEADBEEF
DEADBEEF
DEADBEEF
DEADBEEF
DEADBEEF
DEADBEEF
DEADBEEF
DEADBEEF
DEADBEEF
DEADBEEF
DEADBEEF
DEADBEEF
DEADBEEF
DEADBEEF
DEADBEEF
DEADBEEF
DEADBEEF
DEADBEEF
DEADBEEF
DEADBEEF
DEADBEEF
DEADBEEF
DEADBEEF
DEADBEEF
DEADBEEF
DEADBEEF
DEADBEEF
DEADBEEF
DEADBEEF
DEADBEEF
DEADBEEF
DEADBEEF
DEADBEEF
DEADBEEF
DEADBEEF
DEADBEEF
DEADBEEF
DEADBEEF
DEADBEEF
DEADBEEF
DEADBEEF
DEADBEEF
DEADBEEF
DEADBEEF
DEADBEEF
DEADBEEF
DEADBEEF
DEADBEEF
DEADBEEF
DEADBEEF
DEADBEEF
DEADBEEF
DEADBEEF
DEADBEEF
DEADBEEF
DEADBEEF
DEADBEEF
DEADBEEF
DEADBEEF
DEADBEEF
DEADBEEF
DEADBEEF
DEADBEEF
DEADBEEF
DEADBEEF
DEADBEEF
DEADBEEF
DEADBEEF
DEADBEEF
DEADBEEF
DEADBEEF
DEADBEEF
DEADBEEF
DEADBEEF
DEADBEEF
DEADBEEF
DEADBEEF
DEADBEEF
DEADBEEF
DEADBEEF
DEADBEEF
DEADBEEF
DEADBEEF
DEADBEEF
DEADBEEF
DEADBEEF
DEADBEEF
DEADBEEF
DEADBEEF
DEADBEEF
DEADBEEF
DEADBEEF
DEADBEEF
DEADBEEF
DEADBEEF
DEADBEEF
DEADBEEF
DEADBEEF
DEADBEEF
DEADBEEF
DEADBEEF
DEADBEEF
DEADBEEF
DEADBEEF
DEADBEEF
DEADBEEF
DEADBEEF
DEADBEEF
DEADBEEF
DEADBEEF
DEADBEEF
DEADBEEF
DEADBEEF
DEADBEEF
DEADBEEF
DEADBEEF
DEADBEEF
DEADBEEF
DEADBEEF
DEADBEEF
DEADBEEF
DEADBEEF
DEADBEEF
DEADBEEF
DEADBEEF
DEADBEEF
DEADBEEF
DEADBEEF
DEADBEEF
DEADBEEF
DEADBEEF
DEADBEEF
DEADBEEF
DEADBEEF
DEADBEEF
DEADBEEF
DEADBEEF
DEADBEEF
DEADBEEF
DEADBEEF
DEADBEEF
DEADBEEF
DEADBEEF
DEADBEEF
DEADBEEF
DEADBEEF
DEADBEEF
DEADBEEF
DEADBEEF
DEADBEEF
DEADBEEF
DEADBEEF
DEADBEEF
DEADBEEF
DEADBEEF
DEADBEEF
DEADBEEF
DEADBEEF
DEADBEEF
DEADBEEF
DEADBEEF
DEADBEEF
DEADBEEF
DEADBEEF
DEADBEEF
DEADBEEF
DEADBEEF
DEADBEEF
DEADBEEF
DEADBEEF
DEADBEEF
DEADBEEF
DEADBEEF
DEADBEEF
DEADBEEF
DEADBEEF
DEADBEEF
DEADBEEF
DEADBEEF
DEADBEEF
DEADBEEF
DEADBEEF
DEADBEEF
DEADBEEF
DEADBEEF
DEADBEEF
DEADBEEF
DEADBEEF
DEADBEEF
DEADBEEF
DEADBEEF
DEADBEEF
DEADBEEF
DEADBEEF
DEADBEEF
DEADBEEF
DEADBEEF
DEADBEEF
DEADBEEF
DEADBEEF
DEADBEEF
DEADBEEF
DEADBEEF
DEADBEEF
DEADBEEF
DEADBEEF
DEADBEEF
DEADBEEF
DEADBEEF
DEADBEEF
DEADBEEF
DEADBEEF
DEADBEEF
DEADBEEF
DEADBEEF
DEADBEEF
DEADBEEF
DEADBEEF
DEADBEEF
DEADBEEF
DEADBEEF
DEADBEEF
DEADBEEF
DEADBEEF
DEADBEEF
DEADBEEF
DEADBEEF
DEADBEEF
DEADBEEF
DEADBEEF
DEADBEEF
DEADBEEF
DEADBEEF
DEADBEEF
DEADBEEF
DEADBEEF
DEADBEEF
DEADBEEF
DEADBEEF
DEADBEEF
DEADBEEF
DEADBEEF
DEADBEEF
DEADBEEF
DEADBEEF
DEADBEEF
DEADBEEF
DEADBEEF
DEADBEEF
DEADBEEF
DEADBEEF
DEADBEEF
DEADBEEF
DEADBEEF
DEADBEEF
DEADBEEF
DEADBEEF
DEADBEEF
DEADBEEF
DEADBEEF
DEADBEEF
DEADBEEF
DEADBEEF
DEADBEEF
DEADBEEF
DEADBEEF
DEADBEEF
DEADBEEF
DEADBEEF
DEADBEEF
DEADBEEF
DEADBEEF
DEADBEEF
DEADBEEF
DEADBEEF
DEADBEEF
DEADBEEF
DEADBEEF
DEADBEEF
DEADBEEF
DEADBEEF
DEADBEEF
DEADBEEF
DEADBEEF
DEADBEEF
DEADBEEF
DEADBEEF
DEADBEEF
DEADBEEF
DEADBEEF
DEADBEEF
DEADBEEF
DEADBEEF
DEADBEEF
DEADBEEF
DEADBEEF
DEADBEEF
DEADBEEF
DEADBEEF
DEADBEEF
DEADBEEF
DEADBEEF
DEADBEEF
DEADBEEF
DEADBEEF
DEADBEEF
DEADBEEF
DEADBEEF
DEADBEEF
DEADBEEF
DEADBEEF
DEADBEEF
DEADBEEF
DEADBEEF
DEADBEEF
DEADBEEF
DEADBEEF
DEADBEEF
DEADBEEF
DEADBEEF
DEADBEEF
DEADBEEF
DEADBEEF
DEADBEEF
DEADBEEF
DEADBEEF
DEADBEEF
DEADBEEF
DEADBEEF
DEADBEEF
DEADBEEF
DEADBEEF
DEADBEEF
DEADBEEF
DEADBEEF
DEADBEEF
DEADBEEF
DEADBEEF
DEADBEEF
DEADBEEF
DEADBEEF
DEADBEEF
DEADBEEF
DEADBEEF
DEADBEEF
DEADBEEF
DEADBEEF
DEADBEEF
DEADBEEF
DEADBEEF
DEADBEEF
DEADBEEF
DEADBEEF
DEADBEEF
DEADBEEF
DEADBEEF
DEADBEEF
DEADBEEF
DEADBEEF
DEADBEEF
DEADBEEF
DEADBEEF
DEADBEEF
DEADBEEF
DEADBEEF
DEADBEEF
DEADBEEF
DEADBEEF
DEADBEEF
DEADBEEF
DEADBEEF
DEADBEEF
DEADBEEF
DEADBEEF
DEADBEEF
DEADBEEF
DEADBEEF
DEADBEEF
DEADBEEF
DEADBEEF
DEADBEEF
DEADBEEF
DEADBEEF
DEADBEEF
DEADBEEF
DEADBEEF
DEADBEEF
DEADBEEF
DEADBEEF
DEADBEEF
DEADBEEF
DEADBEEF
DEADBEEF
DEADBEEF
DEADBEEF
DEADBEEF
DEADBEEF
DEADBEEF
DEADBEEF
DEADBEEF
DEADBEEF
DEADBEEF
DEADBEEF
DEADBEEF
DEADBEEF
DEADBEEF
DEADBEEF
DEADBEEF
DEADBEEF
DEADBEEF
DEADBEEF
DEADBEEF
DEADBEEF
DEADBEEF
DEADBEEF
DEADBEEF
DEADBEEF
DEADBEEF
DEADBEEF
DEADBEEF
DEADBEEF
DEADBEEF
DEADBEEF
DEADBEEF
DEADBEEF
DEADBEEF
DEADBEEF
DEADBEEF
DEADBEEF
DEADBEEF
DEADBEEF
DEADBEEF
DEADBEEF
DEADBEEF
DEADBEEF
DEADBEEF
DEADBEEF
DEADBEEF
DEADBEEF
DEADBEEF
DEADBEEF
DEADBEEF
DEADBEEF
DEADBEEF
DEADBEEF
DEADBEEF
DEADBEEF
DEADBEEF
DEADBEEF
DEADBEEF
DEADBEEF
DEADBEEF
DEADBEEF
DEADBEEF
DEADBEEF
DEADBEEF
DEADBEEF
DEADBEEF
DEADBEEF
DEADBEEF
DEADBEEF
DEADBEEF
DEADBEEF
DEADBEEF
DEADBEEF
DEADBEEF
DEADBEEF
DEADBEEF
DEADBEEF
DEADBEEF
DEADBEEF
DEADBEEF
DEADBEEF
DEADBEEF
DEADBEEF
DEADBEEF
DEADBEEF
DEADBEEF
DEADBEEF
DEADBEEF
DEADBEEF
DEADBEEF
DEADBEEF
DEADBEEF
DEADBEEF
DEADBEEF
DEADBEEF
DEADBEEF
DEADBEEF
DEADBEEF
DEADBEEF
DEADBEEF
DEADBEEF
DEADBEEF
DEADBEEF
DEADBEEF
DEADBEEF
DEADBEEF
DEADBEEF
DEADBEEF
DEADBEEF
DEADBEEF
DEADBEEF
DEADBEEF
DEADBEEF
DEADBEEF
DEADBEEF
DEADBEEF
DEADBEEF
DEADBEEF
DEADBEEF
DEADBEEF
DEADBEEF
DEADBEEF
DEADBEEF
DEADBEEF
DEADBEEF
DEADBEEF
DEADBEEF
DEADBEEF
DEADBEEF
DEADBEEF
DEADBEEF
DEADBEEF
DEADBEEF
DEADBEEF
DEADBEEF
DEADBEEF
DEADBEEF
DEADBEEF
DEADBEEF
DEADBEEF
DEADBEEF
DEADBEEF
DEADBEEF
DEADBEEF
DEADBEEF
DEADBEEF
DEADBEEF
DEADBEEF
DEADBEEF
DEADBEEF
DEADBEEF
DEADBEEF
DEADBEEF
DEADBEEF
DEADBEEF
DEADBEEF
DEADBEEF
DEADBEEF
DEADBEEF
DEADBEEF
DEADBEEF
DEADBEEF
DEADBEEF
DEADBEEF
DEADBEEF
DEADBEEF
DEADBEEF
DEADBEEF
DEADBEEF
DEADBEEF
DEADBEEF
DEADBEEF
DEADBEEF
DEADBEEF
DEADBEEF
DEADBEEF
DEADBEEF
DEADBEEF
DEADBEEF
DEADBEEF
DEADBEEF
DEADBEEF
DEADBEEF
DEADBEEF
DEADBEEF
DEADBEEF
DEADBEEF
DEADBEEF
DEADBEEF
DEADBEEF
DEADBEEF
DEADBEEF
DEADBEEF
DEADBEEF
DEADBEEF
DEADBEEF
DEADBEEF
DEADBEEF
DEADBEEF
DEADBEEF
DEADBEEF
DEADBEEF
DEADBEEF
DEADBEEF
DEADBEEF
DEADBEEF
DEADBEEF
DEADBEEF
DEADBEEF
DEADBEEF
DEADBEEF
DEADBEEF
DEADBEEF
DEADBEEF
DEADBEEF
DEADBEEF
DEADBEEF
DEADBEEF
DEADBEEF
DEADBEEF
DEADBEEF
DEADBEEF
DEADBEEF
DEADBEEF
DEADBEEF
DEADBEEF
DEADBEEF
DEADBEEF
DEADBEEF
DEADBEEF
DEADBEEF
DEADBEEF
DEADBEEF
DEADBEEF
DEADBEEF
DEADBEEF
DEADBEEF
DEADBEEF
DEADBEEF
DEADBEEF
DEADBEEF
DEADBEEF
DEADBEEF
DEADBEEF
DEADBEEF
DEADBEEF
DEADBEEF
DEADBEEF
DEADBEEF
DEADBEEF
DEADBEEF
DEADBEEF
DEADBEEF
DEADBEEF
DEADBEEF
DEADBEEF
DEADBEEF
DEADBEEF
DEADBEEF
DEADBEEF
DEADBEEF
DEADBEEF
DEADBEEF
DEADBEEF
DEADBEEF
DEADBEEF
DEADBEEF
DEADBEEF
DEADBEEF
DEADBEEF
DEADBEEF
DEADBEEF
DEADBEEF
DEADBEEF
DEADBEEF
DEADBEEF
DEADBEEF
DEADBEEF
DEADBEEF
DEADBEEF
DEADBEEF
DEADBEEF
DEADBEEF
DEADBEEF
DEADBEEF
DEADBEEF
DEADBEEF
DEADBEEF
DEADBEEF
DEADBEEF
DEADBEEF
DEADBEEF
DEADBEEF
DEADBEEF
DEADBEEF
DEADBEEF
DEADBEEF
DEADBEEF
DEADBEEF
DEADBEEF
DEADBEEF
DEADBEEF
DEADBEEF
DEADBEEF
DEADBEEF
DEADBEEF
DEADBEEF
DEADBEEF
DEADBEEF
DEADBEEF
DEADBEEF
DEADBEEF
DEADBEEF
DEADBEEF
DEADBEEF
DEADBEEF
DEADBEEF
DEADBEEF
DEADBEEF
DEADBEEF
DEADBEEF
DEADBEEF
DEADBEEF
DEADBEEF
DEADBEEF
DEADBEEF
DEADBEEF
DEADBEEF
DEADBEEF
DEADBEEF
DEADBEEF
DEADBEEF
DEADBEEF
DEADBEEF
DEADBEEF
DEADBEEF
DEADBEEF
DEADBEEF
DEADBEEF
DEADBEEF
DEADBEEF
DEADBEEF
DEADBEEF
DEADBEEF
DEADBEEF
DEADBEEF
DEADBEEF
DEADBEEF
DEADBEEF
DEADBEEF
DEADBEEF
DEADBEEF
DEADBEEF
DEADBEEF
DEADBEEF
DEADBEEF
DEADBEEF
DEADBEEF
DEADBEEF
DEADBEEF
DEADBEEF
DEADBEEF
DEADBEEF
DEADBEEF
DEADBEEF
DEADBEEF
DEADBEEF
DEADBEEF
DEADBEEF
DEADBEEF
DEADBEEF
DEADBEEF
DEADBEEF
DEADBEEF
DEADBEEF
DEADBEEF
DEADBEEF
DEADBEEF
DEADBEEF
DEADBEEF
DEADBEEF
DEADBEEF
DEADBEEF
DEADBEEF
DEADBEEF
DEADBEEF
DEADBEEF
DEADBEEF
DEADBEEF
DEADBEEF
DEADBEEF
DEADBEEF
DEADBEEF
DEADBEEF
DEADBEEF
DEADBEEF
DEADBEEF
DEADBEEF
DEADBEEF
DEADBEEF
DEADBEEF
DEADBEEF
DEADBEEF
DEADBEEF
DEADBEEF
DEADBEEF
DEADBEEF
DEADBEEF
DEADBEEF
DEADBEEF
DEADBEEF
DEADBEEF
DEADBEEF
DEADBEEF
DEADBEEF
DEADBEEF
DEADBEEF
DEADBEEF
DEADBEEF
DEADBEEF
DEADBEEF
DEADBEEF
DEADBEEF
DEADBEEF
DEADBEEF
DEADBEEF
DEADBEEF
DEADBEEF
DEADBEEF
DEADBEEF
DEADBEEF
DEADBEEF
DEADBEEF
DEADBEEF
DEADBEEF
DEADBEEF
DEADBEEF
DEADBEEF
DEADBEEF
DEADBEEF
DEADBEEF
DEADBEEF
DEADBEEF
DEADBEEF
DEADBEEF
DEADBEEF
DEADBEEF
DEADBEEF
DEADBEEF
DEADBEEF
DEADBEEF
DEADBEEF
DEADBEEF
DEADBEEF
DEADBEEF
DEADBEEF
DEADBEEF
DEADBEEF
DEADBEEF
DEADBEEF
DEADBEEF
DEADBEEF
DEADBEEF
DEADBEEF
DEADBEEF
DEADBEEF
DEADBEEF
DEADBEEF
DEADBEEF
DEADBEEF
DEADBEEF
DEADBEEF
DEADBEEF
DEADBEEF
DEADBEEF
DEADBEEF
DEADBEEF
DEADBEEF
DEADBEEF
DEADBEEF
DEADBEEF
DEADBEEF
DEADBEEF
DEADBEEF
DEADBEEF
DEADBEEF
DEADBEEF
DEADBEEF
DEADBEEF
DEADBEEF
DEADBEEF
DEADBEEF
DEADBEEF
DEADBEEF
DEADBEEF
DEADBEEF
DEADBEEF
DEADBEEF
DEADBEEF
DEADBEEF
DEADBEEF
DEADBEEF
DEADBEEF
DEADBEEF
DEADBEEF
DEADBEEF
DEADBEEF
DEADBEEF
DEADBEEF
DEADBEEF
DEADBEEF
DEADBEEF
DEADBEEF
DEADBEEF
DEADBEEF
DEADBEEF
DEADBEEF
DEADBEEF
DEADBEEF
DEADBEEF
DEADBEEF
DEADBEEF
DEADBEEF
DEADBEEF
DEADBEEF
DEADBEEF
DEADBEEF
DEADBEEF
DEADBEEF
DEADBEEF
DEADBEEF
DEADBEEF
DEADBEEF
DEADBEEF
DEADBEEF
DEADBEEF
DEADBEEF
DEADBEEF
DEADBEEF
DEADBEEF
DEADBEEF
DEADBEEF
DEADBEEF
DEADBEEF
DEADBEEF
DEADBEEF
DEADBEEF
DEADBEEF
DEADBEEF
DEADBEEF
DEADBEEF
DEADBEEF
DEADBEEF
DEADBEEF
DEADBEEF
DEADBEEF
DEADBEEF
DEADBEEF
DEADBEEF
DEADBEEF
DEADBEEF
DEADBEEF
DEADBEEF
DEADBEEF
DEADBEEF
DEADBEEF
DEADBEEF
DEADBEEF
DEADBEEF
DEADBEEF
DEADBEEF
DEADBEEF
DEADBEEF
DEADBEEF
DEADBEEF
DEADBEEF
DEADBEEF
DEADBEEF
DEADBEEF
DEADBEEF
DEADBEEF
DEADBEEF
DEADBEEF
DEADBEEF
DEADBEEF
DEADBEEF
DEADBEEF
DEADBEEF
DEADBEEF
DEADBEEF
DEADBEEF
DEADBEEF
DEADBEEF
DEADBEEF
DEADBEEF
DEADBEEF
DEADBEEF
DEADBEEF
DEADBEEF
DEADBEEF
DEADBEEF
DEADBEEF
DEADBEEF
DEADBEEF
DEADBEEF
DEADBEEF
DEADBEEF
DEADBEEF
DEADBEEF
DEADBEEF
DEADBEEF
DEADBEEF
DEADBEEF
DEADBEEF
DEADBEEF
DEADBEEF
DEADBEEF
DEADBEEF
DEADBEEF
DEADBEEF
DEADBEEF
DEADBEEF
DEADBEEF
DEADBEEF
DEADBEEF
DEADBEEF
DEADBEEF
DEADBEEF
DEADBEEF
DEADBEEF
DEADBEEF
DEADBEEF
DEADBEEF
DEADBEEF
DEADBEEF
DEADBEEF
DEADBEEF
DEADBEEF
DEADBEEF
DEADBEEF
DEADBEEF
DEADBEEF
DEADBEEF
DEADBEEF
DEADBEEF
DEADBEEF
DEADBEEF
DEADBEEF
DEADBEEF
DEADBEEF
DEADBEEF
DEADBEEF
DEADBEEF
DEADBEEF
DEADBEEF
DEADBEEF
DEADBEEF
DEADBEEF
DEADBEEF
DEADBEEF
DEADBEEF
DEADBEEF
DEADBEEF
DEADBEEF
DEADBEEF
DEADBEEF
DEADBEEF
DEADBEEF
DEADBEEF
DEADBEEF
DEADBEEF
DEADBEEF
DEADBEEF
DEADBEEF
DEADBEEF
DEADBEEF
DEADBEEF
DEADBEEF
DEADBEEF
DEADBEEF
DEADBEEF
DEADBEEF
DEADBEEF
DEADBEEF
DEADBEEF
DEADBEEF
DEADBEEF
DEADBEEF
DEADBEEF
DEADBEEF
DEADBEEF
DEADBEEF
DEADBEEF
DEADBEEF
DEADBEEF
DEADBEEF
DEADBEEF
DEADBEEF
DEADBEEF
DEADBEEF
DEADBEEF
DEADBEEF
DEADBEEF
DEADBEEF
DEADBEEF
DEADBEEF
DEADBEEF
DEADBEEF
DEADBEEF
DEADBEEF
DEADBEEF
DEADBEEF
DEADBEEF
DEADBEEF
DEADBEEF
DEADBEEF
DEADBEEF
DEADBEEF
DEADBEEF
DEADBEEF
DEADBEEF
DEADBEEF
DEADBEEF
DEADBEEF
DEADBEEF
DEADBEEF
DEADBEEF
DEADBEEF
DEADBEEF
DEADBEEF
DEADBEEF
DEADBEEF
DEADBEEF
DEADBEEF
DEADBEEF
DEADBEEF
DEADBEEF
DEADBEEF
DEADBEEF
DEADBEEF
DEADBEEF
DEADBEEF
DEADBEEF
DEADBEEF
DEADBEEF
DEADBEEF
DEADBEEF
DEADBEEF
DEADBEEF
DEADBEEF
DEADBEEF
DEADBEEF
DEADBEEF
DEADBEEF
DEADBEEF
DEADBEEF
DEADBEEF
DEADBEEF
DEADBEEF
DEADBEEF
DEADBEEF
DEADBEEF
DEADBEEF
DEADBEEF
DEADBEEF
DEADBEEF
DEADBEEF
DEADBEEF
DEADBEEF
DEADBEEF
DEADBEEF
DEADBEEF
DEADBEEF
DEADBEEF
DEADBEEF
DEADBEEF
DEADBEEF
DEADBEEF
DEADBEEF
DEADBEEF
DEADBEEF
DEADBEEF
DEADBEEF
DEADBEEF
DEADBEEF
DEADBEEF
DEADBEEF
DEADBEEF
DEADBEEF
DEADBEEF
DEADBEEF
DEADBEEF
DEADBEEF
DEADBEEF
DEADBEEF
DEADBEEF
DEADBEEF
DEADBEEF
DEADBEEF
DEADBEEF
DEADBEEF
DEADBEEF
DEADBEEF
DEADBEEF
DEADBEEF
DEADBEEF
DEADBEEF
DEADBEEF
DEADBEEF
DEADBEEF
DEADBEEF
DEADBEEF
DEADBEEF
DEADBEEF
DEADBEEF
DEADBEEF
DEADBEEF
DEADBEEF
DEADBEEF
DEADBEEF
DEADBEEF
DEADBEEF
DEADBEEF
DEADBEEF
DEADBEEF
DEADBEEF
DEADBEEF
DEADBEEF
DEADBEEF
DEADBEEF
DEADBEEF
DEADBEEF
DEADBEEF
DEADBEEF
DEADBEEF
DEADBEEF
DEADBEEF
DEADBEEF
DEADBEEF
DEADBEEF
DEADBEEF
DEADBEEF
DEADBEEF
DEADBEEF
DEADBEEF
DEADBEEF
DEADBEEF
DEADBEEF
DEADBEEF
DEADBEEF
DEADBEEF
DEADBEEF
DEADBEEF
DEADBEEF
DEADBEEF
DEADBEEF
DEADBEEF
DEADBEEF
DEADBEEF
DEADBEEF
DEADBEEF
DEADBEEF
DEADBEEF
DEADBEEF
DEADBEEF
DEADBEEF
DEADBEEF
DEADBEEF
DEADBEEF
DEADBEEF
DEADBEEF
DEADBEEF
DEADBEEF
DEADBEEF
DEADBEEF
DEADBEEF
DEADBEEF
DEADBEEF
DEADBEEF
DEADBEEF
DEADBEEF
DEADBEEF
DEADBEEF
DEADBEEF
DEADBEEF
DEADBEEF
DEADBEEF
DEADBEEF
DEADBEEF
DEADBEEF
DEADBEEF
DEADBEEF
DEADBEEF
DEADBEEF
DEADBEEF
DEADBEEF
DEADBEEF
DEADBEEF
DEADBEEF
DEADBEEF
DEADBEEF
DEADBEEF
DEADBEEF
DEADBEEF
DEADBEEF
DEADBEEF
DEADBEEF
DEADBEEF
DEADBEEF
DEADBEEF
DEADBEEF
DEADBEEF
DEADBEEF
DEADBEEF
DEADBEEF
DEADBEEF
DEADBEEF
DEADBEEF
DEADBEEF
DEADBEEF
DEADBEEF
DEADBEEF
DEADBEEF
DEADBEEF
DEADBEEF
DEADBEEF
DEADBEEF
DEADBEEF
DEADBEEF
DEADBEEF
DEADBEEF
DEADBEEF
DEADBEEF
DEADBEEF
DEADBEEF
DEADBEEF
DEADBEEF
DEADBEEF
DEADBEEF
DEADBEEF
DEADBEEF
DEADBEEF
DEADBEEF
DEADBEEF
DEADBEEF
DEADBEEF
DEADBEEF
DEADBEEF
DEADBEEF
DEADBEEF
DEADBEEF
DEADBEEF
DEADBEEF
DEADBEEF
DEADBEEF
DEADBEEF
DEADBEEF
DEADBEEF
DEADBEEF
DEADBEEF
DEADBEEF
DEADBEEF
DEADBEEF
DEADBEEF
DEADBEEF
DEADBEEF
DEADBEEF
DEADBEEF
DEADBEEF
DEADBEEF
DEADBEEF
DEADBEEF
DEADBEEF
DEADBEEF
DEADBEEF
DEADBEEF
DEADBEEF
DEADBEEF
DEADBEEF
DEADBEEF
DEADBEEF
DEADBEEF
DEADBEEF
DEADBEEF
DEADBEEF
DEADBEEF
DEADBEEF
DEADBEEF
DEADBEEF
DEADBEEF
DEADBEEF
DEADBEEF
DEADBEEF
DEADBEEF
DEADBEEF
DEADBEEF
DEADBEEF
DEADBEEF
DEADBEEF
DEADBEEF
DEADBEEF
DEADBEEF
DEADBEEF
DEADBEEF
DEADBEEF
DEADBEEF
DEADBEEF
DEADBEEF
DEADBEEF
DEADBEEF
DEADBEEF
DEADBEEF
DEADBEEF
DEADBEEF
DEADBEEF
DEADBEEF
DEADBEEF
DEADBEEF
DEADBEEF
DEADBEEF
DEADBEEF
DEADBEEF
DEADBEEF
DEADBEEF
DEADBEEF
DEADBEEF
DEADBEEF
DEADBEEF
DEADBEEF
DEADBEEF
DEADBEEF
DEADBEEF
DEADBEEF
DEADBEEF
DEADBEEF
DEADBEEF
DEADBEEF
DEADBEEF
DEADBEEF
DEADBEEF
DEADBEEF
DEADBEEF
DEADBEEF
DEADBEEF
DEADBEEF
DEADBEEF
DEADBEEF
DEADBEEF
DEADBEEF
DEADBEEF
DEADBEEF
DEADBEEF
DEADBEEF
DEADBEEF
DEADBEEF
DEADBEEF
DEADBEEF
DEADBEEF
DEADBEEF
DEADBEEF
DEADBEEF
DEADBEEF
DEADBEEF
DEADBEEF
DEADBEEF
DEADBEEF
DEADBEEF
DEADBEEF
DEADBEEF
DEADBEEF
DEADBEEF
DEADBEEF
DEADBEEF
DEADBEEF
DEADBEEF
DEADBEEF
DEADBEEF
DEADBEEF
DEADBEEF
DEADBEEF
DEADBEEF
DEADBEEF
DEADBEEF
DEADBEEF
DEADBEEF
DEADBEEF
DEADBEEF
DEADBEEF
DEADBEEF
DEADBEEF
DEADBEEF
DEADBEEF
DEADBEEF
DEADBEEF
DEADBEEF
DEADBEEF
DEADBEEF
DEADBEEF
DEADBEEF
DEADBEEF
DEADBEEF
DEADBEEF
DEADBEEF
DEADBEEF
DEADBEEF
DEADBEEF
DEADBEEF
DEADBEEF
DEADBEEF
DEADBEEF
DEADBEEF
DEADBEEF
DEADBEEF
DEADBEEF
DEADBEEF
DEADBEEF
DEADBEEF
DEADBEEF
DEADBEEF
DEADBEEF
DEADBEEF
DEADBEEF
DEADBEEF
DEADBEEF
DEADBEEF
DEADBEEF
DEADBEEF
DEADBEEF
DEADBEEF
DEADBEEF
DEADBEEF
DEADBEEF
DEADBEEF
DEADBEEF
DEADBEEF
DEADBEEF
DEADBEEF
DEADBEEF
DEADBEEF
DEADBEEF
DEADBEEF
DEADBEEF
DEADBEEF
DEADBEEF
DEADBEEF
DEADBEEF
DEADBEEF
DEADBEEF
DEADBEEF
DEADBEEF
DEADBEEF
DEADBEEF
DEADBEEF
DEADBEEF
DEADBEEF
DEADBEEF
DEADBEEF
DEADBEEF
DEADBEEF
DEADBEEF
DEADBEEF
DEADBEEF
DEADBEEF
DEADBEEF
DEADBEEF
DEADBEEF
DEADBEEF
DEADBEEF
DEADBEEF
DEADBEEF
DEADBEEF
DEADBEEF
DEADBEEF
DEADBEEF
DEADBEEF
DEADBEEF
DEADBEEF
DEADBEEF
DEADBEEF
DEADBEEF
DEADBEEF
DEADBEEF
DEADBEEF
DEADBEEF
DEADBEEF
DEADBEEF
DEADBEEF
DEADBEEF
DEADBEEF
DEADBEEF
DEADBEEF
DEADBEEF
DEADBEEF
DEADBEEF
DEADBEEF
DEADBEEF
DEADBEEF
DEADBEEF
DEADBEEF
DEADBEEF
DEADBEEF
DEADBEEF
DEADBEEF
DEADBEEF
DEADBEEF
DEADBEEF
DEADBEEF
DEADBEEF
DEADBEEF
DEADBEEF
DEADBEEF
DEADBEEF
DEADBEEF
DEADBEEF
DEADBEEF
DEADBEEF
DEADBEEF
DEADBEEF
DEADBEEF
DEADBEEF
DEADBEEF
DEADBEEF
DEADBEEF
DEADBEEF
DEADBEEF
DEADBEEF
DEADBEEF
DEADBEEF
DEADBEEF
DEADBEEF
DEADBEEF
DEADBEEF
DEADBEEF
DEADBEEF
DEADBEEF
DEADBEEF
DEADBEEF
DEADBEEF
DEADBEEF
DEADBEEF
DEADBEEF
DEADBEEF
DEADBEEF
DEADBEEF
DEADBEEF
DEADBEEF
DEADBEEF
DEADBEEF
DEADBEEF
DEADBEEF
DEADBEEF
DEADBEEF
DEADBEEF
DEADBEEF
DEADBEEF
DEADBEEF
DEADBEEF
DEADBEEF
DEADBEEF
DEADBEEF
DEADBEEF
DEADBEEF
DEADBEEF
DEADBEEF
DEADBEEF
DEADBEEF
DEADBEEF
DEADBEEF
DEADBEEF
DEADBEEF
DEADBEEF
DEADBEEF
DEADBEEF
DEADBEEF
DEADBEEF
DEADBEEF
DEADBEEF
DEADBEEF
DEADBEEF
DEADBEEF
DEADBEEF
DEADBEEF
DEADBEEF
DEADBEEF
DEADBEEF
DEADBEEF
DEADBEEF
DEADBEEF
DEADBEEF
DEADBEEF
DEADBEEF
DEADBEEF
DEADBEEF
DEADBEEF
DEADBEEF
DEADBEEF
DEADBEEF
DEADBEEF
DEADBEEF
DEADBEEF
DEADBEEF
DEADBEEF
DEADBEEF
DEADBEEF
DEADBEEF
DEADBEEF
DEADBEEF
DEADBEEF
DEADBEEF
DEADBEEF
DEADBEEF
DEADBEEF
DEADBEEF
DEADBEEF
DEADBEEF
DEADBEEF
DEADBEEF
DEADBEEF
DEADBEEF
DEADBEEF
DEADBEEF
DEADBEEF
DEADBEEF
DEADBEEF
DEADBEEF
DEADBEEF
DEADBEEF
DEADBEEF
DEADBEEF
DEADBEEF
DEADBEEF
DEADBEEF
DEADBEEF
DEADBEEF
DEADBEEF
DEADBEEF
DEADBEEF
DEADBEEF
DEADBEEF
DEADBEEF
DEADBEEF
DEADBEEF
DEADBEEF
DEADBEEF
DEADBEEF
DEADBEEF
DEADBEEF
DEADBEEF
DEADBEEF
DEADBEEF
DEADBEEF
DEADBEEF
DEADBEEF
DEADBEEF
DEADBEEF
DEADBEEF
DEADBEEF
DEADBEEF
DEADBEEF
DEADBEEF
DEADBEEF
DEADBEEF
DEADBEEF
DEADBEEF
DEADBEEF
DEADBEEF
DEADBEEF
DEADBEEF
DEADBEEF
DEADBEEF
DEADBEEF
DEADBEEF
DEADBEEF
DEADBEEF
DEADBEEF
DEADBEEF
DEADBEEF
DEADBEEF
DEADBEEF
DEADBEEF
DEADBEEF
DEADBEEF
DEADBEEF
DEADBEEF
DEADBEEF
DEADBEEF
DEADBEEF
DEADBEEF
DEADBEEF
DEADBEEF
DEADBEEF
DEADBEEF
DEADBEEF
DEADBEEF
DEADBEEF
DEADBEEF
DEADBEEF
DEADBEEF
DEADBEEF
DEADBEEF
DEADBEEF
DEADBEEF
DEADBEEF
DEADBEEF
DEADBEEF
DEADBEEF
DEADBEEF
DEADBEEF
DEADBEEF
DEADBEEF
DEADBEEF
DEADBEEF
DEADBEEF
DEADBEEF
DEADBEEF
DEADBEEF
DEADBEEF
DEADBEEF
DEADBEEF
DEADBEEF
DEADBEEF
DEADBEEF
DEADBEEF
DEADBEEF
DEADBEEF
DEADBEEF
DEADBEEF
DEADBEEF
DEADBEEF
DEADBEEF
DEADBEEF
DEADBEEF
DEADBEEF
DEADBEEF
DEADBEEF
DEADBEEF
DEADBEEF
DEADBEEF
DEADBEEF
DEADBEEF
DEADBEEF
DEADBEEF
DEADBEEF
DEADBEEF
DEADBEEF
DEADBEEF
DEADBEEF
DEADBEEF
DEADBEEF
DEADBEEF
DEADBEEF
DEADBEEF
DEADBEEF
DEADBEEF
DEADBEEF
DEADBEEF
DEADBEEF
DEADBEEF
DEADBEEF
DEADBEEF
DEADBEEF
DEADBEEF
DEADBEEF
DEADBEEF
DEADBEEF
DEADBEEF
DEADBEEF
DEADBEEF
DEADBEEF
DEADBEEF
DEADBEEF
DEADBEEF
DEADBEEF
DEADBEEF
DEADBEEF
DEADBEEF
DEADBEEF
DEADBEEF
DEADBEEF
DEADBEEF
DEADBEEF
DEADBEEF
DEADBEEF
DEADBEEF
DEADBEEF
DEADBEEF
DEADBEEF
DEADBEEF
DEADBEEF
DEADBEEF
DEADBEEF
DEADBEEF
DEADBEEF
DEADBEEF
DEADBEEF
DEADBEEF
DEADBEEF
DEADBEEF
DEADBEEF
DEADBEEF
DEADBEEF
DEADBEEF
DEADBEEF
DEADBEEF
DEADBEEF
DEADBEEF
DEADBEEF
DEADBEEF
DEADBEEF
DEADBEEF
DEADBEEF
DEADBEEF
DEADBEEF
DEADBEEF
DEADBEEF
DEADBEEF
DEADBEEF
DEADBEEF
DEADBEEF
DEADBEEF
DEADBEEF
DEADBEEF
DEADBEEF
DEADBEEF
DEADBEEF
DEADBEEF
DEADBEEF
DEADBEEF
DEADBEEF
DEADBEEF
DEADBEEF
DEADBEEF
DEADBEEF
DEADBEEF
DEADBEEF
DEADBEEF
DEADBEEF
DEADBEEF
DEADBEEF
DEADBEEF
DEADBEEF
DEADBEEF
DEADBEEF
DEADBEEF
DEADBEEF
DEADBEEF
DEADBEEF
DEADBEEF
DEADBEEF
DEADBEEF
DEADBEEF
DEADBEEF
DEADBEEF
DEADBEEF
DEADBEEF
DEADBEEF
DEADBEEF
DEADBEEF
DEADBEEF
DEADBEEF
DEADBEEF
DEADBEEF
DEADBEEF
DEADBEEF
DEADBEEF
DEADBEEF
DEADBEEF
DEADBEEF
DEADBEEF
DEADBEEF
DEADBEEF
DEADBEEF
DEADBEEF
DEADBEEF
DEADBEEF
DEADBEEF
DEADBEEF
DEADBEEF
DEADBEEF
DEADBEEF
DEADBEEF
DEADBEEF
DEADBEEF
DEADBEEF
DEADBEEF
DEADBEEF
DEADBEEF
DEADBEEF
DEADBEEF
DEADBEEF
DEADBEEF
DEADBEEF
DEADBEEF
DEADBEEF
DEADBEEF
DEADBEEF
DEADBEEF
DEADBEEF
DEADBEEF
DEADBEEF
DEADBEEF
DEADBEEF
DEADBEEF
DEADBEEF
DEADBEEF
DEADBEEF
DEADBEEF
DEADBEEF
DEADBEEF
DEADBEEF
DEADBEEF
DEADBEEF
DEADBEEF
DEADBEEF
DEADBEEF
DEADBEEF
DEADBEEF
DEADBEEF
DEADBEEF
DEADBEEF
DEADBEEF
DEADBEEF
DEADBEEF
DEADBEEF
DEADBEEF
DEADBEEF
DEADBEEF
DEADBEEF
DEADBEEF
DEADBEEF
DEADBEEF
DEADBEEF
DEADBEEF
DEADBEEF
DEADBEEF
DEADBEEF
DEADBEEF
DEADBEEF
DEADBEEF
DEADBEEF
DEADBEEF
DEADBEEF
DEADBEEF
DEADBEEF
DEADBEEF
DEADBEEF
DEADBEEF
DEADBEEF
DEADBEEF
DEADBEEF
DEADBEEF
DEADBEEF
DEADBEEF
DEADBEEF
DEADBEEF
DEADBEEF
DEADBEEF
DEADBEEF
DEADBEEF
DEADBEEF
DEADBEEF
DEADBEEF
DEADBEEF
DEADBEEF
DEADBEEF
DEADBEEF
DEADBEEF
DEADBEEF
DEADBEEF
DEADBEEF
DEADBEEF
DEADBEEF
DEADBEEF
DEADBEEF
DEADBEEF
DEADBEEF
DEADBEEF
DEADBEEF
DEADBEEF
DEADBEEF
DEADBEEF
DEADBEEF
DEADBEEF
DEADBEEF
DEADBEEF
DEADBEEF
DEADBEEF
DEADBEEF
DEADBEEF
DEADBEEF
DEADBEEF
DEADBEEF
DEADBEEF
DEADBEEF
DEADBEEF
DEADBEEF
DEADBEEF
DEADBEEF
DEADBEEF
DEADBEEF
DEADBEEF
DEADBEEF
DEADBEEF
DEADBEEF
DEADBEEF
DEADBEEF
DEADBEEF
DEADBEEF
DEADBEEF
DEADBEEF
DEADBEEF
DEADBEEF
DEADBEEF
DEADBEEF
DEADBEEF
DEADBEEF
DEADBEEF
DEADBEEF
DEADBEEF
DEADBEEF
DEADBEEF
DEADBEEF
DEADBEEF
DEADBEEF
DEADBEEF
DEADBEEF
DEADBEEF
DEADBEEF
DEADBEEF
DEADBEEF
DEADBEEF
DEADBEEF
DEADBEEF
DEADBEEF
DEADBEEF
DEADBEEF
DEADBEEF
DEADBEEF
DEADBEEF
DEADBEEF
DEADBEEF
DEADBEEF
DEADBEEF
DEADBEEF
DEADBEEF
DEADBEEF
DEADBEEF
DEADBEEF
DEADBEEF
DEADBEEF
DEADBEEF
DEADBEEF
DEADBEEF
DEADBEEF
DEADBEEF
DEADBEEF
DEADBEEF
DEADBEEF
DEADBEEF
DEADBEEF
DEADBEEF
DEADBEEF
DEADBEEF
DEADBEEF
DEADBEEF
DEADBEEF
DEADBEEF
DEADBEEF
DEADBEEF
DEADBEEF
DEADBEEF
DEADBEEF
DEADBEEF
DEADBEEF
DEADBEEF
DEADBEEF
DEADBEEF
DEADBEEF
DEADBEEF
DEADBEEF
DEADBEEF
DEADBEEF
DEADBEEF
DEADBEEF
DEADBEEF
DEADBEEF
DEADBEEF
DEADBEEF
DEADBEEF
DEADBEEF
DEADBEEF
DEADBEEF
DEADBEEF
DEADBEEF
DEADBEEF
DEADBEEF
DEADBEEF
DEADBEEF
DEADBEEF
DEADBEEF
DEADBEEF
DEADBEEF
DEADBEEF
DEADBEEF
DEADBEEF
DEADBEEF
DEADBEEF
DEADBEEF
DEADBEEF
DEADBEEF
DEADBEEF
DEADBEEF
DEADBEEF
DEADBEEF
DEADBEEF
DEADBEEF
DEADBEEF
DEADBEEF
DEADBEEF
DEADBEEF
DEADBEEF
DEADBEEF
DEADBEEF
DEADBEEF
DEADBEEF
DEADBEEF
DEADBEEF
DEADBEEF
DEADBEEF
DEADBEEF
DEADBEEF
DEADBEEF
DEADBEEF
DEADBEEF
DEADBEEF
DEADBEEF
DEADBEEF
DEADBEEF
DEADBEEF
DEADBEEF
DEADBEEF
DEADBEEF
DEADBEEF
DEADBEEF
DEADBEEF
DEADBEEF
DEADBEEF
DEADBEEF
DEADBEEF
DEADBEEF
DEADBEEF
DEADBEEF
DEADBEEF
DEADBEEF
DEADBEEF
DEADBEEF
DEADBEEF
DEADBEEF
DEADBEEF
DEADBEEF
DEADBEEF
DEADBEEF
DEADBEEF
DEADBEEF
DEADBEEF
DEADBEEF
DEADBEEF
DEADBEEF
DEADBEEF
DEADBEEF
DEADBEEF
DEADBEEF
DEADBEEF
DEADBEEF
DEADBEEF
DEADBEEF
DEADBEEF
DEADBEEF
DEADBEEF
DEADBEEF
DEADBEEF
DEADBEEF
DEADBEEF
DEADBEEF
DEADBEEF
DEADBEEF
DEADBEEF
DEADBEEF
DEADBEEF
DEADBEEF
DEADBEEF
DEADBEEF
DEADBEEF
DEADBEEF
DEADBEEF
DEADBEEF
DEADBEEF
DEADBEEF
DEADBEEF
DEADBEEF
DEADBEEF
DEADBEEF
DEADBEEF
DEADBEEF
DEADBEEF
DEADBEEF
DEADBEEF
DEADBEEF
DEADBEEF
DEADBEEF
DEADBEEF
DEADBEEF
DEADBEEF
DEADBEEF
DEADBEEF
DEADBEEF
DEADBEEF
DEADBEEF
DEADBEEF
DEADBEEF
DEADBEEF
DEADBEEF
DEADBEEF
DEADBEEF
DEADBEEF
DEADBEEF
DEADBEEF
DEADBEEF
DEADBEEF
DEADBEEF
DEADBEEF
DEADBEEF
DEADBEEF
DEADBEEF
DEADBEEF
DEADBEEF
DEADBEEF
DEADBEEF
DEADBEEF
DEADBEEF
DEADBEEF
DEADBEEF
DEADBEEF
DEADBEEF
DEADBEEF
DEADBEEF
DEADBEEF
DEADBEEF
DEADBEEF
DEADBEEF
DEADBEEF
DEADBEEF
DEADBEEF
DEADBEEF
DEADBEEF
DEADBEEF
DEADBEEF
DEADBEEF
DEADBEEF
DEADBEEF
DEADBEEF
DEADBEEF
DEADBEEF
DEADBEEF
DEADBEEF
DEADBEEF
DEADBEEF
DEADBEEF
DEADBEEF
DEADBEEF
DEADBEEF
DEADBEEF
DEADBEEF
DEADBEEF
DEADBEEF
DEADBEEF
DEADBEEF
DEADBEEF
DEADBEEF
DEADBEEF
DEADBEEF
DEADBEEF
DEADBEEF
DEADBEEF
DEADBEEF
DEADBEEF
DEADBEEF
DEADBEEF
DEADBEEF
DEADBEEF
DEADBEEF
DEADBEEF
DEADBEEF
DEADBEEF
DEADBEEF
DEADBEEF
DEADBEEF
DEADBEEF
DEADBEEF
DEADBEEF
DEADBEEF
DEADBEEF
DEADBEEF
DEADBEEF
DEADBEEF
DEADBEEF
DEADBEEF
DEADBEEF
DEADBEEF
DEADBEEF
DEADBEEF
DEADBEEF
DEADBEEF
DEADBEEF
DEADBEEF
DEADBEEF
DEADBEEF
DEADBEEF
DEADBEEF
DEADBEEF
DEADBEEF
DEADBEEF
DEADBEEF
DEADBEEF
DEADBEEF
DEADBEEF
DEADBEEF
DEADBEEF
DEADBEEF
DEADBEEF
DEADBEEF
DEADBEEF
DEADBEEF
DEADBEEF
DEADBEEF
DEADBEEF
DEADBEEF
DEADBEEF
DEADBEEF
DEADBEEF
DEADBEEF
DEADBEEF
DEADBEEF
DEADBEEF
DEADBEEF
DEADBEEF
DEADBEEF
DEADBEEF
DEADBEEF
DEADBEEF
DEADBEEF
DEADBEEF
DEADBEEF
DEADBEEF
DEADBEEF
DEADBEEF
DEADBEEF
DEADBEEF
DEADBEEF
DEADBEEF
DEADBEEF
DEADBEEF
DEADBEEF
DEADBEEF
DEADBEEF
DEADBEEF
DEADBEEF
DEADBEEF
DEADBEEF
DEADBEEF
DEADBEEF
DEADBEEF
DEADBEEF
DEADBEEF
DEADBEEF
DEADBEEF
DEADBEEF
DEADBEEF
DEADBEEF
DEADBEEF
DEADBEEF
DEADBEEF
DEADBEEF
DEADBEEF
DEADBEEF
DEADBEEF
DEADBEEF
DEADBEEF
DEADBEEF
DEADBEEF
DEADBEEF
DEADBEEF
DEADBEEF
DEADBEEF
DEADBEEF
DEADBEEF
DEADBEEF
DEADBEEF
DEADBEEF
DEADBEEF
DEADBEEF
DEADBEEF
DEADBEEF
DEADBEEF
DEADBEEF
DEADBEEF
DEADBEEF
DEADBEEF
DEADBEEF
DEADBEEF
DEADBEEF
DEADBEEF
DEADBEEF
DEADBEEF
DEADBEEF
DEADBEEF
DEADBEEF
DEADBEEF
DEADBEEF
DEADBEEF
DEADBEEF
DEADBEEF
DEADBEEF
DEADBEEF
DEADBEEF
DEADBEEF
DEADBEEF
DEADBEEF
DEADBEEF
DEADBEEF
DEADBEEF
DEADBEEF
DEADBEEF
DEADBEEF
DEADBEEF
DEADBEEF
DEADBEEF
DEADBEEF
DEADBEEF
DEADBEEF
DEADBEEF
DEADBEEF
DEADBEEF
DEADBEEF
DEADBEEF
DEADBEEF
DEADBEEF
DEADBEEF
DEADBEEF
DEADBEEF
DEADBEEF
DEADBEEF
DEADBEEF
DEADBEEF
DEADBEEF
DEADBEEF
DEADBEEF
DEADBEEF
DEADBEEF
DEADBEEF
DEADBEEF
DEADBEEF
DEADBEEF
DEADBEEF
DEADBEEF
DEADBEEF
DEADBEEF
DEADBEEF
DEADBEEF
DEADBEEF
DEADBEEF
DEADBEEF
DEADBEEF
DEADBEEF
DEADBEEF
DEADBEEF
DEADBEEF
DEADBEEF
DEADBEEF
DEADBEEF
DEADBEEF
DEADBEEF
DEADBEEF
DEADBEEF
DEADBEEF
DEADBEEF
DEADBEEF
DEADBEEF
DEADBEEF
DEADBEEF
DEADBEEF
DEADBEEF
DEADBEEF
DEADBEEF
DEADBEEF
DEADBEEF
DEADBEEF
DEADBEEF
DEADBEEF
DEADBEEF
DEADBEEF
DEADBEEF
DEADBEEF
DEADBEEF
DEADBEEF
DEADBEEF
DEADBEEF
DEADBEEF
DEADBEEF
DEADBEEF
DEADBEEF
DEADBEEF
DEADBEEF
DEADBEEF
DEADBEEF
DEADBEEF
DEADBEEF
DEADBEEF
DEADBEEF
DEADBEEF
DEADBEEF
DEADBEEF
DEADBEEF
DEADBEEF
DEADBEEF
DEADBEEF
DEADBEEF
DEADBEEF
DEADBEEF
DEADBEEF
DEADBEEF
DEADBEEF
DEADBEEF
DEADBEEF
DEADBEEF
DEADBEEF
DEADBEEF
DEADBEEF
DEADBEEF
DEADBEEF
DEADBEEF
DEADBEEF
DEADBEEF
DEADBEEF
DEADBEEF
DEADBEEF
DEADBEEF
DEADBEEF
DEADBEEF
DEADBEEF
DEADBEEF
DEADBEEF
DEADBEEF
DEADBEEF
DEADBEEF
DEADBEEF
DEADBEEF
DEADBEEF
DEADBEEF
DEADBEEF
DEADBEEF
DEADBEEF
DEADBEEF
DEADBEEF
DEADBEEF
DEADBEEF
DEADBEEF
DEADBEEF
DEADBEEF
DEADBEEF
DEADBEEF
DEADBEEF
DEADBEEF
DEADBEEF
DEADBEEF
DEADBEEF
DEADBEEF
DEADBEEF
DEADBEEF
DEADBEEF
DEADBEEF
DEADBEEF
DEADBEEF
DEADBEEF
DEADBEEF
DEADBEEF
DEADBEEF
DEADBEEF
DEADBEEF
DEADBEEF
DEADBEEF
DEADBEEF
DEADBEEF
DEADBEEF
DEADBEEF
DEADBEEF
DEADBEEF
DEADBEEF
DEADBEEF
DEADBEEF
DEADBEEF
DEADBEEF
DEADBEEF
DEADBEEF
DEADBEEF
DEADBEEF
DEADBEEF
DEADBEEF
DEADBEEF
DEADBEEF
DEADBEEF
DEADBEEF
DEADBEEF
DEADBEEF
DEADBEEF
DEADBEEF
DEADBEEF
DEADBEEF
DEADBEEF
DEADBEEF
DEADBEEF
DEADBEEF
DEADBEEF
DEADBEEF
DEADBEEF
DEADBEEF
DEADBEEF
DEADBEEF
DEADBEEF
DEADBEEF
DEADBEEF
DEADBEEF
DEADBEEF
DEADBEEF
DEADBEEF
DEADBEEF
DEADBEEF
DEADBEEF
DEADBEEF
DEADBEEF
DEADBEEF
DEADBEEF
DEADBEEF
DEADBEEF
DEADBEEF
DEADBEEF
DEADBEEF
DEADBEEF
DEADBEEF
DEADBEEF
DEADBEEF
DEADBEEF
DEADBEEF
DEADBEEF
DEADBEEF
DEADBEEF
DEADBEEF
DEADBEEF
DEADBEEF
DEADBEEF
DEADBEEF
DEADBEEF
DEADBEEF
DEADBEEF
DEADBEEF
DEADBEEF
DEADBEEF
DEADBEEF
DEADBEEF
DEADBEEF
DEADBEEF
DEADBEEF
DEADBEEF
DEADBEEF
DEADBEEF
DEADBEEF
DEADBEEF
DEADBEEF
DEADBEEF
DEADBEEF
DEADBEEF
DEADBEEF
DEADBEEF
DEADBEEF
DEADBEEF
DEADBEEF
DEADBEEF
DEADBEEF
DEADBEEF
DEADBEEF
DEADBEEF
DEADBEEF
DEADBEEF
DEADBEEF
DEADBEEF
DEADBEEF
DEADBEEF
DEADBEEF
DEADBEEF
DEADBEEF
DEADBEEF
DEADBEEF
DEADBEEF
DEADBEEF
DEADBEEF
DEADBEEF
DEADBEEF
DEADBEEF
DEADBEEF
DEADBEEF
DEADBEEF
DEADBEEF
DEADBEEF
DEADBEEF
DEADBEEF
DEADBEEF
DEADBEEF
DEADBEEF
DEADBEEF
DEADBEEF
DEADBEEF
DEADBEEF
DEADBEEF
DEADBEEF
DEADBEEF
DEADBEEF
DEADBEEF
DEADBEEF
DEADBEEF
DEADBEEF
DEADBEEF
DEADBEEF
DEADBEEF
DEADBEEF
DEADBEEF
DEADBEEF
DEADBEEF
DEADBEEF
DEADBEEF
DEADBEEF
DEADBEEF
DEADBEEF
DEADBEEF
DEADBEEF
DEADBEEF
DEADBEEF
DEADBEEF
DEADBEEF
DEADBEEF
DEADBEEF
DEADBEEF
DEADBEEF
DEADBEEF
DEADBEEF
DEADBEEF
DEADBEEF
DEADBEEF
DEADBEEF
DEADBEEF
DEADBEEF
DEADBEEF
DEADBEEF
DEADBEEF
DEADBEEF
DEADBEEF
DEADBEEF
DEADBEEF
DEADBEEF
DEADBEEF
DEADBEEF
DEADBEEF
DEADBEEF
DEADBEEF
DEADBEEF
DEADBEEF
DEADBEEF
DEADBEEF
DEADBEEF
DEADBEEF
DEADBEEF
DEADBEEF
DEADBEEF
DEADBEEF
DEADBEEF
DEADBEEF
DEADBEEF
DEADBEEF
DEADBEEF
DEADBEEF
DEADBEEF
DEADBEEF
DEADBEEF
DEADBEEF
DEADBEEF
DEADBEEF
DEADBEEF
DEADBEEF
DEADBEEF
DEADBEEF
DEADBEEF
DEADBEEF
DEADBEEF
DEADBEEF
DEADBEEF
DEADBEEF
DEADBEEF
DEADBEEF
DEADBEEF
DEADBEEF
DEADBEEF
DEADBEEF
DEADBEEF
DEADBEEF
DEADBEEF
DEADBEEF
DEADBEEF
DEADBEEF
DEADBEEF
DEADBEEF
DEADBEEF
DEADBEEF
DEADBEEF
DEADBEEF
DEADBEEF
DEADBEEF
DEADBEEF
DEADBEEF
DEADBEEF
DEADBEEF
DEADBEEF
DEADBEEF
DEADBEEF
DEADBEEF
DEADBEEF
DEADBEEF
DEADBEEF
DEADBEEF
DEADBEEF
DEADBEEF
DEADBEEF
DEADBEEF
DEADBEEF
DEADBEEF
DEADBEEF
DEADBEEF
DEADBEEF
DEADBEEF
DEADBEEF
DEADBEEF
DEADBEEF
DEADBEEF
DEADBEEF
DEADBEEF
DEADBEEF
DEADBEEF
DEADBEEF
DEADBEEF
DEADBEEF
DEADBEEF
DEADBEEF
DEADBEEF
DEADBEEF
DEADBEEF
DEADBEEF
DEADBEEF
DEADBEEF
DEADBEEF
DEADBEEF
DEADBEEF
DEADBEEF
DEADBEEF
DEADBEEF
DEADBEEF
DEADBEEF
DEADBEEF
DEADBEEF
DEADBEEF
DEADBEEF
DEADBEEF
DEADBEEF
DEADBEEF
DEADBEEF
DEADBEEF
DEADBEEF
DEADBEEF
DEADBEEF
DEADBEEF
DEADBEEF
DEADBEEF
DEADBEEF
DEADBEEF
DEADBEEF
DEADBEEF
DEADBEEF
DEADBEEF
DEADBEEF
DEADBEEF
DEADBEEF
DEADBEEF
DEADBEEF
DEADBEEF
DEADBEEF
DEADBEEF
DEADBEEF
DEADBEEF
DEADBEEF
DEADBEEF
DEADBEEF
DEADBEEF
DEADBEEF
DEADBEEF
DEADBEEF
DEADBEEF
DEADBEEF
DEADBEEF
DEADBEEF
DEADBEEF
DEADBEEF
DEADBEEF
DEADBEEF
DEADBEEF
DEADBEEF
DEADBEEF
DEADBEEF
DEADBEEF
DEADBEEF
DEADBEEF
DEADBEEF
DEADBEEF
DEADBEEF
DEADBEEF
DEADBEEF
DEADBEEF
DEADBEEF
DEADBEEF
DEADBEEF
DEADBEEF
DEADBEEF
DEADBEEF
DEADBEEF
DEADBEEF
DEADBEEF
DEADBEEF
DEADBEEF
DEADBEEF
DEADBEEF
DEADBEEF
DEADBEEF
DEADBEEF
DEADBEEF
DEADBEEF
DEADBEEF
DEADBEEF
DEADBEEF
DEADBEEF
DEADBEEF
DEADBEEF
DEADBEEF
DEADBEEF
DEADBEEF
DEADBEEF
DEADBEEF
DEADBEEF
DEADBEEF
DEADBEEF
DEADBEEF
DEADBEEF
DEADBEEF
DEADBEEF
DEADBEEF
DEADBEEF
DEADBEEF
DEADBEEF
DEADBEEF
DEADBEEF
DEADBEEF
DEADBEEF
DEADBEEF
DEADBEEF
DEADBEEF
DEADBEEF
DEADBEEF
DEADBEEF
DEADBEEF
DEADBEEF
DEADBEEF
DEADBEEF
DEADBEEF
DEADBEEF
DEADBEEF
DEADBEEF
DEADBEEF
DEADBEEF
DEADBEEF
DEADBEEF
DEADBEEF
DEADBEEF
DEADBEEF
DEADBEEF
DEADBEEF
DEADBEEF
DEADBEEF
DEADBEEF
DEADBEEF
DEADBEEF
DEADBEEF
DEADBEEF
DEADBEEF
DEADBEEF
DEADBEEF
DEADBEEF
DEADBEEF
DEADBEEF
DEADBEEF
DEADBEEF
DEADBEEF
DEADBEEF
DEADBEEF
DEADBEEF
DEADBEEF
DEADBEEF
DEADBEEF
DEADBEEF
DEADBEEF
DEADBEEF
DEADBEEF
DEADBEEF
DEADBEEF
DEADBEEF
DEADBEEF
DEADBEEF
DEADBEEF
DEADBEEF
DEADBEEF
DEADBEEF
DEADBEEF
DEADBEEF
DEADBEEF
DEADBEEF
DEADBEEF
DEADBEEF
DEADBEEF
DEADBEEF
DEADBEEF
DEADBEEF
DEADBEEF
DEADBEEF
DEADBEEF
DEADBEEF
DEADBEEF
DEADBEEF
DEADBEEF
DEADBEEF
DEADBEEF
DEADBEEF
DEADBEEF
DEADBEEF
DEADBEEF
DEADBEEF
DEADBEEF
DEADBEEF
DEADBEEF
DEADBEEF
DEADBEEF
DEADBEEF
DEADBEEF
DEADBEEF
DEADBEEF
DEADBEEF
DEADBEEF
DEADBEEF
DEADBEEF
DEADBEEF
DEADBEEF
DEADBEEF
DEADBEEF
DEADBEEF
DEADBEEF
DEADBEEF
DEADBEEF
DEADBEEF
DEADBEEF
DEADBEEF
DEADBEEF
DEADBEEF
DEADBEEF
DEADBEEF
DEADBEEF
DEADBEEF
DEADBEEF
DEADBEEF
DEADBEEF
DEADBEEF
DEADBEEF
DEADBEEF
DEADBEEF
DEADBEEF
DEADBEEF
DEADBEEF
DEADBEEF
DEADBEEF
DEADBEEF
DEADBEEF
DEADBEEF
DEADBEEF
DEADBEEF
DEADBEEF
DEADBEEF
DEADBEEF
DEADBEEF
DEADBEEF
DEADBEEF
DEADBEEF
DEADBEEF
DEADBEEF
DEADBEEF
DEADBEEF
DEADBEEF
DEADBEEF
DEADBEEF
DEADBEEF
DEADBEEF
DEADBEEF
DEADBEEF
DEADBEEF
DEADBEEF
DEADBEEF
DEADBEEF
DEADBEEF
DEADBEEF
DEADBEEF
DEADBEEF
DEADBEEF
DEADBEEF
DEADBEEF
DEADBEEF
DEADBEEF
DEADBEEF
DEADBEEF
DEADBEEF
DEADBEEF
DEADBEEF
DEADBEEF
DEADBEEF
DEADBEEF
DEADBEEF
DEADBEEF
DEADBEEF
DEADBEEF
DEADBEEF
DEADBEEF
DEADBEEF
DEADBEEF
DEADBEEF
DEADBEEF
DEADBEEF
DEADBEEF
DEADBEEF
DEADBEEF
DEADBEEF
DEADBEEF
DEADBEEF
DEADBEEF
DEADBEEF
DEADBEEF
DEADBEEF
DEADBEEF
DEADBEEF
DEADBEEF
DEADBEEF
DEADBEEF
DEADBEEF
DEADBEEF
DEADBEEF
DEADBEEF
DEADBEEF
DEADBEEF
DEADBEEF
DEADBEEF
DEADBEEF
DEADBEEF
DEADBEEF
DEADBEEF
DEADBEEF
DEADBEEF
DEADBEEF
DEADBEEF
DEADBEEF
DEADBEEF
DEADBEEF
DEADBEEF
DEADBEEF
DEADBEEF
DEADBEEF
DEADBEEF
DEADBEEF
DEADBEEF
DEADBEEF
DEADBEEF
DEADBEEF
DEADBEEF
DEADBEEF
DEADBEEF
DEADBEEF
DEADBEEF
DEADBEEF
DEADBEEF
DEADBEEF
DEADBEEF
DEADBEEF
DEADBEEF
DEADBEEF
DEADBEEF
DEADBEEF
DEADBEEF
DEADBEEF
DEADBEEF
DEADBEEF
DEADBEEF
DEADBEEF
DEADBEEF
DEADBEEF
DEADBEEF
DEADBEEF
DEADBEEF
DEADBEEF
DEADBEEF
DEADBEEF
DEADBEEF
DEADBEEF
DEADBEEF
DEADBEEF
DEADBEEF
DEADBEEF
DEADBEEF
DEADBEEF
DEADBEEF
DEADBEEF
DEADBEEF
DEADBEEF
DEADBEEF
DEADBEEF
DEADBEEF
DEADBEEF
DEADBEEF
DEADBEEF
DEADBEEF
DEADBEEF
DEADBEEF
DEADBEEF
DEADBEEF
DEADBEEF
DEADBEEF
DEADBEEF
DEADBEEF
DEADBEEF
DEADBEEF
DEADBEEF
DEADBEEF
DEADBEEF
DEADBEEF
DEADBEEF
DEADBEEF
DEADBEEF
DEADBEEF
DEADBEEF
DEADBEEF
DEADBEEF
DEADBEEF
DEADBEEF
DEADBEEF
DEADBEEF
DEADBEEF
DEADBEEF
DEADBEEF
DEADBEEF
DEADBEEF
DEADBEEF
DEADBEEF
DEADBEEF
DEADBEEF
DEADBEEF
DEADBEEF
DEADBEEF
DEADBEEF
DEADBEEF
DEADBEEF
DEADBEEF
DEADBEEF
DEADBEEF
DEADBEEF
DEADBEEF
DEADBEEF
DEADBEEF
DEADBEEF
DEADBEEF
DEADBEEF
DEADBEEF
DEADBEEF
DEADBEEF
DEADBEEF
DEADBEEF
DEADBEEF
DEADBEEF
DEADBEEF
DEADBEEF
DEADBEEF
DEADBEEF
DEADBEEF
DEADBEEF
DEADBEEF
DEADBEEF
DEADBEEF
DEADBEEF
DEADBEEF
DEADBEEF
DEADBEEF
DEADBEEF
DEADBEEF
DEADBEEF
DEADBEEF
DEADBEEF
DEADBEEF
DEADBEEF
DEADBEEF
DEADBEEF
DEADBEEF
DEADBEEF
DEADBEEF
DEADBEEF
DEADBEEF
DEADBEEF
DEADBEEF
DEADBEEF
DEADBEEF
DEADBEEF
DEADBEEF
DEADBEEF
DEADBEEF
DEADBEEF
DEADBEEF
DEADBEEF
DEADBEEF
DEADBEEF
DEADBEEF
DEADBEEF
DEADBEEF
DEADBEEF
DEADBEEF
DEADBEEF
DEADBEEF
DEADBEEF
DEADBEEF
DEADBEEF
DEADBEEF
DEADBEEF
DEADBEEF
DEADBEEF
DEADBEEF
DEADBEEF
DEADBEEF
DEADBEEF
DEADBEEF
DEADBEEF
DEADBEEF
DEADBEEF
DEADBEEF
DEADBEEF
DEADBEEF
DEADBEEF
DEADBEEF
DEADBEEF
DEADBEEF
DEADBEEF
DEADBEEF
DEADBEEF
DEADBEEF
DEADBEEF
DEADBEEF
DEADBEEF
DEADBEEF
DEADBEEF
DEADBEEF
DEADBEEF
DEADBEEF
DEADBEEF
DEADBEEF
DEADBEEF
DEADBEEF
DEADBEEF
DEADBEEF
DEADBEEF
DEADBEEF
DEADBEEF
DEADBEEF
DEADBEEF
DEADBEEF
DEADBEEF
DEADBEEF
DEADBEEF
DEADBEEF
DEADBEEF
DEADBEEF
DEADBEEF
DEADBEEF
DEADBEEF
DEADBEEF
DEADBEEF
DEADBEEF
DEADBEEF
DEADBEEF
DEADBEEF
DEADBEEF
DEADBEEF
DEADBEEF
DEADBEEF
DEADBEEF
DEADBEEF
DEADBEEF
DEADBEEF
DEADBEEF
DEADBEEF
DEADBEEF
DEADBEEF
DEADBEEF
DEADBEEF
DEADBEEF
DEADBEEF
DEADBEEF
DEADBEEF
DEADBEEF
DEADBEEF
DEADBEEF
DEADBEEF
DEADBEEF
DEADBEEF
DEADBEEF
DEADBEEF
DEADBEEF
DEADBEEF
DEADBEEF
DEADBEEF
DEADBEEF
DEADBEEF
DEADBEEF
DEADBEEF
DEADBEEF
DEADBEEF
DEADBEEF
DEADBEEF
DEADBEEF
DEADBEEF
DEADBEEF
DEADBEEF
DEADBEEF
DEADBEEF
DEADBEEF
DEADBEEF
DEADBEEF
DEADBEEF
DEADBEEF
DEADBEEF
DEADBEEF
DEADBEEF
DEADBEEF
DEADBEEF
DEADBEEF
DEADBEEF
DEADBEEF
DEADBEEF
DEADBEEF
DEADBEEF
DEADBEEF
DEADBEEF
DEADBEEF
DEADBEEF
DEADBEEF
DEADBEEF
DEADBEEF
DEADBEEF
DEADBEEF
DEADBEEF
DEADBEEF
DEADBEEF
DEADBEEF
DEADBEEF
DEADBEEF
DEADBEEF
DEADBEEF
DEADBEEF
DEADBEEF
DEADBEEF
DEADBEEF
DEADBEEF
DEADBEEF
DEADBEEF
DEADBEEF
DEADBEEF
DEADBEEF
DEADBEEF
DEADBEEF
DEADBEEF
DEADBEEF
DEADBEEF
DEADBEEF
DEADBEEF
DEADBEEF
DEADBEEF
DEADBEEF
DEADBEEF
DEADBEEF
DEADBEEF
DEADBEEF
DEADBEEF
DEADBEEF
DEADBEEF
DEADBEEF
DEADBEEF
DEADBEEF
DEADBEEF
DEADBEEF
DEADBEEF
DEADBEEF
DEADBEEF
DEADBEEF
DEADBEEF
DEADBEEF
DEADBEEF
DEADBEEF
DEADBEEF
DEADBEEF
DEADBEEF
DEADBEEF
DEADBEEF
DEADBEEF
DEADBEEF
DEADBEEF
DEADBEEF
DEADBEEF
DEADBEEF
DEADBEEF
DEADBEEF
DEADBEEF
DEADBEEF
DEADBEEF
DEADBEEF
DEADBEEF
DEADBEEF
DEADBEEF
DEADBEEF
DEADBEEF
DEADBEEF
DEADBEEF
DEADBEEF
DEADBEEF
DEADBEEF
DEADBEEF
DEADBEEF
DEADBEEF
DEADBEEF
DEADBEEF
DEADBEEF
DEADBEEF
DEADBEEF
DEADBEEF
DEADBEEF
DEADBEEF
DEADBEEF
DEADBEEF
DEADBEEF
DEADBEEF
DEADBEEF
DEADBEEF
DEADBEEF
DEADBEEF
DEADBEEF
DEADBEEF
DEADBEEF
DEADBEEF
DEADBEEF
DEADBEEF
DEADBEEF
DEADBEEF
DEADBEEF
DEADBEEF
DEADBEEF
DEADBEEF
DEADBEEF
DEADBEEF
DEADBEEF
DEADBEEF
DEADBEEF
DEADBEEF
DEADBEEF
DEADBEEF
DEADBEEF
DEADBEEF
DEADBEEF
DEADBEEF
DEADBEEF
DEADBEEF
DEADBEEF
DEADBEEF
DEADBEEF
DEADBEEF
DEADBEEF
DEADBEEF
DEADBEEF
DEADBEEF
DEADBEEF
DEADBEEF
DEADBEEF
DEADBEEF
DEADBEEF
DEADBEEF
DEADBEEF
DEADBEEF
DEADBEEF
DEADBEEF
DEADBEEF
DEADBEEF
DEADBEEF
DEADBEEF
DEADBEEF
DEADBEEF
DEADBEEF
DEADBEEF
DEADBEEF
DEADBEEF
DEADBEEF
DEADBEEF
DEADBEEF
DEADBEEF
DEADBEEF
DEADBEEF
DEADBEEF
DEADBEEF
DEADBEEF
DEADBEEF
DEADBEEF
DEADBEEF
DEADBEEF
DEADBEEF
DEADBEEF
DEADBEEF
DEADBEEF
DEADBEEF
DEADBEEF
DEADBEEF
DEADBEEF
DEADBEEF
DEADBEEF
DEADBEEF
DEADBEEF
DEADBEEF
DEADBEEF
DEADBEEF
DEADBEEF
DEADBEEF
DEADBEEF
DEADBEEF
DEADBEEF
DEADBEEF
DEADBEEF
DEADBEEF
DEADBEEF
DEADBEEF
DEADBEEF
DEADBEEF
DEADBEEF
DEADBEEF
DEADBEEF
DEADBEEF
DEADBEEF
DEADBEEF
DEADBEEF
DEADBEEF
DEADBEEF
DEADBEEF
DEADBEEF
DEADBEEF
DEADBEEF
DEADBEEF
DEADBEEF
DEADBEEF
DEADBEEF
DEADBEEF
DEADBEEF
DEADBEEF
DEADBEEF
DEADBEEF
DEADBEEF
DEADBEEF
DEADBEEF
DEADBEEF
DEADBEEF
DEADBEEF
DEADBEEF
DEADBEEF
DEADBEEF
DEADBEEF
DEADBEEF
DEADBEEF
DEADBEEF
DEADBEEF
DEADBEEF
DEADBEEF
DEADBEEF
DEADBEEF
DEADBEEF
DEADBEEF
DEADBEEF
DEADBEEF
DEADBEEF
DEADBEEF
DEADBEEF
DEADBEEF
DEADBEEF
DEADBEEF
DEADBEEF
DEADBEEF
DEADBEEF
DEADBEEF
DEADBEEF
DEADBEEF
DEADBEEF
DEADBEEF
DEADBEEF
DEADBEEF
DEADBEEF
DEADBEEF
DEADBEEF
DEADBEEF
DEADBEEF
DEADBEEF
DEADBEEF
DEADBEEF
DEADBEEF
DEADBEEF
DEADBEEF
DEADBEEF
DEADBEEF
DEADBEEF
DEADBEEF
DEADBEEF
DEADBEEF
DEADBEEF
DEADBEEF
DEADBEEF
DEADBEEF
DEADBEEF
DEADBEEF
DEADBEEF
DEADBEEF
DEADBEEF
DEADBEEF
DEADBEEF
DEADBEEF
DEADBEEF
DEADBEEF
DEADBEEF
DEADBEEF
DEADBEEF
DEADBEEF
DEADBEEF
DEADBEEF
DEADBEEF
DEADBEEF
DEADBEEF
DEADBEEF
DEADBEEF
DEADBEEF
DEADBEEF
DEADBEEF
DEADBEEF
DEADBEEF
DEADBEEF
DEADBEEF
DEADBEEF
DEADBEEF
DEADBEEF
DEADBEEF
DEADBEEF
DEADBEEF
DEADBEEF
DEADBEEF
DEADBEEF
DEADBEEF
DEADBEEF
DEADBEEF
DEADBEEF
DEADBEEF
DEADBEEF
DEADBEEF
DEADBEEF
DEADBEEF
DEADBEEF
DEADBEEF
DEADBEEF
DEADBEEF
DEADBEEF
DEADBEEF
DEADBEEF
DEADBEEF
DEADBEEF
DEADBEEF
DEADBEEF
DEADBEEF
DEADBEEF
DEADBEEF
DEADBEEF
DEADBEEF
DEADBEEF
DEADBEEF
DEADBEEF
DEADBEEF
DEADBEEF
DEADBEEF
DEADBEEF
DEADBEEF
DEADBEEF
DEADBEEF
DEADBEEF
DEADBEEF
DEADBEEF
DEADBEEF
DEADBEEF
DEADBEEF
DEADBEEF
DEADBEEF
DEADBEEF
DEADBEEF
DEADBEEF
DEADBEEF
DEADBEEF
DEADBEEF
DEADBEEF
DEADBEEF
DEADBEEF
DEADBEEF
DEADBEEF
DEADBEEF
DEADBEEF
DEADBEEF
DEADBEEF
DEADBEEF
DEADBEEF
DEADBEEF
DEADBEEF
DEADBEEF
DEADBEEF
DEADBEEF
DEADBEEF
DEADBEEF
DEADBEEF
DEADBEEF
DEADBEEF
DEADBEEF
DEADBEEF
DEADBEEF
DEADBEEF
DEADBEEF
DEADBEEF
DEADBEEF
DEADBEEF
DEADBEEF
DEADBEEF
DEADBEEF
DEADBEEF
DEADBEEF
DEADBEEF
DEADBEEF
DEADBEEF
DEADBEEF
DEADBEEF
DEADBEEF
DEADBEEF
DEADBEEF
DEADBEEF
DEADBEEF
DEADBEEF
DEADBEEF
DEADBEEF
DEADBEEF
DEADBEEF
DEADBEEF
DEADBEEF
DEADBEEF
DEADBEEF
DEADBEEF
DEADBEEF
DEADBEEF
DEADBEEF
DEADBEEF
DEADBEEF
DEADBEEF
DEADBEEF
DEADBEEF
DEADBEEF
DEADBEEF
DEADBEEF
DEADBEEF
DEADBEEF
DEADBEEF
DEADBEEF
DEADBEEF
DEADBEEF
DEADBEEF
DEADBEEF
DEADBEEF
DEADBEEF
DEADBEEF
DEADBEEF
DEADBEEF
DEADBEEF
DEADBEEF
DEADBEEF
DEADBEEF
DEADBEEF
DEADBEEF
DEADBEEF
DEADBEEF
DEADBEEF
DEADBEEF
DEADBEEF
DEADBEEF
DEADBEEF
DEADBEEF
DEADBEEF
DEADBEEF
DEADBEEF
DEADBEEF
DEADBEEF
DEADBEEF
DEADBEEF
DEADBEEF
DEADBEEF
DEADBEEF
DEADBEEF
DEADBEEF
DEADBEEF
DEADBEEF
DEADBEEF
DEADBEEF
DEADBEEF
DEADBEEF
DEADBEEF
DEADBEEF
DEADBEEF
DEADBEEF
DEADBEEF
DEADBEEF
DEADBEEF
DEADBEEF
DEADBEEF
DEADBEEF
DEADBEEF
DEADBEEF
DEADBEEF
DEADBEEF
DEADBEEF
DEADBEEF
DEADBEEF
DEADBEEF
DEADBEEF
DEADBEEF
DEADBEEF
DEADBEEF
DEADBEEF
DEADBEEF
DEADBEEF
DEADBEEF
DEADBEEF
DEADBEEF
DEADBEEF
DEADBEEF
DEADBEEF
DEADBEEF
DEADBEEF
DEADBEEF
DEADBEEF
DEADBEEF
DEADBEEF
DEADBEEF
DEADBEEF
DEADBEEF
DEADBEEF
DEADBEEF
DEADBEEF
DEADBEEF
DEADBEEF
DEADBEEF
DEADBEEF
DEADBEEF
DEADBEEF
DEADBEEF
DEADBEEF
DEADBEEF
DEADBEEF
DEADBEEF
DEADBEEF
DEADBEEF
DEADBEEF
DEADBEEF
DEADBEEF
DEADBEEF
DEADBEEF
DEADBEEF
DEADBEEF
DEADBEEF
DEADBEEF
DEADBEEF
DEADBEEF
DEADBEEF
DEADBEEF
DEADBEEF
DEADBEEF
DEADBEEF
DEADBEEF
DEADBEEF
DEADBEEF
DEADBEEF
DEADBEEF
DEADBEEF
DEADBEEF
DEADBEEF
DEADBEEF
DEADBEEF
DEADBEEF
DEADBEEF
DEADBEEF
DEADBEEF
DEADBEEF
DEADBEEF
DEADBEEF
DEADBEEF
DEADBEEF
DEADBEEF
DEADBEEF
DEADBEEF
DEADBEEF
DEADBEEF
DEADBEEF
DEADBEEF
DEADBEEF
DEADBEEF
DEADBEEF
DEADBEEF
DEADBEEF
DEADBEEF
DEADBEEF
DEADBEEF
DEADBEEF
DEADBEEF
DEADBEEF
DEADBEEF
DEADBEEF
DEADBEEF
DEADBEEF
DEADBEEF
DEADBEEF
DEADBEEF
DEADBEEF
DEADBEEF
DEADBEEF
DEADBEEF
DEADBEEF
DEADBEEF
DEADBEEF
DEADBEEF
DEADBEEF
DEADBEEF
DEADBEEF
DEADBEEF
DEADBEEF
DEADBEEF
DEADBEEF
DEADBEEF
DEADBEEF
DEADBEEF
DEADBEEF
DEADBEEF
DEADBEEF
DEADBEEF
DEADBEEF
DEADBEEF
DEADBEEF
DEADBEEF
DEADBEEF
DEADBEEF
DEADBEEF
DEADBEEF
DEADBEEF
DEADBEEF
DEADBEEF
DEADBEEF
DEADBEEF
DEADBEEF
DEADBEEF
DEADBEEF
DEADBEEF
DEADBEEF
DEADBEEF
DEADBEEF
DEADBEEF
DEADBEEF
DEADBEEF
DEADBEEF
DEADBEEF
DEADBEEF
DEADBEEF
DEADBEEF
DEADBEEF
DEADBEEF
DEADBEEF
DEADBEEF
DEADBEEF
DEADBEEF
DEADBEEF
DEADBEEF
DEADBEEF
DEADBEEF
DEADBEEF
DEADBEEF
DEADBEEF
DEADBEEF
DEADBEEF
DEADBEEF
DEADBEEF
DEADBEEF
DEADBEEF
DEADBEEF
DEADBEEF
DEADBEEF
DEADBEEF
DEADBEEF
DEADBEEF
DEADBEEF
DEADBEEF
DEADBEEF
DEADBEEF
DEADBEEF
DEADBEEF
DEADBEEF
DEADBEEF
DEADBEEF
DEADBEEF
DEADBEEF
DEADBEEF
DEADBEEF
DEADBEEF
DEADBEEF
DEADBEEF
DEADBEEF
DEADBEEF
DEADBEEF
DEADBEEF
DEADBEEF
DEADBEEF
DEADBEEF
DEADBEEF
DEADBEEF
DEADBEEF
DEADBEEF
DEADBEEF
DEADBEEF
DEADBEEF
DEADBEEF
DEADBEEF
DEADBEEF
DEADBEEF
DEADBEEF
DEADBEEF
DEADBEEF
DEADBEEF
DEADBEEF
DEADBEEF
DEADBEEF
DEADBEEF
DEADBEEF
DEADBEEF
DEADBEEF
DEADBEEF
DEADBEEF
DEADBEEF
DEADBEEF
DEADBEEF
DEADBEEF
DEADBEEF
DEADBEEF
DEADBEEF
DEADBEEF
DEADBEEF
DEADBEEF
DEADBEEF
DEADBEEF
DEADBEEF
DEADBEEF
DEADBEEF
DEADBEEF
DEADBEEF
DEADBEEF
DEADBEEF
DEADBEEF
DEADBEEF
DEADBEEF
DEADBEEF
DEADBEEF
DEADBEEF
DEADBEEF
DEADBEEF
DEADBEEF
DEADBEEF
DEADBEEF
DEADBEEF
DEADBEEF
DEADBEEF
DEADBEEF
DEADBEEF
DEADBEEF
DEADBEEF
DEADBEEF
DEADBEEF
DEADBEEF
DEADBEEF
DEADBEEF
DEADBEEF
DEADBEEF
DEADBEEF
DEADBEEF
DEADBEEF
DEADBEEF
DEADBEEF
DEADBEEF
DEADBEEF
DEADBEEF
DEADBEEF
DEADBEEF
DEADBEEF
DEADBEEF
DEADBEEF
DEADBEEF
DEADBEEF
DEADBEEF
DEADBEEF
DEADBEEF
DEADBEEF
DEADBEEF
DEADBEEF
DEADBEEF
DEADBEEF
DEADBEEF
DEADBEEF
DEADBEEF
DEADBEEF
DEADBEEF
DEADBEEF
DEADBEEF
DEADBEEF
DEADBEEF
DEADBEEF
DEADBEEF
DEADBEEF
DEADBEEF
DEADBEEF
DEADBEEF
DEADBEEF
DEADBEEF
DEADBEEF
DEADBEEF
DEADBEEF
DEADBEEF
DEADBEEF
DEADBEEF
DEADBEEF
DEADBEEF
DEADBEEF
DEADBEEF
DEADBEEF
DEADBEEF
DEADBEEF
DEADBEEF
DEADBEEF
DEADBEEF
DEADBEEF
DEADBEEF
DEADBEEF
DEADBEEF
DEADBEEF
DEADBEEF
DEADBEEF
DEADBEEF
DEADBEEF
DEADBEEF
DEADBEEF
DEADBEEF
DEADBEEF
DEADBEEF
DEADBEEF
DEADBEEF
DEADBEEF
DEADBEEF
DEADBEEF
DEADBEEF
DEADBEEF
DEADBEEF
DEADBEEF
DEADBEEF
DEADBEEF
DEADBEEF
DEADBEEF
DEADBEEF
DEADBEEF
DEADBEEF
DEADBEEF
DEADBEEF
DEADBEEF
DEADBEEF
DEADBEEF
DEADBEEF
DEADBEEF
DEADBEEF
DEADBEEF
DEADBEEF
DEADBEEF
DEADBEEF
DEADBEEF
DEADBEEF
DEADBEEF
DEADBEEF
DEADBEEF
DEADBEEF
DEADBEEF
DEADBEEF
DEADBEEF
DEADBEEF
DEADBEEF
DEADBEEF
DEADBEEF
DEADBEEF
DEADBEEF
DEADBEEF
DEADBEEF
DEADBEEF
DEADBEEF
DEADBEEF
DEADBEEF
DEADBEEF
DEADBEEF
DEADBEEF
DEADBEEF
DEADBEEF
DEADBEEF
DEADBEEF
DEADBEEF
DEADBEEF
DEADBEEF
DEADBEEF
DEADBEEF
DEADBEEF
DEADBEEF
DEADBEEF
DEADBEEF
DEADBEEF
DEADBEEF
DEADBEEF
DEADBEEF
DEADBEEF
DEADBEEF
DEADBEEF
DEADBEEF
DEADBEEF
DEADBEEF
DEADBEEF
DEADBEEF
DEADBEEF
DEADBEEF
DEADBEEF
DEADBEEF
DEADBEEF
DEADBEEF
DEADBEEF
DEADBEEF
DEADBEEF
DEADBEEF
DEADBEEF
DEADBEEF
DEADBEEF
DEADBEEF
DEADBEEF
DEADBEEF
DEADBEEF
DEADBEEF
DEADBEEF
DEADBEEF
DEADBEEF
DEADBEEF
DEADBEEF
DEADBEEF
DEADBEEF
DEADBEEF
DEADBEEF
DEADBEEF
DEADBEEF
DEADBEEF
DEADBEEF
DEADBEEF
DEADBEEF
DEADBEEF
DEADBEEF
DEADBEEF
DEADBEEF
DEADBEEF
DEADBEEF
DEADBEEF
DEADBEEF
DEADBEEF
DEADBEEF
DEADBEEF
DEADBEEF
DEADBEEF
DEADBEEF
DEADBEEF
DEADBEEF
DEADBEEF
DEADBEEF
DEADBEEF
DEADBEEF
DEADBEEF
DEADBEEF
DEADBEEF
DEADBEEF
DEADBEEF
DEADBEEF
DEADBEEF
DEADBEEF
DEADBEEF
DEADBEEF
DEADBEEF
DEADBEEF
DEADBEEF
DEADBEEF
DEADBEEF
DEADBEEF
DEADBEEF
DEADBEEF
DEADBEEF
DEADBEEF
DEADBEEF
DEADBEEF
DEADBEEF
DEADBEEF
DEADBEEF
DEADBEEF
DEADBEEF
DEADBEEF
DEADBEEF
DEADBEEF
DEADBEEF
DEADBEEF
DEADBEEF
DEADBEEF
DEADBEEF
DEADBEEF
DEADBEEF
DEADBEEF
DEADBEEF
DEADBEEF
DEADBEEF
DEADBEEF
DEADBEEF
DEADBEEF
DEADBEEF
DEADBEEF
DEADBEEF
DEADBEEF
DEADBEEF
DEADBEEF
DEADBEEF
DEADBEEF
DEADBEEF
DEADBEEF
DEADBEEF
DEADBEEF
DEADBEEF
DEADBEEF
DEADBEEF
DEADBEEF
DEADBEEF
DEADBEEF
DEADBEEF
DEADBEEF
DEADBEEF
DEADBEEF
DEADBEEF
DEADBEEF
DEADBEEF
DEADBEEF
DEADBEEF
DEADBEEF
DEADBEEF
DEADBEEF
DEADBEEF
DEADBEEF
DEADBEEF
DEADBEEF
DEADBEEF
DEADBEEF
DEADBEEF
DEADBEEF
DEADBEEF
DEADBEEF
DEADBEEF
DEADBEEF
DEADBEEF
DEADBEEF
DEADBEEF
DEADBEEF
DEADBEEF
DEADBEEF
DEADBEEF
DEADBEEF
DEADBEEF
DEADBEEF
DEADBEEF
DEADBEEF
DEADBEEF
DEADBEEF
DEADBEEF
DEADBEEF
DEADBEEF
DEADBEEF
DEADBEEF
DEADBEEF
DEADBEEF
DEADBEEF
DEADBEEF
DEADBEEF
DEADBEEF
DEADBEEF
DEADBEEF
DEADBEEF
DEADBEEF
DEADBEEF
DEADBEEF
DEADBEEF
DEADBEEF
DEADBEEF
DEADBEEF
DEADBEEF
DEADBEEF
DEADBEEF
DEADBEEF
DEADBEEF
DEADBEEF
DEADBEEF
DEADBEEF
DEADBEEF
DEADBEEF
DEADBEEF
DEADBEEF
DEADBEEF
DEADBEEF
DEADBEEF
DEADBEEF
DEADBEEF
DEADBEEF
DEADBEEF
DEADBEEF
DEADBEEF
DEADBEEF
DEADBEEF
DEADBEEF
DEADBEEF
DEADBEEF
DEADBEEF
DEADBEEF
DEADBEEF
DEADBEEF
DEADBEEF
DEADBEEF
DEADBEEF
DEADBEEF
DEADBEEF
DEADBEEF
DEADBEEF
DEADBEEF
DEADBEEF
DEADBEEF
DEADBEEF
DEADBEEF
DEADBEEF
DEADBEEF
DEADBEEF
DEADBEEF
DEADBEEF
DEADBEEF
DEADBEEF
DEADBEEF
DEADBEEF
DEADBEEF
DEADBEEF
DEADBEEF
DEADBEEF
DEADBEEF
DEADBEEF
DEADBEEF
DEADBEEF
DEADBEEF
DEADBEEF
DEADBEEF
DEADBEEF
DEADBEEF
DEADBEEF
DEADBEEF
DEADBEEF
DEADBEEF
DEADBEEF
DEADBEEF
DEADBEEF
DEADBEEF
DEADBEEF
DEADBEEF
DEADBEEF
DEADBEEF
DEADBEEF
DEADBEEF
DEADBEEF
DEADBEEF
DEADBEEF
DEADBEEF
DEADBEEF
DEADBEEF
DEADBEEF
DEADBEEF
DEADBEEF
DEADBEEF
DEADBEEF
DEADBEEF
DEADBEEF
DEADBEEF
DEADBEEF
DEADBEEF
DEADBEEF
DEADBEEF
DEADBEEF
DEADBEEF
DEADBEEF
DEADBEEF
DEADBEEF
DEADBEEF
DEADBEEF
DEADBEEF
DEADBEEF
DEADBEEF
DEADBEEF
DEADBEEF
DEADBEEF
DEADBEEF
DEADBEEF
DEADBEEF
DEADBEEF
DEADBEEF
DEADBEEF
DEADBEEF
DEADBEEF
DEADBEEF
DEADBEEF
DEADBEEF
DEADBEEF
DEADBEEF
DEADBEEF
DEADBEEF
DEADBEEF
DEADBEEF
DEADBEEF
DEADBEEF
DEADBEEF
DEADBEEF
DEADBEEF
DEADBEEF
DEADBEEF
DEADBEEF
DEADBEEF
DEADBEEF
DEADBEEF
DEADBEEF
DEADBEEF
DEADBEEF
DEADBEEF
DEADBEEF
DEADBEEF
DEADBEEF
DEADBEEF
DEADBEEF
DEADBEEF
DEADBEEF
DEADBEEF
DEADBEEF
DEADBEEF
DEADBEEF
DEADBEEF
DEADBEEF
DEADBEEF
DEADBEEF
DEADBEEF
DEADBEEF
DEADBEEF
DEADBEEF
DEADBEEF
DEADBEEF
DEADBEEF
DEADBEEF
DEADBEEF
DEADBEEF
DEADBEEF
DEADBEEF
DEADBEEF
DEADBEEF
DEADBEEF
DEADBEEF
DEADBEEF
DEADBEEF
DEADBEEF
DEADBEEF
DEADBEEF
DEADBEEF
DEADBEEF
DEADBEEF
DEADBEEF
DEADBEEF
DEADBEEF
DEADBEEF
DEADBEEF
DEADBEEF
DEADBEEF
DEADBEEF
DEADBEEF
DEADBEEF
DEADBEEF
DEADBEEF
DEADBEEF
DEADBEEF
DEADBEEF
DEADBEEF
DEADBEEF
DEADBEEF
DEADBEEF
DEADBEEF
DEADBEEF
DEADBEEF
DEADBEEF
DEADBEEF
DEADBEEF
DEADBEEF
DEADBEEF
DEADBEEF
DEADBEEF
DEADBEEF
DEADBEEF
DEADBEEF
DEADBEEF
DEADBEEF
DEADBEEF
DEADBEEF
DEADBEEF
DEADBEEF
DEADBEEF
DEADBEEF
DEADBEEF
DEADBEEF
DEADBEEF
DEADBEEF
DEADBEEF
DEADBEEF
DEADBEEF
DEADBEEF
DEADBEEF
DEADBEEF
DEADBEEF
DEADBEEF
DEADBEEF
DEADBEEF
DEADBEEF
DEADBEEF
DEADBEEF
DEADBEEF
DEADBEEF
DEADBEEF
DEADBEEF
DEADBEEF
DEADBEEF
DEADBEEF
DEADBEEF
DEADBEEF
DEADBEEF
DEADBEEF
DEADBEEF
DEADBEEF
DEADBEEF
DEADBEEF
DEADBEEF
DEADBEEF
DEADBEEF
DEADBEEF
DEADBEEF
DEADBEEF
DEADBEEF
DEADBEEF
DEADBEEF
DEADBEEF
DEADBEEF
DEADBEEF
DEADBEEF
DEADBEEF
DEADBEEF
DEADBEEF
DEADBEEF
DEADBEEF
DEADBEEF
DEADBEEF
DEADBEEF
DEADBEEF
DEADBEEF
DEADBEEF
DEADBEEF
DEADBEEF
DEADBEEF
DEADBEEF
DEADBEEF
DEADBEEF
DEADBEEF
DEADBEEF
DEADBEEF
DEADBEEF
DEADBEEF
DEADBEEF
DEADBEEF
DEADBEEF
DEADBEEF
DEADBEEF
DEADBEEF
DEADBEEF
DEADBEEF
DEADBEEF
DEADBEEF
DEADBEEF
DEADBEEF
DEADBEEF
DEADBEEF
DEADBEEF
DEADBEEF
DEADBEEF
DEADBEEF
DEADBEEF
DEADBEEF
DEADBEEF
DEADBEEF
DEADBEEF
DEADBEEF
DEADBEEF
DEADBEEF
DEADBEEF
DEADBEEF
DEADBEEF
DEADBEEF
DEADBEEF
DEADBEEF
DEADBEEF
DEADBEEF
DEADBEEF
DEADBEEF
DEADBEEF
DEADBEEF
DEADBEEF
DEADBEEF
DEADBEEF
DEADBEEF
DEADBEEF
DEADBEEF
DEADBEEF
DEADBEEF
DEADBEEF
DEADBEEF
DEADBEEF
DEADBEEF
DEADBEEF
DEADBEEF
DEADBEEF
DEADBEEF
DEADBEEF
DEADBEEF
DEADBEEF
DEADBEEF
DEADBEEF
DEADBEEF
DEADBEEF
DEADBEEF
DEADBEEF
DEADBEEF
DEADBEEF
DEADBEEF
DEADBEEF
DEADBEEF
DEADBEEF
DEADBEEF
DEADBEEF
DEADBEEF
DEADBEEF
DEADBEEF
DEADBEEF
DEADBEEF
DEADBEEF
DEADBEEF
DEADBEEF
DEADBEEF
DEADBEEF
DEADBEEF
DEADBEEF
DEADBEEF
DEADBEEF
DEADBEEF
DEADBEEF
DEADBEEF
DEADBEEF
DEADBEEF
DEADBEEF
DEADBEEF
DEADBEEF
DEADBEEF
DEADBEEF
DEADBEEF
DEADBEEF
DEADBEEF
DEADBEEF
DEADBEEF
DEADBEEF
DEADBEEF
DEADBEEF
DEADBEEF
DEADBEEF
DEADBEEF
DEADBEEF
DEADBEEF
DEADBEEF
DEADBEEF
DEADBEEF
DEADBEEF
DEADBEEF
DEADBEEF
DEADBEEF
DEADBEEF
DEADBEEF
DEADBEEF
DEADBEEF
DEADBEEF
DEADBEEF
DEADBEEF
DEADBEEF
DEADBEEF
DEADBEEF
DEADBEEF
DEADBEEF
DEADBEEF
DEADBEEF
DEADBEEF
DEADBEEF
DEADBEEF
DEADBEEF
DEADBEEF
DEADBEEF
DEADBEEF
DEADBEEF
DEADBEEF
DEADBEEF
DEADBEEF
DEADBEEF
DEADBEEF
DEADBEEF
DEADBEEF
DEADBEEF
DEADBEEF
DEADBEEF
DEADBEEF
DEADBEEF
DEADBEEF
DEADBEEF
DEADBEEF
DEADBEEF
DEADBEEF
DEADBEEF
DEADBEEF
DEADBEEF
DEADBEEF
DEADBEEF
DEADBEEF
DEADBEEF
DEADBEEF
DEADBEEF
DEADBEEF
DEADBEEF
DEADBEEF
DEADBEEF
DEADBEEF
DEADBEEF
DEADBEEF
DEADBEEF
DEADBEEF
DEADBEEF
DEADBEEF
DEADBEEF
DEADBEEF
DEADBEEF
DEADBEEF
DEADBEEF
DEADBEEF
DEADBEEF
DEADBEEF
DEADBEEF
DEADBEEF
DEADBEEF
DEADBEEF
DEADBEEF
DEADBEEF
DEADBEEF
DEADBEEF
DEADBEEF
DEADBEEF
DEADBEEF
DEADBEEF
DEADBEEF
DEADBEEF
DEADBEEF
DEADBEEF
DEADBEEF
DEADBEEF
DEADBEEF
DEADBEEF
DEADBEEF
DEADBEEF
DEADBEEF
DEADBEEF
DEADBEEF
DEADBEEF
DEADBEEF
DEADBEEF
DEADBEEF
DEADBEEF
DEADBEEF
DEADBEEF
DEADBEEF
DEADBEEF
DEADBEEF
DEADBEEF
DEADBEEF
DEADBEEF
DEADBEEF
DEADBEEF
DEADBEEF
DEADBEEF
DEADBEEF
DEADBEEF
DEADBEEF
DEADBEEF
DEADBEEF
DEADBEEF
DEADBEEF
DEADBEEF
DEADBEEF
DEADBEEF
DEADBEEF
DEADBEEF
DEADBEEF
DEADBEEF
DEADBEEF
DEADBEEF
DEADBEEF
DEADBEEF
DEADBEEF
DEADBEEF
DEADBEEF
DEADBEEF
DEADBEEF
DEADBEEF
DEADBEEF
DEADBEEF
DEADBEEF
DEADBEEF
DEADBEEF
DEADBEEF
DEADBEEF
DEADBEEF
DEADBEEF
DEADBEEF
DEADBEEF
DEADBEEF
DEADBEEF
DEADBEEF
DEADBEEF
DEADBEEF
DEADBEEF
DEADBEEF
DEADBEEF
DEADBEEF
DEADBEEF
DEADBEEF
DEADBEEF
DEADBEEF
DEADBEEF
DEADBEEF
DEADBEEF
DEADBEEF
DEADBEEF
DEADBEEF
DEADBEEF
DEADBEEF
DEADBEEF
DEADBEEF
DEADBEEF
DEADBEEF
DEADBEEF
DEADBEEF
DEADBEEF
DEADBEEF
DEADBEEF
DEADBEEF
DEADBEEF
DEADBEEF
DEADBEEF
DEADBEEF
DEADBEEF
DEADBEEF
DEADBEEF
DEADBEEF
DEADBEEF
DEADBEEF
DEADBEEF
DEADBEEF
DEADBEEF
DEADBEEF
DEADBEEF
DEADBEEF
DEADBEEF
DEADBEEF
DEADBEEF
DEADBEEF
DEADBEEF
DEADBEEF
DEADBEEF
DEADBEEF
DEADBEEF
DEADBEEF
DEADBEEF
DEADBEEF
DEADBEEF
DEADBEEF
DEADBEEF
DEADBEEF
DEADBEEF
DEADBEEF
DEADBEEF
DEADBEEF
DEADBEEF
DEADBEEF
DEADBEEF
DEADBEEF
DEADBEEF
DEADBEEF
DEADBEEF
DEADBEEF
DEADBEEF
DEADBEEF
DEADBEEF
DEADBEEF
DEADBEEF
DEADBEEF
DEADBEEF
DEADBEEF
DEADBEEF
DEADBEEF
DEADBEEF
DEADBEEF
DEADBEEF
DEADBEEF
DEADBEEF
DEADBEEF
DEADBEEF
DEADBEEF
DEADBEEF
DEADBEEF
DEADBEEF
DEADBEEF
DEADBEEF
DEADBEEF
DEADBEEF
DEADBEEF
DEADBEEF
DEADBEEF
DEADBEEF
DEADBEEF
DEADBEEF
DEADBEEF
DEADBEEF
DEADBEEF
DEADBEEF
DEADBEEF
DEADBEEF
DEADBEEF
DEADBEEF
DEADBEEF
DEADBEEF
DEADBEEF
DEADBEEF
DEADBEEF
DEADBEEF
DEADBEEF
DEADBEEF
DEADBEEF
DEADBEEF
DEADBEEF
DEADBEEF
DEADBEEF
DEADBEEF
DEADBEEF
DEADBEEF
DEADBEEF
DEADBEEF
DEADBEEF
DEADBEEF
DEADBEEF
DEADBEEF
DEADBEEF
DEADBEEF
DEADBEEF
DEADBEEF
DEADBEEF
DEADBEEF
DEADBEEF
DEADBEEF
DEADBEEF
DEADBEEF
DEADBEEF
DEADBEEF
DEADBEEF
DEADBEEF
DEADBEEF
DEADBEEF
DEADBEEF
DEADBEEF
DEADBEEF
DEADBEEF
DEADBEEF
DEADBEEF
DEADBEEF
DEADBEEF
DEADBEEF
DEADBEEF
DEADBEEF
DEADBEEF
DEADBEEF
DEADBEEF
DEADBEEF
DEADBEEF
DEADBEEF
DEADBEEF
DEADBEEF
DEADBEEF
DEADBEEF
DEADBEEF
DEADBEEF
DEADBEEF
DEADBEEF
DEADBEEF
DEADBEEF
DEADBEEF
DEADBEEF
DEADBEEF
DEADBEEF
DEADBEEF
DEADBEEF
DEADBEEF
DEADBEEF
DEADBEEF
DEADBEEF
DEADBEEF
DEADBEEF
DEADBEEF
DEADBEEF
DEADBEEF
DEADBEEF
DEADBEEF
DEADBEEF
DEADBEEF
DEADBEEF
DEADBEEF
DEADBEEF
DEADBEEF
DEADBEEF
DEADBEEF
DEADBEEF
DEADBEEF
DEADBEEF
DEADBEEF
DEADBEEF
DEADBEEF
DEADBEEF
DEADBEEF
DEADBEEF
DEADBEEF
DEADBEEF
DEADBEEF
DEADBEEF
DEADBEEF
DEADBEEF
DEADBEEF
DEADBEEF
DEADBEEF
DEADBEEF
DEADBEEF
DEADBEEF
DEADBEEF
DEADBEEF
DEADBEEF
DEADBEEF
DEADBEEF
DEADBEEF
DEADBEEF
DEADBEEF
DEADBEEF
DEADBEEF
DEADBEEF
DEADBEEF
DEADBEEF
DEADBEEF
DEADBEEF
DEADBEEF
DEADBEEF
DEADBEEF
DEADBEEF
DEADBEEF
DEADBEEF
DEADBEEF
DEADBEEF
DEADBEEF
DEADBEEF
DEADBEEF
DEADBEEF
DEADBEEF
DEADBEEF
DEADBEEF
DEADBEEF
DEADBEEF
DEADBEEF
DEADBEEF
DEADBEEF
DEADBEEF
DEADBEEF
DEADBEEF
DEADBEEF
DEADBEEF
DEADBEEF
DEADBEEF
DEADBEEF
DEADBEEF
DEADBEEF
DEADBEEF
DEADBEEF
DEADBEEF
DEADBEEF
DEADBEEF
DEADBEEF
DEADBEEF
DEADBEEF
DEADBEEF
DEADBEEF
DEADBEEF
DEADBEEF
DEADBEEF
DEADBEEF
DEADBEEF
DEADBEEF
DEADBEEF
DEADBEEF
DEADBEEF
DEADBEEF
DEADBEEF
DEADBEEF
DEADBEEF
DEADBEEF
DEADBEEF
DEADBEEF
DEADBEEF
DEADBEEF
DEADBEEF
DEADBEEF
DEADBEEF
DEADBEEF
DEADBEEF
DEADBEEF
DEADBEEF
DEADBEEF
DEADBEEF
DEADBEEF
DEADBEEF
DEADBEEF
DEADBEEF
DEADBEEF
DEADBEEF
DEADBEEF
DEADBEEF
DEADBEEF
DEADBEEF
DEADBEEF
DEADBEEF
DEADBEEF
DEADBEEF
DEADBEEF
DEADBEEF
DEADBEEF
DEADBEEF
DEADBEEF
DEADBEEF
DEADBEEF
DEADBEEF
DEADBEEF
DEADBEEF
DEADBEEF
DEADBEEF
DEADBEEF
DEADBEEF
DEADBEEF
DEADBEEF
DEADBEEF
DEADBEEF
DEADBEEF
DEADBEEF
DEADBEEF
DEADBEEF
DEADBEEF
DEADBEEF
DEADBEEF
DEADBEEF
DEADBEEF
DEADBEEF
DEADBEEF
DEADBEEF
DEADBEEF
DEADBEEF
DEADBEEF
DEADBEEF
DEADBEEF
DEADBEEF
DEADBEEF
DEADBEEF
DEADBEEF
DEADBEEF
DEADBEEF
DEADBEEF
DEADBEEF
DEADBEEF
DEADBEEF
DEADBEEF
DEADBEEF
DEADBEEF
DEADBEEF
DEADBEEF
DEADBEEF
DEADBEEF
DEADBEEF
DEADBEEF
DEADBEEF
DEADBEEF
DEADBEEF
DEADBEEF
DEADBEEF
DEADBEEF
DEADBEEF
DEADBEEF
DEADBEEF
DEADBEEF
DEADBEEF
DEADBEEF
DEADBEEF
DEADBEEF
DEADBEEF
DEADBEEF
DEADBEEF
DEADBEEF
DEADBEEF
DEADBEEF
DEADBEEF
DEADBEEF
DEADBEEF
DEADBEEF
DEADBEEF
DEADBEEF
DEADBEEF
DEADBEEF
DEADBEEF
DEADBEEF
DEADBEEF
DEADBEEF
DEADBEEF
DEADBEEF
DEADBEEF
DEADBEEF
DEADBEEF
DEADBEEF
DEADBEEF
DEADBEEF
DEADBEEF
DEADBEEF
DEADBEEF
DEADBEEF
DEADBEEF
DEADBEEF
DEADBEEF
DEADBEEF
DEADBEEF
DEADBEEF
DEADBEEF
DEADBEEF
DEADBEEF
DEADBEEF
DEADBEEF
DEADBEEF
DEADBEEF
DEADBEEF
DEADBEEF
DEADBEEF
DEADBEEF
DEADBEEF
DEADBEEF
DEADBEEF
DEADBEEF
DEADBEEF
DEADBEEF
DEADBEEF
DEADBEEF
DEADBEEF
DEADBEEF
DEADBEEF
DEADBEEF
DEADBEEF
DEADBEEF
DEADBEEF
DEADBEEF
DEADBEEF
DEADBEEF
DEADBEEF
DEADBEEF
DEADBEEF
DEADBEEF
DEADBEEF
DEADBEEF
DEADBEEF
DEADBEEF
DEADBEEF
DEADBEEF
DEADBEEF
DEADBEEF
DEADBEEF
DEADBEEF
DEADBEEF
DEADBEEF
DEADBEEF
DEADBEEF
DEADBEEF
DEADBEEF
DEADBEEF
DEADBEEF
DEADBEEF
DEADBEEF
DEADBEEF
DEADBEEF
DEADBEEF
DEADBEEF
DEADBEEF
DEADBEEF
DEADBEEF
DEADBEEF
DEADBEEF
DEADBEEF
DEADBEEF
DEADBEEF
DEADBEEF
DEADBEEF
DEADBEEF
DEADBEEF
DEADBEEF
DEADBEEF
DEADBEEF
DEADBEEF
DEADBEEF
DEADBEEF
DEADBEEF
DEADBEEF
DEADBEEF
DEADBEEF
DEADBEEF
DEADBEEF
DEADBEEF
DEADBEEF
DEADBEEF
DEADBEEF
DEADBEEF
DEADBEEF
DEADBEEF
DEADBEEF
DEADBEEF
DEADBEEF
DEADBEEF
DEADBEEF
DEADBEEF
DEADBEEF
DEADBEEF
DEADBEEF
DEADBEEF
DEADBEEF
DEADBEEF
DEADBEEF
DEADBEEF
DEADBEEF
DEADBEEF
DEADBEEF
DEADBEEF
DEADBEEF
DEADBEEF
DEADBEEF
DEADBEEF
DEADBEEF
DEADBEEF
DEADBEEF
DEADBEEF
DEADBEEF
DEADBEEF
DEADBEEF
DEADBEEF
DEADBEEF
DEADBEEF
DEADBEEF
DEADBEEF
DEADBEEF
DEADBEEF
DEADBEEF
DEADBEEF
DEADBEEF
DEADBEEF
DEADBEEF
DEADBEEF
DEADBEEF
DEADBEEF
DEADBEEF
DEADBEEF
DEADBEEF
DEADBEEF
DEADBEEF
DEADBEEF
DEADBEEF
DEADBEEF
DEADBEEF
DEADBEEF
DEADBEEF
DEADBEEF
DEADBEEF
DEADBEEF
DEADBEEF
DEADBEEF
DEADBEEF
DEADBEEF
DEADBEEF
DEADBEEF
DEADBEEF
DEADBEEF
DEADBEEF
DEADBEEF
DEADBEEF
DEADBEEF
DEADBEEF
DEADBEEF
DEADBEEF
DEADBEEF
DEADBEEF
DEADBEEF
DEADBEEF
DEADBEEF
DEADBEEF
DEADBEEF
DEADBEEF
DEADBEEF
DEADBEEF
DEADBEEF
DEADBEEF
DEADBEEF
DEADBEEF
DEADBEEF
DEADBEEF
DEADBEEF
DEADBEEF
DEADBEEF
DEADBEEF
DEADBEEF
DEADBEEF
DEADBEEF
DEADBEEF
DEADBEEF
DEADBEEF
DEADBEEF
DEADBEEF
DEADBEEF
DEADBEEF
DEADBEEF
DEADBEEF
DEADBEEF
DEADBEEF
DEADBEEF
DEADBEEF
DEADBEEF
DEADBEEF
DEADBEEF
DEADBEEF
DEADBEEF
DEADBEEF
DEADBEEF
DEADBEEF
DEADBEEF
DEADBEEF
DEADBEEF
DEADBEEF
DEADBEEF
DEADBEEF
DEADBEEF
DEADBEEF
DEADBEEF
DEADBEEF
DEADBEEF
DEADBEEF
DEADBEEF
DEADBEEF
DEADBEEF
DEADBEEF
DEADBEEF
DEADBEEF
DEADBEEF
DEADBEEF
DEADBEEF
DEADBEEF
DEADBEEF
DEADBEEF
DEADBEEF
DEADBEEF
DEADBEEF
DEADBEEF
DEADBEEF
DEADBEEF
DEADBEEF
DEADBEEF
DEADBEEF
DEADBEEF
DEADBEEF
DEADBEEF
DEADBEEF
DEADBEEF
DEADBEEF
DEADBEEF
DEADBEEF
DEADBEEF
DEADBEEF
DEADBEEF
DEADBEEF
DEADBEEF
DEADBEEF
DEADBEEF
DEADBEEF
DEADBEEF
DEADBEEF
DEADBEEF
DEADBEEF
DEADBEEF
DEADBEEF
DEADBEEF
DEADBEEF
DEADBEEF
DEADBEEF
DEADBEEF
DEADBEEF
DEADBEEF
DEADBEEF
DEADBEEF
DEADBEEF
DEADBEEF
DEADBEEF
DEADBEEF
DEADBEEF
DEADBEEF
DEADBEEF
DEADBEEF
DEADBEEF
DEADBEEF
DEADBEEF
DEADBEEF
DEADBEEF
DEADBEEF
DEADBEEF
DEADBEEF
DEADBEEF
DEADBEEF
DEADBEEF
DEADBEEF
DEADBEEF
DEADBEEF
DEADBEEF
DEADBEEF
DEADBEEF
DEADBEEF
DEADBEEF
DEADBEEF
DEADBEEF
DEADBEEF
DEADBEEF
DEADBEEF
DEADBEEF
DEADBEEF
DEADBEEF
DEADBEEF
DEADBEEF
DEADBEEF
DEADBEEF
DEADBEEF
DEADBEEF
DEADBEEF
DEADBEEF
DEADBEEF
DEADBEEF
DEADBEEF
DEADBEEF
DEADBEEF
DEADBEEF
DEADBEEF
DEADBEEF
DEADBEEF
DEADBEEF
DEADBEEF
DEADBEEF
DEADBEEF
DEADBEEF
DEADBEEF
DEADBEEF
DEADBEEF
DEADBEEF
DEADBEEF
DEADBEEF
DEADBEEF
DEADBEEF
DEADBEEF
DEADBEEF
DEADBEEF
DEADBEEF
DEADBEEF
DEADBEEF
DEADBEEF
DEADBEEF
DEADBEEF
DEADBEEF
DEADBEEF
DEADBEEF
DEADBEEF
DEADBEEF
DEADBEEF
DEADBEEF
DEADBEEF
DEADBEEF
DEADBEEF
DEADBEEF
DEADBEEF
DEADBEEF
DEADBEEF
DEADBEEF
DEADBEEF
DEADBEEF
DEADBEEF
DEADBEEF
DEADBEEF
DEADBEEF
DEADBEEF
DEADBEEF
DEADBEEF
DEADBEEF
DEADBEEF
DEADBEEF
DEADBEEF
DEADBEEF
DEADBEEF
DEADBEEF
DEADBEEF
DEADBEEF
DEADBEEF
DEADBEEF
DEADBEEF
DEADBEEF
DEADBEEF
DEADBEEF
DEADBEEF
DEADBEEF
DEADBEEF
DEADBEEF
DEADBEEF
DEADBEEF
DEADBEEF
DEADBEEF
DEADBEEF
DEADBEEF
DEADBEEF
DEADBEEF
DEADBEEF
DEADBEEF
DEADBEEF
DEADBEEF
DEADBEEF
DEADBEEF
DEADBEEF
DEADBEEF
DEADBEEF
DEADBEEF
DEADBEEF
DEADBEEF
DEADBEEF
DEADBEEF
DEADBEEF
DEADBEEF
DEADBEEF
DEADBEEF
DEADBEEF
DEADBEEF
DEADBEEF
DEADBEEF
DEADBEEF
DEADBEEF
DEADBEEF
DEADBEEF
DEADBEEF
DEADBEEF
DEADBEEF
DEADBEEF
DEADBEEF
DEADBEEF
DEADBEEF
DEADBEEF
DEADBEEF
DEADBEEF
DEADBEEF
DEADBEEF
DEADBEEF
DEADBEEF
DEADBEEF
DEADBEEF
DEADBEEF
DEADBEEF
DEADBEEF
DEADBEEF
DEADBEEF
DEADBEEF
DEADBEEF
DEADBEEF
DEADBEEF
DEADBEEF
DEADBEEF
DEADBEEF
DEADBEEF
DEADBEEF
DEADBEEF
DEADBEEF
DEADBEEF
DEADBEEF
DEADBEEF
DEADBEEF
DEADBEEF
DEADBEEF
DEADBEEF
DEADBEEF
DEADBEEF
DEADBEEF
DEADBEEF
DEADBEEF
DEADBEEF
DEADBEEF
DEADBEEF
DEADBEEF
DEADBEEF
DEADBEEF
DEADBEEF
DEADBEEF
DEADBEEF
DEADBEEF
DEADBEEF
DEADBEEF
DEADBEEF
DEADBEEF
DEADBEEF
DEADBEEF
DEADBEEF
DEADBEEF
DEADBEEF
DEADBEEF
DEADBEEF
DEADBEEF
DEADBEEF
DEADBEEF
DEADBEEF
DEADBEEF
DEADBEEF
DEADBEEF
DEADBEEF
DEADBEEF
DEADBEEF
DEADBEEF
DEADBEEF
DEADBEEF
DEADBEEF
DEADBEEF
DEADBEEF
DEADBEEF
DEADBEEF
DEADBEEF
DEADBEEF
DEADBEEF
DEADBEEF
DEADBEEF
DEADBEEF
DEADBEEF
DEADBEEF
DEADBEEF
DEADBEEF
DEADBEEF
DEADBEEF
DEADBEEF
DEADBEEF
DEADBEEF
DEADBEEF
DEADBEEF
DEADBEEF
DEADBEEF
DEADBEEF
DEADBEEF
DEADBEEF
DEADBEEF
DEADBEEF
DEADBEEF
DEADBEEF
DEADBEEF
DEADBEEF
DEADBEEF
DEADBEEF
DEADBEEF
DEADBEEF
DEADBEEF
DEADBEEF
DEADBEEF
DEADBEEF
DEADBEEF
DEADBEEF
DEADBEEF
DEADBEEF
DEADBEEF
DEADBEEF
DEADBEEF
DEADBEEF
DEADBEEF
DEADBEEF
DEADBEEF
DEADBEEF
DEADBEEF
DEADBEEF
DEADBEEF
DEADBEEF
DEADBEEF
DEADBEEF
DEADBEEF
DEADBEEF
DEADBEEF
DEADBEEF
DEADBEEF
DEADBEEF
DEADBEEF
DEADBEEF
DEADBEEF
DEADBEEF
DEADBEEF
DEADBEEF
DEADBEEF
DEADBEEF
DEADBEEF
DEADBEEF
DEADBEEF
DEADBEEF
DEADBEEF
DEADBEEF
DEADBEEF
DEADBEEF
DEADBEEF
DEADBEEF
DEADBEEF
DEADBEEF
DEADBEEF
DEADBEEF
DEADBEEF
DEADBEEF
DEADBEEF
DEADBEEF
DEADBEEF
DEADBEEF
DEADBEEF
DEADBEEF
DEADBEEF
DEADBEEF
DEADBEEF
DEADBEEF
DEADBEEF
DEADBEEF
DEADBEEF
DEADBEEF
DEADBEEF
DEADBEEF
DEADBEEF
DEADBEEF
DEADBEEF
DEADBEEF
DEADBEEF
DEADBEEF
DEADBEEF
DEADBEEF
DEADBEEF
DEADBEEF
DEADBEEF
DEADBEEF
DEADBEEF
DEADBEEF
DEADBEEF
DEADBEEF
DEADBEEF
DEADBEEF
DEADBEEF
DEADBEEF
DEADBEEF
DEADBEEF
DEADBEEF
DEADBEEF
DEADBEEF
DEADBEEF
DEADBEEF
DEADBEEF
DEADBEEF
DEADBEEF
DEADBEEF
DEADBEEF
DEADBEEF
DEADBEEF
DEADBEEF
DEADBEEF
DEADBEEF
DEADBEEF
DEADBEEF
DEADBEEF
DEADBEEF
DEADBEEF
DEADBEEF
DEADBEEF
DEADBEEF
DEADBEEF
DEADBEEF
DEADBEEF
DEADBEEF
DEADBEEF
DEADBEEF
DEADBEEF
DEADBEEF
DEADBEEF
DEADBEEF
DEADBEEF
DEADBEEF
DEADBEEF
DEADBEEF
DEADBEEF
DEADBEEF
DEADBEEF
DEADBEEF
DEADBEEF
DEADBEEF
DEADBEEF
DEADBEEF
DEADBEEF
DEADBEEF
DEADBEEF
DEADBEEF
DEADBEEF
DEADBEEF
DEADBEEF
DEADBEEF
DEADBEEF
DEADBEEF
DEADBEEF
DEADBEEF
DEADBEEF
DEADBEEF
DEADBEEF
DEADBEEF
DEADBEEF
DEADBEEF
DEADBEEF
DEADBEEF
DEADBEEF
DEADBEEF
DEADBEEF
DEADBEEF
DEADBEEF
DEADBEEF
DEADBEEF
DEADBEEF
DEADBEEF
DEADBEEF
DEADBEEF
DEADBEEF
DEADBEEF
DEADBEEF
DEADBEEF
DEADBEEF
DEADBEEF
DEADBEEF
DEADBEEF
DEADBEEF
DEADBEEF
DEADBEEF
DEADBEEF
DEADBEEF
DEADBEEF
DEADBEEF
DEADBEEF
DEADBEEF
DEADBEEF
DEADBEEF
DEADBEEF
DEADBEEF
DEADBEEF
DEADBEEF
DEADBEEF
DEADBEEF
DEADBEEF
DEADBEEF
DEADBEEF
DEADBEEF
DEADBEEF
DEADBEEF
DEADBEEF
DEADBEEF
DEADBEEF
DEADBEEF
DEADBEEF
DEADBEEF
DEADBEEF
DEADBEEF
DEADBEEF
DEADBEEF
DEADBEEF
DEADBEEF
DEADBEEF
DEADBEEF
DEADBEEF
DEADBEEF
DEADBEEF
DEADBEEF
DEADBEEF
DEADBEEF
DEADBEEF
DEADBEEF
DEADBEEF
DEADBEEF
DEADBEEF
DEADBEEF
DEADBEEF
DEADBEEF
DEADBEEF
DEADBEEF
DEADBEEF
DEADBEEF
DEADBEEF
DEADBEEF
DEADBEEF
DEADBEEF
DEADBEEF
DEADBEEF
DEADBEEF
DEADBEEF
DEADBEEF
DEADBEEF
DEADBEEF
DEADBEEF
DEADBEEF
DEADBEEF
DEADBEEF
DEADBEEF
DEADBEEF
DEADBEEF
DEADBEEF
DEADBEEF
DEADBEEF
DEADBEEF
DEADBEEF
DEADBEEF
DEADBEEF
DEADBEEF
DEADBEEF
DEADBEEF
DEADBEEF
DEADBEEF
DEADBEEF
DEADBEEF
DEADBEEF
DEADBEEF
DEADBEEF
DEADBEEF
DEADBEEF
DEADBEEF
DEADBEEF
DEADBEEF
DEADBEEF
DEADBEEF
DEADBEEF
DEADBEEF
DEADBEEF
DEADBEEF
DEADBEEF
DEADBEEF
DEADBEEF
DEADBEEF
DEADBEEF
DEADBEEF
DEADBEEF
DEADBEEF
DEADBEEF
DEADBEEF
DEADBEEF
DEADBEEF
DEADBEEF
DEADBEEF
DEADBEEF
DEADBEEF
DEADBEEF
DEADBEEF
DEADBEEF
DEADBEEF
DEADBEEF
DEADBEEF
DEADBEEF
DEADBEEF
DEADBEEF
DEADBEEF
DEADBEEF
DEADBEEF
DEADBEEF
DEADBEEF
DEADBEEF
DEADBEEF
DEADBEEF
DEADBEEF
DEADBEEF
DEADBEEF
DEADBEEF
DEADBEEF
DEADBEEF
DEADBEEF
DEADBEEF
DEADBEEF
DEADBEEF
DEADBEEF
DEADBEEF
DEADBEEF
DEADBEEF
DEADBEEF
DEADBEEF
DEADBEEF
DEADBEEF
DEADBEEF
DEADBEEF
DEADBEEF
DEADBEEF
DEADBEEF
DEADBEEF
DEADBEEF
DEADBEEF
DEADBEEF
DEADBEEF
DEADBEEF
DEADBEEF
DEADBEEF
DEADBEEF
DEADBEEF
DEADBEEF
DEADBEEF
DEADBEEF
DEADBEEF
DEADBEEF
DEADBEEF
DEADBEEF
DEADBEEF
DEADBEEF
DEADBEEF
DEADBEEF
DEADBEEF
DEADBEEF
DEADBEEF
DEADBEEF
DEADBEEF
DEADBEEF
DEADBEEF
DEADBEEF
DEADBEEF
DEADBEEF
DEADBEEF
DEADBEEF
DEADBEEF
DEADBEEF
DEADBEEF
DEADBEEF
DEADBEEF
DEADBEEF
DEADBEEF
DEADBEEF
DEADBEEF
DEADBEEF
DEADBEEF
DEADBEEF
DEADBEEF
DEADBEEF
DEADBEEF
DEADBEEF
DEADBEEF
DEADBEEF
DEADBEEF
DEADBEEF
DEADBEEF
DEADBEEF
DEADBEEF
DEADBEEF
DEADBEEF
DEADBEEF
DEADBEEF
DEADBEEF
DEADBEEF
DEADBEEF
DEADBEEF
DEADBEEF
DEADBEEF
DEADBEEF
DEADBEEF
DEADBEEF
DEADBEEF
DEADBEEF
DEADBEEF
DEADBEEF
DEADBEEF
DEADBEEF
DEADBEEF
DEADBEEF
DEADBEEF
DEADBEEF
DEADBEEF
DEADBEEF
DEADBEEF
DEADBEEF
DEADBEEF
DEADBEEF
DEADBEEF
DEADBEEF
DEADBEEF
DEADBEEF
DEADBEEF
DEADBEEF
DEADBEEF
DEADBEEF
DEADBEEF
DEADBEEF
DEADBEEF
DEADBEEF
DEADBEEF
DEADBEEF
DEADBEEF
DEADBEEF
DEADBEEF
DEADBEEF
DEADBEEF
DEADBEEF
DEADBEEF
DEADBEEF
DEADBEEF
DEADBEEF
DEADBEEF
DEADBEEF
DEADBEEF
DEADBEEF
DEADBEEF
DEADBEEF
DEADBEEF
DEADBEEF
DEADBEEF
DEADBEEF
DEADBEEF
DEADBEEF
DEADBEEF
DEADBEEF
DEADBEEF
DEADBEEF
DEADBEEF
DEADBEEF
DEADBEEF
DEADBEEF
DEADBEEF
DEADBEEF
DEADBEEF
DEADBEEF
DEADBEEF
DEADBEEF
DEADBEEF
DEADBEEF
DEADBEEF
DEADBEEF
DEADBEEF
DEADBEEF
DEADBEEF
DEADBEEF
DEADBEEF
DEADBEEF
DEADBEEF
DEADBEEF
DEADBEEF
DEADBEEF
DEADBEEF
DEADBEEF
DEADBEEF
DEADBEEF
DEADBEEF
DEADBEEF
DEADBEEF
DEADBEEF
DEADBEEF
DEADBEEF
DEADBEEF
DEADBEEF
DEADBEEF
DEADBEEF
DEADBEEF
DEADBEEF
DEADBEEF
DEADBEEF
DEADBEEF
DEADBEEF
DEADBEEF
DEADBEEF
DEADBEEF
DEADBEEF
DEADBEEF
DEADBEEF
DEADBEEF
DEADBEEF
DEADBEEF
DEADBEEF
DEADBEEF
DEADBEEF
DEADBEEF
DEADBEEF
DEADBEEF
DEADBEEF
DEADBEEF
DEADBEEF
DEADBEEF
DEADBEEF
DEADBEEF
DEADBEEF
DEADBEEF
DEADBEEF
DEADBEEF
DEADBEEF
DEADBEEF
DEADBEEF
DEADBEEF
DEADBEEF
DEADBEEF
DEADBEEF
DEADBEEF
DEADBEEF
DEADBEEF
DEADBEEF
DEADBEEF
DEADBEEF
DEADBEEF
DEADBEEF
DEADBEEF
DEADBEEF
DEADBEEF
DEADBEEF
DEADBEEF
DEADBEEF
DEADBEEF
DEADBEEF
DEADBEEF
DEADBEEF
DEADBEEF
DEADBEEF
DEADBEEF
DEADBEEF
DEADBEEF
DEADBEEF
DEADBEEF
DEADBEEF
DEADBEEF
DEADBEEF
DEADBEEF
DEADBEEF
DEADBEEF
DEADBEEF
DEADBEEF
DEADBEEF
DEADBEEF
DEADBEEF
DEADBEEF
DEADBEEF
DEADBEEF
DEADBEEF
DEADBEEF
DEADBEEF
DEADBEEF
DEADBEEF
DEADBEEF
DEADBEEF
DEADBEEF
DEADBEEF
DEADBEEF
DEADBEEF
DEADBEEF
DEADBEEF
DEADBEEF
DEADBEEF
DEADBEEF
DEADBEEF
DEADBEEF
DEADBEEF
DEADBEEF
DEADBEEF
DEADBEEF
DEADBEEF
DEADBEEF
DEADBEEF
DEADBEEF
DEADBEEF
DEADBEEF
DEADBEEF
DEADBEEF
DEADBEEF
DEADBEEF
DEADBEEF
DEADBEEF
DEADBEEF
DEADBEEF
DEADBEEF
DEADBEEF
DEADBEEF
DEADBEEF
DEADBEEF
DEADBEEF
DEADBEEF
DEADBEEF
DEADBEEF
DEADBEEF
DEADBEEF
DEADBEEF
DEADBEEF
DEADBEEF
DEADBEEF
DEADBEEF
DEADBEEF
DEADBEEF
DEADBEEF
DEADBEEF
DEADBEEF
DEADBEEF
DEADBEEF
DEADBEEF
DEADBEEF
DEADBEEF
DEADBEEF
DEADBEEF
DEADBEEF
DEADBEEF
DEADBEEF
DEADBEEF
DEADBEEF
DEADBEEF
DEADBEEF
DEADBEEF
DEADBEEF
DEADBEEF
DEADBEEF
DEADBEEF
DEADBEEF
DEADBEEF
DEADBEEF
DEADBEEF
DEADBEEF
DEADBEEF
DEADBEEF
DEADBEEF
DEADBEEF
DEADBEEF
DEADBEEF
DEADBEEF
DEADBEEF
DEADBEEF
DEADBEEF
DEADBEEF
DEADBEEF
DEADBEEF
DEADBEEF
DEADBEEF
DEADBEEF
DEADBEEF
DEADBEEF
DEADBEEF
DEADBEEF
DEADBEEF
DEADBEEF
DEADBEEF
DEADBEEF
DEADBEEF
DEADBEEF
DEADBEEF
DEADBEEF
DEADBEEF
DEADBEEF
DEADBEEF
DEADBEEF
DEADBEEF
DEADBEEF
DEADBEEF
DEADBEEF
DEADBEEF
DEADBEEF
DEADBEEF
DEADBEEF
DEADBEEF
DEADBEEF
DEADBEEF
DEADBEEF
DEADBEEF
DEADBEEF
DEADBEEF
DEADBEEF
DEADBEEF
DEADBEEF
DEADBEEF
DEADBEEF
DEADBEEF
DEADBEEF
DEADBEEF
DEADBEEF
DEADBEEF
DEADBEEF
DEADBEEF
DEADBEEF
DEADBEEF
DEADBEEF
DEADBEEF
DEADBEEF
DEADBEEF
DEADBEEF
DEADBEEF
DEADBEEF
DEADBEEF
DEADBEEF
DEADBEEF
DEADBEEF
DEADBEEF
DEADBEEF
DEADBEEF
DEADBEEF
DEADBEEF
DEADBEEF
DEADBEEF
DEADBEEF
DEADBEEF
DEADBEEF
DEADBEEF
DEADBEEF
DEADBEEF
DEADBEEF
DEADBEEF
DEADBEEF
DEADBEEF
DEADBEEF
DEADBEEF
DEADBEEF
DEADBEEF
DEADBEEF
DEADBEEF
DEADBEEF
DEADBEEF
DEADBEEF
DEADBEEF
DEADBEEF
DEADBEEF
DEADBEEF
DEADBEEF
DEADBEEF
DEADBEEF
DEADBEEF
DEADBEEF
DEADBEEF
DEADBEEF
DEADBEEF
DEADBEEF
DEADBEEF
DEADBEEF
DEADBEEF
DEADBEEF
DEADBEEF
DEADBEEF
DEADBEEF
DEADBEEF
DEADBEEF
DEADBEEF
DEADBEEF
DEADBEEF
DEADBEEF
DEADBEEF
DEADBEEF
DEADBEEF
DEADBEEF
DEADBEEF
DEADBEEF
DEADBEEF
DEADBEEF
DEADBEEF
DEADBEEF
DEADBEEF
DEADBEEF
DEADBEEF
DEADBEEF
DEADBEEF
DEADBEEF
DEADBEEF
DEADBEEF
DEADBEEF
DEADBEEF
DEADBEEF
DEADBEEF
DEADBEEF
DEADBEEF
DEADBEEF
DEADBEEF
DEADBEEF
DEADBEEF
DEADBEEF
DEADBEEF
DEADBEEF
DEADBEEF
DEADBEEF
DEADBEEF
DEADBEEF
DEADBEEF
DEADBEEF
DEADBEEF
DEADBEEF
DEADBEEF
DEADBEEF
DEADBEEF
DEADBEEF
DEADBEEF
DEADBEEF
DEADBEEF
DEADBEEF
DEADBEEF
DEADBEEF
DEADBEEF
DEADBEEF
DEADBEEF
DEADBEEF
DEADBEEF
DEADBEEF
DEADBEEF
DEADBEEF
DEADBEEF
DEADBEEF
DEADBEEF
DEADBEEF
DEADBEEF
DEADBEEF
DEADBEEF
DEADBEEF
DEADBEEF
DEADBEEF
DEADBEEF
DEADBEEF
DEADBEEF
DEADBEEF
DEADBEEF
DEADBEEF
DEADBEEF
DEADBEEF
DEADBEEF
DEADBEEF
DEADBEEF
DEADBEEF
DEADBEEF
DEADBEEF
DEADBEEF
DEADBEEF
DEADBEEF
DEADBEEF
DEADBEEF
DEADBEEF
DEADBEEF
DEADBEEF
DEADBEEF
DEADBEEF
DEADBEEF
DEADBEEF
DEADBEEF
DEADBEEF
DEADBEEF
DEADBEEF
DEADBEEF
DEADBEEF
DEADBEEF
DEADBEEF
DEADBEEF
DEADBEEF
DEADBEEF
DEADBEEF
DEADBEEF
DEADBEEF
DEADBEEF
DEADBEEF
DEADBEEF
DEADBEEF
DEADBEEF
DEADBEEF
DEADBEEF
DEADBEEF
DEADBEEF
DEADBEEF
DEADBEEF
DEADBEEF
DEADBEEF
DEADBEEF
DEADBEEF
DEADBEEF
DEADBEEF
DEADBEEF
DEADBEEF
DEADBEEF
DEADBEEF
DEADBEEF
DEADBEEF
DEADBEEF
DEADBEEF
DEADBEEF
DEADBEEF
DEADBEEF
DEADBEEF
DEADBEEF
DEADBEEF
DEADBEEF
DEADBEEF
DEADBEEF
DEADBEEF
DEADBEEF
DEADBEEF
DEADBEEF
DEADBEEF
DEADBEEF
DEADBEEF
DEADBEEF
DEADBEEF
DEADBEEF
DEADBEEF
DEADBEEF
DEADBEEF
DEADBEEF
DEADBEEF
DEADBEEF
DEADBEEF
DEADBEEF
DEADBEEF
DEADBEEF
DEADBEEF
DEADBEEF
DEADBEEF
DEADBEEF
DEADBEEF
DEADBEEF
DEADBEEF
DEADBEEF
DEADBEEF
DEADBEEF
DEADBEEF
DEADBEEF
DEADBEEF
DEADBEEF
DEADBEEF
DEADBEEF
DEADBEEF
DEADBEEF
DEADBEEF
DEADBEEF
DEADBEEF
DEADBEEF
DEADBEEF
DEADBEEF
DEADBEEF
DEADBEEF
DEADBEEF
DEADBEEF
DEADBEEF
DEADBEEF
DEADBEEF
DEADBEEF
DEADBEEF
DEADBEEF
DEADBEEF
DEADBEEF
DEADBEEF
DEADBEEF
DEADBEEF
DEADBEEF
DEADBEEF
DEADBEEF
DEADBEEF
DEADBEEF
DEADBEEF
DEADBEEF
DEADBEEF
DEADBEEF
DEADBEEF
DEADBEEF
DEADBEEF
DEADBEEF
DEADBEEF
DEADBEEF
DEADBEEF
DEADBEEF
DEADBEEF
DEADBEEF
DEADBEEF
DEADBEEF
DEADBEEF
DEADBEEF
DEADBEEF
DEADBEEF
DEADBEEF
DEADBEEF
DEADBEEF
DEADBEEF
DEADBEEF
DEADBEEF
DEADBEEF
DEADBEEF
DEADBEEF
DEADBEEF
DEADBEEF
DEADBEEF
DEADBEEF
DEADBEEF
DEADBEEF
DEADBEEF
DEADBEEF
DEADBEEF
DEADBEEF
DEADBEEF
DEADBEEF
DEADBEEF
DEADBEEF
DEADBEEF
DEADBEEF
DEADBEEF
DEADBEEF
DEADBEEF
DEADBEEF
DEADBEEF
DEADBEEF
DEADBEEF
DEADBEEF
DEADBEEF
DEADBEEF
DEADBEEF
DEADBEEF
DEADBEEF
DEADBEEF
DEADBEEF
DEADBEEF
DEADBEEF
DEADBEEF
DEADBEEF
DEADBEEF
DEADBEEF
DEADBEEF
DEADBEEF
DEADBEEF
DEADBEEF
DEADBEEF
DEADBEEF
DEADBEEF
DEADBEEF
DEADBEEF
DEADBEEF
DEADBEEF
DEADBEEF
DEADBEEF
DEADBEEF
DEADBEEF
DEADBEEF
DEADBEEF
DEADBEEF
DEADBEEF
DEADBEEF
DEADBEEF
DEADBEEF
DEADBEEF
DEADBEEF
DEADBEEF
DEADBEEF
DEADBEEF
DEADBEEF
DEADBEEF
DEADBEEF
DEADBEEF
DEADBEEF
DEADBEEF
DEADBEEF
DEADBEEF
DEADBEEF
DEADBEEF
DEADBEEF
DEADBEEF
DEADBEEF
DEADBEEF
DEADBEEF
DEADBEEF
DEADBEEF
DEADBEEF
DEADBEEF
DEADBEEF
DEADBEEF
DEADBEEF
DEADBEEF
DEADBEEF
DEADBEEF
DEADBEEF
DEADBEEF
DEADBEEF
DEADBEEF
DEADBEEF
DEADBEEF
DEADBEEF
DEADBEEF
DEADBEEF
DEADBEEF
DEADBEEF
DEADBEEF
DEADBEEF
DEADBEEF
DEADBEEF
DEADBEEF
DEADBEEF
DEADBEEF
DEADBEEF
DEADBEEF
DEADBEEF
DEADBEEF
DEADBEEF
DEADBEEF
DEADBEEF
DEADBEEF
DEADBEEF
DEADBEEF
DEADBEEF
DEADBEEF
DEADBEEF
DEADBEEF
DEADBEEF
DEADBEEF
DEADBEEF
DEADBEEF
DEADBEEF
DEADBEEF
DEADBEEF
DEADBEEF
DEADBEEF
DEADBEEF
DEADBEEF
DEADBEEF
DEADBEEF
DEADBEEF
DEADBEEF
DEADBEEF
DEADBEEF
DEADBEEF
DEADBEEF
DEADBEEF
DEADBEEF
DEADBEEF
DEADBEEF
DEADBEEF
DEADBEEF
DEADBEEF
DEADBEEF
DEADBEEF
DEADBEEF
DEADBEEF
DEADBEEF
DEADBEEF
DEADBEEF
DEADBEEF
DEADBEEF
DEADBEEF
DEADBEEF
DEADBEEF
DEADBEEF
DEADBEEF
DEADBEEF
DEADBEEF
DEADBEEF
DEADBEEF
DEADBEEF
DEADBEEF
DEADBEEF
DEADBEEF
DEADBEEF
DEADBEEF
DEADBEEF
DEADBEEF
DEADBEEF
DEADBEEF
DEADBEEF
DEADBEEF
DEADBEEF
DEADBEEF
DEADBEEF
DEADBEEF
DEADBEEF
DEADBEEF
DEADBEEF
DEADBEEF
DEADBEEF
DEADBEEF
DEADBEEF
DEADBEEF
DEADBEEF
DEADBEEF
DEADBEEF
DEADBEEF
DEADBEEF
DEADBEEF
DEADBEEF
DEADBEEF
DEADBEEF
DEADBEEF
DEADBEEF
DEADBEEF
DEADBEEF
DEADBEEF
DEADBEEF
DEADBEEF
DEADBEEF
DEADBEEF
DEADBEEF
DEADBEEF
DEADBEEF
DEADBEEF
DEADBEEF
DEADBEEF
DEADBEEF
DEADBEEF
DEADBEEF
DEADBEEF
DEADBEEF
DEADBEEF
DEADBEEF
DEADBEEF
DEADBEEF
DEADBEEF
DEADBEEF
DEADBEEF
DEADBEEF
DEADBEEF
DEADBEEF
DEADBEEF
DEADBEEF
DEADBEEF
DEADBEEF
DEADBEEF
DEADBEEF
DEADBEEF
DEADBEEF
DEADBEEF
DEADBEEF
DEADBEEF
DEADBEEF
DEADBEEF
DEADBEEF
DEADBEEF
DEADBEEF
DEADBEEF
DEADBEEF
DEADBEEF
DEADBEEF
DEADBEEF
DEADBEEF
DEADBEEF
DEADBEEF
DEADBEEF
DEADBEEF
DEADBEEF
DEADBEEF
DEADBEEF
DEADBEEF
DEADBEEF
DEADBEEF
DEADBEEF
DEADBEEF
DEADBEEF
DEADBEEF
DEADBEEF
DEADBEEF
DEADBEEF
DEADBEEF
DEADBEEF
DEADBEEF
DEADBEEF
DEADBEEF
DEADBEEF
DEADBEEF
DEADBEEF
DEADBEEF
DEADBEEF
DEADBEEF
DEADBEEF
DEADBEEF
DEADBEEF
DEADBEEF
DEADBEEF
DEADBEEF
DEADBEEF
DEADBEEF
DEADBEEF
DEADBEEF
DEADBEEF
DEADBEEF
DEADBEEF
DEADBEEF
DEADBEEF
DEADBEEF
DEADBEEF
DEADBEEF
DEADBEEF
DEADBEEF
DEADBEEF
DEADBEEF
DEADBEEF
DEADBEEF
DEADBEEF
DEADBEEF
DEADBEEF
DEADBEEF
DEADBEEF
DEADBEEF
DEADBEEF
DEADBEEF
DEADBEEF
DEADBEEF
DEADBEEF
DEADBEEF
DEADBEEF
DEADBEEF
DEADBEEF
DEADBEEF
DEADBEEF
DEADBEEF
DEADBEEF
DEADBEEF
DEADBEEF
DEADBEEF
DEADBEEF
DEADBEEF
DEADBEEF
DEADBEEF
DEADBEEF
DEADBEEF
DEADBEEF
DEADBEEF
DEADBEEF
DEADBEEF
DEADBEEF
DEADBEEF
DEADBEEF
DEADBEEF
DEADBEEF
DEADBEEF
DEADBEEF
DEADBEEF
DEADBEEF
DEADBEEF
DEADBEEF
DEADBEEF
DEADBEEF
DEADBEEF
DEADBEEF
DEADBEEF
DEADBEEF
DEADBEEF
DEADBEEF
DEADBEEF
DEADBEEF
DEADBEEF
DEADBEEF
DEADBEEF
DEADBEEF
DEADBEEF
DEADBEEF
DEADBEEF
DEADBEEF
DEADBEEF
DEADBEEF
DEADBEEF
DEADBEEF
DEADBEEF
DEADBEEF
DEADBEEF
DEADBEEF
DEADBEEF
DEADBEEF
DEADBEEF
DEADBEEF
DEADBEEF
DEADBEEF
DEADBEEF
DEADBEEF
DEADBEEF
DEADBEEF
DEADBEEF
DEADBEEF
DEADBEEF
DEADBEEF
DEADBEEF
DEADBEEF
DEADBEEF
DEADBEEF
DEADBEEF
DEADBEEF
DEADBEEF
DEADBEEF
DEADBEEF
DEADBEEF
DEADBEEF
DEADBEEF
DEADBEEF
DEADBEEF
DEADBEEF
DEADBEEF
DEADBEEF
DEADBEEF
DEADBEEF
DEADBEEF
DEADBEEF
DEADBEEF
DEADBEEF
DEADBEEF
DEADBEEF
DEADBEEF
DEADBEEF
DEADBEEF
DEADBEEF
DEADBEEF
DEADBEEF
DEADBEEF
DEADBEEF
DEADBEEF
DEADBEEF
DEADBEEF
DEADBEEF
DEADBEEF
DEADBEEF
DEADBEEF
DEADBEEF
DEADBEEF
DEADBEEF
DEADBEEF
DEADBEEF
DEADBEEF
DEADBEEF
DEADBEEF
DEADBEEF
DEADBEEF
DEADBEEF
DEADBEEF
DEADBEEF
DEADBEEF
DEADBEEF
DEADBEEF
DEADBEEF
DEADBEEF
DEADBEEF
DEADBEEF
DEADBEEF
DEADBEEF
DEADBEEF
DEADBEEF
DEADBEEF
DEADBEEF
DEADBEEF
DEADBEEF
DEADBEEF
DEADBEEF
DEADBEEF
DEADBEEF
DEADBEEF
DEADBEEF
DEADBEEF
DEADBEEF
DEADBEEF
DEADBEEF
DEADBEEF
DEADBEEF
DEADBEEF
DEADBEEF
DEADBEEF
DEADBEEF
DEADBEEF
DEADBEEF
DEADBEEF
DEADBEEF
DEADBEEF
DEADBEEF
DEADBEEF
DEADBEEF
DEADBEEF
DEADBEEF
DEADBEEF
DEADBEEF
DEADBEEF
DEADBEEF
DEADBEEF
DEADBEEF
DEADBEEF
DEADBEEF
DEADBEEF
DEADBEEF
DEADBEEF
DEADBEEF
DEADBEEF
DEADBEEF
DEADBEEF
DEADBEEF
DEADBEEF
DEADBEEF
DEADBEEF
DEADBEEF
DEADBEEF
DEADBEEF
DEADBEEF
DEADBEEF
DEADBEEF
DEADBEEF
DEADBEEF
DEADBEEF
DEADBEEF
DEADBEEF
DEADBEEF
DEADBEEF
DEADBEEF
DEADBEEF
DEADBEEF
DEADBEEF
DEADBEEF
DEADBEEF
DEADBEEF
DEADBEEF
DEADBEEF
DEADBEEF
DEADBEEF
DEADBEEF
DEADBEEF
DEADBEEF
DEADBEEF
DEADBEEF
DEADBEEF
DEADBEEF
DEADBEEF
DEADBEEF
DEADBEEF
DEADBEEF
DEADBEEF
DEADBEEF
DEADBEEF
DEADBEEF
DEADBEEF
DEADBEEF
DEADBEEF
DEADBEEF
DEADBEEF
DEADBEEF
DEADBEEF
DEADBEEF
DEADBEEF
DEADBEEF
DEADBEEF
DEADBEEF
DEADBEEF
DEADBEEF
DEADBEEF
DEADBEEF
DEADBEEF
DEADBEEF
DEADBEEF
DEADBEEF
DEADBEEF
DEADBEEF
DEADBEEF
DEADBEEF
DEADBEEF
DEADBEEF
DEADBEEF
DEADBEEF
DEADBEEF
DEADBEEF
DEADBEEF
DEADBEEF
DEADBEEF
DEADBEEF
DEADBEEF
DEADBEEF
DEADBEEF
DEADBEEF
DEADBEEF
DEADBEEF
DEADBEEF
DEADBEEF
DEADBEEF
DEADBEEF
DEADBEEF
DEADBEEF
DEADBEEF
DEADBEEF
DEADBEEF
DEADBEEF
DEADBEEF
DEADBEEF
DEADBEEF
DEADBEEF
DEADBEEF
DEADBEEF
DEADBEEF
DEADBEEF
DEADBEEF
DEADBEEF
DEADBEEF
DEADBEEF
DEADBEEF
DEADBEEF
DEADBEEF
DEADBEEF
DEADBEEF
DEADBEEF
DEADBEEF
DEADBEEF
DEADBEEF
DEADBEEF
DEADBEEF
DEADBEEF
DEADBEEF
DEADBEEF
DEADBEEF
DEADBEEF
DEADBEEF
DEADBEEF
DEADBEEF
DEADBEEF
DEADBEEF
DEADBEEF
DEADBEEF
DEADBEEF
DEADBEEF
DEADBEEF
DEADBEEF
DEADBEEF
DEADBEEF
DEADBEEF
DEADBEEF
DEADBEEF
DEADBEEF
DEADBEEF
DEADBEEF
DEADBEEF
DEADBEEF
DEADBEEF
DEADBEEF
DEADBEEF
DEADBEEF
DEADBEEF
DEADBEEF
DEADBEEF
DEADBEEF
DEADBEEF
DEADBEEF
DEADBEEF
DEADBEEF
DEADBEEF
DEADBEEF
DEADBEEF
DEADBEEF
DEADBEEF
DEADBEEF
DEADBEEF
DEADBEEF
DEADBEEF
DEADBEEF
DEADBEEF
DEADBEEF
DEADBEEF
DEADBEEF
DEADBEEF
DEADBEEF
DEADBEEF
DEADBEEF
DEADBEEF
DEADBEEF
DEADBEEF
DEADBEEF
DEADBEEF
DEADBEEF
DEADBEEF
DEADBEEF
DEADBEEF
DEADBEEF
DEADBEEF
DEADBEEF
DEADBEEF
DEADBEEF
DEADBEEF
DEADBEEF
DEADBEEF
DEADBEEF
DEADBEEF
DEADBEEF
DEADBEEF
DEADBEEF
DEADBEEF
DEADBEEF
DEADBEEF
DEADBEEF
DEADBEEF
DEADBEEF
DEADBEEF
DEADBEEF
DEADBEEF
DEADBEEF
DEADBEEF
DEADBEEF
DEADBEEF
DEADBEEF
DEADBEEF
DEADBEEF
DEADBEEF
DEADBEEF
DEADBEEF
DEADBEEF
DEADBEEF
DEADBEEF
DEADBEEF
DEADBEEF
DEADBEEF
DEADBEEF
DEADBEEF
DEADBEEF
DEADBEEF
DEADBEEF
DEADBEEF
DEADBEEF
DEADBEEF
DEADBEEF
DEADBEEF
DEADBEEF
DEADBEEF
DEADBEEF
DEADBEEF
DEADBEEF
DEADBEEF
DEADBEEF
DEADBEEF
DEADBEEF
DEADBEEF
DEADBEEF
DEADBEEF
DEADBEEF
DEADBEEF
DEADBEEF
DEADBEEF
DEADBEEF
DEADBEEF
DEADBEEF
DEADBEEF
DEADBEEF
DEADBEEF
DEADBEEF
DEADBEEF
DEADBEEF
DEADBEEF
DEADBEEF
DEADBEEF
DEADBEEF
DEADBEEF
DEADBEEF
DEADBEEF
DEADBEEF
DEADBEEF
DEADBEEF
DEADBEEF
DEADBEEF
DEADBEEF
DEADBEEF
DEADBEEF
DEADBEEF
DEADBEEF
DEADBEEF
DEADBEEF
DEADBEEF
DEADBEEF
DEADBEEF
DEADBEEF
DEADBEEF
DEADBEEF
DEADBEEF
DEADBEEF
DEADBEEF
DEADBEEF
DEADBEEF
DEADBEEF
DEADBEEF
DEADBEEF
DEADBEEF
DEADBEEF
DEADBEEF
DEADBEEF
DEADBEEF
DEADBEEF
DEADBEEF
DEADBEEF
DEADBEEF
DEADBEEF
DEADBEEF
DEADBEEF
DEADBEEF
DEADBEEF
DEADBEEF
DEADBEEF
DEADBEEF
DEADBEEF
DEADBEEF
DEADBEEF
DEADBEEF
6F5CA309
00000000
00000000

00000000
00000000
00000000
00000000

02000737
00072023
FFFC7397
21C38393
00038067
FFF00713
020043B7
00E3A023
00E3A223
FFFC7397
20038393
00038067
10000737
000700A3
0C200737
00470713
00072383
00772023
0C002737
00072023
FFFC7397
1D438393
00038067
00200393
3443B073
0200C737
00072023
FFFC7397
1B838393
00038067
FFFC7397
1AC38393
00038067
20000413
34443073
34402473
00001337
80030313
00647433
02830463
10000737
000700A3
0C201737
00470713
00072383
00772023
0C002737
08070713
00072023
FFFC7397
16038393
00038067
FFFC6317
39430313
00030067
FFFC7397
14838393
00038067
FFFC6317
37C30313
00030067
FFFC7397
13038393
00038067
FFFC6317
36430313
00030067
FFFC7397
11838393
00038067
10000337
00330313
00300393
00730023
30401073
34401073
34101073
34301073
34201073
00000013
FFFCD317
FD030313
00000013
00000013
00000013
00000013
00000013
00000013
34031473
24832823
FFF00393
020044B7
0074A023
0074A223
00000013
00000393
22732C23
30502473
24832423
00347393
FFC3F393
23032483
E2848493
0074E3B3
24732023
30539073
30502773
0E770C63
30541073
0A040863
24832023
FFC47393
1D838413
00030113
00000013
00000013
00000013
00000013
00000013
00000013
00000717
04C70713
00000013
00000013
00000013
00000013
00000013
00000013
00000797
0A478793
00000013
00000013
00000013
00000013
00000013
00000013
00F3F663
00877463
03C0006F
0003A783
00F32023
0004A703
00E3A023
0003A783
00E79A63
00438393
00430313
00448493
FC741EE3
00000013
34002373
22932823
04740263
00038413
00000013
00000013
00000013
00000013
00000013
00000013
FFFC6797
1F478793
00000013
00000013
00000013
00000013
00000013
00000013
00078067
00000013
000022B7
80028293
30029073
31001073
0F000293
30A29073
31A01073
32001073
32301073
32401073
32501073
32601073
32701073
32801073
32901073
32A01073
32B01073
32C01073
32D01073
32E01073
32F01073
33001073
33101073
33201073
33301073
33401073
33501073
33601073
33701073
33801073
33901073
33A01073
33B01073
33C01073
33D01073
33E01073
33F01073
FFF00293
30629073
00300513
00000073
00000013
00000013
00000013
00000013
00000013
FFFCD317
DA830313
00000013
00000013
00000013
00000013
00000013
00000013
00032023
FEEDC0B7
EAD08093
01909793
0070D113
00F16133
01911793
00715193
00F1E1B3
01919793
0071D213
00F26233
01921793
00725293
00F2E2B3
01929793
0072D313
00F36333
01931793
00735393
00F3E3B3
01939793
0073D413
00F46433
01941793
00745493
00F4E4B3
01949793
0074D513
00F56533
01951793
00755593
00F5E5B3
01959793
0075D613
00F66633
01961793
00765693
00F6E6B3
01969793
0076D713
00F76733
FAB807B7
BB678793
7D5C0837
DDB80813
01981793
00785893
00F8E8B3
01989793
0078D913
00F96933
01991793
00795993
00F9E9B3
01999793
0079DA13
00FA6A33
019A1793
007A5A93
00FAEAB3
019A9793
007ADB13
00FB6B33
019B1793
007B5B93
00FBEBB3
019B9793
007BDC13
00FC6C33
019C1793
007C5C93
00FCECB3
019C9793
007CDD13
00FD6D33
019D1793
007D5D93
00FDEDB3
019D9793
007DDE13
00FE6E33
019E1793
007E5E93
00FEEEB3
019E9793
007EDF13
00FF6F33
019F1793
007F5F93
00FFEFB3
00000013
00000013
00000013
00000013
00000013
FFFD0117
78010113
00000013
00000013
00000013
00000013
00000013
00000013
6F5CA337
30930313
00000013
00000013
00000013
00000013
00000013
00000013
FFFC7197
FE818193
00000013
00000013
00000013
00000013
00000013
00000013
00012203
00620863
000182E7
8003B520
8000B223
00410113
00000013
00000013
FFFCD197
E3018193
00000013
00000013
00000013
00000013
00000013
00000013
FFFC5317
AA030313
00000013
00000013
00000013
00000013
00000013
00000013
00030067
00054303
02030463
100003B7
00538393
0003C403
02047413
FE040CE3
100003B7
00638023
00150513
FD9FF06F
00008067
FF010113
00112023
00812223
00000097
FC4080E7
00412403
00012083
01010113
00008067
00100093
FFFDF297
30428293
0012A023
0002A223
0000006F
0000006F
00300093
FFFDF297
2E828293
0012A023
0002A223
0000006F
0000006F
00100513
020005B7
00A5A023
00008067
020005B7
0005A023
00008067
00700513
0C0005B7
02A5A423
40000513
0C0025B7
00A5A023
0C2005B7
0005A023
00200513
100005B7
00A580A3
00008067
100005B7
000580A3
0C2005B7
00458593
0005A503
00A5A023
0C0025B7
0005A023
00008067
00000013
00000013
00000013
00000013
00000013
00000013
00000013
00000013
