@0
00041097
11808093
00000013
00000013
00000013
00000013
00000013
00000013
000080E7
00000013
00000013
00000013
00000013
00000013
00000013
00000013
@40
0001A003
00418193
0001A503
00418193
00A045B3
00012203
00B20863
4CC052EF
80000050
80008FF0
00410113
0001A083
00418193
0001A603
00418193
00C0CFB3
00012203
01F20863
4A0052EF
8000007C
8000901D
00410113
00010E13
0001A103
00418193
0001A983
00418193
013143B3
000E2203
00720863
470052EF
800000AC
8000904A
004E0E13
00018513
00052183
00450513
00052003
00450513
0001C333
000E2203
00620863
440052EF
800000DC
80009077
004E0E13
00020393
00028413
00052203
00450513
00052603
00450513
00C24CB3
000E2383
01938863
4240546F
80000110
800090A4
004E0E13
00052283
00450513
00052883
00450513
0112C0B3
000E2383
00138863
3F80546F
8000013C
800090D1
004E0E13
00052303
00450513
00052E83
00450513
01D344B3
000E2383
00938863
3CC0546F
80000168
800090FE
004E0E13
00038213
00040293
00052383
00450513
00052983
00450513
0133C933
000E2203
01220863
380052EF
8000019C
8000912B
004E0E13
00052403
00450513
00052F83
00450513
01F44133
000E2203
00220863
354052EF
800001C8
80009158
004E0E13
00052483
00450513
00052C83
00450513
0194CEB3
000E2203
01D20863
328052EF
800001F4
80009185
004E0E13
00050C13
000C2503
004C0C13
000C2D03
004C0C13
01A54833
000E2203
01020863
2F8052EF
80000224
800091B3
004E0E13
000C2583
004C0C13
000C2C83
004C0C13
0195C833
000E2203
01020863
2CC052EF
80000250
800091E2
004E0E13
000C2603
004C0C13
000C2703
004C0C13
00E64133
000E2203
00220863
2A0052EF
8000027C
80009211
004E0E13
000C2683
004C0C13
000C2B03
004C0C13
0166C8B3
000E2203
01120863
274052EF
800002A8
80009240
004E0E13
000C2703
004C0C13
000C2983
004C0C13
01374033
000E2203
00020863
248052EF
800002D4
8000926F
004E0E13
000C2783
004C0C13
000C2383
004C0C13
0077C033
000E2203
00020863
21C052EF
80000300
8000929E
004E0E13
000C2803
004C0C13
000C2703
004C0C13
00E84BB3
000E2203
01720863
1F0052EF
8000032C
800092CD
004E0E13
000C2883
004C0C13
000C2E83
004C0C13
01D8C433
000E2203
00820863
1C4052EF
80000358
800092FC
004E0E13
000C2903
004C0C13
000C2403
004C0C13
008941B3
000E2203
00320863
198052EF
80000384
8000932B
004E0E13
000C2983
004C0C13
000C2003
004C0C13
0009C1B3
000E2203
00320863
16C052EF
800003B0
8000935A
004E0E13
000C2A03
004C0C13
000C2803
004C0C13
010A4633
000E2203
00C20863
140052EF
800003DC
80009389
004E0E13
000C2A83
004C0C13
000C2603
004C0C13
00CACFB3
000E2203
01F20863
114052EF
80000408
800093B8
004E0E13
000C2B03
004C0C13
000C2383
004C0C13
007B4F33
000E2203
01E20863
0E8052EF
80000434
800093E7
004E0E13
000C2B83
004C0C13
000C2B03
004C0C13
016BC7B3
000E2203
00F20863
0BC052EF
80000460
80009416
004E0E13
000C0F93
000FAC03
004F8F93
000FA903
004F8F93
012C48B3
000E2203
01120863
08C052EF
80000490
80009445
004E0E13
000FAC83
004F8F93
000FA603
004F8F93
00CCC133
000E2203
00220863
060052EF
800004BC
80009474
004E0E13
000FAD03
004F8F93
000FAD83
004F8F93
01BD47B3
000E2203
00F20863
034052EF
800004E8
800094A3
004E0E13
000FAD83
004F8F93
000FAB83
004F8F93
017DC833
000E2203
01020863
008052EF
80000514
800094D2
004E0E13
000E0A13
000FAE03
004F8F93
000FA483
004F8F93
009E4B33
000A2203
01620863
7D9042EF
80000544
80009501
004A0A13
000FAE83
004F8F93
000FA803
004F8F93
010EC433
000A2203
00820863
7AD042EF
80000570
80009530
004A0A13
000FAF03
004F8F93
000FA983
004F8F93
013F4933
000A2203
01220863
781042EF
8000059C
8000955F
004A0A13
000F8B13
000B2F83
004B0B13
000B2483
004B0B13
009FCCB3
000A2203
01920863
751042EF
800005CC
8000958E
004A0A13
000B2503
004B0B13
000B2003
004B0B13
00054133
000A2203
00220863
725042EF
800005F8
800095BD
004A0A13
000B2103
004B0B13
000B2083
004B0B13
00114533
000A2203
00A20863
6F9042EF
80000624
800095EB
004A0A13
000B2703
004B0B13
000B2103
004B0B13
002740B3
000A2203
00120863
6CD042EF
80000650
80009619
004A0A13
000B2783
004B0B13
000B2183
004B0B13
0037C533
000A2203
00A20863
6A1042EF
8000067C
80009647
004A0A13
00020393
00028413
000B2883
004B0B13
000B2203
004B0B13
0048CCB3
000A2383
01938863
6850446F
800006B0
80009675
004A0A13
000B2E03
004B0B13
000B2283
004B0B13
005E49B3
000A2383
01338863
6590446F
800006DC
800096A3
004A0A13
000B2103
004B0B13
000B2303
004B0B13
00614FB3
000A2383
01F38863
62D0446F
80000708
800096D1
004A0A13
00038213
00040293
000B2F83
004B0B13
000B2383
004B0B13
007FCDB3
000A2203
01B20863
5E1042EF
8000073C
800096FF
004A0A13
000B2703
004B0B13
000B2403
004B0B13
00874133
000A2203
00220863
5B5042EF
80000768
8000972D
004A0A13
000B2803
004B0B13
000B2483
004B0B13
00984133
000A2203
00220863
589042EF
80000794
8000975B
004A0A13
000B2C83
004B0B13
000B2503
004B0B13
00ACCE33
000A2203
01C20863
55D042EF
800007C0
80009789
004A0A13
000B2783
004B0B13
000B2583
004B0B13
00B7C6B3
000A2203
00D20863
531042EF
800007EC
800097B8
004A0A13
000B2C03
004B0B13
000B2603
004B0B13
00CC44B3
000A2203
00920863
505042EF
80000818
800097E7
004A0A13
000B2703
004B0B13
000B2683
004B0B13
00D74C33
000A2203
01820863
4D9042EF
80000844
80009816
004A0A13
000B2C03
004B0B13
000B2703
004B0B13
00EC43B3
000A2203
00720863
4AD042EF
80000870
80009845
004A0A13
000B2103
004B0B13
000B2783
004B0B13
00F141B3
000A2203
00320863
481042EF
8000089C
80009874
004A0A13
000B2783
004B0B13
000B2803
004B0B13
0107C6B3
000A2203
00D20863
455042EF
800008C8
800098A3
004A0A13
000B2B83
004B0B13
000B2883
004B0B13
011BC333
000A2203
00620863
429042EF
800008F4
800098D2
004A0A13
000B2483
004B0B13
000B2903
004B0B13
0124C733
000A2203
00E20863
3FD042EF
80000920
80009901
004A0A13
000B2083
004B0B13
000B2983
004B0B13
0130CDB3
000A2203
01B20863
3D1042EF
8000094C
80009930
004A0A13
000A0D93
000B2103
004B0B13
000B2A03
004B0B13
014145B3
000DA203
00B20863
3A1042EF
8000097C
8000995F
004D8D93
000B2D03
004B0B13
000B2A83
004B0B13
015D4FB3
000DA203
01F20863
375042EF
800009A8
8000998E
004D8D93
000B0813
00082D03
00480813
00082B03
00480813
016D41B3
000DA203
00320863
345042EF
800009D8
800099BD
004D8D93
00082083
00480813
00082B83
00480813
0170C533
000DA203
00A20863
319042EF
80000A04
800099EC
004D8D93
00082A03
00480813
00082C03
00480813
018A4533
000DA203
00A20863
2ED042EF
80000A30
80009A1B
004D8D93
00082083
00480813
00082C83
00480813
0190C933
000DA203
01220863
2C1042EF
80000A5C
80009A4A
004D8D93
00082403
00480813
00082D03
00480813
01A44033
000DA203
00020863
295042EF
80000A88
80009A79
004D8D93
000D8A93
00082E83
00480813
00082D83
00480813
01BEC033
000AA203
00020863
265042EF
80000AB8
80009AA8
004A8A93
00082403
00480813
00082E03
00480813
01C443B3
000AA203
00720863
239042EF
80000AE4
80009AD7
004A8A93
00082483
00480813
00082E83
00480813
01D4C5B3
000AA203
00B20863
20D042EF
80000B10
80009B06
004A8A93
00082783
00480813
00082F03
00480813
01E7CFB3
000AA203
01F20863
1E1042EF
80000B3C
80009B35
004A8A93
00082003
00480813
00082F83
00480813
01F04A33
000AA203
01420863
1B5042EF
80000B68
80009B64
004A8A93
00082903
00480813
00082383
00480813
00794033
000AA203
00020863
189042EF
80000B94
80009B93
004A8A93
00082B83
00480813
00082783
00480813
00FBC0B3
000AA203
00120863
15D042EF
80000BC0
80009BC0
004A8A93
00082A03
00480813
00082B83
00480813
017A4133
000AA203
00220863
131042EF
80000BEC
80009BED
004A8A93
00082D03
00480813
00082E83
00480813
01DD41B3
000AA203
00320863
105042EF
80000C18
80009C1A
004A8A93
00020693
00028713
00082D03
00480813
00082A03
00480813
014D4233
000AA683
00468863
1110476F
80000C4C
80009C47
004A8A93
00082403
00480813
00082C83
00480813
019442B3
000AA683
00568863
0E50476F
80000C78
80009C74
004A8A93
00082C03
00480813
00082F03
00480813
01EC4333
000AA683
00668863
0B90476F
80000CA4
80009CA1
004A8A93
00082983
00480813
00082E03
00480813
01C9C3B3
000AA683
00768863
08D0476F
80000CD0
80009CCE
004A8A93
00082B03
00480813
00082483
00480813
009B4433
000AA683
00868863
0610476F
80000CFC
80009CFB
004A8A93
00082983
00480813
00082E03
00480813
01C9C4B3
000AA683
00968863
0350476F
80000D28
80009D28
004A8A93
00082783
00480813
00082283
00480813
0057C533
000AA683
00A68863
0090476F
80000D54
80009D55
004A8A93
00082B83
00480813
00082283
00480813
005BC5B3
000AA683
00B68863
7DC0476F
80000D80
80009D83
004A8A93
00082003
00480813
00082903
00480813
01204633
000AA683
00C68863
7B00476F
80000DAC
80009DB1
004A8A93
00068393
00070413
00082883
00480813
00082C83
00480813
0198C6B3
000AA383
00D38863
7540446F
80000DE0
80009DDF
004A8A93
00082E03
00480813
00082B83
00480813
017E4733
000AA383
00E38863
7280446F
80000E0C
80009E0D
004A8A93
00082D83
00480813
00082583
00480813
00BDC7B3
000AA383
00F38863
6FC0446F
80000E38
80009E3B
004A8A93
00080D13
000D2C83
004D0D13
000D2D83
004D0D13
01BCC833
000AA383
01038863
6CC0446F
80000E68
80009E69
004A8A93
000D2703
004D0D13
000D2E03
004D0D13
01C748B3
000AA383
01138863
6A00446F
80000E94
80009E97
004A8A93
000D2F03
004D0D13
000D2103
004D0D13
002F4933
000AA383
01238863
6740446F
80000EC0
80009EC5
004A8A93
000D2F03
004D0D13
000D2203
004D0D13
004F49B3
000AA383
01338863
6480446F
80000EEC
80009EF3
004A8A93
000D2783
004D0D13
000D2F03
004D0D13
01E7CA33
000AA383
01438863
61C0446F
80000F18
80009F21
004A8A93
000A8E93
000D2003
004D0D13
000D2483
004D0D13
00904AB3
000EA383
01538863
5EC0446F
80000F48
80009F4F
004E8E93
000D2583
004D0D13
000D2A03
004D0D13
0145CB33
000EA383
01638863
5C00446F
80000F74
80009F7D
004E8E93
000D2003
004D0D13
000D2683
004D0D13
00D04BB3
000EA383
01738863
5940446F
80000FA0
80009FAB
004E8E93
000D2C83
004D0D13
000D2703
004D0D13
00ECCC33
000EA383
01838863
5680446F
80000FCC
80009FD9
004E8E93
000D2F03
004D0D13
000D2503
004D0D13
00AF4CB3
000EA383
01938863
53C0446F
80000FF8
8000A007
004E8E93
000D0793
0007A583
00478793
0007AF83
00478793
01F5CD33
000EA383
01A38863
50C0446F
80001028
8000A035
004E8E93
0007A803
00478793
0007A483
00478793
00984DB3
000EA383
01B38863
4E00446F
80001054
8000A063
004E8E93
0007AA03
00478793
0007A103
00478793
002A4E33
000EA383
01C38863
4B40446F
80001080
8000A091
004E8E93
000E8493
0007AC83
00478793
0007A803
00478793
010CCEB3
0004A383
01D38863
4840446F
800010B0
8000A0BF
00448493
0007A703
00478793
0007AA83
00478793
01574F33
0004A383
01E38863
4580446F
800010DC
8000A0ED
00448493
0007AF03
00478793
0007A503
00478793
00AF4FB3
0004A383
01F38863
42C0446F
80001108
8000A11B
00448493
0007AA03
00478793
0007A603
00478793
00CA4AB3
0004A383
01538863
4000446F
80001134
8000A149
00448493
0007AF03
00478793
0007A303
00478793
006F40B3
0004A383
00138863
3D40446F
80001160
8000A17E
00448493
0007AF03
00478793
0007A683
00478793
00DF4BB3
0004A383
01738863
3A80446F
8000118C
8000A1B3
00448493
0007AA83
00478793
0007A503
00478793
00AACF33
0004A383
01E38863
37C0446F
800011B8
8000A1E8
00448493
0007AA03
00478793
0007A883
00478793
011A4CB3
0004A383
01938863
3500446F
800011E4
8000A225
00448493
0007AD83
00478793
0007A203
00478793
004DCB33
0004A383
01638863
3240446F
80001210
8000A262
00448493
0007A283
00478793
0007A203
00478793
0042C733
0004A383
00E38863
2F80446F
8000123C
8000A29F
00448493
0007A183
00478793
0007A083
00478793
0011C9B3
0004A383
01338863
2CC0446F
80001268
8000A2DC
00448493
0007A303
00478793
0007AA03
00478793
01434CB3
0004A383
01938863
2A00446F
80001294
8000A319
00448493
0007A603
00478793
0007A103
00478793
002645B3
0004A383
00B38863
2740446F
800012C0
8000A356
00448493
0007AD83
00478793
0007AD03
00478793
01ADC9B3
0004A383
01338863
2480446F
800012EC
8000A393
00448493
0007AD83
00478793
0007A803
00478793
010DC2B3
0004A383
00538863
21C0446F
80001318
8000A3D0
00448493
0007AC03
00478793
0007A203
00478793
004C4FB3
0004A383
01F38863
1F00446F
80001344
8000A40D
00448493
0007A583
00478793
0007A683
00478793
00D5C233
0004A383
00438863
1C40446F
80001370
8000A443
00448493
0007A903
00478793
0007AB03
00478793
01694C33
0004A383
01838863
1980446F
8000139C
8000A479
00448493
0007A103
00478793
0007A503
00478793
00A14933
0004A383
01238863
16C0446F
800013C8
8000A4AF
00448493
0007A503
00478793
0007AD83
00478793
01B549B3
0004A383
01338863
1400446F
800013F4
8000A4EC
00448493
0007AB03
00478793
0007AF03
00478793
01EB4EB3
0004A383
01D38863
1140446F
80001420
8000A529
00448493
0007A583
00478793
0007A883
00478793
0115C6B3
0004A383
00D38863
0E80446F
8000144C
8000A566
00448493
0007AE83
00478793
0007A703
00478793
00EECDB3
0004A383
01B38863
0BC0446F
80001478
8000A5A3
00448493
0007AE03
00478793
0007AE83
00478793
01DE4833
0004A383
01038863
0900446F
800014A4
8000A5E0
00448493
0007AE83
00478793
0007A303
00478793
006ECF33
0004A383
01E38863
0640446F
800014D0
8000A61D
00448493
0007A083
00478793
0007AC03
00478793
0180CB33
0004A383
01638863
0380446F
800014FC
8000A65A
00448493
0007A803
00478793
0007AC03
00478793
01884533
0004A383
00A38863
00C0446F
80001528
8000A697
00448493
0007AB03
00478793
0007AD03
00478793
01AB4933
0004A383
01238863
7E10346F
80001554
8000A6D4
00448493
0007A883
00478793
0007AD03
00478793
01A8CEB3
0004A383
01D38863
7B50346F
80001580
8000A721
00448493
0007A803
00478793
0007A703
00478793
00E84AB3
0004A383
01538863
7890346F
800015AC
8000A76E
00448493
0007A683
00478793
0007A283
00478793
0056CEB3
0004A383
01D38863
75D0346F
800015D8
8000A7BB
00448493
0007A883
00478793
0007A583
00478793
00B8C1B3
0004A383
00338863
7310346F
80001604
8000A80F
00448493
0007AE03
00478793
0007A303
00478793
006E40B3
0004A383
00138863
7050346F
80001630
8000A863
00448493
0007A703
00478793
0007A983
00478793
01374333
0004A383
00638863
6D90346F
8000165C
8000A8B7
00448493
0007A283
00478793
0007A903
00478793
0122C733
0004A383
00E38863
6AD0346F
80001688
8000A90B
00448493
0007AD83
00478793
0007A883
00478793
011DC333
0004A383
00638863
6810346F
800016B4
8000A95F
00448493
0007A283
00478793
0007AB83
00478793
0172CDB3
0004A383
01B38863
6550346F
800016E0
8000A9B3
00448493
0007AF03
00478793
0007AD83
00478793
01BF41B3
0004A383
00338863
6290346F
8000170C
8000AA07
00448493
0007A083
00478793
0007AF03
00478793
01E0CD33
0004A383
01A38863
5FD0346F
80001738
8000AA5B
00448493
0007AB03
00478793
0007AA83
00478793
015B4A33
0004A383
01438863
5D10346F
80001764
8000AAAF
00448493
0007A183
00478793
0007A903
00478793
0121CD33
0004A383
01A38863
5A50346F
80001790
8000AAFC
00448493
0007A283
00478793
0007A803
00478793
0102C8B3
0004A383
01138863
5790346F
800017BC
8000AB49
00448493
0007A683
00478793
0007AF03
00478793
01E6C9B3
0004A383
01338863
54D0346F
800017E8
8000AB96
00448493
0007AC03
00478793
0007AB83
00478793
017C4D33
0004A383
01A38863
5210346F
80001814
8000ABEA
00448493
0007AB03
00478793
0007AF83
00478793
01FB4133
0004A383
00238863
4F50346F
80001840
8000AC3E
00448493
0007A803
00478793
0007AD03
00478793
01A84F33
0004A383
01E38863
4C90346F
8000186C
8000AC92
00448493
0007A883
00478793
0007A503
00478793
00A8C6B3
0004A383
00D38863
49D0346F
80001898
8000ACE6
00448493
0007A303
00478793
0007AD03
00478793
01A341B3
0004A383
00338863
4710346F
800018C4
8000AD3A
00448493
0007AB83
00478793
0007AD03
00478793
01ABC933
0004A383
01238863
4450346F
800018F0
8000AD8E
00448493
0007AD03
00478793
0007AC83
00478793
019D45B3
0004A383
00B38863
4190346F
8000191C
8000ADE2
00448493
0007AF83
00478793
0007A503
00478793
00AFC6B3
0004A383
00D38863
3ED0346F
80001948
8000AE36
00448493
0007A683
00478793
0007A703
00478793
00E6C2B3
0004A383
00538863
3C10346F
80001974
8000AE8A
00448493
0007A303
00478793
0007A103
00478793
00234733
0004A383
00E38863
3950346F
800019A0
8000AED7
00448493
0007AC83
00478793
0007A683
00478793
00DCC333
0004A383
00638863
3690346F
800019CC
8000AF24
00448493
0007AB03
00478793
0007A883
00478793
011B4733
0004A383
00E38863
33D0346F
800019F8
8000AF71
00448493
0007AF83
00478793
0007A983
00478793
013FCCB3
0004A383
01938863
3110346F
80001A24
8000AFC5
00448493
0007AC83
00478793
0007A503
00478793
00ACCAB3
0004A383
01538863
2E50346F
80001A50
8000B019
00448493
0007A203
00478793
0007A883
00478793
01124B33
0004A383
01638863
2B90346F
80001A7C
8000B06D
00448493
0007A103
00478793
0007AE03
00478793
01C14533
0004A383
00A38863
28D0346F
80001AA8
8000B0C1
00448493
0007A883
00478793
0007AD03
00478793
01A8CB33
0004A383
01638863
2610346F
80001AD4
8000B115
00448493
0007A803
00478793
0007AC03
00478793
01884333
0004A383
00638863
2350346F
80001B00
8000B169
00448493
0007AB83
00478793
0007AC03
00478793
018BC9B3
0004A383
01338863
2090346F
80001B2C
8000B1BD
00448493
0007A803
00478793
0007A183
00478793
00384D33
0004A383
01A38863
1DD0346F
80001B58
8000B211
00448493
0007A103
00478793
0007AC03
00478793
018149B3
0004A383
01338863
1B10346F
80001B84
8000B265
00448493
0007A683
00478793
0007A283
00478793
0056C133
0004A383
00238863
1850346F
80001BB0
8000B2B9
00448493
0007AA03
00478793
0007AE03
00478793
01CA4EB3
0004A383
01D38863
1590346F
80001BDC
8000B30D
00448493
0007A103
00478793
0007A603
00478793
00C14FB3
0004A383
01F38863
12D0346F
80001C08
8000B361
00448493
0007AA83
00478793
0007AF03
00478793
01EAC533
0004A383
00A38863
1010346F
80001C34
8000B3BC
00448493
0007AE83
00478793
0007A503
00478793
00AEC233
0004A383
00438863
0D50346F
80001C60
8000B417
00448493
0007AD03
00478793
0007AC83
00478793
019D4833
0004A383
01038863
0A90346F
80001C8C
8000B472
00448493
0007A703
00478793
0007A303
00478793
00674533
0004A383
00A38863
07D0346F
80001CB8
8000B4CD
00448493
0007AA03
00478793
0007A903
00478793
012A4633
0004A383
00C38863
0510346F
80001CE4
8000B528
00448493
0007A583
00478793
0007AA83
00478793
0155C6B3
0004A383
00D38863
0250346F
80001D10
8000B583
00448493
0007AA03
00478793
0007A583
00478793
00BA4233
0004A383
00438863
7F80346F
80001D3C
8000B5DE
00448493
0007A303
00478793
0007AC03
00478793
018345B3
0004A383
00B38863
7CC0346F
80001D68
8000B639
00448493
0007A303
00478793
0007AE03
00478793
01C34C33
0004A383
01838863
7A00346F
80001D94
8000B694
00448493
0007A303
00478793
0007A103
00478793
00234F33
0004A383
01E38863
7740346F
80001DC0
8000B6E8
00448493
0007AA83
00478793
0007AB83
00478793
017AC2B3
0004A383
00538863
7480346F
80001DEC
8000B73C
00448493
0007A083
00478793
0007A683
00478793
00D0CEB3
0004A383
01D38863
71C0346F
80001E18
8000B790
00448493
0007A183
00478793
0007AD03
00478793
01A1CE33
0004A383
01C38863
6F00346F
80001E44
8000B7EB
00448493
0007AE03
00478793
0007A083
00478793
001E4EB3
0004A383
01D38863
6C40346F
80001E70
8000B846
00448493
0007AC83
00478793
0007AD03
00478793
01ACC233
0004A383
00438863
6980346F
80001E9C
8000B8A1
00448493
0007AC03
00478793
0007A683
00478793
00DC4533
0004A383
00A38863
66C0346F
80001EC8
8000B8FC
00448493
0007AE03
00478793
0007AA83
00478793
015E4BB3
0004A383
01738863
6400346F
80001EF4
8000B957
00448493
0007A803
00478793
0007A103
00478793
002840B3
0004A383
00138863
6140346F
80001F20
8000B9B2
00448493
0007A083
00478793
0007A703
00478793
00E0C5B3
0004A383
00B38863
5E80346F
80001F4C
8000BA0D
00448493
0007AF83
00478793
0007AE83
00478793
01DFCF33
0004A383
01E38863
5BC0346F
80001F78
8000BA68
00448493
0007AD83
00478793
0007AD03
00478793
01ADC733
0004A383
00E38863
5900346F
80001FA4
8000BAC3
00448493
0007AA03
00478793
0007AC83
00478793
019A48B3
0004A383
01138863
5640346F
80001FD0
8000BB17
00448493
0007A803
00478793
0007A103
00478793
00284233
0004A383
00438863
5380346F
80001FFC
8000BB6B
00448493
0007A603
00478793
0007A583
00478793
00B640B3
0004A383
00138863
50C0346F
80002028
8000BBBF
00448493
0007A903
00478793
0007A603
00478793
00C94E33
0004A383
01C38863
4E00346F
80002054
8000BC1A
00448493
0007A283
00478793
0007A583
00478793
00B2C1B3
0004A383
00338863
4B40346F
80002080
8000BC75
00448493
0007A803
00478793
0007AC83
00478793
01984133
0004A383
00238863
4880346F
800020AC
8000BCD0
00448493
0007A683
00478793
0007AF03
00478793
01E6CDB3
0004A383
01B38863
45C0346F
800020D8
8000BD2B
00448493
0007A583
00478793
0007AD83
00478793
01B5C233
0004A383
00438863
4300346F
80002104
8000BD86
00448493
0007A083
00478793
0007AE83
00478793
01D0CBB3
0004A383
01738863
4040346F
80002130
8000BDE1
00448493
0007AC03
00478793
0007A203
00478793
004C4633
0004A383
00C38863
3D80346F
8000215C
8000BE3C
00448493
0007AA03
00478793
0007A883
00478793
011A4BB3
0004A383
01738863
3AC0346F
80002188
8000BE97
00448493
0007A583
00478793
0007A883
00478793
0115CBB3
0004A383
01738863
3800346F
800021B4
8000BEF2
00448493
0007A203
00478793
0007AF83
00478793
01F24733
0004A383
00E38863
3540346F
800021E0
8000BF46
00448493
0007A203
00478793
0007AA03
00478793
01424C33
0004A383
01838863
3280346F
8000220C
8000BF9A
00448493
0007AC83
00478793
0007AD83
00478793
01BCC933
0004A383
01238863
2FC0346F
80002238
8000BFEE
00448493
0007A683
00478793
0007A103
00478793
0026CD33
0004A383
01A38863
2D00346F
80002264
8000C049
00448493
0007AF03
00478793
0007A303
00478793
006F4833
0004A383
01038863
2A40346F
80002290
8000C0A4
00448493
0007AA83
00478793
0007AC03
00478793
018AC9B3
0004A383
01338863
2780346F
800022BC
8000C0FF
00448493
0007A983
00478793
0007A303
00478793
0069CA33
0004A383
01438863
24C0346F
800022E8
8000C15A
00448493
0007A603
00478793
0007A683
00478793
00D64AB3
0004A383
01538863
2200346F
80002314
8000C1B5
00448493
0007AC03
00478793
0007AF03
00478793
01EC4B33
0004A383
01638863
1F40346F
80002340
8000C210
00448493
0007A503
00478793
0007AB03
00478793
016542B3
0004A383
00538863
1C80346F
8000236C
8000C26B
00448493
0007AD03
00478793
0007AD83
00478793
01BD45B3
0004A383
00B38863
19C0346F
80002398
8000C2C6
00448493
0007A283
00478793
0007AB03
00478793
0162C333
0004A383
00638863
1700346F
800023C4
8000C321
00448493
0007AC83
00478793
0007AA03
00478793
014CCFB3
0004A383
01F38863
1440346F
800023F0
8000C375
00448493
0007AC03
00478793
0007A283
00478793
005C49B3
0004A383
01338863
1180346F
8000241C
8000C3C9
00448493
0007A103
00478793
0007A903
00478793
01214AB3
0004A383
01538863
0EC0346F
80002448
8000C41D
00448493
0007A203
00478793
0007A583
00478793
00B24B33
0004A383
01638863
0C00346F
80002474
8000C478
00448493
0007A603
00478793
0007AC03
00478793
01864333
0004A383
00638863
0940346F
800024A0
8000C4D3
00448493
0007A803
00478793
0007A703
00478793
00E84233
0004A383
00438863
0680346F
800024CC
8000C52E
00448493
0007A503
00478793
0007AC03
00478793
01854BB3
0004A383
01738863
03C0346F
800024F8
8000C589
00448493
0007A183
00478793
0007A883
00478793
0111CA33
0004A383
01438863
0100346F
80002524
8000C5E4
00448493
0007AA83
00478793
0007AF03
00478793
01EACC33
0004A383
01838863
7E50246F
80002550
8000C63F
00448493
0007A103
00478793
0007A903
00478793
01214BB3
0004A383
01738863
7B90246F
8000257C
8000C69A
00448493
0007AF83
00478793
0007A083
00478793
001FCAB3
0004A383
01538863
78D0246F
800025A8
8000C6F5
00448493
0007A683
00478793
0007A203
00478793
0046C2B3
0004A383
00538863
7610246F
800025D4
8000C750
00448493
0007A703
00478793
0007AF03
00478793
01E74133
0004A383
00238863
7350246F
80002600
8000C7A4
00448493
0007A983
00478793
0007A503
00478793
00A9CDB3
0004A383
01B38863
7090246F
8000262C
8000C7F8
00448493
0007A083
00478793
0007AA03
00478793
0140CFB3
0004A383
01F38863
6DD0246F
80002658
8000C84C
00448493
0007A983
00478793
0007A603
00478793
00C9CAB3
0004A383
01538863
6B10246F
80002684
8000C8A7
00448493
0007A583
00478793
0007AA03
00478793
0145CAB3
0004A383
01538863
6850246F
800026B0
8000C902
00448493
0007AB83
00478793
0007A503
00478793
00ABC2B3
0004A383
00538863
6590246F
800026DC
8000C95D
00448493
0007AD83
00478793
0007AA03
00478793
014DC933
0004A383
01238863
62D0246F
80002708
8000C9B8
00448493
0007AA83
00478793
0007AD83
00478793
01BAC233
0004A383
00438863
6010246F
80002734
8000CA13
00448493
0007AA83
00478793
0007A283
00478793
005AC8B3
0004A383
01138863
5D50246F
80002760
8000CA6E
00448493
0007AC83
00478793
0007A683
00478793
00DCC2B3
0004A383
00538863
5A90246F
8000278C
8000CAC9
00448493
0007A503
00478793
0007AE83
00478793
01D546B3
0004A383
00D38863
57D0246F
800027B8
8000CB24
00448493
0007A203
00478793
0007AE03
00478793
01C24733
0004A383
00E38863
5510246F
800027E4
8000CB7F
00448493
0007AE03
00478793
0007AD03
00478793
01AE4B33
0004A383
01638863
5250246F
80002810
8000CBD3
00448493
0007A183
00478793
0007AF83
00478793
01F1C5B3
0004A383
00B38863
4F90246F
8000283C
8000CC27
00448493
0007A503
00478793
0007A083
00478793
00154AB3
0004A383
01538863
4CD0246F
80002868
8000CC7B
00448493
0007A703
00478793
0007A903
00478793
012749B3
0004A383
01338863
4A10246F
80002894
8000CCD6
00448493
0007AB83
00478793
0007A883
00478793
011BC733
0004A383
00E38863
4750246F
800028C0
8000CD31
00448493
0007A083
00478793
0007A803
00478793
0100CC33
0004A383
01838863
4490246F
800028EC
8000CD8C
00448493
0007A903
00478793
0007AF03
00478793
01E948B3
0004A383
01138863
41D0246F
80002918
8000CDE7
00448493
0007AF03
00478793
0007AA03
00478793
014F4833
0004A383
01038863
3F10246F
80002944
8000CE42
00448493
0007A183
00478793
0007A103
00478793
0021CD33
0004A383
01A38863
3C50246F
80002970
8000CE9D
00448493
0007A283
00478793
0007A983
00478793
0132CAB3
0004A383
01538863
3990246F
8000299C
8000CEF8
00448493
0007A303
00478793
0007A803
00478793
01034D33
0004A383
01A38863
36D0246F
800029C8
8000CF53
00448493
0007A803
00478793
0007A303
00478793
00684FB3
0004A383
01F38863
3410246F
800029F4
8000CFAE
00448493
0007A883
00478793
0007A683
00478793
00D8C133
0004A383
00238863
3150246F
80002A20
8000D002
00448493
0007AE83
00478793
0007A303
00478793
006EC633
0004A383
00C38863
2E90246F
80002A4C
8000D056
00448493
0007AD83
00478793
0007A203
00478793
004DC1B3
0004A383
00338863
2BD0246F
80002A78
8000D0AA
00448493
0007AE83
00478793
0007A503
00478793
00AECDB3
0004A383
01B38863
2910246F
80002AA4
8000D105
00448493
0007AE83
00478793
0007A983
00478793
013ECA33
0004A383
01438863
2650246F
80002AD0
8000D160
00448493
0007A803
00478793
0007AB83
00478793
017849B3
0004A383
01338863
2390246F
80002AFC
8000D1BB
00448493
0007AD83
00478793
0007AC83
00478793
019DCBB3
0004A383
01738863
20D0246F
80002B28
8000D216
00448493
0007AD03
00478793
0007AD83
00478793
01BD49B3
0004A383
01338863
1E10246F
80002B54
8000D271
00448493
0007A283
00478793
0007AA03
00478793
0142CB33
0004A383
01638863
1B50246F
80002B80
8000D2CC
00448493
0007A883
00478793
0007A503
00478793
00A8CC33
0004A383
01838863
1890246F
80002BAC
8000D327
00448493
0007AA83
00478793
0007AB83
00478793
017ACB33
0004A383
01638863
15D0246F
80002BD8
8000D382
00448493
0007A683
00478793
0007A983
00478793
0136C233
0004A383
00438863
1310246F
80002C04
8000D3DD
00448493
0007AE83
00478793
0007A183
00478793
003ECA33
0004A383
01438863
1050246F
80002C30
8000D431
00448493
0007A503
00478793
0007AE03
00478793
01C54FB3
0004A383
01F38863
0D90246F
80002C5C
8000D485
00448493
0007AC83
00478793
0007A683
00478793
00DCC5B3
0004A383
00B38863
0AD0246F
80002C88
8000D4D9
00448493
0007A283
00478793
0007A183
00478793
0032CE33
0004A383
01C38863
0810246F
80002CB4
8000D534
00448493
0007A603
00478793
0007AE03
00478793
01C64EB3
0004A383
01D38863
0550246F
80002CE0
8000D58F
00448493
0007AC03
00478793
0007AE83
00478793
01DC40B3
0004A383
00138863
0290246F
80002D0C
8000D5EA
00448493
0007A683
00478793
0007AD03
00478793
01A6CCB3
0004A383
01938863
7FC0246F
80002D38
8000D645
00448493
0007A683
00478793
0007AD03
00478793
01A6C233
0004A383
00438863
7D00246F
80002D64
8000D6A0
00448493
0007A103
00478793
0007A803
00478793
01014C33
0004A383
01838863
7A40246F
80002D90
8000D6FB
00448493
0007A683
00478793
0007A183
00478793
0036C233
0004A383
00438863
7780246F
80002DBC
8000D756
00448493
0007AD83
00478793
0007AE03
00478793
01CDC833
0004A383
01038863
74C0246F
80002DE8
8000D7B1
00448493
0007A003
00478793
0007A003
00478793
00004DB3
0004A383
01B38863
7200246F
80002E14
8000D80C
00448493
0007A083
00478793
0007A083
00478793
0010CF33
0004A383
01E38863
6F40246F
80002E40
8000D840
00448493
0007A103
00478793
0007A103
00478793
002149B3
0004A383
01338863
6C80246F
80002E6C
8000D874
00448493
0007A183
00478793
0007A183
00478793
0031CBB3
0004A383
01738863
69C0246F
80002E98
8000D8A8
00448493
0007A203
00478793
0007A203
00478793
00424BB3
0004A383
01738863
6700246F
80002EC4
8000D8DC
00448493
0007A283
00478793
0007A283
00478793
0052CEB3
0004A383
01D38863
6440246F
80002EF0
8000D910
00448493
0007A303
00478793
0007A303
00478793
00634633
0004A383
00C38863
6180246F
80002F1C
8000D944
00448493
00038213
00040293
0007A383
00478793
0007A383
00478793
0073CAB3
0004A203
01520863
5CC022EF
80002F50
8000D978
00448493
0007A403
00478793
0007A403
00478793
00844F33
0004A203
01E20863
5A0022EF
80002F7C
8000D9AC
00448493
00048313
0007A483
00478793
0007A483
00478793
0094C833
00032203
01020863
570022EF
80002FAC
8000D9E0
00430313
0007A503
00478793
0007A503
00478793
00A54933
00032203
01220863
544022EF
80002FD8
8000DA14
00430313
0007A583
00478793
0007A583
00478793
00B5CFB3
00032203
01F20863
518022EF
80003004
8000DA49
00430313
0007A603
00478793
0007A603
00478793
00C641B3
00032203
00320863
4EC022EF
80003030
8000DA7E
00430313
0007A683
00478793
0007A683
00478793
00D6CCB3
00032203
01920863
4C0022EF
8000305C
8000DAB3
00430313
0007A703
00478793
0007A703
00478793
00E74FB3
00032203
01F20863
494022EF
80003088
8000DAE8
00430313
00078113
00012783
00410113
00012783
00410113
00F7C5B3
00032203
00B20863
464022EF
800030B8
8000DB1D
00430313
00012803
00410113
00012803
00410113
01084DB3
00032203
01B20863
438022EF
800030E4
8000DB52
00430313
00012883
00410113
00012883
00410113
0118C6B3
00032203
00D20863
40C022EF
80003110
8000DB87
00430313
00012903
00410113
00012903
00410113
012941B3
00032203
00320863
3E0022EF
8000313C
8000DBBC
00430313
00012983
00410113
00012983
00410113
0139C033
00032203
00020863
3B4022EF
80003168
8000DBF1
00430313
00012A03
00410113
00012A03
00410113
014A4E33
00032203
01C20863
388022EF
80003194
8000DC26
00430313
00012A83
00410113
00012A83
00410113
015AC533
00032203
00A20863
35C022EF
800031C0
8000DC5B
00430313
00012B03
00410113
00012B03
00410113
016B4A33
00032203
01420863
330022EF
800031EC
8000DC90
00430313
00012B83
00410113
00012B83
00410113
017BC0B3
00032203
00120863
304022EF
80003218
8000DCC5
00430313
00012C03
00410113
00012C03
00410113
018C40B3
00032203
00120863
2D8022EF
80003244
8000DCFA
00430313
00012C83
00410113
00012C83
00410113
019CC9B3
00032203
01320863
2AC022EF
80003270
8000DD2F
00430313
00012D03
00410113
00012D03
00410113
01AD4CB3
00032203
01920863
280022EF
8000329C
8000DD64
00430313
00012D83
00410113
00012D83
00410113
01BDC433
00032203
00820863
254022EF
800032C8
8000DD99
00430313
00012E03
00410113
00012E03
00410113
01CE4A33
00032203
01420863
228022EF
800032F4
8000DDCE
00430313
00012E83
00410113
00012E83
00410113
01DEC733
00032203
00E20863
1FC022EF
80003320
8000DE03
00430313
00012F03
00410113
00012F03
00410113
01EF4833
00032203
01020863
1D0022EF
8000334C
8000DE38
00430313
00012F83
00410113
00012F83
00410113
01FFCC33
00032203
01820863
1A4022EF
80003378
8000DE6D
00430313
00012003
00410113
00012883
00410113
01104033
00032203
00020863
178022EF
800033A4
8000DEA2
00430313
00012083
00410113
00012183
00410113
0030C0B3
00032203
00120863
14C022EF
800033D0
8000DED5
00430313
00010F13
000F2103
004F0F13
000F2583
004F0F13
00B14133
00032203
00220863
11C022EF
80003400
8000DF08
00430313
000F2183
004F0F13
000F2D03
004F0F13
01A1C1B3
00032203
00320863
0F0022EF
8000342C
8000DF3B
00430313
00020393
00028413
000F2203
004F0F13
000F2583
004F0F13
00B24233
00032383
00438863
0D40246F
80003460
8000DF6E
00430313
000F2283
004F0F13
000F2983
004F0F13
0132C2B3
00032383
00538863
0A80246F
8000348C
8000DFA1
00430313
00030893
000F2303
004F0F13
000F2603
004F0F13
00C34333
0008A383
00638863
0780246F
800034BC
8000DFD4
00488893
00038213
00040293
000F2383
004F0F13
000F2903
004F0F13
0123C3B3
0008A203
00720863
02C022EF
800034F0
8000E007
00488893
000F2403
004F0F13
000F2B83
004F0F13
01744433
0008A203
00820863
000022EF
8000351C
8000E03A
00488893
000F2483
004F0F13
000F2903
004F0F13
0124C4B3
0008A203
00920863
7D5012EF
80003548
8000E06D
00488893
000F2503
004F0F13
000F2D03
004F0F13
01A54533
0008A203
00A20863
7A9012EF
80003574
8000E0A0
00488893
000F2583
004F0F13
000F2C83
004F0F13
0195C5B3
0008A203
00B20863
77D012EF
800035A0
8000E0D4
00488893
000F2603
004F0F13
000F2103
004F0F13
00264633
0008A203
00C20863
751012EF
800035CC
8000E108
00488893
000F2683
004F0F13
000F2F83
004F0F13
01F6C6B3
0008A203
00D20863
725012EF
800035F8
8000E13C
00488893
000F2703
004F0F13
000F2983
004F0F13
01374733
0008A203
00E20863
6F9012EF
80003624
8000E170
00488893
000F2783
004F0F13
000F2683
004F0F13
00D7C7B3
0008A203
00F20863
6CD012EF
80003650
8000E1A4
00488893
000F2803
004F0F13
000F2D03
004F0F13
01A84833
0008A203
01020863
6A1012EF
8000367C
8000E1D8
00488893
00088113
000F2883
004F0F13
000F2703
004F0F13
00E8C8B3
00012203
01120863
671012EF
800036AC
8000E20C
00410113
000F2903
004F0F13
000F2C83
004F0F13
01994933
00012203
01220863
645012EF
800036D8
8000E240
00410113
000F2983
004F0F13
000F2183
004F0F13
0039C9B3
00012203
01320863
619012EF
80003704
8000E274
00410113
000F2A03
004F0F13
000F2B83
004F0F13
017A4A33
00012203
01420863
5ED012EF
80003730
8000E2A8
00410113
000F2A83
004F0F13
000F2783
004F0F13
00FACAB3
00012203
01520863
5C1012EF
8000375C
8000E2DC
00410113
000F2B03
004F0F13
000F2D03
004F0F13
01AB4B33
00012203
01620863
595012EF
80003788
8000E310
00410113
000F2B83
004F0F13
000F2A03
004F0F13
014BCBB3
00012203
01720863
569012EF
800037B4
8000E344
00410113
000F2C03
004F0F13
000F2D03
004F0F13
01AC4C33
00012203
01820863
53D012EF
800037E0
8000E378
00410113
000F2C83
004F0F13
000F2703
004F0F13
00ECCCB3
00012203
01920863
511012EF
8000380C
8000E3AC
00410113
000F2D03
004F0F13
000F2F83
004F0F13
01FD4D33
00012203
01A20863
4E5012EF
80003838
8000E3E0
00410113
000F2D83
004F0F13
000F2E03
004F0F13
01CDCDB3
00012203
01B20863
4B9012EF
80003864
8000E414
00410113
000F2E03
004F0F13
000F2483
004F0F13
009E4E33
00012203
01C20863
48D012EF
80003890
8000E448
00410113
000F2E83
004F0F13
000F2403
004F0F13
008ECEB3
00012203
01D20863
461012EF
800038BC
8000E47C
00410113
000F0E13
000E2F03
004E0E13
000E2D03
004E0E13
01AF4F33
00012203
01E20863
431012EF
800038EC
8000E4B0
00410113
000E2F83
004E0E13
000E2403
004E0E13
008FCFB3
00012203
01F20863
405012EF
80003918
8000E4E4
00410113
000E2D03
004E0E13
000E2003
004E0E13
000D4033
00012203
00020863
3D9012EF
80003944
8000E518
00410113
000E2883
004E0E13
000E2083
004E0E13
0018C0B3
00012203
00120863
3AD012EF
80003970
8000E54B
00410113
00010F93
000E2483
004E0E13
000E2103
004E0E13
0024C133
000FA203
00220863
37D012EF
800039A0
8000E57E
004F8F93
000E2983
004E0E13
000E2183
004E0E13
0039C1B3
000FA203
00320863
351012EF
800039CC
8000E5B1
004F8F93
00020393
00028413
000E2303
004E0E13
000E2203
004E0E13
00434233
000FA383
00438863
3350146F
80003A00
8000E5E4
004F8F93
000E2C03
004E0E13
000E2283
004E0E13
005C42B3
000FA383
00538863
3090146F
80003A2C
8000E617
004F8F93
000E2503
004E0E13
000E2303
004E0E13
00654333
000FA383
00638863
2DD0146F
80003A58
8000E64A
004F8F93
00038213
00040293
000E2A83
004E0E13
000E2383
004E0E13
007AC3B3
000FA203
00720863
291012EF
80003A8C
8000E67D
004F8F93
000E2A83
004E0E13
000E2403
004E0E13
008AC433
000FA203
00820863
265012EF
80003AB8
8000E6B0
004F8F93
000E2803
004E0E13
000E2483
004E0E13
009844B3
000FA203
00920863
239012EF
80003AE4
8000E6E3
004F8F93
000E2883
004E0E13
000E2503
004E0E13
00A8C533
000FA203
00A20863
20D012EF
80003B10
8000E716
004F8F93
000E2803
004E0E13
000E2583
004E0E13
00B845B3
000FA203
00B20863
1E1012EF
80003B3C
8000E74A
004F8F93
000E2A83
004E0E13
000E2603
004E0E13
00CAC633
000FA203
00C20863
1B5012EF
80003B68
8000E77E
004F8F93
000E2F03
004E0E13
000E2683
004E0E13
00DF46B3
000FA203
00D20863
189012EF
80003B94
8000E7B2
004F8F93
000E2A03
004E0E13
000E2703
004E0E13
00EA4733
000FA203
00E20863
15D012EF
80003BC0
8000E7E6
004F8F93
000E2003
004E0E13
000E2783
004E0E13
00F047B3
000FA203
00F20863
131012EF
80003BEC
8000E81A
004F8F93
000E2883
004E0E13
000E2803
004E0E13
0108C833
000FA203
01020863
105012EF
80003C18
8000E84E
004F8F93
000E2A83
004E0E13
000E2883
004E0E13
011AC8B3
000FA203
01120863
0D9012EF
80003C44
8000E882
004F8F93
000E2E83
004E0E13
000E2903
004E0E13
012EC933
000FA203
01220863
0AD012EF
80003C70
8000E8B6
004F8F93
000E2503
004E0E13
000E2983
004E0E13
013549B3
000FA203
01320863
081012EF
80003C9C
8000E8EA
004F8F93
000E2683
004E0E13
000E2A03
004E0E13
0146CA33
000FA203
01420863
055012EF
80003CC8
8000E91E
004F8F93
000E2403
004E0E13
000E2A83
004E0E13
01544AB3
000FA203
01520863
029012EF
80003CF4
8000E952
004F8F93
000E2183
004E0E13
000E2B03
004E0E13
0161CB33
000FA203
01620863
7FC012EF
80003D20
8000E986
004F8F93
000E2D03
004E0E13
000E2B83
004E0E13
017D4BB3
000FA203
01720863
7D0012EF
80003D4C
8000E9BA
004F8F93
000E2903
004E0E13
000E2C03
004E0E13
01894C33
000FA203
01820863
7A4012EF
80003D78
8000E9EE
004F8F93
000E2583
004E0E13
000E2C83
004E0E13
0195CCB3
000FA203
01920863
778012EF
80003DA4
8000EA22
004F8F93
000E2403
004E0E13
000E2D03
004E0E13
01A44D33
000FA203
01A20863
74C012EF
80003DD0
8000EA56
004F8F93
000E2D03
004E0E13
000E2D83
004E0E13
01BD4DB3
000FA203
01B20863
720012EF
80003DFC
8000EA8A
004F8F93
000E0993
0009A503
00498993
0009AE03
00498993
01C54E33
000FA203
01C20863
6F0012EF
80003E2C
8000EABE
004F8F93
0009AC83
00498993
0009AE83
00498993
01DCCEB3
000FA203
01D20863
6C4012EF
80003E58
8000EAF2
004F8F93
0009A403
00498993
0009AF03
00498993
01E44F33
000FA203
01E20863
698012EF
80003E84
8000EB26
004F8F93
000F8893
0009A183
00498993
0009AF83
00498993
01F1CFB3
0008A203
01F20863
668012EF
80003EB4
8000EB5A
00488893
0009A003
00498993
0009A003
00498993
00004033
0008A203
00020863
63C012EF
80003EE0
8000EB8E
00488893
0009A083
00498993
0009A083
00498993
0010C0B3
0008A203
00120863
610012EF
80003F0C
8000EBC5
00488893
0009A103
00498993
0009A103
00498993
00214133
0008A203
00220863
5E4012EF
80003F38
8000EBFC
00488893
0009A183
00498993
0009A183
00498993
0031C1B3
0008A203
00320863
5B8012EF
80003F64
8000EC33
00488893
00020393
00028413
0009A203
00498993
0009A203
00498993
00424233
0008A383
00438863
59C0146F
80003F98
8000EC6A
00488893
0009A283
00498993
0009A283
00498993
0052C2B3
0008A383
00538863
5700146F
80003FC4
8000ECA1
00488893
0009A303
00498993
0009A303
00498993
00634333
0008A383
00638863
5440146F
80003FF0
8000ECD8
00488893
00038693
00040713
0009A383
00498993
0009A383
00498993
0073C3B3
0008A683
00768863
5380176F
80004024
8000ED0F
00488893
0009A403
00498993
0009A403
00498993
00844433
0008A683
00868863
50C0176F
80004050
8000ED46
00488893
0009A483
00498993
0009A483
00498993
0094C4B3
0008A683
00968863
4E00176F
8000407C
8000ED7D
00488893
0009A503
00498993
0009A503
00498993
00A54533
0008A683
00A68863
4B40176F
800040A8
8000EDB4
00488893
0009A583
00498993
0009A583
00498993
00B5C5B3
0008A683
00B68863
4880176F
800040D4
8000EDEC
00488893
0009A603
00498993
0009A603
00498993
00C64633
0008A683
00C68863
45C0176F
80004100
8000EE24
00488893
00068213
00070293
0009A683
00498993
0009A683
00498993
00D6C6B3
0008A203
00D20863
3E8012EF
80004134
8000EE5C
00488893
0009A703
00498993
0009A703
00498993
00E74733
0008A203
00E20863
3BC012EF
80004160
8000EE94
00488893
0009A783
00498993
0009A783
00498993
00F7C7B3
0008A203
00F20863
390012EF
8000418C
8000EECC
00488893
0009A803
00498993
0009A803
00498993
01084833
0008A203
01020863
364012EF
800041B8
8000EF04
00488893
00088913
0009A883
00498993
0009A883
00498993
0118C8B3
00092203
01120863
334012EF
800041E8
8000EF3C
00490913
00090A13
0009A903
00498993
0009A903
00498993
01294933
000A2203
01220863
304012EF
80004218
8000EF74
004A0A13
00098893
0008A983
00488893
0008A983
00488893
0139C9B3
000A2203
01320863
2D4012EF
80004248
8000EFAC
004A0A13
000A0D13
0008AA03
00488893
0008AA03
00488893
014A4A33
000D2203
01420863
2A4012EF
80004278
8000EFE4
004D0D13
0008AA83
00488893
0008AA83
00488893
015ACAB3
000D2203
01520863
278012EF
800042A4
8000F01C
004D0D13
0008AB03
00488893
0008AB03
00488893
016B4B33
000D2203
01620863
24C012EF
800042D0
8000F054
004D0D13
0008AB83
00488893
0008AB83
00488893
017BCBB3
000D2203
01720863
220012EF
800042FC
8000F08C
004D0D13
0008AC03
00488893
0008AC03
00488893
018C4C33
000D2203
01820863
1F4012EF
80004328
8000F0C4
004D0D13
0008AC83
00488893
0008AC83
00488893
019CCCB3
000D2203
01920863
1C8012EF
80004354
8000F0FC
004D0D13
000D0493
0008AD03
00488893
0008AD03
00488893
01AD4D33
0004A203
01A20863
198012EF
80004384
8000F134
00448493
0008AD83
00488893
0008AD83
00488893
01BDCDB3
0004A203
01B20863
16C012EF
800043B0
8000F16C
00448493
0008AE03
00488893
0008AE03
00488893
01CE4E33
0004A203
01C20863
140012EF
800043DC
8000F1A4
00448493
0008AE83
00488893
0008AE83
00488893
01DECEB3
0004A203
01D20863
114012EF
80004408
8000F1DC
00448493
0008AF03
00488893
0008AF03
00488893
01EF4F33
0004A203
01E20863
0E8012EF
80004434
8000F214
00448493
0008AF83
00488893
0008AF83
00488893
01FFCFB3
0004A203
01F20863
0BC012EF
80004460
8000F24C
00448493
00048113
00000513
00000073
FFF00513
1D800413
34002373
23832383
23C32483
22032383
25032483
34049073
24832483
305493F3
FFC4F493
FFC3F393
00749E63
00030493
0004A783
00F3A023
00438393
00448493
FE83C8E3
00000013
00000013
00000013
00000497
29048493
00000013
00000013
00000013
00000013
00000013
00000013
10E49863
00000013
00000013
00000013
00000013
00000013
00000013
00000013
0000B517
3EA50513
00000013
00000013
00000013
00000013
00000013
00000013
0003D097
084080E7
00000013
00000013
00000013
00000013
00000013
00000013
0000B517
3DF50513
00000013
00000013
00000013
00000013
00000013
00000013
0003D097
044080E7
00000013
00000013
00000013
00000013
00000013
00000013
0000B517
3FF50513
00000013
00000013
00000013
00000013
00000013
00000013
0003D097
004080E7
00000013
00000013
00000013
00000013
00000013
00000013
0000C517
F6A50513
00000013
00000013
00000013
00000013
00000013
00000013
0003D097
FC4080E7
0003D097
02C080E7
00000013
00000013
00000013
00000013
00004317
D0830313
00000013
00000013
00000013
00000013
00000013
00000013
00032303
00000013
00000013
00000013
00000013
00000013
00000013
00000013
0000D397
FC838393
00000013
00000013
00000013
00000013
00000013
00000013
40730333
00000013
00000013
00000013
00000013
00000013
00000013
00000013
0000D417
F8040413
00000013
00000013
00000013
00000013
00000013
00000013
00042203
00620863
6C9003EF
80004610
8000FAF3
BAD0E4B7
EAD48493
00E49A63
6B1003EF
800047A4
8000F961
00000341
00000013
00000013
00000013
00000013
0000B517
1D450513
00000013
00000013
00000013
00000013
00000013
00000013
0003D097
EA4080E7
0003D097
EF0080E7
00000013
00000013
00000013
00000013
0000B517
1CA50513
00000013
00000013
00000013
00000013
00000013
00000013
0003D097
E64080E7
0003D097
ECC080E7
00000013
00000013
00000013
00000013
00000717
FF070713
00000013
00000013
00000013
00000013
00000013
00000013
CE1FF06F
BAD0E737
EAD70713
CD5FF06F
00000013
00000013
00000013
00000013
0800006F
0880006F
0900006F
0980006F
0A00006F
0A80006F
0B00006F
0B80006F
0C00006F
0C80006F
0D00006F
0D80006F
0E00006F
0E80006F
0F00006F
0F80006F
1000006F
1080006F
1100006F
1180006F
1200006F
1280006F
1300006F
1380006F
1400006F
13C0006F
1380006F
1340006F
1300006F
12C0006F
1280006F
1240006F
34011173
26F12823
13C007EF
34011173
26F12823
130007EF
34011173
26F12823
124007EF
34011173
26F12823
118007EF
34011173
26F12823
10C007EF
34011173
26F12823
100007EF
34011173
26F12823
0F4007EF
34011173
26F12823
0E8007EF
34011173
26F12823
0DC007EF
34011173
26F12823
0D0007EF
34011173
26F12823
0C4007EF
34011173
26F12823
0B8007EF
34011173
26F12823
0AC007EF
34011173
26F12823
0A0007EF
34011173
26F12823
094007EF
34011173
26F12823
088007EF
34011173
26F12823
07C007EF
34011173
26F12823
070007EF
34011173
26F12823
064007EF
34011173
26F12823
058007EF
34011173
26F12823
04C007EF
34011173
26F12823
040007EF
34011173
26F12823
034007EF
34011173
26F12823
028007EF
00000317
B7830313
00000013
00000013
00000013
00000013
00000013
00000013
00030067
26E12623
34011773
26E12A23
23012703
00070067
26912423
26812223
26712023
24612E23
00000013
00000013
00000013
00000013
00000013
00000013
00003317
74830313
00000013
00000013
00000013
00000013
00000013
00000013
00032383
00138393
00732023
34202773
800014B7
FFF48493
00E4F4B3
FFE48413
00041663
2A050AE3
58C0006F
FF848413
00245413
58041063
2A0500E3
FFF50493
00500393
0274E063
07300393
00750463
0800006F
34102573
00450413
34141073
7E40006F
341024F3
00448493
34149073
00100393
00750E63
00200393
02750263
00300393
02750C63
FFF00513
7B80006F
000024B7
80048493
3004A073
7A80006F
000024B7
80048493
3004B073
000014B7
80048493
3004A073
78C0006F
000024B7
80048493
3004B073
77C0006F
00000013
00000013
00000013
00000013
00000013
00000397
17038393
00000013
00000013
00000013
00000013
00000013
00000013
0003A403
00A40863
04040863
00838393
FF1FF06F
00008493
00000013
00000013
00000097
02408093
00000013
00000013
00000013
00000013
00000013
00000013
00038067
00048093
34102473
00440413
34141073
6F00006F
00050493
00000013
0000C517
44150513
00000013
00000013
00000013
00000013
00000013
00000013
0003D097
A64080E7
00048513
02000593
4C8020EF
00000013
00000013
00000013
0000B517
87850513
00000013
00000013
00000013
00000013
00000013
00000013
0003D097
A24080E7
00000013
00000013
00000013
00000013
00000013
00000013
0000B517
E4850513
00000013
00000013
00000013
00000013
00000013
00000013
0003D097
9E4080E7
00000013
00000013
00000013
00000013
00000013
00000013
0000B517
D0A50513
00000013
00000013
00000013
00000013
00000013
00000013
0003D097
9A4080E7
0003D097
A0C080E7
30002573
00008067
30059073
00008067
3005A073
00008067
3005B073
00008067
30402573
00008067
30459073
00008067
3045A073
00008067
3045B073
00008067
30602573
00008067
30659073
00008067
3065A073
00008067
3065B073
00008067
30A02573
00008067
30A59073
00008067
30A5A073
00008067
30A5B073
00008067
34402573
00008067
34459073
00008067
3445A073
00008067
3445B073
00008067
74702573
00008067
74759073
00008067
7475A073
00008067
7475B073
00008067
32002573
00008067
32059073
00008067
3205A073
00008067
3205B073
00008067
B0002573
00008067
B0059073
00008067
B005A073
00008067
B005B073
00008067
B0202573
00008067
B0259073
00008067
B025A073
00008067
B025B073
00008067
10002573
00008067
10059073
00008067
1005A073
00008067
1005B073
00008067
10402573
00008067
10459073
00008067
1045A073
00008067
1045B073
00008067
10602573
00008067
10659073
00008067
1065A073
00008067
1065B073
00008067
10A02573
00008067
10A59073
00008067
10A5A073
00008067
10A5B073
00008067
14402573
00008067
14459073
00008067
1445A073
00008067
1445B073
00008067
14D02573
00008067
14D59073
00008067
14D5A073
00008067
14D5B073
00008067
18002573
00008067
18059073
00008067
1805A073
00008067
1805B073
00008067
7A002573
00008067
7A059073
00008067
7A05A073
00008067
7A05B073
00008067
7A102573
00008067
7A159073
00008067
7A15A073
00008067
7A15B073
00008067
7A202573
00008067
7A259073
00008067
7A25A073
00008067
7A25B073
00008067
7A302573
00008067
7A359073
00008067
7A35A073
00008067
7A35B073
00008067
7A402573
00008067
7A459073
00008067
7A45A073
00008067
7A45B073
00008067
7A502573
00008067
7A559073
00008067
7A55A073
00008067
7A55B073
00008067
7A802573
00008067
7A859073
00008067
7A85A073
00008067
7A85B073
00008067
7AA02573
00008067
7AA59073
00008067
7AA5A073
00008067
7AA5B073
00008067
5A802573
00008067
5A859073
00008067
5A85A073
00008067
5A85B073
00008067
6A802573
00008067
6A859073
00008067
6A85A073
00008067
6A85B073
00008067
0005A503
00008067
0045A503
00008067
00C5A023
00008067
00C5A223
00008067
00000000
01000393
00075C63
00171413
FF240413
00045663
00C00393
0040006F
D6810113
4B012303
007304B3
4A912823
49012403
40830333
29810113
1F812403
00830333
34102473
00000013
00000013
0000A497
3F848493
00000013
00000013
00000013
00000013
00000013
00000013
0084A023
00E4A423
34302473
0084A823
30002473
0084AC23
00000013
00000013
0001B417
06C40413
00000013
00000013
00000013
00000013
00000013
00000013
007304B3
F2946663
24012403
408787B3
00179493
009787B3
0057D793
00679793
0077E7B3
00378793
02075A63
00F00413
00877433
304024F3
0084D4B3
0014F493
00B49493
0097E7B3
344024F3
0084D4B3
0014F493
00C49493
0097E7B3
300023F3
00F39393
0023D393
0021A437
FE540413
FFF44413
0083F433
0087E433
310024F3
1C04F493
00849493
00946433
00032483
00848E63
00040313
00048213
4B4003EF
80005048
8000FB0A
00000341
00070413
00432483
00848E63
00040313
00048213
490003EF
800050EC
8000FC0C
00000341
12074A63
34102473
00010493
0040006F
00000393
04740863
00238393
04740463
04040263
2084A383
2104A783
007787B3
00F47463
02747663
1D84A383
1E04A783
007787B3
00F47463
00747C63
1E84A383
1F04A783
007787B3
E2F47E63
E2746C63
40740433
00832483
00848E63
00040313
00048213
40C003EF
80005174
8000FD07
00000341
34102473
342023F3
00C00793
00F38A63
00100793
00F38663
01400793
00F39663
34109073
0340006F
300027F3
000E03B7
3003A073
00045383
30079073
0033F393
00138393
0023D393
00138393
00139393
00740433
34141073
34302473
00C32483
00848E63
00040313
00048213
390003EF
800051F0
8000FDFA
00000341
30102473
01841413
00045263
10000393
05C0006F
25C12303
26012383
26412403
26812483
26C12703
27012783
27412103
30200073
00100413
01F77393
00741433
304434F3
34443473
00832483
00848E63
00040313
00048213
328003EF
80005258
8000FF6D
00000341
00000393
00000417
03C40413
00740433
00371393
00740433
FF847413
00042403
00040A63
01F41393
0003D863
00145413
F6870EE3
CF8FF06F
00040067
00000013
00000000
00000000
00000001
00000000
00000001
00000000
80041000
00000000
00000000
00000000
00000001
00000000
00000001
00000000
80041014
00000000
00000000
00000000
00000001
00000000
00000001
00000000
80041030
00000000
00000001
00000000
00000001
00000000
00000001
00000000
00000001
00000000
00000001
00000000
00000001
00000000
00000001
00000000
00000001
00000000
00000001
00000000
00000001
00000000
00000001
00000000
00000001
00000000
00000000
00000000
00000000
00000000
00000000
00000000
00000000
00000000
00000000
00000000
00000000
00000000
00000000
00000000
00000000
00000000
00000001
00000000
00000003
00000000
00000005
00000000
00000007
00000000
00000009
00000000
0000000B
00000000
0000000D
00000000
0000000F
00000000
00000011
00000000
00000013
00000000
00000015
00000000
00000017
00000000
00000019
00000000
0000001B
00000000
0000001D
00000000
0000001F
00000000
00000021
00000000
00000023
00000000
00000025
00000000
00000027
00000000
00000029
00000000
0000002B
00000000
0000002D
00000000
0000002F
00000000
00000000
00000000
00000000
00000000
00000000
00000000
00000000
00000000
00000000
00000000
00000000
00000000
00000000
00000000
00000000
00000000
300023F3
00B3D493
0034F493
FFD48413
341023F3
00000493
02040C63
29810113
310023F3
01839393
0003DA63
29810113
47012783
D6810113
0080006F
F4012783
341023F3
40F383B3
D6810113
1D812483
007483B3
25C12303
26412403
26812483
26C12703
27012783
27412103
00438067
0000A217
D6820213
02522423
00122423
00022023
0880006F
0000A397
D5038393
0483A023
0243A023
0253A423
0013A423
0003A023
00038213
00040293
0600006F
0000A697
D2868693
06E6A823
0246A023
0256A423
0016A423
0006A023
00068213
00070293
0380006F
0000A497
D0048493
0674A423
0244A023
0254A423
0014A423
00300093
0014A023
1064A823
1044AC23
00048213
00038293
0040006F
00222823
00322C23
02622823
02722C23
04822023
04922423
04A22823
04B22C23
06C22023
06D22423
06E22823
06F22C23
09022023
09122423
09222823
09322C23
0B422023
0B522423
0B622823
0B722C23
0D822023
0D922423
0DA22823
0DB22C23
0FC22023
0FD22423
0FE22823
0FF22C23
0000A497
C5C4A483
00300513
18A48663
FFA2D303
FF82D383
01031313
00736333
00F35393
01F3F393
01435413
01F47413
10822223
00341313
00620333
00032303
10622823
FF62D303
FF42D383
01031313
00736333
00030513
07F37413
00300493
0C941063
00C35413
00747413
00200493
0A941863
41435393
00F35313
01F37313
00331313
00620333
00032303
00730333
00337413
0C041263
00000013
00000013
00000013
00000013
00000013
0000C417
8F040413
00000013
00000013
00000013
00000013
00000013
00000013
08836663
00000013
00000013
00000013
00000013
00000013
00000013
00000013
0001B417
97040413
00000013
00000013
00000013
00000013
00000013
00000013
FFC40413
04646463
00032303
10622C23
3700006F
00100413
00000013
00000013
0000A497
C5848493
00000013
00000013
00000013
00000013
00000013
00000013
0084A023
10A22C23
3380006F
00200413
00000013
00000013
00000013
00000013
0000A497
C1848493
00000013
00000013
00000013
00000013
00000013
00000013
0084A023
10622C23
2F80006F
0042A303
0000A817
BF880813
00682023
0002A303
10622423
0000A817
BE480813
00082303
0000A397
30338393
28730463
00000413
0000A817
BC080813
00882023
0000A397
2FE38393
00731863
00100413
00000493
2740006F
0000A397
3E838393
00731863
00200413
00000493
25C0006F
0000A397
4CB38393
00731863
00300413
00000493
2440006F
0000A397
5A638393
00731863
00400413
00000493
22C0006F
0000A397
70138393
00731863
00500413
00000493
2140006F
0000A397
66D38393
00731863
00600413
00000493
1FC0006F
0000A397
69338393
00731863
00700413
00000493
1E40006F
0000A397
29638393
00731863
00100413
00100493
1CC0006F
0000A397
37E38393
00731863
00200413
00100493
1B40006F
0000A397
45F38393
00731863
00300413
00100493
19C0006F
0000A397
53B38393
00731863
00400413
00100493
1840006F
0000A397
69438393
00731863
00500413
00100493
16C0006F
0000A397
25E38393
00731863
00100413
00200493
1540006F
0000A397
34438393
00731863
00200413
00200493
13C0006F
0000A397
42338393
00731863
00300413
00200493
1240006F
0000A397
50038393
00731863
00400413
00200493
10C0006F
0000A397
65738393
00731863
00500413
00200493
0F40006F
0000A397
22738393
00731863
00100413
00300493
0DC0006F
0000A397
30B38393
00731863
00200413
00300493
0C40006F
0000A397
3E838393
00731863
00300413
00300493
0AC0006F
0000A397
4C638393
00731863
00400413
00300493
0940006F
0000A397
61B38393
00731863
00500413
00300493
07C0006F
0000A397
64038393
00731863
00800413
00000493
0640006F
0000A397
67738393
00731863
00800413
00000493
04C0006F
0000A397
75A38393
00731863
00800413
00100493
0340006F
0000B397
83E38393
00731863
00800413
00200493
01C0006F
0340006F
00900413
0000A817
93C80813
00882023
0300006F
0000A817
92C80813
00882023
0000A817
92480813
00982023
0140006F
0000A817
91080813
00082023
0040006F
0002A303
10622423
00035383
0033F413
00300493
00941863
00235403
01041413
0083E3B3
10722023
0042A303
12622023
00000013
00000013
00000013
00000013
0000A517
E0A50513
00000013
00000013
00000013
00000013
00000013
00000013
0003C097
AA4080E7
00000013
00000013
00000013
00000013
00000013
00000013
0000A517
DFF50513
00000013
00000013
00000013
00000013
00000013
00000013
0003C097
A64080E7
00000013
00000013
00000013
00000013
00000013
00000013
0000A517
E7650513
00000013
00000013
00000013
00000013
00000013
00000013
0003C097
A24080E7
0000A517
80852503
0003C097
A14080E7
00000013
00000013
0000A517
E4850513
00000013
00000013
00000013
00000013
00000013
00000013
0003C097
9E4080E7
00009517
6A852503
00300593
52B50C63
00000013
00000013
0000A517
E0A50513
00000013
00000013
00000013
00000013
00000013
00000013
0003C097
9A4080E7
00009517
76852503
02000593
00357613
00300693
00D60463
01000593
3F4010EF
00000013
00000013
00000013
00000013
00000013
00000013
00009517
79850513
00000013
00000013
00000013
00000013
00000013
00000013
0003C097
944080E7
00000013
00000013
00000013
00000013
00000013
00000013
0000A517
D7E50513
00000013
00000013
00000013
00000013
00000013
00000013
0003C097
904080E7
00009517
6D052503
02000593
364010EF
00000013
00000013
00009517
71850513
00000013
00000013
00000013
00000013
00000013
00000013
0003C097
8C4080E7
00000013
00000013
00000013
00000013
00000013
00000013
0000A517
73550513
00000013
00000013
00000013
00000013
00000013
00000013
0003C097
884080E7
00009517
54852503
00050663
00300593
04B51063
07800593
00009617
69860613
00000013
00000013
00000013
00000013
00000013
00000013
00B60023
00160613
00009517
60C52503
324010EF
1180006F
00100593
04B50863
00400593
08B50A63
00500593
0CB50663
00000013
00000013
00000013
00000013
0000A517
7AB50513
00000013
00000013
00000013
00000013
00000013
00000013
0003B097
7E4080E7
1000006F
06600593
00000013
00000013
00000013
00000013
00009617
5F860613
00000013
00000013
00000013
00000013
00000013
00000013
00B60023
00160613
00009517
56C52503
284010EF
0780006F
07600593
00000013
00009617
5B860613
00000013
00000013
00000013
00000013
00000013
00000013
00B60023
00160613
00009517
52C52503
244010EF
0380006F
00000013
00000013
0000A517
5CE50513
00000013
00000013
00000013
00000013
00000013
00000013
0003B097
724080E7
0400006F
00000013
00000013
00000013
00000013
00000013
00009517
53850513
00000013
00000013
00000013
00000013
00000013
00000013
0003B097
6E4080E7
00000013
00000013
00000013
00000013
00000013
00000013
0000A517
56650513
00000013
00000013
00000013
00000013
00000013
00000013
0003B097
6A4080E7
00009517
36852503
00100593
00B51C63
00009517
46852503
02000593
0F4010EF
0140006F
00009517
45452503
02000593
0E0010EF
00000013
00009517
49850513
00000013
00000013
00000013
00000013
00000013
00000013
0003B097
644080E7
00009517
43052503
08051E63
00000013
00000013
00000013
0000A517
4DD50513
00000013
00000013
00000013
00000013
00000013
00000013
0003B097
604080E7
00009517
2C852503
00100593
00B51C63
00009517
3D052503
02000593
054010EF
0140006F
00009517
3BC52503
02000593
040010EF
00000013
00009517
3F850513
00000013
00000013
00000013
00000013
00000013
00000013
0003B097
5A4080E7
5BD0006F
00100593
06B51E63
00000013
00000013
00000013
0000A517
45450513
00000013
00000013
00000013
00000013
00000013
00000013
0003B097
564080E7
00009517
34052503
02000593
7C5000EF
00000013
00000013
00009517
37850513
00000013
00000013
00000013
00000013
00000013
00000013
0003B097
524080E7
53D0006F
00000013
00000013
00000013
00000013
00000013
0000A517
43250513
00000013
00000013
00000013
00000013
00000013
00000013
0003B097
4E4080E7
00009517
2C052503
02000593
745000EF
00000013
00000013
00009517
2F850513
00000013
00000013
00000013
00000013
00000013
00000013
0003B097
4A4080E7
4BD0006F
00009417
29442403
00900493
0A940C63
00000013
0000A517
45750513
00000013
00000013
00000013
00000013
00000013
00000013
0003B097
464080E7
00000013
00000013
00000013
00000013
00000013
00000013
0000A517
44350513
00000013
00000013
00000013
00000013
00000013
00000013
0003B097
424080E7
00009817
22080813
00082503
0003B097
410080E7
00000013
0000A517
84850513
00000013
00000013
00000013
00000013
00000013
00000013
0003B097
3E4080E7
280404E3
3400006F
00000013
00000013
00000013
00000013
0000A517
3D350513
00000013
00000013
00000013
00000013
00000013
00000013
0003B097
3A4080E7
00009517
18052503
02000593
605000EF
00000013
00000013
00009517
1B850513
00000013
00000013
00000013
00000013
00000013
00000013
0003B097
364080E7
00000013
00000013
00000013
00000013
00000013
00000013
0000A517
37E50513
00000013
00000013
00000013
00000013
00000013
00000013
0003B097
324080E7
00009517
0F852503
02000593
585000EF
00000013
00000013
00009517
13850513
00000013
00000013
00000013
00000013
00000013
00000013
0003B097
2E4080E7
00009317
0B832303
00009397
0B83A383
10736A63
00000013
0000A517
32D50513
00000013
00000013
00000013
00000013
00000013
00000013
0003B097
2A4080E7
00000013
00000013
00000013
00000013
00000013
00000013
0000A517
35550513
00000013
00000013
00000013
00000013
00000013
00000013
0003B097
264080E7
00009317
03832303
00009397
0383A383
40730533
02000593
4B9000EF
00000013
00000013
00000013
00000013
00000013
00000013
00000013
00009517
05850513
00000013
00000013
00000013
00000013
00000013
00000013
0003B097
204080E7
00000013
00000013
00000013
00000013
00000013
00000013
0000A517
2DC50513
00000013
00000013
00000013
00000013
00000013
00000013
0003B097
1C4080E7
1DD0006F
00000013
00000013
00000013
00000013
00000013
0000A517
23950513
00000013
00000013
00000013
00000013
00000013
00000013
0003B097
184080E7
00000013
00000013
00000013
00000013
00000013
00000013
0000A517
23550513
00000013
00000013
00000013
00000013
00000013
00000013
0003B097
144080E7
00009317
F2032303
00009397
F103A383
40730533
02000593
399000EF
00000013
00000013
00000013
00000013
00000013
00000013
00000013
00009517
F3850513
00000013
00000013
00000013
00000013
00000013
00000013
0003B097
0E4080E7
00000013
00000013
00000013
00000013
00000013
00000013
0000A517
2A450513
00000013
00000013
00000013
00000013
00000013
00000013
0003B097
0A4080E7
0BD0006F
00000013
00000013
00000013
00000013
00000013
0000A517
34B50513
00000013
00000013
00000013
00000013
00000013
00000013
0003B097
064080E7
00009517
E5C52503
04050A63
00100593
08B50663
00200593
0CB50263
00300593
0EB50E63
00000013
00000013
00000013
00000013
00000013
0000A517
32750513
00000013
00000013
00000013
00000013
00000013
00000013
1000006F
00000013
00000013
00000013
00000013
00000013
00000013
00000013
0000A517
2C550513
00000013
00000013
00000013
00000013
00000013
00000013
0C00006F
00000013
00000013
00000013
00000013
00000013
00000013
00000013
0000A517
28D50513
00000013
00000013
00000013
00000013
00000013
00000013
0800006F
00000013
00000013
00000013
00000013
00000013
00000013
00000013
0000A517
25550513
00000013
00000013
00000013
00000013
00000013
00000013
0400006F
00000013
00000013
00000013
00000013
00000013
00000013
00000013
0000A517
21E50513
00000013
00000013
00000013
00000013
00000013
00000013
0003B097
F04080E7
00000013
00000013
00000013
00000013
00000013
00000013
0000A517
1F050513
00000013
00000013
00000013
00000013
00000013
00000013
0003B097
EC4080E7
00009517
CB852503
00100593
06B50863
00200593
0AB50463
00300593
0EB50063
00400593
10B50C63
00500593
14B50863
00600593
18B50463
00700593
1CB50063
00800593
1EB50C63
00000013
00000013
00000013
00000013
0000A517
2C750513
00000013
00000013
00000013
00000013
00000013
00000013
2000006F
00000013
00000013
00000013
00000013
00000013
00000013
00000013
0000A517
14A50513
00000013
00000013
00000013
00000013
00000013
00000013
1C00006F
00000013
00000013
00000013
00000013
00000013
00000013
00000013
0000A517
13B50513
00000013
00000013
00000013
00000013
00000013
00000013
1800006F
00000013
00000013
00000013
00000013
00000013
00000013
00000013
0000A517
11B50513
00000013
00000013
00000013
00000013
00000013
00000013
1400006F
00000013
00000013
00000013
00000013
00000013
00000013
00000013
0000A517
0F950513
00000013
00000013
00000013
00000013
00000013
00000013
1000006F
00000013
00000013
00000013
00000013
00000013
00000013
00000013
0000A517
0D850513
00000013
00000013
00000013
00000013
00000013
00000013
0C00006F
00000013
00000013
00000013
00000013
00000013
00000013
00000013
0000A517
0C050513
00000013
00000013
00000013
00000013
00000013
00000013
0800006F
00000013
00000013
00000013
00000013
00000013
00000013
00000013
0000A517
0AC50513
00000013
00000013
00000013
00000013
00000013
00000013
0400006F
00000013
00000013
00000013
00000013
00000013
00000013
00000013
0000A517
09850513
00000013
00000013
00000013
00000013
00000013
00000013
0003B097
C44080E7
00000013
00000013
00000013
00000013
00000013
00000013
0000A517
09650513
00000013
00000013
00000013
00000013
00000013
00000013
0003B097
C04080E7
00009517
9E052503
02000593
664000EF
00000013
00000013
00009517
A1850513
00000013
00000013
00000013
00000013
00000013
00000013
0003B097
BC4080E7
00000013
00000013
00000013
00000013
00000013
00000013
0000A517
02D50513
00000013
00000013
00000013
00000013
00000013
00000013
0003B097
B84080E7
00009517
95852503
02000593
5E4000EF
00000013
00000013
00009517
99850513
00000013
00000013
00000013
00000013
00000013
00000013
0003B097
B44080E7
00009517
93852503
00200593
08B51463
00000013
00000013
0000A517
FC450513
00000013
00000013
00000013
00000013
00000013
00000013
0003B097
B04080E7
00009517
8E052503
284000EF
0003B097
AF0080E7
00000013
0000A517
F9B50513
00000013
00000013
00000013
00000013
00000013
00000013
0003B097
AC4080E7
00009517
89852503
244000EF
0003B097
AB0080E7
00000097
314080E7
00009517
89C52503
00100593
02B51E63
00000013
00000013
00000013
0000A517
FB150513
00000013
00000013
00000013
00000013
00000013
00000013
0003B097
A64080E7
27C0006F
00200593
02B51E63
00000013
00000013
00000013
0000A517
04750513
00000013
00000013
00000013
00000013
00000013
00000013
0003B097
A24080E7
23C0006F
00300593
02B51E63
00000013
00000013
00000013
0000A517
0FA50513
00000013
00000013
00000013
00000013
00000013
00000013
0003B097
9E4080E7
1FC0006F
00400593
02B51E63
00000013
00000013
00000013
0000A517
1B550513
00000013
00000013
00000013
00000013
00000013
00000013
0003B097
9A4080E7
1BC0006F
00500593
02B51E63
00000013
00000013
00000013
0000A517
25C50513
00000013
00000013
00000013
00000013
00000013
00000013
0003B097
964080E7
17C0006F
1780006F
00000013
00000013
00000013
00000013
0000A517
E2950513
00000013
00000013
00000013
00000013
00000013
00000013
0003B097
924080E7
00008617
73062603
00000013
00000013
00000013
00000013
00009517
DD250513
00000013
00000013
00000013
00000013
00000013
00000013
0003B097
8E4080E7
00065503
01000593
00357413
00300493
00941A63
00265403
01041413
00856533
02000593
32C000EF
00000013
00000013
00000013
00000013
00008517
6D850513
00000013
00000013
00000013
00000013
00000013
00000013
0003B097
884080E7
00000097
0E8080E7
0940006F
02054263
01800593
04B55463
00008597
6C058593
00251613
00C585B3
0005A503
00008067
00100593
01F59593
00B54533
01000593
00B55E63
00008597
6F458593
00251613
00C585B3
0005A503
00008067
00000013
00000013
00000013
00000013
00000013
00000013
00000013
00009517
AFE50513
00000013
00000013
00000013
00000013
00000013
00000013
00008067
00000013
00000013
00000013
00000013
00000013
00000013
00000013
00009517
74A50513
00000013
00000013
00000013
00000013
00000013
00000013
0003A097
7A4080E7
0003B097
80C080E7
00008617
5A060613
00162023
00000013
00009517
C7350513
00000013
00000013
00000013
00000013
00000013
00000013
0003A097
764080E7
00008517
57052503
02000593
1C4000EF
00000013
00000013
00008517
57850513
00000013
00000013
00000013
00000013
00000013
00000013
0003A097
724080E7
00000013
00000013
00000013
00000013
00000013
00000013
00009517
C0350513
00000013
00000013
00000013
00000013
00000013
00000013
0003A097
6E4080E7
00008517
4F852503
02000593
144000EF
00000013
00000013
00008517
4F850513
00000013
00000013
00000013
00000013
00000013
00000013
0003A097
6A4080E7
00000013
00000013
00000013
00000013
00000013
00000013
00009517
B9350513
00000013
00000013
00000013
00000013
00000013
00000013
0003A097
664080E7
00008517
48052503
02000593
0C4000EF
00000013
00000013
00008517
47850513
00000013
00000013
00000013
00000013
00000013
00000013
0003A097
624080E7
00000013
00000013
00000013
00000013
00000013
00000013
00009517
B2350513
00000013
00000013
00000013
00000013
00000013
00000013
0003A097
5E4080E7
00008517
40852503
02000593
044000EF
00000013
00000013
00008517
3F850513
00000013
00000013
00000013
00000013
00000013
00000013
0003A097
5A4080E7
00008617
3A860613
00062083
00008067
00000013
00000013
00008617
3B860613
00000013
00000013
00000013
00000013
00000013
00000013
03000693
00D60023
07800693
00D600A3
00260613
00058693
FFC68693
00D55733
00F77713
00A00793
00F74663
05770713
0080006F
03070713
00E60023
00160613
FC069CE3
00A00693
00D60023
000600A3
00008067
00A00693
02D54663
FF650513
03100713
00D54C63
FF650513
03200713
00D54663
FF650513
03300713
00E60023
00160613
03050513
00A60023
00A00693
00D600A3
00060123
00008067
00000013
@00008000
FFFEBEEF
DEAD0001
FFFDBEEF
DEAD0002
FFFCBEEF
DEAD0003
FFFBBEEF
DEAD0004
FFFABEEF
DEAD0005
FFF9BEEF
DEAD0006
FFF8BEEF
DEAD0007
FFF7BEEF
DEAD0008
FFF6BEEF
DEAD0009
FFF5BEEF
DEAD000A
FFF4BEEF
DEAD000B
FFF3BEEF
DEAD000C
FFF2BEEF
DEAD000D
FFF1BEEF
DEAD000E
FFF0BEEF
DEAD000F
FFEFBEEF
DEAD0010
FFEEBEEF
DEAD0011
FFEDBEEF
DEAD0012
FFECBEEF
DEAD0013
FFEBBEEF
DEAD0014
FFEABEEF
DEAD0015
FFE9BEEF
DEAD0016
FFE8BEEF
DEAD0017
FFE7BEEF
DEAD0018
FFE6BEEF
DEAD0019
FFE5BEEF
DEAD001A
FFE4BEEF
DEAD001B
FFE3BEEF
DEAD001C
FFE2BEEF
DEAD001D
FFE1BEEF
DEAD001E
FFE0BEEF
DEAD001F
FFDFBEEF
DEAD0020
FFDEBEEF
DEAD0021
00000000
00000000
0000006F
0000006F
0000006F
0000006F
0000006F
0000006F
0000006F
0000006F
0000006F
0000006F
0000006F
0000006F
0000006F
0000006F
0000006F
0000006F
0000006F
0000006F
0000006F
0000006F
0000006F
0000006F
0000006F
0000006F
0000006F
0000006F
0000006F
0000006F
0000006F
0000006F
0000006F
0000006F
0000006F
0000006F
0000006F
0000006F
0000006F
0000006F
0000006F
0000006F
0000006F
0000006F
0000006F
0000006F
0000006F
0000006F
0000006F
0000006F
0000006F
0000006F
0000006F
0000006F
0000006F
0000006F
0000006F
0000006F
0000006F
0000006F
0000006F
0000006F
0000006F
0000006F
0000006F
0000006F
0000006F
0000006F
0000006F
0000006F
0000006F
0000006F
0000006F
0000006F
0000006F
0000006F
0000006F
0000006F
0000006F
0000006F
0000006F
0000006F
0000006F
0000006F
0000006F
0000006F
0000006F
0000006F
0000006F
0000006F
0000006F
0000006F
0000006F
0000006F
0000006F
0000006F
0000006F
0000006F
0000006F
0000006F
0000006F
0000006F
0000006F
0000006F
0000006F
0000006F
0000006F
0000006F
0000006F
0000006F
0000006F
0000006F
0000006F
0000006F
0000006F
0000006F
0000006F
0000006F
0000006F
0000006F
80000040
00000000
00004440
00000000
800083B0
00000000
00008C15
00000000
80010FD0
00000000
0000F0C0
00000000
80000040
00000000
00004440
00000000
80011628
00000000
00000000
00000000
00000000
00000000
80004998
00000000
00000000
00000000
00000000
00000000
00000000
00000000
00000000
00000000
DEADBEEF
DEADBEEF
DEADBEEF
DEADBEEF
DEADBEEF
DEADBEEF
DEADBEEF
DEADBEEF
DEADBEEF
DEADBEEF
DEADBEEF
DEADBEEF
DEADBEEF
DEADBEEF
DEADBEEF
DEADBEEF
00000000
00000000
7E0276DB
38EF67C8
EA053F6C
43C0EDCD
BA2D75C0
D807837A
BD466C2B
6234188A
954A9A12
90F33180
B82FF89D
CC97E14F
D969D761
7B72D2C1
130BAA10
B400DE75
1D9CF09D
E9614D5A
B17F1F4F
0846E10E
CECB19F2
BC87F3C7
D06B1CCE
319DCF47
849E82E0
F7267CE0
7AB556EC
C15C2C94
852EC68A
DC77349B
EDD41C8C
025D5FC8
F4F8A611
118CC4DE
DD25E697
5F732FC1
71134934
9728B992
9C74F838
8E854CD2
E47FDE58
CDB84DD9
80BA8506
B1011B83
5E4DDA9C
7217FE21
9C87F944
A258D0FF
7FC42CA1
CBADD3BD
985E0AC2
58C87FD9
BE350E80
47EEF6F1
4EA26C45
E2144CAA
6D47B788
13C7E357
7B13A249
1D8F810E
609EA2F0
A6B672BF
56553F44
A4AEB39A
F1EC18FD
D97585A5
26AC72F4
3D11781C
88A962EE
A3CAF723
902F070B
681F8E7A
83A4E50E
D48C6C0B
88E31BC3
9040335C
6CBA383A
2BBA37D7
2DF746E0
8A52210D
C193AE16
56788B95
7676DB88
CB7F0F40
8B594245
33D8DE1D
B7FF6849
A52C4606
58298ACB
4D281E10
BF2D8173
AD39E546
B3A39685
2926C5D3
DB1BDB85
54362231
920982F5
1AC3EA01
4BA761D1
AB3E730E
BBA6E14D
9E57A53C
D3CBC9C9
A735D21E
2D86F5C7
98DAD943
A6D238A1
11E75432
5444BA6C
E38361D1
E68E1FD8
72D6ACDA
4929860E
14DD8BA8
9DFC255C
14DABEED
226081AA
558F399A
9E86B813
6B2165D9
1E266475
BC70CC2D
F395B306
9502AB76
663315D4
10745A74
CC1CDA2D
CD2CC70F
92B96005
205EA27A
2636455D
80B2F57B
7EA80A5E
56876467
FB10CDD6
122CF533
CEEFDD45
15F7B063
A8FDCCB8
93474239
605D3C09
ACE389DD
287EC223
FDF76604
EE5CCCEC
9CEE18DA
4BD1C51B
426B1192
965CE1D0
EBFA7256
72312281
ED5244CD
86027949
C908BC43
79B69714
18A98E8F
A7F2F82D
499A8E74
F48FA98A
26C985A2
59E692F0
5D8CDB4E
4BABE440
02970E4E
27539FB6
30DD6E2C
06BC6886
926409CF
C94DB873
B77F1434
197FE078
72EAAB3D
81C8155A
79210A61
0B39A476
C01719F0
F4DB3507
54E6809D
EF001BCA
91EBD299
051DCB0A
BD45FE22
8909F8D3
27E1957B
6D6D1BE4
848DD8C4
DF9D901C
4D9FF52A
5893246C
0A466754
03BF6809
FC99326E
00000000
3256EBDB
00000001
93DF0D12
00000002
1E3B92D7
80000000
5ACD4AE9
80000001
2F5AEC41
7FFFFFFF
8464155C
7FFFFFFE
B35BBB23
FFFFFFFF
7035AABB
FFFFFFFE
A824F3C5
5BBC8872
2DA140E3
AAAAAAAA
01C5255A
55555555
A751F07F
89727A0C
00000000
02AA7FD3
00000001
08071030
00000002
57AD4A61
80000000
AF0C8C91
80000001
B3F964CA
7FFFFFFF
6F482B64
7FFFFFFE
C6D6EDB0
FFFFFFFF
47C6564F
FFFFFFFE
5E8DA2F9
5BBC8872
E3B9D3D6
AAAAAAAA
621C21F8
55555555
00000000
00000000
00000000
00000001
00000000
00000002
00000000
80000000
00000000
80000001
00000000
7FFFFFFF
00000000
7FFFFFFE
00000000
FFFFFFFF
00000000
FFFFFFFE
00000000
5BBC8872
00000000
AAAAAAAA
00000000
55555555
00000001
00000000
00000001
00000001
00000001
00000002
00000001
80000000
00000001
80000001
00000001
7FFFFFFF
00000001
7FFFFFFE
00000001
FFFFFFFF
00000001
FFFFFFFE
00000001
5BBC8872
00000001
AAAAAAAA
00000001
55555555
00000002
00000000
00000002
00000001
00000002
00000002
00000002
80000000
00000002
80000001
00000002
7FFFFFFF
00000002
7FFFFFFE
00000002
FFFFFFFF
00000002
FFFFFFFE
00000002
5BBC8872
00000002
AAAAAAAA
00000002
55555555
80000000
00000000
80000000
00000001
80000000
00000002
80000000
80000000
80000000
80000001
80000000
7FFFFFFF
80000000
7FFFFFFE
80000000
FFFFFFFF
80000000
FFFFFFFE
80000000
5BBC8872
80000000
AAAAAAAA
80000000
55555555
80000001
00000000
80000001
00000001
80000001
00000002
80000001
80000000
80000001
80000001
80000001
7FFFFFFF
80000001
7FFFFFFE
80000001
FFFFFFFF
80000001
FFFFFFFE
80000001
5BBC8872
80000001
AAAAAAAA
80000001
55555555
7FFFFFFF
00000000
7FFFFFFF
00000001
7FFFFFFF
00000002
7FFFFFFF
80000000
7FFFFFFF
80000001
7FFFFFFF
7FFFFFFF
7FFFFFFF
7FFFFFFE
7FFFFFFF
FFFFFFFF
7FFFFFFF
FFFFFFFE
7FFFFFFF
5BBC8872
7FFFFFFF
AAAAAAAA
7FFFFFFF
55555555
7FFFFFFE
00000000
7FFFFFFE
00000001
7FFFFFFE
00000002
7FFFFFFE
80000000
7FFFFFFE
80000001
7FFFFFFE
7FFFFFFF
7FFFFFFE
7FFFFFFE
7FFFFFFE
FFFFFFFF
7FFFFFFE
FFFFFFFE
7FFFFFFE
5BBC8872
7FFFFFFE
AAAAAAAA
7FFFFFFE
55555555
FFFFFFFF
00000000
FFFFFFFF
00000001
FFFFFFFF
00000002
FFFFFFFF
80000000
FFFFFFFF
80000001
FFFFFFFF
7FFFFFFF
FFFFFFFF
7FFFFFFE
FFFFFFFF
FFFFFFFF
FFFFFFFF
FFFFFFFE
FFFFFFFF
5BBC8872
FFFFFFFF
AAAAAAAA
FFFFFFFF
55555555
FFFFFFFE
00000000
FFFFFFFE
00000001
FFFFFFFE
00000002
FFFFFFFE
80000000
FFFFFFFE
80000001
FFFFFFFE
7FFFFFFF
FFFFFFFE
7FFFFFFE
FFFFFFFE
FFFFFFFF
FFFFFFFE
FFFFFFFE
FFFFFFFE
5BBC8872
FFFFFFFE
AAAAAAAA
FFFFFFFE
55555555
5BBC8872
00000000
5BBC8872
00000001
5BBC8872
00000002
5BBC8872
80000000
5BBC8872
80000001
5BBC8872
7FFFFFFF
5BBC8872
7FFFFFFE
5BBC8872
FFFFFFFF
5BBC8872
FFFFFFFE
5BBC8872
5BBC8872
5BBC8872
AAAAAAAA
5BBC8872
55555555
AAAAAAAA
00000000
AAAAAAAA
00000001
AAAAAAAA
00000002
AAAAAAAA
80000000
AAAAAAAA
80000001
AAAAAAAA
7FFFFFFF
AAAAAAAA
7FFFFFFE
AAAAAAAA
FFFFFFFF
AAAAAAAA
FFFFFFFE
AAAAAAAA
5BBC8872
AAAAAAAA
AAAAAAAA
AAAAAAAA
55555555
55555555
00000000
55555555
00000001
55555555
00000002
55555555
80000000
55555555
80000001
55555555
7FFFFFFF
55555555
7FFFFFFE
55555555
FFFFFFFF
55555555
FFFFFFFE
55555555
5BBC8872
55555555
AAAAAAAA
55555555
55555555
B515DD64
084A4A9E
EE740595
3D2BED7A
51A2B239
BE6DADE9
4D7798B6
E4DB6B88
487D248D
C5E3C409
9B07B41B
6450482F
6F9C730D
12463968
6FB6D5D8
4A0D6117
F6CD77CB
03C5C863
4EB43CCA
CAFB2D07
20B938F9
CA47A582
2C8CF4F5
0D527BA9
32402EBA
D79FE46A
EFE7E1EF
B60A26D5
385914D0
140E653A
9AC00F15
FD6765C9
610FB623
01C87516
FD2DAC76
C4E95858
3AA6B02E
8F5BC20C
AF83251A
6829A836
2368B252
16561257
303F6B5E
0AB8DBEB
C8B8984B
2D154055
FF9BC14B
71110233
E0DBF12A
09482A13
D9A0EBC4
9EEA7F4E
6CC3079C
FF4B4883
8B7C3A5C
80360D7E
B92D0303
7373CD44
3F270E65
A2241490
C1206CD7
934A308A
B62B5A6D
E9B02989
5D399DCE
0D0DDF62
2DE1A95C
68CA2A9F
D00AA547
A3CB59ED
F81557E3
76E7AC7B
A307E6A2
C1C220F8
F6C9E918
662E4443
2A06B4B4
247297F0
5E97E2CB
FD42B682
90C216E7
2DF48101
DDEAA008
FADA6510
66E44AA9
6510C23E
17928F93
21FCB7C1
B5B38FA1
C00A2B19
A6081E1E
FC925002
BF7AD20A
30D8C7D0
65225253
56B0CF28
274D9359
C8CEA134
8AAC589E
211FC3D7
5B357AE4
E09D247B
EEAE2A78
8C6E9A57
DD748717
01EC3FC7
40CF8973
63A11B24
708C7597
CFC1CB40
D759F6F3
42974D29
9E617080
B22D24A4
42FC2E2A
B74CA744
7293CDA3
982E6DB2
42E0EEA4
31D74EA9
DB868AA2
DB4B0035
379F211D
591C6B2F
BF98F45A
5C0FA2E4
CC90A32C
1FD5E44A
B1AF80E9
DD30ADD4
BF589A43
C1135DE1
5E77AC34
E359D8B5
D5D1F9CF
2DCACCC8
0A5BF221
5B865481
3D9A8ECE
C245ABA5
2DE2CEA4
5C2ABCF1
45B0D41B
AE429093
EA42C8CE
8D6B0645
6B023142
D32FA341
3B52D4AB
C11FAFF3
5BF00131
276BF8A6
AC6E793B
AC2A74FB
3E833F67
B6DFC1DE
F7C94041
37C10D4E
C7144CC3
4E44295D
D07077E0
6B61F021
0AF7FC68
C6CCBD31
02FC09BD
0E1147E6
5C1B0A7C
996C0AEE
548650DB
855AD60B
41648155
EB2BF9B8
26AFF9B1
D4F56806
2128FF5F
562A547A
488C281E
BDA01640
1EB72DAB
4A3047A9
6C28B4E7
07DE2D4A
A9CF9004
2459F163
6D94C198
A57AB073
C9955399
5FF1DD1D
10C0F5CD
CEBA3A51
D4CF5A84
F5028FA3
9526C42F
3D32E7F9
2B7867CD
81B55EAF
3D29708F
1F192A43
CFE165CE
22931A67
3745163F
4CDFB45D
4F638571
F5D77DFD
18B65EB7
F398CE25
2BEDF41C
EA2259B8
E980B488
852AA22E
5201F58D
AC48D94C
EB2CAE60
23B2F06D
37F43823
D026A461
858DD09E
A820D6B6
5BEAA7A7
FE387C09
CAF60E2F
31BC73F2
5D41AD34
AA5FBC35
758ECCDC
FB2535E3
767C44D9
6C71E9D3
2E380469
FAAAA553
8023C3BE
7786CF77
B0A05ADE
F40680B5
4BD15827
5E4AAA2C
58E17241
A9DFEE45
535E6CE9
54526556
C7255FAA
DE1F5596
22BDCC90
6CA75AE3
88D514E7
5CE3E744
6AF4D694
B67CD777
F69C1D28
71CA3B99
720431EF
FF8CABA7
37D90657
275D6D89
CC286DA6
7B49B4F3
73657422
31203A74
6763203B
5F49203A
5F726F78
203B6763
203A7063
725F7063
203B3173
3A6E6962
22306220
65742200
203A7473
63203B32
49203A67
726F785F
3B67635F
3A706320
5F706320
3B317372
6E696220
3162203A
74220022
3A747365
203B3320
203A6763
6F785F49
67635F72
7063203B
7063203A
3173725F
6962203B
62203A6E
22002232
74736574
3B34203A
3A676320
785F4920
635F726F
63203B67
63203A70
73725F70
62203B31
203A6E69
00223362
73657422
35203A74
6763203B
5F49203A
5F726F78
203B6763
203A7063
725F7063
203B3173
3A6E6962
22346220
65742200
203A7473
63203B36
49203A67
726F785F
3B67635F
3A706320
5F706320
3B317372
6E696220
3562203A
74220022
3A747365
203B3720
203A6763
6F785F49
67635F72
7063203B
7063203A
3173725F
6962203B
62203A6E
22002236
74736574
3B38203A
3A676320
785F4920
635F726F
63203B67
63203A70
73725F70
62203B31
203A6E69
00223762
73657422
39203A74
6763203B
5F49203A
5F726F78
203B6763
203A7063
725F7063
203B3173
3A6E6962
22386220
65742200
203A7473
203B3031
203A6763
6F785F49
67635F72
7063203B
7063203A
3173725F
6962203B
62203A6E
22002239
74736574
3131203A
6763203B
5F49203A
5F726F78
203B6763
203A7063
725F7063
203B3173
3A6E6962
30316220
74220022
3A747365
3B323120
3A676320
785F4920
635F726F
63203B67
63203A70
73725F70
62203B31
203A6E69
22313162
65742200
203A7473
203B3331
203A6763
6F785F49
67635F72
7063203B
7063203A
3173725F
6962203B
62203A6E
00223231
73657422
31203A74
63203B34
49203A67
726F785F
3B67635F
3A706320
5F706320
3B317372
6E696220
3162203A
22002233
74736574
3531203A
6763203B
5F49203A
5F726F78
203B6763
203A7063
725F7063
203B3173
3A6E6962
34316220
74220022
3A747365
3B363120
3A676320
785F4920
635F726F
63203B67
63203A70
73725F70
62203B31
203A6E69
22353162
65742200
203A7473
203B3731
203A6763
6F785F49
67635F72
7063203B
7063203A
3173725F
6962203B
62203A6E
00223631
73657422
31203A74
63203B38
49203A67
726F785F
3B67635F
3A706320
5F706320
3B317372
6E696220
3162203A
22002237
74736574
3931203A
6763203B
5F49203A
5F726F78
203B6763
203A7063
725F7063
203B3173
3A6E6962
38316220
74220022
3A747365
3B303220
3A676320
785F4920
635F726F
63203B67
63203A70
73725F70
62203B31
203A6E69
22393162
65742200
203A7473
203B3132
203A6763
6F785F49
67635F72
7063203B
7063203A
3173725F
6962203B
62203A6E
00223032
73657422
32203A74
63203B32
49203A67
726F785F
3B67635F
3A706320
5F706320
3B317372
6E696220
3262203A
22002231
74736574
3332203A
6763203B
5F49203A
5F726F78
203B6763
203A7063
725F7063
203B3173
3A6E6962
32326220
74220022
3A747365
3B343220
3A676320
785F4920
635F726F
63203B67
63203A70
73725F70
62203B31
203A6E69
22333262
65742200
203A7473
203B3532
203A6763
6F785F49
67635F72
7063203B
7063203A
3173725F
6962203B
62203A6E
00223432
73657422
32203A74
63203B36
49203A67
726F785F
3B67635F
3A706320
5F706320
3B317372
6E696220
3262203A
22002235
74736574
3732203A
6763203B
5F49203A
5F726F78
203B6763
203A7063
725F7063
203B3173
3A6E6962
36326220
74220022
3A747365
3B383220
3A676320
785F4920
635F726F
63203B67
63203A70
73725F70
62203B31
203A6E69
22373262
65742200
203A7473
203B3932
203A6763
6F785F49
67635F72
7063203B
7063203A
3173725F
6962203B
62203A6E
00223832
73657422
33203A74
63203B30
49203A67
726F785F
3B67635F
3A706320
5F706320
3B317372
6E696220
3262203A
22002239
74736574
3133203A
6763203B
5F49203A
5F726F78
203B6763
203A7063
725F7063
203B3173
3A6E6962
30336220
74220022
3A747365
3B323320
3A676320
785F4920
635F726F
63203B67
63203A70
73725F70
62203B31
203A6E69
22313362
65742200
203A7473
203B3333
203A6763
6F785F49
67635F72
7063203B
7063203A
3273725F
6962203B
62203A6E
22002230
74736574
3433203A
6763203B
5F49203A
5F726F78
203B6763
203A7063
725F7063
203B3273
3A6E6962
22316220
65742200
203A7473
203B3533
203A6763
6F785F49
67635F72
7063203B
7063203A
3273725F
6962203B
62203A6E
22002232
74736574
3633203A
6763203B
5F49203A
5F726F78
203B6763
203A7063
725F7063
203B3273
3A6E6962
22336220
65742200
203A7473
203B3733
203A6763
6F785F49
67635F72
7063203B
7063203A
3273725F
6962203B
62203A6E
22002234
74736574
3833203A
6763203B
5F49203A
5F726F78
203B6763
203A7063
725F7063
203B3273
3A6E6962
22356220
65742200
203A7473
203B3933
203A6763
6F785F49
67635F72
7063203B
7063203A
3273725F
6962203B
62203A6E
22002236
74736574
3034203A
6763203B
5F49203A
5F726F78
203B6763
203A7063
725F7063
203B3273
3A6E6962
22376220
65742200
203A7473
203B3134
203A6763
6F785F49
67635F72
7063203B
7063203A
3273725F
6962203B
62203A6E
22002238
74736574
3234203A
6763203B
5F49203A
5F726F78
203B6763
203A7063
725F7063
203B3273
3A6E6962
22396220
65742200
203A7473
203B3334
203A6763
6F785F49
67635F72
7063203B
7063203A
3273725F
6962203B
62203A6E
00223031
73657422
34203A74
63203B34
49203A67
726F785F
3B67635F
3A706320
5F706320
3B327372
6E696220
3162203A
22002231
74736574
3534203A
6763203B
5F49203A
5F726F78
203B6763
203A7063
725F7063
203B3273
3A6E6962
32316220
74220022
3A747365
3B363420
3A676320
785F4920
635F726F
63203B67
63203A70
73725F70
62203B32
203A6E69
22333162
65742200
203A7473
203B3734
203A6763
6F785F49
67635F72
7063203B
7063203A
3273725F
6962203B
62203A6E
00223431
73657422
34203A74
63203B38
49203A67
726F785F
3B67635F
3A706320
5F706320
3B327372
6E696220
3162203A
22002235
74736574
3934203A
6763203B
5F49203A
5F726F78
203B6763
203A7063
725F7063
203B3273
3A6E6962
36316220
74220022
3A747365
3B303520
3A676320
785F4920
635F726F
63203B67
63203A70
73725F70
62203B32
203A6E69
22373162
65742200
203A7473
203B3135
203A6763
6F785F49
67635F72
7063203B
7063203A
3273725F
6962203B
62203A6E
00223831
73657422
35203A74
63203B32
49203A67
726F785F
3B67635F
3A706320
5F706320
3B327372
6E696220
3162203A
22002239
74736574
3335203A
6763203B
5F49203A
5F726F78
203B6763
203A7063
725F7063
203B3273
3A6E6962
30326220
74220022
3A747365
3B343520
3A676320
785F4920
635F726F
63203B67
63203A70
73725F70
62203B32
203A6E69
22313262
65742200
203A7473
203B3535
203A6763
6F785F49
67635F72
7063203B
7063203A
3273725F
6962203B
62203A6E
00223232
73657422
35203A74
63203B36
49203A67
726F785F
3B67635F
3A706320
5F706320
3B327372
6E696220
3262203A
22002233
74736574
3735203A
6763203B
5F49203A
5F726F78
203B6763
203A7063
725F7063
203B3273
3A6E6962
34326220
74220022
3A747365
3B383520
3A676320
785F4920
635F726F
63203B67
63203A70
73725F70
62203B32
203A6E69
22353262
65742200
203A7473
203B3935
203A6763
6F785F49
67635F72
7063203B
7063203A
3273725F
6962203B
62203A6E
00223632
73657422
36203A74
63203B30
49203A67
726F785F
3B67635F
3A706320
5F706320
3B327372
6E696220
3262203A
22002237
74736574
3136203A
6763203B
5F49203A
5F726F78
203B6763
203A7063
725F7063
203B3273
3A6E6962
38326220
74220022
3A747365
3B323620
3A676320
785F4920
635F726F
63203B67
63203A70
73725F70
62203B32
203A6E69
22393262
65742200
203A7473
203B3336
203A6763
6F785F49
67635F72
7063203B
7063203A
3273725F
6962203B
62203A6E
00223033
73657422
36203A74
63203B34
49203A67
726F785F
3B67635F
3A706320
5F706320
3B327372
6E696220
3362203A
22002231
74736574
3536203A
6763203B
5F49203A
5F726F78
203B6763
203A7063
725F7063
62203B64
203A6E69
00223062
73657422
36203A74
63203B36
49203A67
726F785F
3B67635F
3A706320
5F706320
203B6472
3A6E6962
22316220
65742200
203A7473
203B3736
203A6763
6F785F49
67635F72
7063203B
7063203A
3B64725F
6E696220
3262203A
74220022
3A747365
3B383620
3A676320
785F4920
635F726F
63203B67
63203A70
64725F70
6962203B
62203A6E
22002233
74736574
3936203A
6763203B
5F49203A
5F726F78
203B6763
203A7063
725F7063
62203B64
203A6E69
00223462
73657422
37203A74
63203B30
49203A67
726F785F
3B67635F
3A706320
5F706320
203B6472
3A6E6962
22356220
65742200
203A7473
203B3137
203A6763
6F785F49
67635F72
7063203B
7063203A
3B64725F
6E696220
3662203A
74220022
3A747365
3B323720
3A676320
785F4920
635F726F
63203B67
63203A70
64725F70
6962203B
62203A6E
22002237
74736574
3337203A
6763203B
5F49203A
5F726F78
203B6763
203A7063
725F7063
62203B64
203A6E69
00223862
73657422
37203A74
63203B34
49203A67
726F785F
3B67635F
3A706320
5F706320
203B6472
3A6E6962
22396220
65742200
203A7473
203B3537
203A6763
6F785F49
67635F72
7063203B
7063203A
3B64725F
6E696220
3162203A
22002230
74736574
3637203A
6763203B
5F49203A
5F726F78
203B6763
203A7063
725F7063
62203B64
203A6E69
22313162
65742200
203A7473
203B3737
203A6763
6F785F49
67635F72
7063203B
7063203A
3B64725F
6E696220
3162203A
22002232
74736574
3837203A
6763203B
5F49203A
5F726F78
203B6763
203A7063
725F7063
62203B64
203A6E69
22333162
65742200
203A7473
203B3937
203A6763
6F785F49
67635F72
7063203B
7063203A
3B64725F
6E696220
3162203A
22002234
74736574
3038203A
6763203B
5F49203A
5F726F78
203B6763
203A7063
725F7063
62203B64
203A6E69
22353162
65742200
203A7473
203B3138
203A6763
6F785F49
67635F72
7063203B
7063203A
3B64725F
6E696220
3162203A
22002236
74736574
3238203A
6763203B
5F49203A
5F726F78
203B6763
203A7063
725F7063
62203B64
203A6E69
22373162
65742200
203A7473
203B3338
203A6763
6F785F49
67635F72
7063203B
7063203A
3B64725F
6E696220
3162203A
22002238
74736574
3438203A
6763203B
5F49203A
5F726F78
203B6763
203A7063
725F7063
62203B64
203A6E69
22393162
65742200
203A7473
203B3538
203A6763
6F785F49
67635F72
7063203B
7063203A
3B64725F
6E696220
3262203A
22002230
74736574
3638203A
6763203B
5F49203A
5F726F78
203B6763
203A7063
725F7063
62203B64
203A6E69
22313262
65742200
203A7473
203B3738
203A6763
6F785F49
67635F72
7063203B
7063203A
3B64725F
6E696220
3262203A
22002232
74736574
3838203A
6763203B
5F49203A
5F726F78
203B6763
203A7063
725F7063
62203B64
203A6E69
22333262
65742200
203A7473
203B3938
203A6763
6F785F49
67635F72
7063203B
7063203A
3B64725F
6E696220
3262203A
22002234
74736574
3039203A
6763203B
5F49203A
5F726F78
203B6763
203A7063
725F7063
62203B64
203A6E69
22353262
65742200
203A7473
203B3139
203A6763
6F785F49
67635F72
7063203B
7063203A
3B64725F
6E696220
3262203A
22002236
74736574
3239203A
6763203B
5F49203A
5F726F78
203B6763
203A7063
725F7063
62203B64
203A6E69
22373262
65742200
203A7473
203B3339
203A6763
6F785F49
67635F72
7063203B
7063203A
3B64725F
6E696220
3262203A
22002238
74736574
3439203A
6763203B
5F49203A
5F726F78
203B6763
203A7063
725F7063
62203B64
203A6E69
22393262
65742200
203A7473
203B3539
203A6763
6F785F49
67635F72
7063203B
7063203A
3B64725F
6E696220
3362203A
22002230
74736574
3639203A
6763203B
5F49203A
5F726F78
203B6763
203A7063
725F7063
62203B64
203A6E69
22313362
65742200
203A7473
203B3739
203A6763
6F785F49
67635F72
7063203B
7063203A
3173725F
6764655F
203B7365
3A6E6962
30783020
74220022
3A747365
3B383920
3A676320
785F4920
635F726F
63203B67
63203A70
73725F70
64655F31
3B736567
6E696220
7830203A
22002231
74736574
3939203A
6763203B
5F49203A
5F726F78
203B6763
203A7063
725F7063
655F3173
73656764
6962203B
30203A6E
00223278
73657422
31203A74
203B3030
203A6763
6F785F49
67635F72
7063203B
7063203A
3173725F
6764655F
203B7365
3A6E6962
38783020
30303030
22303030
65742200
203A7473
3B313031
3A676320
785F4920
635F726F
63203B67
63203A70
73725F70
64655F31
3B736567
6E696220
7830203A
30303038
31303030
74220022
3A747365
32303120
6763203B
5F49203A
5F726F78
203B6763
203A7063
725F7063
655F3173
73656764
6962203B
30203A6E
66663778
66666666
22002266
74736574
3031203A
63203B33
49203A67
726F785F
3B67635F
3A706320
5F706320
5F317372
65676465
62203B73
203A6E69
66377830
66666666
00226566
73657422
31203A74
203B3430
203A6763
6F785F49
67635F72
7063203B
7063203A
3173725F
6764655F
203B7365
3A6E6962
66783020
66666666
22666666
65742200
203A7473
3B353031
3A676320
785F4920
635F726F
63203B67
63203A70
73725F70
64655F31
3B736567
6E696220
7830203A
66666666
65666666
74220022
3A747365
36303120
6763203B
5F49203A
5F726F78
203B6763
203A7063
725F7063
655F3173
73656764
6962203B
30203A6E
62623578
37383863
22002232
74736574
3031203A
63203B37
49203A67
726F785F
3B67635F
3A706320
5F706320
5F317372
65676465
62203B73
203A6E69
61617830
61616161
00226161
73657422
31203A74
203B3830
203A6763
6F785F49
67635F72
7063203B
7063203A
3173725F
6764655F
203B7365
3A6E6962
35783020
35353535
22353535
65742200
203A7473
3B393031
3A676320
785F4920
635F726F
63203B67
63203A70
73725F70
64655F32
3B736567
6E696220
7830203A
22002230
74736574
3131203A
63203B30
49203A67
726F785F
3B67635F
3A706320
5F706320
5F327372
65676465
62203B73
203A6E69
22317830
65742200
203A7473
3B313131
3A676320
785F4920
635F726F
63203B67
63203A70
73725F70
64655F32
3B736567
6E696220
7830203A
22002232
74736574
3131203A
63203B32
49203A67
726F785F
3B67635F
3A706320
5F706320
5F327372
65676465
62203B73
203A6E69
30387830
30303030
00223030
73657422
31203A74
203B3331
203A6763
6F785F49
67635F72
7063203B
7063203A
3273725F
6764655F
203B7365
3A6E6962
38783020
30303030
22313030
65742200
203A7473
3B343131
3A676320
785F4920
635F726F
63203B67
63203A70
73725F70
64655F32
3B736567
6E696220
7830203A
66666637
66666666
74220022
3A747365
35313120
6763203B
5F49203A
5F726F78
203B6763
203A7063
725F7063
655F3273
73656764
6962203B
30203A6E
66663778
66666666
22002265
74736574
3131203A
63203B36
49203A67
726F785F
3B67635F
3A706320
5F706320
5F327372
65676465
62203B73
203A6E69
66667830
66666666
00226666
73657422
31203A74
203B3731
203A6763
6F785F49
67635F72
7063203B
7063203A
3273725F
6764655F
203B7365
3A6E6962
66783020
66666666
22656666
65742200
203A7473
3B383131
3A676320
785F4920
635F726F
63203B67
63203A70
73725F70
64655F32
3B736567
6E696220
7830203A
63626235
32373838
74220022
3A747365
39313120
6763203B
5F49203A
5F726F78
203B6763
203A7063
725F7063
655F3273
73656764
6962203B
30203A6E
61616178
61616161
22002261
74736574
3231203A
63203B30
49203A67
726F785F
3B67635F
3A706320
5F706320
5F327372
65676465
62203B73
203A6E69
35357830
35353535
00223535
73657422
31203A74
203B3132
203A6763
6F785F49
67635F72
7063203B
7263203A
3173725F
3273725F
6764655F
203B7365
3A6E6962
31737220
3D6C6176
2C307830
32737220
3D6C6176
22307830
65742200
203A7473
3B323231
3A676320
785F4920
635F726F
63203B67
63203A70
73725F72
73725F31
64655F32
3B736567
6E696220
7372203A
6C617631
3078303D
7372202C
6C617632
3178303D
74220022
3A747365
33323120
6763203B
5F49203A
5F726F78
203B6763
203A7063
725F7263
725F3173
655F3273
73656764
6962203B
72203A6E
61763173
78303D6C
72202C30
61763273
78303D6C
22002232
74736574
3231203A
63203B34
49203A67
726F785F
3B67635F
3A706320
5F726320
5F317372
5F327372
65676465
62203B73
203A6E69
76317372
303D6C61
202C3078
76327372
303D6C61
30303878
30303030
22002230
74736574
3231203A
63203B35
49203A67
726F785F
3B67635F
3A706320
5F726320
5F317372
5F327372
65676465
62203B73
203A6E69
76317372
303D6C61
202C3078
76327372
303D6C61
30303878
30303030
22002231
74736574
3231203A
63203B36
49203A67
726F785F
3B67635F
3A706320
5F726320
5F317372
5F327372
65676465
62203B73
203A6E69
76317372
303D6C61
202C3078
76327372
303D6C61
66663778
66666666
22002266
74736574
3231203A
63203B37
49203A67
726F785F
3B67635F
3A706320
5F726320
5F317372
5F327372
65676465
62203B73
203A6E69
76317372
303D6C61
202C3078
76327372
303D6C61
66663778
66666666
22002265
74736574
3231203A
63203B38
49203A67
726F785F
3B67635F
3A706320
5F726320
5F317372
5F327372
65676465
62203B73
203A6E69
76317372
303D6C61
202C3078
76327372
303D6C61
66666678
66666666
22002266
74736574
3231203A
63203B39
49203A67
726F785F
3B67635F
3A706320
5F726320
5F317372
5F327372
65676465
62203B73
203A6E69
76317372
303D6C61
202C3078
76327372
303D6C61
66666678
66666666
22002265
74736574
3331203A
63203B30
49203A67
726F785F
3B67635F
3A706320
5F726320
5F317372
5F327372
65676465
62203B73
203A6E69
76317372
303D6C61
202C3078
76327372
303D6C61
62623578
37383863
22002232
74736574
3331203A
63203B31
49203A67
726F785F
3B67635F
3A706320
5F726320
5F317372
5F327372
65676465
62203B73
203A6E69
76317372
303D6C61
202C3078
76327372
303D6C61
61616178
61616161
22002261
74736574
3331203A
63203B32
49203A67
726F785F
3B67635F
3A706320
5F726320
5F317372
5F327372
65676465
62203B73
203A6E69
76317372
303D6C61
202C3078
76327372
303D6C61
35353578
35353535
22002235
74736574
3331203A
63203B33
49203A67
726F785F
3B67635F
3A706320
5F726320
5F317372
5F327372
65676465
62203B73
203A6E69
76317372
303D6C61
202C3178
76327372
303D6C61
00223078
73657422
31203A74
203B3433
203A6763
6F785F49
67635F72
7063203B
7263203A
3173725F
3273725F
6764655F
203B7365
3A6E6962
31737220
3D6C6176
2C317830
32737220
3D6C6176
22317830
65742200
203A7473
3B353331
3A676320
785F4920
635F726F
63203B67
63203A70
73725F72
73725F31
64655F32
3B736567
6E696220
7372203A
6C617631
3178303D
7372202C
6C617632
3278303D
74220022
3A747365
36333120
6763203B
5F49203A
5F726F78
203B6763
203A7063
725F7263
725F3173
655F3273
73656764
6962203B
72203A6E
61763173
78303D6C
72202C31
61763273
78303D6C
30303038
30303030
74220022
3A747365
37333120
6763203B
5F49203A
5F726F78
203B6763
203A7063
725F7263
725F3173
655F3273
73656764
6962203B
72203A6E
61763173
78303D6C
72202C31
61763273
78303D6C
30303038
31303030
74220022
3A747365
38333120
6763203B
5F49203A
5F726F78
203B6763
203A7063
725F7263
725F3173
655F3273
73656764
6962203B
72203A6E
61763173
78303D6C
72202C31
61763273
78303D6C
66666637
66666666
74220022
3A747365
39333120
6763203B
5F49203A
5F726F78
203B6763
203A7063
725F7263
725F3173
655F3273
73656764
6962203B
72203A6E
61763173
78303D6C
72202C31
61763273
78303D6C
66666637
65666666
74220022
3A747365
30343120
6763203B
5F49203A
5F726F78
203B6763
203A7063
725F7263
725F3173
655F3273
73656764
6962203B
72203A6E
61763173
78303D6C
72202C31
61763273
78303D6C
66666666
66666666
74220022
3A747365
31343120
6763203B
5F49203A
5F726F78
203B6763
203A7063
725F7263
725F3173
655F3273
73656764
6962203B
72203A6E
61763173
78303D6C
72202C31
61763273
78303D6C
66666666
65666666
74220022
3A747365
32343120
6763203B
5F49203A
5F726F78
203B6763
203A7063
725F7263
725F3173
655F3273
73656764
6962203B
72203A6E
61763173
78303D6C
72202C31
61763273
78303D6C
63626235
32373838
74220022
3A747365
33343120
6763203B
5F49203A
5F726F78
203B6763
203A7063
725F7263
725F3173
655F3273
73656764
6962203B
72203A6E
61763173
78303D6C
72202C31
61763273
78303D6C
61616161
61616161
74220022
3A747365
34343120
6763203B
5F49203A
5F726F78
203B6763
203A7063
725F7263
725F3173
655F3273
73656764
6962203B
72203A6E
61763173
78303D6C
72202C31
61763273
78303D6C
35353535
35353535
74220022
3A747365
35343120
6763203B
5F49203A
5F726F78
203B6763
203A7063
725F7263
725F3173
655F3273
73656764
6962203B
72203A6E
61763173
78303D6C
72202C32
61763273
78303D6C
22002230
74736574
3431203A
63203B36
49203A67
726F785F
3B67635F
3A706320
5F726320
5F317372
5F327372
65676465
62203B73
203A6E69
76317372
303D6C61
202C3278
76327372
303D6C61
00223178
73657422
31203A74
203B3734
203A6763
6F785F49
67635F72
7063203B
7263203A
3173725F
3273725F
6764655F
203B7365
3A6E6962
31737220
3D6C6176
2C327830
32737220
3D6C6176
22327830
65742200
203A7473
3B383431
3A676320
785F4920
635F726F
63203B67
63203A70
73725F72
73725F31
64655F32
3B736567
6E696220
7372203A
6C617631
3278303D
7372202C
6C617632
3878303D
30303030
22303030
65742200
203A7473
3B393431
3A676320
785F4920
635F726F
63203B67
63203A70
73725F72
73725F31
64655F32
3B736567
6E696220
7372203A
6C617631
3278303D
7372202C
6C617632
3878303D
30303030
22313030
65742200
203A7473
3B303531
3A676320
785F4920
635F726F
63203B67
63203A70
73725F72
73725F31
64655F32
3B736567
6E696220
7372203A
6C617631
3278303D
7372202C
6C617632
3778303D
66666666
22666666
65742200
203A7473
3B313531
3A676320
785F4920
635F726F
63203B67
63203A70
73725F72
73725F31
64655F32
3B736567
6E696220
7372203A
6C617631
3278303D
7372202C
6C617632
3778303D
66666666
22656666
65742200
203A7473
3B323531
3A676320
785F4920
635F726F
63203B67
63203A70
73725F72
73725F31
64655F32
3B736567
6E696220
7372203A
6C617631
3278303D
7372202C
6C617632
6678303D
66666666
22666666
65742200
203A7473
3B333531
3A676320
785F4920
635F726F
63203B67
63203A70
73725F72
73725F31
64655F32
3B736567
6E696220
7372203A
6C617631
3278303D
7372202C
6C617632
6678303D
66666666
22656666
65742200
203A7473
3B343531
3A676320
785F4920
635F726F
63203B67
63203A70
73725F72
73725F31
64655F32
3B736567
6E696220
7372203A
6C617631
3278303D
7372202C
6C617632
3578303D
38636262
22323738
65742200
203A7473
3B353531
3A676320
785F4920
635F726F
63203B67
63203A70
73725F72
73725F31
64655F32
3B736567
6E696220
7372203A
6C617631
3278303D
7372202C
6C617632
6178303D
61616161
22616161
65742200
203A7473
3B363531
3A676320
785F4920
635F726F
63203B67
63203A70
73725F72
73725F31
64655F32
3B736567
6E696220
7372203A
6C617631
3278303D
7372202C
6C617632
3578303D
35353535
22353535
65742200
203A7473
3B373531
3A676320
785F4920
635F726F
63203B67
63203A70
73725F72
73725F31
64655F32
3B736567
6E696220
7372203A
6C617631
3878303D
30303030
2C303030
32737220
3D6C6176
22307830
65742200
203A7473
3B383531
3A676320
785F4920
635F726F
63203B67
63203A70
73725F72
73725F31
64655F32
3B736567
6E696220
7372203A
6C617631
3878303D
30303030
2C303030
32737220
3D6C6176
22317830
65742200
203A7473
3B393531
3A676320
785F4920
635F726F
63203B67
63203A70
73725F72
73725F31
64655F32
3B736567
6E696220
7372203A
6C617631
3878303D
30303030
2C303030
32737220
3D6C6176
22327830
65742200
203A7473
3B303631
3A676320
785F4920
635F726F
63203B67
63203A70
73725F72
73725F31
64655F32
3B736567
6E696220
7372203A
6C617631
3878303D
30303030
2C303030
32737220
3D6C6176
30387830
30303030
00223030
73657422
31203A74
203B3136
203A6763
6F785F49
67635F72
7063203B
7263203A
3173725F
3273725F
6764655F
203B7365
3A6E6962
31737220
3D6C6176
30387830
30303030
202C3030
76327372
303D6C61
30303878
30303030
22002231
74736574
3631203A
63203B32
49203A67
726F785F
3B67635F
3A706320
5F726320
5F317372
5F327372
65676465
62203B73
203A6E69
76317372
303D6C61
30303878
30303030
72202C30
61763273
78303D6C
66666637
66666666
74220022
3A747365
33363120
6763203B
5F49203A
5F726F78
203B6763
203A7063
725F7263
725F3173
655F3273
73656764
6962203B
72203A6E
61763173
78303D6C
30303038
30303030
7372202C
6C617632
3778303D
66666666
22656666
65742200
203A7473
3B343631
3A676320
785F4920
635F726F
63203B67
63203A70
73725F72
73725F31
64655F32
3B736567
6E696220
7372203A
6C617631
3878303D
30303030
2C303030
32737220
3D6C6176
66667830
66666666
00226666
73657422
31203A74
203B3536
203A6763
6F785F49
67635F72
7063203B
7263203A
3173725F
3273725F
6764655F
203B7365
3A6E6962
31737220
3D6C6176
30387830
30303030
202C3030
76327372
303D6C61
66666678
66666666
22002265
74736574
3631203A
63203B36
49203A67
726F785F
3B67635F
3A706320
5F726320
5F317372
5F327372
65676465
62203B73
203A6E69
76317372
303D6C61
30303878
30303030
72202C30
61763273
78303D6C
63626235
32373838
74220022
3A747365
37363120
6763203B
5F49203A
5F726F78
203B6763
203A7063
725F7263
725F3173
655F3273
73656764
6962203B
72203A6E
61763173
78303D6C
30303038
30303030
7372202C
6C617632
6178303D
61616161
22616161
65742200
203A7473
3B383631
3A676320
785F4920
635F726F
63203B67
63203A70
73725F72
73725F31
64655F32
3B736567
6E696220
7372203A
6C617631
3878303D
30303030
2C303030
32737220
3D6C6176
35357830
35353535
00223535
73657422
31203A74
203B3936
203A6763
6F785F49
67635F72
7063203B
7263203A
3173725F
3273725F
6764655F
203B7365
3A6E6962
31737220
3D6C6176
30387830
30303030
202C3130
76327372
303D6C61
00223078
73657422
31203A74
203B3037
203A6763
6F785F49
67635F72
7063203B
7263203A
3173725F
3273725F
6764655F
203B7365
3A6E6962
31737220
3D6C6176
30387830
30303030
202C3130
76327372
303D6C61
00223178
73657422
31203A74
203B3137
203A6763
6F785F49
67635F72
7063203B
7263203A
3173725F
3273725F
6764655F
203B7365
3A6E6962
31737220
3D6C6176
30387830
30303030
202C3130
76327372
303D6C61
00223278
73657422
31203A74
203B3237
203A6763
6F785F49
67635F72
7063203B
7263203A
3173725F
3273725F
6764655F
203B7365
3A6E6962
31737220
3D6C6176
30387830
30303030
202C3130
76327372
303D6C61
30303878
30303030
22002230
74736574
3731203A
63203B33
49203A67
726F785F
3B67635F
3A706320
5F726320
5F317372
5F327372
65676465
62203B73
203A6E69
76317372
303D6C61
30303878
30303030
72202C31
61763273
78303D6C
30303038
31303030
74220022
3A747365
34373120
6763203B
5F49203A
5F726F78
203B6763
203A7063
725F7263
725F3173
655F3273
73656764
6962203B
72203A6E
61763173
78303D6C
30303038
31303030
7372202C
6C617632
3778303D
66666666
22666666
65742200
203A7473
3B353731
3A676320
785F4920
635F726F
63203B67
63203A70
73725F72
73725F31
64655F32
3B736567
6E696220
7372203A
6C617631
3878303D
30303030
2C313030
32737220
3D6C6176
66377830
66666666
00226566
73657422
31203A74
203B3637
203A6763
6F785F49
67635F72
7063203B
7263203A
3173725F
3273725F
6764655F
203B7365
3A6E6962
31737220
3D6C6176
30387830
30303030
202C3130
76327372
303D6C61
66666678
66666666
22002266
74736574
3731203A
63203B37
49203A67
726F785F
3B67635F
3A706320
5F726320
5F317372
5F327372
65676465
62203B73
203A6E69
76317372
303D6C61
30303878
30303030
72202C31
61763273
78303D6C
66666666
65666666
74220022
3A747365
38373120
6763203B
5F49203A
5F726F78
203B6763
203A7063
725F7263
725F3173
655F3273
73656764
6962203B
72203A6E
61763173
78303D6C
30303038
31303030
7372202C
6C617632
3578303D
38636262
22323738
65742200
203A7473
3B393731
3A676320
785F4920
635F726F
63203B67
63203A70
73725F72
73725F31
64655F32
3B736567
6E696220
7372203A
6C617631
3878303D
30303030
2C313030
32737220
3D6C6176
61617830
61616161
00226161
73657422
31203A74
203B3038
203A6763
6F785F49
67635F72
7063203B
7263203A
3173725F
3273725F
6764655F
203B7365
3A6E6962
31737220
3D6C6176
30387830
30303030
202C3130
76327372
303D6C61
35353578
35353535
22002235
74736574
3831203A
63203B31
49203A67
726F785F
3B67635F
3A706320
5F726320
5F317372
5F327372
65676465
62203B73
203A6E69
76317372
303D6C61
66663778
66666666
72202C66
61763273
78303D6C
22002230
74736574
3831203A
63203B32
49203A67
726F785F
3B67635F
3A706320
5F726320
5F317372
5F327372
65676465
62203B73
203A6E69
76317372
303D6C61
66663778
66666666
72202C66
61763273
78303D6C
22002231
74736574
3831203A
63203B33
49203A67
726F785F
3B67635F
3A706320
5F726320
5F317372
5F327372
65676465
62203B73
203A6E69
76317372
303D6C61
66663778
66666666
72202C66
61763273
78303D6C
22002232
74736574
3831203A
63203B34
49203A67
726F785F
3B67635F
3A706320
5F726320
5F317372
5F327372
65676465
62203B73
203A6E69
76317372
303D6C61
66663778
66666666
72202C66
61763273
78303D6C
30303038
30303030
74220022
3A747365
35383120
6763203B
5F49203A
5F726F78
203B6763
203A7063
725F7263
725F3173
655F3273
73656764
6962203B
72203A6E
61763173
78303D6C
66666637
66666666
7372202C
6C617632
3878303D
30303030
22313030
65742200
203A7473
3B363831
3A676320
785F4920
635F726F
63203B67
63203A70
73725F72
73725F31
64655F32
3B736567
6E696220
7372203A
6C617631
3778303D
66666666
2C666666
32737220
3D6C6176
66377830
66666666
00226666
73657422
31203A74
203B3738
203A6763
6F785F49
67635F72
7063203B
7263203A
3173725F
3273725F
6764655F
203B7365
3A6E6962
31737220
3D6C6176
66377830
66666666
202C6666
76327372
303D6C61
66663778
66666666
22002265
74736574
3831203A
63203B38
49203A67
726F785F
3B67635F
3A706320
5F726320
5F317372
5F327372
65676465
62203B73
203A6E69
76317372
303D6C61
66663778
66666666
72202C66
61763273
78303D6C
66666666
66666666
74220022
3A747365
39383120
6763203B
5F49203A
5F726F78
203B6763
203A7063
725F7263
725F3173
655F3273
73656764
6962203B
72203A6E
61763173
78303D6C
66666637
66666666
7372202C
6C617632
6678303D
66666666
22656666
65742200
203A7473
3B303931
3A676320
785F4920
635F726F
63203B67
63203A70
73725F72
73725F31
64655F32
3B736567
6E696220
7372203A
6C617631
3778303D
66666666
2C666666
32737220
3D6C6176
62357830
38386362
00223237
73657422
31203A74
203B3139
203A6763
6F785F49
67635F72
7063203B
7263203A
3173725F
3273725F
6764655F
203B7365
3A6E6962
31737220
3D6C6176
66377830
66666666
202C6666
76327372
303D6C61
61616178
61616161
22002261
74736574
3931203A
63203B32
49203A67
726F785F
3B67635F
3A706320
5F726320
5F317372
5F327372
65676465
62203B73
203A6E69
76317372
303D6C61
66663778
66666666
72202C66
61763273
78303D6C
35353535
35353535
74220022
3A747365
33393120
6763203B
5F49203A
5F726F78
203B6763
203A7063
725F7263
725F3173
655F3273
73656764
6962203B
72203A6E
61763173
78303D6C
66666637
65666666
7372202C
6C617632
3078303D
74220022
3A747365
34393120
6763203B
5F49203A
5F726F78
203B6763
203A7063
725F7263
725F3173
655F3273
73656764
6962203B
72203A6E
61763173
78303D6C
66666637
65666666
7372202C
6C617632
3178303D
74220022
3A747365
35393120
6763203B
5F49203A
5F726F78
203B6763
203A7063
725F7263
725F3173
655F3273
73656764
6962203B
72203A6E
61763173
78303D6C
66666637
65666666
7372202C
6C617632
3278303D
74220022
3A747365
36393120
6763203B
5F49203A
5F726F78
203B6763
203A7063
725F7263
725F3173
655F3273
73656764
6962203B
72203A6E
61763173
78303D6C
66666637
65666666
7372202C
6C617632
3878303D
30303030
22303030
65742200
203A7473
3B373931
3A676320
785F4920
635F726F
63203B67
63203A70
73725F72
73725F31
64655F32
3B736567
6E696220
7372203A
6C617631
3778303D
66666666
2C656666
32737220
3D6C6176
30387830
30303030
00223130
73657422
31203A74
203B3839
203A6763
6F785F49
67635F72
7063203B
7263203A
3173725F
3273725F
6764655F
203B7365
3A6E6962
31737220
3D6C6176
66377830
66666666
202C6566
76327372
303D6C61
66663778
66666666
22002266
74736574
3931203A
63203B39
49203A67
726F785F
3B67635F
3A706320
5F726320
5F317372
5F327372
65676465
62203B73
203A6E69
76317372
303D6C61
66663778
66666666
72202C65
61763273
78303D6C
66666637
65666666
74220022
3A747365
30303220
6763203B
5F49203A
5F726F78
203B6763
203A7063
725F7263
725F3173
655F3273
73656764
6962203B
72203A6E
61763173
78303D6C
66666637
65666666
7372202C
6C617632
6678303D
66666666
22666666
65742200
203A7473
3B313032
3A676320
785F4920
635F726F
63203B67
63203A70
73725F72
73725F31
64655F32
3B736567
6E696220
7372203A
6C617631
3778303D
66666666
2C656666
32737220
3D6C6176
66667830
66666666
00226566
73657422
32203A74
203B3230
203A6763
6F785F49
67635F72
7063203B
7263203A
3173725F
3273725F
6764655F
203B7365
3A6E6962
31737220
3D6C6176
66377830
66666666
202C6566
76327372
303D6C61
62623578
37383863
22002232
74736574
3032203A
63203B33
49203A67
726F785F
3B67635F
3A706320
5F726320
5F317372
5F327372
65676465
62203B73
203A6E69
76317372
303D6C61
66663778
66666666
72202C65
61763273
78303D6C
61616161
61616161
74220022
3A747365
34303220
6763203B
5F49203A
5F726F78
203B6763
203A7063
725F7263
725F3173
655F3273
73656764
6962203B
72203A6E
61763173
78303D6C
66666637
65666666
7372202C
6C617632
3578303D
35353535
22353535
65742200
203A7473
3B353032
3A676320
785F4920
635F726F
63203B67
63203A70
73725F72
73725F31
64655F32
3B736567
6E696220
7372203A
6C617631
6678303D
66666666
2C666666
32737220
3D6C6176
22307830
65742200
203A7473
3B363032
3A676320
785F4920
635F726F
63203B67
63203A70
73725F72
73725F31
64655F32
3B736567
6E696220
7372203A
6C617631
6678303D
66666666
2C666666
32737220
3D6C6176
22317830
65742200
203A7473
3B373032
3A676320
785F4920
635F726F
63203B67
63203A70
73725F72
73725F31
64655F32
3B736567
6E696220
7372203A
6C617631
6678303D
66666666
2C666666
32737220
3D6C6176
22327830
65742200
203A7473
3B383032
3A676320
785F4920
635F726F
63203B67
63203A70
73725F72
73725F31
64655F32
3B736567
6E696220
7372203A
6C617631
6678303D
66666666
2C666666
32737220
3D6C6176
30387830
30303030
00223030
73657422
32203A74
203B3930
203A6763
6F785F49
67635F72
7063203B
7263203A
3173725F
3273725F
6764655F
203B7365
3A6E6962
31737220
3D6C6176
66667830
66666666
202C6666
76327372
303D6C61
30303878
30303030
22002231
74736574
3132203A
63203B30
49203A67
726F785F
3B67635F
3A706320
5F726320
5F317372
5F327372
65676465
62203B73
203A6E69
76317372
303D6C61
66666678
66666666
72202C66
61763273
78303D6C
66666637
66666666
74220022
3A747365
31313220
6763203B
5F49203A
5F726F78
203B6763
203A7063
725F7263
725F3173
655F3273
73656764
6962203B
72203A6E
61763173
78303D6C
66666666
66666666
7372202C
6C617632
3778303D
66666666
22656666
65742200
203A7473
3B323132
3A676320
785F4920
635F726F
63203B67
63203A70
73725F72
73725F31
64655F32
3B736567
6E696220
7372203A
6C617631
6678303D
66666666
2C666666
32737220
3D6C6176
66667830
66666666
00226666
73657422
32203A74
203B3331
203A6763
6F785F49
67635F72
7063203B
7263203A
3173725F
3273725F
6764655F
203B7365
3A6E6962
31737220
3D6C6176
66667830
66666666
202C6666
76327372
303D6C61
66666678
66666666
22002265
74736574
3132203A
63203B34
49203A67
726F785F
3B67635F
3A706320
5F726320
5F317372
5F327372
65676465
62203B73
203A6E69
76317372
303D6C61
66666678
66666666
72202C66
61763273
78303D6C
63626235
32373838
74220022
3A747365
35313220
6763203B
5F49203A
5F726F78
203B6763
203A7063
725F7263
725F3173
655F3273
73656764
6962203B
72203A6E
61763173
78303D6C
66666666
66666666
7372202C
6C617632
6178303D
61616161
22616161
65742200
203A7473
3B363132
3A676320
785F4920
635F726F
63203B67
63203A70
73725F72
73725F31
64655F32
3B736567
6E696220
7372203A
6C617631
6678303D
66666666
2C666666
32737220
3D6C6176
35357830
35353535
00223535
73657422
32203A74
203B3731
203A6763
6F785F49
67635F72
7063203B
7263203A
3173725F
3273725F
6764655F
203B7365
3A6E6962
31737220
3D6C6176
66667830
66666666
202C6566
76327372
303D6C61
00223078
73657422
32203A74
203B3831
203A6763
6F785F49
67635F72
7063203B
7263203A
3173725F
3273725F
6764655F
203B7365
3A6E6962
31737220
3D6C6176
66667830
66666666
202C6566
76327372
303D6C61
00223178
73657422
32203A74
203B3931
203A6763
6F785F49
67635F72
7063203B
7263203A
3173725F
3273725F
6764655F
203B7365
3A6E6962
31737220
3D6C6176
66667830
66666666
202C6566
76327372
303D6C61
00223278
73657422
32203A74
203B3032
203A6763
6F785F49
67635F72
7063203B
7263203A
3173725F
3273725F
6764655F
203B7365
3A6E6962
31737220
3D6C6176
66667830
66666666
202C6566
76327372
303D6C61
30303878
30303030
22002230
74736574
3232203A
63203B31
49203A67
726F785F
3B67635F
3A706320
5F726320
5F317372
5F327372
65676465
62203B73
203A6E69
76317372
303D6C61
66666678
66666666
72202C65
61763273
78303D6C
30303038
31303030
74220022
3A747365
32323220
6763203B
5F49203A
5F726F78
203B6763
203A7063
725F7263
725F3173
655F3273
73656764
6962203B
72203A6E
61763173
78303D6C
66666666
65666666
7372202C
6C617632
3778303D
66666666
22666666
65742200
203A7473
3B333232
3A676320
785F4920
635F726F
63203B67
63203A70
73725F72
73725F31
64655F32
3B736567
6E696220
7372203A
6C617631
6678303D
66666666
2C656666
32737220
3D6C6176
66377830
66666666
00226566
73657422
32203A74
203B3432
203A6763
6F785F49
67635F72
7063203B
7263203A
3173725F
3273725F
6764655F
203B7365
3A6E6962
31737220
3D6C6176
66667830
66666666
202C6566
76327372
303D6C61
66666678
66666666
22002266
74736574
3232203A
63203B35
49203A67
726F785F
3B67635F
3A706320
5F726320
5F317372
5F327372
65676465
62203B73
203A6E69
76317372
303D6C61
66666678
66666666
72202C65
61763273
78303D6C
66666666
65666666
74220022
3A747365
36323220
6763203B
5F49203A
5F726F78
203B6763
203A7063
725F7263
725F3173
655F3273
73656764
6962203B
72203A6E
61763173
78303D6C
66666666
65666666
7372202C
6C617632
3578303D
38636262
22323738
65742200
203A7473
3B373232
3A676320
785F4920
635F726F
63203B67
63203A70
73725F72
73725F31
64655F32
3B736567
6E696220
7372203A
6C617631
6678303D
66666666
2C656666
32737220
3D6C6176
61617830
61616161
00226161
73657422
32203A74
203B3832
203A6763
6F785F49
67635F72
7063203B
7263203A
3173725F
3273725F
6764655F
203B7365
3A6E6962
31737220
3D6C6176
66667830
66666666
202C6566
76327372
303D6C61
35353578
35353535
22002235
74736574
3232203A
63203B39
49203A67
726F785F
3B67635F
3A706320
5F726320
5F317372
5F327372
65676465
62203B73
203A6E69
76317372
303D6C61
62623578
37383863
72202C32
61763273
78303D6C
22002230
74736574
3332203A
63203B30
49203A67
726F785F
3B67635F
3A706320
5F726320
5F317372
5F327372
65676465
62203B73
203A6E69
76317372
303D6C61
62623578
37383863
72202C32
61763273
78303D6C
22002231
74736574
3332203A
63203B31
49203A67
726F785F
3B67635F
3A706320
5F726320
5F317372
5F327372
65676465
62203B73
203A6E69
76317372
303D6C61
62623578
37383863
72202C32
61763273
78303D6C
22002232
74736574
3332203A
63203B32
49203A67
726F785F
3B67635F
3A706320
5F726320
5F317372
5F327372
65676465
62203B73
203A6E69
76317372
303D6C61
62623578
37383863
72202C32
61763273
78303D6C
30303038
30303030
74220022
3A747365
33333220
6763203B
5F49203A
5F726F78
203B6763
203A7063
725F7263
725F3173
655F3273
73656764
6962203B
72203A6E
61763173
78303D6C
63626235
32373838
7372202C
6C617632
3878303D
30303030
22313030
65742200
203A7473
3B343332
3A676320
785F4920
635F726F
63203B67
63203A70
73725F72
73725F31
64655F32
3B736567
6E696220
7372203A
6C617631
3578303D
38636262
2C323738
32737220
3D6C6176
66377830
66666666
00226666
73657422
32203A74
203B3533
203A6763
6F785F49
67635F72
7063203B
7263203A
3173725F
3273725F
6764655F
203B7365
3A6E6962
31737220
3D6C6176
62357830
38386362
202C3237
76327372
303D6C61
66663778
66666666
22002265
74736574
3332203A
63203B36
49203A67
726F785F
3B67635F
3A706320
5F726320
5F317372
5F327372
65676465
62203B73
203A6E69
76317372
303D6C61
62623578
37383863
72202C32
61763273
78303D6C
66666666
66666666
74220022
3A747365
37333220
6763203B
5F49203A
5F726F78
203B6763
203A7063
725F7263
725F3173
655F3273
73656764
6962203B
72203A6E
61763173
78303D6C
63626235
32373838
7372202C
6C617632
6678303D
66666666
22656666
65742200
203A7473
3B383332
3A676320
785F4920
635F726F
63203B67
63203A70
73725F72
73725F31
64655F32
3B736567
6E696220
7372203A
6C617631
3578303D
38636262
2C323738
32737220
3D6C6176
62357830
38386362
00223237
73657422
32203A74
203B3933
203A6763
6F785F49
67635F72
7063203B
7263203A
3173725F
3273725F
6764655F
203B7365
3A6E6962
31737220
3D6C6176
62357830
38386362
202C3237
76327372
303D6C61
61616178
61616161
22002261
74736574
3432203A
63203B30
49203A67
726F785F
3B67635F
3A706320
5F726320
5F317372
5F327372
65676465
62203B73
203A6E69
76317372
303D6C61
62623578
37383863
72202C32
61763273
78303D6C
35353535
35353535
74220022
3A747365
31343220
6763203B
5F49203A
5F726F78
203B6763
203A7063
725F7263
725F3173
655F3273
73656764
6962203B
72203A6E
61763173
78303D6C
61616161
61616161
7372202C
6C617632
3078303D
74220022
3A747365
32343220
6763203B
5F49203A
5F726F78
203B6763
203A7063
725F7263
725F3173
655F3273
73656764
6962203B
72203A6E
61763173
78303D6C
61616161
61616161
7372202C
6C617632
3178303D
74220022
3A747365
33343220
6763203B
5F49203A
5F726F78
203B6763
203A7063
725F7263
725F3173
655F3273
73656764
6962203B
72203A6E
61763173
78303D6C
61616161
61616161
7372202C
6C617632
3278303D
74220022
3A747365
34343220
6763203B
5F49203A
5F726F78
203B6763
203A7063
725F7263
725F3173
655F3273
73656764
6962203B
72203A6E
61763173
78303D6C
61616161
61616161
7372202C
6C617632
3878303D
30303030
22303030
65742200
203A7473
3B353432
3A676320
785F4920
635F726F
63203B67
63203A70
73725F72
73725F31
64655F32
3B736567
6E696220
7372203A
6C617631
6178303D
61616161
2C616161
32737220
3D6C6176
30387830
30303030
00223130
73657422
32203A74
203B3634
203A6763
6F785F49
67635F72
7063203B
7263203A
3173725F
3273725F
6764655F
203B7365
3A6E6962
31737220
3D6C6176
61617830
61616161
202C6161
76327372
303D6C61
66663778
66666666
22002266
74736574
3432203A
63203B37
49203A67
726F785F
3B67635F
3A706320
5F726320
5F317372
5F327372
65676465
62203B73
203A6E69
76317372
303D6C61
61616178
61616161
72202C61
61763273
78303D6C
66666637
65666666
74220022
3A747365
38343220
6763203B
5F49203A
5F726F78
203B6763
203A7063
725F7263
725F3173
655F3273
73656764
6962203B
72203A6E
61763173
78303D6C
61616161
61616161
7372202C
6C617632
6678303D
66666666
22666666
65742200
203A7473
3B393432
3A676320
785F4920
635F726F
63203B67
63203A70
73725F72
73725F31
64655F32
3B736567
6E696220
7372203A
6C617631
6178303D
61616161
2C616161
32737220
3D6C6176
66667830
66666666
00226566
73657422
32203A74
203B3035
203A6763
6F785F49
67635F72
7063203B
7263203A
3173725F
3273725F
6764655F
203B7365
3A6E6962
31737220
3D6C6176
61617830
61616161
202C6161
76327372
303D6C61
62623578
37383863
22002232
74736574
3532203A
63203B31
49203A67
726F785F
3B67635F
3A706320
5F726320
5F317372
5F327372
65676465
62203B73
203A6E69
76317372
303D6C61
61616178
61616161
72202C61
61763273
78303D6C
61616161
61616161
74220022
3A747365
32353220
6763203B
5F49203A
5F726F78
203B6763
203A7063
725F7263
725F3173
655F3273
73656764
6962203B
72203A6E
61763173
78303D6C
61616161
61616161
7372202C
6C617632
3578303D
35353535
22353535
65742200
203A7473
3B333532
3A676320
785F4920
635F726F
63203B67
63203A70
73725F72
73725F31
64655F32
3B736567
6E696220
7372203A
6C617631
3578303D
35353535
2C353535
32737220
3D6C6176
22307830
65742200
203A7473
3B343532
3A676320
785F4920
635F726F
63203B67
63203A70
73725F72
73725F31
64655F32
3B736567
6E696220
7372203A
6C617631
3578303D
35353535
2C353535
32737220
3D6C6176
22317830
65742200
203A7473
3B353532
3A676320
785F4920
635F726F
63203B67
63203A70
73725F72
73725F31
64655F32
3B736567
6E696220
7372203A
6C617631
3578303D
35353535
2C353535
32737220
3D6C6176
22327830
65742200
203A7473
3B363532
3A676320
785F4920
635F726F
63203B67
63203A70
73725F72
73725F31
64655F32
3B736567
6E696220
7372203A
6C617631
3578303D
35353535
2C353535
32737220
3D6C6176
30387830
30303030
00223030
73657422
32203A74
203B3735
203A6763
6F785F49
67635F72
7063203B
7263203A
3173725F
3273725F
6764655F
203B7365
3A6E6962
31737220
3D6C6176
35357830
35353535
202C3535
76327372
303D6C61
30303878
30303030
22002231
74736574
3532203A
63203B38
49203A67
726F785F
3B67635F
3A706320
5F726320
5F317372
5F327372
65676465
62203B73
203A6E69
76317372
303D6C61
35353578
35353535
72202C35
61763273
78303D6C
66666637
66666666
74220022
3A747365
39353220
6763203B
5F49203A
5F726F78
203B6763
203A7063
725F7263
725F3173
655F3273
73656764
6962203B
72203A6E
61763173
78303D6C
35353535
35353535
7372202C
6C617632
3778303D
66666666
22656666
65742200
203A7473
3B303632
3A676320
785F4920
635F726F
63203B67
63203A70
73725F72
73725F31
64655F32
3B736567
6E696220
7372203A
6C617631
3578303D
35353535
2C353535
32737220
3D6C6176
66667830
66666666
00226666
73657422
32203A74
203B3136
203A6763
6F785F49
67635F72
7063203B
7263203A
3173725F
3273725F
6764655F
203B7365
3A6E6962
31737220
3D6C6176
35357830
35353535
202C3535
76327372
303D6C61
66666678
66666666
22002265
74736574
3632203A
63203B32
49203A67
726F785F
3B67635F
3A706320
5F726320
5F317372
5F327372
65676465
62203B73
203A6E69
76317372
303D6C61
35353578
35353535
72202C35
61763273
78303D6C
63626235
32373838
74220022
3A747365
33363220
6763203B
5F49203A
5F726F78
203B6763
203A7063
725F7263
725F3173
655F3273
73656764
6962203B
72203A6E
61763173
78303D6C
35353535
35353535
7372202C
6C617632
6178303D
61616161
22616161
65742200
203A7473
3B343632
3A676320
785F4920
635F726F
63203B67
63203A70
73725F72
73725F31
64655F32
3B736567
6E696220
7372203A
6C617631
3578303D
35353535
2C353535
32737220
3D6C6176
35357830
35353535
00223535
73657422
32203A74
203B3536
203A6763
6F785F49
67635F72
7063203B
6D63203A
73725F70
73725F31
62203B32
203A6E69
00223062
73657422
32203A74
203B3636
203A6763
6F785F49
67635F72
7063203B
6D63203A
73725F70
73725F31
62203B32
203A6E69
00223162
73657422
32203A74
203B3736
203A6763
6F785F49
67635F72
7063203B
6D63203A
73725F70
73725F31
62203B32
203A6E69
00223262
73657422
32203A74
203B3836
203A6763
6F785F49
67635F72
7063203B
6D63203A
73725F70
73725F31
62203B32
203A6E69
00223362
73657422
32203A74
203B3936
203A6763
6F785F49
67635F72
7063203B
6D63203A
73725F70
73725F31
62203B32
203A6E69
00223462
73657422
32203A74
203B3037
203A6763
6F785F49
67635F72
7063203B
6D63203A
73725F70
73725F31
62203B32
203A6E69
00223562
73657422
32203A74
203B3137
203A6763
6F785F49
67635F72
7063203B
6D63203A
73725F70
73725F31
62203B32
203A6E69
00223662
73657422
32203A74
203B3237
203A6763
6F785F49
67635F72
7063203B
6D63203A
73725F70
73725F31
62203B32
203A6E69
00223762
73657422
32203A74
203B3337
203A6763
6F785F49
67635F72
7063203B
6D63203A
73725F70
73725F31
62203B32
203A6E69
00223862
73657422
32203A74
203B3437
203A6763
6F785F49
67635F72
7063203B
6D63203A
73725F70
73725F31
62203B32
203A6E69
00223962
73657422
32203A74
203B3537
203A6763
6F785F49
67635F72
7063203B
6D63203A
73725F70
73725F31
62203B32
203A6E69
22303162
65742200
203A7473
3B363732
3A676320
785F4920
635F726F
63203B67
63203A70
725F706D
725F3173
203B3273
3A6E6962
31316220
74220022
3A747365
37373220
6763203B
5F49203A
5F726F78
203B6763
203A7063
5F706D63
5F317372
3B327372
6E696220
3162203A
22002232
74736574
3732203A
63203B38
49203A67
726F785F
3B67635F
3A706320
706D6320
3173725F
3273725F
6962203B
62203A6E
00223331
73657422
32203A74
203B3937
203A6763
6F785F49
67635F72
7063203B
6D63203A
73725F70
73725F31
62203B32
203A6E69
22343162
65742200
203A7473
3B303832
3A676320
785F4920
635F726F
63203B67
63203A70
725F706D
725F3173
203B3273
3A6E6962
35316220
74220022
3A747365
31383220
6763203B
5F49203A
5F726F78
203B6763
203A7063
5F706D63
5F317372
3B327372
6E696220
3162203A
22002236
74736574
3832203A
63203B32
49203A67
726F785F
3B67635F
3A706320
706D6320
3173725F
3273725F
6962203B
62203A6E
00223731
73657422
32203A74
203B3338
203A6763
6F785F49
67635F72
7063203B
6D63203A
73725F70
73725F31
62203B32
203A6E69
22383162
65742200
203A7473
3B343832
3A676320
785F4920
635F726F
63203B67
63203A70
725F706D
725F3173
203B3273
3A6E6962
39316220
74220022
3A747365
35383220
6763203B
5F49203A
5F726F78
203B6763
203A7063
5F706D63
5F317372
3B327372
6E696220
3262203A
22002230
74736574
3832203A
63203B36
49203A67
726F785F
3B67635F
3A706320
706D6320
3173725F
3273725F
6962203B
62203A6E
00223132
73657422
32203A74
203B3738
203A6763
6F785F49
67635F72
7063203B
6D63203A
73725F70
73725F31
62203B32
203A6E69
22323262
65742200
203A7473
3B383832
3A676320
785F4920
635F726F
63203B67
63203A70
725F706D
725F3173
203B3273
3A6E6962
33326220
74220022
3A747365
39383220
6763203B
5F49203A
5F726F78
203B6763
203A7063
5F706D63
5F317372
3B327372
6E696220
3262203A
22002234
74736574
3932203A
63203B30
49203A67
726F785F
3B67635F
3A706320
706D6320
3173725F
3273725F
6962203B
62203A6E
00223532
73657422
32203A74
203B3139
203A6763
6F785F49
67635F72
7063203B
6D63203A
73725F70
73725F31
62203B32
203A6E69
22363262
65742200
203A7473
3B323932
3A676320
785F4920
635F726F
63203B67
63203A70
725F706D
725F3173
203B3273
3A6E6962
37326220
74220022
3A747365
33393220
6763203B
5F49203A
5F726F78
203B6763
203A7063
5F706D63
5F317372
3B327372
6E696220
3262203A
22002238
74736574
3932203A
63203B34
49203A67
726F785F
3B67635F
3A706320
706D6320
3173725F
3273725F
6962203B
62203A6E
00223932
73657422
32203A74
203B3539
203A6763
6F785F49
67635F72
7063203B
6D63203A
73725F70
73725F31
62203B32
203A6E69
22303362
65742200
203A7473
3B363932
3A676320
785F4920
635F726F
63203B67
63203A70
725F706D
725F3173
203B3273
3A6E6962
31336220
74220022
3A747365
37393220
6763203B
5F49203A
5F726F78
203B6763
203A7063
5F706D63
725F6472
203B3173
3A6E6962
22306220
65742200
203A7473
3B383932
3A676320
785F4920
635F726F
63203B67
63203A70
725F706D
73725F64
62203B31
203A6E69
00223162
73657422
32203A74
203B3939
203A6763
6F785F49
67635F72
7063203B
6D63203A
64725F70
3173725F
6962203B
62203A6E
22002232
74736574
3033203A
63203B30
49203A67
726F785F
3B67635F
3A706320
706D6320
5F64725F
3B317372
6E696220
3362203A
74220022
3A747365
31303320
6763203B
5F49203A
5F726F78
203B6763
203A7063
5F706D63
725F6472
203B3173
3A6E6962
22346220
65742200
203A7473
3B323033
3A676320
785F4920
635F726F
63203B67
63203A70
725F706D
73725F64
62203B31
203A6E69
00223562
73657422
33203A74
203B3330
203A6763
6F785F49
67635F72
7063203B
6D63203A
64725F70
3173725F
6962203B
62203A6E
22002236
74736574
3033203A
63203B34
49203A67
726F785F
3B67635F
3A706320
706D6320
5F64725F
3B317372
6E696220
3762203A
74220022
3A747365
35303320
6763203B
5F49203A
5F726F78
203B6763
203A7063
5F706D63
725F6472
203B3173
3A6E6962
22386220
65742200
203A7473
3B363033
3A676320
785F4920
635F726F
63203B67
63203A70
725F706D
73725F64
62203B31
203A6E69
00223962
73657422
33203A74
203B3730
203A6763
6F785F49
67635F72
7063203B
6D63203A
64725F70
3173725F
6962203B
62203A6E
00223031
73657422
33203A74
203B3830
203A6763
6F785F49
67635F72
7063203B
6D63203A
64725F70
3173725F
6962203B
62203A6E
00223131
73657422
33203A74
203B3930
203A6763
6F785F49
67635F72
7063203B
6D63203A
64725F70
3173725F
6962203B
62203A6E
00223231
73657422
33203A74
203B3031
203A6763
6F785F49
67635F72
7063203B
6D63203A
64725F70
3173725F
6962203B
62203A6E
00223331
73657422
33203A74
203B3131
203A6763
6F785F49
67635F72
7063203B
6D63203A
64725F70
3173725F
6962203B
62203A6E
00223431
73657422
33203A74
203B3231
203A6763
6F785F49
67635F72
7063203B
6D63203A
64725F70
3173725F
6962203B
62203A6E
00223531
73657422
33203A74
203B3331
203A6763
6F785F49
67635F72
7063203B
6D63203A
64725F70
3173725F
6962203B
62203A6E
00223631
73657422
33203A74
203B3431
203A6763
6F785F49
67635F72
7063203B
6D63203A
64725F70
3173725F
6962203B
62203A6E
00223731
73657422
33203A74
203B3531
203A6763
6F785F49
67635F72
7063203B
6D63203A
64725F70
3173725F
6962203B
62203A6E
00223831
73657422
33203A74
203B3631
203A6763
6F785F49
67635F72
7063203B
6D63203A
64725F70
3173725F
6962203B
62203A6E
00223931
73657422
33203A74
203B3731
203A6763
6F785F49
67635F72
7063203B
6D63203A
64725F70
3173725F
6962203B
62203A6E
00223032
73657422
33203A74
203B3831
203A6763
6F785F49
67635F72
7063203B
6D63203A
64725F70
3173725F
6962203B
62203A6E
00223132
73657422
33203A74
203B3931
203A6763
6F785F49
67635F72
7063203B
6D63203A
64725F70
3173725F
6962203B
62203A6E
00223232
73657422
33203A74
203B3032
203A6763
6F785F49
67635F72
7063203B
6D63203A
64725F70
3173725F
6962203B
62203A6E
00223332
73657422
33203A74
203B3132
203A6763
6F785F49
67635F72
7063203B
6D63203A
64725F70
3173725F
6962203B
62203A6E
00223432
73657422
33203A74
203B3232
203A6763
6F785F49
67635F72
7063203B
6D63203A
64725F70
3173725F
6962203B
62203A6E
00223532
73657422
33203A74
203B3332
203A6763
6F785F49
67635F72
7063203B
6D63203A
64725F70
3173725F
6962203B
62203A6E
00223632
73657422
33203A74
203B3432
203A6763
6F785F49
67635F72
7063203B
6D63203A
64725F70
3173725F
6962203B
62203A6E
00223732
73657422
33203A74
203B3532
203A6763
6F785F49
67635F72
7063203B
6D63203A
64725F70
3173725F
6962203B
62203A6E
00223832
73657422
33203A74
203B3632
203A6763
6F785F49
67635F72
7063203B
6D63203A
64725F70
3173725F
6962203B
62203A6E
00223932
73657422
33203A74
203B3732
203A6763
6F785F49
67635F72
7063203B
6D63203A
64725F70
3173725F
6962203B
62203A6E
00223033
73657422
33203A74
203B3832
203A6763
6F785F49
67635F72
7063203B
6D63203A
64725F70
3173725F
6962203B
62203A6E
00223133
73657422
33203A74
203B3932
203A6763
6F785F49
67635F72
7063203B
6D63203A
64725F70
3273725F
6962203B
62203A6E
22002230
74736574
3333203A
63203B30
49203A67
726F785F
3B67635F
3A706320
706D6320
5F64725F
3B327372
6E696220
3162203A
74220022
3A747365
31333320
6763203B
5F49203A
5F726F78
203B6763
203A7063
5F706D63
725F6472
203B3273
3A6E6962
22326220
65742200
203A7473
3B323333
3A676320
785F4920
635F726F
63203B67
63203A70
725F706D
73725F64
62203B32
203A6E69
00223362
73657422
33203A74
203B3333
203A6763
6F785F49
67635F72
7063203B
6D63203A
64725F70
3273725F
6962203B
62203A6E
22002234
74736574
3333203A
63203B34
49203A67
726F785F
3B67635F
3A706320
706D6320
5F64725F
3B327372
6E696220
3562203A
74220022
3A747365
35333320
6763203B
5F49203A
5F726F78
203B6763
203A7063
5F706D63
725F6472
203B3273
3A6E6962
22366220
65742200
203A7473
3B363333
3A676320
785F4920
635F726F
63203B67
63203A70
725F706D
73725F64
62203B32
203A6E69
00223762
73657422
33203A74
203B3733
203A6763
6F785F49
67635F72
7063203B
6D63203A
64725F70
3273725F
6962203B
62203A6E
22002238
74736574
3333203A
63203B38
49203A67
726F785F
3B67635F
3A706320
706D6320
5F64725F
3B327372
6E696220
3962203A
74220022
3A747365
39333320
6763203B
5F49203A
5F726F78
203B6763
203A7063
5F706D63
725F6472
203B3273
3A6E6962
30316220
74220022
3A747365
30343320
6763203B
5F49203A
5F726F78
203B6763
203A7063
5F706D63
725F6472
203B3273
3A6E6962
31316220
74220022
3A747365
31343320
6763203B
5F49203A
5F726F78
203B6763
203A7063
5F706D63
725F6472
203B3273
3A6E6962
32316220
74220022
3A747365
32343320
6763203B
5F49203A
5F726F78
203B6763
203A7063
5F706D63
725F6472
203B3273
3A6E6962
33316220
74220022
3A747365
33343320
6763203B
5F49203A
5F726F78
203B6763
203A7063
5F706D63
725F6472
203B3273
3A6E6962
34316220
74220022
3A747365
34343320
6763203B
5F49203A
5F726F78
203B6763
203A7063
5F706D63
725F6472
203B3273
3A6E6962
35316220
74220022
3A747365
35343320
6763203B
5F49203A
5F726F78
203B6763
203A7063
5F706D63
725F6472
203B3273
3A6E6962
36316220
74220022
3A747365
36343320
6763203B
5F49203A
5F726F78
203B6763
203A7063
5F706D63
725F6472
203B3273
3A6E6962
37316220
74220022
3A747365
37343320
6763203B
5F49203A
5F726F78
203B6763
203A7063
5F706D63
725F6472
203B3273
3A6E6962
38316220
74220022
3A747365
38343320
6763203B
5F49203A
5F726F78
203B6763
203A7063
5F706D63
725F6472
203B3273
3A6E6962
39316220
74220022
3A747365
39343320
6763203B
5F49203A
5F726F78
203B6763
203A7063
5F706D63
725F6472
203B3273
3A6E6962
30326220
74220022
3A747365
30353320
6763203B
5F49203A
5F726F78
203B6763
203A7063
5F706D63
725F6472
203B3273
3A6E6962
31326220
74220022
3A747365
31353320
6763203B
5F49203A
5F726F78
203B6763
203A7063
5F706D63
725F6472
203B3273
3A6E6962
32326220
74220022
3A747365
32353320
6763203B
5F49203A
5F726F78
203B6763
203A7063
5F706D63
725F6472
203B3273
3A6E6962
33326220
74220022
3A747365
33353320
6763203B
5F49203A
5F726F78
203B6763
203A7063
5F706D63
725F6472
203B3273
3A6E6962
34326220
74220022
3A747365
34353320
6763203B
5F49203A
5F726F78
203B6763
203A7063
5F706D63
725F6472
203B3273
3A6E6962
35326220
74220022
3A747365
35353320
6763203B
5F49203A
5F726F78
203B6763
203A7063
5F706D63
725F6472
203B3273
3A6E6962
36326220
74220022
3A747365
36353320
6763203B
5F49203A
5F726F78
203B6763
203A7063
5F706D63
725F6472
203B3273
3A6E6962
37326220
74220022
3A747365
37353320
6763203B
5F49203A
5F726F78
203B6763
203A7063
5F706D63
725F6472
203B3273
3A6E6962
38326220
74220022
3A747365
38353320
6763203B
5F49203A
5F726F78
203B6763
203A7063
5F706D63
725F6472
203B3273
3A6E6962
39326220
74220022
3A747365
39353320
6763203B
5F49203A
5F726F78
203B6763
203A7063
5F706D63
725F6472
203B3273
3A6E6962
30336220
74220022
3A747365
30363320
6763203B
5F49203A
5F726F78
203B6763
203A7063
5F706D63
725F6472
203B3273
3A6E6962
31336220
74220022
3A747365
31363320
6763203B
5F49203A
5F726F78
203B6763
203A7063
5F706D63
725F6472
725F3173
203B3273
3A6E6962
22306220
65742200
203A7473
3B323633
3A676320
785F4920
635F726F
63203B67
63203A70
725F706D
73725F64
73725F31
62203B32
203A6E69
00223162
73657422
33203A74
203B3336
203A6763
6F785F49
67635F72
7063203B
6D63203A
64725F70
3173725F
3273725F
6962203B
62203A6E
22002232
74736574
3633203A
63203B34
49203A67
726F785F
3B67635F
3A706320
706D6320
5F64725F
5F317372
3B327372
6E696220
3362203A
74220022
3A747365
35363320
6763203B
5F49203A
5F726F78
203B6763
203A7063
5F706D63
725F6472
725F3173
203B3273
3A6E6962
22346220
65742200
203A7473
3B363633
3A676320
785F4920
635F726F
63203B67
63203A70
725F706D
73725F64
73725F31
62203B32
203A6E69
00223562
73657422
33203A74
203B3736
203A6763
6F785F49
67635F72
7063203B
6D63203A
64725F70
3173725F
3273725F
6962203B
62203A6E
22002236
74736574
3633203A
63203B38
49203A67
726F785F
3B67635F
3A706320
706D6320
5F64725F
5F317372
3B327372
6E696220
3762203A
74220022
3A747365
39363320
6763203B
5F49203A
5F726F78
203B6763
203A7063
5F706D63
725F6472
725F3173
203B3273
3A6E6962
22386220
65742200
203A7473
3B303733
3A676320
785F4920
635F726F
63203B67
63203A70
725F706D
73725F64
73725F31
62203B32
203A6E69
00223962
73657422
33203A74
203B3137
203A6763
6F785F49
67635F72
7063203B
6D63203A
64725F70
3173725F
3273725F
6962203B
62203A6E
00223031
73657422
33203A74
203B3237
203A6763
6F785F49
67635F72
7063203B
6D63203A
64725F70
3173725F
3273725F
6962203B
62203A6E
00223131
73657422
33203A74
203B3337
203A6763
6F785F49
67635F72
7063203B
6D63203A
64725F70
3173725F
3273725F
6962203B
62203A6E
00223231
73657422
33203A74
203B3437
203A6763
6F785F49
67635F72
7063203B
6D63203A
64725F70
3173725F
3273725F
6962203B
62203A6E
00223331
73657422
33203A74
203B3537
203A6763
6F785F49
67635F72
7063203B
6D63203A
64725F70
3173725F
3273725F
6962203B
62203A6E
00223431
73657422
33203A74
203B3637
203A6763
6F785F49
67635F72
7063203B
6D63203A
64725F70
3173725F
3273725F
6962203B
62203A6E
00223531
73657422
33203A74
203B3737
203A6763
6F785F49
67635F72
7063203B
6D63203A
64725F70
3173725F
3273725F
6962203B
62203A6E
00223631
73657422
33203A74
203B3837
203A6763
6F785F49
67635F72
7063203B
6D63203A
64725F70
3173725F
3273725F
6962203B
62203A6E
00223731
73657422
33203A74
203B3937
203A6763
6F785F49
67635F72
7063203B
6D63203A
64725F70
3173725F
3273725F
6962203B
62203A6E
00223831
73657422
33203A74
203B3038
203A6763
6F785F49
67635F72
7063203B
6D63203A
64725F70
3173725F
3273725F
6962203B
62203A6E
00223931
73657422
33203A74
203B3138
203A6763
6F785F49
67635F72
7063203B
6D63203A
64725F70
3173725F
3273725F
6962203B
62203A6E
00223032
73657422
33203A74
203B3238
203A6763
6F785F49
67635F72
7063203B
6D63203A
64725F70
3173725F
3273725F
6962203B
62203A6E
00223132
73657422
33203A74
203B3338
203A6763
6F785F49
67635F72
7063203B
6D63203A
64725F70
3173725F
3273725F
6962203B
62203A6E
00223232
73657422
33203A74
203B3438
203A6763
6F785F49
67635F72
7063203B
6D63203A
64725F70
3173725F
3273725F
6962203B
62203A6E
00223332
73657422
33203A74
203B3538
203A6763
6F785F49
67635F72
7063203B
6D63203A
64725F70
3173725F
3273725F
6962203B
62203A6E
00223432
73657422
33203A74
203B3638
203A6763
6F785F49
67635F72
7063203B
6D63203A
64725F70
3173725F
3273725F
6962203B
62203A6E
00223532
73657422
33203A74
203B3738
203A6763
6F785F49
67635F72
7063203B
6D63203A
64725F70
3173725F
3273725F
6962203B
62203A6E
00223632
73657422
33203A74
203B3838
203A6763
6F785F49
67635F72
7063203B
6D63203A
64725F70
3173725F
3273725F
6962203B
62203A6E
00223732
73657422
33203A74
203B3938
203A6763
6F785F49
67635F72
7063203B
6D63203A
64725F70
3173725F
3273725F
6962203B
62203A6E
00223832
73657422
33203A74
203B3039
203A6763
6F785F49
67635F72
7063203B
6D63203A
64725F70
3173725F
3273725F
6962203B
62203A6E
00223932
73657422
33203A74
203B3139
203A6763
6F785F49
67635F72
7063203B
6D63203A
64725F70
3173725F
3273725F
6962203B
62203A6E
00223033
73657422
33203A74
203B3239
203A6763
6F785F49
67635F72
7063203B
6D63203A
64725F70
3173725F
3273725F
6962203B
62203A6E
00223133
00000000
00000000
00000000
BAAAAAAD
BAAAAAAD
BAAAAAAD
BAAAAAAD
BAAAAAAD
BAAAAAAD
BAAAAAAD
BAAAAAAD
BAAAAAAD
BAAAAAAD
BAAAAAAD
BAAAAAAD
BAAAAAAD
BAAAAAAD
BAAAAAAD
BAAAAAAD
BAAAAAAD
BAAAAAAD
BAAAAAAD
BAAAAAAD
BAAAAAAD
BAAAAAAD
BAAAAAAD
BAAAAAAD
BAAAAAAD
BAAAAAAD
BAAAAAAD
BAAAAAAD
BAAAAAAD
BAAAAAAD
BAAAAAAD
BAAAAAAD
BAAAAAAD
BAAAAAAD
BAAAAAAD
BAAAAAAD
BAAAAAAD
BAAAAAAD
BAAAAAAD
BAAAAAAD
BAAAAAAD
BAAAAAAD
BAAAAAAD
BAAAAAAD
BAAAAAAD
BAAAAAAD
BAAAAAAD
BAAAAAAD
BAAAAAAD
BAAAAAAD
BAAAAAAD
BAAAAAAD
BAAAAAAD
BAAAAAAD
BAAAAAAD
BAAAAAAD
BAAAAAAD
BAAAAAAD
BAAAAAAD
BAAAAAAD
BAAAAAAD
BAAAAAAD
BAAAAAAD
BAAAAAAD
FEEDF00D
BAAAAAAD
BAAAAAAD
BAAAAAAD
BAAAAAAD
BAAAAAAD
BAAAAAAD
BAAAAAAD
BAAAAAAD
BAAAAAAD
00000000
00000000
00000000
00000000
00000000
00000000
00000000
00000000
00000000
00000000
00000000
00000000
00000000
00000000
00000000
00000000
00000000
00000000
00000000
00000000
00000000
00000000
00000000
00000000
00000000
00000000
8000F4C0
8000F4E0
8000F4FA
8000F50F
8000F51B
8000F534
8000F547
8000F565
8000F57D
8000F59B
8000F5B9
8000F5D8
8000F5F6
8000F60E
8000F61F
8000F62E
8000F644
8000F651
8000F660
8000F670
8000F680
8000F69E
8000F6B5
8000F6CA
8000F6E6
8000F6FE
8000F71D
8000F744
8000F760
8000F778
8000F794
8000F7B8
8000F7D1
8000F7E9
8000F808
8000F82F
8000F84B
8000F870
8000F88C
8000F8A5
74736E49
74637572
206E6F69
72646461
20737365
6173696D
6E67696C
000A6465
74736E49
74637572
206E6F69
65636361
66207373
746C7561
6C49000A
6167656C
6E69206C
75727473
6F697463
42000A6E
6B616572
6E696F70
4C000A74
2064616F
72646461
20737365
6173696D
6E67696C
000A6465
64616F4C
63636120
20737365
6C756166
53000A74
65726F74
4F4D412F
64646120
73736572
73696D20
67696C61
0A64656E
6F745300
412F6572
61204F4D
73656363
61662073
0A746C75
766E4500
6E6F7269
746E656D
6C616320
7266206C
55206D6F
646F6D2D
45000A65
7269766E
656D6E6F
6320746E
206C6C61
6D6F7266
6D2D5320
0A65646F
766E4500
6E6F7269
746E656D
6C616320
7266206C
56206D6F
6F6D2D53
000A6564
69766E45
6D6E6F72
20746E65
6C6C6163
6F726620
2D4D206D
65646F6D
6E49000A
75727473
6F697463
6170206E
66206567
746C7561
6F4C000A
70206461
20656761
6C756166
52000A74
72657365
20646576
29343128
7453000A
2F65726F
204F4D41
65676170
75616620
000A746C
62756F44
7420656C
0A706172
73655200
65767265
31282064
000A2937
74666F53
65726177
65686320
000A6B63
64726148
65726177
72726520
000A726F
74736E49
74637572
206E6F69
73657567
61702D74
66206567
746C7561
6F4C000A
67206461
74736575
6761702D
61662065
0A746C75
72695600
6C617574
736E6920
63757274
6E6F6974
7453000A
2F65726F
204F4D41
73657567
61702D74
66206567
746C7561
6552000A
76726573
69206465
7265746E
74707572
29302820
7553000A
76726570
726F7369
666F7320
72617774
6E692065
72726574
0A747075
72695600
6C617574
70757320
69767265
20726F73
74666F73
65726177
746E6920
75727265
000A7470
6863614D
20656E69
74666F73
65726177
746E6920
75727265
000A7470
65736552
64657672
746E6920
75727265
28207470
000A2934
65707553
73697672
7420726F
72656D69
746E6920
75727265
000A7470
74726956
206C6175
65707573
73697672
7420726F
72656D69
746E6920
75727265
000A7470
6863614D
20656E69
656D6974
6E692072
72726574
0A747075
73655200
65767265
6E692064
72726574
20747075
0A293828
70755300
69767265
20726F73
65747865
6C616E72
746E6920
75727265
000A7470
74726956
206C6175
65707573
73697672
6520726F
72657478
206C616E
65746E69
70757272
4D000A74
69686361
6520656E
72657478
206C616E
65746E69
70757272
53000A74
72657075
6F736976
75672072
20747365
65747865
6C616E72
746E6920
75727265
000A7470
6E756F43
20726574
7265766F
776F6C66
746E6920
75727265
000A7470
65736552
64657672
746E6920
75727265
28207470
0A293431
73655200
65767265
6E692064
72726574
20747075
29353128
6E55000A
776F6E6B
75632F6E
6D6F7473
75616320
000A6573
4356520A
55532D50
52414D4D
54203A59
20545345
53534150
2D204445
73655420
69462074
2220656C
6F782D49
30302D72
0A22532E
520A000A
2D504356
4D4D5553
3A595241
53455420
41462054
44454C49
54202D20
20747365
656C6946
2D492220
2D726F78
532E3030
0A000A22
50435652
4544203A
20475542
4F464E49
54414D52
204E4F49
4C4C4F46
0A53574F
68542200
72742065
68207061
6C646E61
61207265
74726F62
74206465
74206568
20747365
6F666562
6E206572
616D726F
6F63206C
656C706D
6E6F6974
0A002221
50435652
7254203A
73207061
616E6769
65727574
65766F20
6F6C6672
6E692077
6C657320
68632D66
206B6365
65646F6D
5544202E
65672054
6172656E
20646574
206F6F74
796E616D
61727420
202E7370
20202020
5652000A
203A5043
74736554
666E4920
00203A6F
5652000A
203A5043
74736E49
74637572
3A6E6F69
56520020
203A5043
72707041
6D69786F
20657461
72646461
20737365
69616628
6572756C
79616D20
20656220
67696C73
796C7468
74666120
74207265
29736968
5200203A
3A504356
64644120
73736572
20666F20
74736E69
74637572
206E6F69
74616874
61727420
64657070
45582820
3A294350
56520020
203A5043
74736E49
74637572
206E6F69
74616874
61727420
64657070
5200203A
3A504356
50455820
20203A43
52002020
3A504356
41435820
3A455355
52002020
3A504356
56545820
203A4C41
52002020
3A504356
54535820
53555441
2200203A
70617254
756F6320
6D20746E
616D7369
2E686374
4D220022
616D7369
20686374
74206E69
20706172
6E676973
72757461
54202165
20706172
20736177
6E696562
61682067
656C646E
6E692064
4D2D4D20
2E65646F
4D220022
616D7369
20686374
74206E69
20706172
6E676973
72757461
54202165
20706172
20736177
6E696562
61682067
656C646E
6E692064
4D2D5320
2E65646F
4D220022
616D7369
20686374
74206E69
20706172
6E676973
72757461
54202165
20706172
20736177
6E696562
61682067
656C646E
6E692064
2D534820
65646F4D
2200222E
6D73694D
68637461
206E6920
70617274
67697320
7574616E
20216572
70617254
73617720
69656220
6820676E
6C646E61
69206465
5356206E
646F4D2D
00222E65
73694D22
6374616D
6E692068
61636D20
20657375
756C6176
54202165
20706172
20736177
6E696562
61682067
656C646E
6E692064
4D2D4D20
2E65646F
4D220022
616D7369
20686374
73206E69
73756163
61762065
2165756C
61725420
61772070
65622073
20676E69
646E6168
2064656C
53206E69
646F4D2D
00222E65
73694D22
6374616D
6E692068
61637320
20657375
756C6176
54202165
20706172
20736177
6E696562
61682067
656C646E
6E692064
2D534820
65646F4D
2200222E
6D73694D
68637461
206E6920
61637376
20657375
756C6176
54202165
20706172
20736177
6E696562
61682067
656C646E
6E692064
2D535620
65646F4D
2200222E
6D73694D
68637461
206E6920
6370656D
6C617620
20216575
70617254
73617720
69656220
6820676E
6C646E61
69206465
2D4D206E
65646F4D
2200222E
6D73694D
68637461
206E6920
63706573
6C617620
20216575
70617254
73617720
69656220
6820676E
6C646E61
69206465
2D53206E
65646F4D
2200222E
6D73694D
68637461
206E6920
63706573
6C617620
20216575
70617254
73617720
69656220
6820676E
6C646E61
69206465
5348206E
646F4D2D
00222E65
73694D22
6374616D
6E692068
65737620
76206370
65756C61
72542021
77207061
62207361
676E6965
6E616820
64656C64
206E6920
4D2D5356
2E65646F
4D220022
616D7369
20686374
6D206E69
6C617674
6C617620
20216575
70617254
73617720
69656220
6820676E
6C646E61
69206465
2D4D206E
65646F4D
2200222E
6D73694D
68637461
206E6920
61767473
6176206C
2165756C
61725420
61772070
65622073
20676E69
646E6168
2064656C
53206E69
646F4D2D
00222E65
73694D22
6374616D
6E692068
76747320
76206C61
65756C61
72542021
77207061
62207361
676E6965
6E616820
64656C64
206E6920
4D2D5348
2E65646F
4D220022
616D7369
20686374
76206E69
61767473
6176206C
2165756C
61725420
61772070
65622073
20676E69
646E6168
2064656C
56206E69
6F4D2D53
222E6564
694D2200
74616D73
69206863
746D206E
326C6176
6C617620
20216575
70617254
73617720
69656220
6820676E
6C646E61
69206465
2D4D206E
65646F4D
2200222E
6D73694D
68637461
206E6920
6E69746D
76207473
65756C61
72542021
77207061
62207361
676E6965
6E616820
64656C64
206E6920
6F4D2D4D
222E6564
694D2200
74616D73
69206863
696D206E
61762070
2165756C
61725420
61772070
65622073
20676E69
646E6168
2064656C
4D206E69
646F4D2D
00222E65
73694D22
6374616D
6E692068
70697320
6C617620
20216575
70617254
73617720
69656220
6820676E
6C646E61
69206465
2D53206E
65646F4D
2200222E
6D73694D
68637461
206E6920
20706968
756C6176
54202165
20706172
20736177
6E696562
61682067
656C646E
6E692064
2D534820
65646F4D
2200222E
6D73694D
68637461
206E6920
70697376
6C617620
20216575
70617254
73617720
69656220
6820676E
6C646E61
69206465
5356206E
646F4D2D
00222E65
73694D22
6374616D
6E692068
63616D20
656E6968
74786520
616E7265
6E69206C
72726574
20747075
20214449
70617254
73617720
69656220
6820676E
6C646E61
69206465
2D4D206E
65646F4D
2200222E
6D73694D
68637461
206E6920
65707573
73697672
6520726F
72657478
206C616E
65746E69
70757272
44492074
72542021
77207061
62207361
676E6965
6E616820
64656C64
206E6920
6F4D2D4D
222E6564
694D2200
74616D73
69206863
6976206E
61757472
7573206C
76726570
726F7369
74786520
616E7265
6E69206C
72726574
20747075
20214449
70617254
73617720
69656220
6820676E
6C646E61
69206465
2D4D206E
65646F4D
2200222E
6D73694D
68637461
206E6920
6863616D
20656E69
65747865
6C616E72
746E6920
75727265
49207470
54202144
20706172
20736177
6E696562
61682067
656C646E
6E692064
4D2D5320
2E65646F
4D220022
616D7369
20686374
73206E69
72657075
6F736976
78652072
6E726574
69206C61
7265746E
74707572
21444920
61725420
61772070
65622073
20676E69
646E6168
2064656C
53206E69
646F4D2D
00222E65
73694D22
6374616D
6E692068
72697620
6C617574
70757320
69767265
20726F73
65747865
6C616E72
746E6920
75727265
49207470
54202144
20706172
20736177
6E696562
61682067
656C646E
6E692064
4D2D5320
2E65646F
4D220022
616D7369
20686374
6D206E69
69686361
6520656E
72657478
206C616E
65746E69
70757272
44492074
72542021
77207061
62207361
676E6965
6E616820
64656C64
206E6920
4D2D5348
2E65646F
4D220022
616D7369
20686374
73206E69
72657075
6F736976
78652072
6E726574
69206C61
7265746E
74707572
21444920
61725420
61772070
65622073
20676E69
646E6168
2064656C
48206E69
6F4D2D53
222E6564
694D2200
74616D73
69206863
6976206E
61757472
7573206C
76726570
726F7369
74786520
616E7265
6E69206C
72726574
20747075
20214449
70617254
73617720
69656220
6820676E
6C646E61
69206465
5348206E
646F4D2D
00222E65
73694D22
6374616D
6E692068
63616D20
656E6968
74786520
616E7265
6E69206C
72726574
20747075
20214449
70617254
73617720
69656220
6820676E
6C646E61
69206465
5356206E
646F4D2D
00222E65
73694D22
6374616D
6E692068
70757320
69767265
20726F73
65747865
6C616E72
746E6920
75727265
49207470
54202144
20706172
20736177
6E696562
61682067
656C646E
6E692064
2D535620
65646F4D
2200222E
6D73694D
68637461
206E6920
74726976
206C6175
65707573
73697672
6520726F
72657478
206C616E
65746E69
70757272
44492074
72542021
77207061
62207361
676E6965
6E616820
64656C64
206E6920
4D2D5356
2E65646F
78760022
0A746173
43565200
52203A50
73696765
3A726574
56520020
203A5043
20646142
756C6156
20203A65
20202020
43565200
45203A50
63657078
20646574
756C6156
00203A65
50435652
7845203A
74636570
76206465
65756C61
616E7520
6C696176
656C6261
6572203A
736E6F63
63757274
20646574
6E676973
72757461
6F6C2065
69206461
6F6E2073
524C2074
202E4745
20776152
74736E69
74637572
3A6E6F69
56520020
203A5043
65707845
64657463
6C617620
75206575
6176616E
62616C69
203A656C
6F636572
7274736E
65746375
69732064
74616E67
20657275
6E696F70
20726574
69207369
6C61766E
202E6469
6E696F50
3A726574
56520020
203A5043
20444E45
4420464F
47554245
464E4920
414D524F
4E4F4954
66000A0A
67616C66
54000A73
63747365
20657361
6E676973
72757461
61632065
7972616E
73696D20
6374616D
52002168
3A504356
3D3D3D20
54203D3D
20504152
4C494146
20455255
47414944
54534F4E
20534349
3D3D3D3D
52000A3D
3A504356
69614620
6572756C
5200203A
3A504356
70784520
65746365
72742064
73207061
616E6769
65727574
74796220
6F632065
3A746E75
56520020
203A5043
75746341
74206C61
20706172
6E676973
72757461
79622065
63206574
746E756F
2020203A
20202020
43565200
44203A50
4E474149
5349534F
5544203A
65722054
64726F63
45206465
41525458
61727420
0A2E7370
43565200
44203A50
4E474149
5349534F
5544203A
65722054
64726F63
46206465
52455745
61727420
28207370
7373696D
20676E69
70617274
0A2E2973
43565200
54203A50
20706172
6E676973
72757461
79622065
64206574
65666669
636E6572
00203A65
50435652
4948203A
203A544E
72747845
72742061
20737061
2079616D
69646E69
65746163
7073203A
6F697275
69207375
7265746E
74707572
69202C73
726F636E
74636572
63786520
69747065
520A6E6F
3A504356
20202020
64202020
67656C65
6F697461
77202C6E
676E6F72
69727020
656C6976
6D206567
2065646F
69207461
7274736E
69746375
65206E6F
75636578
6E6F6974
726F202C
0A6E6120
50435652
2020203A
20202020
74736E69
74637572
206E6F69
73756163
20676E69
61662061
20746C75
74616874
6F687320
20646C75
20746F6E
6C756166
6E6F2074
69687420
55442073
000A2E54
50435652
4948203A
203A544E
7373694D
20676E69
70617274
616D2073
6E692079
61636964
203A6574
65637865
6F697470
6F6E206E
61722074
64657369
65687720
7865206E
74636570
0A2C6465
50435652
2020203A
20202020
6F636E69
63657272
53432074
74732052
20657461
76657270
69746E65
7420676E
20706172
672E6528
4978202E
69642045
6C626173
2C296465
61727420
56520A70
203A5043
20202020
65642020
6167656C
6E6F6974
75616320
676E6973
6E616820
72656C64
206E6920
6E6F7277
6F6D2067
202C6564
5020726F
702F504D
20656761
6C756166
696D2074
64657373
52000A2E
3A504356
61725420
61682070
656C646E
6F6D2072
203A6564
6D2D4D00
0A65646F
6D2D5300
0A65646F
2D534800
65646F6D
5356000A
646F6D2D
55000A65
6F6E6B6E
000A6E77
50435652
694D203A
74616D73
6E696863
69662067
3A646C65
65560020
726F7463
646F4D2B
74532B65
73757461
726F7720
74282064
20706172
6E676973
72757461
6F772065
30206472
58000A29
53554143
74282045
20706172
6E676973
72757461
6F772065
31206472
58000A29
20435045
61727428
69732070
74616E67
20657275
64726F77
0A293220
56545800
28204C41
70617274
67697320
7574616E
77206572
2064726F
000A2933
20504958
61727428
69732070
74616E67
20657275
64726F77
202C3220
65746E69
70757272
000A2974
4156544D
2820324C
70617274
67697320
7574616E
77206572
2064726F
68202C34
72657079
6F736976
000A2972
4E49544D
28205453
70617274
67697320
7574616E
77206572
2064726F
68202C35
72657079
6F736976
000A2972
65747845
6C616E72
746E4920
75727265
49207470
74282044
20706172
6E676973
72757461
6F772065
33206472
55000A29
6F6E6B6E
66206E77
646C6569
5652000A
203A5043
65707845
64657463
6C617620
203A6575
43565200
41203A50
61757463
6176206C
3A65756C
00202020
50435652
7845203A
74636570
63206465
65737561
5200203A
3A504356
74634120
206C6175
73756163
20203A65
56520020
203A5043
72727543
20746E65
4350454D
2020203A
43565200
55203A50
6365726E
696E676F
2064657A
70617274
69616620
6572756C
6E6F6320
74786574
7250202E
69746E69
6120676E
6C696176
656C6261
52534320
61747320
0A3A6574
43565200
48203A50
3A544E49
63655620
2B726F74
65646F4D
726F7720
696D2064
74616D73
6D206863
69207961
6369646E
3A657461
61727420
61682070
656C646E
6E692064
6F727720
520A676E
3A504356
20202020
70202020
69766972
6567656C
646F6D20
63282065
6B636568
64656D20
67656C65
64696D2F
67656C65
69202C29
726F636E
74636572
74736D20
73757461
65696620
0A73646C
50435652
2020203A
20202020
50504D28
5050532F
56504D2F
6F202C29
72772072
20676E6F
74636576
6465726F
746E6920
75727265
65207470
7972746E
52000A2E
3A504356
4E494820
58203A54
53554143
696D2045
74616D73
6D206863
736E6165
64206120
65666669
746E6572
63786520
69747065
6F206E6F
6E692072
72726574
20747075
65707974
73617720
4356520A
20203A50
20202020
73626F20
65767265
43202E64
6B636568
6E69203A
75727473
6F697463
6E65206E
69646F63
6320676E
6572726F
656E7463
202C7373
20525343
65636361
62697373
74696C69
56520A79
203A5043
20202020
74612020
72756320
746E6572
69727020
656C6976
202C6567
2F504D50
65676170
62617420
6320656C
69666E6F
61727567
6E6F6974
7865202C
736E6574
206E6F69
70707573
2E74726F
5652000A
203A5043
544E4948
4558203A
6D204350
616D7369
20686374
6E61656D
68742073
72742065
6F207061
72756363
20646572
61207461
66696420
65726566
6920746E
7274736E
69746375
0A2E6E6F
50435652
2020203A
20202020
73696854
756F6320
6920646C
6369646E
3A657461
66696420
65726566
6320746E
2065646F
6F79616C
28207475
6B6E696C
69207265
65757373
69202C29
7274736E
69746375
520A6E6F
3A504356
20202020
61202020
6E67696C
746E656D
66696420
65726566
2C65636E
20726F20
72702061
64656365
20676E69
74736E69
74637572
206E6F69
73756163
20676E69
75206E61
7078656E
65746365
72742064
0A2E7061
43565200
48203A50
3A544E49
56545820
6D204C41
616D7369
2E686374
726F4620
6C6C6920
6C616765
736E6920
63757274
6E6F6974
78202C73
6C617674
6F687320
20646C75
746E6F63
206E6961
0A656874
50435652
2020203A
20202020
74736E69
74637572
206E6F69
6F636E65
676E6964
726F2820
2E293020
726F4620
64646120
73736572
75616620
2C73746C
20746920
756F6873
6320646C
61746E6F
74206E69
520A6568
3A504356
20202020
66202020
746C7561
20676E69
72646461
2E737365
65684320
44206B63
73275455
76747820
72206C61
726F7065
676E6974
68656220
6F697661
000A2E72
50435652
4948203A
203A544E
20504958
6D73696D
68637461
61656D20
6920736E
7265746E
74707572
6E657020
676E6964
74696220
69642073
72656666
6843202E
3A6B6365
746E6920
75727265
520A7470
3A504356
20202020
63202020
72746E6F
656C6C6F
6F632072
6769666E
74617275
2C6E6F69
4D565220
4C45444F
746E6920
75727265
73207470
632F7465
7261656C
63616D20
2C736F72
6D697420
520A7265
3A504356
20202020
63202020
69666E6F
61727567
6E6F6974
746D2820
2F656D69
6D69746D
706D6365
61202C29
6420646E
67656C65
6F697461
6573206E
6E697474
0A2E7367
2D540A00
20494253
4F525245
72203A52
65757165
64657473
736E6920
63757274
6E6F6974
746F6E20
756F6620
6920646E
7374206E
695F6962
7274736E
6261745F
203A656C
00000000
00000000
00000000
6F5CA309
38EF67C8
A9C5D2A1
622AF6BA
BD466C2B
05B9AB92
74B819D2
A21B05A0
A70B7465
F4FDBDC7
B939FE41
724CEA35
E1F6D389
73B8FE00
BBE97A78
00000000
00000000
E57462CF
8256C956
E63BF0A6
9C74F838
29C79381
31BB9E85
2C5A24BD
3EDF29BB
B469FF1C
C096751B
F9DBF871
ACB620EF
7E8054DF
669C2347
C628D04F
F2FB8CDE
F1EC18FD
1BBD0AE8
2B6395CD
F8308971
57288905
18A3289F
47000FED
A7A567ED
97EB2583
BD09D4C8
B8819C58
12D32E4F
150194DB
12146435
9A855356
8F2DF9B4
88CA68F4
E09912DF
25F14471
74FE1BD7
B55C2C84
B7356C93
B7C7DBBD
9458B302
5DF40DA6
89269BB1
00000000
00000000
A256A858
66971870
76474FA0
CD2CC70F
00000000
A684B026
282F6E39
E93C38E5
DB186D26
3BBA8E81
CCBEB5D4
D589A427
72B2D436
09BAD489
7DA69386
9F63664C
C908BC43
611F199B
EE687659
D2462C28
046A49BE
493CEA0E
178EF19A
94D86149
7E32AC47
72EAAB3D
F8E91F3B
C01719F0
A03DB59A
7EEBC953
B8583528
AEE86DA8
E9E0C320
92026536
52D54338
FF265A67
3256EBDB
93DF0D13
1E3B92D5
DACD4AE9
AF5AEC40
FB9BEAA3
CCA444DD
8FCA5544
57DB0C3B
761DC891
AB6F8FF0
F204A52A
89727A0C
02AA7FD2
08071032
D7AD4A61
2F0C8C90
CC069B35
10B7D49A
3929124F
B839A9B1
05312A8B
4913797C
374974AD
00000000
00000001
00000002
80000000
80000001
7FFFFFFF
7FFFFFFE
FFFFFFFF
FFFFFFFE
5BBC8872
AAAAAAAA
55555555
00000001
00000000
00000003
80000001
80000000
7FFFFFFE
7FFFFFFF
FFFFFFFE
FFFFFFFF
5BBC8873
AAAAAAAB
55555554
00000002
00000003
00000000
80000002
80000003
7FFFFFFD
7FFFFFFC
FFFFFFFD
FFFFFFFC
5BBC8870
AAAAAAA8
55555557
80000000
80000001
80000002
00000000
00000001
FFFFFFFF
FFFFFFFE
7FFFFFFF
7FFFFFFE
DBBC8872
2AAAAAAA
D5555555
80000001
80000000
80000003
00000001
00000000
FFFFFFFE
FFFFFFFF
7FFFFFFE
7FFFFFFF
DBBC8873
2AAAAAAB
D5555554
7FFFFFFF
7FFFFFFE
7FFFFFFD
FFFFFFFF
FFFFFFFE
00000000
00000001
80000000
80000001
2443778D
D5555555
2AAAAAAA
7FFFFFFE
7FFFFFFF
7FFFFFFC
FFFFFFFE
FFFFFFFF
00000001
00000000
80000001
80000000
2443778C
D5555554
2AAAAAAB
FFFFFFFF
FFFFFFFE
FFFFFFFD
7FFFFFFF
7FFFFFFE
80000000
80000001
00000000
00000001
A443778D
55555555
AAAAAAAA
FFFFFFFE
FFFFFFFF
FFFFFFFC
7FFFFFFE
7FFFFFFF
80000001
80000000
00000001
00000000
A443778C
55555554
AAAAAAAB
5BBC8872
5BBC8873
5BBC8870
DBBC8872
DBBC8873
2443778D
2443778C
A443778D
A443778C
00000000
F11622D8
0EE9DD27
AAAAAAAA
AAAAAAAB
AAAAAAA8
2AAAAAAA
2AAAAAAB
D5555555
D5555554
55555555
55555554
F11622D8
00000000
FFFFFFFF
55555555
55555554
55555557
D5555555
D5555554
2AAAAAAA
2AAAAAAB
AAAAAAAA
AAAAAAAB
0EE9DD27
FFFFFFFF
00000000
00000000
00000000
00000000
00000000
00000000
00000000
00000000
00000000
00000000
00000000
00000000
00000000
00000000
00000000
00000000
00000000
00000000
00000000
00000000
00000000
00000000
00000000
00000000
00000000
00000000
00000000
00000000
00000000
00000000
00000000
00000000
00000000
00000000
452B83C3
73C1FCAA
8EF2FB98
62C5C65A
90E7AD5B
0E742344
A3D55449
BD3697E6
2730C518
03F48897
366E3852
75B9A4B8
5A9A4E1C
8FA215DA
33929D7B
EF83326D
ABB39B49
BBA85E9F
62C0B02F
DC98B8D0
236E9257
BF4DBED7
95CEBBDA
2C4C5424
F5B0896E
EABDA011
7337A00D
00CD8A97
6E834A32
E39756BE
D3454766
00000000
7E4BC7A2
BD2E7481
F81B3507
51DDA6A0
FFDF256B
71C87255
EBF24488
6729CE8B
B82D9203
FA4D7B58
7C9BF997
00440DC0
885CFEB9
C0084D0F
4E44295D
BB1187C1
CC3B4159
0CED4E5B
C5770092
D1DC86D0
AA4F78ED
F25A91B7
7702AB25
F52C3E5E
54876A02
6BF699AD
8D966167
C8EE71EB
96648E84
DE7ACF9C
21CDD527
00000000
00000000
00000000
00000000
00000000
00000000
00000000
00000000
00000000
00000000
00000000
00000000
00000000
00000000
00000000
00000000
00000000
00000000
00000000
00000000
00000000
00000000
00000000
00000000
00000000
00000000
00000000
00000000
00000000
00000000
00000000
00000000
DEADBEEF
DEADBEEF
DEADBEEF
DEADBEEF
DEADBEEF
DEADBEEF
DEADBEEF
DEADBEEF
DEADBEEF
DEADBEEF
7A110FF5
00000000
D3A91F6C
DEADBEEF
DEADBEEF
DEADBEEF
DEADBEEF
DEADBEEF
DEADBEEF
DEADBEEF
DEADBEEF
DEADBEEF
DEADBEEF
DEADBEEF
DEADBEEF
DEADBEEF
DEADBEEF
DEADBEEF
DEADBEEF
DEADBEEF
DEADBEEF
DEADBEEF
DEADBEEF
DEADBEEF
DEADBEEF
DEADBEEF
DEADBEEF
DEADBEEF
DEADBEEF
DEADBEEF
DEADBEEF
DEADBEEF
DEADBEEF
DEADBEEF
DEADBEEF
DEADBEEF
DEADBEEF
DEADBEEF
DEADBEEF
DEADBEEF
DEADBEEF
DEADBEEF
DEADBEEF
DEADBEEF
DEADBEEF
DEADBEEF
DEADBEEF
DEADBEEF
DEADBEEF
DEADBEEF
DEADBEEF
DEADBEEF
DEADBEEF
DEADBEEF
DEADBEEF
DEADBEEF
DEADBEEF
DEADBEEF
DEADBEEF
DEADBEEF
DEADBEEF
DEADBEEF
DEADBEEF
DEADBEEF
DEADBEEF
DEADBEEF
DEADBEEF
DEADBEEF
DEADBEEF
DEADBEEF
DEADBEEF
DEADBEEF
DEADBEEF
DEADBEEF
DEADBEEF
DEADBEEF
DEADBEEF
DEADBEEF
DEADBEEF
DEADBEEF
DEADBEEF
DEADBEEF
DEADBEEF
DEADBEEF
DEADBEEF
DEADBEEF
DEADBEEF
DEADBEEF
DEADBEEF
DEADBEEF
DEADBEEF
DEADBEEF
DEADBEEF
DEADBEEF
DEADBEEF
DEADBEEF
DEADBEEF
DEADBEEF
DEADBEEF
DEADBEEF
DEADBEEF
DEADBEEF
DEADBEEF
DEADBEEF
DEADBEEF
DEADBEEF
DEADBEEF
DEADBEEF
DEADBEEF
DEADBEEF
DEADBEEF
DEADBEEF
DEADBEEF
DEADBEEF
DEADBEEF
DEADBEEF
DEADBEEF
DEADBEEF
DEADBEEF
DEADBEEF
DEADBEEF
DEADBEEF
DEADBEEF
DEADBEEF
DEADBEEF
DEADBEEF
DEADBEEF
DEADBEEF
DEADBEEF
DEADBEEF
DEADBEEF
DEADBEEF
DEADBEEF
DEADBEEF
DEADBEEF
DEADBEEF
DEADBEEF
DEADBEEF
DEADBEEF
DEADBEEF
DEADBEEF
DEADBEEF
DEADBEEF
DEADBEEF
DEADBEEF
DEADBEEF
DEADBEEF
DEADBEEF
DEADBEEF
DEADBEEF
DEADBEEF
DEADBEEF
DEADBEEF
DEADBEEF
DEADBEEF
DEADBEEF
DEADBEEF
DEADBEEF
DEADBEEF
DEADBEEF
DEADBEEF
DEADBEEF
DEADBEEF
DEADBEEF
DEADBEEF
DEADBEEF
DEADBEEF
DEADBEEF
DEADBEEF
DEADBEEF
DEADBEEF
DEADBEEF
DEADBEEF
DEADBEEF
DEADBEEF
DEADBEEF
DEADBEEF
DEADBEEF
DEADBEEF
DEADBEEF
DEADBEEF
DEADBEEF
DEADBEEF
DEADBEEF
DEADBEEF
DEADBEEF
DEADBEEF
DEADBEEF
DEADBEEF
DEADBEEF
DEADBEEF
DEADBEEF
DEADBEEF
DEADBEEF
DEADBEEF
DEADBEEF
DEADBEEF
DEADBEEF
DEADBEEF
DEADBEEF
DEADBEEF
DEADBEEF
DEADBEEF
DEADBEEF
DEADBEEF
DEADBEEF
DEADBEEF
DEADBEEF
DEADBEEF
DEADBEEF
DEADBEEF
DEADBEEF
DEADBEEF
DEADBEEF
DEADBEEF
DEADBEEF
DEADBEEF
DEADBEEF
DEADBEEF
DEADBEEF
DEADBEEF
DEADBEEF
DEADBEEF
DEADBEEF
DEADBEEF
DEADBEEF
DEADBEEF
DEADBEEF
DEADBEEF
DEADBEEF
DEADBEEF
DEADBEEF
DEADBEEF
DEADBEEF
DEADBEEF
DEADBEEF
DEADBEEF
DEADBEEF
DEADBEEF
DEADBEEF
DEADBEEF
DEADBEEF
DEADBEEF
DEADBEEF
DEADBEEF
DEADBEEF
DEADBEEF
DEADBEEF
DEADBEEF
DEADBEEF
DEADBEEF
DEADBEEF
DEADBEEF
DEADBEEF
DEADBEEF
DEADBEEF
DEADBEEF
DEADBEEF
DEADBEEF
DEADBEEF
DEADBEEF
DEADBEEF
DEADBEEF
DEADBEEF
DEADBEEF
DEADBEEF
DEADBEEF
DEADBEEF
DEADBEEF
DEADBEEF
DEADBEEF
DEADBEEF
DEADBEEF
DEADBEEF
DEADBEEF
DEADBEEF
DEADBEEF
DEADBEEF
DEADBEEF
DEADBEEF
DEADBEEF
DEADBEEF
DEADBEEF
DEADBEEF
DEADBEEF
DEADBEEF
DEADBEEF
DEADBEEF
DEADBEEF
DEADBEEF
DEADBEEF
DEADBEEF
DEADBEEF
DEADBEEF
DEADBEEF
DEADBEEF
DEADBEEF
DEADBEEF
DEADBEEF
DEADBEEF
DEADBEEF
DEADBEEF
DEADBEEF
DEADBEEF
DEADBEEF
DEADBEEF
DEADBEEF
DEADBEEF
DEADBEEF
DEADBEEF
DEADBEEF
DEADBEEF
DEADBEEF
DEADBEEF
DEADBEEF
DEADBEEF
DEADBEEF
DEADBEEF
DEADBEEF
DEADBEEF
DEADBEEF
DEADBEEF
DEADBEEF
DEADBEEF
DEADBEEF
DEADBEEF
DEADBEEF
DEADBEEF
DEADBEEF
DEADBEEF
DEADBEEF
DEADBEEF
DEADBEEF
DEADBEEF
DEADBEEF
DEADBEEF
DEADBEEF
DEADBEEF
DEADBEEF
DEADBEEF
DEADBEEF
DEADBEEF
DEADBEEF
DEADBEEF
DEADBEEF
DEADBEEF
DEADBEEF
DEADBEEF
DEADBEEF
DEADBEEF
DEADBEEF
DEADBEEF
DEADBEEF
DEADBEEF
DEADBEEF
DEADBEEF
DEADBEEF
DEADBEEF
DEADBEEF
DEADBEEF
DEADBEEF
DEADBEEF
DEADBEEF
DEADBEEF
DEADBEEF
DEADBEEF
DEADBEEF
DEADBEEF
DEADBEEF
DEADBEEF
DEADBEEF
DEADBEEF
DEADBEEF
DEADBEEF
DEADBEEF
DEADBEEF
DEADBEEF
DEADBEEF
DEADBEEF
DEADBEEF
DEADBEEF
DEADBEEF
DEADBEEF
DEADBEEF
DEADBEEF
DEADBEEF
DEADBEEF
DEADBEEF
DEADBEEF
DEADBEEF
DEADBEEF
DEADBEEF
DEADBEEF
DEADBEEF
DEADBEEF
DEADBEEF
DEADBEEF
DEADBEEF
DEADBEEF
DEADBEEF
DEADBEEF
DEADBEEF
DEADBEEF
DEADBEEF
DEADBEEF
DEADBEEF
DEADBEEF
DEADBEEF
DEADBEEF
DEADBEEF
DEADBEEF
DEADBEEF
DEADBEEF
DEADBEEF
DEADBEEF
DEADBEEF
DEADBEEF
DEADBEEF
DEADBEEF
DEADBEEF
DEADBEEF
DEADBEEF
DEADBEEF
DEADBEEF
DEADBEEF
DEADBEEF
DEADBEEF
DEADBEEF
DEADBEEF
DEADBEEF
DEADBEEF
DEADBEEF
DEADBEEF
DEADBEEF
DEADBEEF
DEADBEEF
DEADBEEF
DEADBEEF
DEADBEEF
DEADBEEF
DEADBEEF
DEADBEEF
DEADBEEF
DEADBEEF
DEADBEEF
DEADBEEF
DEADBEEF
DEADBEEF
DEADBEEF
DEADBEEF
DEADBEEF
DEADBEEF
DEADBEEF
DEADBEEF
DEADBEEF
DEADBEEF
DEADBEEF
DEADBEEF
DEADBEEF
DEADBEEF
DEADBEEF
DEADBEEF
DEADBEEF
DEADBEEF
DEADBEEF
DEADBEEF
DEADBEEF
DEADBEEF
DEADBEEF
DEADBEEF
DEADBEEF
DEADBEEF
DEADBEEF
DEADBEEF
DEADBEEF
DEADBEEF
DEADBEEF
DEADBEEF
DEADBEEF
DEADBEEF
DEADBEEF
DEADBEEF
DEADBEEF
DEADBEEF
DEADBEEF
DEADBEEF
DEADBEEF
DEADBEEF
DEADBEEF
DEADBEEF
DEADBEEF
DEADBEEF
DEADBEEF
DEADBEEF
DEADBEEF
DEADBEEF
DEADBEEF
DEADBEEF
DEADBEEF
DEADBEEF
DEADBEEF
DEADBEEF
DEADBEEF
DEADBEEF
DEADBEEF
DEADBEEF
DEADBEEF
DEADBEEF
DEADBEEF
DEADBEEF
DEADBEEF
DEADBEEF
DEADBEEF
DEADBEEF
DEADBEEF
DEADBEEF
DEADBEEF
DEADBEEF
DEADBEEF
DEADBEEF
DEADBEEF
DEADBEEF
DEADBEEF
DEADBEEF
DEADBEEF
DEADBEEF
DEADBEEF
DEADBEEF
DEADBEEF
DEADBEEF
DEADBEEF
DEADBEEF
DEADBEEF
DEADBEEF
DEADBEEF
DEADBEEF
DEADBEEF
DEADBEEF
DEADBEEF
DEADBEEF
DEADBEEF
DEADBEEF
DEADBEEF
DEADBEEF
DEADBEEF
DEADBEEF
DEADBEEF
DEADBEEF
DEADBEEF
DEADBEEF
DEADBEEF
DEADBEEF
DEADBEEF
DEADBEEF
DEADBEEF
DEADBEEF
DEADBEEF
DEADBEEF
DEADBEEF
DEADBEEF
DEADBEEF
DEADBEEF
DEADBEEF
DEADBEEF
DEADBEEF
DEADBEEF
DEADBEEF
DEADBEEF
DEADBEEF
DEADBEEF
DEADBEEF
DEADBEEF
DEADBEEF
DEADBEEF
DEADBEEF
DEADBEEF
DEADBEEF
DEADBEEF
DEADBEEF
DEADBEEF
DEADBEEF
DEADBEEF
DEADBEEF
DEADBEEF
DEADBEEF
DEADBEEF
DEADBEEF
DEADBEEF
DEADBEEF
DEADBEEF
DEADBEEF
DEADBEEF
DEADBEEF
DEADBEEF
DEADBEEF
DEADBEEF
DEADBEEF
DEADBEEF
DEADBEEF
DEADBEEF
DEADBEEF
DEADBEEF
DEADBEEF
DEADBEEF
DEADBEEF
DEADBEEF
DEADBEEF
DEADBEEF
DEADBEEF
DEADBEEF
DEADBEEF
DEADBEEF
DEADBEEF
DEADBEEF
DEADBEEF
DEADBEEF
DEADBEEF
DEADBEEF
DEADBEEF
DEADBEEF
DEADBEEF
DEADBEEF
DEADBEEF
DEADBEEF
DEADBEEF
DEADBEEF
DEADBEEF
DEADBEEF
DEADBEEF
DEADBEEF
DEADBEEF
DEADBEEF
DEADBEEF
DEADBEEF
DEADBEEF
DEADBEEF
DEADBEEF
DEADBEEF
DEADBEEF
DEADBEEF
DEADBEEF
DEADBEEF
DEADBEEF
DEADBEEF
DEADBEEF
DEADBEEF
DEADBEEF
DEADBEEF
DEADBEEF
DEADBEEF
DEADBEEF
DEADBEEF
DEADBEEF
DEADBEEF
DEADBEEF
DEADBEEF
DEADBEEF
DEADBEEF
DEADBEEF
DEADBEEF
DEADBEEF
DEADBEEF
DEADBEEF
DEADBEEF
DEADBEEF
DEADBEEF
DEADBEEF
DEADBEEF
DEADBEEF
DEADBEEF
DEADBEEF
DEADBEEF
DEADBEEF
DEADBEEF
DEADBEEF
DEADBEEF
DEADBEEF
DEADBEEF
DEADBEEF
DEADBEEF
DEADBEEF
DEADBEEF
DEADBEEF
DEADBEEF
DEADBEEF
DEADBEEF
DEADBEEF
DEADBEEF
DEADBEEF
DEADBEEF
DEADBEEF
DEADBEEF
DEADBEEF
DEADBEEF
DEADBEEF
DEADBEEF
DEADBEEF
DEADBEEF
DEADBEEF
DEADBEEF
DEADBEEF
DEADBEEF
DEADBEEF
DEADBEEF
DEADBEEF
DEADBEEF
DEADBEEF
DEADBEEF
DEADBEEF
DEADBEEF
DEADBEEF
DEADBEEF
DEADBEEF
DEADBEEF
DEADBEEF
DEADBEEF
DEADBEEF
DEADBEEF
DEADBEEF
DEADBEEF
DEADBEEF
DEADBEEF
DEADBEEF
DEADBEEF
DEADBEEF
DEADBEEF
DEADBEEF
DEADBEEF
DEADBEEF
DEADBEEF
DEADBEEF
DEADBEEF
DEADBEEF
DEADBEEF
DEADBEEF
DEADBEEF
DEADBEEF
DEADBEEF
DEADBEEF
DEADBEEF
DEADBEEF
DEADBEEF
DEADBEEF
DEADBEEF
DEADBEEF
DEADBEEF
DEADBEEF
DEADBEEF
DEADBEEF
DEADBEEF
DEADBEEF
DEADBEEF
DEADBEEF
DEADBEEF
DEADBEEF
DEADBEEF
DEADBEEF
DEADBEEF
DEADBEEF
DEADBEEF
DEADBEEF
DEADBEEF
DEADBEEF
DEADBEEF
DEADBEEF
DEADBEEF
DEADBEEF
DEADBEEF
DEADBEEF
DEADBEEF
DEADBEEF
DEADBEEF
DEADBEEF
DEADBEEF
DEADBEEF
DEADBEEF
DEADBEEF
DEADBEEF
DEADBEEF
DEADBEEF
DEADBEEF
DEADBEEF
DEADBEEF
DEADBEEF
DEADBEEF
DEADBEEF
DEADBEEF
DEADBEEF
DEADBEEF
DEADBEEF
DEADBEEF
DEADBEEF
DEADBEEF
DEADBEEF
DEADBEEF
DEADBEEF
DEADBEEF
DEADBEEF
DEADBEEF
DEADBEEF
DEADBEEF
DEADBEEF
DEADBEEF
DEADBEEF
DEADBEEF
DEADBEEF
DEADBEEF
DEADBEEF
DEADBEEF
DEADBEEF
DEADBEEF
DEADBEEF
DEADBEEF
DEADBEEF
DEADBEEF
DEADBEEF
DEADBEEF
DEADBEEF
DEADBEEF
DEADBEEF
DEADBEEF
DEADBEEF
DEADBEEF
DEADBEEF
DEADBEEF
DEADBEEF
DEADBEEF
DEADBEEF
DEADBEEF
DEADBEEF
DEADBEEF
DEADBEEF
DEADBEEF
DEADBEEF
DEADBEEF
DEADBEEF
DEADBEEF
DEADBEEF
DEADBEEF
DEADBEEF
DEADBEEF
DEADBEEF
DEADBEEF
DEADBEEF
DEADBEEF
DEADBEEF
DEADBEEF
DEADBEEF
DEADBEEF
DEADBEEF
DEADBEEF
DEADBEEF
DEADBEEF
DEADBEEF
DEADBEEF
DEADBEEF
DEADBEEF
DEADBEEF
DEADBEEF
DEADBEEF
DEADBEEF
DEADBEEF
DEADBEEF
DEADBEEF
DEADBEEF
DEADBEEF
DEADBEEF
DEADBEEF
DEADBEEF
DEADBEEF
DEADBEEF
DEADBEEF
DEADBEEF
DEADBEEF
DEADBEEF
DEADBEEF
DEADBEEF
DEADBEEF
DEADBEEF
DEADBEEF
DEADBEEF
DEADBEEF
DEADBEEF
DEADBEEF
DEADBEEF
DEADBEEF
DEADBEEF
DEADBEEF
DEADBEEF
DEADBEEF
DEADBEEF
DEADBEEF
DEADBEEF
DEADBEEF
DEADBEEF
DEADBEEF
DEADBEEF
DEADBEEF
DEADBEEF
DEADBEEF
DEADBEEF
DEADBEEF
DEADBEEF
DEADBEEF
DEADBEEF
DEADBEEF
DEADBEEF
DEADBEEF
DEADBEEF
DEADBEEF
DEADBEEF
DEADBEEF
DEADBEEF
DEADBEEF
DEADBEEF
DEADBEEF
DEADBEEF
DEADBEEF
DEADBEEF
DEADBEEF
DEADBEEF
DEADBEEF
DEADBEEF
DEADBEEF
DEADBEEF
DEADBEEF
DEADBEEF
DEADBEEF
DEADBEEF
DEADBEEF
DEADBEEF
DEADBEEF
DEADBEEF
DEADBEEF
DEADBEEF
DEADBEEF
DEADBEEF
DEADBEEF
DEADBEEF
DEADBEEF
DEADBEEF
DEADBEEF
DEADBEEF
DEADBEEF
DEADBEEF
DEADBEEF
DEADBEEF
DEADBEEF
DEADBEEF
DEADBEEF
DEADBEEF
DEADBEEF
DEADBEEF
DEADBEEF
DEADBEEF
DEADBEEF
DEADBEEF
DEADBEEF
DEADBEEF
DEADBEEF
DEADBEEF
DEADBEEF
DEADBEEF
DEADBEEF
DEADBEEF
DEADBEEF
DEADBEEF
DEADBEEF
DEADBEEF
DEADBEEF
DEADBEEF
DEADBEEF
DEADBEEF
DEADBEEF
DEADBEEF
DEADBEEF
DEADBEEF
DEADBEEF
DEADBEEF
DEADBEEF
DEADBEEF
DEADBEEF
DEADBEEF
DEADBEEF
DEADBEEF
DEADBEEF
DEADBEEF
DEADBEEF
DEADBEEF
DEADBEEF
DEADBEEF
DEADBEEF
DEADBEEF
DEADBEEF
DEADBEEF
DEADBEEF
DEADBEEF
DEADBEEF
DEADBEEF
DEADBEEF
DEADBEEF
DEADBEEF
DEADBEEF
DEADBEEF
DEADBEEF
DEADBEEF
DEADBEEF
DEADBEEF
DEADBEEF
DEADBEEF
DEADBEEF
DEADBEEF
DEADBEEF
DEADBEEF
DEADBEEF
DEADBEEF
DEADBEEF
DEADBEEF
DEADBEEF
DEADBEEF
DEADBEEF
DEADBEEF
DEADBEEF
DEADBEEF
DEADBEEF
DEADBEEF
DEADBEEF
DEADBEEF
DEADBEEF
DEADBEEF
DEADBEEF
DEADBEEF
DEADBEEF
DEADBEEF
DEADBEEF
DEADBEEF
DEADBEEF
DEADBEEF
DEADBEEF
DEADBEEF
DEADBEEF
DEADBEEF
DEADBEEF
DEADBEEF
DEADBEEF
DEADBEEF
DEADBEEF
DEADBEEF
DEADBEEF
DEADBEEF
DEADBEEF
DEADBEEF
DEADBEEF
DEADBEEF
DEADBEEF
DEADBEEF
DEADBEEF
DEADBEEF
DEADBEEF
DEADBEEF
DEADBEEF
DEADBEEF
DEADBEEF
DEADBEEF
DEADBEEF
DEADBEEF
DEADBEEF
DEADBEEF
DEADBEEF
DEADBEEF
DEADBEEF
DEADBEEF
DEADBEEF
DEADBEEF
DEADBEEF
DEADBEEF
DEADBEEF
DEADBEEF
DEADBEEF
DEADBEEF
DEADBEEF
DEADBEEF
DEADBEEF
DEADBEEF
DEADBEEF
DEADBEEF
DEADBEEF
DEADBEEF
DEADBEEF
DEADBEEF
DEADBEEF
DEADBEEF
DEADBEEF
DEADBEEF
DEADBEEF
DEADBEEF
DEADBEEF
DEADBEEF
DEADBEEF
DEADBEEF
DEADBEEF
DEADBEEF
DEADBEEF
DEADBEEF
DEADBEEF
DEADBEEF
DEADBEEF
DEADBEEF
DEADBEEF
DEADBEEF
DEADBEEF
DEADBEEF
DEADBEEF
DEADBEEF
DEADBEEF
DEADBEEF
DEADBEEF
DEADBEEF
DEADBEEF
DEADBEEF
DEADBEEF
DEADBEEF
DEADBEEF
DEADBEEF
DEADBEEF
DEADBEEF
DEADBEEF
DEADBEEF
DEADBEEF
DEADBEEF
DEADBEEF
DEADBEEF
DEADBEEF
DEADBEEF
DEADBEEF
DEADBEEF
DEADBEEF
DEADBEEF
DEADBEEF
DEADBEEF
DEADBEEF
DEADBEEF
DEADBEEF
DEADBEEF
DEADBEEF
DEADBEEF
DEADBEEF
DEADBEEF
DEADBEEF
DEADBEEF
DEADBEEF
DEADBEEF
DEADBEEF
DEADBEEF
DEADBEEF
DEADBEEF
DEADBEEF
DEADBEEF
DEADBEEF
DEADBEEF
DEADBEEF
DEADBEEF
DEADBEEF
DEADBEEF
DEADBEEF
DEADBEEF
DEADBEEF
DEADBEEF
DEADBEEF
DEADBEEF
DEADBEEF
DEADBEEF
DEADBEEF
DEADBEEF
DEADBEEF
DEADBEEF
DEADBEEF
DEADBEEF
DEADBEEF
DEADBEEF
DEADBEEF
DEADBEEF
DEADBEEF
DEADBEEF
DEADBEEF
DEADBEEF
DEADBEEF
DEADBEEF
DEADBEEF
DEADBEEF
DEADBEEF
DEADBEEF
DEADBEEF
DEADBEEF
DEADBEEF
DEADBEEF
DEADBEEF
DEADBEEF
DEADBEEF
DEADBEEF
DEADBEEF
DEADBEEF
DEADBEEF
DEADBEEF
DEADBEEF
DEADBEEF
DEADBEEF
DEADBEEF
DEADBEEF
DEADBEEF
DEADBEEF
DEADBEEF
DEADBEEF
DEADBEEF
DEADBEEF
DEADBEEF
DEADBEEF
DEADBEEF
DEADBEEF
DEADBEEF
DEADBEEF
DEADBEEF
DEADBEEF
DEADBEEF
DEADBEEF
DEADBEEF
DEADBEEF
DEADBEEF
DEADBEEF
DEADBEEF
DEADBEEF
DEADBEEF
DEADBEEF
DEADBEEF
DEADBEEF
DEADBEEF
DEADBEEF
DEADBEEF
DEADBEEF
DEADBEEF
DEADBEEF
DEADBEEF
DEADBEEF
DEADBEEF
DEADBEEF
DEADBEEF
DEADBEEF
DEADBEEF
DEADBEEF
DEADBEEF
DEADBEEF
DEADBEEF
DEADBEEF
DEADBEEF
DEADBEEF
DEADBEEF
DEADBEEF
DEADBEEF
DEADBEEF
DEADBEEF
DEADBEEF
DEADBEEF
DEADBEEF
DEADBEEF
DEADBEEF
DEADBEEF
DEADBEEF
DEADBEEF
DEADBEEF
DEADBEEF
DEADBEEF
DEADBEEF
DEADBEEF
DEADBEEF
DEADBEEF
DEADBEEF
DEADBEEF
DEADBEEF
DEADBEEF
DEADBEEF
DEADBEEF
DEADBEEF
DEADBEEF
DEADBEEF
DEADBEEF
DEADBEEF
DEADBEEF
DEADBEEF
DEADBEEF
DEADBEEF
DEADBEEF
DEADBEEF
DEADBEEF
DEADBEEF
DEADBEEF
DEADBEEF
DEADBEEF
DEADBEEF
DEADBEEF
DEADBEEF
DEADBEEF
DEADBEEF
DEADBEEF
DEADBEEF
DEADBEEF
DEADBEEF
DEADBEEF
DEADBEEF
DEADBEEF
DEADBEEF
DEADBEEF
DEADBEEF
DEADBEEF
DEADBEEF
DEADBEEF
DEADBEEF
DEADBEEF
DEADBEEF
DEADBEEF
DEADBEEF
DEADBEEF
DEADBEEF
DEADBEEF
DEADBEEF
DEADBEEF
DEADBEEF
DEADBEEF
DEADBEEF
DEADBEEF
DEADBEEF
DEADBEEF
DEADBEEF
DEADBEEF
DEADBEEF
DEADBEEF
DEADBEEF
DEADBEEF
DEADBEEF
DEADBEEF
DEADBEEF
DEADBEEF
DEADBEEF
DEADBEEF
DEADBEEF
DEADBEEF
DEADBEEF
DEADBEEF
DEADBEEF
DEADBEEF
DEADBEEF
DEADBEEF
DEADBEEF
DEADBEEF
DEADBEEF
DEADBEEF
DEADBEEF
DEADBEEF
DEADBEEF
DEADBEEF
DEADBEEF
DEADBEEF
DEADBEEF
DEADBEEF
DEADBEEF
DEADBEEF
DEADBEEF
DEADBEEF
DEADBEEF
DEADBEEF
DEADBEEF
DEADBEEF
DEADBEEF
DEADBEEF
DEADBEEF
DEADBEEF
DEADBEEF
DEADBEEF
DEADBEEF
DEADBEEF
DEADBEEF
DEADBEEF
DEADBEEF
DEADBEEF
DEADBEEF
DEADBEEF
DEADBEEF
DEADBEEF
DEADBEEF
DEADBEEF
DEADBEEF
DEADBEEF
DEADBEEF
DEADBEEF
DEADBEEF
DEADBEEF
DEADBEEF
DEADBEEF
DEADBEEF
DEADBEEF
DEADBEEF
DEADBEEF
DEADBEEF
DEADBEEF
DEADBEEF
DEADBEEF
DEADBEEF
DEADBEEF
DEADBEEF
DEADBEEF
DEADBEEF
DEADBEEF
DEADBEEF
DEADBEEF
DEADBEEF
DEADBEEF
DEADBEEF
DEADBEEF
DEADBEEF
DEADBEEF
DEADBEEF
DEADBEEF
DEADBEEF
DEADBEEF
DEADBEEF
DEADBEEF
DEADBEEF
DEADBEEF
DEADBEEF
DEADBEEF
DEADBEEF
DEADBEEF
DEADBEEF
DEADBEEF
DEADBEEF
DEADBEEF
DEADBEEF
DEADBEEF
DEADBEEF
DEADBEEF
DEADBEEF
DEADBEEF
DEADBEEF
DEADBEEF
DEADBEEF
DEADBEEF
DEADBEEF
DEADBEEF
DEADBEEF
DEADBEEF
DEADBEEF
DEADBEEF
DEADBEEF
DEADBEEF
DEADBEEF
DEADBEEF
DEADBEEF
DEADBEEF
DEADBEEF
DEADBEEF
DEADBEEF
DEADBEEF
DEADBEEF
DEADBEEF
DEADBEEF
DEADBEEF
DEADBEEF
DEADBEEF
DEADBEEF
DEADBEEF
DEADBEEF
DEADBEEF
DEADBEEF
DEADBEEF
DEADBEEF
DEADBEEF
DEADBEEF
DEADBEEF
DEADBEEF
DEADBEEF
DEADBEEF
DEADBEEF
DEADBEEF
DEADBEEF
DEADBEEF
DEADBEEF
DEADBEEF
DEADBEEF
DEADBEEF
DEADBEEF
DEADBEEF
DEADBEEF
DEADBEEF
DEADBEEF
DEADBEEF
DEADBEEF
DEADBEEF
DEADBEEF
DEADBEEF
DEADBEEF
DEADBEEF
DEADBEEF
DEADBEEF
DEADBEEF
DEADBEEF
DEADBEEF
DEADBEEF
DEADBEEF
DEADBEEF
DEADBEEF
DEADBEEF
DEADBEEF
DEADBEEF
DEADBEEF
DEADBEEF
DEADBEEF
DEADBEEF
DEADBEEF
DEADBEEF
DEADBEEF
DEADBEEF
DEADBEEF
DEADBEEF
DEADBEEF
DEADBEEF
DEADBEEF
DEADBEEF
DEADBEEF
DEADBEEF
DEADBEEF
DEADBEEF
DEADBEEF
DEADBEEF
DEADBEEF
DEADBEEF
DEADBEEF
DEADBEEF
DEADBEEF
DEADBEEF
DEADBEEF
DEADBEEF
DEADBEEF
DEADBEEF
DEADBEEF
DEADBEEF
DEADBEEF
DEADBEEF
DEADBEEF
DEADBEEF
DEADBEEF
DEADBEEF
DEADBEEF
DEADBEEF
DEADBEEF
DEADBEEF
DEADBEEF
DEADBEEF
DEADBEEF
DEADBEEF
DEADBEEF
DEADBEEF
DEADBEEF
DEADBEEF
DEADBEEF
DEADBEEF
DEADBEEF
DEADBEEF
DEADBEEF
DEADBEEF
DEADBEEF
DEADBEEF
DEADBEEF
DEADBEEF
DEADBEEF
DEADBEEF
DEADBEEF
DEADBEEF
DEADBEEF
DEADBEEF
DEADBEEF
DEADBEEF
DEADBEEF
DEADBEEF
DEADBEEF
DEADBEEF
DEADBEEF
DEADBEEF
DEADBEEF
DEADBEEF
DEADBEEF
DEADBEEF
DEADBEEF
DEADBEEF
DEADBEEF
DEADBEEF
DEADBEEF
DEADBEEF
DEADBEEF
DEADBEEF
DEADBEEF
DEADBEEF
DEADBEEF
DEADBEEF
DEADBEEF
DEADBEEF
DEADBEEF
DEADBEEF
DEADBEEF
DEADBEEF
DEADBEEF
DEADBEEF
DEADBEEF
DEADBEEF
DEADBEEF
DEADBEEF
DEADBEEF
DEADBEEF
DEADBEEF
DEADBEEF
DEADBEEF
DEADBEEF
DEADBEEF
DEADBEEF
DEADBEEF
DEADBEEF
DEADBEEF
DEADBEEF
DEADBEEF
DEADBEEF
DEADBEEF
DEADBEEF
DEADBEEF
DEADBEEF
DEADBEEF
DEADBEEF
DEADBEEF
DEADBEEF
DEADBEEF
DEADBEEF
DEADBEEF
DEADBEEF
DEADBEEF
DEADBEEF
DEADBEEF
DEADBEEF
DEADBEEF
DEADBEEF
DEADBEEF
DEADBEEF
DEADBEEF
DEADBEEF
DEADBEEF
DEADBEEF
DEADBEEF
DEADBEEF
DEADBEEF
DEADBEEF
DEADBEEF
DEADBEEF
DEADBEEF
DEADBEEF
DEADBEEF
DEADBEEF
DEADBEEF
DEADBEEF
DEADBEEF
DEADBEEF
DEADBEEF
DEADBEEF
DEADBEEF
DEADBEEF
DEADBEEF
DEADBEEF
DEADBEEF
DEADBEEF
DEADBEEF
DEADBEEF
DEADBEEF
DEADBEEF
DEADBEEF
DEADBEEF
DEADBEEF
DEADBEEF
DEADBEEF
DEADBEEF
DEADBEEF
DEADBEEF
DEADBEEF
DEADBEEF
DEADBEEF
DEADBEEF
DEADBEEF
DEADBEEF
DEADBEEF
DEADBEEF
DEADBEEF
DEADBEEF
DEADBEEF
DEADBEEF
DEADBEEF
DEADBEEF
DEADBEEF
DEADBEEF
DEADBEEF
DEADBEEF
DEADBEEF
DEADBEEF
DEADBEEF
DEADBEEF
DEADBEEF
DEADBEEF
DEADBEEF
DEADBEEF
DEADBEEF
DEADBEEF
DEADBEEF
DEADBEEF
DEADBEEF
DEADBEEF
DEADBEEF
DEADBEEF
DEADBEEF
DEADBEEF
DEADBEEF
DEADBEEF
DEADBEEF
DEADBEEF
DEADBEEF
DEADBEEF
DEADBEEF
DEADBEEF
DEADBEEF
DEADBEEF
DEADBEEF
DEADBEEF
DEADBEEF
DEADBEEF
DEADBEEF
DEADBEEF
DEADBEEF
DEADBEEF
DEADBEEF
DEADBEEF
DEADBEEF
DEADBEEF
DEADBEEF
DEADBEEF
DEADBEEF
DEADBEEF
DEADBEEF
DEADBEEF
DEADBEEF
DEADBEEF
DEADBEEF
DEADBEEF
DEADBEEF
DEADBEEF
DEADBEEF
DEADBEEF
DEADBEEF
DEADBEEF
DEADBEEF
DEADBEEF
DEADBEEF
DEADBEEF
DEADBEEF
DEADBEEF
DEADBEEF
DEADBEEF
DEADBEEF
DEADBEEF
DEADBEEF
DEADBEEF
DEADBEEF
DEADBEEF
DEADBEEF
DEADBEEF
DEADBEEF
DEADBEEF
DEADBEEF
DEADBEEF
DEADBEEF
DEADBEEF
DEADBEEF
DEADBEEF
DEADBEEF
DEADBEEF
DEADBEEF
DEADBEEF
DEADBEEF
DEADBEEF
DEADBEEF
DEADBEEF
DEADBEEF
DEADBEEF
DEADBEEF
DEADBEEF
DEADBEEF
DEADBEEF
DEADBEEF
DEADBEEF
DEADBEEF
DEADBEEF
DEADBEEF
DEADBEEF
DEADBEEF
DEADBEEF
DEADBEEF
DEADBEEF
DEADBEEF
DEADBEEF
DEADBEEF
DEADBEEF
DEADBEEF
DEADBEEF
DEADBEEF
DEADBEEF
DEADBEEF
DEADBEEF
DEADBEEF
DEADBEEF
DEADBEEF
DEADBEEF
DEADBEEF
DEADBEEF
DEADBEEF
DEADBEEF
DEADBEEF
DEADBEEF
DEADBEEF
DEADBEEF
DEADBEEF
DEADBEEF
DEADBEEF
DEADBEEF
DEADBEEF
DEADBEEF
DEADBEEF
DEADBEEF
DEADBEEF
DEADBEEF
DEADBEEF
DEADBEEF
DEADBEEF
DEADBEEF
DEADBEEF
DEADBEEF
DEADBEEF
DEADBEEF
DEADBEEF
DEADBEEF
DEADBEEF
DEADBEEF
DEADBEEF
DEADBEEF
DEADBEEF
DEADBEEF
DEADBEEF
DEADBEEF
DEADBEEF
DEADBEEF
DEADBEEF
DEADBEEF
DEADBEEF
DEADBEEF
DEADBEEF
DEADBEEF
DEADBEEF
DEADBEEF
DEADBEEF
DEADBEEF
DEADBEEF
DEADBEEF
DEADBEEF
DEADBEEF
DEADBEEF
DEADBEEF
DEADBEEF
DEADBEEF
DEADBEEF
DEADBEEF
DEADBEEF
DEADBEEF
DEADBEEF
DEADBEEF
DEADBEEF
DEADBEEF
DEADBEEF
DEADBEEF
DEADBEEF
DEADBEEF
DEADBEEF
DEADBEEF
DEADBEEF
DEADBEEF
DEADBEEF
DEADBEEF
DEADBEEF
DEADBEEF
DEADBEEF
DEADBEEF
DEADBEEF
DEADBEEF
DEADBEEF
DEADBEEF
DEADBEEF
DEADBEEF
DEADBEEF
DEADBEEF
DEADBEEF
DEADBEEF
DEADBEEF
DEADBEEF
DEADBEEF
DEADBEEF
DEADBEEF
DEADBEEF
DEADBEEF
DEADBEEF
DEADBEEF
DEADBEEF
DEADBEEF
DEADBEEF
DEADBEEF
DEADBEEF
DEADBEEF
DEADBEEF
DEADBEEF
DEADBEEF
DEADBEEF
DEADBEEF
DEADBEEF
DEADBEEF
DEADBEEF
DEADBEEF
DEADBEEF
DEADBEEF
DEADBEEF
DEADBEEF
DEADBEEF
DEADBEEF
DEADBEEF
DEADBEEF
DEADBEEF
DEADBEEF
DEADBEEF
DEADBEEF
DEADBEEF
DEADBEEF
DEADBEEF
DEADBEEF
DEADBEEF
DEADBEEF
DEADBEEF
DEADBEEF
DEADBEEF
DEADBEEF
DEADBEEF
DEADBEEF
DEADBEEF
DEADBEEF
DEADBEEF
DEADBEEF
DEADBEEF
DEADBEEF
DEADBEEF
DEADBEEF
DEADBEEF
DEADBEEF
DEADBEEF
DEADBEEF
DEADBEEF
DEADBEEF
DEADBEEF
DEADBEEF
DEADBEEF
DEADBEEF
DEADBEEF
DEADBEEF
DEADBEEF
DEADBEEF
DEADBEEF
DEADBEEF
DEADBEEF
DEADBEEF
DEADBEEF
DEADBEEF
DEADBEEF
DEADBEEF
DEADBEEF
DEADBEEF
DEADBEEF
DEADBEEF
DEADBEEF
DEADBEEF
DEADBEEF
DEADBEEF
DEADBEEF
DEADBEEF
DEADBEEF
DEADBEEF
DEADBEEF
DEADBEEF
DEADBEEF
DEADBEEF
DEADBEEF
DEADBEEF
DEADBEEF
DEADBEEF
DEADBEEF
DEADBEEF
DEADBEEF
DEADBEEF
DEADBEEF
DEADBEEF
DEADBEEF
DEADBEEF
DEADBEEF
DEADBEEF
DEADBEEF
DEADBEEF
DEADBEEF
DEADBEEF
DEADBEEF
DEADBEEF
DEADBEEF
DEADBEEF
DEADBEEF
DEADBEEF
DEADBEEF
DEADBEEF
DEADBEEF
DEADBEEF
DEADBEEF
DEADBEEF
DEADBEEF
DEADBEEF
DEADBEEF
DEADBEEF
DEADBEEF
DEADBEEF
DEADBEEF
DEADBEEF
DEADBEEF
DEADBEEF
DEADBEEF
DEADBEEF
DEADBEEF
DEADBEEF
DEADBEEF
DEADBEEF
DEADBEEF
DEADBEEF
DEADBEEF
DEADBEEF
DEADBEEF
DEADBEEF
DEADBEEF
DEADBEEF
DEADBEEF
DEADBEEF
DEADBEEF
DEADBEEF
DEADBEEF
DEADBEEF
DEADBEEF
DEADBEEF
DEADBEEF
DEADBEEF
DEADBEEF
DEADBEEF
DEADBEEF
DEADBEEF
DEADBEEF
DEADBEEF
DEADBEEF
DEADBEEF
DEADBEEF
DEADBEEF
DEADBEEF
DEADBEEF
DEADBEEF
DEADBEEF
DEADBEEF
DEADBEEF
DEADBEEF
DEADBEEF
DEADBEEF
DEADBEEF
DEADBEEF
DEADBEEF
DEADBEEF
DEADBEEF
DEADBEEF
DEADBEEF
DEADBEEF
DEADBEEF
DEADBEEF
DEADBEEF
DEADBEEF
DEADBEEF
DEADBEEF
DEADBEEF
DEADBEEF
DEADBEEF
DEADBEEF
DEADBEEF
DEADBEEF
DEADBEEF
DEADBEEF
DEADBEEF
DEADBEEF
DEADBEEF
DEADBEEF
DEADBEEF
DEADBEEF
DEADBEEF
DEADBEEF
DEADBEEF
DEADBEEF
DEADBEEF
DEADBEEF
DEADBEEF
DEADBEEF
DEADBEEF
DEADBEEF
DEADBEEF
DEADBEEF
DEADBEEF
DEADBEEF
DEADBEEF
DEADBEEF
DEADBEEF
DEADBEEF
DEADBEEF
DEADBEEF
DEADBEEF
DEADBEEF
DEADBEEF
DEADBEEF
DEADBEEF
DEADBEEF
DEADBEEF
DEADBEEF
DEADBEEF
DEADBEEF
DEADBEEF
DEADBEEF
DEADBEEF
DEADBEEF
DEADBEEF
DEADBEEF
DEADBEEF
DEADBEEF
DEADBEEF
DEADBEEF
DEADBEEF
DEADBEEF
DEADBEEF
DEADBEEF
DEADBEEF
DEADBEEF
DEADBEEF
DEADBEEF
DEADBEEF
DEADBEEF
DEADBEEF
DEADBEEF
DEADBEEF
DEADBEEF
DEADBEEF
DEADBEEF
DEADBEEF
DEADBEEF
DEADBEEF
DEADBEEF
DEADBEEF
DEADBEEF
DEADBEEF
DEADBEEF
DEADBEEF
DEADBEEF
DEADBEEF
DEADBEEF
DEADBEEF
DEADBEEF
DEADBEEF
DEADBEEF
DEADBEEF
DEADBEEF
DEADBEEF
DEADBEEF
DEADBEEF
DEADBEEF
DEADBEEF
DEADBEEF
DEADBEEF
DEADBEEF
DEADBEEF
DEADBEEF
DEADBEEF
DEADBEEF
DEADBEEF
DEADBEEF
DEADBEEF
DEADBEEF
DEADBEEF
DEADBEEF
DEADBEEF
DEADBEEF
DEADBEEF
DEADBEEF
DEADBEEF
DEADBEEF
DEADBEEF
DEADBEEF
DEADBEEF
DEADBEEF
DEADBEEF
DEADBEEF
DEADBEEF
DEADBEEF
DEADBEEF
DEADBEEF
DEADBEEF
DEADBEEF
DEADBEEF
DEADBEEF
DEADBEEF
DEADBEEF
DEADBEEF
DEADBEEF
DEADBEEF
DEADBEEF
DEADBEEF
DEADBEEF
DEADBEEF
DEADBEEF
DEADBEEF
DEADBEEF
DEADBEEF
DEADBEEF
DEADBEEF
DEADBEEF
DEADBEEF
DEADBEEF
DEADBEEF
DEADBEEF
DEADBEEF
DEADBEEF
DEADBEEF
DEADBEEF
DEADBEEF
DEADBEEF
DEADBEEF
DEADBEEF
DEADBEEF
DEADBEEF
DEADBEEF
DEADBEEF
DEADBEEF
DEADBEEF
DEADBEEF
DEADBEEF
DEADBEEF
DEADBEEF
DEADBEEF
DEADBEEF
DEADBEEF
DEADBEEF
DEADBEEF
DEADBEEF
DEADBEEF
DEADBEEF
DEADBEEF
DEADBEEF
DEADBEEF
DEADBEEF
DEADBEEF
DEADBEEF
DEADBEEF
DEADBEEF
DEADBEEF
DEADBEEF
DEADBEEF
DEADBEEF
DEADBEEF
DEADBEEF
DEADBEEF
DEADBEEF
DEADBEEF
DEADBEEF
DEADBEEF
DEADBEEF
DEADBEEF
DEADBEEF
DEADBEEF
DEADBEEF
DEADBEEF
DEADBEEF
DEADBEEF
DEADBEEF
DEADBEEF
DEADBEEF
DEADBEEF
DEADBEEF
DEADBEEF
DEADBEEF
DEADBEEF
DEADBEEF
DEADBEEF
DEADBEEF
DEADBEEF
DEADBEEF
DEADBEEF
DEADBEEF
DEADBEEF
DEADBEEF
DEADBEEF
DEADBEEF
DEADBEEF
DEADBEEF
DEADBEEF
DEADBEEF
DEADBEEF
DEADBEEF
DEADBEEF
DEADBEEF
DEADBEEF
DEADBEEF
DEADBEEF
DEADBEEF
DEADBEEF
DEADBEEF
DEADBEEF
DEADBEEF
DEADBEEF
DEADBEEF
DEADBEEF
DEADBEEF
DEADBEEF
DEADBEEF
DEADBEEF
DEADBEEF
DEADBEEF
DEADBEEF
DEADBEEF
DEADBEEF
DEADBEEF
DEADBEEF
DEADBEEF
DEADBEEF
DEADBEEF
DEADBEEF
DEADBEEF
DEADBEEF
DEADBEEF
DEADBEEF
DEADBEEF
DEADBEEF
DEADBEEF
DEADBEEF
DEADBEEF
DEADBEEF
DEADBEEF
DEADBEEF
DEADBEEF
DEADBEEF
DEADBEEF
DEADBEEF
DEADBEEF
DEADBEEF
DEADBEEF
DEADBEEF
DEADBEEF
DEADBEEF
DEADBEEF
DEADBEEF
DEADBEEF
DEADBEEF
DEADBEEF
DEADBEEF
DEADBEEF
DEADBEEF
DEADBEEF
DEADBEEF
DEADBEEF
DEADBEEF
DEADBEEF
DEADBEEF
DEADBEEF
DEADBEEF
DEADBEEF
DEADBEEF
DEADBEEF
DEADBEEF
DEADBEEF
DEADBEEF
DEADBEEF
DEADBEEF
DEADBEEF
DEADBEEF
DEADBEEF
DEADBEEF
DEADBEEF
DEADBEEF
DEADBEEF
DEADBEEF
DEADBEEF
DEADBEEF
DEADBEEF
DEADBEEF
DEADBEEF
DEADBEEF
DEADBEEF
DEADBEEF
DEADBEEF
DEADBEEF
DEADBEEF
DEADBEEF
DEADBEEF
DEADBEEF
DEADBEEF
DEADBEEF
DEADBEEF
DEADBEEF
DEADBEEF
DEADBEEF
DEADBEEF
DEADBEEF
DEADBEEF
DEADBEEF
DEADBEEF
DEADBEEF
DEADBEEF
DEADBEEF
DEADBEEF
DEADBEEF
DEADBEEF
DEADBEEF
DEADBEEF
DEADBEEF
DEADBEEF
DEADBEEF
DEADBEEF
DEADBEEF
DEADBEEF
DEADBEEF
DEADBEEF
DEADBEEF
DEADBEEF
DEADBEEF
DEADBEEF
DEADBEEF
DEADBEEF
DEADBEEF
DEADBEEF
DEADBEEF
DEADBEEF
DEADBEEF
DEADBEEF
DEADBEEF
DEADBEEF
DEADBEEF
DEADBEEF
DEADBEEF
DEADBEEF
DEADBEEF
DEADBEEF
DEADBEEF
DEADBEEF
DEADBEEF
DEADBEEF
DEADBEEF
DEADBEEF
DEADBEEF
DEADBEEF
DEADBEEF
DEADBEEF
DEADBEEF
DEADBEEF
DEADBEEF
DEADBEEF
DEADBEEF
DEADBEEF
DEADBEEF
DEADBEEF
DEADBEEF
DEADBEEF
DEADBEEF
DEADBEEF
DEADBEEF
DEADBEEF
DEADBEEF
DEADBEEF
DEADBEEF
DEADBEEF
DEADBEEF
DEADBEEF
DEADBEEF
DEADBEEF
DEADBEEF
DEADBEEF
DEADBEEF
DEADBEEF
DEADBEEF
DEADBEEF
DEADBEEF
DEADBEEF
DEADBEEF
DEADBEEF
DEADBEEF
DEADBEEF
DEADBEEF
DEADBEEF
DEADBEEF
DEADBEEF
DEADBEEF
DEADBEEF
DEADBEEF
DEADBEEF
DEADBEEF
DEADBEEF
DEADBEEF
DEADBEEF
DEADBEEF
DEADBEEF
DEADBEEF
DEADBEEF
DEADBEEF
DEADBEEF
DEADBEEF
DEADBEEF
DEADBEEF
DEADBEEF
DEADBEEF
DEADBEEF
DEADBEEF
DEADBEEF
DEADBEEF
DEADBEEF
DEADBEEF
DEADBEEF
DEADBEEF
DEADBEEF
DEADBEEF
DEADBEEF
DEADBEEF
DEADBEEF
DEADBEEF
DEADBEEF
DEADBEEF
DEADBEEF
DEADBEEF
DEADBEEF
DEADBEEF
DEADBEEF
DEADBEEF
DEADBEEF
DEADBEEF
DEADBEEF
DEADBEEF
DEADBEEF
DEADBEEF
DEADBEEF
DEADBEEF
DEADBEEF
DEADBEEF
DEADBEEF
DEADBEEF
DEADBEEF
DEADBEEF
DEADBEEF
DEADBEEF
DEADBEEF
DEADBEEF
DEADBEEF
DEADBEEF
DEADBEEF
DEADBEEF
DEADBEEF
DEADBEEF
DEADBEEF
DEADBEEF
DEADBEEF
DEADBEEF
DEADBEEF
DEADBEEF
DEADBEEF
DEADBEEF
DEADBEEF
DEADBEEF
DEADBEEF
DEADBEEF
DEADBEEF
DEADBEEF
DEADBEEF
DEADBEEF
DEADBEEF
DEADBEEF
DEADBEEF
DEADBEEF
DEADBEEF
DEADBEEF
DEADBEEF
DEADBEEF
DEADBEEF
DEADBEEF
DEADBEEF
DEADBEEF
DEADBEEF
DEADBEEF
DEADBEEF
DEADBEEF
DEADBEEF
DEADBEEF
DEADBEEF
DEADBEEF
DEADBEEF
DEADBEEF
DEADBEEF
DEADBEEF
DEADBEEF
DEADBEEF
DEADBEEF
DEADBEEF
DEADBEEF
DEADBEEF
DEADBEEF
DEADBEEF
DEADBEEF
DEADBEEF
DEADBEEF
DEADBEEF
DEADBEEF
DEADBEEF
DEADBEEF
DEADBEEF
DEADBEEF
DEADBEEF
DEADBEEF
DEADBEEF
DEADBEEF
DEADBEEF
DEADBEEF
DEADBEEF
DEADBEEF
DEADBEEF
DEADBEEF
DEADBEEF
DEADBEEF
DEADBEEF
DEADBEEF
DEADBEEF
DEADBEEF
DEADBEEF
DEADBEEF
DEADBEEF
DEADBEEF
DEADBEEF
DEADBEEF
DEADBEEF
DEADBEEF
DEADBEEF
DEADBEEF
DEADBEEF
DEADBEEF
DEADBEEF
DEADBEEF
DEADBEEF
DEADBEEF
DEADBEEF
DEADBEEF
DEADBEEF
DEADBEEF
DEADBEEF
DEADBEEF
DEADBEEF
DEADBEEF
DEADBEEF
DEADBEEF
DEADBEEF
DEADBEEF
DEADBEEF
DEADBEEF
DEADBEEF
DEADBEEF
DEADBEEF
DEADBEEF
DEADBEEF
DEADBEEF
DEADBEEF
DEADBEEF
DEADBEEF
DEADBEEF
DEADBEEF
DEADBEEF
DEADBEEF
DEADBEEF
DEADBEEF
DEADBEEF
DEADBEEF
DEADBEEF
DEADBEEF
DEADBEEF
DEADBEEF
DEADBEEF
DEADBEEF
DEADBEEF
DEADBEEF
DEADBEEF
DEADBEEF
DEADBEEF
DEADBEEF
DEADBEEF
DEADBEEF
DEADBEEF
DEADBEEF
DEADBEEF
DEADBEEF
DEADBEEF
DEADBEEF
DEADBEEF
DEADBEEF
DEADBEEF
DEADBEEF
DEADBEEF
DEADBEEF
DEADBEEF
DEADBEEF
DEADBEEF
DEADBEEF
DEADBEEF
DEADBEEF
DEADBEEF
DEADBEEF
DEADBEEF
DEADBEEF
DEADBEEF
DEADBEEF
DEADBEEF
DEADBEEF
DEADBEEF
DEADBEEF
DEADBEEF
DEADBEEF
DEADBEEF
DEADBEEF
DEADBEEF
DEADBEEF
DEADBEEF
DEADBEEF
DEADBEEF
DEADBEEF
DEADBEEF
DEADBEEF
DEADBEEF
DEADBEEF
DEADBEEF
DEADBEEF
DEADBEEF
DEADBEEF
DEADBEEF
DEADBEEF
DEADBEEF
DEADBEEF
DEADBEEF
DEADBEEF
DEADBEEF
DEADBEEF
DEADBEEF
DEADBEEF
DEADBEEF
DEADBEEF
DEADBEEF
DEADBEEF
DEADBEEF
DEADBEEF
DEADBEEF
DEADBEEF
DEADBEEF
DEADBEEF
DEADBEEF
DEADBEEF
DEADBEEF
DEADBEEF
DEADBEEF
DEADBEEF
DEADBEEF
DEADBEEF
DEADBEEF
DEADBEEF
DEADBEEF
DEADBEEF
DEADBEEF
DEADBEEF
DEADBEEF
DEADBEEF
DEADBEEF
DEADBEEF
DEADBEEF
DEADBEEF
DEADBEEF
DEADBEEF
DEADBEEF
DEADBEEF
DEADBEEF
DEADBEEF
DEADBEEF
DEADBEEF
DEADBEEF
DEADBEEF
DEADBEEF
DEADBEEF
DEADBEEF
DEADBEEF
DEADBEEF
DEADBEEF
DEADBEEF
DEADBEEF
DEADBEEF
DEADBEEF
DEADBEEF
DEADBEEF
DEADBEEF
DEADBEEF
DEADBEEF
DEADBEEF
DEADBEEF
DEADBEEF
DEADBEEF
DEADBEEF
DEADBEEF
DEADBEEF
DEADBEEF
DEADBEEF
DEADBEEF
DEADBEEF
DEADBEEF
DEADBEEF
DEADBEEF
DEADBEEF
DEADBEEF
DEADBEEF
DEADBEEF
DEADBEEF
DEADBEEF
DEADBEEF
DEADBEEF
DEADBEEF
DEADBEEF
DEADBEEF
DEADBEEF
DEADBEEF
DEADBEEF
DEADBEEF
DEADBEEF
DEADBEEF
DEADBEEF
DEADBEEF
DEADBEEF
DEADBEEF
DEADBEEF
DEADBEEF
DEADBEEF
DEADBEEF
DEADBEEF
DEADBEEF
DEADBEEF
DEADBEEF
DEADBEEF
DEADBEEF
DEADBEEF
DEADBEEF
DEADBEEF
DEADBEEF
DEADBEEF
DEADBEEF
DEADBEEF
DEADBEEF
DEADBEEF
DEADBEEF
DEADBEEF
DEADBEEF
DEADBEEF
DEADBEEF
DEADBEEF
DEADBEEF
DEADBEEF
DEADBEEF
DEADBEEF
DEADBEEF
DEADBEEF
DEADBEEF
DEADBEEF
DEADBEEF
DEADBEEF
DEADBEEF
DEADBEEF
DEADBEEF
DEADBEEF
DEADBEEF
DEADBEEF
DEADBEEF
DEADBEEF
DEADBEEF
DEADBEEF
DEADBEEF
DEADBEEF
DEADBEEF
DEADBEEF
DEADBEEF
DEADBEEF
DEADBEEF
DEADBEEF
DEADBEEF
DEADBEEF
DEADBEEF
DEADBEEF
DEADBEEF
DEADBEEF
DEADBEEF
DEADBEEF
DEADBEEF
DEADBEEF
DEADBEEF
DEADBEEF
DEADBEEF
DEADBEEF
DEADBEEF
DEADBEEF
DEADBEEF
DEADBEEF
DEADBEEF
DEADBEEF
DEADBEEF
DEADBEEF
DEADBEEF
DEADBEEF
DEADBEEF
DEADBEEF
DEADBEEF
DEADBEEF
DEADBEEF
DEADBEEF
DEADBEEF
DEADBEEF
DEADBEEF
DEADBEEF
DEADBEEF
DEADBEEF
DEADBEEF
DEADBEEF
DEADBEEF
DEADBEEF
DEADBEEF
DEADBEEF
DEADBEEF
DEADBEEF
DEADBEEF
DEADBEEF
DEADBEEF
DEADBEEF
DEADBEEF
DEADBEEF
DEADBEEF
DEADBEEF
DEADBEEF
DEADBEEF
DEADBEEF
DEADBEEF
DEADBEEF
DEADBEEF
DEADBEEF
DEADBEEF
DEADBEEF
DEADBEEF
DEADBEEF
DEADBEEF
DEADBEEF
DEADBEEF
DEADBEEF
DEADBEEF
DEADBEEF
DEADBEEF
DEADBEEF
DEADBEEF
DEADBEEF
DEADBEEF
DEADBEEF
DEADBEEF
DEADBEEF
DEADBEEF
DEADBEEF
DEADBEEF
DEADBEEF
DEADBEEF
DEADBEEF
DEADBEEF
DEADBEEF
DEADBEEF
DEADBEEF
DEADBEEF
DEADBEEF
DEADBEEF
DEADBEEF
DEADBEEF
DEADBEEF
DEADBEEF
DEADBEEF
DEADBEEF
DEADBEEF
DEADBEEF
DEADBEEF
DEADBEEF
DEADBEEF
DEADBEEF
DEADBEEF
DEADBEEF
DEADBEEF
DEADBEEF
DEADBEEF
DEADBEEF
DEADBEEF
DEADBEEF
DEADBEEF
DEADBEEF
DEADBEEF
DEADBEEF
DEADBEEF
DEADBEEF
DEADBEEF
DEADBEEF
DEADBEEF
DEADBEEF
DEADBEEF
DEADBEEF
DEADBEEF
DEADBEEF
DEADBEEF
DEADBEEF
DEADBEEF
DEADBEEF
DEADBEEF
DEADBEEF
DEADBEEF
DEADBEEF
DEADBEEF
DEADBEEF
DEADBEEF
DEADBEEF
DEADBEEF
DEADBEEF
DEADBEEF
DEADBEEF
DEADBEEF
DEADBEEF
DEADBEEF
DEADBEEF
DEADBEEF
DEADBEEF
DEADBEEF
DEADBEEF
DEADBEEF
DEADBEEF
DEADBEEF
DEADBEEF
DEADBEEF
DEADBEEF
DEADBEEF
DEADBEEF
DEADBEEF
DEADBEEF
DEADBEEF
DEADBEEF
DEADBEEF
DEADBEEF
DEADBEEF
DEADBEEF
DEADBEEF
DEADBEEF
DEADBEEF
DEADBEEF
DEADBEEF
DEADBEEF
DEADBEEF
DEADBEEF
DEADBEEF
DEADBEEF
DEADBEEF
DEADBEEF
DEADBEEF
DEADBEEF
DEADBEEF
DEADBEEF
DEADBEEF
DEADBEEF
DEADBEEF
DEADBEEF
DEADBEEF
DEADBEEF
DEADBEEF
DEADBEEF
DEADBEEF
DEADBEEF
DEADBEEF
DEADBEEF
DEADBEEF
DEADBEEF
DEADBEEF
DEADBEEF
DEADBEEF
DEADBEEF
DEADBEEF
DEADBEEF
DEADBEEF
DEADBEEF
DEADBEEF
DEADBEEF
DEADBEEF
DEADBEEF
DEADBEEF
DEADBEEF
DEADBEEF
DEADBEEF
DEADBEEF
DEADBEEF
DEADBEEF
DEADBEEF
DEADBEEF
DEADBEEF
DEADBEEF
DEADBEEF
DEADBEEF
DEADBEEF
DEADBEEF
DEADBEEF
DEADBEEF
DEADBEEF
DEADBEEF
DEADBEEF
DEADBEEF
DEADBEEF
DEADBEEF
DEADBEEF
DEADBEEF
DEADBEEF
DEADBEEF
DEADBEEF
DEADBEEF
DEADBEEF
DEADBEEF
DEADBEEF
DEADBEEF
DEADBEEF
DEADBEEF
DEADBEEF
DEADBEEF
DEADBEEF
DEADBEEF
DEADBEEF
DEADBEEF
DEADBEEF
DEADBEEF
DEADBEEF
DEADBEEF
DEADBEEF
DEADBEEF
DEADBEEF
DEADBEEF
DEADBEEF
DEADBEEF
DEADBEEF
DEADBEEF
DEADBEEF
DEADBEEF
DEADBEEF
DEADBEEF
DEADBEEF
DEADBEEF
DEADBEEF
DEADBEEF
DEADBEEF
DEADBEEF
DEADBEEF
DEADBEEF
DEADBEEF
DEADBEEF
DEADBEEF
DEADBEEF
DEADBEEF
DEADBEEF
DEADBEEF
DEADBEEF
DEADBEEF
DEADBEEF
DEADBEEF
DEADBEEF
DEADBEEF
DEADBEEF
DEADBEEF
DEADBEEF
DEADBEEF
DEADBEEF
DEADBEEF
DEADBEEF
DEADBEEF
DEADBEEF
DEADBEEF
DEADBEEF
DEADBEEF
DEADBEEF
DEADBEEF
DEADBEEF
DEADBEEF
DEADBEEF
DEADBEEF
DEADBEEF
DEADBEEF
DEADBEEF
DEADBEEF
DEADBEEF
DEADBEEF
DEADBEEF
DEADBEEF
DEADBEEF
DEADBEEF
DEADBEEF
DEADBEEF
DEADBEEF
DEADBEEF
DEADBEEF
DEADBEEF
DEADBEEF
DEADBEEF
DEADBEEF
DEADBEEF
DEADBEEF
DEADBEEF
DEADBEEF
DEADBEEF
DEADBEEF
DEADBEEF
DEADBEEF
DEADBEEF
DEADBEEF
DEADBEEF
DEADBEEF
DEADBEEF
DEADBEEF
DEADBEEF
DEADBEEF
DEADBEEF
DEADBEEF
DEADBEEF
DEADBEEF
DEADBEEF
DEADBEEF
DEADBEEF
DEADBEEF
DEADBEEF
DEADBEEF
DEADBEEF
DEADBEEF
DEADBEEF
DEADBEEF
DEADBEEF
DEADBEEF
DEADBEEF
DEADBEEF
DEADBEEF
DEADBEEF
DEADBEEF
DEADBEEF
DEADBEEF
DEADBEEF
DEADBEEF
DEADBEEF
DEADBEEF
DEADBEEF
DEADBEEF
DEADBEEF
DEADBEEF
DEADBEEF
DEADBEEF
DEADBEEF
DEADBEEF
DEADBEEF
DEADBEEF
DEADBEEF
DEADBEEF
DEADBEEF
DEADBEEF
DEADBEEF
DEADBEEF
DEADBEEF
DEADBEEF
DEADBEEF
DEADBEEF
DEADBEEF
DEADBEEF
DEADBEEF
DEADBEEF
DEADBEEF
DEADBEEF
DEADBEEF
DEADBEEF
DEADBEEF
DEADBEEF
DEADBEEF
DEADBEEF
DEADBEEF
DEADBEEF
DEADBEEF
DEADBEEF
DEADBEEF
DEADBEEF
DEADBEEF
DEADBEEF
DEADBEEF
DEADBEEF
DEADBEEF
DEADBEEF
DEADBEEF
DEADBEEF
DEADBEEF
DEADBEEF
DEADBEEF
DEADBEEF
DEADBEEF
DEADBEEF
DEADBEEF
DEADBEEF
DEADBEEF
DEADBEEF
DEADBEEF
DEADBEEF
DEADBEEF
DEADBEEF
DEADBEEF
DEADBEEF
DEADBEEF
DEADBEEF
DEADBEEF
DEADBEEF
DEADBEEF
DEADBEEF
DEADBEEF
DEADBEEF
DEADBEEF
DEADBEEF
DEADBEEF
DEADBEEF
DEADBEEF
DEADBEEF
DEADBEEF
DEADBEEF
DEADBEEF
DEADBEEF
DEADBEEF
DEADBEEF
DEADBEEF
DEADBEEF
DEADBEEF
DEADBEEF
DEADBEEF
DEADBEEF
DEADBEEF
DEADBEEF
DEADBEEF
DEADBEEF
DEADBEEF
DEADBEEF
DEADBEEF
DEADBEEF
DEADBEEF
DEADBEEF
DEADBEEF
DEADBEEF
DEADBEEF
DEADBEEF
DEADBEEF
DEADBEEF
DEADBEEF
DEADBEEF
DEADBEEF
DEADBEEF
DEADBEEF
DEADBEEF
DEADBEEF
DEADBEEF
DEADBEEF
DEADBEEF
DEADBEEF
DEADBEEF
DEADBEEF
DEADBEEF
DEADBEEF
DEADBEEF
DEADBEEF
DEADBEEF
DEADBEEF
DEADBEEF
DEADBEEF
DEADBEEF
DEADBEEF
DEADBEEF
DEADBEEF
DEADBEEF
DEADBEEF
DEADBEEF
DEADBEEF
DEADBEEF
DEADBEEF
DEADBEEF
DEADBEEF
DEADBEEF
DEADBEEF
DEADBEEF
DEADBEEF
DEADBEEF
DEADBEEF
DEADBEEF
DEADBEEF
DEADBEEF
DEADBEEF
DEADBEEF
DEADBEEF
DEADBEEF
DEADBEEF
DEADBEEF
DEADBEEF
DEADBEEF
DEADBEEF
DEADBEEF
DEADBEEF
DEADBEEF
DEADBEEF
DEADBEEF
DEADBEEF
DEADBEEF
DEADBEEF
DEADBEEF
DEADBEEF
DEADBEEF
DEADBEEF
DEADBEEF
DEADBEEF
DEADBEEF
DEADBEEF
DEADBEEF
DEADBEEF
DEADBEEF
DEADBEEF
DEADBEEF
DEADBEEF
DEADBEEF
DEADBEEF
DEADBEEF
DEADBEEF
DEADBEEF
DEADBEEF
DEADBEEF
DEADBEEF
DEADBEEF
DEADBEEF
DEADBEEF
DEADBEEF
DEADBEEF
DEADBEEF
DEADBEEF
DEADBEEF
DEADBEEF
DEADBEEF
DEADBEEF
DEADBEEF
DEADBEEF
DEADBEEF
DEADBEEF
DEADBEEF
DEADBEEF
DEADBEEF
DEADBEEF
DEADBEEF
DEADBEEF
DEADBEEF
DEADBEEF
DEADBEEF
DEADBEEF
DEADBEEF
DEADBEEF
DEADBEEF
DEADBEEF
DEADBEEF
DEADBEEF
DEADBEEF
DEADBEEF
DEADBEEF
DEADBEEF
DEADBEEF
DEADBEEF
DEADBEEF
DEADBEEF
DEADBEEF
DEADBEEF
DEADBEEF
DEADBEEF
DEADBEEF
DEADBEEF
DEADBEEF
DEADBEEF
DEADBEEF
DEADBEEF
DEADBEEF
DEADBEEF
DEADBEEF
DEADBEEF
DEADBEEF
DEADBEEF
DEADBEEF
DEADBEEF
DEADBEEF
DEADBEEF
DEADBEEF
DEADBEEF
DEADBEEF
DEADBEEF
DEADBEEF
DEADBEEF
DEADBEEF
DEADBEEF
DEADBEEF
DEADBEEF
DEADBEEF
DEADBEEF
DEADBEEF
DEADBEEF
DEADBEEF
DEADBEEF
DEADBEEF
DEADBEEF
DEADBEEF
DEADBEEF
DEADBEEF
DEADBEEF
DEADBEEF
DEADBEEF
DEADBEEF
DEADBEEF
DEADBEEF
DEADBEEF
DEADBEEF
DEADBEEF
DEADBEEF
DEADBEEF
DEADBEEF
DEADBEEF
DEADBEEF
DEADBEEF
DEADBEEF
DEADBEEF
DEADBEEF
DEADBEEF
DEADBEEF
DEADBEEF
DEADBEEF
DEADBEEF
DEADBEEF
DEADBEEF
DEADBEEF
DEADBEEF
DEADBEEF
DEADBEEF
DEADBEEF
DEADBEEF
DEADBEEF
DEADBEEF
DEADBEEF
DEADBEEF
DEADBEEF
DEADBEEF
DEADBEEF
DEADBEEF
DEADBEEF
DEADBEEF
DEADBEEF
DEADBEEF
DEADBEEF
DEADBEEF
DEADBEEF
DEADBEEF
DEADBEEF
DEADBEEF
DEADBEEF
DEADBEEF
DEADBEEF
DEADBEEF
DEADBEEF
DEADBEEF
DEADBEEF
DEADBEEF
DEADBEEF
DEADBEEF
DEADBEEF
DEADBEEF
DEADBEEF
DEADBEEF
DEADBEEF
DEADBEEF
DEADBEEF
DEADBEEF
DEADBEEF
DEADBEEF
DEADBEEF
DEADBEEF
DEADBEEF
DEADBEEF
DEADBEEF
DEADBEEF
DEADBEEF
DEADBEEF
DEADBEEF
DEADBEEF
DEADBEEF
DEADBEEF
DEADBEEF
DEADBEEF
DEADBEEF
DEADBEEF
DEADBEEF
DEADBEEF
DEADBEEF
DEADBEEF
DEADBEEF
DEADBEEF
DEADBEEF
DEADBEEF
DEADBEEF
DEADBEEF
DEADBEEF
DEADBEEF
DEADBEEF
DEADBEEF
DEADBEEF
DEADBEEF
DEADBEEF
DEADBEEF
DEADBEEF
DEADBEEF
DEADBEEF
DEADBEEF
DEADBEEF
DEADBEEF
DEADBEEF
DEADBEEF
DEADBEEF
DEADBEEF
DEADBEEF
DEADBEEF
DEADBEEF
DEADBEEF
DEADBEEF
DEADBEEF
DEADBEEF
DEADBEEF
DEADBEEF
DEADBEEF
DEADBEEF
DEADBEEF
DEADBEEF
DEADBEEF
DEADBEEF
DEADBEEF
DEADBEEF
DEADBEEF
DEADBEEF
DEADBEEF
DEADBEEF
DEADBEEF
DEADBEEF
DEADBEEF
DEADBEEF
DEADBEEF
DEADBEEF
DEADBEEF
DEADBEEF
DEADBEEF
DEADBEEF
DEADBEEF
DEADBEEF
DEADBEEF
DEADBEEF
DEADBEEF
DEADBEEF
DEADBEEF
DEADBEEF
DEADBEEF
DEADBEEF
DEADBEEF
DEADBEEF
DEADBEEF
DEADBEEF
DEADBEEF
DEADBEEF
DEADBEEF
DEADBEEF
DEADBEEF
DEADBEEF
DEADBEEF
DEADBEEF
DEADBEEF
DEADBEEF
DEADBEEF
DEADBEEF
DEADBEEF
DEADBEEF
DEADBEEF
DEADBEEF
DEADBEEF
DEADBEEF
DEADBEEF
DEADBEEF
DEADBEEF
DEADBEEF
DEADBEEF
DEADBEEF
DEADBEEF
DEADBEEF
DEADBEEF
DEADBEEF
DEADBEEF
DEADBEEF
DEADBEEF
DEADBEEF
DEADBEEF
DEADBEEF
DEADBEEF
DEADBEEF
DEADBEEF
DEADBEEF
DEADBEEF
DEADBEEF
DEADBEEF
DEADBEEF
DEADBEEF
DEADBEEF
DEADBEEF
DEADBEEF
DEADBEEF
DEADBEEF
DEADBEEF
DEADBEEF
DEADBEEF
DEADBEEF
DEADBEEF
DEADBEEF
DEADBEEF
DEADBEEF
DEADBEEF
DEADBEEF
DEADBEEF
DEADBEEF
DEADBEEF
DEADBEEF
DEADBEEF
DEADBEEF
DEADBEEF
DEADBEEF
DEADBEEF
DEADBEEF
DEADBEEF
DEADBEEF
DEADBEEF
DEADBEEF
DEADBEEF
DEADBEEF
DEADBEEF
DEADBEEF
DEADBEEF
DEADBEEF
DEADBEEF
DEADBEEF
DEADBEEF
DEADBEEF
DEADBEEF
DEADBEEF
DEADBEEF
DEADBEEF
DEADBEEF
DEADBEEF
DEADBEEF
DEADBEEF
DEADBEEF
DEADBEEF
DEADBEEF
DEADBEEF
DEADBEEF
DEADBEEF
DEADBEEF
DEADBEEF
DEADBEEF
DEADBEEF
DEADBEEF
DEADBEEF
DEADBEEF
DEADBEEF
DEADBEEF
DEADBEEF
DEADBEEF
DEADBEEF
DEADBEEF
DEADBEEF
DEADBEEF
DEADBEEF
DEADBEEF
DEADBEEF
DEADBEEF
DEADBEEF
DEADBEEF
DEADBEEF
DEADBEEF
DEADBEEF
DEADBEEF
DEADBEEF
DEADBEEF
DEADBEEF
DEADBEEF
DEADBEEF
DEADBEEF
DEADBEEF
DEADBEEF
DEADBEEF
DEADBEEF
DEADBEEF
DEADBEEF
DEADBEEF
DEADBEEF
DEADBEEF
DEADBEEF
DEADBEEF
DEADBEEF
DEADBEEF
DEADBEEF
DEADBEEF
DEADBEEF
DEADBEEF
DEADBEEF
DEADBEEF
DEADBEEF
DEADBEEF
DEADBEEF
DEADBEEF
DEADBEEF
DEADBEEF
DEADBEEF
DEADBEEF
DEADBEEF
DEADBEEF
DEADBEEF
DEADBEEF
DEADBEEF
DEADBEEF
DEADBEEF
DEADBEEF
DEADBEEF
DEADBEEF
DEADBEEF
DEADBEEF
DEADBEEF
DEADBEEF
DEADBEEF
DEADBEEF
DEADBEEF
DEADBEEF
DEADBEEF
DEADBEEF
DEADBEEF
DEADBEEF
DEADBEEF
DEADBEEF
DEADBEEF
DEADBEEF
DEADBEEF
DEADBEEF
DEADBEEF
DEADBEEF
DEADBEEF
DEADBEEF
DEADBEEF
DEADBEEF
DEADBEEF
DEADBEEF
DEADBEEF
DEADBEEF
DEADBEEF
DEADBEEF
DEADBEEF
DEADBEEF
DEADBEEF
DEADBEEF
DEADBEEF
DEADBEEF
DEADBEEF
DEADBEEF
DEADBEEF
DEADBEEF
DEADBEEF
DEADBEEF
DEADBEEF
DEADBEEF
DEADBEEF
DEADBEEF
DEADBEEF
DEADBEEF
DEADBEEF
DEADBEEF
DEADBEEF
DEADBEEF
DEADBEEF
DEADBEEF
DEADBEEF
DEADBEEF
DEADBEEF
DEADBEEF
DEADBEEF
DEADBEEF
DEADBEEF
DEADBEEF
DEADBEEF
DEADBEEF
DEADBEEF
DEADBEEF
DEADBEEF
DEADBEEF
DEADBEEF
DEADBEEF
DEADBEEF
DEADBEEF
DEADBEEF
DEADBEEF
DEADBEEF
DEADBEEF
DEADBEEF
DEADBEEF
DEADBEEF
DEADBEEF
DEADBEEF
DEADBEEF
DEADBEEF
DEADBEEF
DEADBEEF
DEADBEEF
DEADBEEF
DEADBEEF
DEADBEEF
DEADBEEF
DEADBEEF
DEADBEEF
DEADBEEF
DEADBEEF
DEADBEEF
DEADBEEF
DEADBEEF
DEADBEEF
DEADBEEF
DEADBEEF
DEADBEEF
DEADBEEF
DEADBEEF
DEADBEEF
DEADBEEF
DEADBEEF
DEADBEEF
DEADBEEF
DEADBEEF
DEADBEEF
DEADBEEF
DEADBEEF
DEADBEEF
DEADBEEF
DEADBEEF
DEADBEEF
DEADBEEF
DEADBEEF
DEADBEEF
DEADBEEF
DEADBEEF
DEADBEEF
DEADBEEF
DEADBEEF
DEADBEEF
DEADBEEF
DEADBEEF
DEADBEEF
DEADBEEF
DEADBEEF
DEADBEEF
DEADBEEF
DEADBEEF
DEADBEEF
DEADBEEF
DEADBEEF
DEADBEEF
DEADBEEF
DEADBEEF
DEADBEEF
DEADBEEF
DEADBEEF
DEADBEEF
DEADBEEF
DEADBEEF
DEADBEEF
DEADBEEF
DEADBEEF
DEADBEEF
DEADBEEF
DEADBEEF
DEADBEEF
DEADBEEF
DEADBEEF
DEADBEEF
DEADBEEF
DEADBEEF
DEADBEEF
DEADBEEF
DEADBEEF
DEADBEEF
DEADBEEF
DEADBEEF
DEADBEEF
DEADBEEF
DEADBEEF
DEADBEEF
DEADBEEF
DEADBEEF
DEADBEEF
DEADBEEF
DEADBEEF
DEADBEEF
DEADBEEF
DEADBEEF
DEADBEEF
DEADBEEF
DEADBEEF
DEADBEEF
DEADBEEF
DEADBEEF
DEADBEEF
DEADBEEF
DEADBEEF
DEADBEEF
DEADBEEF
DEADBEEF
DEADBEEF
DEADBEEF
DEADBEEF
DEADBEEF
DEADBEEF
DEADBEEF
DEADBEEF
DEADBEEF
DEADBEEF
DEADBEEF
DEADBEEF
DEADBEEF
DEADBEEF
DEADBEEF
DEADBEEF
DEADBEEF
DEADBEEF
DEADBEEF
DEADBEEF
DEADBEEF
DEADBEEF
DEADBEEF
DEADBEEF
DEADBEEF
DEADBEEF
DEADBEEF
DEADBEEF
DEADBEEF
DEADBEEF
DEADBEEF
DEADBEEF
DEADBEEF
DEADBEEF
DEADBEEF
DEADBEEF
DEADBEEF
DEADBEEF
DEADBEEF
DEADBEEF
DEADBEEF
DEADBEEF
DEADBEEF
DEADBEEF
DEADBEEF
DEADBEEF
DEADBEEF
DEADBEEF
DEADBEEF
DEADBEEF
DEADBEEF
DEADBEEF
DEADBEEF
DEADBEEF
DEADBEEF
DEADBEEF
DEADBEEF
DEADBEEF
DEADBEEF
DEADBEEF
DEADBEEF
DEADBEEF
DEADBEEF
DEADBEEF
DEADBEEF
DEADBEEF
DEADBEEF
DEADBEEF
DEADBEEF
DEADBEEF
DEADBEEF
DEADBEEF
DEADBEEF
DEADBEEF
DEADBEEF
DEADBEEF
DEADBEEF
DEADBEEF
DEADBEEF
DEADBEEF
DEADBEEF
DEADBEEF
DEADBEEF
DEADBEEF
DEADBEEF
DEADBEEF
DEADBEEF
DEADBEEF
DEADBEEF
DEADBEEF
DEADBEEF
DEADBEEF
DEADBEEF
DEADBEEF
DEADBEEF
DEADBEEF
DEADBEEF
DEADBEEF
DEADBEEF
DEADBEEF
DEADBEEF
DEADBEEF
DEADBEEF
DEADBEEF
DEADBEEF
DEADBEEF
DEADBEEF
DEADBEEF
DEADBEEF
DEADBEEF
DEADBEEF
DEADBEEF
DEADBEEF
DEADBEEF
DEADBEEF
DEADBEEF
DEADBEEF
DEADBEEF
DEADBEEF
DEADBEEF
DEADBEEF
DEADBEEF
DEADBEEF
DEADBEEF
DEADBEEF
DEADBEEF
DEADBEEF
DEADBEEF
DEADBEEF
DEADBEEF
DEADBEEF
DEADBEEF
DEADBEEF
DEADBEEF
DEADBEEF
DEADBEEF
DEADBEEF
DEADBEEF
DEADBEEF
DEADBEEF
DEADBEEF
DEADBEEF
DEADBEEF
DEADBEEF
DEADBEEF
DEADBEEF
DEADBEEF
DEADBEEF
DEADBEEF
DEADBEEF
DEADBEEF
DEADBEEF
DEADBEEF
DEADBEEF
DEADBEEF
DEADBEEF
DEADBEEF
DEADBEEF
DEADBEEF
DEADBEEF
DEADBEEF
DEADBEEF
DEADBEEF
DEADBEEF
DEADBEEF
DEADBEEF
DEADBEEF
DEADBEEF
DEADBEEF
DEADBEEF
DEADBEEF
DEADBEEF
DEADBEEF
DEADBEEF
DEADBEEF
DEADBEEF
DEADBEEF
DEADBEEF
DEADBEEF
DEADBEEF
DEADBEEF
DEADBEEF
DEADBEEF
DEADBEEF
DEADBEEF
DEADBEEF
DEADBEEF
DEADBEEF
DEADBEEF
DEADBEEF
DEADBEEF
DEADBEEF
DEADBEEF
DEADBEEF
DEADBEEF
DEADBEEF
DEADBEEF
DEADBEEF
DEADBEEF
DEADBEEF
DEADBEEF
DEADBEEF
DEADBEEF
DEADBEEF
DEADBEEF
DEADBEEF
DEADBEEF
DEADBEEF
DEADBEEF
DEADBEEF
DEADBEEF
DEADBEEF
DEADBEEF
DEADBEEF
DEADBEEF
DEADBEEF
DEADBEEF
DEADBEEF
DEADBEEF
DEADBEEF
DEADBEEF
DEADBEEF
DEADBEEF
DEADBEEF
DEADBEEF
DEADBEEF
DEADBEEF
DEADBEEF
DEADBEEF
DEADBEEF
DEADBEEF
DEADBEEF
DEADBEEF
DEADBEEF
DEADBEEF
DEADBEEF
DEADBEEF
DEADBEEF
DEADBEEF
DEADBEEF
DEADBEEF
DEADBEEF
DEADBEEF
DEADBEEF
DEADBEEF
DEADBEEF
DEADBEEF
DEADBEEF
DEADBEEF
DEADBEEF
DEADBEEF
DEADBEEF
DEADBEEF
DEADBEEF
DEADBEEF
DEADBEEF
DEADBEEF
DEADBEEF
DEADBEEF
DEADBEEF
DEADBEEF
DEADBEEF
DEADBEEF
DEADBEEF
DEADBEEF
DEADBEEF
DEADBEEF
DEADBEEF
DEADBEEF
DEADBEEF
DEADBEEF
DEADBEEF
DEADBEEF
DEADBEEF
DEADBEEF
DEADBEEF
DEADBEEF
DEADBEEF
DEADBEEF
DEADBEEF
DEADBEEF
DEADBEEF
DEADBEEF
DEADBEEF
DEADBEEF
DEADBEEF
DEADBEEF
DEADBEEF
DEADBEEF
DEADBEEF
DEADBEEF
DEADBEEF
DEADBEEF
DEADBEEF
DEADBEEF
DEADBEEF
DEADBEEF
DEADBEEF
DEADBEEF
DEADBEEF
DEADBEEF
DEADBEEF
DEADBEEF
DEADBEEF
DEADBEEF
DEADBEEF
DEADBEEF
DEADBEEF
DEADBEEF
DEADBEEF
DEADBEEF
DEADBEEF
DEADBEEF
DEADBEEF
DEADBEEF
DEADBEEF
DEADBEEF
DEADBEEF
DEADBEEF
DEADBEEF
DEADBEEF
DEADBEEF
DEADBEEF
DEADBEEF
DEADBEEF
DEADBEEF
DEADBEEF
DEADBEEF
DEADBEEF
DEADBEEF
DEADBEEF
DEADBEEF
DEADBEEF
DEADBEEF
DEADBEEF
DEADBEEF
DEADBEEF
DEADBEEF
DEADBEEF
DEADBEEF
DEADBEEF
DEADBEEF
DEADBEEF
DEADBEEF
DEADBEEF
DEADBEEF
DEADBEEF
DEADBEEF
DEADBEEF
DEADBEEF
DEADBEEF
DEADBEEF
DEADBEEF
DEADBEEF
DEADBEEF
DEADBEEF
DEADBEEF
DEADBEEF
DEADBEEF
DEADBEEF
DEADBEEF
DEADBEEF
DEADBEEF
DEADBEEF
DEADBEEF
DEADBEEF
DEADBEEF
DEADBEEF
DEADBEEF
DEADBEEF
DEADBEEF
DEADBEEF
DEADBEEF
DEADBEEF
DEADBEEF
DEADBEEF
DEADBEEF
DEADBEEF
DEADBEEF
DEADBEEF
DEADBEEF
DEADBEEF
DEADBEEF
DEADBEEF
DEADBEEF
DEADBEEF
DEADBEEF
DEADBEEF
DEADBEEF
DEADBEEF
DEADBEEF
DEADBEEF
DEADBEEF
DEADBEEF
DEADBEEF
DEADBEEF
DEADBEEF
DEADBEEF
DEADBEEF
DEADBEEF
DEADBEEF
DEADBEEF
DEADBEEF
DEADBEEF
DEADBEEF
DEADBEEF
DEADBEEF
DEADBEEF
DEADBEEF
DEADBEEF
DEADBEEF
DEADBEEF
DEADBEEF
DEADBEEF
DEADBEEF
DEADBEEF
DEADBEEF
DEADBEEF
DEADBEEF
DEADBEEF
DEADBEEF
DEADBEEF
DEADBEEF
DEADBEEF
DEADBEEF
DEADBEEF
DEADBEEF
DEADBEEF
DEADBEEF
DEADBEEF
DEADBEEF
DEADBEEF
DEADBEEF
DEADBEEF
DEADBEEF
DEADBEEF
DEADBEEF
DEADBEEF
DEADBEEF
DEADBEEF
DEADBEEF
DEADBEEF
DEADBEEF
DEADBEEF
DEADBEEF
DEADBEEF
DEADBEEF
DEADBEEF
DEADBEEF
DEADBEEF
DEADBEEF
DEADBEEF
DEADBEEF
DEADBEEF
DEADBEEF
DEADBEEF
DEADBEEF
DEADBEEF
DEADBEEF
DEADBEEF
DEADBEEF
DEADBEEF
DEADBEEF
DEADBEEF
DEADBEEF
DEADBEEF
DEADBEEF
DEADBEEF
DEADBEEF
DEADBEEF
DEADBEEF
DEADBEEF
DEADBEEF
DEADBEEF
DEADBEEF
DEADBEEF
DEADBEEF
DEADBEEF
DEADBEEF
DEADBEEF
DEADBEEF
DEADBEEF
DEADBEEF
DEADBEEF
DEADBEEF
DEADBEEF
DEADBEEF
DEADBEEF
DEADBEEF
DEADBEEF
DEADBEEF
DEADBEEF
DEADBEEF
DEADBEEF
DEADBEEF
DEADBEEF
DEADBEEF
DEADBEEF
DEADBEEF
DEADBEEF
DEADBEEF
DEADBEEF
DEADBEEF
DEADBEEF
DEADBEEF
DEADBEEF
DEADBEEF
DEADBEEF
DEADBEEF
DEADBEEF
DEADBEEF
DEADBEEF
DEADBEEF
DEADBEEF
DEADBEEF
DEADBEEF
DEADBEEF
DEADBEEF
DEADBEEF
DEADBEEF
DEADBEEF
DEADBEEF
DEADBEEF
DEADBEEF
DEADBEEF
DEADBEEF
DEADBEEF
DEADBEEF
DEADBEEF
DEADBEEF
DEADBEEF
DEADBEEF
DEADBEEF
DEADBEEF
DEADBEEF
DEADBEEF
DEADBEEF
DEADBEEF
DEADBEEF
DEADBEEF
DEADBEEF
DEADBEEF
DEADBEEF
DEADBEEF
DEADBEEF
DEADBEEF
DEADBEEF
DEADBEEF
DEADBEEF
DEADBEEF
DEADBEEF
DEADBEEF
DEADBEEF
DEADBEEF
DEADBEEF
DEADBEEF
DEADBEEF
DEADBEEF
DEADBEEF
DEADBEEF
DEADBEEF
DEADBEEF
DEADBEEF
DEADBEEF
DEADBEEF
DEADBEEF
DEADBEEF
DEADBEEF
DEADBEEF
DEADBEEF
DEADBEEF
DEADBEEF
DEADBEEF
DEADBEEF
DEADBEEF
DEADBEEF
DEADBEEF
DEADBEEF
DEADBEEF
DEADBEEF
DEADBEEF
DEADBEEF
DEADBEEF
DEADBEEF
DEADBEEF
DEADBEEF
DEADBEEF
DEADBEEF
DEADBEEF
DEADBEEF
DEADBEEF
DEADBEEF
DEADBEEF
DEADBEEF
DEADBEEF
DEADBEEF
DEADBEEF
DEADBEEF
DEADBEEF
DEADBEEF
DEADBEEF
DEADBEEF
DEADBEEF
DEADBEEF
DEADBEEF
DEADBEEF
DEADBEEF
DEADBEEF
DEADBEEF
DEADBEEF
DEADBEEF
DEADBEEF
DEADBEEF
DEADBEEF
DEADBEEF
DEADBEEF
DEADBEEF
DEADBEEF
DEADBEEF
DEADBEEF
DEADBEEF
DEADBEEF
DEADBEEF
DEADBEEF
DEADBEEF
DEADBEEF
DEADBEEF
DEADBEEF
DEADBEEF
DEADBEEF
DEADBEEF
DEADBEEF
DEADBEEF
DEADBEEF
DEADBEEF
DEADBEEF
DEADBEEF
DEADBEEF
DEADBEEF
DEADBEEF
DEADBEEF
DEADBEEF
DEADBEEF
DEADBEEF
DEADBEEF
DEADBEEF
DEADBEEF
DEADBEEF
DEADBEEF
DEADBEEF
DEADBEEF
DEADBEEF
DEADBEEF
DEADBEEF
DEADBEEF
DEADBEEF
DEADBEEF
DEADBEEF
DEADBEEF
DEADBEEF
DEADBEEF
DEADBEEF
DEADBEEF
DEADBEEF
DEADBEEF
DEADBEEF
DEADBEEF
DEADBEEF
DEADBEEF
DEADBEEF
DEADBEEF
DEADBEEF
DEADBEEF
DEADBEEF
DEADBEEF
DEADBEEF
DEADBEEF
DEADBEEF
DEADBEEF
DEADBEEF
DEADBEEF
DEADBEEF
DEADBEEF
DEADBEEF
DEADBEEF
DEADBEEF
DEADBEEF
DEADBEEF
DEADBEEF
DEADBEEF
DEADBEEF
DEADBEEF
DEADBEEF
DEADBEEF
DEADBEEF
DEADBEEF
DEADBEEF
DEADBEEF
DEADBEEF
DEADBEEF
DEADBEEF
DEADBEEF
DEADBEEF
DEADBEEF
DEADBEEF
DEADBEEF
DEADBEEF
DEADBEEF
DEADBEEF
DEADBEEF
DEADBEEF
DEADBEEF
DEADBEEF
DEADBEEF
DEADBEEF
DEADBEEF
DEADBEEF
DEADBEEF
DEADBEEF
DEADBEEF
DEADBEEF
DEADBEEF
DEADBEEF
DEADBEEF
DEADBEEF
DEADBEEF
DEADBEEF
DEADBEEF
DEADBEEF
DEADBEEF
DEADBEEF
DEADBEEF
DEADBEEF
DEADBEEF
DEADBEEF
DEADBEEF
DEADBEEF
DEADBEEF
DEADBEEF
DEADBEEF
DEADBEEF
DEADBEEF
DEADBEEF
DEADBEEF
DEADBEEF
DEADBEEF
DEADBEEF
DEADBEEF
DEADBEEF
DEADBEEF
DEADBEEF
DEADBEEF
DEADBEEF
DEADBEEF
DEADBEEF
DEADBEEF
DEADBEEF
DEADBEEF
DEADBEEF
DEADBEEF
DEADBEEF
DEADBEEF
DEADBEEF
DEADBEEF
DEADBEEF
DEADBEEF
DEADBEEF
DEADBEEF
DEADBEEF
DEADBEEF
DEADBEEF
DEADBEEF
DEADBEEF
DEADBEEF
DEADBEEF
DEADBEEF
DEADBEEF
DEADBEEF
DEADBEEF
DEADBEEF
DEADBEEF
DEADBEEF
DEADBEEF
DEADBEEF
DEADBEEF
DEADBEEF
DEADBEEF
DEADBEEF
DEADBEEF
DEADBEEF
DEADBEEF
DEADBEEF
DEADBEEF
DEADBEEF
DEADBEEF
DEADBEEF
DEADBEEF
DEADBEEF
DEADBEEF
DEADBEEF
DEADBEEF
DEADBEEF
DEADBEEF
DEADBEEF
DEADBEEF
DEADBEEF
DEADBEEF
DEADBEEF
DEADBEEF
DEADBEEF
DEADBEEF
DEADBEEF
DEADBEEF
DEADBEEF
DEADBEEF
DEADBEEF
DEADBEEF
DEADBEEF
DEADBEEF
DEADBEEF
DEADBEEF
DEADBEEF
DEADBEEF
DEADBEEF
DEADBEEF
DEADBEEF
DEADBEEF
DEADBEEF
DEADBEEF
DEADBEEF
DEADBEEF
DEADBEEF
DEADBEEF
DEADBEEF
DEADBEEF
DEADBEEF
DEADBEEF
DEADBEEF
DEADBEEF
DEADBEEF
DEADBEEF
DEADBEEF
DEADBEEF
DEADBEEF
DEADBEEF
DEADBEEF
DEADBEEF
DEADBEEF
DEADBEEF
DEADBEEF
DEADBEEF
DEADBEEF
DEADBEEF
DEADBEEF
DEADBEEF
DEADBEEF
DEADBEEF
DEADBEEF
DEADBEEF
DEADBEEF
DEADBEEF
DEADBEEF
DEADBEEF
DEADBEEF
DEADBEEF
DEADBEEF
DEADBEEF
DEADBEEF
DEADBEEF
DEADBEEF
DEADBEEF
DEADBEEF
DEADBEEF
DEADBEEF
DEADBEEF
DEADBEEF
DEADBEEF
DEADBEEF
DEADBEEF
DEADBEEF
DEADBEEF
DEADBEEF
DEADBEEF
DEADBEEF
DEADBEEF
DEADBEEF
DEADBEEF
DEADBEEF
DEADBEEF
DEADBEEF
DEADBEEF
DEADBEEF
DEADBEEF
DEADBEEF
DEADBEEF
DEADBEEF
DEADBEEF
DEADBEEF
DEADBEEF
DEADBEEF
DEADBEEF
DEADBEEF
DEADBEEF
DEADBEEF
DEADBEEF
DEADBEEF
DEADBEEF
DEADBEEF
DEADBEEF
DEADBEEF
DEADBEEF
DEADBEEF
DEADBEEF
DEADBEEF
DEADBEEF
DEADBEEF
DEADBEEF
DEADBEEF
DEADBEEF
DEADBEEF
DEADBEEF
DEADBEEF
DEADBEEF
DEADBEEF
DEADBEEF
DEADBEEF
DEADBEEF
DEADBEEF
DEADBEEF
DEADBEEF
DEADBEEF
DEADBEEF
DEADBEEF
DEADBEEF
DEADBEEF
DEADBEEF
DEADBEEF
DEADBEEF
DEADBEEF
DEADBEEF
DEADBEEF
DEADBEEF
DEADBEEF
DEADBEEF
DEADBEEF
DEADBEEF
DEADBEEF
DEADBEEF
DEADBEEF
DEADBEEF
DEADBEEF
DEADBEEF
DEADBEEF
DEADBEEF
DEADBEEF
DEADBEEF
DEADBEEF
DEADBEEF
DEADBEEF
DEADBEEF
DEADBEEF
DEADBEEF
DEADBEEF
DEADBEEF
DEADBEEF
DEADBEEF
DEADBEEF
DEADBEEF
DEADBEEF
DEADBEEF
DEADBEEF
DEADBEEF
DEADBEEF
DEADBEEF
DEADBEEF
DEADBEEF
DEADBEEF
DEADBEEF
DEADBEEF
DEADBEEF
DEADBEEF
DEADBEEF
DEADBEEF
DEADBEEF
DEADBEEF
DEADBEEF
DEADBEEF
DEADBEEF
DEADBEEF
DEADBEEF
DEADBEEF
DEADBEEF
DEADBEEF
DEADBEEF
DEADBEEF
DEADBEEF
DEADBEEF
DEADBEEF
DEADBEEF
DEADBEEF
DEADBEEF
DEADBEEF
DEADBEEF
DEADBEEF
DEADBEEF
DEADBEEF
DEADBEEF
DEADBEEF
DEADBEEF
DEADBEEF
DEADBEEF
DEADBEEF
DEADBEEF
DEADBEEF
DEADBEEF
DEADBEEF
DEADBEEF
DEADBEEF
DEADBEEF
DEADBEEF
DEADBEEF
DEADBEEF
DEADBEEF
DEADBEEF
DEADBEEF
DEADBEEF
DEADBEEF
DEADBEEF
DEADBEEF
DEADBEEF
DEADBEEF
DEADBEEF
DEADBEEF
DEADBEEF
DEADBEEF
DEADBEEF
DEADBEEF
DEADBEEF
DEADBEEF
DEADBEEF
DEADBEEF
DEADBEEF
DEADBEEF
DEADBEEF
DEADBEEF
DEADBEEF
DEADBEEF
DEADBEEF
DEADBEEF
DEADBEEF
DEADBEEF
DEADBEEF
DEADBEEF
DEADBEEF
DEADBEEF
DEADBEEF
DEADBEEF
DEADBEEF
DEADBEEF
DEADBEEF
DEADBEEF
DEADBEEF
DEADBEEF
DEADBEEF
DEADBEEF
DEADBEEF
DEADBEEF
DEADBEEF
DEADBEEF
DEADBEEF
DEADBEEF
DEADBEEF
DEADBEEF
DEADBEEF
DEADBEEF
DEADBEEF
DEADBEEF
DEADBEEF
DEADBEEF
DEADBEEF
DEADBEEF
DEADBEEF
DEADBEEF
DEADBEEF
DEADBEEF
DEADBEEF
DEADBEEF
DEADBEEF
DEADBEEF
DEADBEEF
DEADBEEF
DEADBEEF
DEADBEEF
DEADBEEF
DEADBEEF
DEADBEEF
DEADBEEF
DEADBEEF
DEADBEEF
DEADBEEF
DEADBEEF
DEADBEEF
DEADBEEF
DEADBEEF
DEADBEEF
DEADBEEF
DEADBEEF
DEADBEEF
DEADBEEF
DEADBEEF
DEADBEEF
DEADBEEF
DEADBEEF
DEADBEEF
DEADBEEF
DEADBEEF
DEADBEEF
DEADBEEF
DEADBEEF
DEADBEEF
DEADBEEF
DEADBEEF
DEADBEEF
DEADBEEF
DEADBEEF
DEADBEEF
DEADBEEF
DEADBEEF
DEADBEEF
DEADBEEF
DEADBEEF
DEADBEEF
DEADBEEF
DEADBEEF
DEADBEEF
DEADBEEF
DEADBEEF
DEADBEEF
DEADBEEF
DEADBEEF
DEADBEEF
DEADBEEF
DEADBEEF
DEADBEEF
DEADBEEF
DEADBEEF
DEADBEEF
DEADBEEF
DEADBEEF
DEADBEEF
DEADBEEF
DEADBEEF
DEADBEEF
DEADBEEF
DEADBEEF
DEADBEEF
DEADBEEF
DEADBEEF
DEADBEEF
DEADBEEF
DEADBEEF
DEADBEEF
DEADBEEF
DEADBEEF
DEADBEEF
DEADBEEF
DEADBEEF
DEADBEEF
DEADBEEF
DEADBEEF
DEADBEEF
DEADBEEF
DEADBEEF
DEADBEEF
DEADBEEF
DEADBEEF
DEADBEEF
DEADBEEF
DEADBEEF
DEADBEEF
DEADBEEF
DEADBEEF
DEADBEEF
DEADBEEF
DEADBEEF
DEADBEEF
DEADBEEF
DEADBEEF
DEADBEEF
DEADBEEF
DEADBEEF
DEADBEEF
DEADBEEF
DEADBEEF
DEADBEEF
DEADBEEF
DEADBEEF
DEADBEEF
DEADBEEF
DEADBEEF
DEADBEEF
DEADBEEF
DEADBEEF
DEADBEEF
DEADBEEF
DEADBEEF
DEADBEEF
DEADBEEF
DEADBEEF
DEADBEEF
DEADBEEF
DEADBEEF
DEADBEEF
DEADBEEF
DEADBEEF
DEADBEEF
DEADBEEF
DEADBEEF
DEADBEEF
DEADBEEF
DEADBEEF
DEADBEEF
DEADBEEF
DEADBEEF
DEADBEEF
DEADBEEF
DEADBEEF
DEADBEEF
DEADBEEF
DEADBEEF
DEADBEEF
DEADBEEF
DEADBEEF
DEADBEEF
DEADBEEF
DEADBEEF
DEADBEEF
DEADBEEF
DEADBEEF
DEADBEEF
DEADBEEF
DEADBEEF
DEADBEEF
DEADBEEF
DEADBEEF
DEADBEEF
DEADBEEF
DEADBEEF
DEADBEEF
DEADBEEF
DEADBEEF
DEADBEEF
DEADBEEF
DEADBEEF
DEADBEEF
DEADBEEF
DEADBEEF
DEADBEEF
DEADBEEF
DEADBEEF
DEADBEEF
DEADBEEF
DEADBEEF
DEADBEEF
DEADBEEF
DEADBEEF
DEADBEEF
DEADBEEF
DEADBEEF
DEADBEEF
DEADBEEF
DEADBEEF
DEADBEEF
DEADBEEF
DEADBEEF
DEADBEEF
DEADBEEF
DEADBEEF
DEADBEEF
DEADBEEF
DEADBEEF
DEADBEEF
DEADBEEF
DEADBEEF
DEADBEEF
DEADBEEF
DEADBEEF
DEADBEEF
DEADBEEF
DEADBEEF
DEADBEEF
DEADBEEF
DEADBEEF
DEADBEEF
DEADBEEF
DEADBEEF
DEADBEEF
DEADBEEF
DEADBEEF
DEADBEEF
DEADBEEF
DEADBEEF
DEADBEEF
DEADBEEF
DEADBEEF
DEADBEEF
DEADBEEF
DEADBEEF
DEADBEEF
DEADBEEF
DEADBEEF
DEADBEEF
DEADBEEF
DEADBEEF
DEADBEEF
DEADBEEF
DEADBEEF
DEADBEEF
DEADBEEF
DEADBEEF
DEADBEEF
DEADBEEF
DEADBEEF
DEADBEEF
DEADBEEF
DEADBEEF
DEADBEEF
DEADBEEF
DEADBEEF
DEADBEEF
DEADBEEF
DEADBEEF
DEADBEEF
DEADBEEF
DEADBEEF
DEADBEEF
DEADBEEF
DEADBEEF
DEADBEEF
DEADBEEF
DEADBEEF
DEADBEEF
DEADBEEF
DEADBEEF
DEADBEEF
DEADBEEF
DEADBEEF
DEADBEEF
DEADBEEF
DEADBEEF
DEADBEEF
DEADBEEF
DEADBEEF
DEADBEEF
DEADBEEF
DEADBEEF
DEADBEEF
DEADBEEF
DEADBEEF
DEADBEEF
DEADBEEF
DEADBEEF
DEADBEEF
DEADBEEF
DEADBEEF
DEADBEEF
DEADBEEF
DEADBEEF
DEADBEEF
DEADBEEF
DEADBEEF
DEADBEEF
DEADBEEF
DEADBEEF
DEADBEEF
DEADBEEF
DEADBEEF
DEADBEEF
DEADBEEF
DEADBEEF
DEADBEEF
DEADBEEF
DEADBEEF
DEADBEEF
DEADBEEF
DEADBEEF
DEADBEEF
DEADBEEF
DEADBEEF
DEADBEEF
DEADBEEF
DEADBEEF
DEADBEEF
DEADBEEF
DEADBEEF
DEADBEEF
DEADBEEF
DEADBEEF
DEADBEEF
DEADBEEF
DEADBEEF
DEADBEEF
DEADBEEF
DEADBEEF
DEADBEEF
DEADBEEF
DEADBEEF
DEADBEEF
DEADBEEF
DEADBEEF
DEADBEEF
DEADBEEF
DEADBEEF
DEADBEEF
DEADBEEF
DEADBEEF
DEADBEEF
DEADBEEF
DEADBEEF
DEADBEEF
DEADBEEF
DEADBEEF
DEADBEEF
DEADBEEF
DEADBEEF
DEADBEEF
DEADBEEF
DEADBEEF
DEADBEEF
DEADBEEF
DEADBEEF
DEADBEEF
DEADBEEF
DEADBEEF
DEADBEEF
DEADBEEF
DEADBEEF
DEADBEEF
DEADBEEF
DEADBEEF
DEADBEEF
DEADBEEF
DEADBEEF
DEADBEEF
DEADBEEF
DEADBEEF
DEADBEEF
DEADBEEF
DEADBEEF
DEADBEEF
DEADBEEF
DEADBEEF
DEADBEEF
DEADBEEF
DEADBEEF
DEADBEEF
DEADBEEF
DEADBEEF
DEADBEEF
DEADBEEF
DEADBEEF
DEADBEEF
DEADBEEF
DEADBEEF
DEADBEEF
DEADBEEF
DEADBEEF
DEADBEEF
DEADBEEF
DEADBEEF
DEADBEEF
DEADBEEF
DEADBEEF
DEADBEEF
DEADBEEF
DEADBEEF
DEADBEEF
DEADBEEF
DEADBEEF
DEADBEEF
DEADBEEF
DEADBEEF
DEADBEEF
DEADBEEF
DEADBEEF
DEADBEEF
DEADBEEF
DEADBEEF
DEADBEEF
DEADBEEF
DEADBEEF
DEADBEEF
DEADBEEF
DEADBEEF
DEADBEEF
DEADBEEF
DEADBEEF
DEADBEEF
DEADBEEF
DEADBEEF
DEADBEEF
DEADBEEF
DEADBEEF
DEADBEEF
DEADBEEF
DEADBEEF
DEADBEEF
DEADBEEF
DEADBEEF
DEADBEEF
DEADBEEF
DEADBEEF
DEADBEEF
DEADBEEF
DEADBEEF
DEADBEEF
DEADBEEF
DEADBEEF
DEADBEEF
DEADBEEF
DEADBEEF
DEADBEEF
DEADBEEF
DEADBEEF
DEADBEEF
DEADBEEF
DEADBEEF
DEADBEEF
DEADBEEF
DEADBEEF
DEADBEEF
DEADBEEF
DEADBEEF
DEADBEEF
DEADBEEF
DEADBEEF
DEADBEEF
DEADBEEF
DEADBEEF
DEADBEEF
DEADBEEF
DEADBEEF
DEADBEEF
DEADBEEF
DEADBEEF
DEADBEEF
DEADBEEF
DEADBEEF
DEADBEEF
DEADBEEF
DEADBEEF
DEADBEEF
DEADBEEF
DEADBEEF
DEADBEEF
DEADBEEF
DEADBEEF
DEADBEEF
DEADBEEF
DEADBEEF
DEADBEEF
DEADBEEF
DEADBEEF
DEADBEEF
DEADBEEF
DEADBEEF
DEADBEEF
DEADBEEF
DEADBEEF
DEADBEEF
DEADBEEF
DEADBEEF
DEADBEEF
DEADBEEF
DEADBEEF
DEADBEEF
DEADBEEF
DEADBEEF
DEADBEEF
DEADBEEF
DEADBEEF
DEADBEEF
DEADBEEF
DEADBEEF
DEADBEEF
DEADBEEF
DEADBEEF
DEADBEEF
DEADBEEF
DEADBEEF
DEADBEEF
DEADBEEF
DEADBEEF
DEADBEEF
DEADBEEF
DEADBEEF
DEADBEEF
DEADBEEF
DEADBEEF
DEADBEEF
DEADBEEF
DEADBEEF
DEADBEEF
DEADBEEF
DEADBEEF
DEADBEEF
DEADBEEF
DEADBEEF
DEADBEEF
DEADBEEF
DEADBEEF
DEADBEEF
DEADBEEF
DEADBEEF
DEADBEEF
DEADBEEF
DEADBEEF
DEADBEEF
DEADBEEF
DEADBEEF
DEADBEEF
DEADBEEF
DEADBEEF
DEADBEEF
DEADBEEF
DEADBEEF
DEADBEEF
DEADBEEF
DEADBEEF
DEADBEEF
DEADBEEF
DEADBEEF
DEADBEEF
DEADBEEF
DEADBEEF
DEADBEEF
DEADBEEF
DEADBEEF
DEADBEEF
DEADBEEF
DEADBEEF
DEADBEEF
DEADBEEF
DEADBEEF
DEADBEEF
DEADBEEF
DEADBEEF
DEADBEEF
DEADBEEF
DEADBEEF
DEADBEEF
DEADBEEF
DEADBEEF
DEADBEEF
DEADBEEF
DEADBEEF
DEADBEEF
DEADBEEF
DEADBEEF
DEADBEEF
DEADBEEF
DEADBEEF
DEADBEEF
DEADBEEF
DEADBEEF
DEADBEEF
DEADBEEF
DEADBEEF
DEADBEEF
DEADBEEF
DEADBEEF
DEADBEEF
DEADBEEF
DEADBEEF
DEADBEEF
DEADBEEF
DEADBEEF
DEADBEEF
DEADBEEF
DEADBEEF
DEADBEEF
DEADBEEF
DEADBEEF
DEADBEEF
DEADBEEF
DEADBEEF
DEADBEEF
DEADBEEF
DEADBEEF
DEADBEEF
DEADBEEF
DEADBEEF
DEADBEEF
DEADBEEF
DEADBEEF
DEADBEEF
DEADBEEF
DEADBEEF
DEADBEEF
DEADBEEF
DEADBEEF
DEADBEEF
DEADBEEF
DEADBEEF
DEADBEEF
DEADBEEF
DEADBEEF
DEADBEEF
DEADBEEF
DEADBEEF
DEADBEEF
DEADBEEF
DEADBEEF
DEADBEEF
DEADBEEF
DEADBEEF
DEADBEEF
DEADBEEF
DEADBEEF
DEADBEEF
DEADBEEF
DEADBEEF
DEADBEEF
DEADBEEF
DEADBEEF
DEADBEEF
DEADBEEF
DEADBEEF
DEADBEEF
DEADBEEF
DEADBEEF
DEADBEEF
DEADBEEF
DEADBEEF
DEADBEEF
DEADBEEF
DEADBEEF
DEADBEEF
DEADBEEF
DEADBEEF
DEADBEEF
DEADBEEF
DEADBEEF
DEADBEEF
DEADBEEF
DEADBEEF
DEADBEEF
DEADBEEF
DEADBEEF
DEADBEEF
DEADBEEF
DEADBEEF
DEADBEEF
DEADBEEF
DEADBEEF
DEADBEEF
DEADBEEF
DEADBEEF
DEADBEEF
DEADBEEF
DEADBEEF
DEADBEEF
DEADBEEF
DEADBEEF
DEADBEEF
DEADBEEF
DEADBEEF
DEADBEEF
DEADBEEF
DEADBEEF
DEADBEEF
DEADBEEF
DEADBEEF
DEADBEEF
DEADBEEF
DEADBEEF
DEADBEEF
DEADBEEF
DEADBEEF
DEADBEEF
DEADBEEF
DEADBEEF
DEADBEEF
DEADBEEF
DEADBEEF
DEADBEEF
DEADBEEF
DEADBEEF
DEADBEEF
DEADBEEF
DEADBEEF
DEADBEEF
DEADBEEF
DEADBEEF
DEADBEEF
DEADBEEF
DEADBEEF
DEADBEEF
DEADBEEF
DEADBEEF
DEADBEEF
DEADBEEF
DEADBEEF
DEADBEEF
DEADBEEF
DEADBEEF
DEADBEEF
DEADBEEF
DEADBEEF
DEADBEEF
DEADBEEF
DEADBEEF
DEADBEEF
DEADBEEF
DEADBEEF
DEADBEEF
DEADBEEF
DEADBEEF
DEADBEEF
DEADBEEF
DEADBEEF
DEADBEEF
DEADBEEF
DEADBEEF
DEADBEEF
DEADBEEF
DEADBEEF
DEADBEEF
DEADBEEF
DEADBEEF
DEADBEEF
DEADBEEF
DEADBEEF
DEADBEEF
DEADBEEF
DEADBEEF
DEADBEEF
DEADBEEF
DEADBEEF
DEADBEEF
DEADBEEF
DEADBEEF
DEADBEEF
DEADBEEF
DEADBEEF
DEADBEEF
DEADBEEF
DEADBEEF
DEADBEEF
DEADBEEF
DEADBEEF
DEADBEEF
DEADBEEF
DEADBEEF
DEADBEEF
DEADBEEF
DEADBEEF
DEADBEEF
DEADBEEF
DEADBEEF
DEADBEEF
DEADBEEF
DEADBEEF
DEADBEEF
DEADBEEF
DEADBEEF
DEADBEEF
DEADBEEF
DEADBEEF
DEADBEEF
DEADBEEF
DEADBEEF
DEADBEEF
DEADBEEF
DEADBEEF
DEADBEEF
DEADBEEF
DEADBEEF
DEADBEEF
DEADBEEF
DEADBEEF
DEADBEEF
DEADBEEF
DEADBEEF
DEADBEEF
DEADBEEF
DEADBEEF
DEADBEEF
DEADBEEF
DEADBEEF
DEADBEEF
DEADBEEF
DEADBEEF
DEADBEEF
DEADBEEF
DEADBEEF
DEADBEEF
DEADBEEF
DEADBEEF
DEADBEEF
DEADBEEF
DEADBEEF
DEADBEEF
DEADBEEF
DEADBEEF
DEADBEEF
DEADBEEF
DEADBEEF
DEADBEEF
DEADBEEF
DEADBEEF
DEADBEEF
DEADBEEF
DEADBEEF
DEADBEEF
DEADBEEF
DEADBEEF
DEADBEEF
DEADBEEF
DEADBEEF
DEADBEEF
DEADBEEF
DEADBEEF
DEADBEEF
DEADBEEF
DEADBEEF
DEADBEEF
DEADBEEF
DEADBEEF
DEADBEEF
DEADBEEF
DEADBEEF
DEADBEEF
DEADBEEF
DEADBEEF
DEADBEEF
DEADBEEF
DEADBEEF
DEADBEEF
DEADBEEF
DEADBEEF
DEADBEEF
DEADBEEF
DEADBEEF
DEADBEEF
DEADBEEF
DEADBEEF
DEADBEEF
DEADBEEF
DEADBEEF
DEADBEEF
DEADBEEF
DEADBEEF
DEADBEEF
DEADBEEF
DEADBEEF
DEADBEEF
DEADBEEF
DEADBEEF
DEADBEEF
DEADBEEF
DEADBEEF
DEADBEEF
DEADBEEF
DEADBEEF
DEADBEEF
DEADBEEF
DEADBEEF
DEADBEEF
DEADBEEF
DEADBEEF
DEADBEEF
DEADBEEF
DEADBEEF
DEADBEEF
DEADBEEF
DEADBEEF
DEADBEEF
DEADBEEF
DEADBEEF
DEADBEEF
DEADBEEF
DEADBEEF
DEADBEEF
DEADBEEF
DEADBEEF
DEADBEEF
DEADBEEF
DEADBEEF
DEADBEEF
DEADBEEF
DEADBEEF
DEADBEEF
DEADBEEF
DEADBEEF
DEADBEEF
DEADBEEF
DEADBEEF
DEADBEEF
DEADBEEF
DEADBEEF
DEADBEEF
DEADBEEF
DEADBEEF
DEADBEEF
DEADBEEF
DEADBEEF
DEADBEEF
DEADBEEF
DEADBEEF
DEADBEEF
DEADBEEF
DEADBEEF
DEADBEEF
DEADBEEF
DEADBEEF
DEADBEEF
DEADBEEF
DEADBEEF
DEADBEEF
DEADBEEF
DEADBEEF
DEADBEEF
DEADBEEF
DEADBEEF
DEADBEEF
DEADBEEF
DEADBEEF
DEADBEEF
DEADBEEF
DEADBEEF
DEADBEEF
DEADBEEF
DEADBEEF
DEADBEEF
DEADBEEF
DEADBEEF
DEADBEEF
DEADBEEF
DEADBEEF
DEADBEEF
DEADBEEF
DEADBEEF
DEADBEEF
DEADBEEF
DEADBEEF
DEADBEEF
DEADBEEF
DEADBEEF
DEADBEEF
DEADBEEF
DEADBEEF
DEADBEEF
DEADBEEF
DEADBEEF
DEADBEEF
DEADBEEF
DEADBEEF
DEADBEEF
DEADBEEF
DEADBEEF
DEADBEEF
DEADBEEF
DEADBEEF
DEADBEEF
DEADBEEF
DEADBEEF
DEADBEEF
DEADBEEF
DEADBEEF
DEADBEEF
DEADBEEF
DEADBEEF
DEADBEEF
DEADBEEF
DEADBEEF
DEADBEEF
DEADBEEF
DEADBEEF
DEADBEEF
DEADBEEF
DEADBEEF
DEADBEEF
DEADBEEF
DEADBEEF
DEADBEEF
DEADBEEF
DEADBEEF
DEADBEEF
DEADBEEF
DEADBEEF
DEADBEEF
DEADBEEF
DEADBEEF
DEADBEEF
DEADBEEF
DEADBEEF
DEADBEEF
DEADBEEF
DEADBEEF
DEADBEEF
DEADBEEF
DEADBEEF
DEADBEEF
DEADBEEF
DEADBEEF
DEADBEEF
DEADBEEF
DEADBEEF
DEADBEEF
DEADBEEF
DEADBEEF
DEADBEEF
DEADBEEF
DEADBEEF
DEADBEEF
DEADBEEF
DEADBEEF
DEADBEEF
DEADBEEF
DEADBEEF
DEADBEEF
DEADBEEF
DEADBEEF
DEADBEEF
DEADBEEF
DEADBEEF
DEADBEEF
DEADBEEF
DEADBEEF
DEADBEEF
DEADBEEF
DEADBEEF
DEADBEEF
DEADBEEF
DEADBEEF
DEADBEEF
DEADBEEF
DEADBEEF
DEADBEEF
DEADBEEF
DEADBEEF
DEADBEEF
DEADBEEF
DEADBEEF
DEADBEEF
DEADBEEF
DEADBEEF
DEADBEEF
DEADBEEF
DEADBEEF
DEADBEEF
DEADBEEF
DEADBEEF
DEADBEEF
DEADBEEF
DEADBEEF
DEADBEEF
DEADBEEF
DEADBEEF
DEADBEEF
DEADBEEF
DEADBEEF
DEADBEEF
DEADBEEF
DEADBEEF
DEADBEEF
DEADBEEF
DEADBEEF
DEADBEEF
DEADBEEF
DEADBEEF
DEADBEEF
DEADBEEF
DEADBEEF
DEADBEEF
DEADBEEF
DEADBEEF
DEADBEEF
DEADBEEF
DEADBEEF
DEADBEEF
DEADBEEF
DEADBEEF
DEADBEEF
DEADBEEF
DEADBEEF
DEADBEEF
DEADBEEF
DEADBEEF
DEADBEEF
DEADBEEF
DEADBEEF
DEADBEEF
DEADBEEF
DEADBEEF
DEADBEEF
DEADBEEF
DEADBEEF
DEADBEEF
DEADBEEF
DEADBEEF
DEADBEEF
DEADBEEF
DEADBEEF
DEADBEEF
DEADBEEF
DEADBEEF
DEADBEEF
DEADBEEF
DEADBEEF
DEADBEEF
DEADBEEF
DEADBEEF
DEADBEEF
DEADBEEF
DEADBEEF
DEADBEEF
DEADBEEF
DEADBEEF
DEADBEEF
DEADBEEF
DEADBEEF
DEADBEEF
DEADBEEF
DEADBEEF
DEADBEEF
DEADBEEF
DEADBEEF
DEADBEEF
DEADBEEF
DEADBEEF
DEADBEEF
DEADBEEF
DEADBEEF
DEADBEEF
DEADBEEF
DEADBEEF
DEADBEEF
DEADBEEF
DEADBEEF
DEADBEEF
DEADBEEF
DEADBEEF
DEADBEEF
DEADBEEF
DEADBEEF
DEADBEEF
DEADBEEF
DEADBEEF
DEADBEEF
DEADBEEF
DEADBEEF
DEADBEEF
DEADBEEF
DEADBEEF
DEADBEEF
DEADBEEF
DEADBEEF
DEADBEEF
DEADBEEF
DEADBEEF
DEADBEEF
DEADBEEF
DEADBEEF
DEADBEEF
DEADBEEF
DEADBEEF
DEADBEEF
DEADBEEF
DEADBEEF
DEADBEEF
DEADBEEF
DEADBEEF
DEADBEEF
DEADBEEF
DEADBEEF
DEADBEEF
DEADBEEF
DEADBEEF
DEADBEEF
DEADBEEF
DEADBEEF
DEADBEEF
DEADBEEF
DEADBEEF
DEADBEEF
DEADBEEF
DEADBEEF
DEADBEEF
DEADBEEF
DEADBEEF
DEADBEEF
DEADBEEF
DEADBEEF
DEADBEEF
DEADBEEF
DEADBEEF
DEADBEEF
DEADBEEF
DEADBEEF
DEADBEEF
DEADBEEF
DEADBEEF
DEADBEEF
DEADBEEF
DEADBEEF
DEADBEEF
DEADBEEF
DEADBEEF
DEADBEEF
DEADBEEF
DEADBEEF
DEADBEEF
DEADBEEF
DEADBEEF
DEADBEEF
DEADBEEF
DEADBEEF
DEADBEEF
DEADBEEF
DEADBEEF
DEADBEEF
DEADBEEF
DEADBEEF
DEADBEEF
DEADBEEF
DEADBEEF
DEADBEEF
DEADBEEF
DEADBEEF
DEADBEEF
DEADBEEF
DEADBEEF
DEADBEEF
DEADBEEF
DEADBEEF
DEADBEEF
DEADBEEF
DEADBEEF
DEADBEEF
DEADBEEF
DEADBEEF
DEADBEEF
DEADBEEF
DEADBEEF
DEADBEEF
DEADBEEF
DEADBEEF
DEADBEEF
DEADBEEF
DEADBEEF
DEADBEEF
DEADBEEF
DEADBEEF
DEADBEEF
DEADBEEF
DEADBEEF
DEADBEEF
DEADBEEF
DEADBEEF
DEADBEEF
DEADBEEF
DEADBEEF
DEADBEEF
DEADBEEF
DEADBEEF
DEADBEEF
DEADBEEF
DEADBEEF
DEADBEEF
DEADBEEF
DEADBEEF
DEADBEEF
DEADBEEF
DEADBEEF
DEADBEEF
DEADBEEF
DEADBEEF
DEADBEEF
DEADBEEF
DEADBEEF
DEADBEEF
DEADBEEF
DEADBEEF
DEADBEEF
DEADBEEF
DEADBEEF
DEADBEEF
DEADBEEF
DEADBEEF
DEADBEEF
DEADBEEF
DEADBEEF
DEADBEEF
DEADBEEF
DEADBEEF
DEADBEEF
DEADBEEF
DEADBEEF
DEADBEEF
DEADBEEF
DEADBEEF
DEADBEEF
DEADBEEF
DEADBEEF
DEADBEEF
DEADBEEF
DEADBEEF
DEADBEEF
DEADBEEF
DEADBEEF
DEADBEEF
DEADBEEF
DEADBEEF
DEADBEEF
DEADBEEF
DEADBEEF
DEADBEEF
DEADBEEF
DEADBEEF
DEADBEEF
DEADBEEF
DEADBEEF
DEADBEEF
DEADBEEF
DEADBEEF
DEADBEEF
DEADBEEF
DEADBEEF
DEADBEEF
DEADBEEF
DEADBEEF
DEADBEEF
DEADBEEF
DEADBEEF
DEADBEEF
DEADBEEF
DEADBEEF
DEADBEEF
DEADBEEF
DEADBEEF
DEADBEEF
DEADBEEF
DEADBEEF
DEADBEEF
DEADBEEF
DEADBEEF
DEADBEEF
DEADBEEF
DEADBEEF
DEADBEEF
DEADBEEF
DEADBEEF
DEADBEEF
DEADBEEF
DEADBEEF
DEADBEEF
DEADBEEF
DEADBEEF
DEADBEEF
DEADBEEF
DEADBEEF
DEADBEEF
DEADBEEF
DEADBEEF
DEADBEEF
DEADBEEF
DEADBEEF
DEADBEEF
DEADBEEF
DEADBEEF
DEADBEEF
DEADBEEF
DEADBEEF
DEADBEEF
DEADBEEF
DEADBEEF
DEADBEEF
DEADBEEF
DEADBEEF
DEADBEEF
DEADBEEF
DEADBEEF
DEADBEEF
DEADBEEF
DEADBEEF
DEADBEEF
DEADBEEF
DEADBEEF
DEADBEEF
DEADBEEF
DEADBEEF
DEADBEEF
DEADBEEF
DEADBEEF
DEADBEEF
DEADBEEF
DEADBEEF
DEADBEEF
DEADBEEF
DEADBEEF
DEADBEEF
DEADBEEF
DEADBEEF
DEADBEEF
DEADBEEF
DEADBEEF
DEADBEEF
DEADBEEF
DEADBEEF
DEADBEEF
DEADBEEF
DEADBEEF
DEADBEEF
DEADBEEF
DEADBEEF
DEADBEEF
DEADBEEF
DEADBEEF
DEADBEEF
DEADBEEF
DEADBEEF
DEADBEEF
DEADBEEF
DEADBEEF
DEADBEEF
DEADBEEF
DEADBEEF
DEADBEEF
DEADBEEF
DEADBEEF
DEADBEEF
DEADBEEF
DEADBEEF
DEADBEEF
DEADBEEF
DEADBEEF
DEADBEEF
DEADBEEF
DEADBEEF
DEADBEEF
DEADBEEF
DEADBEEF
DEADBEEF
DEADBEEF
DEADBEEF
DEADBEEF
DEADBEEF
DEADBEEF
DEADBEEF
DEADBEEF
DEADBEEF
DEADBEEF
DEADBEEF
DEADBEEF
DEADBEEF
DEADBEEF
DEADBEEF
DEADBEEF
DEADBEEF
DEADBEEF
DEADBEEF
DEADBEEF
DEADBEEF
DEADBEEF
DEADBEEF
DEADBEEF
DEADBEEF
DEADBEEF
DEADBEEF
DEADBEEF
DEADBEEF
DEADBEEF
DEADBEEF
DEADBEEF
DEADBEEF
DEADBEEF
DEADBEEF
DEADBEEF
DEADBEEF
DEADBEEF
DEADBEEF
DEADBEEF
DEADBEEF
DEADBEEF
DEADBEEF
DEADBEEF
DEADBEEF
DEADBEEF
DEADBEEF
DEADBEEF
DEADBEEF
DEADBEEF
DEADBEEF
DEADBEEF
DEADBEEF
DEADBEEF
DEADBEEF
DEADBEEF
DEADBEEF
DEADBEEF
DEADBEEF
DEADBEEF
DEADBEEF
DEADBEEF
DEADBEEF
DEADBEEF
DEADBEEF
DEADBEEF
DEADBEEF
DEADBEEF
DEADBEEF
DEADBEEF
DEADBEEF
DEADBEEF
DEADBEEF
DEADBEEF
DEADBEEF
DEADBEEF
DEADBEEF
DEADBEEF
DEADBEEF
DEADBEEF
DEADBEEF
DEADBEEF
DEADBEEF
DEADBEEF
DEADBEEF
DEADBEEF
DEADBEEF
DEADBEEF
DEADBEEF
DEADBEEF
DEADBEEF
DEADBEEF
DEADBEEF
DEADBEEF
DEADBEEF
DEADBEEF
DEADBEEF
DEADBEEF
DEADBEEF
DEADBEEF
DEADBEEF
DEADBEEF
DEADBEEF
DEADBEEF
DEADBEEF
DEADBEEF
DEADBEEF
DEADBEEF
DEADBEEF
DEADBEEF
DEADBEEF
DEADBEEF
DEADBEEF
DEADBEEF
DEADBEEF
DEADBEEF
DEADBEEF
DEADBEEF
DEADBEEF
DEADBEEF
DEADBEEF
DEADBEEF
DEADBEEF
DEADBEEF
DEADBEEF
DEADBEEF
DEADBEEF
DEADBEEF
DEADBEEF
DEADBEEF
DEADBEEF
DEADBEEF
DEADBEEF
DEADBEEF
DEADBEEF
DEADBEEF
DEADBEEF
DEADBEEF
DEADBEEF
DEADBEEF
DEADBEEF
DEADBEEF
DEADBEEF
DEADBEEF
DEADBEEF
DEADBEEF
DEADBEEF
DEADBEEF
DEADBEEF
DEADBEEF
DEADBEEF
DEADBEEF
DEADBEEF
DEADBEEF
DEADBEEF
DEADBEEF
DEADBEEF
DEADBEEF
DEADBEEF
DEADBEEF
DEADBEEF
DEADBEEF
DEADBEEF
DEADBEEF
DEADBEEF
DEADBEEF
DEADBEEF
DEADBEEF
DEADBEEF
DEADBEEF
DEADBEEF
DEADBEEF
DEADBEEF
DEADBEEF
DEADBEEF
DEADBEEF
DEADBEEF
DEADBEEF
DEADBEEF
DEADBEEF
DEADBEEF
DEADBEEF
DEADBEEF
DEADBEEF
DEADBEEF
DEADBEEF
DEADBEEF
DEADBEEF
DEADBEEF
DEADBEEF
DEADBEEF
DEADBEEF
DEADBEEF
DEADBEEF
DEADBEEF
DEADBEEF
DEADBEEF
DEADBEEF
DEADBEEF
DEADBEEF
DEADBEEF
DEADBEEF
DEADBEEF
DEADBEEF
DEADBEEF
DEADBEEF
DEADBEEF
DEADBEEF
DEADBEEF
DEADBEEF
DEADBEEF
DEADBEEF
DEADBEEF
DEADBEEF
DEADBEEF
DEADBEEF
DEADBEEF
DEADBEEF
DEADBEEF
DEADBEEF
DEADBEEF
DEADBEEF
DEADBEEF
DEADBEEF
DEADBEEF
DEADBEEF
DEADBEEF
DEADBEEF
DEADBEEF
DEADBEEF
DEADBEEF
DEADBEEF
DEADBEEF
DEADBEEF
DEADBEEF
DEADBEEF
DEADBEEF
DEADBEEF
DEADBEEF
DEADBEEF
DEADBEEF
DEADBEEF
DEADBEEF
DEADBEEF
DEADBEEF
DEADBEEF
DEADBEEF
DEADBEEF
DEADBEEF
DEADBEEF
DEADBEEF
DEADBEEF
DEADBEEF
DEADBEEF
DEADBEEF
DEADBEEF
DEADBEEF
DEADBEEF
DEADBEEF
DEADBEEF
DEADBEEF
DEADBEEF
DEADBEEF
DEADBEEF
DEADBEEF
DEADBEEF
DEADBEEF
DEADBEEF
DEADBEEF
DEADBEEF
DEADBEEF
DEADBEEF
DEADBEEF
DEADBEEF
DEADBEEF
DEADBEEF
DEADBEEF
DEADBEEF
DEADBEEF
DEADBEEF
DEADBEEF
DEADBEEF
DEADBEEF
DEADBEEF
DEADBEEF
DEADBEEF
DEADBEEF
DEADBEEF
DEADBEEF
DEADBEEF
DEADBEEF
DEADBEEF
DEADBEEF
DEADBEEF
DEADBEEF
DEADBEEF
DEADBEEF
DEADBEEF
DEADBEEF
DEADBEEF
DEADBEEF
DEADBEEF
DEADBEEF
DEADBEEF
DEADBEEF
DEADBEEF
DEADBEEF
DEADBEEF
DEADBEEF
DEADBEEF
DEADBEEF
DEADBEEF
DEADBEEF
DEADBEEF
DEADBEEF
DEADBEEF
DEADBEEF
DEADBEEF
DEADBEEF
DEADBEEF
DEADBEEF
DEADBEEF
DEADBEEF
DEADBEEF
DEADBEEF
DEADBEEF
DEADBEEF
DEADBEEF
DEADBEEF
DEADBEEF
DEADBEEF
DEADBEEF
DEADBEEF
DEADBEEF
DEADBEEF
DEADBEEF
DEADBEEF
DEADBEEF
DEADBEEF
DEADBEEF
DEADBEEF
DEADBEEF
DEADBEEF
DEADBEEF
DEADBEEF
DEADBEEF
DEADBEEF
DEADBEEF
DEADBEEF
DEADBEEF
DEADBEEF
DEADBEEF
DEADBEEF
DEADBEEF
DEADBEEF
DEADBEEF
DEADBEEF
DEADBEEF
DEADBEEF
DEADBEEF
DEADBEEF
DEADBEEF
DEADBEEF
DEADBEEF
DEADBEEF
DEADBEEF
DEADBEEF
DEADBEEF
DEADBEEF
DEADBEEF
DEADBEEF
DEADBEEF
DEADBEEF
DEADBEEF
DEADBEEF
DEADBEEF
DEADBEEF
DEADBEEF
DEADBEEF
DEADBEEF
DEADBEEF
DEADBEEF
DEADBEEF
DEADBEEF
DEADBEEF
DEADBEEF
DEADBEEF
DEADBEEF
DEADBEEF
DEADBEEF
DEADBEEF
DEADBEEF
DEADBEEF
DEADBEEF
DEADBEEF
DEADBEEF
DEADBEEF
DEADBEEF
DEADBEEF
DEADBEEF
DEADBEEF
DEADBEEF
DEADBEEF
DEADBEEF
DEADBEEF
DEADBEEF
DEADBEEF
DEADBEEF
DEADBEEF
DEADBEEF
DEADBEEF
DEADBEEF
DEADBEEF
DEADBEEF
DEADBEEF
DEADBEEF
DEADBEEF
DEADBEEF
DEADBEEF
DEADBEEF
DEADBEEF
DEADBEEF
DEADBEEF
DEADBEEF
DEADBEEF
DEADBEEF
DEADBEEF
DEADBEEF
DEADBEEF
DEADBEEF
DEADBEEF
DEADBEEF
DEADBEEF
DEADBEEF
DEADBEEF
DEADBEEF
DEADBEEF
DEADBEEF
DEADBEEF
DEADBEEF
DEADBEEF
DEADBEEF
DEADBEEF
DEADBEEF
DEADBEEF
DEADBEEF
DEADBEEF
DEADBEEF
DEADBEEF
DEADBEEF
DEADBEEF
DEADBEEF
DEADBEEF
DEADBEEF
DEADBEEF
DEADBEEF
DEADBEEF
DEADBEEF
DEADBEEF
DEADBEEF
DEADBEEF
DEADBEEF
DEADBEEF
DEADBEEF
DEADBEEF
DEADBEEF
DEADBEEF
DEADBEEF
DEADBEEF
DEADBEEF
DEADBEEF
DEADBEEF
DEADBEEF
DEADBEEF
DEADBEEF
DEADBEEF
DEADBEEF
DEADBEEF
DEADBEEF
DEADBEEF
DEADBEEF
DEADBEEF
DEADBEEF
DEADBEEF
DEADBEEF
DEADBEEF
DEADBEEF
DEADBEEF
DEADBEEF
DEADBEEF
DEADBEEF
DEADBEEF
DEADBEEF
DEADBEEF
DEADBEEF
DEADBEEF
DEADBEEF
DEADBEEF
DEADBEEF
DEADBEEF
DEADBEEF
DEADBEEF
DEADBEEF
DEADBEEF
DEADBEEF
DEADBEEF
DEADBEEF
DEADBEEF
DEADBEEF
DEADBEEF
DEADBEEF
DEADBEEF
DEADBEEF
DEADBEEF
DEADBEEF
DEADBEEF
DEADBEEF
DEADBEEF
DEADBEEF
DEADBEEF
DEADBEEF
DEADBEEF
DEADBEEF
DEADBEEF
DEADBEEF
DEADBEEF
DEADBEEF
DEADBEEF
DEADBEEF
DEADBEEF
DEADBEEF
DEADBEEF
DEADBEEF
DEADBEEF
DEADBEEF
DEADBEEF
DEADBEEF
DEADBEEF
DEADBEEF
DEADBEEF
DEADBEEF
DEADBEEF
DEADBEEF
DEADBEEF
DEADBEEF
DEADBEEF
DEADBEEF
DEADBEEF
DEADBEEF
DEADBEEF
DEADBEEF
DEADBEEF
DEADBEEF
DEADBEEF
DEADBEEF
DEADBEEF
DEADBEEF
DEADBEEF
DEADBEEF
DEADBEEF
DEADBEEF
DEADBEEF
DEADBEEF
DEADBEEF
DEADBEEF
DEADBEEF
DEADBEEF
DEADBEEF
DEADBEEF
DEADBEEF
DEADBEEF
DEADBEEF
DEADBEEF
DEADBEEF
DEADBEEF
DEADBEEF
DEADBEEF
DEADBEEF
DEADBEEF
DEADBEEF
DEADBEEF
DEADBEEF
DEADBEEF
DEADBEEF
DEADBEEF
DEADBEEF
DEADBEEF
DEADBEEF
DEADBEEF
DEADBEEF
DEADBEEF
DEADBEEF
DEADBEEF
DEADBEEF
DEADBEEF
DEADBEEF
DEADBEEF
DEADBEEF
DEADBEEF
DEADBEEF
DEADBEEF
DEADBEEF
DEADBEEF
DEADBEEF
DEADBEEF
DEADBEEF
DEADBEEF
DEADBEEF
DEADBEEF
DEADBEEF
DEADBEEF
DEADBEEF
DEADBEEF
DEADBEEF
DEADBEEF
DEADBEEF
DEADBEEF
DEADBEEF
DEADBEEF
DEADBEEF
DEADBEEF
DEADBEEF
DEADBEEF
DEADBEEF
DEADBEEF
DEADBEEF
DEADBEEF
DEADBEEF
DEADBEEF
DEADBEEF
DEADBEEF
DEADBEEF
DEADBEEF
DEADBEEF
DEADBEEF
DEADBEEF
DEADBEEF
DEADBEEF
DEADBEEF
DEADBEEF
DEADBEEF
DEADBEEF
DEADBEEF
DEADBEEF
DEADBEEF
DEADBEEF
DEADBEEF
DEADBEEF
DEADBEEF
DEADBEEF
DEADBEEF
DEADBEEF
DEADBEEF
DEADBEEF
DEADBEEF
DEADBEEF
DEADBEEF
DEADBEEF
DEADBEEF
DEADBEEF
DEADBEEF
DEADBEEF
DEADBEEF
DEADBEEF
DEADBEEF
DEADBEEF
DEADBEEF
DEADBEEF
DEADBEEF
DEADBEEF
DEADBEEF
DEADBEEF
DEADBEEF
DEADBEEF
DEADBEEF
DEADBEEF
DEADBEEF
DEADBEEF
DEADBEEF
DEADBEEF
DEADBEEF
DEADBEEF
DEADBEEF
DEADBEEF
DEADBEEF
DEADBEEF
DEADBEEF
DEADBEEF
DEADBEEF
DEADBEEF
DEADBEEF
DEADBEEF
DEADBEEF
DEADBEEF
DEADBEEF
DEADBEEF
DEADBEEF
DEADBEEF
DEADBEEF
DEADBEEF
DEADBEEF
DEADBEEF
DEADBEEF
DEADBEEF
DEADBEEF
DEADBEEF
DEADBEEF
DEADBEEF
DEADBEEF
DEADBEEF
DEADBEEF
DEADBEEF
DEADBEEF
DEADBEEF
DEADBEEF
DEADBEEF
DEADBEEF
DEADBEEF
DEADBEEF
DEADBEEF
DEADBEEF
DEADBEEF
DEADBEEF
DEADBEEF
DEADBEEF
DEADBEEF
DEADBEEF
DEADBEEF
DEADBEEF
DEADBEEF
DEADBEEF
DEADBEEF
DEADBEEF
DEADBEEF
DEADBEEF
DEADBEEF
DEADBEEF
DEADBEEF
DEADBEEF
DEADBEEF
DEADBEEF
DEADBEEF
DEADBEEF
DEADBEEF
DEADBEEF
DEADBEEF
DEADBEEF
DEADBEEF
DEADBEEF
DEADBEEF
DEADBEEF
DEADBEEF
DEADBEEF
DEADBEEF
DEADBEEF
DEADBEEF
DEADBEEF
DEADBEEF
DEADBEEF
DEADBEEF
DEADBEEF
DEADBEEF
DEADBEEF
DEADBEEF
DEADBEEF
DEADBEEF
DEADBEEF
DEADBEEF
DEADBEEF
DEADBEEF
DEADBEEF
DEADBEEF
DEADBEEF
DEADBEEF
DEADBEEF
DEADBEEF
DEADBEEF
DEADBEEF
DEADBEEF
DEADBEEF
DEADBEEF
DEADBEEF
DEADBEEF
DEADBEEF
DEADBEEF
DEADBEEF
DEADBEEF
DEADBEEF
DEADBEEF
DEADBEEF
DEADBEEF
DEADBEEF
DEADBEEF
DEADBEEF
DEADBEEF
DEADBEEF
DEADBEEF
DEADBEEF
DEADBEEF
DEADBEEF
DEADBEEF
DEADBEEF
DEADBEEF
DEADBEEF
DEADBEEF
DEADBEEF
DEADBEEF
DEADBEEF
DEADBEEF
DEADBEEF
DEADBEEF
DEADBEEF
DEADBEEF
DEADBEEF
DEADBEEF
DEADBEEF
DEADBEEF
DEADBEEF
DEADBEEF
DEADBEEF
DEADBEEF
DEADBEEF
DEADBEEF
DEADBEEF
DEADBEEF
DEADBEEF
DEADBEEF
DEADBEEF
DEADBEEF
DEADBEEF
DEADBEEF
DEADBEEF
DEADBEEF
DEADBEEF
DEADBEEF
DEADBEEF
DEADBEEF
DEADBEEF
DEADBEEF
DEADBEEF
DEADBEEF
DEADBEEF
DEADBEEF
DEADBEEF
DEADBEEF
DEADBEEF
DEADBEEF
DEADBEEF
DEADBEEF
DEADBEEF
DEADBEEF
DEADBEEF
DEADBEEF
DEADBEEF
DEADBEEF
DEADBEEF
DEADBEEF
DEADBEEF
DEADBEEF
DEADBEEF
DEADBEEF
DEADBEEF
DEADBEEF
DEADBEEF
DEADBEEF
DEADBEEF
DEADBEEF
DEADBEEF
DEADBEEF
DEADBEEF
DEADBEEF
DEADBEEF
DEADBEEF
DEADBEEF
DEADBEEF
DEADBEEF
DEADBEEF
DEADBEEF
DEADBEEF
DEADBEEF
DEADBEEF
DEADBEEF
DEADBEEF
DEADBEEF
DEADBEEF
DEADBEEF
DEADBEEF
DEADBEEF
DEADBEEF
DEADBEEF
DEADBEEF
DEADBEEF
DEADBEEF
DEADBEEF
DEADBEEF
DEADBEEF
DEADBEEF
DEADBEEF
DEADBEEF
DEADBEEF
DEADBEEF
DEADBEEF
DEADBEEF
DEADBEEF
DEADBEEF
DEADBEEF
DEADBEEF
DEADBEEF
DEADBEEF
DEADBEEF
DEADBEEF
DEADBEEF
DEADBEEF
DEADBEEF
DEADBEEF
DEADBEEF
DEADBEEF
DEADBEEF
DEADBEEF
DEADBEEF
DEADBEEF
DEADBEEF
DEADBEEF
DEADBEEF
DEADBEEF
DEADBEEF
DEADBEEF
DEADBEEF
DEADBEEF
DEADBEEF
DEADBEEF
DEADBEEF
DEADBEEF
DEADBEEF
DEADBEEF
DEADBEEF
DEADBEEF
DEADBEEF
DEADBEEF
DEADBEEF
DEADBEEF
DEADBEEF
DEADBEEF
DEADBEEF
DEADBEEF
DEADBEEF
DEADBEEF
DEADBEEF
DEADBEEF
DEADBEEF
DEADBEEF
DEADBEEF
DEADBEEF
DEADBEEF
DEADBEEF
DEADBEEF
DEADBEEF
DEADBEEF
DEADBEEF
DEADBEEF
DEADBEEF
DEADBEEF
DEADBEEF
DEADBEEF
DEADBEEF
DEADBEEF
DEADBEEF
DEADBEEF
DEADBEEF
DEADBEEF
DEADBEEF
DEADBEEF
DEADBEEF
DEADBEEF
DEADBEEF
DEADBEEF
DEADBEEF
DEADBEEF
DEADBEEF
DEADBEEF
DEADBEEF
DEADBEEF
DEADBEEF
DEADBEEF
DEADBEEF
DEADBEEF
DEADBEEF
DEADBEEF
DEADBEEF
DEADBEEF
DEADBEEF
DEADBEEF
DEADBEEF
DEADBEEF
DEADBEEF
DEADBEEF
DEADBEEF
DEADBEEF
DEADBEEF
DEADBEEF
DEADBEEF
DEADBEEF
DEADBEEF
DEADBEEF
DEADBEEF
DEADBEEF
DEADBEEF
DEADBEEF
DEADBEEF
DEADBEEF
DEADBEEF
DEADBEEF
DEADBEEF
DEADBEEF
DEADBEEF
DEADBEEF
DEADBEEF
DEADBEEF
DEADBEEF
DEADBEEF
DEADBEEF
DEADBEEF
DEADBEEF
DEADBEEF
DEADBEEF
DEADBEEF
DEADBEEF
DEADBEEF
DEADBEEF
DEADBEEF
DEADBEEF
DEADBEEF
DEADBEEF
DEADBEEF
DEADBEEF
DEADBEEF
DEADBEEF
DEADBEEF
DEADBEEF
DEADBEEF
DEADBEEF
DEADBEEF
DEADBEEF
DEADBEEF
DEADBEEF
DEADBEEF
DEADBEEF
DEADBEEF
DEADBEEF
DEADBEEF
DEADBEEF
DEADBEEF
DEADBEEF
DEADBEEF
DEADBEEF
DEADBEEF
DEADBEEF
DEADBEEF
DEADBEEF
DEADBEEF
DEADBEEF
DEADBEEF
DEADBEEF
DEADBEEF
DEADBEEF
DEADBEEF
DEADBEEF
DEADBEEF
DEADBEEF
DEADBEEF
DEADBEEF
DEADBEEF
DEADBEEF
DEADBEEF
DEADBEEF
DEADBEEF
DEADBEEF
DEADBEEF
DEADBEEF
DEADBEEF
DEADBEEF
DEADBEEF
DEADBEEF
DEADBEEF
DEADBEEF
DEADBEEF
DEADBEEF
DEADBEEF
DEADBEEF
DEADBEEF
DEADBEEF
DEADBEEF
DEADBEEF
DEADBEEF
DEADBEEF
DEADBEEF
DEADBEEF
DEADBEEF
DEADBEEF
DEADBEEF
DEADBEEF
DEADBEEF
DEADBEEF
DEADBEEF
DEADBEEF
DEADBEEF
DEADBEEF
DEADBEEF
DEADBEEF
DEADBEEF
DEADBEEF
DEADBEEF
DEADBEEF
DEADBEEF
DEADBEEF
DEADBEEF
DEADBEEF
DEADBEEF
DEADBEEF
DEADBEEF
DEADBEEF
DEADBEEF
DEADBEEF
DEADBEEF
DEADBEEF
DEADBEEF
DEADBEEF
DEADBEEF
DEADBEEF
DEADBEEF
DEADBEEF
DEADBEEF
DEADBEEF
DEADBEEF
DEADBEEF
DEADBEEF
DEADBEEF
DEADBEEF
DEADBEEF
DEADBEEF
DEADBEEF
DEADBEEF
DEADBEEF
DEADBEEF
DEADBEEF
DEADBEEF
DEADBEEF
DEADBEEF
DEADBEEF
DEADBEEF
DEADBEEF
DEADBEEF
DEADBEEF
DEADBEEF
DEADBEEF
DEADBEEF
DEADBEEF
DEADBEEF
DEADBEEF
DEADBEEF
DEADBEEF
DEADBEEF
DEADBEEF
DEADBEEF
DEADBEEF
DEADBEEF
DEADBEEF
DEADBEEF
DEADBEEF
DEADBEEF
DEADBEEF
DEADBEEF
DEADBEEF
DEADBEEF
DEADBEEF
DEADBEEF
DEADBEEF
DEADBEEF
DEADBEEF
DEADBEEF
DEADBEEF
DEADBEEF
DEADBEEF
DEADBEEF
DEADBEEF
DEADBEEF
DEADBEEF
DEADBEEF
DEADBEEF
DEADBEEF
DEADBEEF
DEADBEEF
DEADBEEF
DEADBEEF
DEADBEEF
DEADBEEF
DEADBEEF
DEADBEEF
DEADBEEF
DEADBEEF
DEADBEEF
DEADBEEF
DEADBEEF
DEADBEEF
DEADBEEF
DEADBEEF
DEADBEEF
DEADBEEF
DEADBEEF
DEADBEEF
DEADBEEF
DEADBEEF
DEADBEEF
DEADBEEF
DEADBEEF
DEADBEEF
DEADBEEF
DEADBEEF
DEADBEEF
DEADBEEF
DEADBEEF
DEADBEEF
DEADBEEF
DEADBEEF
DEADBEEF
DEADBEEF
DEADBEEF
DEADBEEF
DEADBEEF
DEADBEEF
DEADBEEF
DEADBEEF
DEADBEEF
DEADBEEF
DEADBEEF
DEADBEEF
DEADBEEF
DEADBEEF
DEADBEEF
DEADBEEF
DEADBEEF
DEADBEEF
DEADBEEF
DEADBEEF
DEADBEEF
DEADBEEF
DEADBEEF
DEADBEEF
DEADBEEF
DEADBEEF
DEADBEEF
DEADBEEF
DEADBEEF
DEADBEEF
DEADBEEF
DEADBEEF
DEADBEEF
DEADBEEF
DEADBEEF
DEADBEEF
DEADBEEF
DEADBEEF
DEADBEEF
DEADBEEF
DEADBEEF
DEADBEEF
DEADBEEF
DEADBEEF
DEADBEEF
DEADBEEF
DEADBEEF
DEADBEEF
DEADBEEF
DEADBEEF
DEADBEEF
DEADBEEF
DEADBEEF
DEADBEEF
DEADBEEF
DEADBEEF
DEADBEEF
DEADBEEF
DEADBEEF
DEADBEEF
DEADBEEF
DEADBEEF
DEADBEEF
DEADBEEF
DEADBEEF
DEADBEEF
DEADBEEF
DEADBEEF
DEADBEEF
DEADBEEF
DEADBEEF
DEADBEEF
DEADBEEF
DEADBEEF
DEADBEEF
DEADBEEF
DEADBEEF
DEADBEEF
DEADBEEF
DEADBEEF
DEADBEEF
DEADBEEF
DEADBEEF
DEADBEEF
DEADBEEF
DEADBEEF
DEADBEEF
DEADBEEF
DEADBEEF
DEADBEEF
DEADBEEF
DEADBEEF
DEADBEEF
DEADBEEF
DEADBEEF
DEADBEEF
DEADBEEF
DEADBEEF
DEADBEEF
DEADBEEF
DEADBEEF
DEADBEEF
DEADBEEF
DEADBEEF
DEADBEEF
DEADBEEF
DEADBEEF
DEADBEEF
DEADBEEF
DEADBEEF
DEADBEEF
DEADBEEF
DEADBEEF
DEADBEEF
DEADBEEF
DEADBEEF
DEADBEEF
DEADBEEF
DEADBEEF
DEADBEEF
DEADBEEF
DEADBEEF
DEADBEEF
DEADBEEF
DEADBEEF
DEADBEEF
DEADBEEF
DEADBEEF
DEADBEEF
DEADBEEF
DEADBEEF
DEADBEEF
DEADBEEF
DEADBEEF
DEADBEEF
DEADBEEF
DEADBEEF
DEADBEEF
DEADBEEF
DEADBEEF
DEADBEEF
DEADBEEF
DEADBEEF
DEADBEEF
DEADBEEF
DEADBEEF
DEADBEEF
DEADBEEF
DEADBEEF
DEADBEEF
DEADBEEF
DEADBEEF
DEADBEEF
DEADBEEF
DEADBEEF
DEADBEEF
DEADBEEF
DEADBEEF
DEADBEEF
DEADBEEF
DEADBEEF
DEADBEEF
DEADBEEF
DEADBEEF
DEADBEEF
DEADBEEF
DEADBEEF
DEADBEEF
DEADBEEF
DEADBEEF
DEADBEEF
DEADBEEF
DEADBEEF
DEADBEEF
DEADBEEF
DEADBEEF
DEADBEEF
DEADBEEF
DEADBEEF
DEADBEEF
DEADBEEF
DEADBEEF
DEADBEEF
DEADBEEF
DEADBEEF
DEADBEEF
DEADBEEF
DEADBEEF
DEADBEEF
DEADBEEF
DEADBEEF
DEADBEEF
DEADBEEF
DEADBEEF
DEADBEEF
DEADBEEF
DEADBEEF
DEADBEEF
DEADBEEF
DEADBEEF
DEADBEEF
DEADBEEF
DEADBEEF
DEADBEEF
DEADBEEF
DEADBEEF
DEADBEEF
DEADBEEF
DEADBEEF
DEADBEEF
DEADBEEF
DEADBEEF
DEADBEEF
DEADBEEF
DEADBEEF
DEADBEEF
DEADBEEF
DEADBEEF
DEADBEEF
DEADBEEF
DEADBEEF
DEADBEEF
DEADBEEF
DEADBEEF
DEADBEEF
DEADBEEF
DEADBEEF
DEADBEEF
DEADBEEF
DEADBEEF
DEADBEEF
DEADBEEF
DEADBEEF
DEADBEEF
DEADBEEF
DEADBEEF
DEADBEEF
DEADBEEF
DEADBEEF
DEADBEEF
DEADBEEF
DEADBEEF
DEADBEEF
DEADBEEF
DEADBEEF
DEADBEEF
DEADBEEF
DEADBEEF
DEADBEEF
DEADBEEF
DEADBEEF
DEADBEEF
DEADBEEF
DEADBEEF
DEADBEEF
DEADBEEF
DEADBEEF
DEADBEEF
DEADBEEF
DEADBEEF
DEADBEEF
DEADBEEF
DEADBEEF
DEADBEEF
DEADBEEF
DEADBEEF
DEADBEEF
DEADBEEF
DEADBEEF
DEADBEEF
DEADBEEF
DEADBEEF
DEADBEEF
DEADBEEF
DEADBEEF
DEADBEEF
DEADBEEF
DEADBEEF
DEADBEEF
DEADBEEF
DEADBEEF
DEADBEEF
DEADBEEF
DEADBEEF
DEADBEEF
DEADBEEF
DEADBEEF
DEADBEEF
DEADBEEF
DEADBEEF
DEADBEEF
DEADBEEF
DEADBEEF
DEADBEEF
DEADBEEF
DEADBEEF
DEADBEEF
DEADBEEF
DEADBEEF
DEADBEEF
DEADBEEF
DEADBEEF
DEADBEEF
DEADBEEF
DEADBEEF
DEADBEEF
DEADBEEF
DEADBEEF
DEADBEEF
DEADBEEF
DEADBEEF
DEADBEEF
DEADBEEF
DEADBEEF
DEADBEEF
DEADBEEF
DEADBEEF
DEADBEEF
DEADBEEF
DEADBEEF
DEADBEEF
DEADBEEF
DEADBEEF
DEADBEEF
DEADBEEF
DEADBEEF
DEADBEEF
DEADBEEF
DEADBEEF
DEADBEEF
DEADBEEF
DEADBEEF
DEADBEEF
DEADBEEF
DEADBEEF
DEADBEEF
DEADBEEF
DEADBEEF
DEADBEEF
DEADBEEF
DEADBEEF
DEADBEEF
DEADBEEF
DEADBEEF
DEADBEEF
DEADBEEF
DEADBEEF
DEADBEEF
DEADBEEF
DEADBEEF
DEADBEEF
DEADBEEF
DEADBEEF
DEADBEEF
DEADBEEF
DEADBEEF
DEADBEEF
DEADBEEF
DEADBEEF
DEADBEEF
DEADBEEF
DEADBEEF
DEADBEEF
DEADBEEF
DEADBEEF
DEADBEEF
DEADBEEF
DEADBEEF
DEADBEEF
DEADBEEF
DEADBEEF
DEADBEEF
DEADBEEF
DEADBEEF
DEADBEEF
DEADBEEF
DEADBEEF
DEADBEEF
DEADBEEF
DEADBEEF
DEADBEEF
DEADBEEF
DEADBEEF
DEADBEEF
DEADBEEF
DEADBEEF
DEADBEEF
DEADBEEF
DEADBEEF
DEADBEEF
DEADBEEF
DEADBEEF
DEADBEEF
DEADBEEF
DEADBEEF
DEADBEEF
DEADBEEF
DEADBEEF
DEADBEEF
DEADBEEF
DEADBEEF
DEADBEEF
DEADBEEF
DEADBEEF
DEADBEEF
DEADBEEF
DEADBEEF
DEADBEEF
DEADBEEF
DEADBEEF
DEADBEEF
DEADBEEF
DEADBEEF
DEADBEEF
DEADBEEF
DEADBEEF
DEADBEEF
DEADBEEF
DEADBEEF
DEADBEEF
DEADBEEF
DEADBEEF
DEADBEEF
DEADBEEF
DEADBEEF
DEADBEEF
DEADBEEF
DEADBEEF
DEADBEEF
DEADBEEF
DEADBEEF
DEADBEEF
DEADBEEF
DEADBEEF
DEADBEEF
DEADBEEF
DEADBEEF
DEADBEEF
DEADBEEF
DEADBEEF
DEADBEEF
DEADBEEF
DEADBEEF
DEADBEEF
DEADBEEF
DEADBEEF
DEADBEEF
DEADBEEF
DEADBEEF
DEADBEEF
DEADBEEF
DEADBEEF
DEADBEEF
DEADBEEF
DEADBEEF
DEADBEEF
DEADBEEF
DEADBEEF
DEADBEEF
DEADBEEF
DEADBEEF
DEADBEEF
DEADBEEF
DEADBEEF
DEADBEEF
DEADBEEF
DEADBEEF
DEADBEEF
DEADBEEF
DEADBEEF
DEADBEEF
DEADBEEF
DEADBEEF
DEADBEEF
DEADBEEF
DEADBEEF
DEADBEEF
DEADBEEF
DEADBEEF
DEADBEEF
DEADBEEF
DEADBEEF
DEADBEEF
DEADBEEF
DEADBEEF
DEADBEEF
DEADBEEF
DEADBEEF
DEADBEEF
DEADBEEF
DEADBEEF
DEADBEEF
DEADBEEF
DEADBEEF
DEADBEEF
DEADBEEF
DEADBEEF
DEADBEEF
DEADBEEF
DEADBEEF
DEADBEEF
DEADBEEF
DEADBEEF
DEADBEEF
DEADBEEF
DEADBEEF
DEADBEEF
DEADBEEF
DEADBEEF
DEADBEEF
DEADBEEF
DEADBEEF
DEADBEEF
DEADBEEF
DEADBEEF
DEADBEEF
DEADBEEF
DEADBEEF
DEADBEEF
DEADBEEF
DEADBEEF
DEADBEEF
DEADBEEF
DEADBEEF
DEADBEEF
DEADBEEF
DEADBEEF
DEADBEEF
DEADBEEF
DEADBEEF
DEADBEEF
DEADBEEF
DEADBEEF
DEADBEEF
DEADBEEF
DEADBEEF
DEADBEEF
DEADBEEF
DEADBEEF
DEADBEEF
DEADBEEF
DEADBEEF
DEADBEEF
DEADBEEF
DEADBEEF
DEADBEEF
DEADBEEF
DEADBEEF
DEADBEEF
DEADBEEF
DEADBEEF
DEADBEEF
DEADBEEF
DEADBEEF
DEADBEEF
DEADBEEF
DEADBEEF
DEADBEEF
DEADBEEF
DEADBEEF
DEADBEEF
DEADBEEF
DEADBEEF
DEADBEEF
DEADBEEF
DEADBEEF
DEADBEEF
DEADBEEF
DEADBEEF
DEADBEEF
DEADBEEF
DEADBEEF
DEADBEEF
DEADBEEF
DEADBEEF
DEADBEEF
DEADBEEF
DEADBEEF
DEADBEEF
DEADBEEF
DEADBEEF
DEADBEEF
DEADBEEF
DEADBEEF
DEADBEEF
DEADBEEF
DEADBEEF
DEADBEEF
DEADBEEF
DEADBEEF
DEADBEEF
DEADBEEF
DEADBEEF
DEADBEEF
DEADBEEF
DEADBEEF
DEADBEEF
DEADBEEF
DEADBEEF
DEADBEEF
DEADBEEF
DEADBEEF
DEADBEEF
DEADBEEF
DEADBEEF
DEADBEEF
DEADBEEF
DEADBEEF
DEADBEEF
DEADBEEF
DEADBEEF
DEADBEEF
DEADBEEF
DEADBEEF
DEADBEEF
DEADBEEF
DEADBEEF
DEADBEEF
DEADBEEF
DEADBEEF
DEADBEEF
DEADBEEF
DEADBEEF
DEADBEEF
DEADBEEF
DEADBEEF
DEADBEEF
DEADBEEF
DEADBEEF
DEADBEEF
DEADBEEF
DEADBEEF
DEADBEEF
DEADBEEF
DEADBEEF
DEADBEEF
DEADBEEF
DEADBEEF
DEADBEEF
DEADBEEF
DEADBEEF
DEADBEEF
DEADBEEF
DEADBEEF
DEADBEEF
DEADBEEF
DEADBEEF
DEADBEEF
DEADBEEF
DEADBEEF
DEADBEEF
DEADBEEF
DEADBEEF
DEADBEEF
DEADBEEF
DEADBEEF
DEADBEEF
DEADBEEF
DEADBEEF
DEADBEEF
DEADBEEF
DEADBEEF
DEADBEEF
DEADBEEF
DEADBEEF
DEADBEEF
DEADBEEF
DEADBEEF
DEADBEEF
DEADBEEF
DEADBEEF
DEADBEEF
DEADBEEF
DEADBEEF
DEADBEEF
DEADBEEF
DEADBEEF
DEADBEEF
DEADBEEF
DEADBEEF
DEADBEEF
DEADBEEF
DEADBEEF
DEADBEEF
DEADBEEF
DEADBEEF
DEADBEEF
DEADBEEF
DEADBEEF
DEADBEEF
DEADBEEF
DEADBEEF
DEADBEEF
DEADBEEF
DEADBEEF
DEADBEEF
DEADBEEF
DEADBEEF
DEADBEEF
DEADBEEF
DEADBEEF
DEADBEEF
DEADBEEF
DEADBEEF
DEADBEEF
DEADBEEF
DEADBEEF
DEADBEEF
DEADBEEF
DEADBEEF
DEADBEEF
DEADBEEF
DEADBEEF
DEADBEEF
DEADBEEF
DEADBEEF
DEADBEEF
DEADBEEF
DEADBEEF
DEADBEEF
DEADBEEF
DEADBEEF
DEADBEEF
DEADBEEF
DEADBEEF
DEADBEEF
DEADBEEF
DEADBEEF
DEADBEEF
DEADBEEF
DEADBEEF
DEADBEEF
DEADBEEF
DEADBEEF
DEADBEEF
DEADBEEF
DEADBEEF
DEADBEEF
DEADBEEF
DEADBEEF
DEADBEEF
DEADBEEF
DEADBEEF
DEADBEEF
DEADBEEF
DEADBEEF
DEADBEEF
DEADBEEF
DEADBEEF
DEADBEEF
DEADBEEF
DEADBEEF
DEADBEEF
DEADBEEF
DEADBEEF
DEADBEEF
DEADBEEF
DEADBEEF
DEADBEEF
DEADBEEF
DEADBEEF
DEADBEEF
DEADBEEF
DEADBEEF
DEADBEEF
DEADBEEF
DEADBEEF
DEADBEEF
DEADBEEF
DEADBEEF
DEADBEEF
DEADBEEF
DEADBEEF
DEADBEEF
DEADBEEF
DEADBEEF
DEADBEEF
DEADBEEF
DEADBEEF
DEADBEEF
DEADBEEF
DEADBEEF
DEADBEEF
DEADBEEF
DEADBEEF
DEADBEEF
DEADBEEF
DEADBEEF
DEADBEEF
DEADBEEF
DEADBEEF
DEADBEEF
DEADBEEF
DEADBEEF
DEADBEEF
DEADBEEF
DEADBEEF
DEADBEEF
DEADBEEF
DEADBEEF
DEADBEEF
DEADBEEF
DEADBEEF
DEADBEEF
DEADBEEF
DEADBEEF
DEADBEEF
DEADBEEF
DEADBEEF
DEADBEEF
DEADBEEF
DEADBEEF
DEADBEEF
DEADBEEF
DEADBEEF
DEADBEEF
DEADBEEF
DEADBEEF
DEADBEEF
DEADBEEF
DEADBEEF
DEADBEEF
DEADBEEF
DEADBEEF
DEADBEEF
DEADBEEF
DEADBEEF
DEADBEEF
DEADBEEF
DEADBEEF
DEADBEEF
DEADBEEF
DEADBEEF
DEADBEEF
DEADBEEF
DEADBEEF
DEADBEEF
DEADBEEF
DEADBEEF
DEADBEEF
DEADBEEF
DEADBEEF
DEADBEEF
DEADBEEF
DEADBEEF
DEADBEEF
DEADBEEF
DEADBEEF
DEADBEEF
DEADBEEF
DEADBEEF
DEADBEEF
DEADBEEF
DEADBEEF
DEADBEEF
DEADBEEF
DEADBEEF
DEADBEEF
DEADBEEF
DEADBEEF
DEADBEEF
DEADBEEF
DEADBEEF
DEADBEEF
DEADBEEF
DEADBEEF
DEADBEEF
DEADBEEF
DEADBEEF
DEADBEEF
DEADBEEF
DEADBEEF
DEADBEEF
DEADBEEF
DEADBEEF
DEADBEEF
DEADBEEF
DEADBEEF
DEADBEEF
DEADBEEF
DEADBEEF
DEADBEEF
DEADBEEF
DEADBEEF
DEADBEEF
DEADBEEF
DEADBEEF
DEADBEEF
DEADBEEF
DEADBEEF
DEADBEEF
DEADBEEF
DEADBEEF
DEADBEEF
DEADBEEF
DEADBEEF
DEADBEEF
DEADBEEF
DEADBEEF
DEADBEEF
DEADBEEF
DEADBEEF
DEADBEEF
DEADBEEF
DEADBEEF
DEADBEEF
DEADBEEF
DEADBEEF
DEADBEEF
DEADBEEF
DEADBEEF
DEADBEEF
DEADBEEF
DEADBEEF
DEADBEEF
DEADBEEF
DEADBEEF
DEADBEEF
DEADBEEF
DEADBEEF
DEADBEEF
DEADBEEF
DEADBEEF
DEADBEEF
DEADBEEF
DEADBEEF
DEADBEEF
DEADBEEF
DEADBEEF
DEADBEEF
DEADBEEF
DEADBEEF
DEADBEEF
DEADBEEF
DEADBEEF
DEADBEEF
DEADBEEF
DEADBEEF
DEADBEEF
DEADBEEF
DEADBEEF
DEADBEEF
DEADBEEF
DEADBEEF
DEADBEEF
DEADBEEF
DEADBEEF
DEADBEEF
DEADBEEF
DEADBEEF
DEADBEEF
DEADBEEF
DEADBEEF
DEADBEEF
DEADBEEF
DEADBEEF
DEADBEEF
DEADBEEF
DEADBEEF
DEADBEEF
DEADBEEF
DEADBEEF
DEADBEEF
DEADBEEF
DEADBEEF
DEADBEEF
DEADBEEF
DEADBEEF
DEADBEEF
DEADBEEF
DEADBEEF
DEADBEEF
DEADBEEF
DEADBEEF
DEADBEEF
DEADBEEF
DEADBEEF
DEADBEEF
DEADBEEF
DEADBEEF
DEADBEEF
DEADBEEF
DEADBEEF
DEADBEEF
DEADBEEF
DEADBEEF
DEADBEEF
DEADBEEF
DEADBEEF
DEADBEEF
DEADBEEF
DEADBEEF
DEADBEEF
DEADBEEF
DEADBEEF
DEADBEEF
DEADBEEF
DEADBEEF
DEADBEEF
DEADBEEF
DEADBEEF
DEADBEEF
DEADBEEF
DEADBEEF
DEADBEEF
DEADBEEF
DEADBEEF
DEADBEEF
DEADBEEF
DEADBEEF
DEADBEEF
DEADBEEF
DEADBEEF
DEADBEEF
DEADBEEF
DEADBEEF
DEADBEEF
DEADBEEF
DEADBEEF
DEADBEEF
DEADBEEF
DEADBEEF
DEADBEEF
DEADBEEF
DEADBEEF
DEADBEEF
DEADBEEF
DEADBEEF
DEADBEEF
DEADBEEF
DEADBEEF
DEADBEEF
DEADBEEF
DEADBEEF
DEADBEEF
DEADBEEF
DEADBEEF
DEADBEEF
DEADBEEF
DEADBEEF
DEADBEEF
DEADBEEF
DEADBEEF
DEADBEEF
DEADBEEF
DEADBEEF
DEADBEEF
DEADBEEF
DEADBEEF
DEADBEEF
DEADBEEF
DEADBEEF
DEADBEEF
DEADBEEF
DEADBEEF
DEADBEEF
DEADBEEF
DEADBEEF
DEADBEEF
DEADBEEF
DEADBEEF
DEADBEEF
DEADBEEF
DEADBEEF
DEADBEEF
DEADBEEF
DEADBEEF
DEADBEEF
DEADBEEF
DEADBEEF
DEADBEEF
DEADBEEF
DEADBEEF
DEADBEEF
DEADBEEF
DEADBEEF
DEADBEEF
DEADBEEF
DEADBEEF
DEADBEEF
DEADBEEF
DEADBEEF
DEADBEEF
DEADBEEF
DEADBEEF
DEADBEEF
DEADBEEF
DEADBEEF
DEADBEEF
DEADBEEF
DEADBEEF
DEADBEEF
DEADBEEF
DEADBEEF
DEADBEEF
DEADBEEF
DEADBEEF
DEADBEEF
DEADBEEF
DEADBEEF
DEADBEEF
DEADBEEF
DEADBEEF
DEADBEEF
DEADBEEF
DEADBEEF
DEADBEEF
DEADBEEF
DEADBEEF
DEADBEEF
DEADBEEF
DEADBEEF
DEADBEEF
DEADBEEF
DEADBEEF
DEADBEEF
DEADBEEF
DEADBEEF
DEADBEEF
DEADBEEF
DEADBEEF
DEADBEEF
DEADBEEF
DEADBEEF
DEADBEEF
DEADBEEF
DEADBEEF
DEADBEEF
DEADBEEF
DEADBEEF
DEADBEEF
DEADBEEF
DEADBEEF
DEADBEEF
DEADBEEF
DEADBEEF
DEADBEEF
DEADBEEF
DEADBEEF
DEADBEEF
DEADBEEF
DEADBEEF
DEADBEEF
DEADBEEF
DEADBEEF
DEADBEEF
DEADBEEF
DEADBEEF
DEADBEEF
DEADBEEF
DEADBEEF
DEADBEEF
DEADBEEF
DEADBEEF
DEADBEEF
DEADBEEF
DEADBEEF
DEADBEEF
DEADBEEF
DEADBEEF
DEADBEEF
DEADBEEF
DEADBEEF
DEADBEEF
DEADBEEF
DEADBEEF
DEADBEEF
DEADBEEF
DEADBEEF
DEADBEEF
DEADBEEF
DEADBEEF
DEADBEEF
DEADBEEF
DEADBEEF
DEADBEEF
DEADBEEF
DEADBEEF
DEADBEEF
DEADBEEF
DEADBEEF
DEADBEEF
DEADBEEF
DEADBEEF
DEADBEEF
DEADBEEF
DEADBEEF
DEADBEEF
DEADBEEF
DEADBEEF
DEADBEEF
DEADBEEF
DEADBEEF
DEADBEEF
DEADBEEF
DEADBEEF
DEADBEEF
DEADBEEF
DEADBEEF
DEADBEEF
DEADBEEF
DEADBEEF
DEADBEEF
DEADBEEF
DEADBEEF
DEADBEEF
DEADBEEF
DEADBEEF
DEADBEEF
DEADBEEF
DEADBEEF
DEADBEEF
DEADBEEF
DEADBEEF
DEADBEEF
DEADBEEF
DEADBEEF
DEADBEEF
DEADBEEF
DEADBEEF
DEADBEEF
DEADBEEF
DEADBEEF
DEADBEEF
DEADBEEF
DEADBEEF
DEADBEEF
DEADBEEF
DEADBEEF
DEADBEEF
DEADBEEF
DEADBEEF
DEADBEEF
DEADBEEF
DEADBEEF
DEADBEEF
DEADBEEF
DEADBEEF
DEADBEEF
DEADBEEF
DEADBEEF
DEADBEEF
DEADBEEF
DEADBEEF
DEADBEEF
DEADBEEF
DEADBEEF
DEADBEEF
DEADBEEF
DEADBEEF
DEADBEEF
DEADBEEF
DEADBEEF
DEADBEEF
DEADBEEF
DEADBEEF
DEADBEEF
DEADBEEF
DEADBEEF
DEADBEEF
DEADBEEF
DEADBEEF
DEADBEEF
DEADBEEF
DEADBEEF
DEADBEEF
DEADBEEF
DEADBEEF
DEADBEEF
DEADBEEF
DEADBEEF
DEADBEEF
DEADBEEF
DEADBEEF
DEADBEEF
DEADBEEF
DEADBEEF
DEADBEEF
DEADBEEF
DEADBEEF
DEADBEEF
DEADBEEF
DEADBEEF
DEADBEEF
DEADBEEF
DEADBEEF
DEADBEEF
DEADBEEF
DEADBEEF
DEADBEEF
DEADBEEF
DEADBEEF
DEADBEEF
DEADBEEF
DEADBEEF
DEADBEEF
DEADBEEF
DEADBEEF
DEADBEEF
DEADBEEF
DEADBEEF
DEADBEEF
DEADBEEF
DEADBEEF
DEADBEEF
DEADBEEF
DEADBEEF
DEADBEEF
DEADBEEF
DEADBEEF
DEADBEEF
DEADBEEF
DEADBEEF
DEADBEEF
DEADBEEF
DEADBEEF
DEADBEEF
DEADBEEF
DEADBEEF
DEADBEEF
DEADBEEF
DEADBEEF
DEADBEEF
DEADBEEF
DEADBEEF
DEADBEEF
DEADBEEF
DEADBEEF
DEADBEEF
DEADBEEF
DEADBEEF
DEADBEEF
DEADBEEF
DEADBEEF
DEADBEEF
DEADBEEF
DEADBEEF
DEADBEEF
DEADBEEF
DEADBEEF
DEADBEEF
DEADBEEF
DEADBEEF
DEADBEEF
DEADBEEF
DEADBEEF
DEADBEEF
DEADBEEF
DEADBEEF
DEADBEEF
DEADBEEF
DEADBEEF
DEADBEEF
DEADBEEF
DEADBEEF
DEADBEEF
DEADBEEF
DEADBEEF
DEADBEEF
DEADBEEF
DEADBEEF
DEADBEEF
DEADBEEF
DEADBEEF
DEADBEEF
DEADBEEF
DEADBEEF
DEADBEEF
DEADBEEF
DEADBEEF
DEADBEEF
DEADBEEF
DEADBEEF
DEADBEEF
DEADBEEF
DEADBEEF
DEADBEEF
DEADBEEF
DEADBEEF
DEADBEEF
DEADBEEF
DEADBEEF
DEADBEEF
DEADBEEF
DEADBEEF
DEADBEEF
DEADBEEF
DEADBEEF
DEADBEEF
DEADBEEF
DEADBEEF
DEADBEEF
DEADBEEF
DEADBEEF
DEADBEEF
DEADBEEF
DEADBEEF
DEADBEEF
DEADBEEF
DEADBEEF
DEADBEEF
DEADBEEF
DEADBEEF
DEADBEEF
DEADBEEF
DEADBEEF
DEADBEEF
DEADBEEF
DEADBEEF
DEADBEEF
DEADBEEF
DEADBEEF
DEADBEEF
DEADBEEF
DEADBEEF
DEADBEEF
DEADBEEF
DEADBEEF
DEADBEEF
DEADBEEF
DEADBEEF
DEADBEEF
DEADBEEF
DEADBEEF
DEADBEEF
DEADBEEF
DEADBEEF
DEADBEEF
DEADBEEF
DEADBEEF
DEADBEEF
DEADBEEF
DEADBEEF
DEADBEEF
DEADBEEF
DEADBEEF
DEADBEEF
DEADBEEF
DEADBEEF
DEADBEEF
DEADBEEF
DEADBEEF
DEADBEEF
DEADBEEF
DEADBEEF
DEADBEEF
DEADBEEF
DEADBEEF
DEADBEEF
DEADBEEF
DEADBEEF
DEADBEEF
DEADBEEF
DEADBEEF
DEADBEEF
DEADBEEF
DEADBEEF
DEADBEEF
DEADBEEF
DEADBEEF
DEADBEEF
DEADBEEF
DEADBEEF
DEADBEEF
DEADBEEF
DEADBEEF
DEADBEEF
DEADBEEF
DEADBEEF
DEADBEEF
DEADBEEF
DEADBEEF
DEADBEEF
DEADBEEF
DEADBEEF
DEADBEEF
DEADBEEF
DEADBEEF
DEADBEEF
DEADBEEF
DEADBEEF
DEADBEEF
DEADBEEF
DEADBEEF
DEADBEEF
DEADBEEF
DEADBEEF
DEADBEEF
DEADBEEF
DEADBEEF
DEADBEEF
DEADBEEF
DEADBEEF
DEADBEEF
DEADBEEF
DEADBEEF
DEADBEEF
DEADBEEF
DEADBEEF
DEADBEEF
DEADBEEF
DEADBEEF
DEADBEEF
DEADBEEF
DEADBEEF
DEADBEEF
DEADBEEF
DEADBEEF
DEADBEEF
DEADBEEF
DEADBEEF
DEADBEEF
DEADBEEF
DEADBEEF
DEADBEEF
DEADBEEF
DEADBEEF
DEADBEEF
DEADBEEF
DEADBEEF
DEADBEEF
DEADBEEF
DEADBEEF
DEADBEEF
DEADBEEF
DEADBEEF
DEADBEEF
DEADBEEF
DEADBEEF
DEADBEEF
DEADBEEF
DEADBEEF
DEADBEEF
DEADBEEF
DEADBEEF
DEADBEEF
DEADBEEF
DEADBEEF
DEADBEEF
DEADBEEF
DEADBEEF
DEADBEEF
DEADBEEF
DEADBEEF
DEADBEEF
DEADBEEF
DEADBEEF
DEADBEEF
DEADBEEF
DEADBEEF
DEADBEEF
DEADBEEF
DEADBEEF
DEADBEEF
DEADBEEF
DEADBEEF
DEADBEEF
DEADBEEF
DEADBEEF
DEADBEEF
DEADBEEF
DEADBEEF
DEADBEEF
DEADBEEF
DEADBEEF
DEADBEEF
DEADBEEF
DEADBEEF
DEADBEEF
DEADBEEF
DEADBEEF
DEADBEEF
DEADBEEF
DEADBEEF
DEADBEEF
DEADBEEF
DEADBEEF
DEADBEEF
DEADBEEF
DEADBEEF
DEADBEEF
DEADBEEF
DEADBEEF
DEADBEEF
DEADBEEF
DEADBEEF
DEADBEEF
DEADBEEF
DEADBEEF
DEADBEEF
DEADBEEF
DEADBEEF
DEADBEEF
DEADBEEF
DEADBEEF
DEADBEEF
DEADBEEF
DEADBEEF
DEADBEEF
DEADBEEF
DEADBEEF
DEADBEEF
DEADBEEF
DEADBEEF
DEADBEEF
DEADBEEF
DEADBEEF
DEADBEEF
DEADBEEF
DEADBEEF
DEADBEEF
DEADBEEF
DEADBEEF
DEADBEEF
DEADBEEF
DEADBEEF
DEADBEEF
DEADBEEF
DEADBEEF
DEADBEEF
DEADBEEF
DEADBEEF
DEADBEEF
DEADBEEF
DEADBEEF
DEADBEEF
DEADBEEF
DEADBEEF
DEADBEEF
DEADBEEF
DEADBEEF
DEADBEEF
DEADBEEF
DEADBEEF
DEADBEEF
DEADBEEF
DEADBEEF
DEADBEEF
DEADBEEF
DEADBEEF
DEADBEEF
DEADBEEF
DEADBEEF
DEADBEEF
DEADBEEF
DEADBEEF
DEADBEEF
DEADBEEF
DEADBEEF
DEADBEEF
DEADBEEF
DEADBEEF
DEADBEEF
DEADBEEF
DEADBEEF
DEADBEEF
DEADBEEF
DEADBEEF
DEADBEEF
DEADBEEF
DEADBEEF
DEADBEEF
DEADBEEF
DEADBEEF
DEADBEEF
DEADBEEF
DEADBEEF
DEADBEEF
DEADBEEF
DEADBEEF
DEADBEEF
DEADBEEF
DEADBEEF
DEADBEEF
DEADBEEF
DEADBEEF
DEADBEEF
DEADBEEF
DEADBEEF
DEADBEEF
DEADBEEF
DEADBEEF
DEADBEEF
DEADBEEF
DEADBEEF
DEADBEEF
DEADBEEF
DEADBEEF
DEADBEEF
DEADBEEF
DEADBEEF
DEADBEEF
DEADBEEF
DEADBEEF
DEADBEEF
DEADBEEF
DEADBEEF
DEADBEEF
DEADBEEF
DEADBEEF
DEADBEEF
DEADBEEF
DEADBEEF
DEADBEEF
DEADBEEF
DEADBEEF
DEADBEEF
DEADBEEF
DEADBEEF
DEADBEEF
DEADBEEF
DEADBEEF
DEADBEEF
DEADBEEF
DEADBEEF
DEADBEEF
DEADBEEF
DEADBEEF
DEADBEEF
DEADBEEF
DEADBEEF
DEADBEEF
DEADBEEF
DEADBEEF
DEADBEEF
DEADBEEF
DEADBEEF
DEADBEEF
DEADBEEF
DEADBEEF
DEADBEEF
DEADBEEF
DEADBEEF
DEADBEEF
DEADBEEF
DEADBEEF
DEADBEEF
DEADBEEF
DEADBEEF
DEADBEEF
DEADBEEF
DEADBEEF
DEADBEEF
DEADBEEF
DEADBEEF
DEADBEEF
DEADBEEF
DEADBEEF
DEADBEEF
DEADBEEF
DEADBEEF
DEADBEEF
DEADBEEF
DEADBEEF
DEADBEEF
DEADBEEF
DEADBEEF
DEADBEEF
DEADBEEF
DEADBEEF
DEADBEEF
DEADBEEF
DEADBEEF
DEADBEEF
DEADBEEF
DEADBEEF
DEADBEEF
DEADBEEF
DEADBEEF
DEADBEEF
DEADBEEF
DEADBEEF
DEADBEEF
DEADBEEF
DEADBEEF
DEADBEEF
DEADBEEF
DEADBEEF
DEADBEEF
DEADBEEF
DEADBEEF
DEADBEEF
DEADBEEF
DEADBEEF
DEADBEEF
DEADBEEF
DEADBEEF
DEADBEEF
DEADBEEF
DEADBEEF
DEADBEEF
DEADBEEF
DEADBEEF
DEADBEEF
DEADBEEF
DEADBEEF
DEADBEEF
DEADBEEF
DEADBEEF
DEADBEEF
DEADBEEF
DEADBEEF
DEADBEEF
DEADBEEF
DEADBEEF
DEADBEEF
DEADBEEF
DEADBEEF
DEADBEEF
DEADBEEF
DEADBEEF
DEADBEEF
DEADBEEF
DEADBEEF
DEADBEEF
DEADBEEF
DEADBEEF
DEADBEEF
DEADBEEF
DEADBEEF
DEADBEEF
DEADBEEF
DEADBEEF
DEADBEEF
DEADBEEF
DEADBEEF
DEADBEEF
DEADBEEF
DEADBEEF
DEADBEEF
DEADBEEF
DEADBEEF
DEADBEEF
DEADBEEF
DEADBEEF
DEADBEEF
DEADBEEF
DEADBEEF
DEADBEEF
DEADBEEF
DEADBEEF
DEADBEEF
DEADBEEF
DEADBEEF
DEADBEEF
DEADBEEF
DEADBEEF
DEADBEEF
DEADBEEF
DEADBEEF
DEADBEEF
DEADBEEF
DEADBEEF
DEADBEEF
DEADBEEF
DEADBEEF
DEADBEEF
DEADBEEF
DEADBEEF
DEADBEEF
DEADBEEF
DEADBEEF
DEADBEEF
DEADBEEF
DEADBEEF
DEADBEEF
DEADBEEF
DEADBEEF
DEADBEEF
DEADBEEF
DEADBEEF
DEADBEEF
DEADBEEF
DEADBEEF
DEADBEEF
DEADBEEF
DEADBEEF
DEADBEEF
DEADBEEF
DEADBEEF
DEADBEEF
DEADBEEF
DEADBEEF
DEADBEEF
DEADBEEF
DEADBEEF
DEADBEEF
DEADBEEF
DEADBEEF
DEADBEEF
DEADBEEF
DEADBEEF
DEADBEEF
DEADBEEF
DEADBEEF
DEADBEEF
DEADBEEF
DEADBEEF
DEADBEEF
DEADBEEF
DEADBEEF
DEADBEEF
DEADBEEF
DEADBEEF
DEADBEEF
DEADBEEF
DEADBEEF
DEADBEEF
DEADBEEF
DEADBEEF
DEADBEEF
DEADBEEF
DEADBEEF
DEADBEEF
DEADBEEF
DEADBEEF
DEADBEEF
DEADBEEF
DEADBEEF
DEADBEEF
DEADBEEF
DEADBEEF
DEADBEEF
DEADBEEF
DEADBEEF
DEADBEEF
DEADBEEF
DEADBEEF
DEADBEEF
DEADBEEF
DEADBEEF
DEADBEEF
DEADBEEF
DEADBEEF
DEADBEEF
DEADBEEF
DEADBEEF
DEADBEEF
DEADBEEF
DEADBEEF
DEADBEEF
DEADBEEF
DEADBEEF
DEADBEEF
DEADBEEF
DEADBEEF
DEADBEEF
DEADBEEF
DEADBEEF
DEADBEEF
DEADBEEF
DEADBEEF
DEADBEEF
DEADBEEF
DEADBEEF
DEADBEEF
DEADBEEF
DEADBEEF
DEADBEEF
DEADBEEF
DEADBEEF
DEADBEEF
DEADBEEF
DEADBEEF
DEADBEEF
DEADBEEF
DEADBEEF
DEADBEEF
DEADBEEF
DEADBEEF
DEADBEEF
DEADBEEF
DEADBEEF
DEADBEEF
DEADBEEF
DEADBEEF
DEADBEEF
DEADBEEF
DEADBEEF
DEADBEEF
DEADBEEF
DEADBEEF
DEADBEEF
DEADBEEF
DEADBEEF
DEADBEEF
DEADBEEF
DEADBEEF
DEADBEEF
DEADBEEF
DEADBEEF
DEADBEEF
DEADBEEF
DEADBEEF
DEADBEEF
DEADBEEF
DEADBEEF
DEADBEEF
DEADBEEF
DEADBEEF
DEADBEEF
DEADBEEF
DEADBEEF
DEADBEEF
DEADBEEF
DEADBEEF
DEADBEEF
DEADBEEF
DEADBEEF
DEADBEEF
DEADBEEF
DEADBEEF
DEADBEEF
DEADBEEF
DEADBEEF
DEADBEEF
DEADBEEF
DEADBEEF
DEADBEEF
DEADBEEF
DEADBEEF
DEADBEEF
DEADBEEF
DEADBEEF
DEADBEEF
DEADBEEF
DEADBEEF
DEADBEEF
DEADBEEF
DEADBEEF
DEADBEEF
DEADBEEF
DEADBEEF
DEADBEEF
DEADBEEF
DEADBEEF
DEADBEEF
DEADBEEF
DEADBEEF
DEADBEEF
DEADBEEF
DEADBEEF
DEADBEEF
DEADBEEF
DEADBEEF
DEADBEEF
DEADBEEF
DEADBEEF
DEADBEEF
DEADBEEF
DEADBEEF
DEADBEEF
DEADBEEF
DEADBEEF
DEADBEEF
DEADBEEF
DEADBEEF
DEADBEEF
DEADBEEF
DEADBEEF
DEADBEEF
DEADBEEF
DEADBEEF
DEADBEEF
DEADBEEF
DEADBEEF
DEADBEEF
DEADBEEF
DEADBEEF
DEADBEEF
DEADBEEF
DEADBEEF
DEADBEEF
DEADBEEF
DEADBEEF
DEADBEEF
DEADBEEF
DEADBEEF
DEADBEEF
DEADBEEF
DEADBEEF
DEADBEEF
DEADBEEF
DEADBEEF
DEADBEEF
DEADBEEF
DEADBEEF
DEADBEEF
DEADBEEF
DEADBEEF
DEADBEEF
DEADBEEF
DEADBEEF
DEADBEEF
DEADBEEF
DEADBEEF
DEADBEEF
DEADBEEF
DEADBEEF
DEADBEEF
DEADBEEF
DEADBEEF
DEADBEEF
DEADBEEF
DEADBEEF
DEADBEEF
DEADBEEF
DEADBEEF
DEADBEEF
DEADBEEF
DEADBEEF
DEADBEEF
DEADBEEF
DEADBEEF
DEADBEEF
DEADBEEF
DEADBEEF
DEADBEEF
DEADBEEF
DEADBEEF
DEADBEEF
DEADBEEF
DEADBEEF
DEADBEEF
DEADBEEF
DEADBEEF
DEADBEEF
DEADBEEF
DEADBEEF
DEADBEEF
DEADBEEF
DEADBEEF
DEADBEEF
DEADBEEF
DEADBEEF
DEADBEEF
DEADBEEF
DEADBEEF
DEADBEEF
DEADBEEF
DEADBEEF
DEADBEEF
DEADBEEF
DEADBEEF
DEADBEEF
DEADBEEF
DEADBEEF
DEADBEEF
DEADBEEF
DEADBEEF
DEADBEEF
DEADBEEF
DEADBEEF
DEADBEEF
DEADBEEF
DEADBEEF
DEADBEEF
DEADBEEF
DEADBEEF
DEADBEEF
DEADBEEF
DEADBEEF
DEADBEEF
DEADBEEF
DEADBEEF
DEADBEEF
DEADBEEF
DEADBEEF
DEADBEEF
DEADBEEF
DEADBEEF
DEADBEEF
DEADBEEF
DEADBEEF
DEADBEEF
DEADBEEF
DEADBEEF
DEADBEEF
DEADBEEF
DEADBEEF
DEADBEEF
DEADBEEF
DEADBEEF
DEADBEEF
DEADBEEF
DEADBEEF
DEADBEEF
DEADBEEF
DEADBEEF
DEADBEEF
DEADBEEF
DEADBEEF
DEADBEEF
DEADBEEF
DEADBEEF
DEADBEEF
DEADBEEF
DEADBEEF
DEADBEEF
DEADBEEF
DEADBEEF
DEADBEEF
DEADBEEF
DEADBEEF
DEADBEEF
DEADBEEF
DEADBEEF
DEADBEEF
DEADBEEF
DEADBEEF
DEADBEEF
DEADBEEF
DEADBEEF
DEADBEEF
DEADBEEF
DEADBEEF
DEADBEEF
DEADBEEF
DEADBEEF
DEADBEEF
DEADBEEF
DEADBEEF
DEADBEEF
DEADBEEF
DEADBEEF
DEADBEEF
DEADBEEF
DEADBEEF
DEADBEEF
DEADBEEF
DEADBEEF
DEADBEEF
DEADBEEF
DEADBEEF
DEADBEEF
DEADBEEF
DEADBEEF
DEADBEEF
DEADBEEF
DEADBEEF
DEADBEEF
DEADBEEF
DEADBEEF
DEADBEEF
DEADBEEF
DEADBEEF
DEADBEEF
DEADBEEF
DEADBEEF
DEADBEEF
DEADBEEF
DEADBEEF
DEADBEEF
DEADBEEF
DEADBEEF
DEADBEEF
DEADBEEF
DEADBEEF
DEADBEEF
DEADBEEF
DEADBEEF
DEADBEEF
DEADBEEF
DEADBEEF
DEADBEEF
DEADBEEF
DEADBEEF
DEADBEEF
DEADBEEF
DEADBEEF
DEADBEEF
DEADBEEF
DEADBEEF
DEADBEEF
DEADBEEF
DEADBEEF
DEADBEEF
DEADBEEF
DEADBEEF
DEADBEEF
DEADBEEF
DEADBEEF
DEADBEEF
DEADBEEF
DEADBEEF
DEADBEEF
DEADBEEF
DEADBEEF
DEADBEEF
DEADBEEF
DEADBEEF
DEADBEEF
DEADBEEF
DEADBEEF
DEADBEEF
DEADBEEF
DEADBEEF
DEADBEEF
DEADBEEF
DEADBEEF
DEADBEEF
DEADBEEF
DEADBEEF
DEADBEEF
DEADBEEF
DEADBEEF
DEADBEEF
DEADBEEF
DEADBEEF
DEADBEEF
DEADBEEF
DEADBEEF
DEADBEEF
DEADBEEF
DEADBEEF
DEADBEEF
DEADBEEF
DEADBEEF
DEADBEEF
DEADBEEF
DEADBEEF
DEADBEEF
DEADBEEF
DEADBEEF
DEADBEEF
DEADBEEF
DEADBEEF
DEADBEEF
DEADBEEF
DEADBEEF
DEADBEEF
DEADBEEF
DEADBEEF
DEADBEEF
DEADBEEF
DEADBEEF
DEADBEEF
DEADBEEF
DEADBEEF
DEADBEEF
DEADBEEF
DEADBEEF
DEADBEEF
DEADBEEF
DEADBEEF
DEADBEEF
DEADBEEF
DEADBEEF
DEADBEEF
DEADBEEF
DEADBEEF
DEADBEEF
DEADBEEF
DEADBEEF
DEADBEEF
DEADBEEF
DEADBEEF
DEADBEEF
DEADBEEF
DEADBEEF
DEADBEEF
DEADBEEF
DEADBEEF
DEADBEEF
DEADBEEF
DEADBEEF
DEADBEEF
DEADBEEF
DEADBEEF
DEADBEEF
DEADBEEF
DEADBEEF
DEADBEEF
DEADBEEF
DEADBEEF
DEADBEEF
DEADBEEF
DEADBEEF
DEADBEEF
DEADBEEF
DEADBEEF
DEADBEEF
DEADBEEF
DEADBEEF
DEADBEEF
DEADBEEF
DEADBEEF
DEADBEEF
DEADBEEF
DEADBEEF
DEADBEEF
DEADBEEF
DEADBEEF
DEADBEEF
DEADBEEF
DEADBEEF
DEADBEEF
DEADBEEF
DEADBEEF
DEADBEEF
DEADBEEF
DEADBEEF
DEADBEEF
DEADBEEF
DEADBEEF
DEADBEEF
DEADBEEF
DEADBEEF
DEADBEEF
DEADBEEF
DEADBEEF
DEADBEEF
DEADBEEF
DEADBEEF
DEADBEEF
DEADBEEF
DEADBEEF
DEADBEEF
DEADBEEF
DEADBEEF
DEADBEEF
DEADBEEF
DEADBEEF
DEADBEEF
DEADBEEF
DEADBEEF
DEADBEEF
DEADBEEF
DEADBEEF
DEADBEEF
DEADBEEF
DEADBEEF
DEADBEEF
DEADBEEF
DEADBEEF
DEADBEEF
DEADBEEF
DEADBEEF
DEADBEEF
DEADBEEF
DEADBEEF
DEADBEEF
DEADBEEF
DEADBEEF
DEADBEEF
DEADBEEF
DEADBEEF
DEADBEEF
DEADBEEF
DEADBEEF
DEADBEEF
DEADBEEF
DEADBEEF
DEADBEEF
DEADBEEF
DEADBEEF
DEADBEEF
DEADBEEF
DEADBEEF
DEADBEEF
DEADBEEF
DEADBEEF
DEADBEEF
DEADBEEF
DEADBEEF
DEADBEEF
DEADBEEF
DEADBEEF
DEADBEEF
DEADBEEF
DEADBEEF
DEADBEEF
DEADBEEF
DEADBEEF
DEADBEEF
DEADBEEF
DEADBEEF
DEADBEEF
DEADBEEF
DEADBEEF
DEADBEEF
DEADBEEF
DEADBEEF
DEADBEEF
DEADBEEF
DEADBEEF
DEADBEEF
DEADBEEF
DEADBEEF
DEADBEEF
DEADBEEF
DEADBEEF
DEADBEEF
DEADBEEF
DEADBEEF
DEADBEEF
DEADBEEF
DEADBEEF
DEADBEEF
DEADBEEF
DEADBEEF
DEADBEEF
DEADBEEF
DEADBEEF
DEADBEEF
DEADBEEF
DEADBEEF
DEADBEEF
DEADBEEF
DEADBEEF
DEADBEEF
DEADBEEF
DEADBEEF
DEADBEEF
DEADBEEF
DEADBEEF
DEADBEEF
DEADBEEF
DEADBEEF
DEADBEEF
DEADBEEF
DEADBEEF
DEADBEEF
DEADBEEF
DEADBEEF
DEADBEEF
DEADBEEF
DEADBEEF
DEADBEEF
DEADBEEF
DEADBEEF
DEADBEEF
DEADBEEF
DEADBEEF
DEADBEEF
DEADBEEF
DEADBEEF
DEADBEEF
DEADBEEF
DEADBEEF
DEADBEEF
DEADBEEF
DEADBEEF
DEADBEEF
DEADBEEF
DEADBEEF
DEADBEEF
DEADBEEF
DEADBEEF
DEADBEEF
DEADBEEF
DEADBEEF
DEADBEEF
DEADBEEF
DEADBEEF
DEADBEEF
DEADBEEF
DEADBEEF
DEADBEEF
DEADBEEF
DEADBEEF
DEADBEEF
DEADBEEF
DEADBEEF
DEADBEEF
DEADBEEF
DEADBEEF
DEADBEEF
DEADBEEF
DEADBEEF
DEADBEEF
DEADBEEF
DEADBEEF
DEADBEEF
DEADBEEF
DEADBEEF
DEADBEEF
DEADBEEF
DEADBEEF
DEADBEEF
DEADBEEF
DEADBEEF
DEADBEEF
DEADBEEF
DEADBEEF
DEADBEEF
DEADBEEF
DEADBEEF
DEADBEEF
DEADBEEF
DEADBEEF
DEADBEEF
DEADBEEF
DEADBEEF
DEADBEEF
DEADBEEF
DEADBEEF
DEADBEEF
DEADBEEF
DEADBEEF
DEADBEEF
DEADBEEF
DEADBEEF
DEADBEEF
DEADBEEF
DEADBEEF
DEADBEEF
DEADBEEF
DEADBEEF
DEADBEEF
DEADBEEF
DEADBEEF
DEADBEEF
DEADBEEF
DEADBEEF
DEADBEEF
DEADBEEF
DEADBEEF
DEADBEEF
DEADBEEF
DEADBEEF
DEADBEEF
DEADBEEF
DEADBEEF
DEADBEEF
DEADBEEF
DEADBEEF
DEADBEEF
DEADBEEF
DEADBEEF
DEADBEEF
DEADBEEF
DEADBEEF
DEADBEEF
DEADBEEF
DEADBEEF
DEADBEEF
DEADBEEF
DEADBEEF
DEADBEEF
DEADBEEF
DEADBEEF
DEADBEEF
DEADBEEF
DEADBEEF
DEADBEEF
DEADBEEF
DEADBEEF
DEADBEEF
DEADBEEF
DEADBEEF
DEADBEEF
DEADBEEF
DEADBEEF
DEADBEEF
DEADBEEF
DEADBEEF
DEADBEEF
DEADBEEF
DEADBEEF
DEADBEEF
DEADBEEF
DEADBEEF
DEADBEEF
DEADBEEF
DEADBEEF
DEADBEEF
DEADBEEF
DEADBEEF
DEADBEEF
DEADBEEF
DEADBEEF
DEADBEEF
DEADBEEF
DEADBEEF
DEADBEEF
DEADBEEF
DEADBEEF
DEADBEEF
DEADBEEF
DEADBEEF
DEADBEEF
DEADBEEF
DEADBEEF
DEADBEEF
DEADBEEF
DEADBEEF
DEADBEEF
DEADBEEF
DEADBEEF
DEADBEEF
DEADBEEF
DEADBEEF
DEADBEEF
DEADBEEF
DEADBEEF
DEADBEEF
DEADBEEF
DEADBEEF
DEADBEEF
DEADBEEF
DEADBEEF
DEADBEEF
DEADBEEF
DEADBEEF
DEADBEEF
DEADBEEF
DEADBEEF
DEADBEEF
DEADBEEF
DEADBEEF
DEADBEEF
DEADBEEF
DEADBEEF
DEADBEEF
DEADBEEF
DEADBEEF
DEADBEEF
DEADBEEF
DEADBEEF
DEADBEEF
DEADBEEF
DEADBEEF
DEADBEEF
DEADBEEF
DEADBEEF
DEADBEEF
DEADBEEF
DEADBEEF
DEADBEEF
DEADBEEF
DEADBEEF
DEADBEEF
DEADBEEF
DEADBEEF
DEADBEEF
DEADBEEF
DEADBEEF
DEADBEEF
DEADBEEF
DEADBEEF
DEADBEEF
DEADBEEF
DEADBEEF
DEADBEEF
DEADBEEF
DEADBEEF
DEADBEEF
DEADBEEF
DEADBEEF
DEADBEEF
DEADBEEF
DEADBEEF
DEADBEEF
DEADBEEF
DEADBEEF
DEADBEEF
DEADBEEF
DEADBEEF
DEADBEEF
DEADBEEF
DEADBEEF
DEADBEEF
DEADBEEF
DEADBEEF
DEADBEEF
DEADBEEF
DEADBEEF
DEADBEEF
DEADBEEF
DEADBEEF
DEADBEEF
DEADBEEF
DEADBEEF
DEADBEEF
DEADBEEF
DEADBEEF
DEADBEEF
DEADBEEF
DEADBEEF
DEADBEEF
DEADBEEF
DEADBEEF
DEADBEEF
DEADBEEF
DEADBEEF
DEADBEEF
DEADBEEF
DEADBEEF
DEADBEEF
DEADBEEF
DEADBEEF
DEADBEEF
DEADBEEF
DEADBEEF
DEADBEEF
DEADBEEF
DEADBEEF
DEADBEEF
DEADBEEF
DEADBEEF
DEADBEEF
DEADBEEF
DEADBEEF
DEADBEEF
DEADBEEF
DEADBEEF
DEADBEEF
DEADBEEF
DEADBEEF
DEADBEEF
DEADBEEF
DEADBEEF
DEADBEEF
DEADBEEF
DEADBEEF
DEADBEEF
DEADBEEF
DEADBEEF
DEADBEEF
DEADBEEF
DEADBEEF
DEADBEEF
DEADBEEF
DEADBEEF
DEADBEEF
DEADBEEF
DEADBEEF
DEADBEEF
DEADBEEF
DEADBEEF
DEADBEEF
DEADBEEF
DEADBEEF
DEADBEEF
DEADBEEF
DEADBEEF
DEADBEEF
DEADBEEF
DEADBEEF
DEADBEEF
DEADBEEF
DEADBEEF
DEADBEEF
DEADBEEF
DEADBEEF
DEADBEEF
DEADBEEF
DEADBEEF
DEADBEEF
DEADBEEF
DEADBEEF
DEADBEEF
DEADBEEF
DEADBEEF
DEADBEEF
DEADBEEF
DEADBEEF
DEADBEEF
DEADBEEF
DEADBEEF
DEADBEEF
DEADBEEF
DEADBEEF
DEADBEEF
DEADBEEF
DEADBEEF
DEADBEEF
DEADBEEF
DEADBEEF
DEADBEEF
DEADBEEF
DEADBEEF
DEADBEEF
DEADBEEF
DEADBEEF
DEADBEEF
DEADBEEF
DEADBEEF
DEADBEEF
DEADBEEF
DEADBEEF
DEADBEEF
DEADBEEF
DEADBEEF
DEADBEEF
DEADBEEF
DEADBEEF
DEADBEEF
DEADBEEF
DEADBEEF
DEADBEEF
DEADBEEF
DEADBEEF
DEADBEEF
DEADBEEF
DEADBEEF
DEADBEEF
DEADBEEF
DEADBEEF
DEADBEEF
DEADBEEF
DEADBEEF
DEADBEEF
DEADBEEF
DEADBEEF
DEADBEEF
DEADBEEF
DEADBEEF
DEADBEEF
DEADBEEF
DEADBEEF
DEADBEEF
DEADBEEF
DEADBEEF
DEADBEEF
DEADBEEF
DEADBEEF
DEADBEEF
DEADBEEF
DEADBEEF
DEADBEEF
DEADBEEF
DEADBEEF
DEADBEEF
DEADBEEF
DEADBEEF
DEADBEEF
DEADBEEF
DEADBEEF
DEADBEEF
DEADBEEF
DEADBEEF
DEADBEEF
DEADBEEF
DEADBEEF
DEADBEEF
DEADBEEF
DEADBEEF
DEADBEEF
DEADBEEF
DEADBEEF
DEADBEEF
DEADBEEF
DEADBEEF
DEADBEEF
DEADBEEF
DEADBEEF
DEADBEEF
DEADBEEF
DEADBEEF
DEADBEEF
DEADBEEF
DEADBEEF
DEADBEEF
DEADBEEF
DEADBEEF
DEADBEEF
DEADBEEF
DEADBEEF
DEADBEEF
DEADBEEF
DEADBEEF
DEADBEEF
DEADBEEF
DEADBEEF
DEADBEEF
DEADBEEF
DEADBEEF
DEADBEEF
DEADBEEF
DEADBEEF
DEADBEEF
DEADBEEF
DEADBEEF
DEADBEEF
DEADBEEF
DEADBEEF
DEADBEEF
DEADBEEF
DEADBEEF
DEADBEEF
DEADBEEF
DEADBEEF
DEADBEEF
DEADBEEF
DEADBEEF
DEADBEEF
DEADBEEF
DEADBEEF
DEADBEEF
DEADBEEF
DEADBEEF
DEADBEEF
DEADBEEF
DEADBEEF
DEADBEEF
DEADBEEF
DEADBEEF
DEADBEEF
DEADBEEF
DEADBEEF
DEADBEEF
DEADBEEF
DEADBEEF
DEADBEEF
DEADBEEF
DEADBEEF
DEADBEEF
DEADBEEF
DEADBEEF
DEADBEEF
DEADBEEF
DEADBEEF
DEADBEEF
DEADBEEF
DEADBEEF
DEADBEEF
DEADBEEF
DEADBEEF
DEADBEEF
DEADBEEF
DEADBEEF
DEADBEEF
DEADBEEF
DEADBEEF
DEADBEEF
DEADBEEF
DEADBEEF
DEADBEEF
DEADBEEF
DEADBEEF
DEADBEEF
DEADBEEF
DEADBEEF
DEADBEEF
DEADBEEF
DEADBEEF
DEADBEEF
DEADBEEF
DEADBEEF
DEADBEEF
DEADBEEF
DEADBEEF
DEADBEEF
DEADBEEF
DEADBEEF
DEADBEEF
DEADBEEF
DEADBEEF
DEADBEEF
DEADBEEF
DEADBEEF
DEADBEEF
DEADBEEF
DEADBEEF
DEADBEEF
DEADBEEF
DEADBEEF
DEADBEEF
DEADBEEF
DEADBEEF
DEADBEEF
DEADBEEF
DEADBEEF
DEADBEEF
DEADBEEF
DEADBEEF
DEADBEEF
DEADBEEF
DEADBEEF
DEADBEEF
DEADBEEF
DEADBEEF
DEADBEEF
DEADBEEF
DEADBEEF
DEADBEEF
DEADBEEF
DEADBEEF
DEADBEEF
DEADBEEF
DEADBEEF
DEADBEEF
DEADBEEF
DEADBEEF
DEADBEEF
DEADBEEF
DEADBEEF
DEADBEEF
DEADBEEF
DEADBEEF
DEADBEEF
DEADBEEF
DEADBEEF
DEADBEEF
DEADBEEF
DEADBEEF
DEADBEEF
DEADBEEF
DEADBEEF
DEADBEEF
DEADBEEF
DEADBEEF
DEADBEEF
DEADBEEF
DEADBEEF
DEADBEEF
DEADBEEF
DEADBEEF
DEADBEEF
DEADBEEF
DEADBEEF
DEADBEEF
DEADBEEF
DEADBEEF
DEADBEEF
DEADBEEF
DEADBEEF
DEADBEEF
DEADBEEF
DEADBEEF
DEADBEEF
DEADBEEF
DEADBEEF
DEADBEEF
DEADBEEF
DEADBEEF
DEADBEEF
DEADBEEF
DEADBEEF
DEADBEEF
DEADBEEF
DEADBEEF
DEADBEEF
DEADBEEF
DEADBEEF
DEADBEEF
DEADBEEF
DEADBEEF
DEADBEEF
DEADBEEF
DEADBEEF
DEADBEEF
DEADBEEF
DEADBEEF
DEADBEEF
DEADBEEF
DEADBEEF
DEADBEEF
DEADBEEF
DEADBEEF
DEADBEEF
DEADBEEF
DEADBEEF
DEADBEEF
DEADBEEF
DEADBEEF
DEADBEEF
DEADBEEF
DEADBEEF
DEADBEEF
DEADBEEF
DEADBEEF
DEADBEEF
DEADBEEF
DEADBEEF
DEADBEEF
DEADBEEF
DEADBEEF
DEADBEEF
DEADBEEF
DEADBEEF
DEADBEEF
DEADBEEF
DEADBEEF
DEADBEEF
DEADBEEF
DEADBEEF
DEADBEEF
DEADBEEF
DEADBEEF
DEADBEEF
DEADBEEF
DEADBEEF
DEADBEEF
DEADBEEF
DEADBEEF
DEADBEEF
DEADBEEF
DEADBEEF
DEADBEEF
DEADBEEF
DEADBEEF
DEADBEEF
DEADBEEF
DEADBEEF
DEADBEEF
DEADBEEF
DEADBEEF
DEADBEEF
DEADBEEF
DEADBEEF
DEADBEEF
DEADBEEF
DEADBEEF
DEADBEEF
DEADBEEF
DEADBEEF
DEADBEEF
DEADBEEF
DEADBEEF
DEADBEEF
DEADBEEF
DEADBEEF
DEADBEEF
DEADBEEF
DEADBEEF
DEADBEEF
DEADBEEF
DEADBEEF
DEADBEEF
DEADBEEF
DEADBEEF
DEADBEEF
DEADBEEF
DEADBEEF
DEADBEEF
DEADBEEF
DEADBEEF
DEADBEEF
DEADBEEF
DEADBEEF
DEADBEEF
DEADBEEF
DEADBEEF
DEADBEEF
DEADBEEF
DEADBEEF
DEADBEEF
DEADBEEF
DEADBEEF
DEADBEEF
DEADBEEF
DEADBEEF
DEADBEEF
DEADBEEF
DEADBEEF
DEADBEEF
DEADBEEF
DEADBEEF
DEADBEEF
DEADBEEF
DEADBEEF
DEADBEEF
DEADBEEF
DEADBEEF
DEADBEEF
DEADBEEF
DEADBEEF
DEADBEEF
DEADBEEF
DEADBEEF
DEADBEEF
DEADBEEF
DEADBEEF
DEADBEEF
DEADBEEF
DEADBEEF
DEADBEEF
DEADBEEF
DEADBEEF
DEADBEEF
DEADBEEF
DEADBEEF
DEADBEEF
DEADBEEF
DEADBEEF
DEADBEEF
DEADBEEF
DEADBEEF
DEADBEEF
DEADBEEF
DEADBEEF
DEADBEEF
DEADBEEF
DEADBEEF
DEADBEEF
DEADBEEF
DEADBEEF
DEADBEEF
DEADBEEF
DEADBEEF
DEADBEEF
DEADBEEF
DEADBEEF
DEADBEEF
DEADBEEF
DEADBEEF
DEADBEEF
DEADBEEF
DEADBEEF
DEADBEEF
DEADBEEF
DEADBEEF
DEADBEEF
DEADBEEF
DEADBEEF
DEADBEEF
DEADBEEF
DEADBEEF
DEADBEEF
DEADBEEF
DEADBEEF
DEADBEEF
DEADBEEF
DEADBEEF
DEADBEEF
DEADBEEF
DEADBEEF
DEADBEEF
DEADBEEF
DEADBEEF
DEADBEEF
DEADBEEF
DEADBEEF
DEADBEEF
DEADBEEF
DEADBEEF
DEADBEEF
DEADBEEF
DEADBEEF
DEADBEEF
DEADBEEF
DEADBEEF
DEADBEEF
DEADBEEF
DEADBEEF
DEADBEEF
DEADBEEF
DEADBEEF
DEADBEEF
DEADBEEF
DEADBEEF
DEADBEEF
DEADBEEF
DEADBEEF
DEADBEEF
DEADBEEF
DEADBEEF
DEADBEEF
DEADBEEF
DEADBEEF
DEADBEEF
DEADBEEF
DEADBEEF
DEADBEEF
DEADBEEF
DEADBEEF
DEADBEEF
DEADBEEF
DEADBEEF
DEADBEEF
DEADBEEF
DEADBEEF
DEADBEEF
DEADBEEF
DEADBEEF
DEADBEEF
DEADBEEF
DEADBEEF
DEADBEEF
DEADBEEF
DEADBEEF
DEADBEEF
DEADBEEF
DEADBEEF
DEADBEEF
DEADBEEF
DEADBEEF
DEADBEEF
DEADBEEF
DEADBEEF
DEADBEEF
DEADBEEF
DEADBEEF
DEADBEEF
DEADBEEF
DEADBEEF
DEADBEEF
DEADBEEF
DEADBEEF
DEADBEEF
DEADBEEF
DEADBEEF
DEADBEEF
DEADBEEF
DEADBEEF
DEADBEEF
DEADBEEF
DEADBEEF
DEADBEEF
DEADBEEF
DEADBEEF
DEADBEEF
DEADBEEF
DEADBEEF
DEADBEEF
DEADBEEF
DEADBEEF
DEADBEEF
DEADBEEF
DEADBEEF
DEADBEEF
DEADBEEF
DEADBEEF
DEADBEEF
DEADBEEF
DEADBEEF
DEADBEEF
DEADBEEF
DEADBEEF
DEADBEEF
DEADBEEF
DEADBEEF
DEADBEEF
DEADBEEF
DEADBEEF
DEADBEEF
DEADBEEF
DEADBEEF
DEADBEEF
DEADBEEF
DEADBEEF
DEADBEEF
DEADBEEF
DEADBEEF
DEADBEEF
DEADBEEF
DEADBEEF
DEADBEEF
DEADBEEF
DEADBEEF
DEADBEEF
DEADBEEF
DEADBEEF
DEADBEEF
DEADBEEF
DEADBEEF
DEADBEEF
DEADBEEF
DEADBEEF
DEADBEEF
DEADBEEF
DEADBEEF
DEADBEEF
DEADBEEF
DEADBEEF
DEADBEEF
DEADBEEF
DEADBEEF
DEADBEEF
DEADBEEF
DEADBEEF
DEADBEEF
DEADBEEF
DEADBEEF
DEADBEEF
DEADBEEF
DEADBEEF
DEADBEEF
DEADBEEF
DEADBEEF
DEADBEEF
DEADBEEF
DEADBEEF
DEADBEEF
DEADBEEF
DEADBEEF
DEADBEEF
DEADBEEF
DEADBEEF
DEADBEEF
DEADBEEF
DEADBEEF
DEADBEEF
DEADBEEF
DEADBEEF
DEADBEEF
DEADBEEF
DEADBEEF
DEADBEEF
DEADBEEF
DEADBEEF
DEADBEEF
DEADBEEF
DEADBEEF
DEADBEEF
DEADBEEF
DEADBEEF
DEADBEEF
DEADBEEF
DEADBEEF
DEADBEEF
DEADBEEF
DEADBEEF
DEADBEEF
DEADBEEF
DEADBEEF
DEADBEEF
DEADBEEF
DEADBEEF
DEADBEEF
DEADBEEF
DEADBEEF
DEADBEEF
DEADBEEF
DEADBEEF
DEADBEEF
DEADBEEF
DEADBEEF
DEADBEEF
DEADBEEF
DEADBEEF
DEADBEEF
DEADBEEF
DEADBEEF
DEADBEEF
DEADBEEF
DEADBEEF
DEADBEEF
DEADBEEF
DEADBEEF
DEADBEEF
DEADBEEF
DEADBEEF
DEADBEEF
DEADBEEF
DEADBEEF
DEADBEEF
DEADBEEF
DEADBEEF
DEADBEEF
DEADBEEF
DEADBEEF
DEADBEEF
DEADBEEF
DEADBEEF
DEADBEEF
DEADBEEF
DEADBEEF
DEADBEEF
DEADBEEF
DEADBEEF
DEADBEEF
DEADBEEF
DEADBEEF
DEADBEEF
DEADBEEF
DEADBEEF
DEADBEEF
DEADBEEF
DEADBEEF
DEADBEEF
DEADBEEF
DEADBEEF
DEADBEEF
DEADBEEF
DEADBEEF
DEADBEEF
DEADBEEF
DEADBEEF
DEADBEEF
DEADBEEF
DEADBEEF
DEADBEEF
DEADBEEF
DEADBEEF
DEADBEEF
DEADBEEF
DEADBEEF
DEADBEEF
DEADBEEF
DEADBEEF
DEADBEEF
DEADBEEF
DEADBEEF
DEADBEEF
DEADBEEF
DEADBEEF
DEADBEEF
DEADBEEF
DEADBEEF
DEADBEEF
DEADBEEF
DEADBEEF
DEADBEEF
DEADBEEF
DEADBEEF
DEADBEEF
DEADBEEF
DEADBEEF
DEADBEEF
DEADBEEF
DEADBEEF
DEADBEEF
DEADBEEF
DEADBEEF
DEADBEEF
DEADBEEF
DEADBEEF
DEADBEEF
DEADBEEF
DEADBEEF
DEADBEEF
DEADBEEF
DEADBEEF
DEADBEEF
DEADBEEF
DEADBEEF
DEADBEEF
DEADBEEF
DEADBEEF
DEADBEEF
DEADBEEF
DEADBEEF
DEADBEEF
DEADBEEF
DEADBEEF
DEADBEEF
DEADBEEF
DEADBEEF
DEADBEEF
DEADBEEF
DEADBEEF
DEADBEEF
DEADBEEF
DEADBEEF
DEADBEEF
DEADBEEF
DEADBEEF
DEADBEEF
DEADBEEF
DEADBEEF
DEADBEEF
DEADBEEF
DEADBEEF
DEADBEEF
DEADBEEF
DEADBEEF
DEADBEEF
DEADBEEF
DEADBEEF
DEADBEEF
DEADBEEF
DEADBEEF
DEADBEEF
DEADBEEF
DEADBEEF
DEADBEEF
DEADBEEF
DEADBEEF
DEADBEEF
DEADBEEF
DEADBEEF
DEADBEEF
DEADBEEF
DEADBEEF
DEADBEEF
DEADBEEF
DEADBEEF
DEADBEEF
DEADBEEF
DEADBEEF
DEADBEEF
DEADBEEF
DEADBEEF
DEADBEEF
DEADBEEF
DEADBEEF
DEADBEEF
DEADBEEF
DEADBEEF
DEADBEEF
DEADBEEF
DEADBEEF
DEADBEEF
DEADBEEF
DEADBEEF
DEADBEEF
DEADBEEF
DEADBEEF
DEADBEEF
DEADBEEF
DEADBEEF
DEADBEEF
DEADBEEF
DEADBEEF
DEADBEEF
DEADBEEF
DEADBEEF
DEADBEEF
DEADBEEF
DEADBEEF
DEADBEEF
DEADBEEF
DEADBEEF
DEADBEEF
DEADBEEF
DEADBEEF
DEADBEEF
DEADBEEF
DEADBEEF
DEADBEEF
DEADBEEF
DEADBEEF
DEADBEEF
DEADBEEF
DEADBEEF
DEADBEEF
DEADBEEF
DEADBEEF
DEADBEEF
DEADBEEF
DEADBEEF
DEADBEEF
DEADBEEF
DEADBEEF
DEADBEEF
DEADBEEF
DEADBEEF
DEADBEEF
DEADBEEF
DEADBEEF
DEADBEEF
DEADBEEF
DEADBEEF
DEADBEEF
DEADBEEF
DEADBEEF
DEADBEEF
DEADBEEF
DEADBEEF
DEADBEEF
DEADBEEF
DEADBEEF
DEADBEEF
DEADBEEF
DEADBEEF
DEADBEEF
DEADBEEF
DEADBEEF
DEADBEEF
DEADBEEF
DEADBEEF
DEADBEEF
DEADBEEF
DEADBEEF
DEADBEEF
DEADBEEF
DEADBEEF
DEADBEEF
DEADBEEF
DEADBEEF
DEADBEEF
DEADBEEF
DEADBEEF
DEADBEEF
DEADBEEF
DEADBEEF
DEADBEEF
DEADBEEF
DEADBEEF
DEADBEEF
DEADBEEF
DEADBEEF
DEADBEEF
DEADBEEF
DEADBEEF
DEADBEEF
DEADBEEF
DEADBEEF
DEADBEEF
DEADBEEF
DEADBEEF
DEADBEEF
DEADBEEF
DEADBEEF
DEADBEEF
DEADBEEF
DEADBEEF
DEADBEEF
DEADBEEF
DEADBEEF
DEADBEEF
DEADBEEF
DEADBEEF
DEADBEEF
DEADBEEF
DEADBEEF
DEADBEEF
DEADBEEF
DEADBEEF
DEADBEEF
DEADBEEF
DEADBEEF
DEADBEEF
DEADBEEF
DEADBEEF
DEADBEEF
DEADBEEF
DEADBEEF
DEADBEEF
DEADBEEF
DEADBEEF
DEADBEEF
DEADBEEF
DEADBEEF
DEADBEEF
DEADBEEF
DEADBEEF
DEADBEEF
DEADBEEF
DEADBEEF
DEADBEEF
DEADBEEF
DEADBEEF
DEADBEEF
DEADBEEF
DEADBEEF
DEADBEEF
DEADBEEF
DEADBEEF
DEADBEEF
DEADBEEF
DEADBEEF
DEADBEEF
DEADBEEF
DEADBEEF
DEADBEEF
DEADBEEF
DEADBEEF
DEADBEEF
DEADBEEF
DEADBEEF
DEADBEEF
DEADBEEF
DEADBEEF
DEADBEEF
DEADBEEF
DEADBEEF
DEADBEEF
DEADBEEF
DEADBEEF
DEADBEEF
DEADBEEF
DEADBEEF
DEADBEEF
DEADBEEF
DEADBEEF
DEADBEEF
DEADBEEF
DEADBEEF
DEADBEEF
DEADBEEF
DEADBEEF
DEADBEEF
DEADBEEF
DEADBEEF
DEADBEEF
DEADBEEF
DEADBEEF
DEADBEEF
DEADBEEF
DEADBEEF
DEADBEEF
DEADBEEF
DEADBEEF
DEADBEEF
DEADBEEF
DEADBEEF
DEADBEEF
DEADBEEF
DEADBEEF
DEADBEEF
DEADBEEF
DEADBEEF
DEADBEEF
DEADBEEF
DEADBEEF
DEADBEEF
DEADBEEF
DEADBEEF
DEADBEEF
DEADBEEF
DEADBEEF
DEADBEEF
DEADBEEF
DEADBEEF
DEADBEEF
DEADBEEF
DEADBEEF
DEADBEEF
DEADBEEF
DEADBEEF
DEADBEEF
DEADBEEF
DEADBEEF
DEADBEEF
DEADBEEF
DEADBEEF
DEADBEEF
DEADBEEF
DEADBEEF
DEADBEEF
DEADBEEF
DEADBEEF
DEADBEEF
DEADBEEF
DEADBEEF
DEADBEEF
DEADBEEF
DEADBEEF
DEADBEEF
DEADBEEF
DEADBEEF
DEADBEEF
DEADBEEF
DEADBEEF
DEADBEEF
DEADBEEF
DEADBEEF
DEADBEEF
DEADBEEF
DEADBEEF
DEADBEEF
DEADBEEF
DEADBEEF
DEADBEEF
DEADBEEF
DEADBEEF
DEADBEEF
DEADBEEF
DEADBEEF
DEADBEEF
DEADBEEF
DEADBEEF
DEADBEEF
DEADBEEF
DEADBEEF
DEADBEEF
DEADBEEF
DEADBEEF
DEADBEEF
DEADBEEF
DEADBEEF
DEADBEEF
DEADBEEF
DEADBEEF
DEADBEEF
DEADBEEF
DEADBEEF
DEADBEEF
DEADBEEF
DEADBEEF
DEADBEEF
DEADBEEF
DEADBEEF
DEADBEEF
DEADBEEF
DEADBEEF
DEADBEEF
DEADBEEF
DEADBEEF
DEADBEEF
DEADBEEF
DEADBEEF
DEADBEEF
DEADBEEF
DEADBEEF
DEADBEEF
DEADBEEF
DEADBEEF
DEADBEEF
DEADBEEF
DEADBEEF
DEADBEEF
DEADBEEF
DEADBEEF
DEADBEEF
DEADBEEF
DEADBEEF
DEADBEEF
DEADBEEF
DEADBEEF
DEADBEEF
DEADBEEF
DEADBEEF
DEADBEEF
DEADBEEF
DEADBEEF
DEADBEEF
DEADBEEF
DEADBEEF
DEADBEEF
DEADBEEF
DEADBEEF
DEADBEEF
DEADBEEF
DEADBEEF
DEADBEEF
DEADBEEF
DEADBEEF
DEADBEEF
DEADBEEF
DEADBEEF
DEADBEEF
DEADBEEF
DEADBEEF
DEADBEEF
DEADBEEF
DEADBEEF
DEADBEEF
DEADBEEF
DEADBEEF
DEADBEEF
DEADBEEF
DEADBEEF
DEADBEEF
DEADBEEF
DEADBEEF
DEADBEEF
DEADBEEF
DEADBEEF
DEADBEEF
DEADBEEF
DEADBEEF
DEADBEEF
DEADBEEF
DEADBEEF
DEADBEEF
DEADBEEF
DEADBEEF
DEADBEEF
DEADBEEF
DEADBEEF
DEADBEEF
DEADBEEF
DEADBEEF
DEADBEEF
DEADBEEF
DEADBEEF
DEADBEEF
DEADBEEF
DEADBEEF
DEADBEEF
DEADBEEF
DEADBEEF
DEADBEEF
DEADBEEF
DEADBEEF
DEADBEEF
DEADBEEF
DEADBEEF
DEADBEEF
DEADBEEF
DEADBEEF
DEADBEEF
DEADBEEF
DEADBEEF
DEADBEEF
DEADBEEF
DEADBEEF
DEADBEEF
DEADBEEF
DEADBEEF
DEADBEEF
DEADBEEF
DEADBEEF
DEADBEEF
DEADBEEF
DEADBEEF
DEADBEEF
DEADBEEF
DEADBEEF
DEADBEEF
DEADBEEF
DEADBEEF
DEADBEEF
DEADBEEF
DEADBEEF
DEADBEEF
DEADBEEF
DEADBEEF
DEADBEEF
DEADBEEF
DEADBEEF
DEADBEEF
DEADBEEF
DEADBEEF
DEADBEEF
DEADBEEF
DEADBEEF
DEADBEEF
DEADBEEF
DEADBEEF
DEADBEEF
DEADBEEF
DEADBEEF
DEADBEEF
DEADBEEF
DEADBEEF
DEADBEEF
DEADBEEF
DEADBEEF
DEADBEEF
DEADBEEF
DEADBEEF
DEADBEEF
DEADBEEF
DEADBEEF
DEADBEEF
DEADBEEF
DEADBEEF
DEADBEEF
DEADBEEF
DEADBEEF
DEADBEEF
DEADBEEF
DEADBEEF
DEADBEEF
DEADBEEF
DEADBEEF
DEADBEEF
DEADBEEF
DEADBEEF
DEADBEEF
DEADBEEF
DEADBEEF
DEADBEEF
DEADBEEF
DEADBEEF
DEADBEEF
DEADBEEF
DEADBEEF
DEADBEEF
DEADBEEF
DEADBEEF
DEADBEEF
DEADBEEF
DEADBEEF
DEADBEEF
DEADBEEF
DEADBEEF
DEADBEEF
DEADBEEF
DEADBEEF
DEADBEEF
DEADBEEF
DEADBEEF
DEADBEEF
DEADBEEF
DEADBEEF
DEADBEEF
DEADBEEF
DEADBEEF
DEADBEEF
DEADBEEF
DEADBEEF
DEADBEEF
DEADBEEF
DEADBEEF
DEADBEEF
DEADBEEF
DEADBEEF
DEADBEEF
DEADBEEF
DEADBEEF
DEADBEEF
DEADBEEF
DEADBEEF
DEADBEEF
DEADBEEF
DEADBEEF
DEADBEEF
DEADBEEF
DEADBEEF
DEADBEEF
DEADBEEF
DEADBEEF
DEADBEEF
DEADBEEF
DEADBEEF
DEADBEEF
DEADBEEF
DEADBEEF
DEADBEEF
DEADBEEF
DEADBEEF
DEADBEEF
DEADBEEF
DEADBEEF
DEADBEEF
DEADBEEF
DEADBEEF
DEADBEEF
DEADBEEF
DEADBEEF
DEADBEEF
DEADBEEF
DEADBEEF
DEADBEEF
DEADBEEF
DEADBEEF
DEADBEEF
DEADBEEF
DEADBEEF
DEADBEEF
DEADBEEF
DEADBEEF
DEADBEEF
DEADBEEF
DEADBEEF
DEADBEEF
DEADBEEF
DEADBEEF
DEADBEEF
DEADBEEF
DEADBEEF
DEADBEEF
DEADBEEF
DEADBEEF
DEADBEEF
DEADBEEF
DEADBEEF
DEADBEEF
DEADBEEF
DEADBEEF
DEADBEEF
DEADBEEF
DEADBEEF
DEADBEEF
DEADBEEF
DEADBEEF
DEADBEEF
DEADBEEF
DEADBEEF
DEADBEEF
DEADBEEF
DEADBEEF
DEADBEEF
DEADBEEF
DEADBEEF
DEADBEEF
DEADBEEF
DEADBEEF
DEADBEEF
DEADBEEF
DEADBEEF
DEADBEEF
DEADBEEF
DEADBEEF
DEADBEEF
DEADBEEF
DEADBEEF
DEADBEEF
DEADBEEF
DEADBEEF
DEADBEEF
DEADBEEF
DEADBEEF
DEADBEEF
DEADBEEF
DEADBEEF
DEADBEEF
DEADBEEF
DEADBEEF
DEADBEEF
DEADBEEF
DEADBEEF
DEADBEEF
DEADBEEF
DEADBEEF
DEADBEEF
DEADBEEF
DEADBEEF
DEADBEEF
DEADBEEF
DEADBEEF
DEADBEEF
DEADBEEF
DEADBEEF
DEADBEEF
DEADBEEF
DEADBEEF
DEADBEEF
DEADBEEF
DEADBEEF
DEADBEEF
DEADBEEF
DEADBEEF
DEADBEEF
DEADBEEF
DEADBEEF
DEADBEEF
DEADBEEF
DEADBEEF
DEADBEEF
DEADBEEF
DEADBEEF
DEADBEEF
DEADBEEF
DEADBEEF
DEADBEEF
DEADBEEF
DEADBEEF
DEADBEEF
DEADBEEF
DEADBEEF
DEADBEEF
DEADBEEF
DEADBEEF
DEADBEEF
DEADBEEF
DEADBEEF
DEADBEEF
DEADBEEF
DEADBEEF
DEADBEEF
DEADBEEF
DEADBEEF
DEADBEEF
DEADBEEF
DEADBEEF
DEADBEEF
DEADBEEF
DEADBEEF
DEADBEEF
DEADBEEF
DEADBEEF
DEADBEEF
DEADBEEF
DEADBEEF
DEADBEEF
DEADBEEF
DEADBEEF
DEADBEEF
DEADBEEF
DEADBEEF
DEADBEEF
DEADBEEF
DEADBEEF
DEADBEEF
DEADBEEF
DEADBEEF
DEADBEEF
DEADBEEF
DEADBEEF
DEADBEEF
DEADBEEF
DEADBEEF
DEADBEEF
DEADBEEF
DEADBEEF
DEADBEEF
DEADBEEF
DEADBEEF
DEADBEEF
DEADBEEF
DEADBEEF
DEADBEEF
DEADBEEF
DEADBEEF
DEADBEEF
DEADBEEF
DEADBEEF
DEADBEEF
DEADBEEF
DEADBEEF
DEADBEEF
DEADBEEF
DEADBEEF
DEADBEEF
DEADBEEF
DEADBEEF
DEADBEEF
DEADBEEF
DEADBEEF
DEADBEEF
DEADBEEF
DEADBEEF
DEADBEEF
DEADBEEF
DEADBEEF
DEADBEEF
DEADBEEF
DEADBEEF
DEADBEEF
DEADBEEF
DEADBEEF
DEADBEEF
DEADBEEF
DEADBEEF
DEADBEEF
DEADBEEF
DEADBEEF
DEADBEEF
DEADBEEF
DEADBEEF
DEADBEEF
DEADBEEF
DEADBEEF
DEADBEEF
DEADBEEF
DEADBEEF
DEADBEEF
DEADBEEF
DEADBEEF
DEADBEEF
DEADBEEF
DEADBEEF
DEADBEEF
DEADBEEF
DEADBEEF
DEADBEEF
DEADBEEF
DEADBEEF
DEADBEEF
DEADBEEF
DEADBEEF
DEADBEEF
DEADBEEF
DEADBEEF
DEADBEEF
DEADBEEF
DEADBEEF
DEADBEEF
DEADBEEF
DEADBEEF
DEADBEEF
DEADBEEF
DEADBEEF
DEADBEEF
DEADBEEF
DEADBEEF
DEADBEEF
DEADBEEF
DEADBEEF
DEADBEEF
DEADBEEF
DEADBEEF
DEADBEEF
DEADBEEF
DEADBEEF
DEADBEEF
DEADBEEF
DEADBEEF
DEADBEEF
DEADBEEF
DEADBEEF
DEADBEEF
DEADBEEF
DEADBEEF
DEADBEEF
DEADBEEF
DEADBEEF
DEADBEEF
DEADBEEF
DEADBEEF
DEADBEEF
DEADBEEF
DEADBEEF
DEADBEEF
DEADBEEF
DEADBEEF
DEADBEEF
DEADBEEF
DEADBEEF
DEADBEEF
DEADBEEF
DEADBEEF
DEADBEEF
DEADBEEF
DEADBEEF
DEADBEEF
DEADBEEF
DEADBEEF
DEADBEEF
DEADBEEF
DEADBEEF
DEADBEEF
DEADBEEF
DEADBEEF
DEADBEEF
DEADBEEF
DEADBEEF
DEADBEEF
DEADBEEF
DEADBEEF
DEADBEEF
DEADBEEF
DEADBEEF
DEADBEEF
DEADBEEF
DEADBEEF
DEADBEEF
DEADBEEF
DEADBEEF
DEADBEEF
DEADBEEF
DEADBEEF
DEADBEEF
DEADBEEF
DEADBEEF
DEADBEEF
DEADBEEF
DEADBEEF
DEADBEEF
DEADBEEF
DEADBEEF
DEADBEEF
DEADBEEF
DEADBEEF
DEADBEEF
DEADBEEF
DEADBEEF
DEADBEEF
DEADBEEF
DEADBEEF
DEADBEEF
DEADBEEF
DEADBEEF
DEADBEEF
DEADBEEF
DEADBEEF
DEADBEEF
DEADBEEF
DEADBEEF
DEADBEEF
DEADBEEF
DEADBEEF
DEADBEEF
DEADBEEF
DEADBEEF
DEADBEEF
DEADBEEF
DEADBEEF
DEADBEEF
DEADBEEF
DEADBEEF
DEADBEEF
DEADBEEF
DEADBEEF
DEADBEEF
DEADBEEF
DEADBEEF
DEADBEEF
DEADBEEF
DEADBEEF
DEADBEEF
DEADBEEF
DEADBEEF
DEADBEEF
DEADBEEF
DEADBEEF
DEADBEEF
DEADBEEF
DEADBEEF
DEADBEEF
DEADBEEF
DEADBEEF
DEADBEEF
DEADBEEF
DEADBEEF
DEADBEEF
DEADBEEF
DEADBEEF
DEADBEEF
DEADBEEF
DEADBEEF
DEADBEEF
DEADBEEF
DEADBEEF
DEADBEEF
DEADBEEF
DEADBEEF
DEADBEEF
DEADBEEF
DEADBEEF
DEADBEEF
DEADBEEF
DEADBEEF
DEADBEEF
DEADBEEF
DEADBEEF
DEADBEEF
DEADBEEF
DEADBEEF
DEADBEEF
DEADBEEF
DEADBEEF
DEADBEEF
DEADBEEF
DEADBEEF
DEADBEEF
DEADBEEF
DEADBEEF
DEADBEEF
DEADBEEF
DEADBEEF
DEADBEEF
DEADBEEF
DEADBEEF
DEADBEEF
DEADBEEF
DEADBEEF
DEADBEEF
DEADBEEF
DEADBEEF
DEADBEEF
DEADBEEF
DEADBEEF
DEADBEEF
DEADBEEF
DEADBEEF
DEADBEEF
DEADBEEF
DEADBEEF
DEADBEEF
DEADBEEF
DEADBEEF
DEADBEEF
DEADBEEF
DEADBEEF
DEADBEEF
DEADBEEF
DEADBEEF
DEADBEEF
DEADBEEF
DEADBEEF
DEADBEEF
DEADBEEF
DEADBEEF
DEADBEEF
DEADBEEF
DEADBEEF
DEADBEEF
DEADBEEF
DEADBEEF
DEADBEEF
DEADBEEF
DEADBEEF
DEADBEEF
DEADBEEF
DEADBEEF
DEADBEEF
DEADBEEF
DEADBEEF
DEADBEEF
DEADBEEF
DEADBEEF
DEADBEEF
DEADBEEF
DEADBEEF
DEADBEEF
DEADBEEF
DEADBEEF
DEADBEEF
DEADBEEF
DEADBEEF
DEADBEEF
DEADBEEF
DEADBEEF
DEADBEEF
DEADBEEF
DEADBEEF
DEADBEEF
DEADBEEF
DEADBEEF
DEADBEEF
DEADBEEF
DEADBEEF
DEADBEEF
DEADBEEF
DEADBEEF
DEADBEEF
DEADBEEF
DEADBEEF
DEADBEEF
DEADBEEF
DEADBEEF
DEADBEEF
DEADBEEF
DEADBEEF
DEADBEEF
DEADBEEF
DEADBEEF
DEADBEEF
DEADBEEF
DEADBEEF
DEADBEEF
DEADBEEF
DEADBEEF
DEADBEEF
DEADBEEF
DEADBEEF
DEADBEEF
DEADBEEF
DEADBEEF
DEADBEEF
DEADBEEF
DEADBEEF
DEADBEEF
DEADBEEF
DEADBEEF
DEADBEEF
DEADBEEF
DEADBEEF
DEADBEEF
DEADBEEF
DEADBEEF
DEADBEEF
DEADBEEF
DEADBEEF
DEADBEEF
DEADBEEF
DEADBEEF
DEADBEEF
DEADBEEF
DEADBEEF
DEADBEEF
DEADBEEF
DEADBEEF
DEADBEEF
DEADBEEF
DEADBEEF
DEADBEEF
DEADBEEF
DEADBEEF
DEADBEEF
DEADBEEF
DEADBEEF
DEADBEEF
DEADBEEF
DEADBEEF
DEADBEEF
DEADBEEF
DEADBEEF
DEADBEEF
DEADBEEF
DEADBEEF
DEADBEEF
DEADBEEF
DEADBEEF
DEADBEEF
DEADBEEF
DEADBEEF
DEADBEEF
DEADBEEF
DEADBEEF
DEADBEEF
DEADBEEF
DEADBEEF
DEADBEEF
DEADBEEF
DEADBEEF
DEADBEEF
DEADBEEF
DEADBEEF
DEADBEEF
DEADBEEF
DEADBEEF
DEADBEEF
DEADBEEF
DEADBEEF
DEADBEEF
DEADBEEF
DEADBEEF
DEADBEEF
DEADBEEF
DEADBEEF
DEADBEEF
DEADBEEF
DEADBEEF
DEADBEEF
DEADBEEF
DEADBEEF
DEADBEEF
DEADBEEF
DEADBEEF
DEADBEEF
DEADBEEF
DEADBEEF
DEADBEEF
DEADBEEF
DEADBEEF
DEADBEEF
DEADBEEF
DEADBEEF
DEADBEEF
DEADBEEF
DEADBEEF
DEADBEEF
DEADBEEF
DEADBEEF
DEADBEEF
DEADBEEF
DEADBEEF
DEADBEEF
DEADBEEF
DEADBEEF
DEADBEEF
DEADBEEF
DEADBEEF
DEADBEEF
DEADBEEF
DEADBEEF
DEADBEEF
DEADBEEF
DEADBEEF
DEADBEEF
DEADBEEF
DEADBEEF
DEADBEEF
DEADBEEF
DEADBEEF
DEADBEEF
DEADBEEF
DEADBEEF
DEADBEEF
DEADBEEF
DEADBEEF
DEADBEEF
DEADBEEF
DEADBEEF
DEADBEEF
DEADBEEF
DEADBEEF
DEADBEEF
DEADBEEF
DEADBEEF
DEADBEEF
DEADBEEF
DEADBEEF
DEADBEEF
DEADBEEF
DEADBEEF
DEADBEEF
DEADBEEF
DEADBEEF
DEADBEEF
DEADBEEF
DEADBEEF
DEADBEEF
DEADBEEF
DEADBEEF
DEADBEEF
DEADBEEF
DEADBEEF
DEADBEEF
DEADBEEF
DEADBEEF
DEADBEEF
DEADBEEF
DEADBEEF
DEADBEEF
DEADBEEF
DEADBEEF
DEADBEEF
DEADBEEF
DEADBEEF
DEADBEEF
DEADBEEF
DEADBEEF
DEADBEEF
DEADBEEF
DEADBEEF
DEADBEEF
DEADBEEF
DEADBEEF
DEADBEEF
DEADBEEF
DEADBEEF
DEADBEEF
DEADBEEF
DEADBEEF
DEADBEEF
DEADBEEF
DEADBEEF
DEADBEEF
DEADBEEF
DEADBEEF
DEADBEEF
DEADBEEF
DEADBEEF
DEADBEEF
DEADBEEF
DEADBEEF
DEADBEEF
DEADBEEF
DEADBEEF
DEADBEEF
DEADBEEF
DEADBEEF
DEADBEEF
DEADBEEF
DEADBEEF
DEADBEEF
DEADBEEF
DEADBEEF
DEADBEEF
DEADBEEF
DEADBEEF
DEADBEEF
DEADBEEF
DEADBEEF
DEADBEEF
DEADBEEF
DEADBEEF
DEADBEEF
DEADBEEF
DEADBEEF
DEADBEEF
DEADBEEF
DEADBEEF
DEADBEEF
DEADBEEF
DEADBEEF
DEADBEEF
DEADBEEF
DEADBEEF
DEADBEEF
DEADBEEF
DEADBEEF
DEADBEEF
DEADBEEF
DEADBEEF
DEADBEEF
DEADBEEF
DEADBEEF
DEADBEEF
DEADBEEF
DEADBEEF
DEADBEEF
DEADBEEF
DEADBEEF
DEADBEEF
DEADBEEF
DEADBEEF
DEADBEEF
DEADBEEF
DEADBEEF
DEADBEEF
DEADBEEF
DEADBEEF
DEADBEEF
DEADBEEF
DEADBEEF
DEADBEEF
DEADBEEF
DEADBEEF
DEADBEEF
DEADBEEF
DEADBEEF
DEADBEEF
DEADBEEF
DEADBEEF
DEADBEEF
DEADBEEF
DEADBEEF
DEADBEEF
DEADBEEF
DEADBEEF
DEADBEEF
DEADBEEF
DEADBEEF
DEADBEEF
DEADBEEF
DEADBEEF
DEADBEEF
DEADBEEF
DEADBEEF
DEADBEEF
DEADBEEF
DEADBEEF
DEADBEEF
DEADBEEF
DEADBEEF
DEADBEEF
DEADBEEF
DEADBEEF
DEADBEEF
DEADBEEF
DEADBEEF
DEADBEEF
DEADBEEF
DEADBEEF
DEADBEEF
DEADBEEF
DEADBEEF
DEADBEEF
DEADBEEF
DEADBEEF
DEADBEEF
DEADBEEF
DEADBEEF
DEADBEEF
DEADBEEF
DEADBEEF
DEADBEEF
DEADBEEF
DEADBEEF
DEADBEEF
DEADBEEF
DEADBEEF
DEADBEEF
DEADBEEF
DEADBEEF
DEADBEEF
DEADBEEF
DEADBEEF
DEADBEEF
DEADBEEF
DEADBEEF
DEADBEEF
DEADBEEF
DEADBEEF
DEADBEEF
DEADBEEF
DEADBEEF
DEADBEEF
DEADBEEF
DEADBEEF
DEADBEEF
DEADBEEF
DEADBEEF
DEADBEEF
DEADBEEF
DEADBEEF
DEADBEEF
DEADBEEF
DEADBEEF
DEADBEEF
DEADBEEF
DEADBEEF
DEADBEEF
DEADBEEF
DEADBEEF
DEADBEEF
DEADBEEF
DEADBEEF
DEADBEEF
DEADBEEF
DEADBEEF
DEADBEEF
DEADBEEF
DEADBEEF
DEADBEEF
DEADBEEF
DEADBEEF
DEADBEEF
DEADBEEF
DEADBEEF
DEADBEEF
DEADBEEF
DEADBEEF
DEADBEEF
DEADBEEF
DEADBEEF
DEADBEEF
DEADBEEF
DEADBEEF
DEADBEEF
DEADBEEF
DEADBEEF
DEADBEEF
DEADBEEF
DEADBEEF
DEADBEEF
DEADBEEF
DEADBEEF
DEADBEEF
DEADBEEF
DEADBEEF
DEADBEEF
DEADBEEF
DEADBEEF
DEADBEEF
DEADBEEF
DEADBEEF
DEADBEEF
DEADBEEF
DEADBEEF
DEADBEEF
DEADBEEF
DEADBEEF
DEADBEEF
DEADBEEF
DEADBEEF
DEADBEEF
DEADBEEF
DEADBEEF
DEADBEEF
DEADBEEF
DEADBEEF
DEADBEEF
DEADBEEF
DEADBEEF
DEADBEEF
DEADBEEF
DEADBEEF
DEADBEEF
DEADBEEF
DEADBEEF
DEADBEEF
DEADBEEF
DEADBEEF
DEADBEEF
DEADBEEF
DEADBEEF
DEADBEEF
DEADBEEF
DEADBEEF
DEADBEEF
DEADBEEF
DEADBEEF
DEADBEEF
DEADBEEF
DEADBEEF
DEADBEEF
DEADBEEF
DEADBEEF
DEADBEEF
DEADBEEF
DEADBEEF
DEADBEEF
DEADBEEF
DEADBEEF
DEADBEEF
DEADBEEF
DEADBEEF
DEADBEEF
DEADBEEF
DEADBEEF
DEADBEEF
DEADBEEF
DEADBEEF
DEADBEEF
DEADBEEF
DEADBEEF
DEADBEEF
DEADBEEF
DEADBEEF
DEADBEEF
DEADBEEF
DEADBEEF
DEADBEEF
DEADBEEF
DEADBEEF
DEADBEEF
DEADBEEF
DEADBEEF
DEADBEEF
DEADBEEF
DEADBEEF
DEADBEEF
DEADBEEF
DEADBEEF
DEADBEEF
DEADBEEF
DEADBEEF
DEADBEEF
DEADBEEF
DEADBEEF
DEADBEEF
DEADBEEF
DEADBEEF
DEADBEEF
DEADBEEF
DEADBEEF
DEADBEEF
DEADBEEF
DEADBEEF
DEADBEEF
DEADBEEF
DEADBEEF
DEADBEEF
DEADBEEF
DEADBEEF
DEADBEEF
DEADBEEF
DEADBEEF
DEADBEEF
DEADBEEF
DEADBEEF
DEADBEEF
DEADBEEF
DEADBEEF
DEADBEEF
DEADBEEF
DEADBEEF
DEADBEEF
DEADBEEF
DEADBEEF
DEADBEEF
DEADBEEF
DEADBEEF
DEADBEEF
DEADBEEF
DEADBEEF
DEADBEEF
DEADBEEF
DEADBEEF
DEADBEEF
DEADBEEF
DEADBEEF
DEADBEEF
DEADBEEF
DEADBEEF
DEADBEEF
DEADBEEF
DEADBEEF
DEADBEEF
DEADBEEF
DEADBEEF
DEADBEEF
DEADBEEF
DEADBEEF
DEADBEEF
DEADBEEF
DEADBEEF
DEADBEEF
DEADBEEF
DEADBEEF
DEADBEEF
DEADBEEF
DEADBEEF
DEADBEEF
DEADBEEF
DEADBEEF
DEADBEEF
DEADBEEF
DEADBEEF
DEADBEEF
DEADBEEF
DEADBEEF
DEADBEEF
DEADBEEF
DEADBEEF
DEADBEEF
DEADBEEF
DEADBEEF
DEADBEEF
DEADBEEF
DEADBEEF
DEADBEEF
DEADBEEF
DEADBEEF
DEADBEEF
DEADBEEF
DEADBEEF
DEADBEEF
DEADBEEF
DEADBEEF
DEADBEEF
DEADBEEF
DEADBEEF
DEADBEEF
DEADBEEF
DEADBEEF
DEADBEEF
DEADBEEF
DEADBEEF
DEADBEEF
DEADBEEF
DEADBEEF
DEADBEEF
DEADBEEF
DEADBEEF
DEADBEEF
DEADBEEF
DEADBEEF
DEADBEEF
DEADBEEF
DEADBEEF
DEADBEEF
DEADBEEF
DEADBEEF
DEADBEEF
DEADBEEF
DEADBEEF
DEADBEEF
DEADBEEF
DEADBEEF
DEADBEEF
DEADBEEF
DEADBEEF
DEADBEEF
DEADBEEF
DEADBEEF
DEADBEEF
DEADBEEF
DEADBEEF
DEADBEEF
DEADBEEF
DEADBEEF
DEADBEEF
DEADBEEF
DEADBEEF
DEADBEEF
DEADBEEF
DEADBEEF
DEADBEEF
DEADBEEF
DEADBEEF
DEADBEEF
DEADBEEF
DEADBEEF
DEADBEEF
DEADBEEF
DEADBEEF
DEADBEEF
DEADBEEF
DEADBEEF
DEADBEEF
DEADBEEF
DEADBEEF
DEADBEEF
DEADBEEF
DEADBEEF
DEADBEEF
DEADBEEF
DEADBEEF
DEADBEEF
DEADBEEF
DEADBEEF
DEADBEEF
DEADBEEF
DEADBEEF
DEADBEEF
DEADBEEF
DEADBEEF
DEADBEEF
DEADBEEF
DEADBEEF
DEADBEEF
DEADBEEF
DEADBEEF
DEADBEEF
DEADBEEF
DEADBEEF
DEADBEEF
DEADBEEF
DEADBEEF
DEADBEEF
DEADBEEF
DEADBEEF
DEADBEEF
DEADBEEF
DEADBEEF
DEADBEEF
DEADBEEF
DEADBEEF
DEADBEEF
DEADBEEF
DEADBEEF
DEADBEEF
DEADBEEF
DEADBEEF
DEADBEEF
DEADBEEF
DEADBEEF
DEADBEEF
DEADBEEF
DEADBEEF
DEADBEEF
DEADBEEF
DEADBEEF
DEADBEEF
DEADBEEF
DEADBEEF
DEADBEEF
DEADBEEF
DEADBEEF
DEADBEEF
DEADBEEF
DEADBEEF
DEADBEEF
DEADBEEF
DEADBEEF
DEADBEEF
DEADBEEF
DEADBEEF
DEADBEEF
DEADBEEF
DEADBEEF
DEADBEEF
DEADBEEF
DEADBEEF
DEADBEEF
DEADBEEF
DEADBEEF
DEADBEEF
DEADBEEF
DEADBEEF
DEADBEEF
DEADBEEF
DEADBEEF
DEADBEEF
DEADBEEF
DEADBEEF
DEADBEEF
DEADBEEF
DEADBEEF
DEADBEEF
DEADBEEF
DEADBEEF
DEADBEEF
DEADBEEF
DEADBEEF
DEADBEEF
DEADBEEF
DEADBEEF
DEADBEEF
DEADBEEF
DEADBEEF
DEADBEEF
DEADBEEF
DEADBEEF
DEADBEEF
DEADBEEF
DEADBEEF
DEADBEEF
DEADBEEF
DEADBEEF
DEADBEEF
DEADBEEF
DEADBEEF
DEADBEEF
DEADBEEF
DEADBEEF
DEADBEEF
DEADBEEF
DEADBEEF
DEADBEEF
DEADBEEF
DEADBEEF
DEADBEEF
DEADBEEF
DEADBEEF
DEADBEEF
DEADBEEF
DEADBEEF
DEADBEEF
DEADBEEF
DEADBEEF
DEADBEEF
DEADBEEF
DEADBEEF
DEADBEEF
DEADBEEF
DEADBEEF
DEADBEEF
DEADBEEF
DEADBEEF
DEADBEEF
DEADBEEF
DEADBEEF
DEADBEEF
DEADBEEF
DEADBEEF
DEADBEEF
DEADBEEF
DEADBEEF
DEADBEEF
DEADBEEF
DEADBEEF
DEADBEEF
DEADBEEF
DEADBEEF
DEADBEEF
DEADBEEF
DEADBEEF
DEADBEEF
DEADBEEF
DEADBEEF
DEADBEEF
DEADBEEF
DEADBEEF
DEADBEEF
DEADBEEF
DEADBEEF
DEADBEEF
DEADBEEF
DEADBEEF
DEADBEEF
DEADBEEF
DEADBEEF
DEADBEEF
DEADBEEF
DEADBEEF
DEADBEEF
DEADBEEF
DEADBEEF
DEADBEEF
DEADBEEF
DEADBEEF
DEADBEEF
DEADBEEF
DEADBEEF
DEADBEEF
DEADBEEF
DEADBEEF
DEADBEEF
DEADBEEF
DEADBEEF
DEADBEEF
DEADBEEF
DEADBEEF
DEADBEEF
DEADBEEF
DEADBEEF
DEADBEEF
DEADBEEF
DEADBEEF
DEADBEEF
DEADBEEF
DEADBEEF
DEADBEEF
DEADBEEF
DEADBEEF
DEADBEEF
DEADBEEF
DEADBEEF
DEADBEEF
DEADBEEF
DEADBEEF
DEADBEEF
DEADBEEF
DEADBEEF
DEADBEEF
DEADBEEF
DEADBEEF
DEADBEEF
DEADBEEF
DEADBEEF
DEADBEEF
DEADBEEF
DEADBEEF
DEADBEEF
DEADBEEF
DEADBEEF
DEADBEEF
DEADBEEF
DEADBEEF
DEADBEEF
DEADBEEF
DEADBEEF
DEADBEEF
DEADBEEF
DEADBEEF
DEADBEEF
DEADBEEF
DEADBEEF
DEADBEEF
DEADBEEF
DEADBEEF
DEADBEEF
DEADBEEF
DEADBEEF
DEADBEEF
DEADBEEF
DEADBEEF
DEADBEEF
DEADBEEF
DEADBEEF
DEADBEEF
DEADBEEF
DEADBEEF
DEADBEEF
DEADBEEF
DEADBEEF
DEADBEEF
DEADBEEF
DEADBEEF
DEADBEEF
DEADBEEF
DEADBEEF
DEADBEEF
DEADBEEF
DEADBEEF
DEADBEEF
DEADBEEF
DEADBEEF
DEADBEEF
DEADBEEF
DEADBEEF
DEADBEEF
DEADBEEF
DEADBEEF
DEADBEEF
DEADBEEF
DEADBEEF
DEADBEEF
DEADBEEF
DEADBEEF
DEADBEEF
DEADBEEF
DEADBEEF
DEADBEEF
DEADBEEF
DEADBEEF
DEADBEEF
DEADBEEF
DEADBEEF
DEADBEEF
DEADBEEF
DEADBEEF
DEADBEEF
DEADBEEF
DEADBEEF
DEADBEEF
DEADBEEF
DEADBEEF
DEADBEEF
DEADBEEF
DEADBEEF
DEADBEEF
DEADBEEF
DEADBEEF
DEADBEEF
DEADBEEF
DEADBEEF
DEADBEEF
DEADBEEF
DEADBEEF
DEADBEEF
DEADBEEF
DEADBEEF
DEADBEEF
DEADBEEF
DEADBEEF
DEADBEEF
DEADBEEF
DEADBEEF
DEADBEEF
DEADBEEF
DEADBEEF
DEADBEEF
DEADBEEF
DEADBEEF
DEADBEEF
DEADBEEF
DEADBEEF
DEADBEEF
DEADBEEF
DEADBEEF
DEADBEEF
DEADBEEF
DEADBEEF
DEADBEEF
DEADBEEF
DEADBEEF
DEADBEEF
DEADBEEF
DEADBEEF
DEADBEEF
DEADBEEF
DEADBEEF
DEADBEEF
DEADBEEF
DEADBEEF
DEADBEEF
DEADBEEF
DEADBEEF
DEADBEEF
DEADBEEF
DEADBEEF
DEADBEEF
DEADBEEF
DEADBEEF
DEADBEEF
DEADBEEF
DEADBEEF
DEADBEEF
DEADBEEF
DEADBEEF
DEADBEEF
DEADBEEF
DEADBEEF
DEADBEEF
DEADBEEF
DEADBEEF
DEADBEEF
DEADBEEF
DEADBEEF
DEADBEEF
DEADBEEF
DEADBEEF
DEADBEEF
DEADBEEF
DEADBEEF
DEADBEEF
DEADBEEF
DEADBEEF
DEADBEEF
DEADBEEF
DEADBEEF
DEADBEEF
DEADBEEF
DEADBEEF
DEADBEEF
DEADBEEF
DEADBEEF
DEADBEEF
DEADBEEF
DEADBEEF
DEADBEEF
DEADBEEF
DEADBEEF
DEADBEEF
DEADBEEF
DEADBEEF
DEADBEEF
DEADBEEF
DEADBEEF
DEADBEEF
DEADBEEF
DEADBEEF
DEADBEEF
DEADBEEF
DEADBEEF
DEADBEEF
DEADBEEF
DEADBEEF
DEADBEEF
DEADBEEF
DEADBEEF
DEADBEEF
DEADBEEF
DEADBEEF
DEADBEEF
DEADBEEF
DEADBEEF
DEADBEEF
DEADBEEF
DEADBEEF
DEADBEEF
DEADBEEF
DEADBEEF
DEADBEEF
DEADBEEF
DEADBEEF
DEADBEEF
DEADBEEF
DEADBEEF
DEADBEEF
DEADBEEF
DEADBEEF
DEADBEEF
DEADBEEF
DEADBEEF
DEADBEEF
DEADBEEF
DEADBEEF
DEADBEEF
DEADBEEF
DEADBEEF
DEADBEEF
DEADBEEF
DEADBEEF
DEADBEEF
DEADBEEF
DEADBEEF
DEADBEEF
DEADBEEF
DEADBEEF
DEADBEEF
DEADBEEF
DEADBEEF
DEADBEEF
DEADBEEF
DEADBEEF
DEADBEEF
DEADBEEF
DEADBEEF
DEADBEEF
DEADBEEF
DEADBEEF
DEADBEEF
DEADBEEF
DEADBEEF
DEADBEEF
DEADBEEF
DEADBEEF
DEADBEEF
DEADBEEF
DEADBEEF
DEADBEEF
DEADBEEF
DEADBEEF
DEADBEEF
DEADBEEF
DEADBEEF
DEADBEEF
DEADBEEF
DEADBEEF
DEADBEEF
DEADBEEF
DEADBEEF
DEADBEEF
DEADBEEF
DEADBEEF
DEADBEEF
DEADBEEF
DEADBEEF
DEADBEEF
DEADBEEF
DEADBEEF
DEADBEEF
DEADBEEF
DEADBEEF
DEADBEEF
DEADBEEF
DEADBEEF
DEADBEEF
DEADBEEF
DEADBEEF
DEADBEEF
DEADBEEF
DEADBEEF
DEADBEEF
DEADBEEF
DEADBEEF
DEADBEEF
DEADBEEF
DEADBEEF
DEADBEEF
DEADBEEF
DEADBEEF
DEADBEEF
DEADBEEF
DEADBEEF
DEADBEEF
DEADBEEF
DEADBEEF
DEADBEEF
DEADBEEF
DEADBEEF
DEADBEEF
DEADBEEF
DEADBEEF
DEADBEEF
DEADBEEF
DEADBEEF
DEADBEEF
DEADBEEF
DEADBEEF
DEADBEEF
DEADBEEF
DEADBEEF
DEADBEEF
DEADBEEF
DEADBEEF
DEADBEEF
DEADBEEF
DEADBEEF
DEADBEEF
DEADBEEF
DEADBEEF
DEADBEEF
DEADBEEF
DEADBEEF
DEADBEEF
DEADBEEF
DEADBEEF
DEADBEEF
DEADBEEF
DEADBEEF
DEADBEEF
DEADBEEF
DEADBEEF
DEADBEEF
DEADBEEF
DEADBEEF
DEADBEEF
DEADBEEF
DEADBEEF
DEADBEEF
DEADBEEF
DEADBEEF
DEADBEEF
DEADBEEF
DEADBEEF
DEADBEEF
DEADBEEF
DEADBEEF
DEADBEEF
DEADBEEF
DEADBEEF
DEADBEEF
DEADBEEF
DEADBEEF
DEADBEEF
DEADBEEF
DEADBEEF
DEADBEEF
DEADBEEF
DEADBEEF
DEADBEEF
DEADBEEF
DEADBEEF
DEADBEEF
DEADBEEF
DEADBEEF
DEADBEEF
DEADBEEF
DEADBEEF
DEADBEEF
DEADBEEF
DEADBEEF
DEADBEEF
DEADBEEF
DEADBEEF
DEADBEEF
DEADBEEF
DEADBEEF
DEADBEEF
DEADBEEF
DEADBEEF
DEADBEEF
DEADBEEF
DEADBEEF
DEADBEEF
DEADBEEF
DEADBEEF
DEADBEEF
DEADBEEF
DEADBEEF
DEADBEEF
DEADBEEF
DEADBEEF
DEADBEEF
DEADBEEF
DEADBEEF
DEADBEEF
DEADBEEF
DEADBEEF
DEADBEEF
DEADBEEF
DEADBEEF
DEADBEEF
DEADBEEF
DEADBEEF
DEADBEEF
DEADBEEF
DEADBEEF
DEADBEEF
DEADBEEF
DEADBEEF
DEADBEEF
DEADBEEF
DEADBEEF
DEADBEEF
DEADBEEF
DEADBEEF
DEADBEEF
DEADBEEF
DEADBEEF
DEADBEEF
DEADBEEF
DEADBEEF
DEADBEEF
DEADBEEF
DEADBEEF
DEADBEEF
DEADBEEF
DEADBEEF
DEADBEEF
DEADBEEF
DEADBEEF
DEADBEEF
DEADBEEF
DEADBEEF
DEADBEEF
DEADBEEF
DEADBEEF
DEADBEEF
DEADBEEF
DEADBEEF
DEADBEEF
DEADBEEF
DEADBEEF
DEADBEEF
DEADBEEF
DEADBEEF
DEADBEEF
DEADBEEF
DEADBEEF
DEADBEEF
DEADBEEF
DEADBEEF
DEADBEEF
DEADBEEF
DEADBEEF
DEADBEEF
DEADBEEF
DEADBEEF
DEADBEEF
DEADBEEF
DEADBEEF
DEADBEEF
DEADBEEF
DEADBEEF
DEADBEEF
DEADBEEF
DEADBEEF
DEADBEEF
DEADBEEF
DEADBEEF
DEADBEEF
DEADBEEF
DEADBEEF
DEADBEEF
DEADBEEF
DEADBEEF
DEADBEEF
DEADBEEF
DEADBEEF
DEADBEEF
DEADBEEF
DEADBEEF
DEADBEEF
DEADBEEF
DEADBEEF
DEADBEEF
DEADBEEF
DEADBEEF
DEADBEEF
DEADBEEF
DEADBEEF
DEADBEEF
DEADBEEF
DEADBEEF
DEADBEEF
DEADBEEF
DEADBEEF
DEADBEEF
DEADBEEF
DEADBEEF
DEADBEEF
DEADBEEF
DEADBEEF
DEADBEEF
DEADBEEF
DEADBEEF
DEADBEEF
DEADBEEF
DEADBEEF
DEADBEEF
DEADBEEF
DEADBEEF
DEADBEEF
DEADBEEF
DEADBEEF
DEADBEEF
DEADBEEF
DEADBEEF
DEADBEEF
DEADBEEF
DEADBEEF
DEADBEEF
DEADBEEF
DEADBEEF
DEADBEEF
DEADBEEF
DEADBEEF
DEADBEEF
DEADBEEF
DEADBEEF
DEADBEEF
DEADBEEF
DEADBEEF
DEADBEEF
DEADBEEF
DEADBEEF
DEADBEEF
DEADBEEF
DEADBEEF
DEADBEEF
DEADBEEF
DEADBEEF
DEADBEEF
DEADBEEF
DEADBEEF
DEADBEEF
DEADBEEF
DEADBEEF
DEADBEEF
DEADBEEF
DEADBEEF
DEADBEEF
DEADBEEF
DEADBEEF
DEADBEEF
DEADBEEF
DEADBEEF
DEADBEEF
DEADBEEF
DEADBEEF
DEADBEEF
DEADBEEF
DEADBEEF
DEADBEEF
DEADBEEF
DEADBEEF
DEADBEEF
DEADBEEF
DEADBEEF
DEADBEEF
DEADBEEF
DEADBEEF
DEADBEEF
DEADBEEF
DEADBEEF
DEADBEEF
DEADBEEF
DEADBEEF
DEADBEEF
DEADBEEF
DEADBEEF
DEADBEEF
DEADBEEF
DEADBEEF
DEADBEEF
DEADBEEF
DEADBEEF
DEADBEEF
DEADBEEF
DEADBEEF
DEADBEEF
DEADBEEF
DEADBEEF
DEADBEEF
DEADBEEF
DEADBEEF
DEADBEEF
DEADBEEF
DEADBEEF
DEADBEEF
DEADBEEF
DEADBEEF
DEADBEEF
DEADBEEF
DEADBEEF
DEADBEEF
DEADBEEF
DEADBEEF
DEADBEEF
DEADBEEF
DEADBEEF
DEADBEEF
DEADBEEF
DEADBEEF
DEADBEEF
DEADBEEF
DEADBEEF
DEADBEEF
DEADBEEF
DEADBEEF
DEADBEEF
DEADBEEF
DEADBEEF
DEADBEEF
DEADBEEF
DEADBEEF
DEADBEEF
DEADBEEF
DEADBEEF
DEADBEEF
DEADBEEF
DEADBEEF
DEADBEEF
DEADBEEF
DEADBEEF
DEADBEEF
DEADBEEF
DEADBEEF
DEADBEEF
DEADBEEF
DEADBEEF
DEADBEEF
DEADBEEF
DEADBEEF
DEADBEEF
DEADBEEF
DEADBEEF
DEADBEEF
DEADBEEF
DEADBEEF
DEADBEEF
DEADBEEF
DEADBEEF
DEADBEEF
DEADBEEF
DEADBEEF
DEADBEEF
DEADBEEF
DEADBEEF
DEADBEEF
DEADBEEF
DEADBEEF
DEADBEEF
DEADBEEF
DEADBEEF
DEADBEEF
DEADBEEF
DEADBEEF
DEADBEEF
DEADBEEF
DEADBEEF
DEADBEEF
DEADBEEF
DEADBEEF
DEADBEEF
DEADBEEF
DEADBEEF
DEADBEEF
DEADBEEF
DEADBEEF
DEADBEEF
DEADBEEF
DEADBEEF
DEADBEEF
DEADBEEF
DEADBEEF
DEADBEEF
DEADBEEF
DEADBEEF
DEADBEEF
DEADBEEF
DEADBEEF
DEADBEEF
DEADBEEF
DEADBEEF
DEADBEEF
DEADBEEF
DEADBEEF
DEADBEEF
DEADBEEF
DEADBEEF
DEADBEEF
DEADBEEF
DEADBEEF
DEADBEEF
DEADBEEF
DEADBEEF
DEADBEEF
DEADBEEF
DEADBEEF
DEADBEEF
DEADBEEF
DEADBEEF
DEADBEEF
DEADBEEF
DEADBEEF
DEADBEEF
DEADBEEF
DEADBEEF
DEADBEEF
DEADBEEF
DEADBEEF
DEADBEEF
DEADBEEF
DEADBEEF
DEADBEEF
DEADBEEF
DEADBEEF
DEADBEEF
DEADBEEF
DEADBEEF
DEADBEEF
DEADBEEF
DEADBEEF
DEADBEEF
DEADBEEF
DEADBEEF
DEADBEEF
DEADBEEF
DEADBEEF
DEADBEEF
DEADBEEF
DEADBEEF
DEADBEEF
DEADBEEF
DEADBEEF
DEADBEEF
DEADBEEF
DEADBEEF
DEADBEEF
DEADBEEF
DEADBEEF
DEADBEEF
DEADBEEF
DEADBEEF
DEADBEEF
DEADBEEF
DEADBEEF
DEADBEEF
DEADBEEF
DEADBEEF
DEADBEEF
DEADBEEF
DEADBEEF
DEADBEEF
DEADBEEF
DEADBEEF
DEADBEEF
DEADBEEF
DEADBEEF
DEADBEEF
DEADBEEF
DEADBEEF
DEADBEEF
DEADBEEF
DEADBEEF
DEADBEEF
DEADBEEF
DEADBEEF
DEADBEEF
DEADBEEF
DEADBEEF
DEADBEEF
DEADBEEF
DEADBEEF
DEADBEEF
DEADBEEF
DEADBEEF
DEADBEEF
DEADBEEF
DEADBEEF
DEADBEEF
DEADBEEF
DEADBEEF
DEADBEEF
DEADBEEF
DEADBEEF
DEADBEEF
DEADBEEF
DEADBEEF
DEADBEEF
DEADBEEF
DEADBEEF
DEADBEEF
DEADBEEF
DEADBEEF
DEADBEEF
DEADBEEF
DEADBEEF
DEADBEEF
DEADBEEF
DEADBEEF
DEADBEEF
DEADBEEF
DEADBEEF
DEADBEEF
DEADBEEF
DEADBEEF
DEADBEEF
DEADBEEF
DEADBEEF
DEADBEEF
DEADBEEF
DEADBEEF
DEADBEEF
DEADBEEF
DEADBEEF
DEADBEEF
DEADBEEF
DEADBEEF
DEADBEEF
DEADBEEF
DEADBEEF
DEADBEEF
DEADBEEF
DEADBEEF
DEADBEEF
DEADBEEF
DEADBEEF
DEADBEEF
DEADBEEF
DEADBEEF
DEADBEEF
DEADBEEF
DEADBEEF
DEADBEEF
DEADBEEF
DEADBEEF
DEADBEEF
DEADBEEF
DEADBEEF
DEADBEEF
DEADBEEF
DEADBEEF
DEADBEEF
DEADBEEF
DEADBEEF
DEADBEEF
DEADBEEF
DEADBEEF
DEADBEEF
DEADBEEF
DEADBEEF
DEADBEEF
DEADBEEF
DEADBEEF
DEADBEEF
DEADBEEF
DEADBEEF
DEADBEEF
DEADBEEF
DEADBEEF
DEADBEEF
DEADBEEF
DEADBEEF
DEADBEEF
DEADBEEF
DEADBEEF
DEADBEEF
DEADBEEF
DEADBEEF
DEADBEEF
DEADBEEF
DEADBEEF
DEADBEEF
DEADBEEF
DEADBEEF
DEADBEEF
DEADBEEF
DEADBEEF
DEADBEEF
DEADBEEF
DEADBEEF
DEADBEEF
DEADBEEF
DEADBEEF
DEADBEEF
DEADBEEF
DEADBEEF
DEADBEEF
DEADBEEF
DEADBEEF
DEADBEEF
DEADBEEF
DEADBEEF
DEADBEEF
DEADBEEF
DEADBEEF
DEADBEEF
DEADBEEF
DEADBEEF
DEADBEEF
DEADBEEF
DEADBEEF
DEADBEEF
DEADBEEF
DEADBEEF
DEADBEEF
DEADBEEF
DEADBEEF
DEADBEEF
DEADBEEF
DEADBEEF
DEADBEEF
DEADBEEF
DEADBEEF
DEADBEEF
DEADBEEF
DEADBEEF
DEADBEEF
DEADBEEF
DEADBEEF
DEADBEEF
DEADBEEF
DEADBEEF
DEADBEEF
DEADBEEF
DEADBEEF
DEADBEEF
DEADBEEF
DEADBEEF
DEADBEEF
DEADBEEF
DEADBEEF
DEADBEEF
DEADBEEF
DEADBEEF
DEADBEEF
DEADBEEF
DEADBEEF
DEADBEEF
DEADBEEF
DEADBEEF
DEADBEEF
DEADBEEF
DEADBEEF
DEADBEEF
DEADBEEF
DEADBEEF
DEADBEEF
DEADBEEF
DEADBEEF
DEADBEEF
DEADBEEF
DEADBEEF
DEADBEEF
DEADBEEF
DEADBEEF
DEADBEEF
DEADBEEF
DEADBEEF
DEADBEEF
DEADBEEF
DEADBEEF
DEADBEEF
DEADBEEF
DEADBEEF
DEADBEEF
DEADBEEF
DEADBEEF
DEADBEEF
DEADBEEF
DEADBEEF
DEADBEEF
DEADBEEF
DEADBEEF
DEADBEEF
DEADBEEF
DEADBEEF
DEADBEEF
DEADBEEF
DEADBEEF
DEADBEEF
DEADBEEF
DEADBEEF
DEADBEEF
DEADBEEF
DEADBEEF
DEADBEEF
DEADBEEF
DEADBEEF
DEADBEEF
DEADBEEF
DEADBEEF
DEADBEEF
DEADBEEF
DEADBEEF
DEADBEEF
DEADBEEF
DEADBEEF
DEADBEEF
DEADBEEF
DEADBEEF
DEADBEEF
DEADBEEF
DEADBEEF
DEADBEEF
DEADBEEF
DEADBEEF
DEADBEEF
DEADBEEF
DEADBEEF
DEADBEEF
DEADBEEF
DEADBEEF
DEADBEEF
DEADBEEF
DEADBEEF
DEADBEEF
DEADBEEF
DEADBEEF
DEADBEEF
DEADBEEF
DEADBEEF
DEADBEEF
DEADBEEF
DEADBEEF
DEADBEEF
DEADBEEF
DEADBEEF
DEADBEEF
DEADBEEF
DEADBEEF
DEADBEEF
DEADBEEF
DEADBEEF
DEADBEEF
DEADBEEF
DEADBEEF
DEADBEEF
DEADBEEF
DEADBEEF
DEADBEEF
DEADBEEF
DEADBEEF
DEADBEEF
DEADBEEF
DEADBEEF
DEADBEEF
DEADBEEF
DEADBEEF
DEADBEEF
DEADBEEF
DEADBEEF
DEADBEEF
DEADBEEF
DEADBEEF
DEADBEEF
DEADBEEF
DEADBEEF
DEADBEEF
DEADBEEF
DEADBEEF
DEADBEEF
DEADBEEF
DEADBEEF
DEADBEEF
DEADBEEF
DEADBEEF
DEADBEEF
DEADBEEF
DEADBEEF
DEADBEEF
DEADBEEF
DEADBEEF
DEADBEEF
DEADBEEF
DEADBEEF
DEADBEEF
DEADBEEF
DEADBEEF
DEADBEEF
DEADBEEF
DEADBEEF
DEADBEEF
DEADBEEF
DEADBEEF
DEADBEEF
DEADBEEF
DEADBEEF
DEADBEEF
DEADBEEF
DEADBEEF
DEADBEEF
DEADBEEF
DEADBEEF
DEADBEEF
DEADBEEF
DEADBEEF
DEADBEEF
DEADBEEF
DEADBEEF
DEADBEEF
DEADBEEF
DEADBEEF
DEADBEEF
DEADBEEF
DEADBEEF
DEADBEEF
DEADBEEF
DEADBEEF
DEADBEEF
DEADBEEF
DEADBEEF
DEADBEEF
DEADBEEF
DEADBEEF
DEADBEEF
DEADBEEF
DEADBEEF
DEADBEEF
DEADBEEF
DEADBEEF
DEADBEEF
DEADBEEF
DEADBEEF
DEADBEEF
DEADBEEF
DEADBEEF
DEADBEEF
DEADBEEF
DEADBEEF
DEADBEEF
DEADBEEF
DEADBEEF
DEADBEEF
DEADBEEF
DEADBEEF
DEADBEEF
DEADBEEF
DEADBEEF
DEADBEEF
DEADBEEF
DEADBEEF
DEADBEEF
DEADBEEF
DEADBEEF
DEADBEEF
DEADBEEF
DEADBEEF
DEADBEEF
DEADBEEF
DEADBEEF
DEADBEEF
DEADBEEF
DEADBEEF
DEADBEEF
DEADBEEF
DEADBEEF
DEADBEEF
DEADBEEF
DEADBEEF
DEADBEEF
DEADBEEF
DEADBEEF
DEADBEEF
DEADBEEF
DEADBEEF
DEADBEEF
DEADBEEF
DEADBEEF
DEADBEEF
DEADBEEF
DEADBEEF
DEADBEEF
DEADBEEF
DEADBEEF
DEADBEEF
DEADBEEF
DEADBEEF
DEADBEEF
DEADBEEF
DEADBEEF
DEADBEEF
DEADBEEF
DEADBEEF
DEADBEEF
DEADBEEF
DEADBEEF
DEADBEEF
DEADBEEF
DEADBEEF
DEADBEEF
DEADBEEF
DEADBEEF
DEADBEEF
DEADBEEF
DEADBEEF
DEADBEEF
DEADBEEF
DEADBEEF
DEADBEEF
DEADBEEF
DEADBEEF
DEADBEEF
DEADBEEF
DEADBEEF
DEADBEEF
DEADBEEF
DEADBEEF
DEADBEEF
DEADBEEF
DEADBEEF
DEADBEEF
DEADBEEF
DEADBEEF
DEADBEEF
DEADBEEF
DEADBEEF
DEADBEEF
DEADBEEF
DEADBEEF
DEADBEEF
DEADBEEF
DEADBEEF
DEADBEEF
DEADBEEF
DEADBEEF
DEADBEEF
DEADBEEF
DEADBEEF
DEADBEEF
DEADBEEF
DEADBEEF
DEADBEEF
DEADBEEF
DEADBEEF
DEADBEEF
DEADBEEF
DEADBEEF
DEADBEEF
DEADBEEF
DEADBEEF
DEADBEEF
DEADBEEF
DEADBEEF
DEADBEEF
DEADBEEF
DEADBEEF
DEADBEEF
DEADBEEF
DEADBEEF
DEADBEEF
DEADBEEF
DEADBEEF
DEADBEEF
DEADBEEF
DEADBEEF
DEADBEEF
DEADBEEF
DEADBEEF
DEADBEEF
DEADBEEF
DEADBEEF
DEADBEEF
DEADBEEF
DEADBEEF
DEADBEEF
DEADBEEF
DEADBEEF
DEADBEEF
DEADBEEF
DEADBEEF
DEADBEEF
DEADBEEF
DEADBEEF
DEADBEEF
DEADBEEF
DEADBEEF
DEADBEEF
DEADBEEF
DEADBEEF
DEADBEEF
DEADBEEF
DEADBEEF
DEADBEEF
DEADBEEF
DEADBEEF
DEADBEEF
DEADBEEF
DEADBEEF
DEADBEEF
DEADBEEF
DEADBEEF
DEADBEEF
DEADBEEF
DEADBEEF
DEADBEEF
DEADBEEF
DEADBEEF
DEADBEEF
DEADBEEF
DEADBEEF
DEADBEEF
DEADBEEF
DEADBEEF
DEADBEEF
DEADBEEF
DEADBEEF
DEADBEEF
DEADBEEF
DEADBEEF
DEADBEEF
DEADBEEF
DEADBEEF
DEADBEEF
DEADBEEF
DEADBEEF
DEADBEEF
DEADBEEF
DEADBEEF
DEADBEEF
DEADBEEF
DEADBEEF
DEADBEEF
DEADBEEF
DEADBEEF
DEADBEEF
DEADBEEF
DEADBEEF
DEADBEEF
DEADBEEF
DEADBEEF
DEADBEEF
DEADBEEF
DEADBEEF
DEADBEEF
DEADBEEF
DEADBEEF
DEADBEEF
DEADBEEF
DEADBEEF
DEADBEEF
DEADBEEF
DEADBEEF
DEADBEEF
DEADBEEF
DEADBEEF
DEADBEEF
DEADBEEF
DEADBEEF
DEADBEEF
DEADBEEF
DEADBEEF
DEADBEEF
DEADBEEF
DEADBEEF
DEADBEEF
DEADBEEF
DEADBEEF
DEADBEEF
DEADBEEF
DEADBEEF
DEADBEEF
DEADBEEF
DEADBEEF
DEADBEEF
DEADBEEF
DEADBEEF
DEADBEEF
DEADBEEF
DEADBEEF
DEADBEEF
DEADBEEF
DEADBEEF
DEADBEEF
DEADBEEF
DEADBEEF
DEADBEEF
DEADBEEF
DEADBEEF
DEADBEEF
DEADBEEF
DEADBEEF
DEADBEEF
DEADBEEF
DEADBEEF
DEADBEEF
DEADBEEF
DEADBEEF
DEADBEEF
DEADBEEF
DEADBEEF
DEADBEEF
DEADBEEF
DEADBEEF
DEADBEEF
DEADBEEF
DEADBEEF
DEADBEEF
DEADBEEF
DEADBEEF
DEADBEEF
DEADBEEF
DEADBEEF
DEADBEEF
DEADBEEF
DEADBEEF
DEADBEEF
DEADBEEF
DEADBEEF
DEADBEEF
DEADBEEF
DEADBEEF
DEADBEEF
DEADBEEF
DEADBEEF
DEADBEEF
DEADBEEF
DEADBEEF
DEADBEEF
DEADBEEF
DEADBEEF
DEADBEEF
DEADBEEF
DEADBEEF
DEADBEEF
DEADBEEF
DEADBEEF
DEADBEEF
DEADBEEF
DEADBEEF
DEADBEEF
DEADBEEF
DEADBEEF
DEADBEEF
DEADBEEF
DEADBEEF
DEADBEEF
DEADBEEF
DEADBEEF
DEADBEEF
DEADBEEF
DEADBEEF
DEADBEEF
DEADBEEF
DEADBEEF
DEADBEEF
DEADBEEF
DEADBEEF
DEADBEEF
DEADBEEF
DEADBEEF
DEADBEEF
DEADBEEF
DEADBEEF
DEADBEEF
DEADBEEF
DEADBEEF
DEADBEEF
DEADBEEF
DEADBEEF
DEADBEEF
DEADBEEF
DEADBEEF
DEADBEEF
DEADBEEF
DEADBEEF
DEADBEEF
DEADBEEF
DEADBEEF
DEADBEEF
DEADBEEF
DEADBEEF
DEADBEEF
DEADBEEF
DEADBEEF
DEADBEEF
DEADBEEF
DEADBEEF
DEADBEEF
DEADBEEF
DEADBEEF
DEADBEEF
DEADBEEF
DEADBEEF
DEADBEEF
DEADBEEF
DEADBEEF
DEADBEEF
DEADBEEF
DEADBEEF
DEADBEEF
DEADBEEF
DEADBEEF
DEADBEEF
DEADBEEF
DEADBEEF
DEADBEEF
DEADBEEF
DEADBEEF
DEADBEEF
DEADBEEF
DEADBEEF
DEADBEEF
DEADBEEF
DEADBEEF
DEADBEEF
DEADBEEF
DEADBEEF
DEADBEEF
DEADBEEF
DEADBEEF
DEADBEEF
DEADBEEF
DEADBEEF
DEADBEEF
DEADBEEF
DEADBEEF
DEADBEEF
DEADBEEF
DEADBEEF
DEADBEEF
DEADBEEF
DEADBEEF
DEADBEEF
DEADBEEF
DEADBEEF
DEADBEEF
DEADBEEF
DEADBEEF
DEADBEEF
DEADBEEF
DEADBEEF
DEADBEEF
DEADBEEF
DEADBEEF
DEADBEEF
DEADBEEF
DEADBEEF
DEADBEEF
DEADBEEF
DEADBEEF
DEADBEEF
DEADBEEF
DEADBEEF
DEADBEEF
DEADBEEF
DEADBEEF
DEADBEEF
DEADBEEF
DEADBEEF
DEADBEEF
DEADBEEF
DEADBEEF
DEADBEEF
DEADBEEF
DEADBEEF
DEADBEEF
DEADBEEF
DEADBEEF
DEADBEEF
DEADBEEF
DEADBEEF
DEADBEEF
DEADBEEF
DEADBEEF
DEADBEEF
DEADBEEF
DEADBEEF
DEADBEEF
DEADBEEF
DEADBEEF
DEADBEEF
DEADBEEF
DEADBEEF
DEADBEEF
DEADBEEF
DEADBEEF
DEADBEEF
DEADBEEF
DEADBEEF
DEADBEEF
DEADBEEF
DEADBEEF
DEADBEEF
DEADBEEF
DEADBEEF
DEADBEEF
DEADBEEF
DEADBEEF
DEADBEEF
DEADBEEF
DEADBEEF
DEADBEEF
DEADBEEF
DEADBEEF
DEADBEEF
DEADBEEF
DEADBEEF
DEADBEEF
DEADBEEF
DEADBEEF
DEADBEEF
DEADBEEF
DEADBEEF
DEADBEEF
DEADBEEF
DEADBEEF
DEADBEEF
DEADBEEF
DEADBEEF
DEADBEEF
DEADBEEF
DEADBEEF
DEADBEEF
DEADBEEF
DEADBEEF
DEADBEEF
DEADBEEF
DEADBEEF
DEADBEEF
DEADBEEF
DEADBEEF
6F5CA309
00000000
@00020090
00000000
00000000
00000000
00000000
@00041000
02000737
00072023
FFFC4397
21C38393
00038067
FFF00713
020043B7
00E3A023
00E3A223
FFFC4397
20038393
00038067
10000737
000700A3
0C200737
00470713
00072383
00772023
0C002737
00072023
FFFC4397
1D438393
00038067
00200393
3443B073
0200C737
00072023
FFFC4397
1B838393
00038067
FFFC4397
1AC38393
00038067
20000413
34443073
34402473
00001337
80030313
00647433
02830463
10000737
000700A3
0C201737
00470713
00072383
00772023
0C002737
08070713
00072023
FFFC4397
16038393
00038067
FFFC3317
3B030313
00030067
FFFC4397
14838393
00038067
FFFC3317
39830313
00030067
FFFC4397
13038393
00038067
FFFC3317
38030313
00030067
FFFC4397
11838393
00038067
10000337
00330313
00300393
00730023
30401073
34401073
34101073
34301073
34201073
00000013
FFFC7317
FD030313
00000013
00000013
00000013
00000013
00000013
00000013
34031473
24832823
FFF00393
020044B7
0074A023
0074A223
00000013
00000393
22732C23
30502473
24832423
00347393
FFC3F393
23032483
E2848493
0074E3B3
24732023
30539073
30502773
0E770C63
30541073
0A040863
24832023
FFC47393
1D838413
00030113
00000013
00000013
00000013
00000013
00000013
00000013
00000717
04C70713
00000013
00000013
00000013
00000013
00000013
00000013
00000797
0A478793
00000013
00000013
00000013
00000013
00000013
00000013
00F3F663
00877463
03C0006F
0003A783
00F32023
0004A703
00E3A023
0003A783
00E79A63
00438393
00430313
00448493
FC741EE3
00000013
34002373
22932823
04740263
00038413
00000013
00000013
00000013
00000013
00000013
00000013
FFFC3797
21078793
00000013
00000013
00000013
00000013
00000013
00000013
00078067
00000013
000022B7
80028293
30029073
31001073
0F000293
30A29073
31A01073
32001073
32301073
32401073
32501073
32601073
32701073
32801073
32901073
32A01073
32B01073
32C01073
32D01073
32E01073
32F01073
33001073
33101073
33201073
33301073
33401073
33501073
33601073
33701073
33801073
33901073
33A01073
33B01073
33C01073
33D01073
33E01073
33F01073
FFF00293
30629073
00300513
00000073
00000013
00000013
00000013
00000013
00000013
FFFC7317
DA830313
00000013
00000013
00000013
00000013
00000013
00000013
00032023
FEEDC0B7
EAD08093
01909793
0070D113
00F16133
01911793
00715193
00F1E1B3
01919793
0071D213
00F26233
01921793
00725293
00F2E2B3
01929793
0072D313
00F36333
01931793
00735393
00F3E3B3
01939793
0073D413
00F46433
01941793
00745493
00F4E4B3
01949793
0074D513
00F56533
01951793
00755593
00F5E5B3
01959793
0075D613
00F66633
01961793
00765693
00F6E6B3
01969793
0076D713
00F76733
FAB807B7
BB678793
7D5C0837
DDB80813
01981793
00785893
00F8E8B3
01989793
0078D913
00F96933
01991793
00795993
00F9E9B3
01999793
0079DA13
00FA6A33
019A1793
007A5A93
00FAEAB3
019A9793
007ADB13
00FB6B33
019B1793
007B5B93
00FBEBB3
019B9793
007BDC13
00FC6C33
019C1793
007C5C93
00FCECB3
019C9793
007CDD13
00FD6D33
019D1793
007D5D93
00FDEDB3
019D9793
007DDE13
00FE6E33
019E1793
007E5E93
00FEEEB3
019E9793
007EDF13
00FF6F33
019F1793
007F5F93
00FFEFB3
00000013
00000013
00000013
00000013
00000013
FFFD0117
AD010113
00000013
00000013
00000013
00000013
00000013
00000013
6F5CA337
30930313
00000013
00000013
00000013
00000013
00000013
00000013
FFFC4197
FE818193
00000013
00000013
00000013
00000013
00000013
00000013
00012203
00620863
000182E7
80041520
80010573
00410113
00000013
00000013
FFFC7197
E3018193
00000013
00000013
00000013
00000013
00000013
00000013
FFFBF317
AA030313
00000013
00000013
00000013
00000013
00000013
00000013
00030067
00054303
02030463
100003B7
00538393
0003C403
02047413
FE040CE3
100003B7
00638023
00150513
FD9FF06F
00008067
FF010113
00112023
00812223
00000097
FC4080E7
00412403
00012083
01010113
00008067
00100093
FFFDF297
A7428293
0012A023
0002A223
0000006F
0000006F
00300093
FFFDF297
A5828293
0012A023
0002A223
0000006F
0000006F
00100513
020005B7
00A5A023
00008067
020005B7
0005A023
00008067
00700513
0C0005B7
02A5A423
40000513
0C0025B7
00A5A023
0C2005B7
0005A023
00200513
100005B7
00A580A3
00008067
100005B7
000580A3
0C2005B7
00458593
0005A503
00A5A023
0C0025B7
0005A023
00008067
00000013
00000013
00000013
00000013
00000013
00000013
00000013
00000013
