@0
00041097
11808093
00000013
00000013
00000013
00000013
00000013
00000013
000080E7
00000013
00000013
00000013
00000013
00000013
00000013
00000013
@40
0001A003
00418193
0001AE83
00418193
01D00E33
00012203
01C20863
4CC052EF
80000050
80008FF0
00410113
0001A083
00418193
0001A503
00418193
00A08CB3
00012203
01920863
4A0052EF
8000007C
8000901D
00410113
00010F13
0001A103
00418193
0001A483
00418193
00910D33
000F2203
01A20863
470052EF
800000AC
8000904A
004F0F13
00018593
0005A183
00458593
0005AA83
00458593
01518CB3
000F2203
01920863
440052EF
800000DC
80009077
004F0F13
00020693
00028713
0005A203
00458593
0005A483
00458593
00920833
000F2683
01068863
44C0576F
80000110
800090A4
004F0F13
0005A283
00458593
0005AC83
00458593
01928DB3
000F2683
01B68863
4200576F
8000013C
800090D1
004F0F13
0005A303
00458593
0005AE83
00458593
01D30033
000F2683
00068863
3F40576F
80000168
800090FE
004F0F13
0005A383
00458593
0005AD03
00458593
01A387B3
000F2683
00F68863
3C80576F
80000194
8000912B
004F0F13
0005A403
00458593
0005AD03
00458593
01A40CB3
000F2683
01968863
39C0576F
800001C0
80009158
004F0F13
0005A483
00458593
0005A283
00458593
005481B3
000F2683
00368863
3700576F
800001EC
80009185
004F0F13
0005A503
00458593
0005AF83
00458593
01F50D33
000F2683
01A68863
3440576F
80000218
800091B3
004F0F13
00058A13
000A2583
004A0A13
000A2403
004A0A13
00858233
000F2683
00468863
3140576F
80000248
800091E2
004F0F13
000A2603
004A0A13
000A2083
004A0A13
001605B3
000F2683
00B68863
2E80576F
80000274
80009211
004F0F13
00068213
00070293
000A2683
004A0A13
000A2583
004A0A13
00B68CB3
000F2203
01920863
274052EF
800002A8
80009240
004F0F13
000A2703
004A0A13
000A2983
004A0A13
013705B3
000F2203
00B20863
248052EF
800002D4
8000926F
004F0F13
000A2783
004A0A13
000A2E83
004A0A13
01D78E33
000F2203
01C20863
21C052EF
80000300
8000929E
004F0F13
000A2803
004A0A13
000A2B03
004A0A13
016808B3
000F2203
01120863
1F0052EF
8000032C
800092CD
004F0F13
000A2883
004A0A13
000A2103
004A0A13
00288DB3
000F2203
01B20863
1C4052EF
80000358
800092FC
004F0F13
000A2903
004A0A13
000A2C03
004A0A13
01890D33
000F2203
01A20863
198052EF
80000384
8000932B
004F0F13
000A2983
004A0A13
000A2683
004A0A13
00D984B3
000F2203
00920863
16C052EF
800003B0
8000935A
004F0F13
000A0D93
000DAA03
004D8D93
000DAB03
004D8D93
016A0433
000F2203
00820863
13C052EF
800003E0
80009389
004F0F13
000DAA83
004D8D93
000DAD03
004D8D93
01AA83B3
000F2203
00720863
110052EF
8000040C
800093B8
004F0F13
000DAB03
004D8D93
000DA303
004D8D93
006B0D33
000F2203
01A20863
0E4052EF
80000438
800093E7
004F0F13
000DAB83
004D8D93
000DA983
004D8D93
013B81B3
000F2203
00320863
0B8052EF
80000464
80009416
004F0F13
000DAC03
004D8D93
000DAA03
004D8D93
014C0833
000F2203
01020863
08C052EF
80000490
80009445
004F0F13
000DAC83
004D8D93
000DA103
004D8D93
002C84B3
000F2203
00920863
060052EF
800004BC
80009474
004F0F13
000DAD03
004D8D93
000DA383
004D8D93
007D0533
000F2203
00A20863
034052EF
800004E8
800094A3
004F0F13
000D8593
0005AD83
00458593
0005A983
00458593
013D8533
000F2203
00A20863
004052EF
80000518
800094D2
004F0F13
0005AE03
00458593
0005A083
00458593
001E06B3
000F2203
00D20863
7D9042EF
80000544
80009501
004F0F13
0005AE83
00458593
0005A003
00458593
000E8E33
000F2203
01C20863
7AD042EF
80000570
80009530
004F0F13
000F0F93
0005AF03
00458593
0005A983
00458593
013F0C33
000FA203
01820863
77D042EF
800005A0
8000955F
004F8F93
000F8093
0005AF83
00458593
0005AD03
00458593
01AF8733
0000A203
00E20863
74D042EF
800005D0
8000958E
00408093
0005AF03
00458593
0005A003
00458593
000F0833
0000A203
01020863
721042EF
800005FC
800095BD
00408093
00008A93
0005AF83
00458593
0005A083
00458593
001F8DB3
000AA203
01B20863
6F1042EF
8000062C
800095EB
004A8A93
0005A183
00458593
0005A103
00458593
00218433
000AA203
00820863
6C5042EF
80000658
80009619
004A8A93
0005A103
00458593
0005A183
00458593
00310CB3
000AA203
01920863
699042EF
80000684
80009647
004A8A93
00020693
00028713
0005A803
00458593
0005A203
00458593
004803B3
000AA683
00768863
6A50476F
800006B8
80009675
004A8A93
0005AF83
00458593
0005A283
00458593
005F8A33
000AA683
01468863
6790476F
800006E4
800096A3
004A8A93
0005AE83
00458593
0005A303
00458593
006E82B3
000AA683
00568863
64D0476F
80000710
800096D1
004A8A93
0005AE03
00458593
0005A383
00458593
007E0533
000AA683
00A68863
6210476F
8000073C
800096FF
004A8A93
0005A883
00458593
0005A403
00458593
00888FB3
000AA683
01F68863
5F50476F
80000768
8000972D
004A8A93
0005AF03
00458593
0005A483
00458593
009F08B3
000AA683
01168863
5C90476F
80000794
8000975B
004A8A93
0005A083
00458593
0005A503
00458593
00A08F33
000AA683
01E68863
59D0476F
800007C0
80009789
004A8A93
00058513
00052B83
00450513
00052583
00450513
00BB8433
000AA683
00868863
56D0476F
800007F0
800097B8
004A8A93
00052783
00450513
00052603
00450513
00C78433
000AA683
00868863
5410476F
8000081C
800097E7
004A8A93
00068393
00070413
00052C83
00450513
00052683
00450513
00DC8E33
000AA383
01C38863
4E50446F
80000850
80009816
004A8A93
00052D83
00450513
00052703
00450513
00ED8333
000AA383
00638863
4B90446F
8000087C
80009845
004A8A93
00052483
00450513
00052783
00450513
00F48FB3
000AA383
01F38863
48D0446F
800008A8
80009874
004A8A93
00052283
00450513
00052803
00450513
010286B3
000AA383
00D38863
4610446F
800008D4
800098A3
004A8A93
00052703
00450513
00052883
00450513
01170833
000AA383
01038863
4350446F
80000900
800098D2
004A8A93
00052283
00450513
00052903
00450513
012285B3
000AA383
00B38863
4090446F
8000092C
80009901
004A8A93
00052883
00450513
00052983
00450513
013886B3
000AA383
00D38863
3DD0446F
80000958
80009930
004A8A93
00052583
00450513
00052A03
00450513
01458633
000AA383
00C38863
3B10446F
80000984
8000995F
004A8A93
000A8613
00052A03
00450513
00052A83
00450513
015A0133
00062383
00238863
3810446F
800009B4
8000998E
00460613
00052B83
00450513
00052B03
00450513
016B8F33
00062383
01E38863
3550446F
800009E0
800099BD
00460613
00052F03
00450513
00052B83
00450513
017F0DB3
00062383
01B38863
3290446F
80000A0C
800099EC
00460613
00052F03
00450513
00052C03
00450513
018F06B3
00062383
00D38863
2FD0446F
80000A38
80009A1B
00460613
00052D83
00450513
00052C83
00450513
019D8EB3
00062383
01D38863
2D10446F
80000A64
80009A4A
00460613
00052683
00450513
00052D03
00450513
01A68BB3
00062383
01738863
2A50446F
80000A90
80009A79
00460613
00052783
00450513
00052D83
00450513
01B78933
00062383
01238863
2790446F
80000ABC
80009AA8
00460613
00052C03
00450513
00052E03
00450513
01CC02B3
00062383
00538863
24D0446F
80000AE8
80009AD7
00460613
00052803
00450513
00052E83
00450513
01D806B3
00062383
00D38863
2210446F
80000B14
80009B06
00460613
00052783
00450513
00052F03
00450513
01E78FB3
00062383
01F38863
1F50446F
80000B40
80009B35
00460613
00052783
00450513
00052F83
00450513
01F78D33
00062383
01A38863
1C90446F
80000B6C
80009B64
00460613
00052B83
00450513
00052203
00450513
004B8033
00062383
00038863
19D0446F
80000B98
80009B93
00460613
00052E83
00450513
00052C83
00450513
019E80B3
00062383
00138863
1710446F
80000BC4
80009BC0
00460613
00052D83
00450513
00052F83
00450513
01FD8133
00062383
00238863
1450446F
80000BF0
80009BED
00460613
00052203
00450513
00052E83
00450513
01D201B3
00062383
00338863
1190446F
80000C1C
80009C1A
00460613
00052A03
00450513
00052903
00450513
012A0233
00062383
00438863
0ED0446F
80000C48
80009C47
00460613
00052883
00450513
00052103
00450513
002882B3
00062383
00538863
0C10446F
80000C74
80009C74
00460613
00052E03
00450513
00052783
00450513
00FE0333
00062383
00638863
0950446F
80000CA0
80009CA1
00460613
00038213
00040293
00052983
00450513
00052A83
00450513
015983B3
00062203
00720863
049042EF
80000CD4
80009CCE
00460613
00052F03
00450513
00052A03
00450513
014F0433
00062203
00820863
01D042EF
80000D00
80009CFB
00460613
00052A03
00450513
00052E83
00450513
01DA04B3
00062203
00920863
7F0042EF
80000D2C
80009D28
00460613
00050D93
000DAF83
004D8D93
000DA183
004D8D93
003F8533
00062203
00A20863
7C0042EF
80000D5C
80009D55
00460613
000DA503
004D8D93
000DA403
004D8D93
008505B3
00062203
00B20863
794042EF
80000D88
80009D83
00460613
00060793
000DA983
004D8D93
000DAC83
004D8D93
01998633
0007A203
00C20863
764042EF
80000DB8
80009DB1
00478793
000DA883
004D8D93
000DA003
004D8D93
000886B3
0007A203
00D20863
738042EF
80000DE4
80009DDF
00478793
000DA603
004D8D93
000DAB03
004D8D93
01660733
0007A203
00E20863
70C042EF
80000E10
80009E0D
00478793
00078313
000DA483
004D8D93
000DA683
004D8D93
00D487B3
00032203
00F20863
6DC042EF
80000E40
80009E3B
00430313
000DA683
004D8D93
000DA983
004D8D93
01368833
00032203
01020863
6B0042EF
80000E6C
80009E69
00430313
000DAA03
004D8D93
000DA383
004D8D93
007A08B3
00032203
01120863
684042EF
80000E98
80009E97
00430313
000DA403
004D8D93
000DA383
004D8D93
00740933
00032203
01220863
658042EF
80000EC4
80009EC5
00430313
000DA383
004D8D93
000DA483
004D8D93
009389B3
00032203
01320863
62C042EF
80000EF0
80009EF3
00430313
000DAC83
004D8D93
000DAF03
004D8D93
01EC8A33
00032203
01420863
600042EF
80000F1C
80009F21
00430313
000DAB83
004D8D93
000DAA03
004D8D93
014B8AB3
00032203
01520863
5D4042EF
80000F48
80009F4F
00430313
000DA803
004D8D93
000DAA83
004D8D93
01580B33
00032203
01620863
5A8042EF
80000F74
80009F7D
00430313
000DA503
004D8D93
000DAC03
004D8D93
01850BB3
00032203
01720863
57C042EF
80000FA0
80009FAB
00430313
000DAE03
004D8D93
000DAE83
004D8D93
01DE0C33
00032203
01820863
550042EF
80000FCC
80009FD9
00430313
000DA703
004D8D93
000DA003
004D8D93
00070CB3
00032203
01920863
524042EF
80000FF8
8000A007
00430313
000DA783
004D8D93
000DAE03
004D8D93
01C78D33
00032203
01A20863
4F8042EF
80001024
8000A035
00430313
000D8A93
000AAB83
004A8A93
000AA003
004A8A93
000B8DB3
00032203
01B20863
4C8042EF
80001054
8000A063
00430313
000AA983
004A8A93
000AAF03
004A8A93
01E98E33
00032203
01C20863
49C042EF
80001080
8000A091
00430313
000AA083
004A8A93
000AAC03
004A8A93
01808EB3
00032203
01D20863
470042EF
800010AC
8000A0BF
00430313
000AA583
004A8A93
000AAA03
004A8A93
01458F33
00032203
01E20863
444042EF
800010D8
8000A0ED
00430313
000AAF03
004A8A93
000AA183
004A8A93
003F0FB3
00032203
01F20863
418042EF
80001104
8000A11B
00430313
000AA703
004A8A93
000AAC03
004A8A93
018701B3
00032203
00320863
3EC042EF
80001130
8000A149
00430313
000AAE83
004A8A93
000AA483
004A8A93
009E87B3
00032203
00F20863
3C0042EF
8000115C
8000A17E
00430313
000AA103
004A8A93
000AAA03
004A8A93
014107B3
00032203
00F20863
394042EF
80001188
8000A1B3
00430313
000AAD83
004A8A93
000AA183
004A8A93
003D86B3
00032203
00D20863
368042EF
800011B4
8000A1E8
00430313
000AAB03
004A8A93
000AAC03
004A8A93
018B05B3
00032203
00B20863
33C042EF
800011E0
8000A225
00430313
000AAD83
004A8A93
000AAB03
004A8A93
016D86B3
00032203
00D20863
310042EF
8000120C
8000A262
00430313
000AA803
004A8A93
000AA683
004A8A93
00D803B3
00032203
00720863
2E4042EF
80001238
8000A29F
00430313
000AA683
004A8A93
000AAD03
004A8A93
01A68E33
00032203
01C20863
2B8042EF
80001264
8000A2DC
00430313
000AA503
004A8A93
000AAF03
004A8A93
01E50633
00032203
00C20863
28C042EF
80001290
8000A319
00430313
000AAE03
004A8A93
000AA803
004A8A93
010E0F33
00032203
01E20863
260042EF
800012BC
8000A356
00430313
000AA503
004A8A93
000AA583
004A8A93
00B508B3
00032203
01120863
234042EF
800012E8
8000A393
00430313
000AA583
004A8A93
000AAE83
004A8A93
01D58B33
00032203
01620863
208042EF
80001314
8000A3D0
00430313
000AA383
004A8A93
000AAC83
004A8A93
019387B3
00032203
00F20863
1DC042EF
80001340
8000A40D
00430313
000AA403
004A8A93
000AAB83
004A8A93
017404B3
00032203
00920863
1B0042EF
8000136C
8000A443
00430313
000AA583
004A8A93
000AAB83
004A8A93
01758FB3
00032203
01F20863
184042EF
80001398
8000A479
00430313
000AAE83
004A8A93
000AAB03
004A8A93
016E88B3
00032203
01120863
158042EF
800013C4
8000A4AF
00430313
000AAB83
004A8A93
000AA483
004A8A93
009B8A33
00032203
01420863
12C042EF
800013F0
8000A4EC
00430313
000AA983
004A8A93
000AA083
004A8A93
00198D33
00032203
01A20863
100042EF
8000141C
8000A529
00430313
000AAB03
004A8A93
000AAA03
004A8A93
014B0FB3
00032203
01F20863
0D4042EF
80001448
8000A566
00430313
000AAE83
004A8A93
000AA103
004A8A93
002E8933
00032203
01220863
0A8042EF
80001474
8000A5A3
00430313
000AA603
004A8A93
000AAC03
004A8A93
01860E33
00032203
01C20863
07C042EF
800014A0
8000A5E0
00430313
000AA183
004A8A93
000AA803
004A8A93
010185B3
00032203
00B20863
050042EF
800014CC
8000A61D
00430313
000AAD03
004A8A93
000AA603
004A8A93
00CD0B33
00032203
01620863
024042EF
800014F8
8000A65A
00430313
000AAB83
004A8A93
000AA983
004A8A93
013B8EB3
00032203
01D20863
7F9032EF
80001524
8000A697
00430313
000AAB83
004A8A93
000AAA03
004A8A93
014B85B3
00032203
00B20863
7CD032EF
80001550
8000A6D4
00430313
000AA103
004A8A93
000AAD83
004A8A93
01B10933
00032203
01220863
7A1032EF
8000157C
8000A721
00430313
000AAE03
004A8A93
000AAC83
004A8A93
019E0C33
00032203
01820863
775032EF
800015A8
8000A76E
00430313
000AA883
004A8A93
000AAB83
004A8A93
017883B3
00032203
00720863
749032EF
800015D4
8000A7BB
00430313
000AA803
004A8A93
000AA603
004A8A93
00C80FB3
00032203
01F20863
71D032EF
80001600
8000A80F
00430313
000AA603
004A8A93
000AAC83
004A8A93
019604B3
00032203
00920863
6F1032EF
8000162C
8000A863
00430313
000AA083
004A8A93
000AAA03
004A8A93
014086B3
00032203
00D20863
6C5032EF
80001658
8000A8B7
00430313
000AA383
004A8A93
000AA903
004A8A93
01238A33
00032203
01420863
699032EF
80001684
8000A90B
00430313
000AAC83
004A8A93
000AA583
004A8A93
00BC8BB3
00032203
01720863
66D032EF
800016B0
8000A95F
00430313
000AA803
004A8A93
000AA403
004A8A93
00880B33
00032203
01620863
641032EF
800016DC
8000A9B3
00430313
000AAC83
004A8A93
000AA883
004A8A93
011C8633
00032203
00C20863
615032EF
80001708
8000AA07
00430313
000AAD83
004A8A93
000AAC03
004A8A93
018D8CB3
00032203
01920863
5E9032EF
80001734
8000AA5B
00430313
000AA783
004A8A93
000AAF83
004A8A93
01F784B3
00032203
00920863
5BD032EF
80001760
8000AAAF
00430313
000AAA03
004A8A93
000AA783
004A8A93
00FA00B3
00032203
00120863
591032EF
8000178C
8000AAFC
00430313
000AAD03
004A8A93
000AAD83
004A8A93
01BD0C33
00032203
01820863
565032EF
800017B8
8000AB49
00430313
000AA783
004A8A93
000AA403
004A8A93
00878EB3
00032203
01D20863
539032EF
800017E4
8000AB96
00430313
000AA483
004A8A93
000AAA03
004A8A93
01448C33
00032203
01820863
50D032EF
80001810
8000ABEA
00430313
000AAD83
004A8A93
000AAE83
004A8A93
01DD8433
00032203
00820863
4E1032EF
8000183C
8000AC3E
00430313
000AAE03
004A8A93
000AA603
004A8A93
00CE03B3
00032203
00720863
4B5032EF
80001868
8000AC92
00430313
000AA983
004A8A93
000AAE83
004A8A93
01D98833
00032203
01020863
489032EF
80001894
8000ACE6
00430313
000AAC03
004A8A93
000AA583
004A8A93
00BC04B3
00032203
00920863
45D032EF
800018C0
8000AD3A
00430313
000AA903
004A8A93
000AAB83
004A8A93
017907B3
00032203
00F20863
431032EF
800018EC
8000AD8E
00430313
000AA183
004A8A93
000AAB03
004A8A93
01618933
00032203
01220863
405032EF
80001918
8000ADE2
00430313
000AAE03
004A8A93
000AA483
004A8A93
009E0EB3
00032203
01D20863
3D9032EF
80001944
8000AE36
00430313
000AAD83
004A8A93
000AAE03
004A8A93
01CD87B3
00032203
00F20863
3AD032EF
80001970
8000AE8A
00430313
000AA383
004A8A93
000AAA03
004A8A93
014386B3
00032203
00D20863
381032EF
8000199C
8000AED7
00430313
000AAD83
004A8A93
000AA603
004A8A93
00CD8F33
00032203
01E20863
355032EF
800019C8
8000AF24
00430313
000AA603
004A8A93
000AA883
004A8A93
01160C33
00032203
01820863
329032EF
800019F4
8000AF71
00430313
000AAA03
004A8A93
000AAF03
004A8A93
01EA0BB3
00032203
01720863
2FD032EF
80001A20
8000AFC5
00430313
000AAC83
004A8A93
000AA403
004A8A93
008C8133
00032203
00220863
2D1032EF
80001A4C
8000B019
00430313
000AAB03
004A8A93
000AAD83
004A8A93
01BB05B3
00032203
00B20863
2A5032EF
80001A78
8000B06D
00430313
000AA983
004A8A93
000AA883
004A8A93
011981B3
00032203
00320863
279032EF
80001AA4
8000B0C1
00430313
000AA703
004A8A93
000AAC83
004A8A93
01970FB3
00032203
01F20863
24D032EF
80001AD0
8000B115
00430313
000AA983
004A8A93
000AA703
004A8A93
00E98433
00032203
00820863
221032EF
80001AFC
8000B169
00430313
000AA703
004A8A93
000AA803
004A8A93
01070433
00032203
00820863
1F5032EF
80001B28
8000B1BD
00430313
000AA583
004A8A93
000AA083
004A8A93
00158433
00032203
00820863
1C9032EF
80001B54
8000B211
00430313
000AAF03
004A8A93
000AA803
004A8A93
010F0533
00032203
00A20863
19D032EF
80001B80
8000B265
00430313
000AAD03
004A8A93
000AAF03
004A8A93
01ED0533
00032203
00A20863
171032EF
80001BAC
8000B2B9
00430313
000AAE03
004A8A93
000AAE83
004A8A93
01DE0CB3
00032203
01920863
145032EF
80001BD8
8000B30D
00430313
000AA603
004A8A93
000AA703
004A8A93
00E60B33
00032203
01620863
119032EF
80001C04
8000B361
00430313
000AAD03
004A8A93
000AA403
004A8A93
008D0F33
00032203
01E20863
0ED032EF
80001C30
8000B3BC
00430313
000AAE83
004A8A93
000AAC83
004A8A93
019E85B3
00032203
00B20863
0C1032EF
80001C5C
8000B417
00430313
000AA503
004A8A93
000AA883
004A8A93
01150E33
00032203
01C20863
095032EF
80001C88
8000B472
00430313
000AA183
004A8A93
000AA703
004A8A93
00E18833
00032203
01020863
069032EF
80001CB4
8000B4CD
00430313
000AAD83
004A8A93
000AA983
004A8A93
013D8A33
00032203
01420863
03D032EF
80001CE0
8000B528
00430313
000AA803
004A8A93
000AA183
004A8A93
00380CB3
00032203
01920863
011032EF
80001D0C
8000B583
00430313
000AA583
004A8A93
000AA383
004A8A93
00758133
00032203
00220863
7E4032EF
80001D38
8000B5DE
00430313
000AA083
004A8A93
000AA803
004A8A93
010083B3
00032203
00720863
7B8032EF
80001D64
8000B639
00430313
000AA783
004A8A93
000AA103
004A8A93
00278F33
00032203
01E20863
78C032EF
80001D90
8000B694
00430313
000AA683
004A8A93
000AAC83
004A8A93
019689B3
00032203
01320863
760032EF
80001DBC
8000B6E8
00430313
000AA903
004A8A93
000AA183
004A8A93
00390BB3
00032203
01720863
734032EF
80001DE8
8000B73C
00430313
000AAE03
004A8A93
000AAB03
004A8A93
016E03B3
00032203
00720863
708032EF
80001E14
8000B790
00430313
000AA803
004A8A93
000AAD83
004A8A93
01B807B3
00032203
00F20863
6DC032EF
80001E40
8000B7EB
00430313
000AA803
004A8A93
000AA883
004A8A93
01180C33
00032203
01820863
6B0032EF
80001E6C
8000B846
00430313
000AAD83
004A8A93
000AA383
004A8A93
007D8133
00032203
00220863
684032EF
80001E98
8000B8A1
00430313
000AA103
004A8A93
000AAA03
004A8A93
01410833
00032203
01020863
658032EF
80001EC4
8000B8FC
00430313
000AA483
004A8A93
000AA803
004A8A93
01048D33
00032203
01A20863
62C032EF
80001EF0
8000B957
00430313
000AA783
004A8A93
000AAC03
004A8A93
018788B3
00032203
01120863
600032EF
80001F1C
8000B9B2
00430313
000AAE03
004A8A93
000AA503
004A8A93
00AE0433
00032203
00820863
5D4032EF
80001F48
8000BA0D
00430313
000AA903
004A8A93
000AAB83
004A8A93
01790833
00032203
01020863
5A8032EF
80001F74
8000BA68
00430313
000AAD83
004A8A93
000AA883
004A8A93
011D8EB3
00032203
01D20863
57C032EF
80001FA0
8000BAC3
00430313
000AAD03
004A8A93
000AAE03
004A8A93
01CD0A33
00032203
01420863
550032EF
80001FCC
8000BB17
00430313
000AAC03
004A8A93
000AA483
004A8A93
009C0533
00032203
00A20863
524032EF
80001FF8
8000BB6B
00430313
000AAF03
004A8A93
000AAA03
004A8A93
014F0BB3
00032203
01720863
4F8032EF
80002024
8000BBBF
00430313
000AA903
004A8A93
000AA383
004A8A93
007901B3
00032203
00320863
4CC032EF
80002050
8000BC1A
00430313
000AAF83
004A8A93
000AAB83
004A8A93
017F80B3
00032203
00120863
4A0032EF
8000207C
8000BC75
00430313
000AAB03
004A8A93
000AA583
004A8A93
00BB0DB3
00032203
01B20863
474032EF
800020A8
8000BCD0
00430313
000AA083
004A8A93
000AAA03
004A8A93
014083B3
00032203
00720863
448032EF
800020D4
8000BD2B
00430313
000AAD03
004A8A93
000AAA03
004A8A93
014D04B3
00032203
00920863
41C032EF
80002100
8000BD86
00430313
000AAD03
004A8A93
000AAA03
004A8A93
014D00B3
00032203
00120863
3F0032EF
8000212C
8000BDE1
00430313
000AA703
004A8A93
000AA603
004A8A93
00C709B3
00032203
01320863
3C4032EF
80002158
8000BE3C
00430313
000AA683
004A8A93
000AA903
004A8A93
012683B3
00032203
00720863
398032EF
80002184
8000BE97
00430313
000AA803
004A8A93
000AAE03
004A8A93
01C805B3
00032203
00B20863
36C032EF
800021B0
8000BEF2
00430313
000AA703
004A8A93
000AAB83
004A8A93
01770D33
00032203
01A20863
340032EF
800021DC
8000BF46
00430313
000AA503
004A8A93
000AA103
004A8A93
00250FB3
00032203
01F20863
314032EF
80002208
8000BF9A
00430313
000AA383
004A8A93
000AAC03
004A8A93
01838BB3
00032203
01720863
2E8032EF
80002234
8000BFEE
00430313
000AAC83
004A8A93
000AA983
004A8A93
013C86B3
00032203
00D20863
2BC032EF
80002260
8000C049
00430313
000AA783
004A8A93
000AAB03
004A8A93
01678DB3
00032203
01B20863
290032EF
8000228C
8000C0A4
00430313
000AA503
004A8A93
000AA103
004A8A93
002500B3
00032203
00120863
264032EF
800022B8
8000C0FF
00430313
000AAC83
004A8A93
000AA683
004A8A93
00DC8B33
00032203
01620863
238032EF
800022E4
8000C15A
00430313
000AA683
004A8A93
000AAF03
004A8A93
01E68C33
00032203
01820863
20C032EF
80002310
8000C1B5
00430313
000AAE03
004A8A93
000AA583
004A8A93
00BE0CB3
00032203
01920863
1E0032EF
8000233C
8000C210
00430313
000AA583
004A8A93
000AA503
004A8A93
00A58DB3
00032203
01B20863
1B4032EF
80002368
8000C26B
00430313
000AAE03
004A8A93
000AA403
004A8A93
008E0BB3
00032203
01720863
188032EF
80002394
8000C2C6
00430313
000AA783
004A8A93
000AA183
004A8A93
003786B3
00032203
00D20863
15C032EF
800023C0
8000C321
00430313
000AA583
004A8A93
000AA403
004A8A93
008586B3
00032203
00D20863
130032EF
800023EC
8000C375
00430313
000AA183
004A8A93
000AA903
004A8A93
01218133
00032203
00220863
104032EF
80002418
8000C3C9
00430313
000AAF03
004A8A93
000AA183
004A8A93
003F0EB3
00032203
01D20863
0D8032EF
80002444
8000C41D
00430313
000AAD03
004A8A93
000AAD83
004A8A93
01BD0633
00032203
00C20863
0AC032EF
80002470
8000C478
00430313
000AA583
004A8A93
000AAD83
004A8A93
01B58133
00032203
00220863
080032EF
8000249C
8000C4D3
00430313
000AA883
004A8A93
000AAA03
004A8A93
01488C33
00032203
01820863
054032EF
800024C8
8000C52E
00430313
000AA783
004A8A93
000AAC83
004A8A93
01978733
00032203
00E20863
028032EF
800024F4
8000C589
00430313
000AAB83
004A8A93
000AAB03
004A8A93
016B8633
00032203
00C20863
7FD022EF
80002520
8000C5E4
00430313
000AA803
004A8A93
000AA983
004A8A93
013808B3
00032203
01120863
7D1022EF
8000254C
8000C63F
00430313
000AAB83
004A8A93
000AAF83
004A8A93
01FB8F33
00032203
01E20863
7A5022EF
80002578
8000C69A
00430313
000AAD83
004A8A93
000AA103
004A8A93
002D86B3
00032203
00D20863
779022EF
800025A4
8000C6F5
00430313
000AA683
004A8A93
000AAE03
004A8A93
01C689B3
00032203
01320863
74D022EF
800025D0
8000C750
00430313
000AA503
004A8A93
000AA703
004A8A93
00E50BB3
00032203
01720863
721022EF
800025FC
8000C7A4
00430313
000AA183
004A8A93
000AA903
004A8A93
012187B3
00032203
00F20863
6F5022EF
80002628
8000C7F8
00430313
000AA703
004A8A93
000AAD03
004A8A93
01A70133
00032203
00220863
6C9022EF
80002654
8000C84C
00430313
000AA403
004A8A93
000AAE03
004A8A93
01C40CB3
00032203
01920863
69D022EF
80002680
8000C8A7
00430313
000AAC83
004A8A93
000AAB83
004A8A93
017C8133
00032203
00220863
671022EF
800026AC
8000C902
00430313
000AA903
004A8A93
000AA183
004A8A93
003906B3
00032203
00D20863
645022EF
800026D8
8000C95D
00430313
000AAB03
004A8A93
000AA383
004A8A93
007B0CB3
00032203
01920863
619022EF
80002704
8000C9B8
00430313
000AA983
004A8A93
000AA603
004A8A93
00C98A33
00032203
01420863
5ED022EF
80002730
8000CA13
00430313
000AA383
004A8A93
000AA183
004A8A93
003385B3
00032203
00B20863
5C1022EF
8000275C
8000CA6E
00430313
000AA983
004A8A93
000AA183
004A8A93
00398633
00032203
00C20863
595022EF
80002788
8000CAC9
00430313
000AA983
004A8A93
000AAD83
004A8A93
01B98433
00032203
00820863
569022EF
800027B4
8000CB24
00430313
000AA503
004A8A93
000AAD03
004A8A93
01A505B3
00032203
00B20863
53D022EF
800027E0
8000CB7F
00430313
000AA183
004A8A93
000AA903
004A8A93
01218633
00032203
00C20863
511022EF
8000280C
8000CBD3
00430313
000AAE03
004A8A93
000AA583
004A8A93
00BE09B3
00032203
01320863
4E5022EF
80002838
8000CC27
00430313
000AA703
004A8A93
000AA183
004A8A93
00370FB3
00032203
01F20863
4B9022EF
80002864
8000CC7B
00430313
000AAB03
004A8A93
000AAC03
004A8A93
018B00B3
00032203
00120863
48D022EF
80002890
8000CCD6
00430313
000AA083
004A8A93
000AAB03
004A8A93
01608BB3
00032203
01720863
461022EF
800028BC
8000CD31
00430313
000AAB03
004A8A93
000AAE83
004A8A93
01DB0533
00032203
00A20863
435022EF
800028E8
8000CD8C
00430313
000AA583
004A8A93
000AAB83
004A8A93
017584B3
00032203
00920863
409022EF
80002914
8000CDE7
00430313
000AA783
004A8A93
000AA603
004A8A93
00C78533
00032203
00A20863
3DD022EF
80002940
8000CE42
00430313
000AA383
004A8A93
000AAC03
004A8A93
01838533
00032203
00A20863
3B1022EF
8000296C
8000CE9D
00430313
000AAE03
004A8A93
000AA903
004A8A93
012E06B3
00032203
00D20863
385022EF
80002998
8000CEF8
00430313
000AAD03
004A8A93
000AA083
004A8A93
001D0EB3
00032203
01D20863
359022EF
800029C4
8000CF53
00430313
000AA703
004A8A93
000AA183
004A8A93
003704B3
00032203
00920863
32D022EF
800029F0
8000CFAE
00430313
000AA503
004A8A93
000AAB83
004A8A93
01750DB3
00032203
01B20863
301022EF
80002A1C
8000D002
00430313
000AA083
004A8A93
000AAA03
004A8A93
01408533
00032203
00A20863
2D5022EF
80002A48
8000D056
00430313
000AA603
004A8A93
000AAD83
004A8A93
01B60C33
00032203
01820863
2A9022EF
80002A74
8000D0AA
00430313
000AAC83
004A8A93
000AA683
004A8A93
00DC8933
00032203
01220863
27D022EF
80002AA0
8000D105
00430313
000AA483
004A8A93
000AAC03
004A8A93
01848933
00032203
01220863
251022EF
80002ACC
8000D160
00430313
000AAD03
004A8A93
000AAC83
004A8A93
019D07B3
00032203
00F20863
225022EF
80002AF8
8000D1BB
00430313
000AAC03
004A8A93
000AA383
004A8A93
007C0633
00032203
00C20863
1F9022EF
80002B24
8000D216
00430313
000AA683
004A8A93
000AA883
004A8A93
011681B3
00032203
00320863
1CD022EF
80002B50
8000D271
00430313
000AAC03
004A8A93
000AAA03
004A8A93
014C0FB3
00032203
01F20863
1A1022EF
80002B7C
8000D2CC
00430313
000AA603
004A8A93
000AA383
004A8A93
00760833
00032203
01020863
175022EF
80002BA8
8000D327
00430313
000AA783
004A8A93
000AA403
004A8A93
00878133
00032203
00220863
149022EF
80002BD4
8000D382
00430313
000AA783
004A8A93
000AAD83
004A8A93
01B78C33
00032203
01820863
11D022EF
80002C00
8000D3DD
00430313
000AA383
004A8A93
000AA703
004A8A93
00E388B3
00032203
01120863
0F1022EF
80002C2C
8000D431
00430313
000AAD03
004A8A93
000AAB03
004A8A93
016D0933
00032203
01220863
0C5022EF
80002C58
8000D485
00430313
000AA083
004A8A93
000AA603
004A8A93
00C085B3
00032203
00B20863
099022EF
80002C84
8000D4D9
00430313
000AA183
004A8A93
000AAC83
004A8A93
019188B3
00032203
01120863
06D022EF
80002CB0
8000D534
00430313
000AA983
004A8A93
000AAA03
004A8A93
01498B33
00032203
01620863
041022EF
80002CDC
8000D58F
00430313
000AA103
004A8A93
000AA983
004A8A93
01310D33
00032203
01A20863
015022EF
80002D08
8000D5EA
00430313
000AA883
004A8A93
000AA803
004A8A93
01088CB3
00032203
01920863
7E8022EF
80002D34
8000D645
00430313
000AAD83
004A8A93
000AAD03
004A8A93
01AD8633
00032203
00C20863
7BC022EF
80002D60
8000D6A0
00430313
000AA483
004A8A93
000AAE83
004A8A93
01D48533
00032203
00A20863
790022EF
80002D8C
8000D6FB
00430313
000AA183
004A8A93
000AA503
004A8A93
00A18833
00032203
01020863
764022EF
80002DB8
8000D756
00430313
000AAE83
004A8A93
000AA403
004A8A93
008E86B3
00032203
00D20863
738022EF
80002DE4
8000D7B1
00430313
000AA003
004A8A93
000AA003
004A8A93
00000B33
00032203
01620863
70C022EF
80002E10
8000D80C
00430313
000AA083
004A8A93
000AA083
004A8A93
001081B3
00032203
00320863
6E0022EF
80002E3C
8000D840
00430313
000AA103
004A8A93
000AA103
004A8A93
002107B3
00032203
00F20863
6B4022EF
80002E68
8000D874
00430313
000AA183
004A8A93
000AA183
004A8A93
00318733
00032203
00E20863
688022EF
80002E94
8000D8A8
00430313
00020393
00028413
000AA203
004A8A93
000AA203
004A8A93
00420933
00032383
01238863
66C0246F
80002EC8
8000D8DC
00430313
000AA283
004A8A93
000AA283
004A8A93
005288B3
00032383
01138863
6400246F
80002EF4
8000D910
00430313
00030F13
000AA303
004A8A93
000AA303
004A8A93
006309B3
000F2383
01338863
6100246F
80002F24
8000D944
004F0F13
00038213
00040293
000AA383
004A8A93
000AA383
004A8A93
00738033
000F2203
00020863
5C4022EF
80002F58
8000D978
004F0F13
000AA403
004A8A93
000AA403
004A8A93
00840333
000F2203
00620863
598022EF
80002F84
8000D9AC
004F0F13
000AA483
004A8A93
000AA483
004A8A93
00948433
000F2203
00820863
56C022EF
80002FB0
8000D9E0
004F0F13
000AA503
004A8A93
000AA503
004A8A93
00A50633
000F2203
00C20863
540022EF
80002FDC
8000DA14
004F0F13
000AA583
004A8A93
000AA583
004A8A93
00B58EB3
000F2203
01D20863
514022EF
80003008
8000DA49
004F0F13
000AA603
004A8A93
000AA603
004A8A93
00C608B3
000F2203
01120863
4E8022EF
80003034
8000DA7E
004F0F13
000AA683
004A8A93
000AA683
004A8A93
00D68C33
000F2203
01820863
4BC022EF
80003060
8000DAB3
004F0F13
000AA703
004A8A93
000AA703
004A8A93
00E703B3
000F2203
00720863
490022EF
8000308C
8000DAE8
004F0F13
000AA783
004A8A93
000AA783
004A8A93
00F78A33
000F2203
01420863
464022EF
800030B8
8000DB1D
004F0F13
000AA803
004A8A93
000AA803
004A8A93
010804B3
000F2203
00920863
438022EF
800030E4
8000DB52
004F0F13
000AA883
004A8A93
000AA883
004A8A93
011885B3
000F2203
00B20863
40C022EF
80003110
8000DB87
004F0F13
000AA903
004A8A93
000AA903
004A8A93
01290B33
000F2203
01620863
3E0022EF
8000313C
8000DBBC
004F0F13
000AA983
004A8A93
000AA983
004A8A93
01398633
000F2203
00C20863
3B4022EF
80003168
8000DBF1
004F0F13
000AAA03
004A8A93
000AAA03
004A8A93
014A06B3
000F2203
00D20863
388022EF
80003194
8000DC26
004F0F13
000A8B13
000B2A83
004B0B13
000B2A83
004B0B13
015A8C33
000F2203
01820863
358022EF
800031C4
8000DC5B
004F0F13
000B0793
0007AB03
00478793
0007AB03
00478793
016B04B3
000F2203
00920863
328022EF
800031F4
8000DC90
004F0F13
0007AB83
00478793
0007AB83
00478793
017B89B3
000F2203
01320863
2FC022EF
80003220
8000DCC5
004F0F13
0007AC03
00478793
0007AC03
00478793
018C0FB3
000F2203
01F20863
2D0022EF
8000324C
8000DCFA
004F0F13
0007AC83
00478793
0007AC83
00478793
019C8DB3
000F2203
01B20863
2A4022EF
80003278
8000DD2F
004F0F13
0007AD03
00478793
0007AD03
00478793
01AD0533
000F2203
00A20863
278022EF
800032A4
8000DD64
004F0F13
0007AD83
00478793
0007AD83
00478793
01BD8833
000F2203
01020863
24C022EF
800032D0
8000DD99
004F0F13
0007AE03
00478793
0007AE03
00478793
01CE0933
000F2203
01220863
220022EF
800032FC
8000DDCE
004F0F13
0007AE83
00478793
0007AE83
00478793
01DE8D33
000F2203
01A20863
1F4022EF
80003328
8000DE03
004F0F13
000F0A93
0007AF03
00478793
0007AF03
00478793
01EF0333
000AA203
00620863
1C4022EF
80003358
8000DE38
004A8A93
0007AF83
00478793
0007AF83
00478793
01FF8833
000AA203
01020863
198022EF
80003384
8000DE6D
004A8A93
0007A003
00478793
0007AF83
00478793
01F00033
000AA203
00020863
16C022EF
800033B0
8000DEA2
004A8A93
0007A083
00478793
0007AD83
00478793
01B080B3
000AA203
00120863
140022EF
800033DC
8000DED5
004A8A93
0007A103
00478793
0007AA03
00478793
01410133
000AA203
00220863
114022EF
80003408
8000DF08
004A8A93
0007A183
00478793
0007A803
00478793
010181B3
000AA203
00320863
0E8022EF
80003434
8000DF3B
004A8A93
00020693
00028713
0007A203
00478793
0007A083
00478793
00120233
000AA683
00468863
0F40276F
80003468
8000DF6E
004A8A93
0007A283
00478793
0007AC03
00478793
018282B3
000AA683
00568863
0C80276F
80003494
8000DFA1
004A8A93
0007A303
00478793
0007A203
00478793
00430333
000AA683
00668863
09C0276F
800034C0
8000DFD4
004A8A93
0007A383
00478793
0007A183
00478793
003383B3
000AA683
00768863
0700276F
800034EC
8000E007
004A8A93
0007A403
00478793
0007A203
00478793
00440433
000AA683
00868863
0440276F
80003518
8000E03A
004A8A93
0007A483
00478793
0007AC03
00478793
018484B3
000AA683
00968863
0180276F
80003544
8000E06D
004A8A93
0007A503
00478793
0007A303
00478793
00650533
000AA683
00A68863
7ED0176F
80003570
8000E0A0
004A8A93
0007A583
00478793
0007AA03
00478793
014585B3
000AA683
00B68863
7C10176F
8000359C
8000E0D4
004A8A93
0007A603
00478793
0007A303
00478793
00660633
000AA683
00C68863
7950176F
800035C8
8000E108
004A8A93
00068393
00070413
0007A683
00478793
0007A603
00478793
00C686B3
000AA383
00D38863
7390146F
800035FC
8000E13C
004A8A93
0007A703
00478793
0007A283
00478793
00570733
000AA383
00E38863
70D0146F
80003628
8000E170
004A8A93
00078C93
000CA783
004C8C93
000CA983
004C8C93
013787B3
000AA383
00F38863
6DD0146F
80003658
8000E1A4
004A8A93
000CA803
004C8C93
000CAE83
004C8C93
01D80833
000AA383
01038863
6B10146F
80003684
8000E1D8
004A8A93
000CA883
004C8C93
000CA503
004C8C93
00A888B3
000AA383
01138863
6850146F
800036B0
8000E20C
004A8A93
000CA903
004C8C93
000CAD83
004C8C93
01B90933
000AA383
01238863
6590146F
800036DC
8000E240
004A8A93
000CA983
004C8C93
000CAB83
004C8C93
017989B3
000AA383
01338863
62D0146F
80003708
8000E274
004A8A93
000CAA03
004C8C93
000CAE03
004C8C93
01CA0A33
000AA383
01438863
6010146F
80003734
8000E2A8
004A8A93
000A8A13
000CAA83
004C8C93
000CA783
004C8C93
00FA8AB3
000A2383
01538863
5D10146F
80003764
8000E2DC
004A0A13
000CAB03
004C8C93
000CA303
004C8C93
006B0B33
000A2383
01638863
5A50146F
80003790
8000E310
004A0A13
000CAB83
004C8C93
000CAE03
004C8C93
01CB8BB3
000A2383
01738863
5790146F
800037BC
8000E344
004A0A13
000CAC03
004C8C93
000CAD83
004C8C93
01BC0C33
000A2383
01838863
54D0146F
800037E8
8000E378
004A0A13
000C8493
0004AC83
00448493
0004A003
00448493
000C8CB3
000A2383
01938863
51D0146F
80003818
8000E3AC
004A0A13
0004AD03
00448493
0004A203
00448493
004D0D33
000A2383
01A38863
4F10146F
80003844
8000E3E0
004A0A13
0004AD83
00448493
0004A283
00448493
005D8DB3
000A2383
01B38863
4C50146F
80003870
8000E414
004A0A13
0004AE03
00448493
0004AE83
00448493
01DE0E33
000A2383
01C38863
4990146F
8000389C
8000E448
004A0A13
0004AE83
00448493
0004AF83
00448493
01FE8EB3
000A2383
01D38863
46D0146F
800038C8
8000E47C
004A0A13
0004AF03
00448493
0004AF83
00448493
01FF0F33
000A2383
01E38863
4410146F
800038F4
8000E4B0
004A0A13
0004AF83
00448493
0004A303
00448493
006F8FB3
000A2383
01F38863
4150146F
80003920
8000E4E4
004A0A13
0004A783
00448493
0004A003
00448493
00078033
000A2383
00038863
3E90146F
8000394C
8000E518
004A0A13
0004AD03
00448493
0004A083
00448493
001D00B3
000A2383
00138863
3BD0146F
80003978
8000E54B
004A0A13
0004AA83
00448493
0004A103
00448493
002A8133
000A2383
00238863
3910146F
800039A4
8000E57E
004A0A13
0004A503
00448493
0004A183
00448493
003501B3
000A2383
00338863
3650146F
800039D0
8000E5B1
004A0A13
0004A003
00448493
0004A203
00448493
00400233
000A2383
00438863
3390146F
800039FC
8000E5E4
004A0A13
0004A983
00448493
0004A283
00448493
005982B3
000A2383
00538863
30D0146F
80003A28
8000E617
004A0A13
0004A203
00448493
0004A303
00448493
00620333
000A2383
00638863
2E10146F
80003A54
8000E64A
004A0A13
00038693
00040713
0004AB83
00448493
0004A383
00448493
007B83B3
000A2683
00768863
2D50176F
80003A88
8000E67D
004A0A13
0004A383
00448493
0004A403
00448493
00838433
000A2683
00868863
2A90176F
80003AB4
8000E6B0
004A0A13
00048E13
000E2503
004E0E13
000E2483
004E0E13
009504B3
000A2683
00968863
2790176F
80003AE4
8000E6E3
004A0A13
000E2483
004E0E13
000E2503
004E0E13
00A48533
000A2683
00A68863
24D0176F
80003B10
8000E716
004A0A13
000E2D83
004E0E13
000E2583
004E0E13
00BD85B3
000A2683
00B68863
2210176F
80003B3C
8000E74A
004A0A13
000E2103
004E0E13
000E2603
004E0E13
00C10633
000A2683
00C68863
1F50176F
80003B68
8000E77E
004A0A13
00068213
00070293
000E2103
004E0E13
000E2683
004E0E13
00D106B3
000A2203
00D20863
181012EF
80003B9C
8000E7B2
004A0A13
000E2883
004E0E13
000E2703
004E0E13
00E88733
000A2203
00E20863
155012EF
80003BC8
8000E7E6
004A0A13
000E2583
004E0E13
000E2783
004E0E13
00F587B3
000A2203
00F20863
129012EF
80003BF4
8000E81A
004A0A13
000E2103
004E0E13
000E2803
004E0E13
01010833
000A2203
01020863
0FD012EF
80003C20
8000E84E
004A0A13
000E2483
004E0E13
000E2883
004E0E13
011488B3
000A2203
01120863
0D1012EF
80003C4C
8000E882
004A0A13
000E2683
004E0E13
000E2903
004E0E13
01268933
000A2203
01220863
0A5012EF
80003C78
8000E8B6
004A0A13
000E2703
004E0E13
000E2983
004E0E13
013709B3
000A2203
01320863
079012EF
80003CA4
8000E8EA
004A0A13
000A0613
000E2183
004E0E13
000E2A03
004E0E13
01418A33
00062203
01420863
049012EF
80003CD4
8000E91E
00460613
000E2783
004E0E13
000E2A83
004E0E13
01578AB3
00062203
01520863
01D012EF
80003D00
8000E952
00460613
000E2B83
004E0E13
000E2B03
004E0E13
016B8B33
00062203
01620863
7F0012EF
80003D2C
8000E986
00460613
000E2C03
004E0E13
000E2B83
004E0E13
017C0BB3
00062203
01720863
7C4012EF
80003D58
8000E9BA
00460613
000E2983
004E0E13
000E2C03
004E0E13
01898C33
00062203
01820863
798012EF
80003D84
8000E9EE
00460613
000E2003
004E0E13
000E2C83
004E0E13
01900CB3
00062203
01920863
76C012EF
80003DB0
8000EA22
00460613
000E2403
004E0E13
000E2D03
004E0E13
01A40D33
00062203
01A20863
740012EF
80003DDC
8000EA56
00460613
000E2C03
004E0E13
000E2D83
004E0E13
01BC0DB3
00062203
01B20863
714012EF
80003E08
8000EA8A
00460613
000E0993
0009A183
00498993
0009AE03
00498993
01C18E33
00062203
01C20863
6E4012EF
80003E38
8000EABE
00460613
0009A383
00498993
0009AE83
00498993
01D38EB3
00062203
01D20863
6B8012EF
80003E64
8000EAF2
00460613
0009AD83
00498993
0009AF03
00498993
01ED8F33
00062203
01E20863
68C012EF
80003E90
8000EB26
00460613
0009A103
00498993
0009AF83
00498993
01F10FB3
00062203
01F20863
660012EF
80003EBC
8000EB5A
00460613
0009A003
00498993
0009A003
00498993
00000033
00062203
00020863
634012EF
80003EE8
8000EB8E
00460613
0009A083
00498993
0009A083
00498993
001080B3
00062203
00120863
608012EF
80003F14
8000EBC5
00460613
0009A103
00498993
0009A103
00498993
00210133
00062203
00220863
5DC012EF
80003F40
8000EBFC
00460613
0009A183
00498993
0009A183
00498993
003181B3
00062203
00320863
5B0012EF
80003F6C
8000EC33
00460613
00020693
00028713
0009A203
00498993
0009A203
00498993
00420233
00062683
00468863
5BC0176F
80003FA0
8000EC6A
00460613
0009A283
00498993
0009A283
00498993
005282B3
00062683
00568863
5900176F
80003FCC
8000ECA1
00460613
0009A303
00498993
0009A303
00498993
00630333
00062683
00668863
5640176F
80003FF8
8000ECD8
00460613
0009A383
00498993
0009A383
00498993
007383B3
00062683
00768863
5380176F
80004024
8000ED0F
00460613
0009A403
00498993
0009A403
00498993
00840433
00062683
00868863
50C0176F
80004050
8000ED46
00460613
0009A483
00498993
0009A483
00498993
009484B3
00062683
00968863
4E00176F
8000407C
8000ED7D
00460613
0009A503
00498993
0009A503
00498993
00A50533
00062683
00A68863
4B40176F
800040A8
8000EDB4
00460613
0009A583
00498993
0009A583
00498993
00B585B3
00062683
00B68863
4880176F
800040D4
8000EDEC
00460613
00060313
0009A603
00498993
0009A603
00498993
00C60633
00032683
00C68863
4580176F
80004104
8000EE24
00430313
00068213
00070293
0009A683
00498993
0009A683
00498993
00D686B3
00032203
00D20863
3E4012EF
80004138
8000EE5C
00430313
0009A703
00498993
0009A703
00498993
00E70733
00032203
00E20863
3B8012EF
80004164
8000EE94
00430313
0009A783
00498993
0009A783
00498993
00F787B3
00032203
00F20863
38C012EF
80004190
8000EECC
00430313
0009A803
00498993
0009A803
00498993
01080833
00032203
01020863
360012EF
800041BC
8000EF04
00430313
0009A883
00498993
0009A883
00498993
011888B3
00032203
01120863
334012EF
800041E8
8000EF3C
00430313
0009A903
00498993
0009A903
00498993
01290933
00032203
01220863
308012EF
80004214
8000EF74
00430313
00098613
00062983
00460613
00062983
00460613
013989B3
00032203
01320863
2D8012EF
80004244
8000EFAC
00430313
00062A03
00460613
00062A03
00460613
014A0A33
00032203
01420863
2AC012EF
80004270
8000EFE4
00430313
00062A83
00460613
00062A83
00460613
015A8AB3
00032203
01520863
280012EF
8000429C
8000F01C
00430313
00062B03
00460613
00062B03
00460613
016B0B33
00032203
01620863
254012EF
800042C8
8000F054
00430313
00062B83
00460613
00062B83
00460613
017B8BB3
00032203
01720863
228012EF
800042F4
8000F08C
00430313
00062C03
00460613
00062C03
00460613
018C0C33
00032203
01820863
1FC012EF
80004320
8000F0C4
00430313
00062C83
00460613
00062C83
00460613
019C8CB3
00032203
01920863
1D0012EF
8000434C
8000F0FC
00430313
00062D03
00460613
00062D03
00460613
01AD0D33
00032203
01A20863
1A4012EF
80004378
8000F134
00430313
00062D83
00460613
00062D83
00460613
01BD8DB3
00032203
01B20863
178012EF
800043A4
8000F16C
00430313
00062E03
00460613
00062E03
00460613
01CE0E33
00032203
01C20863
14C012EF
800043D0
8000F1A4
00430313
00062E83
00460613
00062E83
00460613
01DE8EB3
00032203
01D20863
120012EF
800043FC
8000F1DC
00430313
00062F03
00460613
00062F03
00460613
01EF0F33
00032203
01E20863
0F4012EF
80004428
8000F214
00430313
00062F83
00460613
00062F83
00460613
01FF8FB3
00032203
01F20863
0C8012EF
80004454
8000F24C
00430313
00030113
00000513
00000073
FFF00513
1D800413
34002373
23832383
23C32483
22032383
25032483
34049073
24832483
305493F3
FFC4F493
FFC3F393
00749E63
00030493
0004A783
00F3A023
00438393
00448493
FE83C8E3
00000013
00000013
00000013
00000013
00000013
00000013
00000497
29048493
00000013
00000013
00000013
00000013
00000013
00000013
10E49863
00000013
00000013
00000013
00000013
00000013
00000013
00000013
0000B517
3EA50513
00000013
00000013
00000013
00000013
00000013
00000013
0003D097
084080E7
00000013
00000013
00000013
00000013
00000013
00000013
0000B517
3DF50513
00000013
00000013
00000013
00000013
00000013
00000013
0003D097
044080E7
00000013
00000013
00000013
00000013
00000013
00000013
0000B517
3FF50513
00000013
00000013
00000013
00000013
00000013
00000013
0003D097
004080E7
00000013
00000013
00000013
00000013
00000013
00000013
0000C517
F6A50513
00000013
00000013
00000013
00000013
00000013
00000013
0003D097
FC4080E7
0003D097
02C080E7
00000013
00000013
00000013
00000013
00004317
D0830313
00000013
00000013
00000013
00000013
00000013
00000013
00032303
00000013
00000013
00000013
00000013
00000013
00000013
00000013
0000D397
FC838393
00000013
00000013
00000013
00000013
00000013
00000013
40730333
00000013
00000013
00000013
00000013
00000013
00000013
00000013
0000D417
F8040413
00000013
00000013
00000013
00000013
00000013
00000013
00042203
00620863
6C9003EF
80004610
8000FAF3
BAD0E4B7
EAD48493
00E49A63
6B1003EF
800047A4
8000F961
00000341
00000013
00000013
00000013
00000013
0000B517
1D450513
00000013
00000013
00000013
00000013
00000013
00000013
0003D097
EA4080E7
0003D097
EF0080E7
00000013
00000013
00000013
00000013
0000B517
1CA50513
00000013
00000013
00000013
00000013
00000013
00000013
0003D097
E64080E7
0003D097
ECC080E7
00000013
00000013
00000013
00000013
00000717
FF070713
00000013
00000013
00000013
00000013
00000013
00000013
CD5FF06F
BAD0E737
EAD70713
CC9FF06F
00000013
00000013
00000013
00000013
0800006F
0880006F
0900006F
0980006F
0A00006F
0A80006F
0B00006F
0B80006F
0C00006F
0C80006F
0D00006F
0D80006F
0E00006F
0E80006F
0F00006F
0F80006F
1000006F
1080006F
1100006F
1180006F
1200006F
1280006F
1300006F
1380006F
1400006F
13C0006F
1380006F
1340006F
1300006F
12C0006F
1280006F
1240006F
34011173
26F12823
13C007EF
34011173
26F12823
130007EF
34011173
26F12823
124007EF
34011173
26F12823
118007EF
34011173
26F12823
10C007EF
34011173
26F12823
100007EF
34011173
26F12823
0F4007EF
34011173
26F12823
0E8007EF
34011173
26F12823
0DC007EF
34011173
26F12823
0D0007EF
34011173
26F12823
0C4007EF
34011173
26F12823
0B8007EF
34011173
26F12823
0AC007EF
34011173
26F12823
0A0007EF
34011173
26F12823
094007EF
34011173
26F12823
088007EF
34011173
26F12823
07C007EF
34011173
26F12823
070007EF
34011173
26F12823
064007EF
34011173
26F12823
058007EF
34011173
26F12823
04C007EF
34011173
26F12823
040007EF
34011173
26F12823
034007EF
34011173
26F12823
028007EF
00000317
B6C30313
00000013
00000013
00000013
00000013
00000013
00000013
00030067
26E12623
34011773
26E12A23
23012703
00070067
26912423
26812223
26712023
24612E23
00000013
00000013
00000013
00000013
00000013
00000013
00003317
74830313
00000013
00000013
00000013
00000013
00000013
00000013
00032383
00138393
00732023
34202773
800014B7
FFF48493
00E4F4B3
FFE48413
00041663
2A050AE3
58C0006F
FF848413
00245413
58041063
2A0500E3
FFF50493
00500393
0274E063
07300393
00750463
0800006F
34102573
00450413
34141073
7E40006F
341024F3
00448493
34149073
00100393
00750E63
00200393
02750263
00300393
02750C63
FFF00513
7B80006F
000024B7
80048493
3004A073
7A80006F
000024B7
80048493
3004B073
000014B7
80048493
3004A073
78C0006F
000024B7
80048493
3004B073
77C0006F
00000013
00000013
00000013
00000013
00000013
00000397
17038393
00000013
00000013
00000013
00000013
00000013
00000013
0003A403
00A40863
04040863
00838393
FF1FF06F
00008493
00000013
00000013
00000097
02408093
00000013
00000013
00000013
00000013
00000013
00000013
00038067
00048093
34102473
00440413
34141073
6F00006F
00050493
00000013
0000C517
44150513
00000013
00000013
00000013
00000013
00000013
00000013
0003D097
A64080E7
00048513
02000593
4C8020EF
00000013
00000013
00000013
0000B517
87850513
00000013
00000013
00000013
00000013
00000013
00000013
0003D097
A24080E7
00000013
00000013
00000013
00000013
00000013
00000013
0000B517
E4850513
00000013
00000013
00000013
00000013
00000013
00000013
0003D097
9E4080E7
00000013
00000013
00000013
00000013
00000013
00000013
0000B517
D0A50513
00000013
00000013
00000013
00000013
00000013
00000013
0003D097
9A4080E7
0003D097
A0C080E7
30002573
00008067
30059073
00008067
3005A073
00008067
3005B073
00008067
30402573
00008067
30459073
00008067
3045A073
00008067
3045B073
00008067
30602573
00008067
30659073
00008067
3065A073
00008067
3065B073
00008067
30A02573
00008067
30A59073
00008067
30A5A073
00008067
30A5B073
00008067
34402573
00008067
34459073
00008067
3445A073
00008067
3445B073
00008067
74702573
00008067
74759073
00008067
7475A073
00008067
7475B073
00008067
32002573
00008067
32059073
00008067
3205A073
00008067
3205B073
00008067
B0002573
00008067
B0059073
00008067
B005A073
00008067
B005B073
00008067
B0202573
00008067
B0259073
00008067
B025A073
00008067
B025B073
00008067
10002573
00008067
10059073
00008067
1005A073
00008067
1005B073
00008067
10402573
00008067
10459073
00008067
1045A073
00008067
1045B073
00008067
10602573
00008067
10659073
00008067
1065A073
00008067
1065B073
00008067
10A02573
00008067
10A59073
00008067
10A5A073
00008067
10A5B073
00008067
14402573
00008067
14459073
00008067
1445A073
00008067
1445B073
00008067
14D02573
00008067
14D59073
00008067
14D5A073
00008067
14D5B073
00008067
18002573
00008067
18059073
00008067
1805A073
00008067
1805B073
00008067
7A002573
00008067
7A059073
00008067
7A05A073
00008067
7A05B073
00008067
7A102573
00008067
7A159073
00008067
7A15A073
00008067
7A15B073
00008067
7A202573
00008067
7A259073
00008067
7A25A073
00008067
7A25B073
00008067
7A302573
00008067
7A359073
00008067
7A35A073
00008067
7A35B073
00008067
7A402573
00008067
7A459073
00008067
7A45A073
00008067
7A45B073
00008067
7A502573
00008067
7A559073
00008067
7A55A073
00008067
7A55B073
00008067
7A802573
00008067
7A859073
00008067
7A85A073
00008067
7A85B073
00008067
7AA02573
00008067
7AA59073
00008067
7AA5A073
00008067
7AA5B073
00008067
5A802573
00008067
5A859073
00008067
5A85A073
00008067
5A85B073
00008067
6A802573
00008067
6A859073
00008067
6A85A073
00008067
6A85B073
00008067
0005A503
00008067
0045A503
00008067
00C5A023
00008067
00C5A223
00008067
00000000
01000393
00075C63
00171413
FF240413
00045663
00C00393
0040006F
D6810113
4B012303
007304B3
4A912823
49012403
40830333
29810113
1F812403
00830333
34102473
00000013
00000013
0000A497
3F848493
00000013
00000013
00000013
00000013
00000013
00000013
0084A023
00E4A423
34302473
0084A823
30002473
0084AC23
00000013
00000013
0001B417
06C40413
00000013
00000013
00000013
00000013
00000013
00000013
007304B3
F2946663
24012403
408787B3
00179493
009787B3
0057D793
00679793
0077E7B3
00378793
02075A63
00F00413
00877433
304024F3
0084D4B3
0014F493
00B49493
0097E7B3
344024F3
0084D4B3
0014F493
00C49493
0097E7B3
300023F3
00F39393
0023D393
0021A437
FE540413
FFF44413
0083F433
0087E433
310024F3
1C04F493
00849493
00946433
00032483
00848E63
00040313
00048213
4B4003EF
80005048
8000FB0A
00000341
00070413
00432483
00848E63
00040313
00048213
490003EF
800050EC
8000FC0C
00000341
12074A63
34102473
00010493
0040006F
00000393
04740863
00238393
04740463
04040263
2084A383
2104A783
007787B3
00F47463
02747663
1D84A383
1E04A783
007787B3
00F47463
00747C63
1E84A383
1F04A783
007787B3
E2F47E63
E2746C63
40740433
00832483
00848E63
00040313
00048213
40C003EF
80005174
8000FD07
00000341
34102473
342023F3
00C00793
00F38A63
00100793
00F38663
01400793
00F39663
34109073
0340006F
300027F3
000E03B7
3003A073
00045383
30079073
0033F393
00138393
0023D393
00138393
00139393
00740433
34141073
34302473
00C32483
00848E63
00040313
00048213
390003EF
800051F0
8000FDFA
00000341
30102473
01841413
00045263
10000393
05C0006F
25C12303
26012383
26412403
26812483
26C12703
27012783
27412103
30200073
00100413
01F77393
00741433
304434F3
34443473
00832483
00848E63
00040313
00048213
328003EF
80005258
8000FF6D
00000341
00000393
00000417
03C40413
00740433
00371393
00740433
FF847413
00042403
00040A63
01F41393
0003D863
00145413
F6870EE3
CF8FF06F
00040067
00000013
00000000
00000000
00000001
00000000
00000001
00000000
80041000
00000000
00000000
00000000
00000001
00000000
00000001
00000000
80041014
00000000
00000000
00000000
00000001
00000000
00000001
00000000
80041030
00000000
00000001
00000000
00000001
00000000
00000001
00000000
00000001
00000000
00000001
00000000
00000001
00000000
00000001
00000000
00000001
00000000
00000001
00000000
00000001
00000000
00000001
00000000
00000001
00000000
00000000
00000000
00000000
00000000
00000000
00000000
00000000
00000000
00000000
00000000
00000000
00000000
00000000
00000000
00000000
00000000
00000001
00000000
00000003
00000000
00000005
00000000
00000007
00000000
00000009
00000000
0000000B
00000000
0000000D
00000000
0000000F
00000000
00000011
00000000
00000013
00000000
00000015
00000000
00000017
00000000
00000019
00000000
0000001B
00000000
0000001D
00000000
0000001F
00000000
00000021
00000000
00000023
00000000
00000025
00000000
00000027
00000000
00000029
00000000
0000002B
00000000
0000002D
00000000
0000002F
00000000
00000000
00000000
00000000
00000000
00000000
00000000
00000000
00000000
00000000
00000000
00000000
00000000
00000000
00000000
00000000
00000000
300023F3
00B3D493
0034F493
FFD48413
341023F3
00000493
02040C63
29810113
310023F3
01839393
0003DA63
29810113
47012783
D6810113
0080006F
F4012783
341023F3
40F383B3
D6810113
1D812483
007483B3
25C12303
26412403
26812483
26C12703
27012783
27412103
00438067
0000A217
D6820213
02522423
00122423
00022023
0880006F
0000A397
D5038393
0483A023
0243A023
0253A423
0013A423
0003A023
00038213
00040293
0600006F
0000A697
D2868693
06E6A823
0246A023
0256A423
0016A423
0006A023
00068213
00070293
0380006F
0000A497
D0048493
0674A423
0244A023
0254A423
0014A423
00300093
0014A023
1064A823
1044AC23
00048213
00038293
0040006F
00222823
00322C23
02622823
02722C23
04822023
04922423
04A22823
04B22C23
06C22023
06D22423
06E22823
06F22C23
09022023
09122423
09222823
09322C23
0B422023
0B522423
0B622823
0B722C23
0D822023
0D922423
0DA22823
0DB22C23
0FC22023
0FD22423
0FE22823
0FF22C23
0000A497
C5C4A483
00300513
18A48663
FFA2D303
FF82D383
01031313
00736333
00F35393
01F3F393
01435413
01F47413
10822223
00341313
00620333
00032303
10622823
FF62D303
FF42D383
01031313
00736333
00030513
07F37413
00300493
0C941063
00C35413
00747413
00200493
0A941863
41435393
00F35313
01F37313
00331313
00620333
00032303
00730333
00337413
0C041263
00000013
00000013
00000013
00000013
00000013
0000C417
8F040413
00000013
00000013
00000013
00000013
00000013
00000013
08836663
00000013
00000013
00000013
00000013
00000013
00000013
00000013
0001B417
97040413
00000013
00000013
00000013
00000013
00000013
00000013
FFC40413
04646463
00032303
10622C23
3700006F
00100413
00000013
00000013
0000A497
C5848493
00000013
00000013
00000013
00000013
00000013
00000013
0084A023
10A22C23
3380006F
00200413
00000013
00000013
00000013
00000013
0000A497
C1848493
00000013
00000013
00000013
00000013
00000013
00000013
0084A023
10622C23
2F80006F
0042A303
0000A817
BF880813
00682023
0002A303
10622423
0000A817
BE480813
00082303
0000A397
30338393
28730463
00000413
0000A817
BC080813
00882023
0000A397
2FE38393
00731863
00100413
00000493
2740006F
0000A397
3E838393
00731863
00200413
00000493
25C0006F
0000A397
4CB38393
00731863
00300413
00000493
2440006F
0000A397
5A638393
00731863
00400413
00000493
22C0006F
0000A397
70138393
00731863
00500413
00000493
2140006F
0000A397
66D38393
00731863
00600413
00000493
1FC0006F
0000A397
69338393
00731863
00700413
00000493
1E40006F
0000A397
29638393
00731863
00100413
00100493
1CC0006F
0000A397
37E38393
00731863
00200413
00100493
1B40006F
0000A397
45F38393
00731863
00300413
00100493
19C0006F
0000A397
53B38393
00731863
00400413
00100493
1840006F
0000A397
69438393
00731863
00500413
00100493
16C0006F
0000A397
25E38393
00731863
00100413
00200493
1540006F
0000A397
34438393
00731863
00200413
00200493
13C0006F
0000A397
42338393
00731863
00300413
00200493
1240006F
0000A397
50038393
00731863
00400413
00200493
10C0006F
0000A397
65738393
00731863
00500413
00200493
0F40006F
0000A397
22738393
00731863
00100413
00300493
0DC0006F
0000A397
30B38393
00731863
00200413
00300493
0C40006F
0000A397
3E838393
00731863
00300413
00300493
0AC0006F
0000A397
4C638393
00731863
00400413
00300493
0940006F
0000A397
61B38393
00731863
00500413
00300493
07C0006F
0000A397
64038393
00731863
00800413
00000493
0640006F
0000A397
67738393
00731863
00800413
00000493
04C0006F
0000A397
75A38393
00731863
00800413
00100493
0340006F
0000B397
83E38393
00731863
00800413
00200493
01C0006F
0340006F
00900413
0000A817
93C80813
00882023
0300006F
0000A817
92C80813
00882023
0000A817
92480813
00982023
0140006F
0000A817
91080813
00082023
0040006F
0002A303
10622423
00035383
0033F413
00300493
00941863
00235403
01041413
0083E3B3
10722023
0042A303
12622023
00000013
00000013
00000013
00000013
0000A517
E0A50513
00000013
00000013
00000013
00000013
00000013
00000013
0003C097
AA4080E7
00000013
00000013
00000013
00000013
00000013
00000013
0000A517
DFF50513
00000013
00000013
00000013
00000013
00000013
00000013
0003C097
A64080E7
00000013
00000013
00000013
00000013
00000013
00000013
0000A517
E7650513
00000013
00000013
00000013
00000013
00000013
00000013
0003C097
A24080E7
0000A517
80852503
0003C097
A14080E7
00000013
00000013
0000A517
E4850513
00000013
00000013
00000013
00000013
00000013
00000013
0003C097
9E4080E7
00009517
6A852503
00300593
52B50C63
00000013
00000013
0000A517
E0A50513
00000013
00000013
00000013
00000013
00000013
00000013
0003C097
9A4080E7
00009517
76852503
02000593
00357613
00300693
00D60463
01000593
3F4010EF
00000013
00000013
00000013
00000013
00000013
00000013
00009517
79850513
00000013
00000013
00000013
00000013
00000013
00000013
0003C097
944080E7
00000013
00000013
00000013
00000013
00000013
00000013
0000A517
D7E50513
00000013
00000013
00000013
00000013
00000013
00000013
0003C097
904080E7
00009517
6D052503
02000593
364010EF
00000013
00000013
00009517
71850513
00000013
00000013
00000013
00000013
00000013
00000013
0003C097
8C4080E7
00000013
00000013
00000013
00000013
00000013
00000013
0000A517
73550513
00000013
00000013
00000013
00000013
00000013
00000013
0003C097
884080E7
00009517
54852503
00050663
00300593
04B51063
07800593
00009617
69860613
00000013
00000013
00000013
00000013
00000013
00000013
00B60023
00160613
00009517
60C52503
324010EF
1180006F
00100593
04B50863
00400593
08B50A63
00500593
0CB50663
00000013
00000013
00000013
00000013
0000A517
7AB50513
00000013
00000013
00000013
00000013
00000013
00000013
0003B097
7E4080E7
1000006F
06600593
00000013
00000013
00000013
00000013
00009617
5F860613
00000013
00000013
00000013
00000013
00000013
00000013
00B60023
00160613
00009517
56C52503
284010EF
0780006F
07600593
00000013
00009617
5B860613
00000013
00000013
00000013
00000013
00000013
00000013
00B60023
00160613
00009517
52C52503
244010EF
0380006F
00000013
00000013
0000A517
5CE50513
00000013
00000013
00000013
00000013
00000013
00000013
0003B097
724080E7
0400006F
00000013
00000013
00000013
00000013
00000013
00009517
53850513
00000013
00000013
00000013
00000013
00000013
00000013
0003B097
6E4080E7
00000013
00000013
00000013
00000013
00000013
00000013
0000A517
56650513
00000013
00000013
00000013
00000013
00000013
00000013
0003B097
6A4080E7
00009517
36852503
00100593
00B51C63
00009517
46852503
02000593
0F4010EF
0140006F
00009517
45452503
02000593
0E0010EF
00000013
00009517
49850513
00000013
00000013
00000013
00000013
00000013
00000013
0003B097
644080E7
00009517
43052503
08051E63
00000013
00000013
00000013
0000A517
4DD50513
00000013
00000013
00000013
00000013
00000013
00000013
0003B097
604080E7
00009517
2C852503
00100593
00B51C63
00009517
3D052503
02000593
054010EF
0140006F
00009517
3BC52503
02000593
040010EF
00000013
00009517
3F850513
00000013
00000013
00000013
00000013
00000013
00000013
0003B097
5A4080E7
5BD0006F
00100593
06B51E63
00000013
00000013
00000013
0000A517
45450513
00000013
00000013
00000013
00000013
00000013
00000013
0003B097
564080E7
00009517
34052503
02000593
7C5000EF
00000013
00000013
00009517
37850513
00000013
00000013
00000013
00000013
00000013
00000013
0003B097
524080E7
53D0006F
00000013
00000013
00000013
00000013
00000013
0000A517
43250513
00000013
00000013
00000013
00000013
00000013
00000013
0003B097
4E4080E7
00009517
2C052503
02000593
745000EF
00000013
00000013
00009517
2F850513
00000013
00000013
00000013
00000013
00000013
00000013
0003B097
4A4080E7
4BD0006F
00009417
29442403
00900493
0A940C63
00000013
0000A517
45750513
00000013
00000013
00000013
00000013
00000013
00000013
0003B097
464080E7
00000013
00000013
00000013
00000013
00000013
00000013
0000A517
44350513
00000013
00000013
00000013
00000013
00000013
00000013
0003B097
424080E7
00009817
22080813
00082503
0003B097
410080E7
00000013
0000A517
84850513
00000013
00000013
00000013
00000013
00000013
00000013
0003B097
3E4080E7
280404E3
3400006F
00000013
00000013
00000013
00000013
0000A517
3D350513
00000013
00000013
00000013
00000013
00000013
00000013
0003B097
3A4080E7
00009517
18052503
02000593
605000EF
00000013
00000013
00009517
1B850513
00000013
00000013
00000013
00000013
00000013
00000013
0003B097
364080E7
00000013
00000013
00000013
00000013
00000013
00000013
0000A517
37E50513
00000013
00000013
00000013
00000013
00000013
00000013
0003B097
324080E7
00009517
0F852503
02000593
585000EF
00000013
00000013
00009517
13850513
00000013
00000013
00000013
00000013
00000013
00000013
0003B097
2E4080E7
00009317
0B832303
00009397
0B83A383
10736A63
00000013
0000A517
32D50513
00000013
00000013
00000013
00000013
00000013
00000013
0003B097
2A4080E7
00000013
00000013
00000013
00000013
00000013
00000013
0000A517
35550513
00000013
00000013
00000013
00000013
00000013
00000013
0003B097
264080E7
00009317
03832303
00009397
0383A383
40730533
02000593
4B9000EF
00000013
00000013
00000013
00000013
00000013
00000013
00000013
00009517
05850513
00000013
00000013
00000013
00000013
00000013
00000013
0003B097
204080E7
00000013
00000013
00000013
00000013
00000013
00000013
0000A517
2DC50513
00000013
00000013
00000013
00000013
00000013
00000013
0003B097
1C4080E7
1DD0006F
00000013
00000013
00000013
00000013
00000013
0000A517
23950513
00000013
00000013
00000013
00000013
00000013
00000013
0003B097
184080E7
00000013
00000013
00000013
00000013
00000013
00000013
0000A517
23550513
00000013
00000013
00000013
00000013
00000013
00000013
0003B097
144080E7
00009317
F2032303
00009397
F103A383
40730533
02000593
399000EF
00000013
00000013
00000013
00000013
00000013
00000013
00000013
00009517
F3850513
00000013
00000013
00000013
00000013
00000013
00000013
0003B097
0E4080E7
00000013
00000013
00000013
00000013
00000013
00000013
0000A517
2A450513
00000013
00000013
00000013
00000013
00000013
00000013
0003B097
0A4080E7
0BD0006F
00000013
00000013
00000013
00000013
00000013
0000A517
34B50513
00000013
00000013
00000013
00000013
00000013
00000013
0003B097
064080E7
00009517
E5C52503
04050A63
00100593
08B50663
00200593
0CB50263
00300593
0EB50E63
00000013
00000013
00000013
00000013
00000013
0000A517
32750513
00000013
00000013
00000013
00000013
00000013
00000013
1000006F
00000013
00000013
00000013
00000013
00000013
00000013
00000013
0000A517
2C550513
00000013
00000013
00000013
00000013
00000013
00000013
0C00006F
00000013
00000013
00000013
00000013
00000013
00000013
00000013
0000A517
28D50513
00000013
00000013
00000013
00000013
00000013
00000013
0800006F
00000013
00000013
00000013
00000013
00000013
00000013
00000013
0000A517
25550513
00000013
00000013
00000013
00000013
00000013
00000013
0400006F
00000013
00000013
00000013
00000013
00000013
00000013
00000013
0000A517
21E50513
00000013
00000013
00000013
00000013
00000013
00000013
0003B097
F04080E7
00000013
00000013
00000013
00000013
00000013
00000013
0000A517
1F050513
00000013
00000013
00000013
00000013
00000013
00000013
0003B097
EC4080E7
00009517
CB852503
00100593
06B50863
00200593
0AB50463
00300593
0EB50063
00400593
10B50C63
00500593
14B50863
00600593
18B50463
00700593
1CB50063
00800593
1EB50C63
00000013
00000013
00000013
00000013
0000A517
2C750513
00000013
00000013
00000013
00000013
00000013
00000013
2000006F
00000013
00000013
00000013
00000013
00000013
00000013
00000013
0000A517
14A50513
00000013
00000013
00000013
00000013
00000013
00000013
1C00006F
00000013
00000013
00000013
00000013
00000013
00000013
00000013
0000A517
13B50513
00000013
00000013
00000013
00000013
00000013
00000013
1800006F
00000013
00000013
00000013
00000013
00000013
00000013
00000013
0000A517
11B50513
00000013
00000013
00000013
00000013
00000013
00000013
1400006F
00000013
00000013
00000013
00000013
00000013
00000013
00000013
0000A517
0F950513
00000013
00000013
00000013
00000013
00000013
00000013
1000006F
00000013
00000013
00000013
00000013
00000013
00000013
00000013
0000A517
0D850513
00000013
00000013
00000013
00000013
00000013
00000013
0C00006F
00000013
00000013
00000013
00000013
00000013
00000013
00000013
0000A517
0C050513
00000013
00000013
00000013
00000013
00000013
00000013
0800006F
00000013
00000013
00000013
00000013
00000013
00000013
00000013
0000A517
0AC50513
00000013
00000013
00000013
00000013
00000013
00000013
0400006F
00000013
00000013
00000013
00000013
00000013
00000013
00000013
0000A517
09850513
00000013
00000013
00000013
00000013
00000013
00000013
0003B097
C44080E7
00000013
00000013
00000013
00000013
00000013
00000013
0000A517
09650513
00000013
00000013
00000013
00000013
00000013
00000013
0003B097
C04080E7
00009517
9E052503
02000593
664000EF
00000013
00000013
00009517
A1850513
00000013
00000013
00000013
00000013
00000013
00000013
0003B097
BC4080E7
00000013
00000013
00000013
00000013
00000013
00000013
0000A517
02D50513
00000013
00000013
00000013
00000013
00000013
00000013
0003B097
B84080E7
00009517
95852503
02000593
5E4000EF
00000013
00000013
00009517
99850513
00000013
00000013
00000013
00000013
00000013
00000013
0003B097
B44080E7
00009517
93852503
00200593
08B51463
00000013
00000013
0000A517
FC450513
00000013
00000013
00000013
00000013
00000013
00000013
0003B097
B04080E7
00009517
8E052503
284000EF
0003B097
AF0080E7
00000013
0000A517
F9B50513
00000013
00000013
00000013
00000013
00000013
00000013
0003B097
AC4080E7
00009517
89852503
244000EF
0003B097
AB0080E7
00000097
314080E7
00009517
89C52503
00100593
02B51E63
00000013
00000013
00000013
0000A517
FB150513
00000013
00000013
00000013
00000013
00000013
00000013
0003B097
A64080E7
27C0006F
00200593
02B51E63
00000013
00000013
00000013
0000A517
04750513
00000013
00000013
00000013
00000013
00000013
00000013
0003B097
A24080E7
23C0006F
00300593
02B51E63
00000013
00000013
00000013
0000A517
0FA50513
00000013
00000013
00000013
00000013
00000013
00000013
0003B097
9E4080E7
1FC0006F
00400593
02B51E63
00000013
00000013
00000013
0000A517
1B550513
00000013
00000013
00000013
00000013
00000013
00000013
0003B097
9A4080E7
1BC0006F
00500593
02B51E63
00000013
00000013
00000013
0000A517
25C50513
00000013
00000013
00000013
00000013
00000013
00000013
0003B097
964080E7
17C0006F
1780006F
00000013
00000013
00000013
00000013
0000A517
E2950513
00000013
00000013
00000013
00000013
00000013
00000013
0003B097
924080E7
00008617
73062603
00000013
00000013
00000013
00000013
00009517
DD250513
00000013
00000013
00000013
00000013
00000013
00000013
0003B097
8E4080E7
00065503
01000593
00357413
00300493
00941A63
00265403
01041413
00856533
02000593
32C000EF
00000013
00000013
00000013
00000013
00008517
6D850513
00000013
00000013
00000013
00000013
00000013
00000013
0003B097
884080E7
00000097
0E8080E7
0940006F
02054263
01800593
04B55463
00008597
6C058593
00251613
00C585B3
0005A503
00008067
00100593
01F59593
00B54533
01000593
00B55E63
00008597
6F458593
00251613
00C585B3
0005A503
00008067
00000013
00000013
00000013
00000013
00000013
00000013
00000013
00009517
AFE50513
00000013
00000013
00000013
00000013
00000013
00000013
00008067
00000013
00000013
00000013
00000013
00000013
00000013
00000013
00009517
74A50513
00000013
00000013
00000013
00000013
00000013
00000013
0003A097
7A4080E7
0003B097
80C080E7
00008617
5A060613
00162023
00000013
00009517
C7350513
00000013
00000013
00000013
00000013
00000013
00000013
0003A097
764080E7
00008517
57052503
02000593
1C4000EF
00000013
00000013
00008517
57850513
00000013
00000013
00000013
00000013
00000013
00000013
0003A097
724080E7
00000013
00000013
00000013
00000013
00000013
00000013
00009517
C0350513
00000013
00000013
00000013
00000013
00000013
00000013
0003A097
6E4080E7
00008517
4F852503
02000593
144000EF
00000013
00000013
00008517
4F850513
00000013
00000013
00000013
00000013
00000013
00000013
0003A097
6A4080E7
00000013
00000013
00000013
00000013
00000013
00000013
00009517
B9350513
00000013
00000013
00000013
00000013
00000013
00000013
0003A097
664080E7
00008517
48052503
02000593
0C4000EF
00000013
00000013
00008517
47850513
00000013
00000013
00000013
00000013
00000013
00000013
0003A097
624080E7
00000013
00000013
00000013
00000013
00000013
00000013
00009517
B2350513
00000013
00000013
00000013
00000013
00000013
00000013
0003A097
5E4080E7
00008517
40852503
02000593
044000EF
00000013
00000013
00008517
3F850513
00000013
00000013
00000013
00000013
00000013
00000013
0003A097
5A4080E7
00008617
3A860613
00062083
00008067
00000013
00000013
00008617
3B860613
00000013
00000013
00000013
00000013
00000013
00000013
03000693
00D60023
07800693
00D600A3
00260613
00058693
FFC68693
00D55733
00F77713
00A00793
00F74663
05770713
0080006F
03070713
00E60023
00160613
FC069CE3
00A00693
00D60023
000600A3
00008067
00A00693
02D54663
FF650513
03100713
00D54C63
FF650513
03200713
00D54663
FF650513
03300713
00E60023
00160613
03050513
00A60023
00A00693
00D600A3
00060123
00008067
00000013
@00008000
FFFEBEEF
DEAD0001
FFFDBEEF
DEAD0002
FFFCBEEF
DEAD0003
FFFBBEEF
DEAD0004
FFFABEEF
DEAD0005
FFF9BEEF
DEAD0006
FFF8BEEF
DEAD0007
FFF7BEEF
DEAD0008
FFF6BEEF
DEAD0009
FFF5BEEF
DEAD000A
FFF4BEEF
DEAD000B
FFF3BEEF
DEAD000C
FFF2BEEF
DEAD000D
FFF1BEEF
DEAD000E
FFF0BEEF
DEAD000F
FFEFBEEF
DEAD0010
FFEEBEEF
DEAD0011
FFEDBEEF
DEAD0012
FFECBEEF
DEAD0013
FFEBBEEF
DEAD0014
FFEABEEF
DEAD0015
FFE9BEEF
DEAD0016
FFE8BEEF
DEAD0017
FFE7BEEF
DEAD0018
FFE6BEEF
DEAD0019
FFE5BEEF
DEAD001A
FFE4BEEF
DEAD001B
FFE3BEEF
DEAD001C
FFE2BEEF
DEAD001D
FFE1BEEF
DEAD001E
FFE0BEEF
DEAD001F
FFDFBEEF
DEAD0020
FFDEBEEF
DEAD0021
00000000
00000000
0000006F
0000006F
0000006F
0000006F
0000006F
0000006F
0000006F
0000006F
0000006F
0000006F
0000006F
0000006F
0000006F
0000006F
0000006F
0000006F
0000006F
0000006F
0000006F
0000006F
0000006F
0000006F
0000006F
0000006F
0000006F
0000006F
0000006F
0000006F
0000006F
0000006F
0000006F
0000006F
0000006F
0000006F
0000006F
0000006F
0000006F
0000006F
0000006F
0000006F
0000006F
0000006F
0000006F
0000006F
0000006F
0000006F
0000006F
0000006F
0000006F
0000006F
0000006F
0000006F
0000006F
0000006F
0000006F
0000006F
0000006F
0000006F
0000006F
0000006F
0000006F
0000006F
0000006F
0000006F
0000006F
0000006F
0000006F
0000006F
0000006F
0000006F
0000006F
0000006F
0000006F
0000006F
0000006F
0000006F
0000006F
0000006F
0000006F
0000006F
0000006F
0000006F
0000006F
0000006F
0000006F
0000006F
0000006F
0000006F
0000006F
0000006F
0000006F
0000006F
0000006F
0000006F
0000006F
0000006F
0000006F
0000006F
0000006F
0000006F
0000006F
0000006F
0000006F
0000006F
0000006F
0000006F
0000006F
0000006F
0000006F
0000006F
0000006F
0000006F
0000006F
0000006F
0000006F
0000006F
0000006F
0000006F
80000040
00000000
00004434
00000000
800083B0
00000000
00008C15
00000000
80010FD0
00000000
0000F0C0
00000000
80000040
00000000
00004434
00000000
80011628
00000000
00000000
00000000
00000000
00000000
80004998
00000000
00000000
00000000
00000000
00000000
00000000
00000000
00000000
00000000
DEADBEEF
DEADBEEF
DEADBEEF
DEADBEEF
DEADBEEF
DEADBEEF
DEADBEEF
DEADBEEF
DEADBEEF
DEADBEEF
DEADBEEF
DEADBEEF
DEADBEEF
DEADBEEF
DEADBEEF
DEADBEEF
00000000
00000000
ED199C2A
3D120729
F95BA545
1F8B4C83
117CFA69
6B5EC0B1
EEC5C7FC
D8483D27
E637281B
F420CBF4
26A21865
5D018FE6
F8934F2D
876240F5
BA52DE6D
2D5AEE8B
1856A7FA
D420D633
B57E79AB
B45312C3
802E5CBE
0F865F5C
BE498D49
5939C511
72A0D783
38679E11
70A493F3
C758B40B
40214E38
981D9FAC
260BEF0C
76C6E227
461AD3A3
FA1129A5
4AFDA77E
5CC11B57
BFB50E27
A2773413
1483C110
41796538
FC59E86F
88C2EB61
17E1045D
36EC53D3
FBBA752E
F0C74336
DB6F1137
C29EBECD
78E8EDFC
5CCBB261
FED08E43
27BB3EE5
2ABF7CF7
93F42A31
C71A0E78
FFC9CAEF
ABC8B3E9
540D414F
27DE3F8B
4509D639
1A7149E4
88D1E689
A9FE1B24
FDFB2019
3EAAE683
067EE1D1
7F3DAB23
0281B902
C58C8F0B
84B811BA
63271B21
C2E70E8A
A4E1B102
0E3E6E1A
3B9B6E94
C836C192
3B5D0235
D926FE45
FC20A9DF
DAAC48C4
3BF88405
B4A1A140
DE44271A
8940D7C5
E32C4825
7CC721C3
5F0316E5
928E3C15
5543610B
F92C9DB7
26DD3CFE
6B996319
FB73CB6C
4141F5F9
05CC7E6B
B757937F
B15B6FEF
C7966030
A4571A9B
3F00BE87
BCE3E7FB
EEDA0414
7006B21D
9F384BD6
44D0DDFC
04BEB586
D639A8AD
F83A4F86
4A9CD9DE
714599FC
F21BDFCF
A93F47CC
5FCF6182
07D2AA1E
DA7F969F
BCEF98F6
CCB5EB7B
E2485BB0
971ED8E8
BF9ABC66
0217FB16
46B6BDE5
14F03448
62A240ED
0AAC8F33
D5FE5F7C
56E80CAA
AB3BD44D
C1D58273
E7CEB07B
9BFBF146
F9444983
13190CDB
1796C960
9F8773DE
186DA37B
F1DA32B9
3F9D2B53
FCC9C425
B8A9E200
7F142F3D
0C2A6A82
B30AD053
A622A84C
C4D6907C
8FDE06B7
3188FC69
AD50D179
620B6023
698BE42B
F21E100D
F30D76E6
16B85B2A
86E9A98E
18FDAB72
EA2FFA7B
04507BA2
E1E6DAA3
FA2DFB14
7F387275
452DDC23
69A3C3E4
0E2BD968
018DA0CE
83B6A059
BF25B0D1
F8B159F8
906C4F43
56FA2832
D70241BE
49BF4FDF
A3153A0C
EFCB5221
F2AF9519
FEA8BCB4
F4430E4B
886A1096
2BD547B5
F61853A8
DB6E0539
90CF6C7C
D14F98D9
3F00490F
CD82A97A
DB55BCE6
B83D042F
8B7B7BD7
21CCBA0D
A01EDCFA
3350BFEF
59866D92
670B520C
00000000
C03744AA
00000001
E2F82790
00000002
73426DCE
80000000
A3B9AE23
80000001
D7F4336F
7FFFFFFF
14718A3D
7FFFFFFE
0FB1F161
FFFFFFFF
0C446DC3
FFFFFFFE
FA02B496
5BBC8872
EE925035
AAAAAAAA
81AD3590
55555555
125B9407
F98291EE
00000000
92BE3F2B
00000001
30A1DAE4
00000002
730A6AE4
80000000
1E214DD4
80000001
B4DE2B95
7FFFFFFF
6B0265A5
7FFFFFFE
50ECE1CC
FFFFFFFF
4BB5F25C
FFFFFFFE
D857328E
5BBC8872
0556E722
AAAAAAAA
00927107
55555555
00000000
00000000
00000000
00000001
00000000
00000002
00000000
80000000
00000000
80000001
00000000
7FFFFFFF
00000000
7FFFFFFE
00000000
FFFFFFFF
00000000
FFFFFFFE
00000000
5BBC8872
00000000
AAAAAAAA
00000000
55555555
00000001
00000000
00000001
00000001
00000001
00000002
00000001
80000000
00000001
80000001
00000001
7FFFFFFF
00000001
7FFFFFFE
00000001
FFFFFFFF
00000001
FFFFFFFE
00000001
5BBC8872
00000001
AAAAAAAA
00000001
55555555
00000002
00000000
00000002
00000001
00000002
00000002
00000002
80000000
00000002
80000001
00000002
7FFFFFFF
00000002
7FFFFFFE
00000002
FFFFFFFF
00000002
FFFFFFFE
00000002
5BBC8872
00000002
AAAAAAAA
00000002
55555555
80000000
00000000
80000000
00000001
80000000
00000002
80000000
80000000
80000000
80000001
80000000
7FFFFFFF
80000000
7FFFFFFE
80000000
FFFFFFFF
80000000
FFFFFFFE
80000000
5BBC8872
80000000
AAAAAAAA
80000000
55555555
80000001
00000000
80000001
00000001
80000001
00000002
80000001
80000000
80000001
80000001
80000001
7FFFFFFF
80000001
7FFFFFFE
80000001
FFFFFFFF
80000001
FFFFFFFE
80000001
5BBC8872
80000001
AAAAAAAA
80000001
55555555
7FFFFFFF
00000000
7FFFFFFF
00000001
7FFFFFFF
00000002
7FFFFFFF
80000000
7FFFFFFF
80000001
7FFFFFFF
7FFFFFFF
7FFFFFFF
7FFFFFFE
7FFFFFFF
FFFFFFFF
7FFFFFFF
FFFFFFFE
7FFFFFFF
5BBC8872
7FFFFFFF
AAAAAAAA
7FFFFFFF
55555555
7FFFFFFE
00000000
7FFFFFFE
00000001
7FFFFFFE
00000002
7FFFFFFE
80000000
7FFFFFFE
80000001
7FFFFFFE
7FFFFFFF
7FFFFFFE
7FFFFFFE
7FFFFFFE
FFFFFFFF
7FFFFFFE
FFFFFFFE
7FFFFFFE
5BBC8872
7FFFFFFE
AAAAAAAA
7FFFFFFE
55555555
FFFFFFFF
00000000
FFFFFFFF
00000001
FFFFFFFF
00000002
FFFFFFFF
80000000
FFFFFFFF
80000001
FFFFFFFF
7FFFFFFF
FFFFFFFF
7FFFFFFE
FFFFFFFF
FFFFFFFF
FFFFFFFF
FFFFFFFE
FFFFFFFF
5BBC8872
FFFFFFFF
AAAAAAAA
FFFFFFFF
55555555
FFFFFFFE
00000000
FFFFFFFE
00000001
FFFFFFFE
00000002
FFFFFFFE
80000000
FFFFFFFE
80000001
FFFFFFFE
7FFFFFFF
FFFFFFFE
7FFFFFFE
FFFFFFFE
FFFFFFFF
FFFFFFFE
FFFFFFFE
FFFFFFFE
5BBC8872
FFFFFFFE
AAAAAAAA
FFFFFFFE
55555555
5BBC8872
00000000
5BBC8872
00000001
5BBC8872
00000002
5BBC8872
80000000
5BBC8872
80000001
5BBC8872
7FFFFFFF
5BBC8872
7FFFFFFE
5BBC8872
FFFFFFFF
5BBC8872
FFFFFFFE
5BBC8872
5BBC8872
5BBC8872
AAAAAAAA
5BBC8872
55555555
AAAAAAAA
00000000
AAAAAAAA
00000001
AAAAAAAA
00000002
AAAAAAAA
80000000
AAAAAAAA
80000001
AAAAAAAA
7FFFFFFF
AAAAAAAA
7FFFFFFE
AAAAAAAA
FFFFFFFF
AAAAAAAA
FFFFFFFE
AAAAAAAA
5BBC8872
AAAAAAAA
AAAAAAAA
AAAAAAAA
55555555
55555555
00000000
55555555
00000001
55555555
00000002
55555555
80000000
55555555
80000001
55555555
7FFFFFFF
55555555
7FFFFFFE
55555555
FFFFFFFF
55555555
FFFFFFFE
55555555
5BBC8872
55555555
AAAAAAAA
55555555
55555555
3B0ABF30
639C4A01
2B1ADBB8
89DA5142
9F134CE1
EAB15F50
BECA5AC0
A5595774
6F8E6AFD
727D80FC
A307A3A6
DFFCD93F
857FBB8C
6C26F19F
49731977
563F2056
3C52B5EC
A21ABB0A
8934AEB0
30AD6BA4
02695C89
06D68808
0CA7E115
1EB33C93
6CCD9165
F7873C28
3C55197B
F0C129C5
25D1CDA0
CAFCF856
4CF29F92
DBE3D009
75DBE834
73D4B766
541C0D73
E4982B4E
E957797A
D488C840
A6BB39EF
471D5C13
63492B23
953395F3
27673112
E0BF5D4C
B6F26B28
81B08ECA
8566132F
0CC35E40
B8C69043
4FD7FB75
43E58899
848E967F
5E40E8A5
D4954596
CFA5B9A1
9643BCFA
A9D4CF1A
07A15622
64566DCA
E7CA12E6
674A861B
DC788394
70C3F3B2
293C5FBD
DAD8C80C
D8FDE627
13D230A8
2DC38077
14D2B4AE
6475C77F
210976E0
1D0EA0C7
40F76593
66DA39C0
950D3DA8
BBFC5568
93E13662
D4856578
4B83D603
49352329
1575438D
D4473D9E
1435E05B
B81B9C35
284CA876
E2E1C233
D4DF032D
94DDF741
E31EA90B
74B65606
EF53371D
8FD5025D
D31C6727
45603E7A
B6DA2ABF
5B13009D
65175EC0
3BBB2C2B
D44A85E2
8A29A4E0
99C8CF97
EB59AECE
338EC7C4
0310F2FA
5096C87A
B7D495D9
FF45877F
25C0FE14
DA6A65D8
8D4DE868
8F2263D8
7370DD1A
05DF0D07
8CF3785A
95A30B12
CBB3E49C
38B30E43
FF4D76C5
7F6630A3
A812EE41
9208BF2C
D9BE163B
8E9E4BBA
34CCDB63
A6B63FEA
F3844B43
A7ABDE18
1F4DC0BC
11C38F06
6CADC7EF
D5775B36
9616BC4E
445DD5D6
E4375136
74D90A87
C19C6366
ABB2C353
5A19C166
F0B59163
1B379FA6
08FD4B09
07A9DBC3
41DF21E3
7185DDE1
C813C759
93559FF4
DD91A4D6
73B79244
F2239287
853FD25E
186AA668
5D64803C
49C42E8A
CB1B613C
E9D5EDB8
A22C5472
7DAE30F7
ED7FAC23
2CB3EB5A
D6E5F23C
99FEEF16
0D12258A
8A064D5F
62AFBF47
EF35D077
08B49946
801A2522
67058C65
F79599C5
48F7768D
3583AD40
03700C3F
26FD4608
924C60FF
A5AAC909
6181F190
C5B09F99
356880C0
A346625A
C1D870DE
33618588
3C552C59
D8C0D979
33B1805A
98018D68
862215F9
75B2F4DF
DA4CC5E3
0B8EA9F4
90BCD290
6BB7F0DE
0E25E8DD
3AAB7231
4A584C85
F991FCE4
309F2CBE
2FA9008D
A9101FAF
444959BC
5E46329B
E09868DA
1F930592
C9651700
5CF04E6E
80E0BC7A
AF5C8F2C
6902A31D
EA842F48
0162D981
259B7218
3E8EE4E5
4CB1B75D
E92E1DCB
A80261BF
00823A28
05A141E1
DE8A6C21
9A6A75E9
70B8AE2B
1FF796C9
CD2D175D
406C2329
B0B178EE
B673EAA6
D816993E
5DC351C2
6F3E3200
C3F9A1B2
B990488B
02AD0EE5
E372BA32
BAE3C17D
7FE74790
76E210E9
291CDDF2
6B20B8D1
2F1448A1
FF40D5AF
E97AD07F
E39482DF
C87316B1
B8C8C322
BDC0A76C
3C9CFDF3
C719C7A5
66154043
C9761A48
454ED176
4E54E998
FF10BB19
04B9E694
D9DDECD9
D994FD0A
8C404A65
353C07F2
54308B8F
73657422
31203A74
6763203B
5F49203A
5F646461
203B6763
203A7063
725F7063
203B3173
3A6E6962
22306220
65742200
203A7473
63203B32
49203A67
6464615F
3B67635F
3A706320
5F706320
3B317372
6E696220
3162203A
74220022
3A747365
203B3320
203A6763
64615F49
67635F64
7063203B
7063203A
3173725F
6962203B
62203A6E
22002232
74736574
3B34203A
3A676320
615F4920
635F6464
63203B67
63203A70
73725F70
62203B31
203A6E69
00223362
73657422
35203A74
6763203B
5F49203A
5F646461
203B6763
203A7063
725F7063
203B3173
3A6E6962
22346220
65742200
203A7473
63203B36
49203A67
6464615F
3B67635F
3A706320
5F706320
3B317372
6E696220
3562203A
74220022
3A747365
203B3720
203A6763
64615F49
67635F64
7063203B
7063203A
3173725F
6962203B
62203A6E
22002236
74736574
3B38203A
3A676320
615F4920
635F6464
63203B67
63203A70
73725F70
62203B31
203A6E69
00223762
73657422
39203A74
6763203B
5F49203A
5F646461
203B6763
203A7063
725F7063
203B3173
3A6E6962
22386220
65742200
203A7473
203B3031
203A6763
64615F49
67635F64
7063203B
7063203A
3173725F
6962203B
62203A6E
22002239
74736574
3131203A
6763203B
5F49203A
5F646461
203B6763
203A7063
725F7063
203B3173
3A6E6962
30316220
74220022
3A747365
3B323120
3A676320
615F4920
635F6464
63203B67
63203A70
73725F70
62203B31
203A6E69
22313162
65742200
203A7473
203B3331
203A6763
64615F49
67635F64
7063203B
7063203A
3173725F
6962203B
62203A6E
00223231
73657422
31203A74
63203B34
49203A67
6464615F
3B67635F
3A706320
5F706320
3B317372
6E696220
3162203A
22002233
74736574
3531203A
6763203B
5F49203A
5F646461
203B6763
203A7063
725F7063
203B3173
3A6E6962
34316220
74220022
3A747365
3B363120
3A676320
615F4920
635F6464
63203B67
63203A70
73725F70
62203B31
203A6E69
22353162
65742200
203A7473
203B3731
203A6763
64615F49
67635F64
7063203B
7063203A
3173725F
6962203B
62203A6E
00223631
73657422
31203A74
63203B38
49203A67
6464615F
3B67635F
3A706320
5F706320
3B317372
6E696220
3162203A
22002237
74736574
3931203A
6763203B
5F49203A
5F646461
203B6763
203A7063
725F7063
203B3173
3A6E6962
38316220
74220022
3A747365
3B303220
3A676320
615F4920
635F6464
63203B67
63203A70
73725F70
62203B31
203A6E69
22393162
65742200
203A7473
203B3132
203A6763
64615F49
67635F64
7063203B
7063203A
3173725F
6962203B
62203A6E
00223032
73657422
32203A74
63203B32
49203A67
6464615F
3B67635F
3A706320
5F706320
3B317372
6E696220
3262203A
22002231
74736574
3332203A
6763203B
5F49203A
5F646461
203B6763
203A7063
725F7063
203B3173
3A6E6962
32326220
74220022
3A747365
3B343220
3A676320
615F4920
635F6464
63203B67
63203A70
73725F70
62203B31
203A6E69
22333262
65742200
203A7473
203B3532
203A6763
64615F49
67635F64
7063203B
7063203A
3173725F
6962203B
62203A6E
00223432
73657422
32203A74
63203B36
49203A67
6464615F
3B67635F
3A706320
5F706320
3B317372
6E696220
3262203A
22002235
74736574
3732203A
6763203B
5F49203A
5F646461
203B6763
203A7063
725F7063
203B3173
3A6E6962
36326220
74220022
3A747365
3B383220
3A676320
615F4920
635F6464
63203B67
63203A70
73725F70
62203B31
203A6E69
22373262
65742200
203A7473
203B3932
203A6763
64615F49
67635F64
7063203B
7063203A
3173725F
6962203B
62203A6E
00223832
73657422
33203A74
63203B30
49203A67
6464615F
3B67635F
3A706320
5F706320
3B317372
6E696220
3262203A
22002239
74736574
3133203A
6763203B
5F49203A
5F646461
203B6763
203A7063
725F7063
203B3173
3A6E6962
30336220
74220022
3A747365
3B323320
3A676320
615F4920
635F6464
63203B67
63203A70
73725F70
62203B31
203A6E69
22313362
65742200
203A7473
203B3333
203A6763
64615F49
67635F64
7063203B
7063203A
3273725F
6962203B
62203A6E
22002230
74736574
3433203A
6763203B
5F49203A
5F646461
203B6763
203A7063
725F7063
203B3273
3A6E6962
22316220
65742200
203A7473
203B3533
203A6763
64615F49
67635F64
7063203B
7063203A
3273725F
6962203B
62203A6E
22002232
74736574
3633203A
6763203B
5F49203A
5F646461
203B6763
203A7063
725F7063
203B3273
3A6E6962
22336220
65742200
203A7473
203B3733
203A6763
64615F49
67635F64
7063203B
7063203A
3273725F
6962203B
62203A6E
22002234
74736574
3833203A
6763203B
5F49203A
5F646461
203B6763
203A7063
725F7063
203B3273
3A6E6962
22356220
65742200
203A7473
203B3933
203A6763
64615F49
67635F64
7063203B
7063203A
3273725F
6962203B
62203A6E
22002236
74736574
3034203A
6763203B
5F49203A
5F646461
203B6763
203A7063
725F7063
203B3273
3A6E6962
22376220
65742200
203A7473
203B3134
203A6763
64615F49
67635F64
7063203B
7063203A
3273725F
6962203B
62203A6E
22002238
74736574
3234203A
6763203B
5F49203A
5F646461
203B6763
203A7063
725F7063
203B3273
3A6E6962
22396220
65742200
203A7473
203B3334
203A6763
64615F49
67635F64
7063203B
7063203A
3273725F
6962203B
62203A6E
00223031
73657422
34203A74
63203B34
49203A67
6464615F
3B67635F
3A706320
5F706320
3B327372
6E696220
3162203A
22002231
74736574
3534203A
6763203B
5F49203A
5F646461
203B6763
203A7063
725F7063
203B3273
3A6E6962
32316220
74220022
3A747365
3B363420
3A676320
615F4920
635F6464
63203B67
63203A70
73725F70
62203B32
203A6E69
22333162
65742200
203A7473
203B3734
203A6763
64615F49
67635F64
7063203B
7063203A
3273725F
6962203B
62203A6E
00223431
73657422
34203A74
63203B38
49203A67
6464615F
3B67635F
3A706320
5F706320
3B327372
6E696220
3162203A
22002235
74736574
3934203A
6763203B
5F49203A
5F646461
203B6763
203A7063
725F7063
203B3273
3A6E6962
36316220
74220022
3A747365
3B303520
3A676320
615F4920
635F6464
63203B67
63203A70
73725F70
62203B32
203A6E69
22373162
65742200
203A7473
203B3135
203A6763
64615F49
67635F64
7063203B
7063203A
3273725F
6962203B
62203A6E
00223831
73657422
35203A74
63203B32
49203A67
6464615F
3B67635F
3A706320
5F706320
3B327372
6E696220
3162203A
22002239
74736574
3335203A
6763203B
5F49203A
5F646461
203B6763
203A7063
725F7063
203B3273
3A6E6962
30326220
74220022
3A747365
3B343520
3A676320
615F4920
635F6464
63203B67
63203A70
73725F70
62203B32
203A6E69
22313262
65742200
203A7473
203B3535
203A6763
64615F49
67635F64
7063203B
7063203A
3273725F
6962203B
62203A6E
00223232
73657422
35203A74
63203B36
49203A67
6464615F
3B67635F
3A706320
5F706320
3B327372
6E696220
3262203A
22002233
74736574
3735203A
6763203B
5F49203A
5F646461
203B6763
203A7063
725F7063
203B3273
3A6E6962
34326220
74220022
3A747365
3B383520
3A676320
615F4920
635F6464
63203B67
63203A70
73725F70
62203B32
203A6E69
22353262
65742200
203A7473
203B3935
203A6763
64615F49
67635F64
7063203B
7063203A
3273725F
6962203B
62203A6E
00223632
73657422
36203A74
63203B30
49203A67
6464615F
3B67635F
3A706320
5F706320
3B327372
6E696220
3262203A
22002237
74736574
3136203A
6763203B
5F49203A
5F646461
203B6763
203A7063
725F7063
203B3273
3A6E6962
38326220
74220022
3A747365
3B323620
3A676320
615F4920
635F6464
63203B67
63203A70
73725F70
62203B32
203A6E69
22393262
65742200
203A7473
203B3336
203A6763
64615F49
67635F64
7063203B
7063203A
3273725F
6962203B
62203A6E
00223033
73657422
36203A74
63203B34
49203A67
6464615F
3B67635F
3A706320
5F706320
3B327372
6E696220
3362203A
22002231
74736574
3536203A
6763203B
5F49203A
5F646461
203B6763
203A7063
725F7063
62203B64
203A6E69
00223062
73657422
36203A74
63203B36
49203A67
6464615F
3B67635F
3A706320
5F706320
203B6472
3A6E6962
22316220
65742200
203A7473
203B3736
203A6763
64615F49
67635F64
7063203B
7063203A
3B64725F
6E696220
3262203A
74220022
3A747365
3B383620
3A676320
615F4920
635F6464
63203B67
63203A70
64725F70
6962203B
62203A6E
22002233
74736574
3936203A
6763203B
5F49203A
5F646461
203B6763
203A7063
725F7063
62203B64
203A6E69
00223462
73657422
37203A74
63203B30
49203A67
6464615F
3B67635F
3A706320
5F706320
203B6472
3A6E6962
22356220
65742200
203A7473
203B3137
203A6763
64615F49
67635F64
7063203B
7063203A
3B64725F
6E696220
3662203A
74220022
3A747365
3B323720
3A676320
615F4920
635F6464
63203B67
63203A70
64725F70
6962203B
62203A6E
22002237
74736574
3337203A
6763203B
5F49203A
5F646461
203B6763
203A7063
725F7063
62203B64
203A6E69
00223862
73657422
37203A74
63203B34
49203A67
6464615F
3B67635F
3A706320
5F706320
203B6472
3A6E6962
22396220
65742200
203A7473
203B3537
203A6763
64615F49
67635F64
7063203B
7063203A
3B64725F
6E696220
3162203A
22002230
74736574
3637203A
6763203B
5F49203A
5F646461
203B6763
203A7063
725F7063
62203B64
203A6E69
22313162
65742200
203A7473
203B3737
203A6763
64615F49
67635F64
7063203B
7063203A
3B64725F
6E696220
3162203A
22002232
74736574
3837203A
6763203B
5F49203A
5F646461
203B6763
203A7063
725F7063
62203B64
203A6E69
22333162
65742200
203A7473
203B3937
203A6763
64615F49
67635F64
7063203B
7063203A
3B64725F
6E696220
3162203A
22002234
74736574
3038203A
6763203B
5F49203A
5F646461
203B6763
203A7063
725F7063
62203B64
203A6E69
22353162
65742200
203A7473
203B3138
203A6763
64615F49
67635F64
7063203B
7063203A
3B64725F
6E696220
3162203A
22002236
74736574
3238203A
6763203B
5F49203A
5F646461
203B6763
203A7063
725F7063
62203B64
203A6E69
22373162
65742200
203A7473
203B3338
203A6763
64615F49
67635F64
7063203B
7063203A
3B64725F
6E696220
3162203A
22002238
74736574
3438203A
6763203B
5F49203A
5F646461
203B6763
203A7063
725F7063
62203B64
203A6E69
22393162
65742200
203A7473
203B3538
203A6763
64615F49
67635F64
7063203B
7063203A
3B64725F
6E696220
3262203A
22002230
74736574
3638203A
6763203B
5F49203A
5F646461
203B6763
203A7063
725F7063
62203B64
203A6E69
22313262
65742200
203A7473
203B3738
203A6763
64615F49
67635F64
7063203B
7063203A
3B64725F
6E696220
3262203A
22002232
74736574
3838203A
6763203B
5F49203A
5F646461
203B6763
203A7063
725F7063
62203B64
203A6E69
22333262
65742200
203A7473
203B3938
203A6763
64615F49
67635F64
7063203B
7063203A
3B64725F
6E696220
3262203A
22002234
74736574
3039203A
6763203B
5F49203A
5F646461
203B6763
203A7063
725F7063
62203B64
203A6E69
22353262
65742200
203A7473
203B3139
203A6763
64615F49
67635F64
7063203B
7063203A
3B64725F
6E696220
3262203A
22002236
74736574
3239203A
6763203B
5F49203A
5F646461
203B6763
203A7063
725F7063
62203B64
203A6E69
22373262
65742200
203A7473
203B3339
203A6763
64615F49
67635F64
7063203B
7063203A
3B64725F
6E696220
3262203A
22002238
74736574
3439203A
6763203B
5F49203A
5F646461
203B6763
203A7063
725F7063
62203B64
203A6E69
22393262
65742200
203A7473
203B3539
203A6763
64615F49
67635F64
7063203B
7063203A
3B64725F
6E696220
3362203A
22002230
74736574
3639203A
6763203B
5F49203A
5F646461
203B6763
203A7063
725F7063
62203B64
203A6E69
22313362
65742200
203A7473
203B3739
203A6763
64615F49
67635F64
7063203B
7063203A
3173725F
6764655F
203B7365
3A6E6962
30783020
74220022
3A747365
3B383920
3A676320
615F4920
635F6464
63203B67
63203A70
73725F70
64655F31
3B736567
6E696220
7830203A
22002231
74736574
3939203A
6763203B
5F49203A
5F646461
203B6763
203A7063
725F7063
655F3173
73656764
6962203B
30203A6E
00223278
73657422
31203A74
203B3030
203A6763
64615F49
67635F64
7063203B
7063203A
3173725F
6764655F
203B7365
3A6E6962
38783020
30303030
22303030
65742200
203A7473
3B313031
3A676320
615F4920
635F6464
63203B67
63203A70
73725F70
64655F31
3B736567
6E696220
7830203A
30303038
31303030
74220022
3A747365
32303120
6763203B
5F49203A
5F646461
203B6763
203A7063
725F7063
655F3173
73656764
6962203B
30203A6E
66663778
66666666
22002266
74736574
3031203A
63203B33
49203A67
6464615F
3B67635F
3A706320
5F706320
5F317372
65676465
62203B73
203A6E69
66377830
66666666
00226566
73657422
31203A74
203B3430
203A6763
64615F49
67635F64
7063203B
7063203A
3173725F
6764655F
203B7365
3A6E6962
66783020
66666666
22666666
65742200
203A7473
3B353031
3A676320
615F4920
635F6464
63203B67
63203A70
73725F70
64655F31
3B736567
6E696220
7830203A
66666666
65666666
74220022
3A747365
36303120
6763203B
5F49203A
5F646461
203B6763
203A7063
725F7063
655F3173
73656764
6962203B
30203A6E
62623578
37383863
22002232
74736574
3031203A
63203B37
49203A67
6464615F
3B67635F
3A706320
5F706320
5F317372
65676465
62203B73
203A6E69
61617830
61616161
00226161
73657422
31203A74
203B3830
203A6763
64615F49
67635F64
7063203B
7063203A
3173725F
6764655F
203B7365
3A6E6962
35783020
35353535
22353535
65742200
203A7473
3B393031
3A676320
615F4920
635F6464
63203B67
63203A70
73725F70
64655F32
3B736567
6E696220
7830203A
22002230
74736574
3131203A
63203B30
49203A67
6464615F
3B67635F
3A706320
5F706320
5F327372
65676465
62203B73
203A6E69
22317830
65742200
203A7473
3B313131
3A676320
615F4920
635F6464
63203B67
63203A70
73725F70
64655F32
3B736567
6E696220
7830203A
22002232
74736574
3131203A
63203B32
49203A67
6464615F
3B67635F
3A706320
5F706320
5F327372
65676465
62203B73
203A6E69
30387830
30303030
00223030
73657422
31203A74
203B3331
203A6763
64615F49
67635F64
7063203B
7063203A
3273725F
6764655F
203B7365
3A6E6962
38783020
30303030
22313030
65742200
203A7473
3B343131
3A676320
615F4920
635F6464
63203B67
63203A70
73725F70
64655F32
3B736567
6E696220
7830203A
66666637
66666666
74220022
3A747365
35313120
6763203B
5F49203A
5F646461
203B6763
203A7063
725F7063
655F3273
73656764
6962203B
30203A6E
66663778
66666666
22002265
74736574
3131203A
63203B36
49203A67
6464615F
3B67635F
3A706320
5F706320
5F327372
65676465
62203B73
203A6E69
66667830
66666666
00226666
73657422
31203A74
203B3731
203A6763
64615F49
67635F64
7063203B
7063203A
3273725F
6764655F
203B7365
3A6E6962
66783020
66666666
22656666
65742200
203A7473
3B383131
3A676320
615F4920
635F6464
63203B67
63203A70
73725F70
64655F32
3B736567
6E696220
7830203A
63626235
32373838
74220022
3A747365
39313120
6763203B
5F49203A
5F646461
203B6763
203A7063
725F7063
655F3273
73656764
6962203B
30203A6E
61616178
61616161
22002261
74736574
3231203A
63203B30
49203A67
6464615F
3B67635F
3A706320
5F706320
5F327372
65676465
62203B73
203A6E69
35357830
35353535
00223535
73657422
31203A74
203B3132
203A6763
64615F49
67635F64
7063203B
7263203A
3173725F
3273725F
6764655F
203B7365
3A6E6962
31737220
3D6C6176
2C307830
32737220
3D6C6176
22307830
65742200
203A7473
3B323231
3A676320
615F4920
635F6464
63203B67
63203A70
73725F72
73725F31
64655F32
3B736567
6E696220
7372203A
6C617631
3078303D
7372202C
6C617632
3178303D
74220022
3A747365
33323120
6763203B
5F49203A
5F646461
203B6763
203A7063
725F7263
725F3173
655F3273
73656764
6962203B
72203A6E
61763173
78303D6C
72202C30
61763273
78303D6C
22002232
74736574
3231203A
63203B34
49203A67
6464615F
3B67635F
3A706320
5F726320
5F317372
5F327372
65676465
62203B73
203A6E69
76317372
303D6C61
202C3078
76327372
303D6C61
30303878
30303030
22002230
74736574
3231203A
63203B35
49203A67
6464615F
3B67635F
3A706320
5F726320
5F317372
5F327372
65676465
62203B73
203A6E69
76317372
303D6C61
202C3078
76327372
303D6C61
30303878
30303030
22002231
74736574
3231203A
63203B36
49203A67
6464615F
3B67635F
3A706320
5F726320
5F317372
5F327372
65676465
62203B73
203A6E69
76317372
303D6C61
202C3078
76327372
303D6C61
66663778
66666666
22002266
74736574
3231203A
63203B37
49203A67
6464615F
3B67635F
3A706320
5F726320
5F317372
5F327372
65676465
62203B73
203A6E69
76317372
303D6C61
202C3078
76327372
303D6C61
66663778
66666666
22002265
74736574
3231203A
63203B38
49203A67
6464615F
3B67635F
3A706320
5F726320
5F317372
5F327372
65676465
62203B73
203A6E69
76317372
303D6C61
202C3078
76327372
303D6C61
66666678
66666666
22002266
74736574
3231203A
63203B39
49203A67
6464615F
3B67635F
3A706320
5F726320
5F317372
5F327372
65676465
62203B73
203A6E69
76317372
303D6C61
202C3078
76327372
303D6C61
66666678
66666666
22002265
74736574
3331203A
63203B30
49203A67
6464615F
3B67635F
3A706320
5F726320
5F317372
5F327372
65676465
62203B73
203A6E69
76317372
303D6C61
202C3078
76327372
303D6C61
62623578
37383863
22002232
74736574
3331203A
63203B31
49203A67
6464615F
3B67635F
3A706320
5F726320
5F317372
5F327372
65676465
62203B73
203A6E69
76317372
303D6C61
202C3078
76327372
303D6C61
61616178
61616161
22002261
74736574
3331203A
63203B32
49203A67
6464615F
3B67635F
3A706320
5F726320
5F317372
5F327372
65676465
62203B73
203A6E69
76317372
303D6C61
202C3078
76327372
303D6C61
35353578
35353535
22002235
74736574
3331203A
63203B33
49203A67
6464615F
3B67635F
3A706320
5F726320
5F317372
5F327372
65676465
62203B73
203A6E69
76317372
303D6C61
202C3178
76327372
303D6C61
00223078
73657422
31203A74
203B3433
203A6763
64615F49
67635F64
7063203B
7263203A
3173725F
3273725F
6764655F
203B7365
3A6E6962
31737220
3D6C6176
2C317830
32737220
3D6C6176
22317830
65742200
203A7473
3B353331
3A676320
615F4920
635F6464
63203B67
63203A70
73725F72
73725F31
64655F32
3B736567
6E696220
7372203A
6C617631
3178303D
7372202C
6C617632
3278303D
74220022
3A747365
36333120
6763203B
5F49203A
5F646461
203B6763
203A7063
725F7263
725F3173
655F3273
73656764
6962203B
72203A6E
61763173
78303D6C
72202C31
61763273
78303D6C
30303038
30303030
74220022
3A747365
37333120
6763203B
5F49203A
5F646461
203B6763
203A7063
725F7263
725F3173
655F3273
73656764
6962203B
72203A6E
61763173
78303D6C
72202C31
61763273
78303D6C
30303038
31303030
74220022
3A747365
38333120
6763203B
5F49203A
5F646461
203B6763
203A7063
725F7263
725F3173
655F3273
73656764
6962203B
72203A6E
61763173
78303D6C
72202C31
61763273
78303D6C
66666637
66666666
74220022
3A747365
39333120
6763203B
5F49203A
5F646461
203B6763
203A7063
725F7263
725F3173
655F3273
73656764
6962203B
72203A6E
61763173
78303D6C
72202C31
61763273
78303D6C
66666637
65666666
74220022
3A747365
30343120
6763203B
5F49203A
5F646461
203B6763
203A7063
725F7263
725F3173
655F3273
73656764
6962203B
72203A6E
61763173
78303D6C
72202C31
61763273
78303D6C
66666666
66666666
74220022
3A747365
31343120
6763203B
5F49203A
5F646461
203B6763
203A7063
725F7263
725F3173
655F3273
73656764
6962203B
72203A6E
61763173
78303D6C
72202C31
61763273
78303D6C
66666666
65666666
74220022
3A747365
32343120
6763203B
5F49203A
5F646461
203B6763
203A7063
725F7263
725F3173
655F3273
73656764
6962203B
72203A6E
61763173
78303D6C
72202C31
61763273
78303D6C
63626235
32373838
74220022
3A747365
33343120
6763203B
5F49203A
5F646461
203B6763
203A7063
725F7263
725F3173
655F3273
73656764
6962203B
72203A6E
61763173
78303D6C
72202C31
61763273
78303D6C
61616161
61616161
74220022
3A747365
34343120
6763203B
5F49203A
5F646461
203B6763
203A7063
725F7263
725F3173
655F3273
73656764
6962203B
72203A6E
61763173
78303D6C
72202C31
61763273
78303D6C
35353535
35353535
74220022
3A747365
35343120
6763203B
5F49203A
5F646461
203B6763
203A7063
725F7263
725F3173
655F3273
73656764
6962203B
72203A6E
61763173
78303D6C
72202C32
61763273
78303D6C
22002230
74736574
3431203A
63203B36
49203A67
6464615F
3B67635F
3A706320
5F726320
5F317372
5F327372
65676465
62203B73
203A6E69
76317372
303D6C61
202C3278
76327372
303D6C61
00223178
73657422
31203A74
203B3734
203A6763
64615F49
67635F64
7063203B
7263203A
3173725F
3273725F
6764655F
203B7365
3A6E6962
31737220
3D6C6176
2C327830
32737220
3D6C6176
22327830
65742200
203A7473
3B383431
3A676320
615F4920
635F6464
63203B67
63203A70
73725F72
73725F31
64655F32
3B736567
6E696220
7372203A
6C617631
3278303D
7372202C
6C617632
3878303D
30303030
22303030
65742200
203A7473
3B393431
3A676320
615F4920
635F6464
63203B67
63203A70
73725F72
73725F31
64655F32
3B736567
6E696220
7372203A
6C617631
3278303D
7372202C
6C617632
3878303D
30303030
22313030
65742200
203A7473
3B303531
3A676320
615F4920
635F6464
63203B67
63203A70
73725F72
73725F31
64655F32
3B736567
6E696220
7372203A
6C617631
3278303D
7372202C
6C617632
3778303D
66666666
22666666
65742200
203A7473
3B313531
3A676320
615F4920
635F6464
63203B67
63203A70
73725F72
73725F31
64655F32
3B736567
6E696220
7372203A
6C617631
3278303D
7372202C
6C617632
3778303D
66666666
22656666
65742200
203A7473
3B323531
3A676320
615F4920
635F6464
63203B67
63203A70
73725F72
73725F31
64655F32
3B736567
6E696220
7372203A
6C617631
3278303D
7372202C
6C617632
6678303D
66666666
22666666
65742200
203A7473
3B333531
3A676320
615F4920
635F6464
63203B67
63203A70
73725F72
73725F31
64655F32
3B736567
6E696220
7372203A
6C617631
3278303D
7372202C
6C617632
6678303D
66666666
22656666
65742200
203A7473
3B343531
3A676320
615F4920
635F6464
63203B67
63203A70
73725F72
73725F31
64655F32
3B736567
6E696220
7372203A
6C617631
3278303D
7372202C
6C617632
3578303D
38636262
22323738
65742200
203A7473
3B353531
3A676320
615F4920
635F6464
63203B67
63203A70
73725F72
73725F31
64655F32
3B736567
6E696220
7372203A
6C617631
3278303D
7372202C
6C617632
6178303D
61616161
22616161
65742200
203A7473
3B363531
3A676320
615F4920
635F6464
63203B67
63203A70
73725F72
73725F31
64655F32
3B736567
6E696220
7372203A
6C617631
3278303D
7372202C
6C617632
3578303D
35353535
22353535
65742200
203A7473
3B373531
3A676320
615F4920
635F6464
63203B67
63203A70
73725F72
73725F31
64655F32
3B736567
6E696220
7372203A
6C617631
3878303D
30303030
2C303030
32737220
3D6C6176
22307830
65742200
203A7473
3B383531
3A676320
615F4920
635F6464
63203B67
63203A70
73725F72
73725F31
64655F32
3B736567
6E696220
7372203A
6C617631
3878303D
30303030
2C303030
32737220
3D6C6176
22317830
65742200
203A7473
3B393531
3A676320
615F4920
635F6464
63203B67
63203A70
73725F72
73725F31
64655F32
3B736567
6E696220
7372203A
6C617631
3878303D
30303030
2C303030
32737220
3D6C6176
22327830
65742200
203A7473
3B303631
3A676320
615F4920
635F6464
63203B67
63203A70
73725F72
73725F31
64655F32
3B736567
6E696220
7372203A
6C617631
3878303D
30303030
2C303030
32737220
3D6C6176
30387830
30303030
00223030
73657422
31203A74
203B3136
203A6763
64615F49
67635F64
7063203B
7263203A
3173725F
3273725F
6764655F
203B7365
3A6E6962
31737220
3D6C6176
30387830
30303030
202C3030
76327372
303D6C61
30303878
30303030
22002231
74736574
3631203A
63203B32
49203A67
6464615F
3B67635F
3A706320
5F726320
5F317372
5F327372
65676465
62203B73
203A6E69
76317372
303D6C61
30303878
30303030
72202C30
61763273
78303D6C
66666637
66666666
74220022
3A747365
33363120
6763203B
5F49203A
5F646461
203B6763
203A7063
725F7263
725F3173
655F3273
73656764
6962203B
72203A6E
61763173
78303D6C
30303038
30303030
7372202C
6C617632
3778303D
66666666
22656666
65742200
203A7473
3B343631
3A676320
615F4920
635F6464
63203B67
63203A70
73725F72
73725F31
64655F32
3B736567
6E696220
7372203A
6C617631
3878303D
30303030
2C303030
32737220
3D6C6176
66667830
66666666
00226666
73657422
31203A74
203B3536
203A6763
64615F49
67635F64
7063203B
7263203A
3173725F
3273725F
6764655F
203B7365
3A6E6962
31737220
3D6C6176
30387830
30303030
202C3030
76327372
303D6C61
66666678
66666666
22002265
74736574
3631203A
63203B36
49203A67
6464615F
3B67635F
3A706320
5F726320
5F317372
5F327372
65676465
62203B73
203A6E69
76317372
303D6C61
30303878
30303030
72202C30
61763273
78303D6C
63626235
32373838
74220022
3A747365
37363120
6763203B
5F49203A
5F646461
203B6763
203A7063
725F7263
725F3173
655F3273
73656764
6962203B
72203A6E
61763173
78303D6C
30303038
30303030
7372202C
6C617632
6178303D
61616161
22616161
65742200
203A7473
3B383631
3A676320
615F4920
635F6464
63203B67
63203A70
73725F72
73725F31
64655F32
3B736567
6E696220
7372203A
6C617631
3878303D
30303030
2C303030
32737220
3D6C6176
35357830
35353535
00223535
73657422
31203A74
203B3936
203A6763
64615F49
67635F64
7063203B
7263203A
3173725F
3273725F
6764655F
203B7365
3A6E6962
31737220
3D6C6176
30387830
30303030
202C3130
76327372
303D6C61
00223078
73657422
31203A74
203B3037
203A6763
64615F49
67635F64
7063203B
7263203A
3173725F
3273725F
6764655F
203B7365
3A6E6962
31737220
3D6C6176
30387830
30303030
202C3130
76327372
303D6C61
00223178
73657422
31203A74
203B3137
203A6763
64615F49
67635F64
7063203B
7263203A
3173725F
3273725F
6764655F
203B7365
3A6E6962
31737220
3D6C6176
30387830
30303030
202C3130
76327372
303D6C61
00223278
73657422
31203A74
203B3237
203A6763
64615F49
67635F64
7063203B
7263203A
3173725F
3273725F
6764655F
203B7365
3A6E6962
31737220
3D6C6176
30387830
30303030
202C3130
76327372
303D6C61
30303878
30303030
22002230
74736574
3731203A
63203B33
49203A67
6464615F
3B67635F
3A706320
5F726320
5F317372
5F327372
65676465
62203B73
203A6E69
76317372
303D6C61
30303878
30303030
72202C31
61763273
78303D6C
30303038
31303030
74220022
3A747365
34373120
6763203B
5F49203A
5F646461
203B6763
203A7063
725F7263
725F3173
655F3273
73656764
6962203B
72203A6E
61763173
78303D6C
30303038
31303030
7372202C
6C617632
3778303D
66666666
22666666
65742200
203A7473
3B353731
3A676320
615F4920
635F6464
63203B67
63203A70
73725F72
73725F31
64655F32
3B736567
6E696220
7372203A
6C617631
3878303D
30303030
2C313030
32737220
3D6C6176
66377830
66666666
00226566
73657422
31203A74
203B3637
203A6763
64615F49
67635F64
7063203B
7263203A
3173725F
3273725F
6764655F
203B7365
3A6E6962
31737220
3D6C6176
30387830
30303030
202C3130
76327372
303D6C61
66666678
66666666
22002266
74736574
3731203A
63203B37
49203A67
6464615F
3B67635F
3A706320
5F726320
5F317372
5F327372
65676465
62203B73
203A6E69
76317372
303D6C61
30303878
30303030
72202C31
61763273
78303D6C
66666666
65666666
74220022
3A747365
38373120
6763203B
5F49203A
5F646461
203B6763
203A7063
725F7263
725F3173
655F3273
73656764
6962203B
72203A6E
61763173
78303D6C
30303038
31303030
7372202C
6C617632
3578303D
38636262
22323738
65742200
203A7473
3B393731
3A676320
615F4920
635F6464
63203B67
63203A70
73725F72
73725F31
64655F32
3B736567
6E696220
7372203A
6C617631
3878303D
30303030
2C313030
32737220
3D6C6176
61617830
61616161
00226161
73657422
31203A74
203B3038
203A6763
64615F49
67635F64
7063203B
7263203A
3173725F
3273725F
6764655F
203B7365
3A6E6962
31737220
3D6C6176
30387830
30303030
202C3130
76327372
303D6C61
35353578
35353535
22002235
74736574
3831203A
63203B31
49203A67
6464615F
3B67635F
3A706320
5F726320
5F317372
5F327372
65676465
62203B73
203A6E69
76317372
303D6C61
66663778
66666666
72202C66
61763273
78303D6C
22002230
74736574
3831203A
63203B32
49203A67
6464615F
3B67635F
3A706320
5F726320
5F317372
5F327372
65676465
62203B73
203A6E69
76317372
303D6C61
66663778
66666666
72202C66
61763273
78303D6C
22002231
74736574
3831203A
63203B33
49203A67
6464615F
3B67635F
3A706320
5F726320
5F317372
5F327372
65676465
62203B73
203A6E69
76317372
303D6C61
66663778
66666666
72202C66
61763273
78303D6C
22002232
74736574
3831203A
63203B34
49203A67
6464615F
3B67635F
3A706320
5F726320
5F317372
5F327372
65676465
62203B73
203A6E69
76317372
303D6C61
66663778
66666666
72202C66
61763273
78303D6C
30303038
30303030
74220022
3A747365
35383120
6763203B
5F49203A
5F646461
203B6763
203A7063
725F7263
725F3173
655F3273
73656764
6962203B
72203A6E
61763173
78303D6C
66666637
66666666
7372202C
6C617632
3878303D
30303030
22313030
65742200
203A7473
3B363831
3A676320
615F4920
635F6464
63203B67
63203A70
73725F72
73725F31
64655F32
3B736567
6E696220
7372203A
6C617631
3778303D
66666666
2C666666
32737220
3D6C6176
66377830
66666666
00226666
73657422
31203A74
203B3738
203A6763
64615F49
67635F64
7063203B
7263203A
3173725F
3273725F
6764655F
203B7365
3A6E6962
31737220
3D6C6176
66377830
66666666
202C6666
76327372
303D6C61
66663778
66666666
22002265
74736574
3831203A
63203B38
49203A67
6464615F
3B67635F
3A706320
5F726320
5F317372
5F327372
65676465
62203B73
203A6E69
76317372
303D6C61
66663778
66666666
72202C66
61763273
78303D6C
66666666
66666666
74220022
3A747365
39383120
6763203B
5F49203A
5F646461
203B6763
203A7063
725F7263
725F3173
655F3273
73656764
6962203B
72203A6E
61763173
78303D6C
66666637
66666666
7372202C
6C617632
6678303D
66666666
22656666
65742200
203A7473
3B303931
3A676320
615F4920
635F6464
63203B67
63203A70
73725F72
73725F31
64655F32
3B736567
6E696220
7372203A
6C617631
3778303D
66666666
2C666666
32737220
3D6C6176
62357830
38386362
00223237
73657422
31203A74
203B3139
203A6763
64615F49
67635F64
7063203B
7263203A
3173725F
3273725F
6764655F
203B7365
3A6E6962
31737220
3D6C6176
66377830
66666666
202C6666
76327372
303D6C61
61616178
61616161
22002261
74736574
3931203A
63203B32
49203A67
6464615F
3B67635F
3A706320
5F726320
5F317372
5F327372
65676465
62203B73
203A6E69
76317372
303D6C61
66663778
66666666
72202C66
61763273
78303D6C
35353535
35353535
74220022
3A747365
33393120
6763203B
5F49203A
5F646461
203B6763
203A7063
725F7263
725F3173
655F3273
73656764
6962203B
72203A6E
61763173
78303D6C
66666637
65666666
7372202C
6C617632
3078303D
74220022
3A747365
34393120
6763203B
5F49203A
5F646461
203B6763
203A7063
725F7263
725F3173
655F3273
73656764
6962203B
72203A6E
61763173
78303D6C
66666637
65666666
7372202C
6C617632
3178303D
74220022
3A747365
35393120
6763203B
5F49203A
5F646461
203B6763
203A7063
725F7263
725F3173
655F3273
73656764
6962203B
72203A6E
61763173
78303D6C
66666637
65666666
7372202C
6C617632
3278303D
74220022
3A747365
36393120
6763203B
5F49203A
5F646461
203B6763
203A7063
725F7263
725F3173
655F3273
73656764
6962203B
72203A6E
61763173
78303D6C
66666637
65666666
7372202C
6C617632
3878303D
30303030
22303030
65742200
203A7473
3B373931
3A676320
615F4920
635F6464
63203B67
63203A70
73725F72
73725F31
64655F32
3B736567
6E696220
7372203A
6C617631
3778303D
66666666
2C656666
32737220
3D6C6176
30387830
30303030
00223130
73657422
31203A74
203B3839
203A6763
64615F49
67635F64
7063203B
7263203A
3173725F
3273725F
6764655F
203B7365
3A6E6962
31737220
3D6C6176
66377830
66666666
202C6566
76327372
303D6C61
66663778
66666666
22002266
74736574
3931203A
63203B39
49203A67
6464615F
3B67635F
3A706320
5F726320
5F317372
5F327372
65676465
62203B73
203A6E69
76317372
303D6C61
66663778
66666666
72202C65
61763273
78303D6C
66666637
65666666
74220022
3A747365
30303220
6763203B
5F49203A
5F646461
203B6763
203A7063
725F7263
725F3173
655F3273
73656764
6962203B
72203A6E
61763173
78303D6C
66666637
65666666
7372202C
6C617632
6678303D
66666666
22666666
65742200
203A7473
3B313032
3A676320
615F4920
635F6464
63203B67
63203A70
73725F72
73725F31
64655F32
3B736567
6E696220
7372203A
6C617631
3778303D
66666666
2C656666
32737220
3D6C6176
66667830
66666666
00226566
73657422
32203A74
203B3230
203A6763
64615F49
67635F64
7063203B
7263203A
3173725F
3273725F
6764655F
203B7365
3A6E6962
31737220
3D6C6176
66377830
66666666
202C6566
76327372
303D6C61
62623578
37383863
22002232
74736574
3032203A
63203B33
49203A67
6464615F
3B67635F
3A706320
5F726320
5F317372
5F327372
65676465
62203B73
203A6E69
76317372
303D6C61
66663778
66666666
72202C65
61763273
78303D6C
61616161
61616161
74220022
3A747365
34303220
6763203B
5F49203A
5F646461
203B6763
203A7063
725F7263
725F3173
655F3273
73656764
6962203B
72203A6E
61763173
78303D6C
66666637
65666666
7372202C
6C617632
3578303D
35353535
22353535
65742200
203A7473
3B353032
3A676320
615F4920
635F6464
63203B67
63203A70
73725F72
73725F31
64655F32
3B736567
6E696220
7372203A
6C617631
6678303D
66666666
2C666666
32737220
3D6C6176
22307830
65742200
203A7473
3B363032
3A676320
615F4920
635F6464
63203B67
63203A70
73725F72
73725F31
64655F32
3B736567
6E696220
7372203A
6C617631
6678303D
66666666
2C666666
32737220
3D6C6176
22317830
65742200
203A7473
3B373032
3A676320
615F4920
635F6464
63203B67
63203A70
73725F72
73725F31
64655F32
3B736567
6E696220
7372203A
6C617631
6678303D
66666666
2C666666
32737220
3D6C6176
22327830
65742200
203A7473
3B383032
3A676320
615F4920
635F6464
63203B67
63203A70
73725F72
73725F31
64655F32
3B736567
6E696220
7372203A
6C617631
6678303D
66666666
2C666666
32737220
3D6C6176
30387830
30303030
00223030
73657422
32203A74
203B3930
203A6763
64615F49
67635F64
7063203B
7263203A
3173725F
3273725F
6764655F
203B7365
3A6E6962
31737220
3D6C6176
66667830
66666666
202C6666
76327372
303D6C61
30303878
30303030
22002231
74736574
3132203A
63203B30
49203A67
6464615F
3B67635F
3A706320
5F726320
5F317372
5F327372
65676465
62203B73
203A6E69
76317372
303D6C61
66666678
66666666
72202C66
61763273
78303D6C
66666637
66666666
74220022
3A747365
31313220
6763203B
5F49203A
5F646461
203B6763
203A7063
725F7263
725F3173
655F3273
73656764
6962203B
72203A6E
61763173
78303D6C
66666666
66666666
7372202C
6C617632
3778303D
66666666
22656666
65742200
203A7473
3B323132
3A676320
615F4920
635F6464
63203B67
63203A70
73725F72
73725F31
64655F32
3B736567
6E696220
7372203A
6C617631
6678303D
66666666
2C666666
32737220
3D6C6176
66667830
66666666
00226666
73657422
32203A74
203B3331
203A6763
64615F49
67635F64
7063203B
7263203A
3173725F
3273725F
6764655F
203B7365
3A6E6962
31737220
3D6C6176
66667830
66666666
202C6666
76327372
303D6C61
66666678
66666666
22002265
74736574
3132203A
63203B34
49203A67
6464615F
3B67635F
3A706320
5F726320
5F317372
5F327372
65676465
62203B73
203A6E69
76317372
303D6C61
66666678
66666666
72202C66
61763273
78303D6C
63626235
32373838
74220022
3A747365
35313220
6763203B
5F49203A
5F646461
203B6763
203A7063
725F7263
725F3173
655F3273
73656764
6962203B
72203A6E
61763173
78303D6C
66666666
66666666
7372202C
6C617632
6178303D
61616161
22616161
65742200
203A7473
3B363132
3A676320
615F4920
635F6464
63203B67
63203A70
73725F72
73725F31
64655F32
3B736567
6E696220
7372203A
6C617631
6678303D
66666666
2C666666
32737220
3D6C6176
35357830
35353535
00223535
73657422
32203A74
203B3731
203A6763
64615F49
67635F64
7063203B
7263203A
3173725F
3273725F
6764655F
203B7365
3A6E6962
31737220
3D6C6176
66667830
66666666
202C6566
76327372
303D6C61
00223078
73657422
32203A74
203B3831
203A6763
64615F49
67635F64
7063203B
7263203A
3173725F
3273725F
6764655F
203B7365
3A6E6962
31737220
3D6C6176
66667830
66666666
202C6566
76327372
303D6C61
00223178
73657422
32203A74
203B3931
203A6763
64615F49
67635F64
7063203B
7263203A
3173725F
3273725F
6764655F
203B7365
3A6E6962
31737220
3D6C6176
66667830
66666666
202C6566
76327372
303D6C61
00223278
73657422
32203A74
203B3032
203A6763
64615F49
67635F64
7063203B
7263203A
3173725F
3273725F
6764655F
203B7365
3A6E6962
31737220
3D6C6176
66667830
66666666
202C6566
76327372
303D6C61
30303878
30303030
22002230
74736574
3232203A
63203B31
49203A67
6464615F
3B67635F
3A706320
5F726320
5F317372
5F327372
65676465
62203B73
203A6E69
76317372
303D6C61
66666678
66666666
72202C65
61763273
78303D6C
30303038
31303030
74220022
3A747365
32323220
6763203B
5F49203A
5F646461
203B6763
203A7063
725F7263
725F3173
655F3273
73656764
6962203B
72203A6E
61763173
78303D6C
66666666
65666666
7372202C
6C617632
3778303D
66666666
22666666
65742200
203A7473
3B333232
3A676320
615F4920
635F6464
63203B67
63203A70
73725F72
73725F31
64655F32
3B736567
6E696220
7372203A
6C617631
6678303D
66666666
2C656666
32737220
3D6C6176
66377830
66666666
00226566
73657422
32203A74
203B3432
203A6763
64615F49
67635F64
7063203B
7263203A
3173725F
3273725F
6764655F
203B7365
3A6E6962
31737220
3D6C6176
66667830
66666666
202C6566
76327372
303D6C61
66666678
66666666
22002266
74736574
3232203A
63203B35
49203A67
6464615F
3B67635F
3A706320
5F726320
5F317372
5F327372
65676465
62203B73
203A6E69
76317372
303D6C61
66666678
66666666
72202C65
61763273
78303D6C
66666666
65666666
74220022
3A747365
36323220
6763203B
5F49203A
5F646461
203B6763
203A7063
725F7263
725F3173
655F3273
73656764
6962203B
72203A6E
61763173
78303D6C
66666666
65666666
7372202C
6C617632
3578303D
38636262
22323738
65742200
203A7473
3B373232
3A676320
615F4920
635F6464
63203B67
63203A70
73725F72
73725F31
64655F32
3B736567
6E696220
7372203A
6C617631
6678303D
66666666
2C656666
32737220
3D6C6176
61617830
61616161
00226161
73657422
32203A74
203B3832
203A6763
64615F49
67635F64
7063203B
7263203A
3173725F
3273725F
6764655F
203B7365
3A6E6962
31737220
3D6C6176
66667830
66666666
202C6566
76327372
303D6C61
35353578
35353535
22002235
74736574
3232203A
63203B39
49203A67
6464615F
3B67635F
3A706320
5F726320
5F317372
5F327372
65676465
62203B73
203A6E69
76317372
303D6C61
62623578
37383863
72202C32
61763273
78303D6C
22002230
74736574
3332203A
63203B30
49203A67
6464615F
3B67635F
3A706320
5F726320
5F317372
5F327372
65676465
62203B73
203A6E69
76317372
303D6C61
62623578
37383863
72202C32
61763273
78303D6C
22002231
74736574
3332203A
63203B31
49203A67
6464615F
3B67635F
3A706320
5F726320
5F317372
5F327372
65676465
62203B73
203A6E69
76317372
303D6C61
62623578
37383863
72202C32
61763273
78303D6C
22002232
74736574
3332203A
63203B32
49203A67
6464615F
3B67635F
3A706320
5F726320
5F317372
5F327372
65676465
62203B73
203A6E69
76317372
303D6C61
62623578
37383863
72202C32
61763273
78303D6C
30303038
30303030
74220022
3A747365
33333220
6763203B
5F49203A
5F646461
203B6763
203A7063
725F7263
725F3173
655F3273
73656764
6962203B
72203A6E
61763173
78303D6C
63626235
32373838
7372202C
6C617632
3878303D
30303030
22313030
65742200
203A7473
3B343332
3A676320
615F4920
635F6464
63203B67
63203A70
73725F72
73725F31
64655F32
3B736567
6E696220
7372203A
6C617631
3578303D
38636262
2C323738
32737220
3D6C6176
66377830
66666666
00226666
73657422
32203A74
203B3533
203A6763
64615F49
67635F64
7063203B
7263203A
3173725F
3273725F
6764655F
203B7365
3A6E6962
31737220
3D6C6176
62357830
38386362
202C3237
76327372
303D6C61
66663778
66666666
22002265
74736574
3332203A
63203B36
49203A67
6464615F
3B67635F
3A706320
5F726320
5F317372
5F327372
65676465
62203B73
203A6E69
76317372
303D6C61
62623578
37383863
72202C32
61763273
78303D6C
66666666
66666666
74220022
3A747365
37333220
6763203B
5F49203A
5F646461
203B6763
203A7063
725F7263
725F3173
655F3273
73656764
6962203B
72203A6E
61763173
78303D6C
63626235
32373838
7372202C
6C617632
6678303D
66666666
22656666
65742200
203A7473
3B383332
3A676320
615F4920
635F6464
63203B67
63203A70
73725F72
73725F31
64655F32
3B736567
6E696220
7372203A
6C617631
3578303D
38636262
2C323738
32737220
3D6C6176
62357830
38386362
00223237
73657422
32203A74
203B3933
203A6763
64615F49
67635F64
7063203B
7263203A
3173725F
3273725F
6764655F
203B7365
3A6E6962
31737220
3D6C6176
62357830
38386362
202C3237
76327372
303D6C61
61616178
61616161
22002261
74736574
3432203A
63203B30
49203A67
6464615F
3B67635F
3A706320
5F726320
5F317372
5F327372
65676465
62203B73
203A6E69
76317372
303D6C61
62623578
37383863
72202C32
61763273
78303D6C
35353535
35353535
74220022
3A747365
31343220
6763203B
5F49203A
5F646461
203B6763
203A7063
725F7263
725F3173
655F3273
73656764
6962203B
72203A6E
61763173
78303D6C
61616161
61616161
7372202C
6C617632
3078303D
74220022
3A747365
32343220
6763203B
5F49203A
5F646461
203B6763
203A7063
725F7263
725F3173
655F3273
73656764
6962203B
72203A6E
61763173
78303D6C
61616161
61616161
7372202C
6C617632
3178303D
74220022
3A747365
33343220
6763203B
5F49203A
5F646461
203B6763
203A7063
725F7263
725F3173
655F3273
73656764
6962203B
72203A6E
61763173
78303D6C
61616161
61616161
7372202C
6C617632
3278303D
74220022
3A747365
34343220
6763203B
5F49203A
5F646461
203B6763
203A7063
725F7263
725F3173
655F3273
73656764
6962203B
72203A6E
61763173
78303D6C
61616161
61616161
7372202C
6C617632
3878303D
30303030
22303030
65742200
203A7473
3B353432
3A676320
615F4920
635F6464
63203B67
63203A70
73725F72
73725F31
64655F32
3B736567
6E696220
7372203A
6C617631
6178303D
61616161
2C616161
32737220
3D6C6176
30387830
30303030
00223130
73657422
32203A74
203B3634
203A6763
64615F49
67635F64
7063203B
7263203A
3173725F
3273725F
6764655F
203B7365
3A6E6962
31737220
3D6C6176
61617830
61616161
202C6161
76327372
303D6C61
66663778
66666666
22002266
74736574
3432203A
63203B37
49203A67
6464615F
3B67635F
3A706320
5F726320
5F317372
5F327372
65676465
62203B73
203A6E69
76317372
303D6C61
61616178
61616161
72202C61
61763273
78303D6C
66666637
65666666
74220022
3A747365
38343220
6763203B
5F49203A
5F646461
203B6763
203A7063
725F7263
725F3173
655F3273
73656764
6962203B
72203A6E
61763173
78303D6C
61616161
61616161
7372202C
6C617632
6678303D
66666666
22666666
65742200
203A7473
3B393432
3A676320
615F4920
635F6464
63203B67
63203A70
73725F72
73725F31
64655F32
3B736567
6E696220
7372203A
6C617631
6178303D
61616161
2C616161
32737220
3D6C6176
66667830
66666666
00226566
73657422
32203A74
203B3035
203A6763
64615F49
67635F64
7063203B
7263203A
3173725F
3273725F
6764655F
203B7365
3A6E6962
31737220
3D6C6176
61617830
61616161
202C6161
76327372
303D6C61
62623578
37383863
22002232
74736574
3532203A
63203B31
49203A67
6464615F
3B67635F
3A706320
5F726320
5F317372
5F327372
65676465
62203B73
203A6E69
76317372
303D6C61
61616178
61616161
72202C61
61763273
78303D6C
61616161
61616161
74220022
3A747365
32353220
6763203B
5F49203A
5F646461
203B6763
203A7063
725F7263
725F3173
655F3273
73656764
6962203B
72203A6E
61763173
78303D6C
61616161
61616161
7372202C
6C617632
3578303D
35353535
22353535
65742200
203A7473
3B333532
3A676320
615F4920
635F6464
63203B67
63203A70
73725F72
73725F31
64655F32
3B736567
6E696220
7372203A
6C617631
3578303D
35353535
2C353535
32737220
3D6C6176
22307830
65742200
203A7473
3B343532
3A676320
615F4920
635F6464
63203B67
63203A70
73725F72
73725F31
64655F32
3B736567
6E696220
7372203A
6C617631
3578303D
35353535
2C353535
32737220
3D6C6176
22317830
65742200
203A7473
3B353532
3A676320
615F4920
635F6464
63203B67
63203A70
73725F72
73725F31
64655F32
3B736567
6E696220
7372203A
6C617631
3578303D
35353535
2C353535
32737220
3D6C6176
22327830
65742200
203A7473
3B363532
3A676320
615F4920
635F6464
63203B67
63203A70
73725F72
73725F31
64655F32
3B736567
6E696220
7372203A
6C617631
3578303D
35353535
2C353535
32737220
3D6C6176
30387830
30303030
00223030
73657422
32203A74
203B3735
203A6763
64615F49
67635F64
7063203B
7263203A
3173725F
3273725F
6764655F
203B7365
3A6E6962
31737220
3D6C6176
35357830
35353535
202C3535
76327372
303D6C61
30303878
30303030
22002231
74736574
3532203A
63203B38
49203A67
6464615F
3B67635F
3A706320
5F726320
5F317372
5F327372
65676465
62203B73
203A6E69
76317372
303D6C61
35353578
35353535
72202C35
61763273
78303D6C
66666637
66666666
74220022
3A747365
39353220
6763203B
5F49203A
5F646461
203B6763
203A7063
725F7263
725F3173
655F3273
73656764
6962203B
72203A6E
61763173
78303D6C
35353535
35353535
7372202C
6C617632
3778303D
66666666
22656666
65742200
203A7473
3B303632
3A676320
615F4920
635F6464
63203B67
63203A70
73725F72
73725F31
64655F32
3B736567
6E696220
7372203A
6C617631
3578303D
35353535
2C353535
32737220
3D6C6176
66667830
66666666
00226666
73657422
32203A74
203B3136
203A6763
64615F49
67635F64
7063203B
7263203A
3173725F
3273725F
6764655F
203B7365
3A6E6962
31737220
3D6C6176
35357830
35353535
202C3535
76327372
303D6C61
66666678
66666666
22002265
74736574
3632203A
63203B32
49203A67
6464615F
3B67635F
3A706320
5F726320
5F317372
5F327372
65676465
62203B73
203A6E69
76317372
303D6C61
35353578
35353535
72202C35
61763273
78303D6C
63626235
32373838
74220022
3A747365
33363220
6763203B
5F49203A
5F646461
203B6763
203A7063
725F7263
725F3173
655F3273
73656764
6962203B
72203A6E
61763173
78303D6C
35353535
35353535
7372202C
6C617632
6178303D
61616161
22616161
65742200
203A7473
3B343632
3A676320
615F4920
635F6464
63203B67
63203A70
73725F72
73725F31
64655F32
3B736567
6E696220
7372203A
6C617631
3578303D
35353535
2C353535
32737220
3D6C6176
35357830
35353535
00223535
73657422
32203A74
203B3536
203A6763
64615F49
67635F64
7063203B
6D63203A
73725F70
73725F31
62203B32
203A6E69
00223062
73657422
32203A74
203B3636
203A6763
64615F49
67635F64
7063203B
6D63203A
73725F70
73725F31
62203B32
203A6E69
00223162
73657422
32203A74
203B3736
203A6763
64615F49
67635F64
7063203B
6D63203A
73725F70
73725F31
62203B32
203A6E69
00223262
73657422
32203A74
203B3836
203A6763
64615F49
67635F64
7063203B
6D63203A
73725F70
73725F31
62203B32
203A6E69
00223362
73657422
32203A74
203B3936
203A6763
64615F49
67635F64
7063203B
6D63203A
73725F70
73725F31
62203B32
203A6E69
00223462
73657422
32203A74
203B3037
203A6763
64615F49
67635F64
7063203B
6D63203A
73725F70
73725F31
62203B32
203A6E69
00223562
73657422
32203A74
203B3137
203A6763
64615F49
67635F64
7063203B
6D63203A
73725F70
73725F31
62203B32
203A6E69
00223662
73657422
32203A74
203B3237
203A6763
64615F49
67635F64
7063203B
6D63203A
73725F70
73725F31
62203B32
203A6E69
00223762
73657422
32203A74
203B3337
203A6763
64615F49
67635F64
7063203B
6D63203A
73725F70
73725F31
62203B32
203A6E69
00223862
73657422
32203A74
203B3437
203A6763
64615F49
67635F64
7063203B
6D63203A
73725F70
73725F31
62203B32
203A6E69
00223962
73657422
32203A74
203B3537
203A6763
64615F49
67635F64
7063203B
6D63203A
73725F70
73725F31
62203B32
203A6E69
22303162
65742200
203A7473
3B363732
3A676320
615F4920
635F6464
63203B67
63203A70
725F706D
725F3173
203B3273
3A6E6962
31316220
74220022
3A747365
37373220
6763203B
5F49203A
5F646461
203B6763
203A7063
5F706D63
5F317372
3B327372
6E696220
3162203A
22002232
74736574
3732203A
63203B38
49203A67
6464615F
3B67635F
3A706320
706D6320
3173725F
3273725F
6962203B
62203A6E
00223331
73657422
32203A74
203B3937
203A6763
64615F49
67635F64
7063203B
6D63203A
73725F70
73725F31
62203B32
203A6E69
22343162
65742200
203A7473
3B303832
3A676320
615F4920
635F6464
63203B67
63203A70
725F706D
725F3173
203B3273
3A6E6962
35316220
74220022
3A747365
31383220
6763203B
5F49203A
5F646461
203B6763
203A7063
5F706D63
5F317372
3B327372
6E696220
3162203A
22002236
74736574
3832203A
63203B32
49203A67
6464615F
3B67635F
3A706320
706D6320
3173725F
3273725F
6962203B
62203A6E
00223731
73657422
32203A74
203B3338
203A6763
64615F49
67635F64
7063203B
6D63203A
73725F70
73725F31
62203B32
203A6E69
22383162
65742200
203A7473
3B343832
3A676320
615F4920
635F6464
63203B67
63203A70
725F706D
725F3173
203B3273
3A6E6962
39316220
74220022
3A747365
35383220
6763203B
5F49203A
5F646461
203B6763
203A7063
5F706D63
5F317372
3B327372
6E696220
3262203A
22002230
74736574
3832203A
63203B36
49203A67
6464615F
3B67635F
3A706320
706D6320
3173725F
3273725F
6962203B
62203A6E
00223132
73657422
32203A74
203B3738
203A6763
64615F49
67635F64
7063203B
6D63203A
73725F70
73725F31
62203B32
203A6E69
22323262
65742200
203A7473
3B383832
3A676320
615F4920
635F6464
63203B67
63203A70
725F706D
725F3173
203B3273
3A6E6962
33326220
74220022
3A747365
39383220
6763203B
5F49203A
5F646461
203B6763
203A7063
5F706D63
5F317372
3B327372
6E696220
3262203A
22002234
74736574
3932203A
63203B30
49203A67
6464615F
3B67635F
3A706320
706D6320
3173725F
3273725F
6962203B
62203A6E
00223532
73657422
32203A74
203B3139
203A6763
64615F49
67635F64
7063203B
6D63203A
73725F70
73725F31
62203B32
203A6E69
22363262
65742200
203A7473
3B323932
3A676320
615F4920
635F6464
63203B67
63203A70
725F706D
725F3173
203B3273
3A6E6962
37326220
74220022
3A747365
33393220
6763203B
5F49203A
5F646461
203B6763
203A7063
5F706D63
5F317372
3B327372
6E696220
3262203A
22002238
74736574
3932203A
63203B34
49203A67
6464615F
3B67635F
3A706320
706D6320
3173725F
3273725F
6962203B
62203A6E
00223932
73657422
32203A74
203B3539
203A6763
64615F49
67635F64
7063203B
6D63203A
73725F70
73725F31
62203B32
203A6E69
22303362
65742200
203A7473
3B363932
3A676320
615F4920
635F6464
63203B67
63203A70
725F706D
725F3173
203B3273
3A6E6962
31336220
74220022
3A747365
37393220
6763203B
5F49203A
5F646461
203B6763
203A7063
5F706D63
725F6472
203B3173
3A6E6962
22306220
65742200
203A7473
3B383932
3A676320
615F4920
635F6464
63203B67
63203A70
725F706D
73725F64
62203B31
203A6E69
00223162
73657422
32203A74
203B3939
203A6763
64615F49
67635F64
7063203B
6D63203A
64725F70
3173725F
6962203B
62203A6E
22002232
74736574
3033203A
63203B30
49203A67
6464615F
3B67635F
3A706320
706D6320
5F64725F
3B317372
6E696220
3362203A
74220022
3A747365
31303320
6763203B
5F49203A
5F646461
203B6763
203A7063
5F706D63
725F6472
203B3173
3A6E6962
22346220
65742200
203A7473
3B323033
3A676320
615F4920
635F6464
63203B67
63203A70
725F706D
73725F64
62203B31
203A6E69
00223562
73657422
33203A74
203B3330
203A6763
64615F49
67635F64
7063203B
6D63203A
64725F70
3173725F
6962203B
62203A6E
22002236
74736574
3033203A
63203B34
49203A67
6464615F
3B67635F
3A706320
706D6320
5F64725F
3B317372
6E696220
3762203A
74220022
3A747365
35303320
6763203B
5F49203A
5F646461
203B6763
203A7063
5F706D63
725F6472
203B3173
3A6E6962
22386220
65742200
203A7473
3B363033
3A676320
615F4920
635F6464
63203B67
63203A70
725F706D
73725F64
62203B31
203A6E69
00223962
73657422
33203A74
203B3730
203A6763
64615F49
67635F64
7063203B
6D63203A
64725F70
3173725F
6962203B
62203A6E
00223031
73657422
33203A74
203B3830
203A6763
64615F49
67635F64
7063203B
6D63203A
64725F70
3173725F
6962203B
62203A6E
00223131
73657422
33203A74
203B3930
203A6763
64615F49
67635F64
7063203B
6D63203A
64725F70
3173725F
6962203B
62203A6E
00223231
73657422
33203A74
203B3031
203A6763
64615F49
67635F64
7063203B
6D63203A
64725F70
3173725F
6962203B
62203A6E
00223331
73657422
33203A74
203B3131
203A6763
64615F49
67635F64
7063203B
6D63203A
64725F70
3173725F
6962203B
62203A6E
00223431
73657422
33203A74
203B3231
203A6763
64615F49
67635F64
7063203B
6D63203A
64725F70
3173725F
6962203B
62203A6E
00223531
73657422
33203A74
203B3331
203A6763
64615F49
67635F64
7063203B
6D63203A
64725F70
3173725F
6962203B
62203A6E
00223631
73657422
33203A74
203B3431
203A6763
64615F49
67635F64
7063203B
6D63203A
64725F70
3173725F
6962203B
62203A6E
00223731
73657422
33203A74
203B3531
203A6763
64615F49
67635F64
7063203B
6D63203A
64725F70
3173725F
6962203B
62203A6E
00223831
73657422
33203A74
203B3631
203A6763
64615F49
67635F64
7063203B
6D63203A
64725F70
3173725F
6962203B
62203A6E
00223931
73657422
33203A74
203B3731
203A6763
64615F49
67635F64
7063203B
6D63203A
64725F70
3173725F
6962203B
62203A6E
00223032
73657422
33203A74
203B3831
203A6763
64615F49
67635F64
7063203B
6D63203A
64725F70
3173725F
6962203B
62203A6E
00223132
73657422
33203A74
203B3931
203A6763
64615F49
67635F64
7063203B
6D63203A
64725F70
3173725F
6962203B
62203A6E
00223232
73657422
33203A74
203B3032
203A6763
64615F49
67635F64
7063203B
6D63203A
64725F70
3173725F
6962203B
62203A6E
00223332
73657422
33203A74
203B3132
203A6763
64615F49
67635F64
7063203B
6D63203A
64725F70
3173725F
6962203B
62203A6E
00223432
73657422
33203A74
203B3232
203A6763
64615F49
67635F64
7063203B
6D63203A
64725F70
3173725F
6962203B
62203A6E
00223532
73657422
33203A74
203B3332
203A6763
64615F49
67635F64
7063203B
6D63203A
64725F70
3173725F
6962203B
62203A6E
00223632
73657422
33203A74
203B3432
203A6763
64615F49
67635F64
7063203B
6D63203A
64725F70
3173725F
6962203B
62203A6E
00223732
73657422
33203A74
203B3532
203A6763
64615F49
67635F64
7063203B
6D63203A
64725F70
3173725F
6962203B
62203A6E
00223832
73657422
33203A74
203B3632
203A6763
64615F49
67635F64
7063203B
6D63203A
64725F70
3173725F
6962203B
62203A6E
00223932
73657422
33203A74
203B3732
203A6763
64615F49
67635F64
7063203B
6D63203A
64725F70
3173725F
6962203B
62203A6E
00223033
73657422
33203A74
203B3832
203A6763
64615F49
67635F64
7063203B
6D63203A
64725F70
3173725F
6962203B
62203A6E
00223133
73657422
33203A74
203B3932
203A6763
64615F49
67635F64
7063203B
6D63203A
64725F70
3273725F
6962203B
62203A6E
22002230
74736574
3333203A
63203B30
49203A67
6464615F
3B67635F
3A706320
706D6320
5F64725F
3B327372
6E696220
3162203A
74220022
3A747365
31333320
6763203B
5F49203A
5F646461
203B6763
203A7063
5F706D63
725F6472
203B3273
3A6E6962
22326220
65742200
203A7473
3B323333
3A676320
615F4920
635F6464
63203B67
63203A70
725F706D
73725F64
62203B32
203A6E69
00223362
73657422
33203A74
203B3333
203A6763
64615F49
67635F64
7063203B
6D63203A
64725F70
3273725F
6962203B
62203A6E
22002234
74736574
3333203A
63203B34
49203A67
6464615F
3B67635F
3A706320
706D6320
5F64725F
3B327372
6E696220
3562203A
74220022
3A747365
35333320
6763203B
5F49203A
5F646461
203B6763
203A7063
5F706D63
725F6472
203B3273
3A6E6962
22366220
65742200
203A7473
3B363333
3A676320
615F4920
635F6464
63203B67
63203A70
725F706D
73725F64
62203B32
203A6E69
00223762
73657422
33203A74
203B3733
203A6763
64615F49
67635F64
7063203B
6D63203A
64725F70
3273725F
6962203B
62203A6E
22002238
74736574
3333203A
63203B38
49203A67
6464615F
3B67635F
3A706320
706D6320
5F64725F
3B327372
6E696220
3962203A
74220022
3A747365
39333320
6763203B
5F49203A
5F646461
203B6763
203A7063
5F706D63
725F6472
203B3273
3A6E6962
30316220
74220022
3A747365
30343320
6763203B
5F49203A
5F646461
203B6763
203A7063
5F706D63
725F6472
203B3273
3A6E6962
31316220
74220022
3A747365
31343320
6763203B
5F49203A
5F646461
203B6763
203A7063
5F706D63
725F6472
203B3273
3A6E6962
32316220
74220022
3A747365
32343320
6763203B
5F49203A
5F646461
203B6763
203A7063
5F706D63
725F6472
203B3273
3A6E6962
33316220
74220022
3A747365
33343320
6763203B
5F49203A
5F646461
203B6763
203A7063
5F706D63
725F6472
203B3273
3A6E6962
34316220
74220022
3A747365
34343320
6763203B
5F49203A
5F646461
203B6763
203A7063
5F706D63
725F6472
203B3273
3A6E6962
35316220
74220022
3A747365
35343320
6763203B
5F49203A
5F646461
203B6763
203A7063
5F706D63
725F6472
203B3273
3A6E6962
36316220
74220022
3A747365
36343320
6763203B
5F49203A
5F646461
203B6763
203A7063
5F706D63
725F6472
203B3273
3A6E6962
37316220
74220022
3A747365
37343320
6763203B
5F49203A
5F646461
203B6763
203A7063
5F706D63
725F6472
203B3273
3A6E6962
38316220
74220022
3A747365
38343320
6763203B
5F49203A
5F646461
203B6763
203A7063
5F706D63
725F6472
203B3273
3A6E6962
39316220
74220022
3A747365
39343320
6763203B
5F49203A
5F646461
203B6763
203A7063
5F706D63
725F6472
203B3273
3A6E6962
30326220
74220022
3A747365
30353320
6763203B
5F49203A
5F646461
203B6763
203A7063
5F706D63
725F6472
203B3273
3A6E6962
31326220
74220022
3A747365
31353320
6763203B
5F49203A
5F646461
203B6763
203A7063
5F706D63
725F6472
203B3273
3A6E6962
32326220
74220022
3A747365
32353320
6763203B
5F49203A
5F646461
203B6763
203A7063
5F706D63
725F6472
203B3273
3A6E6962
33326220
74220022
3A747365
33353320
6763203B
5F49203A
5F646461
203B6763
203A7063
5F706D63
725F6472
203B3273
3A6E6962
34326220
74220022
3A747365
34353320
6763203B
5F49203A
5F646461
203B6763
203A7063
5F706D63
725F6472
203B3273
3A6E6962
35326220
74220022
3A747365
35353320
6763203B
5F49203A
5F646461
203B6763
203A7063
5F706D63
725F6472
203B3273
3A6E6962
36326220
74220022
3A747365
36353320
6763203B
5F49203A
5F646461
203B6763
203A7063
5F706D63
725F6472
203B3273
3A6E6962
37326220
74220022
3A747365
37353320
6763203B
5F49203A
5F646461
203B6763
203A7063
5F706D63
725F6472
203B3273
3A6E6962
38326220
74220022
3A747365
38353320
6763203B
5F49203A
5F646461
203B6763
203A7063
5F706D63
725F6472
203B3273
3A6E6962
39326220
74220022
3A747365
39353320
6763203B
5F49203A
5F646461
203B6763
203A7063
5F706D63
725F6472
203B3273
3A6E6962
30336220
74220022
3A747365
30363320
6763203B
5F49203A
5F646461
203B6763
203A7063
5F706D63
725F6472
203B3273
3A6E6962
31336220
74220022
3A747365
31363320
6763203B
5F49203A
5F646461
203B6763
203A7063
5F706D63
725F6472
725F3173
203B3273
3A6E6962
22306220
65742200
203A7473
3B323633
3A676320
615F4920
635F6464
63203B67
63203A70
725F706D
73725F64
73725F31
62203B32
203A6E69
00223162
73657422
33203A74
203B3336
203A6763
64615F49
67635F64
7063203B
6D63203A
64725F70
3173725F
3273725F
6962203B
62203A6E
22002232
74736574
3633203A
63203B34
49203A67
6464615F
3B67635F
3A706320
706D6320
5F64725F
5F317372
3B327372
6E696220
3362203A
74220022
3A747365
35363320
6763203B
5F49203A
5F646461
203B6763
203A7063
5F706D63
725F6472
725F3173
203B3273
3A6E6962
22346220
65742200
203A7473
3B363633
3A676320
615F4920
635F6464
63203B67
63203A70
725F706D
73725F64
73725F31
62203B32
203A6E69
00223562
73657422
33203A74
203B3736
203A6763
64615F49
67635F64
7063203B
6D63203A
64725F70
3173725F
3273725F
6962203B
62203A6E
22002236
74736574
3633203A
63203B38
49203A67
6464615F
3B67635F
3A706320
706D6320
5F64725F
5F317372
3B327372
6E696220
3762203A
74220022
3A747365
39363320
6763203B
5F49203A
5F646461
203B6763
203A7063
5F706D63
725F6472
725F3173
203B3273
3A6E6962
22386220
65742200
203A7473
3B303733
3A676320
615F4920
635F6464
63203B67
63203A70
725F706D
73725F64
73725F31
62203B32
203A6E69
00223962
73657422
33203A74
203B3137
203A6763
64615F49
67635F64
7063203B
6D63203A
64725F70
3173725F
3273725F
6962203B
62203A6E
00223031
73657422
33203A74
203B3237
203A6763
64615F49
67635F64
7063203B
6D63203A
64725F70
3173725F
3273725F
6962203B
62203A6E
00223131
73657422
33203A74
203B3337
203A6763
64615F49
67635F64
7063203B
6D63203A
64725F70
3173725F
3273725F
6962203B
62203A6E
00223231
73657422
33203A74
203B3437
203A6763
64615F49
67635F64
7063203B
6D63203A
64725F70
3173725F
3273725F
6962203B
62203A6E
00223331
73657422
33203A74
203B3537
203A6763
64615F49
67635F64
7063203B
6D63203A
64725F70
3173725F
3273725F
6962203B
62203A6E
00223431
73657422
33203A74
203B3637
203A6763
64615F49
67635F64
7063203B
6D63203A
64725F70
3173725F
3273725F
6962203B
62203A6E
00223531
73657422
33203A74
203B3737
203A6763
64615F49
67635F64
7063203B
6D63203A
64725F70
3173725F
3273725F
6962203B
62203A6E
00223631
73657422
33203A74
203B3837
203A6763
64615F49
67635F64
7063203B
6D63203A
64725F70
3173725F
3273725F
6962203B
62203A6E
00223731
73657422
33203A74
203B3937
203A6763
64615F49
67635F64
7063203B
6D63203A
64725F70
3173725F
3273725F
6962203B
62203A6E
00223831
73657422
33203A74
203B3038
203A6763
64615F49
67635F64
7063203B
6D63203A
64725F70
3173725F
3273725F
6962203B
62203A6E
00223931
73657422
33203A74
203B3138
203A6763
64615F49
67635F64
7063203B
6D63203A
64725F70
3173725F
3273725F
6962203B
62203A6E
00223032
73657422
33203A74
203B3238
203A6763
64615F49
67635F64
7063203B
6D63203A
64725F70
3173725F
3273725F
6962203B
62203A6E
00223132
73657422
33203A74
203B3338
203A6763
64615F49
67635F64
7063203B
6D63203A
64725F70
3173725F
3273725F
6962203B
62203A6E
00223232
73657422
33203A74
203B3438
203A6763
64615F49
67635F64
7063203B
6D63203A
64725F70
3173725F
3273725F
6962203B
62203A6E
00223332
73657422
33203A74
203B3538
203A6763
64615F49
67635F64
7063203B
6D63203A
64725F70
3173725F
3273725F
6962203B
62203A6E
00223432
73657422
33203A74
203B3638
203A6763
64615F49
67635F64
7063203B
6D63203A
64725F70
3173725F
3273725F
6962203B
62203A6E
00223532
73657422
33203A74
203B3738
203A6763
64615F49
67635F64
7063203B
6D63203A
64725F70
3173725F
3273725F
6962203B
62203A6E
00223632
73657422
33203A74
203B3838
203A6763
64615F49
67635F64
7063203B
6D63203A
64725F70
3173725F
3273725F
6962203B
62203A6E
00223732
73657422
33203A74
203B3938
203A6763
64615F49
67635F64
7063203B
6D63203A
64725F70
3173725F
3273725F
6962203B
62203A6E
00223832
73657422
33203A74
203B3039
203A6763
64615F49
67635F64
7063203B
6D63203A
64725F70
3173725F
3273725F
6962203B
62203A6E
00223932
73657422
33203A74
203B3139
203A6763
64615F49
67635F64
7063203B
6D63203A
64725F70
3173725F
3273725F
6962203B
62203A6E
00223033
73657422
33203A74
203B3239
203A6763
64615F49
67635F64
7063203B
6D63203A
64725F70
3173725F
3273725F
6962203B
62203A6E
00223133
00000000
00000000
00000000
BAAAAAAD
BAAAAAAD
BAAAAAAD
BAAAAAAD
BAAAAAAD
BAAAAAAD
BAAAAAAD
BAAAAAAD
BAAAAAAD
BAAAAAAD
BAAAAAAD
BAAAAAAD
BAAAAAAD
BAAAAAAD
BAAAAAAD
BAAAAAAD
BAAAAAAD
BAAAAAAD
BAAAAAAD
BAAAAAAD
BAAAAAAD
BAAAAAAD
BAAAAAAD
BAAAAAAD
BAAAAAAD
BAAAAAAD
BAAAAAAD
BAAAAAAD
BAAAAAAD
BAAAAAAD
BAAAAAAD
BAAAAAAD
BAAAAAAD
BAAAAAAD
BAAAAAAD
BAAAAAAD
BAAAAAAD
BAAAAAAD
BAAAAAAD
BAAAAAAD
BAAAAAAD
BAAAAAAD
BAAAAAAD
BAAAAAAD
BAAAAAAD
BAAAAAAD
BAAAAAAD
BAAAAAAD
BAAAAAAD
BAAAAAAD
BAAAAAAD
BAAAAAAD
BAAAAAAD
BAAAAAAD
BAAAAAAD
BAAAAAAD
BAAAAAAD
BAAAAAAD
BAAAAAAD
BAAAAAAD
BAAAAAAD
BAAAAAAD
BAAAAAAD
BAAAAAAD
FEEDF00D
BAAAAAAD
BAAAAAAD
BAAAAAAD
BAAAAAAD
BAAAAAAD
BAAAAAAD
BAAAAAAD
BAAAAAAD
BAAAAAAD
00000000
00000000
00000000
00000000
00000000
00000000
00000000
00000000
00000000
00000000
00000000
00000000
00000000
00000000
00000000
00000000
00000000
00000000
00000000
00000000
00000000
00000000
00000000
00000000
00000000
00000000
8000F4C0
8000F4E0
8000F4FA
8000F50F
8000F51B
8000F534
8000F547
8000F565
8000F57D
8000F59B
8000F5B9
8000F5D8
8000F5F6
8000F60E
8000F61F
8000F62E
8000F644
8000F651
8000F660
8000F670
8000F680
8000F69E
8000F6B5
8000F6CA
8000F6E6
8000F6FE
8000F71D
8000F744
8000F760
8000F778
8000F794
8000F7B8
8000F7D1
8000F7E9
8000F808
8000F82F
8000F84B
8000F870
8000F88C
8000F8A5
74736E49
74637572
206E6F69
72646461
20737365
6173696D
6E67696C
000A6465
74736E49
74637572
206E6F69
65636361
66207373
746C7561
6C49000A
6167656C
6E69206C
75727473
6F697463
42000A6E
6B616572
6E696F70
4C000A74
2064616F
72646461
20737365
6173696D
6E67696C
000A6465
64616F4C
63636120
20737365
6C756166
53000A74
65726F74
4F4D412F
64646120
73736572
73696D20
67696C61
0A64656E
6F745300
412F6572
61204F4D
73656363
61662073
0A746C75
766E4500
6E6F7269
746E656D
6C616320
7266206C
55206D6F
646F6D2D
45000A65
7269766E
656D6E6F
6320746E
206C6C61
6D6F7266
6D2D5320
0A65646F
766E4500
6E6F7269
746E656D
6C616320
7266206C
56206D6F
6F6D2D53
000A6564
69766E45
6D6E6F72
20746E65
6C6C6163
6F726620
2D4D206D
65646F6D
6E49000A
75727473
6F697463
6170206E
66206567
746C7561
6F4C000A
70206461
20656761
6C756166
52000A74
72657365
20646576
29343128
7453000A
2F65726F
204F4D41
65676170
75616620
000A746C
62756F44
7420656C
0A706172
73655200
65767265
31282064
000A2937
74666F53
65726177
65686320
000A6B63
64726148
65726177
72726520
000A726F
74736E49
74637572
206E6F69
73657567
61702D74
66206567
746C7561
6F4C000A
67206461
74736575
6761702D
61662065
0A746C75
72695600
6C617574
736E6920
63757274
6E6F6974
7453000A
2F65726F
204F4D41
73657567
61702D74
66206567
746C7561
6552000A
76726573
69206465
7265746E
74707572
29302820
7553000A
76726570
726F7369
666F7320
72617774
6E692065
72726574
0A747075
72695600
6C617574
70757320
69767265
20726F73
74666F73
65726177
746E6920
75727265
000A7470
6863614D
20656E69
74666F73
65726177
746E6920
75727265
000A7470
65736552
64657672
746E6920
75727265
28207470
000A2934
65707553
73697672
7420726F
72656D69
746E6920
75727265
000A7470
74726956
206C6175
65707573
73697672
7420726F
72656D69
746E6920
75727265
000A7470
6863614D
20656E69
656D6974
6E692072
72726574
0A747075
73655200
65767265
6E692064
72726574
20747075
0A293828
70755300
69767265
20726F73
65747865
6C616E72
746E6920
75727265
000A7470
74726956
206C6175
65707573
73697672
6520726F
72657478
206C616E
65746E69
70757272
4D000A74
69686361
6520656E
72657478
206C616E
65746E69
70757272
53000A74
72657075
6F736976
75672072
20747365
65747865
6C616E72
746E6920
75727265
000A7470
6E756F43
20726574
7265766F
776F6C66
746E6920
75727265
000A7470
65736552
64657672
746E6920
75727265
28207470
0A293431
73655200
65767265
6E692064
72726574
20747075
29353128
6E55000A
776F6E6B
75632F6E
6D6F7473
75616320
000A6573
4356520A
55532D50
52414D4D
54203A59
20545345
53534150
2D204445
73655420
69462074
2220656C
64612D49
30302D64
0A22532E
520A000A
2D504356
4D4D5553
3A595241
53455420
41462054
44454C49
54202D20
20747365
656C6946
2D492220
2D646461
532E3030
0A000A22
50435652
4544203A
20475542
4F464E49
54414D52
204E4F49
4C4C4F46
0A53574F
68542200
72742065
68207061
6C646E61
61207265
74726F62
74206465
74206568
20747365
6F666562
6E206572
616D726F
6F63206C
656C706D
6E6F6974
0A002221
50435652
7254203A
73207061
616E6769
65727574
65766F20
6F6C6672
6E692077
6C657320
68632D66
206B6365
65646F6D
5544202E
65672054
6172656E
20646574
206F6F74
796E616D
61727420
202E7370
20202020
5652000A
203A5043
74736554
666E4920
00203A6F
5652000A
203A5043
74736E49
74637572
3A6E6F69
56520020
203A5043
72707041
6D69786F
20657461
72646461
20737365
69616628
6572756C
79616D20
20656220
67696C73
796C7468
74666120
74207265
29736968
5200203A
3A504356
64644120
73736572
20666F20
74736E69
74637572
206E6F69
74616874
61727420
64657070
45582820
3A294350
56520020
203A5043
74736E49
74637572
206E6F69
74616874
61727420
64657070
5200203A
3A504356
50455820
20203A43
52002020
3A504356
41435820
3A455355
52002020
3A504356
56545820
203A4C41
52002020
3A504356
54535820
53555441
2200203A
70617254
756F6320
6D20746E
616D7369
2E686374
4D220022
616D7369
20686374
74206E69
20706172
6E676973
72757461
54202165
20706172
20736177
6E696562
61682067
656C646E
6E692064
4D2D4D20
2E65646F
4D220022
616D7369
20686374
74206E69
20706172
6E676973
72757461
54202165
20706172
20736177
6E696562
61682067
656C646E
6E692064
4D2D5320
2E65646F
4D220022
616D7369
20686374
74206E69
20706172
6E676973
72757461
54202165
20706172
20736177
6E696562
61682067
656C646E
6E692064
2D534820
65646F4D
2200222E
6D73694D
68637461
206E6920
70617274
67697320
7574616E
20216572
70617254
73617720
69656220
6820676E
6C646E61
69206465
5356206E
646F4D2D
00222E65
73694D22
6374616D
6E692068
61636D20
20657375
756C6176
54202165
20706172
20736177
6E696562
61682067
656C646E
6E692064
4D2D4D20
2E65646F
4D220022
616D7369
20686374
73206E69
73756163
61762065
2165756C
61725420
61772070
65622073
20676E69
646E6168
2064656C
53206E69
646F4D2D
00222E65
73694D22
6374616D
6E692068
61637320
20657375
756C6176
54202165
20706172
20736177
6E696562
61682067
656C646E
6E692064
2D534820
65646F4D
2200222E
6D73694D
68637461
206E6920
61637376
20657375
756C6176
54202165
20706172
20736177
6E696562
61682067
656C646E
6E692064
2D535620
65646F4D
2200222E
6D73694D
68637461
206E6920
6370656D
6C617620
20216575
70617254
73617720
69656220
6820676E
6C646E61
69206465
2D4D206E
65646F4D
2200222E
6D73694D
68637461
206E6920
63706573
6C617620
20216575
70617254
73617720
69656220
6820676E
6C646E61
69206465
2D53206E
65646F4D
2200222E
6D73694D
68637461
206E6920
63706573
6C617620
20216575
70617254
73617720
69656220
6820676E
6C646E61
69206465
5348206E
646F4D2D
00222E65
73694D22
6374616D
6E692068
65737620
76206370
65756C61
72542021
77207061
62207361
676E6965
6E616820
64656C64
206E6920
4D2D5356
2E65646F
4D220022
616D7369
20686374
6D206E69
6C617674
6C617620
20216575
70617254
73617720
69656220
6820676E
6C646E61
69206465
2D4D206E
65646F4D
2200222E
6D73694D
68637461
206E6920
61767473
6176206C
2165756C
61725420
61772070
65622073
20676E69
646E6168
2064656C
53206E69
646F4D2D
00222E65
73694D22
6374616D
6E692068
76747320
76206C61
65756C61
72542021
77207061
62207361
676E6965
6E616820
64656C64
206E6920
4D2D5348
2E65646F
4D220022
616D7369
20686374
76206E69
61767473
6176206C
2165756C
61725420
61772070
65622073
20676E69
646E6168
2064656C
56206E69
6F4D2D53
222E6564
694D2200
74616D73
69206863
746D206E
326C6176
6C617620
20216575
70617254
73617720
69656220
6820676E
6C646E61
69206465
2D4D206E
65646F4D
2200222E
6D73694D
68637461
206E6920
6E69746D
76207473
65756C61
72542021
77207061
62207361
676E6965
6E616820
64656C64
206E6920
6F4D2D4D
222E6564
694D2200
74616D73
69206863
696D206E
61762070
2165756C
61725420
61772070
65622073
20676E69
646E6168
2064656C
4D206E69
646F4D2D
00222E65
73694D22
6374616D
6E692068
70697320
6C617620
20216575
70617254
73617720
69656220
6820676E
6C646E61
69206465
2D53206E
65646F4D
2200222E
6D73694D
68637461
206E6920
20706968
756C6176
54202165
20706172
20736177
6E696562
61682067
656C646E
6E692064
2D534820
65646F4D
2200222E
6D73694D
68637461
206E6920
70697376
6C617620
20216575
70617254
73617720
69656220
6820676E
6C646E61
69206465
5356206E
646F4D2D
00222E65
73694D22
6374616D
6E692068
63616D20
656E6968
74786520
616E7265
6E69206C
72726574
20747075
20214449
70617254
73617720
69656220
6820676E
6C646E61
69206465
2D4D206E
65646F4D
2200222E
6D73694D
68637461
206E6920
65707573
73697672
6520726F
72657478
206C616E
65746E69
70757272
44492074
72542021
77207061
62207361
676E6965
6E616820
64656C64
206E6920
6F4D2D4D
222E6564
694D2200
74616D73
69206863
6976206E
61757472
7573206C
76726570
726F7369
74786520
616E7265
6E69206C
72726574
20747075
20214449
70617254
73617720
69656220
6820676E
6C646E61
69206465
2D4D206E
65646F4D
2200222E
6D73694D
68637461
206E6920
6863616D
20656E69
65747865
6C616E72
746E6920
75727265
49207470
54202144
20706172
20736177
6E696562
61682067
656C646E
6E692064
4D2D5320
2E65646F
4D220022
616D7369
20686374
73206E69
72657075
6F736976
78652072
6E726574
69206C61
7265746E
74707572
21444920
61725420
61772070
65622073
20676E69
646E6168
2064656C
53206E69
646F4D2D
00222E65
73694D22
6374616D
6E692068
72697620
6C617574
70757320
69767265
20726F73
65747865
6C616E72
746E6920
75727265
49207470
54202144
20706172
20736177
6E696562
61682067
656C646E
6E692064
4D2D5320
2E65646F
4D220022
616D7369
20686374
6D206E69
69686361
6520656E
72657478
206C616E
65746E69
70757272
44492074
72542021
77207061
62207361
676E6965
6E616820
64656C64
206E6920
4D2D5348
2E65646F
4D220022
616D7369
20686374
73206E69
72657075
6F736976
78652072
6E726574
69206C61
7265746E
74707572
21444920
61725420
61772070
65622073
20676E69
646E6168
2064656C
48206E69
6F4D2D53
222E6564
694D2200
74616D73
69206863
6976206E
61757472
7573206C
76726570
726F7369
74786520
616E7265
6E69206C
72726574
20747075
20214449
70617254
73617720
69656220
6820676E
6C646E61
69206465
5348206E
646F4D2D
00222E65
73694D22
6374616D
6E692068
63616D20
656E6968
74786520
616E7265
6E69206C
72726574
20747075
20214449
70617254
73617720
69656220
6820676E
6C646E61
69206465
5356206E
646F4D2D
00222E65
73694D22
6374616D
6E692068
70757320
69767265
20726F73
65747865
6C616E72
746E6920
75727265
49207470
54202144
20706172
20736177
6E696562
61682067
656C646E
6E692064
2D535620
65646F4D
2200222E
6D73694D
68637461
206E6920
74726976
206C6175
65707573
73697672
6520726F
72657478
206C616E
65746E69
70757272
44492074
72542021
77207061
62207361
676E6965
6E616820
64656C64
206E6920
4D2D5356
2E65646F
78760022
0A746173
43565200
52203A50
73696765
3A726574
56520020
203A5043
20646142
756C6156
20203A65
20202020
43565200
45203A50
63657078
20646574
756C6156
00203A65
50435652
7845203A
74636570
76206465
65756C61
616E7520
6C696176
656C6261
6572203A
736E6F63
63757274
20646574
6E676973
72757461
6F6C2065
69206461
6F6E2073
524C2074
202E4745
20776152
74736E69
74637572
3A6E6F69
56520020
203A5043
65707845
64657463
6C617620
75206575
6176616E
62616C69
203A656C
6F636572
7274736E
65746375
69732064
74616E67
20657275
6E696F70
20726574
69207369
6C61766E
202E6469
6E696F50
3A726574
56520020
203A5043
20444E45
4420464F
47554245
464E4920
414D524F
4E4F4954
66000A0A
67616C66
54000A73
63747365
20657361
6E676973
72757461
61632065
7972616E
73696D20
6374616D
52002168
3A504356
3D3D3D20
54203D3D
20504152
4C494146
20455255
47414944
54534F4E
20534349
3D3D3D3D
52000A3D
3A504356
69614620
6572756C
5200203A
3A504356
70784520
65746365
72742064
73207061
616E6769
65727574
74796220
6F632065
3A746E75
56520020
203A5043
75746341
74206C61
20706172
6E676973
72757461
79622065
63206574
746E756F
2020203A
20202020
43565200
44203A50
4E474149
5349534F
5544203A
65722054
64726F63
45206465
41525458
61727420
0A2E7370
43565200
44203A50
4E474149
5349534F
5544203A
65722054
64726F63
46206465
52455745
61727420
28207370
7373696D
20676E69
70617274
0A2E2973
43565200
54203A50
20706172
6E676973
72757461
79622065
64206574
65666669
636E6572
00203A65
50435652
4948203A
203A544E
72747845
72742061
20737061
2079616D
69646E69
65746163
7073203A
6F697275
69207375
7265746E
74707572
69202C73
726F636E
74636572
63786520
69747065
520A6E6F
3A504356
20202020
64202020
67656C65
6F697461
77202C6E
676E6F72
69727020
656C6976
6D206567
2065646F
69207461
7274736E
69746375
65206E6F
75636578
6E6F6974
726F202C
0A6E6120
50435652
2020203A
20202020
74736E69
74637572
206E6F69
73756163
20676E69
61662061
20746C75
74616874
6F687320
20646C75
20746F6E
6C756166
6E6F2074
69687420
55442073
000A2E54
50435652
4948203A
203A544E
7373694D
20676E69
70617274
616D2073
6E692079
61636964
203A6574
65637865
6F697470
6F6E206E
61722074
64657369
65687720
7865206E
74636570
0A2C6465
50435652
2020203A
20202020
6F636E69
63657272
53432074
74732052
20657461
76657270
69746E65
7420676E
20706172
672E6528
4978202E
69642045
6C626173
2C296465
61727420
56520A70
203A5043
20202020
65642020
6167656C
6E6F6974
75616320
676E6973
6E616820
72656C64
206E6920
6E6F7277
6F6D2067
202C6564
5020726F
702F504D
20656761
6C756166
696D2074
64657373
52000A2E
3A504356
61725420
61682070
656C646E
6F6D2072
203A6564
6D2D4D00
0A65646F
6D2D5300
0A65646F
2D534800
65646F6D
5356000A
646F6D2D
55000A65
6F6E6B6E
000A6E77
50435652
694D203A
74616D73
6E696863
69662067
3A646C65
65560020
726F7463
646F4D2B
74532B65
73757461
726F7720
74282064
20706172
6E676973
72757461
6F772065
30206472
58000A29
53554143
74282045
20706172
6E676973
72757461
6F772065
31206472
58000A29
20435045
61727428
69732070
74616E67
20657275
64726F77
0A293220
56545800
28204C41
70617274
67697320
7574616E
77206572
2064726F
000A2933
20504958
61727428
69732070
74616E67
20657275
64726F77
202C3220
65746E69
70757272
000A2974
4156544D
2820324C
70617274
67697320
7574616E
77206572
2064726F
68202C34
72657079
6F736976
000A2972
4E49544D
28205453
70617274
67697320
7574616E
77206572
2064726F
68202C35
72657079
6F736976
000A2972
65747845
6C616E72
746E4920
75727265
49207470
74282044
20706172
6E676973
72757461
6F772065
33206472
55000A29
6F6E6B6E
66206E77
646C6569
5652000A
203A5043
65707845
64657463
6C617620
203A6575
43565200
41203A50
61757463
6176206C
3A65756C
00202020
50435652
7845203A
74636570
63206465
65737561
5200203A
3A504356
74634120
206C6175
73756163
20203A65
56520020
203A5043
72727543
20746E65
4350454D
2020203A
43565200
55203A50
6365726E
696E676F
2064657A
70617274
69616620
6572756C
6E6F6320
74786574
7250202E
69746E69
6120676E
6C696176
656C6261
52534320
61747320
0A3A6574
43565200
48203A50
3A544E49
63655620
2B726F74
65646F4D
726F7720
696D2064
74616D73
6D206863
69207961
6369646E
3A657461
61727420
61682070
656C646E
6E692064
6F727720
520A676E
3A504356
20202020
70202020
69766972
6567656C
646F6D20
63282065
6B636568
64656D20
67656C65
64696D2F
67656C65
69202C29
726F636E
74636572
74736D20
73757461
65696620
0A73646C
50435652
2020203A
20202020
50504D28
5050532F
56504D2F
6F202C29
72772072
20676E6F
74636576
6465726F
746E6920
75727265
65207470
7972746E
52000A2E
3A504356
4E494820
58203A54
53554143
696D2045
74616D73
6D206863
736E6165
64206120
65666669
746E6572
63786520
69747065
6F206E6F
6E692072
72726574
20747075
65707974
73617720
4356520A
20203A50
20202020
73626F20
65767265
43202E64
6B636568
6E69203A
75727473
6F697463
6E65206E
69646F63
6320676E
6572726F
656E7463
202C7373
20525343
65636361
62697373
74696C69
56520A79
203A5043
20202020
74612020
72756320
746E6572
69727020
656C6976
202C6567
2F504D50
65676170
62617420
6320656C
69666E6F
61727567
6E6F6974
7865202C
736E6574
206E6F69
70707573
2E74726F
5652000A
203A5043
544E4948
4558203A
6D204350
616D7369
20686374
6E61656D
68742073
72742065
6F207061
72756363
20646572
61207461
66696420
65726566
6920746E
7274736E
69746375
0A2E6E6F
50435652
2020203A
20202020
73696854
756F6320
6920646C
6369646E
3A657461
66696420
65726566
6320746E
2065646F
6F79616C
28207475
6B6E696C
69207265
65757373
69202C29
7274736E
69746375
520A6E6F
3A504356
20202020
61202020
6E67696C
746E656D
66696420
65726566
2C65636E
20726F20
72702061
64656365
20676E69
74736E69
74637572
206E6F69
73756163
20676E69
75206E61
7078656E
65746365
72742064
0A2E7061
43565200
48203A50
3A544E49
56545820
6D204C41
616D7369
2E686374
726F4620
6C6C6920
6C616765
736E6920
63757274
6E6F6974
78202C73
6C617674
6F687320
20646C75
746E6F63
206E6961
0A656874
50435652
2020203A
20202020
74736E69
74637572
206E6F69
6F636E65
676E6964
726F2820
2E293020
726F4620
64646120
73736572
75616620
2C73746C
20746920
756F6873
6320646C
61746E6F
74206E69
520A6568
3A504356
20202020
66202020
746C7561
20676E69
72646461
2E737365
65684320
44206B63
73275455
76747820
72206C61
726F7065
676E6974
68656220
6F697661
000A2E72
50435652
4948203A
203A544E
20504958
6D73696D
68637461
61656D20
6920736E
7265746E
74707572
6E657020
676E6964
74696220
69642073
72656666
6843202E
3A6B6365
746E6920
75727265
520A7470
3A504356
20202020
63202020
72746E6F
656C6C6F
6F632072
6769666E
74617275
2C6E6F69
4D565220
4C45444F
746E6920
75727265
73207470
632F7465
7261656C
63616D20
2C736F72
6D697420
520A7265
3A504356
20202020
63202020
69666E6F
61727567
6E6F6974
746D2820
2F656D69
6D69746D
706D6365
61202C29
6420646E
67656C65
6F697461
6573206E
6E697474
0A2E7367
2D540A00
20494253
4F525245
72203A52
65757165
64657473
736E6920
63757274
6E6F6974
746F6E20
756F6620
6920646E
7374206E
695F6962
7274736E
6261745F
203A656C
00000000
00000000
00000000
6F5CA309
3D120729
18E6F1C8
7CDBBB1A
C70E0523
DA57F40F
83A3A84B
00000000
E7ADCCF8
EC777E2D
69D18C6E
8FB4BC1A
1783525A
AB087594
37FD47FE
D83EEDE4
9CD2D133
402BFD48
A7BEC2D5
622C423A
55FD2648
851CD3D0
4ECD5830
EC81B864
9E0DD004
D5B4A05D
268BCD28
BEB3A728
C6E3D967
FFD5F538
27DE3F8B
A343306D
A7F93B3D
3EAAE683
81BF6425
4A44A0C5
260E29AB
B3201F1C
03D23026
1484007A
D6CCF2A3
F09A2545
6784FEDF
5FF369E8
F19152FA
4E6FFEC2
9276A017
3CB5C165
BD2411EA
78F1D01F
E357D922
ABBDEC0F
0F3EFDF3
498F9382
CE73F833
BBE273DA
9B5B279B
67A20BA0
976F2F95
AEFE472B
56B9954E
48CEB8FB
77927535
E0AAEEAF
0223E0F7
00000000
95403AC9
2AAFD63B
B7F51759
31775E0C
B573A625
8B3E99BF
592D789F
54B49733
DED9CDE2
CB97444E
E52B86F3
9DA204B8
18FDAB72
E6375645
79666D89
AED1A007
0FB97A36
42DC512A
891DA93B
2DFC69F0
ECD489EB
E27AE73A
F2EBCAFF
B43F584B
F61853A8
621F0555
3F00490F
9392C115
AD4835E4
D36F9CE9
C091BF9E
C03744AA
E2F82791
73426DD0
23B9AE23
57F43370
94718A3C
8FB1F15F
0C446DC2
FA02B494
4A4ED8A7
2C57E03A
67B0E95C
F98291EE
92BE3F2C
30A1DAE6
F30A6AE4
9E214DD5
34DE2B94
EB0265A3
50ECE1CB
4BB5F25A
3413BB00
B00191CC
55E7C65C
00000000
00000001
00000002
80000000
80000001
7FFFFFFF
7FFFFFFE
FFFFFFFF
FFFFFFFE
5BBC8872
AAAAAAAA
55555555
00000001
00000002
00000003
80000001
80000002
80000000
7FFFFFFF
00000000
FFFFFFFF
5BBC8873
AAAAAAAB
55555556
00000002
00000003
00000004
80000002
80000003
80000001
80000000
00000001
00000000
5BBC8874
AAAAAAAC
55555557
80000000
80000001
80000002
00000000
00000001
FFFFFFFF
FFFFFFFE
7FFFFFFF
7FFFFFFE
DBBC8872
2AAAAAAA
D5555555
80000001
80000002
80000003
00000001
00000002
00000000
FFFFFFFF
80000000
7FFFFFFF
DBBC8873
2AAAAAAB
D5555556
7FFFFFFF
80000000
80000001
FFFFFFFF
00000000
FFFFFFFE
FFFFFFFD
7FFFFFFE
7FFFFFFD
DBBC8871
2AAAAAA9
D5555554
7FFFFFFE
7FFFFFFF
80000000
FFFFFFFE
FFFFFFFF
FFFFFFFD
FFFFFFFC
7FFFFFFD
7FFFFFFC
DBBC8870
2AAAAAA8
D5555553
FFFFFFFF
00000000
00000001
7FFFFFFF
80000000
7FFFFFFE
7FFFFFFD
FFFFFFFE
FFFFFFFD
5BBC8871
AAAAAAA9
55555554
FFFFFFFE
FFFFFFFF
00000000
7FFFFFFE
7FFFFFFF
7FFFFFFD
7FFFFFFC
FFFFFFFD
FFFFFFFC
5BBC8870
AAAAAAA8
55555553
5BBC8872
5BBC8873
5BBC8874
DBBC8872
DBBC8873
DBBC8871
DBBC8870
5BBC8871
5BBC8870
B77910E4
0667331C
B111DDC7
AAAAAAAA
AAAAAAAB
AAAAAAAC
2AAAAAAA
2AAAAAAB
2AAAAAA9
2AAAAAA8
AAAAAAA9
AAAAAAA8
0667331C
55555554
FFFFFFFF
55555555
55555556
55555557
D5555555
D5555556
D5555554
D5555553
55555554
55555553
B111DDC7
FFFFFFFF
AAAAAAAA
00000000
13B4A284
D562BEA0
4AB2AEE8
E4FB01F8
BFF9B27E
D84DE33E
00000000
44357614
615AD748
0DAD1010
3D667926
EF0E7850
E182538A
95F9F0AC
B7C7A012
E7A96ECC
C930569C
A9119080
8E3AB826
2A672BE6
C17EBA98
03611D94
1986BC80
9FAFF6EA
091D2CFE
A92A8B2C
2C8779F4
0F42AC44
CF9425CC
B8F10728
5278BF7A
00000000
4195B11F
79487C2D
3E1817A7
A7D19F53
51099310
68669BDA
94B8F92C
E9BC812B
CC517C90
0B2E6AA9
69BCFA6E
57D4FF11
7F28397A
187CA5A1
11ED2B5C
A0D28AEB
5E742AC2
85227E65
369FBABE
086B5E53
25068593
67B84E40
029340F2
92D28561
95A30B12
38008508
27791EE4
6BC6D567
C36B271D
9A3A8B2D
C6F99ED4
00000000
6B8E1784
2895270C
36756DED
5A19C166
0BED3109
10A726CC
B364FFC4
5B69674D
5149371A
776364E5
75CF26A4
14DF8FC6
8C02422A
6B2DDD1A
0399DD96
A71114A0
ECB60CA6
F7EA69BD
E71FB187
408D1052
38F3B97F
B949A707
072CBA99
FB192059
C1D870DE
6FB6B1E1
0C7259D3
1E23A361
4FFFBAC2
9C4B7C84
79DDD9BB
00000000
613E597C
52203F5E
BC8C6536
3F260B24
B9E09CDC
5EB91E58
D5085E90
4B36E430
99636EBA
5004C37E
0B4283C2
34D4EBD2
3FEF2D92
80D84652
6CE7D54C
BB86A384
87F34364
055A1DCA
75C782FA
EDC421D2
D64171A2
FE81AB5E
C72905BE
71918644
7939FBE6
CC2A8086
8A9DA2EC
FE217632
B3BBD9B2
188094CA
A861171E
DEADBEEF
DEADBEEF
DEADBEEF
DEADBEEF
DEADBEEF
DEADBEEF
DEADBEEF
DEADBEEF
DEADBEEF
DEADBEEF
7A110FF5
00000000
D3A91F6C
DEADBEEF
DEADBEEF
DEADBEEF
DEADBEEF
DEADBEEF
DEADBEEF
DEADBEEF
DEADBEEF
DEADBEEF
DEADBEEF
DEADBEEF
DEADBEEF
DEADBEEF
DEADBEEF
DEADBEEF
DEADBEEF
DEADBEEF
DEADBEEF
DEADBEEF
DEADBEEF
DEADBEEF
DEADBEEF
DEADBEEF
DEADBEEF
DEADBEEF
DEADBEEF
DEADBEEF
DEADBEEF
DEADBEEF
DEADBEEF
DEADBEEF
DEADBEEF
DEADBEEF
DEADBEEF
DEADBEEF
DEADBEEF
DEADBEEF
DEADBEEF
DEADBEEF
DEADBEEF
DEADBEEF
DEADBEEF
DEADBEEF
DEADBEEF
DEADBEEF
DEADBEEF
DEADBEEF
DEADBEEF
DEADBEEF
DEADBEEF
DEADBEEF
DEADBEEF
DEADBEEF
DEADBEEF
DEADBEEF
DEADBEEF
DEADBEEF
DEADBEEF
DEADBEEF
DEADBEEF
DEADBEEF
DEADBEEF
DEADBEEF
DEADBEEF
DEADBEEF
DEADBEEF
DEADBEEF
DEADBEEF
DEADBEEF
DEADBEEF
DEADBEEF
DEADBEEF
DEADBEEF
DEADBEEF
DEADBEEF
DEADBEEF
DEADBEEF
DEADBEEF
DEADBEEF
DEADBEEF
DEADBEEF
DEADBEEF
DEADBEEF
DEADBEEF
DEADBEEF
DEADBEEF
DEADBEEF
DEADBEEF
DEADBEEF
DEADBEEF
DEADBEEF
DEADBEEF
DEADBEEF
DEADBEEF
DEADBEEF
DEADBEEF
DEADBEEF
DEADBEEF
DEADBEEF
DEADBEEF
DEADBEEF
DEADBEEF
DEADBEEF
DEADBEEF
DEADBEEF
DEADBEEF
DEADBEEF
DEADBEEF
DEADBEEF
DEADBEEF
DEADBEEF
DEADBEEF
DEADBEEF
DEADBEEF
DEADBEEF
DEADBEEF
DEADBEEF
DEADBEEF
DEADBEEF
DEADBEEF
DEADBEEF
DEADBEEF
DEADBEEF
DEADBEEF
DEADBEEF
DEADBEEF
DEADBEEF
DEADBEEF
DEADBEEF
DEADBEEF
DEADBEEF
DEADBEEF
DEADBEEF
DEADBEEF
DEADBEEF
DEADBEEF
DEADBEEF
DEADBEEF
DEADBEEF
DEADBEEF
DEADBEEF
DEADBEEF
DEADBEEF
DEADBEEF
DEADBEEF
DEADBEEF
DEADBEEF
DEADBEEF
DEADBEEF
DEADBEEF
DEADBEEF
DEADBEEF
DEADBEEF
DEADBEEF
DEADBEEF
DEADBEEF
DEADBEEF
DEADBEEF
DEADBEEF
DEADBEEF
DEADBEEF
DEADBEEF
DEADBEEF
DEADBEEF
DEADBEEF
DEADBEEF
DEADBEEF
DEADBEEF
DEADBEEF
DEADBEEF
DEADBEEF
DEADBEEF
DEADBEEF
DEADBEEF
DEADBEEF
DEADBEEF
DEADBEEF
DEADBEEF
DEADBEEF
DEADBEEF
DEADBEEF
DEADBEEF
DEADBEEF
DEADBEEF
DEADBEEF
DEADBEEF
DEADBEEF
DEADBEEF
DEADBEEF
DEADBEEF
DEADBEEF
DEADBEEF
DEADBEEF
DEADBEEF
DEADBEEF
DEADBEEF
DEADBEEF
DEADBEEF
DEADBEEF
DEADBEEF
DEADBEEF
DEADBEEF
DEADBEEF
DEADBEEF
DEADBEEF
DEADBEEF
DEADBEEF
DEADBEEF
DEADBEEF
DEADBEEF
DEADBEEF
DEADBEEF
DEADBEEF
DEADBEEF
DEADBEEF
DEADBEEF
DEADBEEF
DEADBEEF
DEADBEEF
DEADBEEF
DEADBEEF
DEADBEEF
DEADBEEF
DEADBEEF
DEADBEEF
DEADBEEF
DEADBEEF
DEADBEEF
DEADBEEF
DEADBEEF
DEADBEEF
DEADBEEF
DEADBEEF
DEADBEEF
DEADBEEF
DEADBEEF
DEADBEEF
DEADBEEF
DEADBEEF
DEADBEEF
DEADBEEF
DEADBEEF
DEADBEEF
DEADBEEF
DEADBEEF
DEADBEEF
DEADBEEF
DEADBEEF
DEADBEEF
DEADBEEF
DEADBEEF
DEADBEEF
DEADBEEF
DEADBEEF
DEADBEEF
DEADBEEF
DEADBEEF
DEADBEEF
DEADBEEF
DEADBEEF
DEADBEEF
DEADBEEF
DEADBEEF
DEADBEEF
DEADBEEF
DEADBEEF
DEADBEEF
DEADBEEF
DEADBEEF
DEADBEEF
DEADBEEF
DEADBEEF
DEADBEEF
DEADBEEF
DEADBEEF
DEADBEEF
DEADBEEF
DEADBEEF
DEADBEEF
DEADBEEF
DEADBEEF
DEADBEEF
DEADBEEF
DEADBEEF
DEADBEEF
DEADBEEF
DEADBEEF
DEADBEEF
DEADBEEF
DEADBEEF
DEADBEEF
DEADBEEF
DEADBEEF
DEADBEEF
DEADBEEF
DEADBEEF
DEADBEEF
DEADBEEF
DEADBEEF
DEADBEEF
DEADBEEF
DEADBEEF
DEADBEEF
DEADBEEF
DEADBEEF
DEADBEEF
DEADBEEF
DEADBEEF
DEADBEEF
DEADBEEF
DEADBEEF
DEADBEEF
DEADBEEF
DEADBEEF
DEADBEEF
DEADBEEF
DEADBEEF
DEADBEEF
DEADBEEF
DEADBEEF
DEADBEEF
DEADBEEF
DEADBEEF
DEADBEEF
DEADBEEF
DEADBEEF
DEADBEEF
DEADBEEF
DEADBEEF
DEADBEEF
DEADBEEF
DEADBEEF
DEADBEEF
DEADBEEF
DEADBEEF
DEADBEEF
DEADBEEF
DEADBEEF
DEADBEEF
DEADBEEF
DEADBEEF
DEADBEEF
DEADBEEF
DEADBEEF
DEADBEEF
DEADBEEF
DEADBEEF
DEADBEEF
DEADBEEF
DEADBEEF
DEADBEEF
DEADBEEF
DEADBEEF
DEADBEEF
DEADBEEF
DEADBEEF
DEADBEEF
DEADBEEF
DEADBEEF
DEADBEEF
DEADBEEF
DEADBEEF
DEADBEEF
DEADBEEF
DEADBEEF
DEADBEEF
DEADBEEF
DEADBEEF
DEADBEEF
DEADBEEF
DEADBEEF
DEADBEEF
DEADBEEF
DEADBEEF
DEADBEEF
DEADBEEF
DEADBEEF
DEADBEEF
DEADBEEF
DEADBEEF
DEADBEEF
DEADBEEF
DEADBEEF
DEADBEEF
DEADBEEF
DEADBEEF
DEADBEEF
DEADBEEF
DEADBEEF
DEADBEEF
DEADBEEF
DEADBEEF
DEADBEEF
DEADBEEF
DEADBEEF
DEADBEEF
DEADBEEF
DEADBEEF
DEADBEEF
DEADBEEF
DEADBEEF
DEADBEEF
DEADBEEF
DEADBEEF
DEADBEEF
DEADBEEF
DEADBEEF
DEADBEEF
DEADBEEF
DEADBEEF
DEADBEEF
DEADBEEF
DEADBEEF
DEADBEEF
DEADBEEF
DEADBEEF
DEADBEEF
DEADBEEF
DEADBEEF
DEADBEEF
DEADBEEF
DEADBEEF
DEADBEEF
DEADBEEF
DEADBEEF
DEADBEEF
DEADBEEF
DEADBEEF
DEADBEEF
DEADBEEF
DEADBEEF
DEADBEEF
DEADBEEF
DEADBEEF
DEADBEEF
DEADBEEF
DEADBEEF
DEADBEEF
DEADBEEF
DEADBEEF
DEADBEEF
DEADBEEF
DEADBEEF
DEADBEEF
DEADBEEF
DEADBEEF
DEADBEEF
DEADBEEF
DEADBEEF
DEADBEEF
DEADBEEF
DEADBEEF
DEADBEEF
DEADBEEF
DEADBEEF
DEADBEEF
DEADBEEF
DEADBEEF
DEADBEEF
DEADBEEF
DEADBEEF
DEADBEEF
DEADBEEF
DEADBEEF
DEADBEEF
DEADBEEF
DEADBEEF
DEADBEEF
DEADBEEF
DEADBEEF
DEADBEEF
DEADBEEF
DEADBEEF
DEADBEEF
DEADBEEF
DEADBEEF
DEADBEEF
DEADBEEF
DEADBEEF
DEADBEEF
DEADBEEF
DEADBEEF
DEADBEEF
DEADBEEF
DEADBEEF
DEADBEEF
DEADBEEF
DEADBEEF
DEADBEEF
DEADBEEF
DEADBEEF
DEADBEEF
DEADBEEF
DEADBEEF
DEADBEEF
DEADBEEF
DEADBEEF
DEADBEEF
DEADBEEF
DEADBEEF
DEADBEEF
DEADBEEF
DEADBEEF
DEADBEEF
DEADBEEF
DEADBEEF
DEADBEEF
DEADBEEF
DEADBEEF
DEADBEEF
DEADBEEF
DEADBEEF
DEADBEEF
DEADBEEF
DEADBEEF
DEADBEEF
DEADBEEF
DEADBEEF
DEADBEEF
DEADBEEF
DEADBEEF
DEADBEEF
DEADBEEF
DEADBEEF
DEADBEEF
DEADBEEF
DEADBEEF
DEADBEEF
DEADBEEF
DEADBEEF
DEADBEEF
DEADBEEF
DEADBEEF
DEADBEEF
DEADBEEF
DEADBEEF
DEADBEEF
DEADBEEF
DEADBEEF
DEADBEEF
DEADBEEF
DEADBEEF
DEADBEEF
DEADBEEF
DEADBEEF
DEADBEEF
DEADBEEF
DEADBEEF
DEADBEEF
DEADBEEF
DEADBEEF
DEADBEEF
DEADBEEF
DEADBEEF
DEADBEEF
DEADBEEF
DEADBEEF
DEADBEEF
DEADBEEF
DEADBEEF
DEADBEEF
DEADBEEF
DEADBEEF
DEADBEEF
DEADBEEF
DEADBEEF
DEADBEEF
DEADBEEF
DEADBEEF
DEADBEEF
DEADBEEF
DEADBEEF
DEADBEEF
DEADBEEF
DEADBEEF
DEADBEEF
DEADBEEF
DEADBEEF
DEADBEEF
DEADBEEF
DEADBEEF
DEADBEEF
DEADBEEF
DEADBEEF
DEADBEEF
DEADBEEF
DEADBEEF
DEADBEEF
DEADBEEF
DEADBEEF
DEADBEEF
DEADBEEF
DEADBEEF
DEADBEEF
DEADBEEF
DEADBEEF
DEADBEEF
DEADBEEF
DEADBEEF
DEADBEEF
DEADBEEF
DEADBEEF
DEADBEEF
DEADBEEF
DEADBEEF
DEADBEEF
DEADBEEF
DEADBEEF
DEADBEEF
DEADBEEF
DEADBEEF
DEADBEEF
DEADBEEF
DEADBEEF
DEADBEEF
DEADBEEF
DEADBEEF
DEADBEEF
DEADBEEF
DEADBEEF
DEADBEEF
DEADBEEF
DEADBEEF
DEADBEEF
DEADBEEF
DEADBEEF
DEADBEEF
DEADBEEF
DEADBEEF
DEADBEEF
DEADBEEF
DEADBEEF
DEADBEEF
DEADBEEF
DEADBEEF
DEADBEEF
DEADBEEF
DEADBEEF
DEADBEEF
DEADBEEF
DEADBEEF
DEADBEEF
DEADBEEF
DEADBEEF
DEADBEEF
DEADBEEF
DEADBEEF
DEADBEEF
DEADBEEF
DEADBEEF
DEADBEEF
DEADBEEF
DEADBEEF
DEADBEEF
DEADBEEF
DEADBEEF
DEADBEEF
DEADBEEF
DEADBEEF
DEADBEEF
DEADBEEF
DEADBEEF
DEADBEEF
DEADBEEF
DEADBEEF
DEADBEEF
DEADBEEF
DEADBEEF
DEADBEEF
DEADBEEF
DEADBEEF
DEADBEEF
DEADBEEF
DEADBEEF
DEADBEEF
DEADBEEF
DEADBEEF
DEADBEEF
DEADBEEF
DEADBEEF
DEADBEEF
DEADBEEF
DEADBEEF
DEADBEEF
DEADBEEF
DEADBEEF
DEADBEEF
DEADBEEF
DEADBEEF
DEADBEEF
DEADBEEF
DEADBEEF
DEADBEEF
DEADBEEF
DEADBEEF
DEADBEEF
DEADBEEF
DEADBEEF
DEADBEEF
DEADBEEF
DEADBEEF
DEADBEEF
DEADBEEF
DEADBEEF
DEADBEEF
DEADBEEF
DEADBEEF
DEADBEEF
DEADBEEF
DEADBEEF
DEADBEEF
DEADBEEF
DEADBEEF
DEADBEEF
DEADBEEF
DEADBEEF
DEADBEEF
DEADBEEF
DEADBEEF
DEADBEEF
DEADBEEF
DEADBEEF
DEADBEEF
DEADBEEF
DEADBEEF
DEADBEEF
DEADBEEF
DEADBEEF
DEADBEEF
DEADBEEF
DEADBEEF
DEADBEEF
DEADBEEF
DEADBEEF
DEADBEEF
DEADBEEF
DEADBEEF
DEADBEEF
DEADBEEF
DEADBEEF
DEADBEEF
DEADBEEF
DEADBEEF
DEADBEEF
DEADBEEF
DEADBEEF
DEADBEEF
DEADBEEF
DEADBEEF
DEADBEEF
DEADBEEF
DEADBEEF
DEADBEEF
DEADBEEF
DEADBEEF
DEADBEEF
DEADBEEF
DEADBEEF
DEADBEEF
DEADBEEF
DEADBEEF
DEADBEEF
DEADBEEF
DEADBEEF
DEADBEEF
DEADBEEF
DEADBEEF
DEADBEEF
DEADBEEF
DEADBEEF
DEADBEEF
DEADBEEF
DEADBEEF
DEADBEEF
DEADBEEF
DEADBEEF
DEADBEEF
DEADBEEF
DEADBEEF
DEADBEEF
DEADBEEF
DEADBEEF
DEADBEEF
DEADBEEF
DEADBEEF
DEADBEEF
DEADBEEF
DEADBEEF
DEADBEEF
DEADBEEF
DEADBEEF
DEADBEEF
DEADBEEF
DEADBEEF
DEADBEEF
DEADBEEF
DEADBEEF
DEADBEEF
DEADBEEF
DEADBEEF
DEADBEEF
DEADBEEF
DEADBEEF
DEADBEEF
DEADBEEF
DEADBEEF
DEADBEEF
DEADBEEF
DEADBEEF
DEADBEEF
DEADBEEF
DEADBEEF
DEADBEEF
DEADBEEF
DEADBEEF
DEADBEEF
DEADBEEF
DEADBEEF
DEADBEEF
DEADBEEF
DEADBEEF
DEADBEEF
DEADBEEF
DEADBEEF
DEADBEEF
DEADBEEF
DEADBEEF
DEADBEEF
DEADBEEF
DEADBEEF
DEADBEEF
DEADBEEF
DEADBEEF
DEADBEEF
DEADBEEF
DEADBEEF
DEADBEEF
DEADBEEF
DEADBEEF
DEADBEEF
DEADBEEF
DEADBEEF
DEADBEEF
DEADBEEF
DEADBEEF
DEADBEEF
DEADBEEF
DEADBEEF
DEADBEEF
DEADBEEF
DEADBEEF
DEADBEEF
DEADBEEF
DEADBEEF
DEADBEEF
DEADBEEF
DEADBEEF
DEADBEEF
DEADBEEF
DEADBEEF
DEADBEEF
DEADBEEF
DEADBEEF
DEADBEEF
DEADBEEF
DEADBEEF
DEADBEEF
DEADBEEF
DEADBEEF
DEADBEEF
DEADBEEF
DEADBEEF
DEADBEEF
DEADBEEF
DEADBEEF
DEADBEEF
DEADBEEF
DEADBEEF
DEADBEEF
DEADBEEF
DEADBEEF
DEADBEEF
DEADBEEF
DEADBEEF
DEADBEEF
DEADBEEF
DEADBEEF
DEADBEEF
DEADBEEF
DEADBEEF
DEADBEEF
DEADBEEF
DEADBEEF
DEADBEEF
DEADBEEF
DEADBEEF
DEADBEEF
DEADBEEF
DEADBEEF
DEADBEEF
DEADBEEF
DEADBEEF
DEADBEEF
DEADBEEF
DEADBEEF
DEADBEEF
DEADBEEF
DEADBEEF
DEADBEEF
DEADBEEF
DEADBEEF
DEADBEEF
DEADBEEF
DEADBEEF
DEADBEEF
DEADBEEF
DEADBEEF
DEADBEEF
DEADBEEF
DEADBEEF
DEADBEEF
DEADBEEF
DEADBEEF
DEADBEEF
DEADBEEF
DEADBEEF
DEADBEEF
DEADBEEF
DEADBEEF
DEADBEEF
DEADBEEF
DEADBEEF
DEADBEEF
DEADBEEF
DEADBEEF
DEADBEEF
DEADBEEF
DEADBEEF
DEADBEEF
DEADBEEF
DEADBEEF
DEADBEEF
DEADBEEF
DEADBEEF
DEADBEEF
DEADBEEF
DEADBEEF
DEADBEEF
DEADBEEF
DEADBEEF
DEADBEEF
DEADBEEF
DEADBEEF
DEADBEEF
DEADBEEF
DEADBEEF
DEADBEEF
DEADBEEF
DEADBEEF
DEADBEEF
DEADBEEF
DEADBEEF
DEADBEEF
DEADBEEF
DEADBEEF
DEADBEEF
DEADBEEF
DEADBEEF
DEADBEEF
DEADBEEF
DEADBEEF
DEADBEEF
DEADBEEF
DEADBEEF
DEADBEEF
DEADBEEF
DEADBEEF
DEADBEEF
DEADBEEF
DEADBEEF
DEADBEEF
DEADBEEF
DEADBEEF
DEADBEEF
DEADBEEF
DEADBEEF
DEADBEEF
DEADBEEF
DEADBEEF
DEADBEEF
DEADBEEF
DEADBEEF
DEADBEEF
DEADBEEF
DEADBEEF
DEADBEEF
DEADBEEF
DEADBEEF
DEADBEEF
DEADBEEF
DEADBEEF
DEADBEEF
DEADBEEF
DEADBEEF
DEADBEEF
DEADBEEF
DEADBEEF
DEADBEEF
DEADBEEF
DEADBEEF
DEADBEEF
DEADBEEF
DEADBEEF
DEADBEEF
DEADBEEF
DEADBEEF
DEADBEEF
DEADBEEF
DEADBEEF
DEADBEEF
DEADBEEF
DEADBEEF
DEADBEEF
DEADBEEF
DEADBEEF
DEADBEEF
DEADBEEF
DEADBEEF
DEADBEEF
DEADBEEF
DEADBEEF
DEADBEEF
DEADBEEF
DEADBEEF
DEADBEEF
DEADBEEF
DEADBEEF
DEADBEEF
DEADBEEF
DEADBEEF
DEADBEEF
DEADBEEF
DEADBEEF
DEADBEEF
DEADBEEF
DEADBEEF
DEADBEEF
DEADBEEF
DEADBEEF
DEADBEEF
DEADBEEF
DEADBEEF
DEADBEEF
DEADBEEF
DEADBEEF
DEADBEEF
DEADBEEF
DEADBEEF
DEADBEEF
DEADBEEF
DEADBEEF
DEADBEEF
DEADBEEF
DEADBEEF
DEADBEEF
DEADBEEF
DEADBEEF
DEADBEEF
DEADBEEF
DEADBEEF
DEADBEEF
DEADBEEF
DEADBEEF
DEADBEEF
DEADBEEF
DEADBEEF
DEADBEEF
DEADBEEF
DEADBEEF
DEADBEEF
DEADBEEF
DEADBEEF
DEADBEEF
DEADBEEF
DEADBEEF
DEADBEEF
DEADBEEF
DEADBEEF
DEADBEEF
DEADBEEF
DEADBEEF
DEADBEEF
DEADBEEF
DEADBEEF
DEADBEEF
DEADBEEF
DEADBEEF
DEADBEEF
DEADBEEF
DEADBEEF
DEADBEEF
DEADBEEF
DEADBEEF
DEADBEEF
DEADBEEF
DEADBEEF
DEADBEEF
DEADBEEF
DEADBEEF
DEADBEEF
DEADBEEF
DEADBEEF
DEADBEEF
DEADBEEF
DEADBEEF
DEADBEEF
DEADBEEF
DEADBEEF
DEADBEEF
DEADBEEF
DEADBEEF
DEADBEEF
DEADBEEF
DEADBEEF
DEADBEEF
DEADBEEF
DEADBEEF
DEADBEEF
DEADBEEF
DEADBEEF
DEADBEEF
DEADBEEF
DEADBEEF
DEADBEEF
DEADBEEF
DEADBEEF
DEADBEEF
DEADBEEF
DEADBEEF
DEADBEEF
DEADBEEF
DEADBEEF
DEADBEEF
DEADBEEF
DEADBEEF
DEADBEEF
DEADBEEF
DEADBEEF
DEADBEEF
DEADBEEF
DEADBEEF
DEADBEEF
DEADBEEF
DEADBEEF
DEADBEEF
DEADBEEF
DEADBEEF
DEADBEEF
DEADBEEF
DEADBEEF
DEADBEEF
DEADBEEF
DEADBEEF
DEADBEEF
DEADBEEF
DEADBEEF
DEADBEEF
DEADBEEF
DEADBEEF
DEADBEEF
DEADBEEF
DEADBEEF
DEADBEEF
DEADBEEF
DEADBEEF
DEADBEEF
DEADBEEF
DEADBEEF
DEADBEEF
DEADBEEF
DEADBEEF
DEADBEEF
DEADBEEF
DEADBEEF
DEADBEEF
DEADBEEF
DEADBEEF
DEADBEEF
DEADBEEF
DEADBEEF
DEADBEEF
DEADBEEF
DEADBEEF
DEADBEEF
DEADBEEF
DEADBEEF
DEADBEEF
DEADBEEF
DEADBEEF
DEADBEEF
DEADBEEF
DEADBEEF
DEADBEEF
DEADBEEF
DEADBEEF
DEADBEEF
DEADBEEF
DEADBEEF
DEADBEEF
DEADBEEF
DEADBEEF
DEADBEEF
DEADBEEF
DEADBEEF
DEADBEEF
DEADBEEF
DEADBEEF
DEADBEEF
DEADBEEF
DEADBEEF
DEADBEEF
DEADBEEF
DEADBEEF
DEADBEEF
DEADBEEF
DEADBEEF
DEADBEEF
DEADBEEF
DEADBEEF
DEADBEEF
DEADBEEF
DEADBEEF
DEADBEEF
DEADBEEF
DEADBEEF
DEADBEEF
DEADBEEF
DEADBEEF
DEADBEEF
DEADBEEF
DEADBEEF
DEADBEEF
DEADBEEF
DEADBEEF
DEADBEEF
DEADBEEF
DEADBEEF
DEADBEEF
DEADBEEF
DEADBEEF
DEADBEEF
DEADBEEF
DEADBEEF
DEADBEEF
DEADBEEF
DEADBEEF
DEADBEEF
DEADBEEF
DEADBEEF
DEADBEEF
DEADBEEF
DEADBEEF
DEADBEEF
DEADBEEF
DEADBEEF
DEADBEEF
DEADBEEF
DEADBEEF
DEADBEEF
DEADBEEF
DEADBEEF
DEADBEEF
DEADBEEF
DEADBEEF
DEADBEEF
DEADBEEF
DEADBEEF
DEADBEEF
DEADBEEF
DEADBEEF
DEADBEEF
DEADBEEF
DEADBEEF
DEADBEEF
DEADBEEF
DEADBEEF
DEADBEEF
DEADBEEF
DEADBEEF
DEADBEEF
DEADBEEF
DEADBEEF
DEADBEEF
DEADBEEF
DEADBEEF
DEADBEEF
DEADBEEF
DEADBEEF
DEADBEEF
DEADBEEF
DEADBEEF
DEADBEEF
DEADBEEF
DEADBEEF
DEADBEEF
DEADBEEF
DEADBEEF
DEADBEEF
DEADBEEF
DEADBEEF
DEADBEEF
DEADBEEF
DEADBEEF
DEADBEEF
DEADBEEF
DEADBEEF
DEADBEEF
DEADBEEF
DEADBEEF
DEADBEEF
DEADBEEF
DEADBEEF
DEADBEEF
DEADBEEF
DEADBEEF
DEADBEEF
DEADBEEF
DEADBEEF
DEADBEEF
DEADBEEF
DEADBEEF
DEADBEEF
DEADBEEF
DEADBEEF
DEADBEEF
DEADBEEF
DEADBEEF
DEADBEEF
DEADBEEF
DEADBEEF
DEADBEEF
DEADBEEF
DEADBEEF
DEADBEEF
DEADBEEF
DEADBEEF
DEADBEEF
DEADBEEF
DEADBEEF
DEADBEEF
DEADBEEF
DEADBEEF
DEADBEEF
DEADBEEF
DEADBEEF
DEADBEEF
DEADBEEF
DEADBEEF
DEADBEEF
DEADBEEF
DEADBEEF
DEADBEEF
DEADBEEF
DEADBEEF
DEADBEEF
DEADBEEF
DEADBEEF
DEADBEEF
DEADBEEF
DEADBEEF
DEADBEEF
DEADBEEF
DEADBEEF
DEADBEEF
DEADBEEF
DEADBEEF
DEADBEEF
DEADBEEF
DEADBEEF
DEADBEEF
DEADBEEF
DEADBEEF
DEADBEEF
DEADBEEF
DEADBEEF
DEADBEEF
DEADBEEF
DEADBEEF
DEADBEEF
DEADBEEF
DEADBEEF
DEADBEEF
DEADBEEF
DEADBEEF
DEADBEEF
DEADBEEF
DEADBEEF
DEADBEEF
DEADBEEF
DEADBEEF
DEADBEEF
DEADBEEF
DEADBEEF
DEADBEEF
DEADBEEF
DEADBEEF
DEADBEEF
DEADBEEF
DEADBEEF
DEADBEEF
DEADBEEF
DEADBEEF
DEADBEEF
DEADBEEF
DEADBEEF
DEADBEEF
DEADBEEF
DEADBEEF
DEADBEEF
DEADBEEF
DEADBEEF
DEADBEEF
DEADBEEF
DEADBEEF
DEADBEEF
DEADBEEF
DEADBEEF
DEADBEEF
DEADBEEF
DEADBEEF
DEADBEEF
DEADBEEF
DEADBEEF
DEADBEEF
DEADBEEF
DEADBEEF
DEADBEEF
DEADBEEF
DEADBEEF
DEADBEEF
DEADBEEF
DEADBEEF
DEADBEEF
DEADBEEF
DEADBEEF
DEADBEEF
DEADBEEF
DEADBEEF
DEADBEEF
DEADBEEF
DEADBEEF
DEADBEEF
DEADBEEF
DEADBEEF
DEADBEEF
DEADBEEF
DEADBEEF
DEADBEEF
DEADBEEF
DEADBEEF
DEADBEEF
DEADBEEF
DEADBEEF
DEADBEEF
DEADBEEF
DEADBEEF
DEADBEEF
DEADBEEF
DEADBEEF
DEADBEEF
DEADBEEF
DEADBEEF
DEADBEEF
DEADBEEF
DEADBEEF
DEADBEEF
DEADBEEF
DEADBEEF
DEADBEEF
DEADBEEF
DEADBEEF
DEADBEEF
DEADBEEF
DEADBEEF
DEADBEEF
DEADBEEF
DEADBEEF
DEADBEEF
DEADBEEF
DEADBEEF
DEADBEEF
DEADBEEF
DEADBEEF
DEADBEEF
DEADBEEF
DEADBEEF
DEADBEEF
DEADBEEF
DEADBEEF
DEADBEEF
DEADBEEF
DEADBEEF
DEADBEEF
DEADBEEF
DEADBEEF
DEADBEEF
DEADBEEF
DEADBEEF
DEADBEEF
DEADBEEF
DEADBEEF
DEADBEEF
DEADBEEF
DEADBEEF
DEADBEEF
DEADBEEF
DEADBEEF
DEADBEEF
DEADBEEF
DEADBEEF
DEADBEEF
DEADBEEF
DEADBEEF
DEADBEEF
DEADBEEF
DEADBEEF
DEADBEEF
DEADBEEF
DEADBEEF
DEADBEEF
DEADBEEF
DEADBEEF
DEADBEEF
DEADBEEF
DEADBEEF
DEADBEEF
DEADBEEF
DEADBEEF
DEADBEEF
DEADBEEF
DEADBEEF
DEADBEEF
DEADBEEF
DEADBEEF
DEADBEEF
DEADBEEF
DEADBEEF
DEADBEEF
DEADBEEF
DEADBEEF
DEADBEEF
DEADBEEF
DEADBEEF
DEADBEEF
DEADBEEF
DEADBEEF
DEADBEEF
DEADBEEF
DEADBEEF
DEADBEEF
DEADBEEF
DEADBEEF
DEADBEEF
DEADBEEF
DEADBEEF
DEADBEEF
DEADBEEF
DEADBEEF
DEADBEEF
DEADBEEF
DEADBEEF
DEADBEEF
DEADBEEF
DEADBEEF
DEADBEEF
DEADBEEF
DEADBEEF
DEADBEEF
DEADBEEF
DEADBEEF
DEADBEEF
DEADBEEF
DEADBEEF
DEADBEEF
DEADBEEF
DEADBEEF
DEADBEEF
DEADBEEF
DEADBEEF
DEADBEEF
DEADBEEF
DEADBEEF
DEADBEEF
DEADBEEF
DEADBEEF
DEADBEEF
DEADBEEF
DEADBEEF
DEADBEEF
DEADBEEF
DEADBEEF
DEADBEEF
DEADBEEF
DEADBEEF
DEADBEEF
DEADBEEF
DEADBEEF
DEADBEEF
DEADBEEF
DEADBEEF
DEADBEEF
DEADBEEF
DEADBEEF
DEADBEEF
DEADBEEF
DEADBEEF
DEADBEEF
DEADBEEF
DEADBEEF
DEADBEEF
DEADBEEF
DEADBEEF
DEADBEEF
DEADBEEF
DEADBEEF
DEADBEEF
DEADBEEF
DEADBEEF
DEADBEEF
DEADBEEF
DEADBEEF
DEADBEEF
DEADBEEF
DEADBEEF
DEADBEEF
DEADBEEF
DEADBEEF
DEADBEEF
DEADBEEF
DEADBEEF
DEADBEEF
DEADBEEF
DEADBEEF
DEADBEEF
DEADBEEF
DEADBEEF
DEADBEEF
DEADBEEF
DEADBEEF
DEADBEEF
DEADBEEF
DEADBEEF
DEADBEEF
DEADBEEF
DEADBEEF
DEADBEEF
DEADBEEF
DEADBEEF
DEADBEEF
DEADBEEF
DEADBEEF
DEADBEEF
DEADBEEF
DEADBEEF
DEADBEEF
DEADBEEF
DEADBEEF
DEADBEEF
DEADBEEF
DEADBEEF
DEADBEEF
DEADBEEF
DEADBEEF
DEADBEEF
DEADBEEF
DEADBEEF
DEADBEEF
DEADBEEF
DEADBEEF
DEADBEEF
DEADBEEF
DEADBEEF
DEADBEEF
DEADBEEF
DEADBEEF
DEADBEEF
DEADBEEF
DEADBEEF
DEADBEEF
DEADBEEF
DEADBEEF
DEADBEEF
DEADBEEF
DEADBEEF
DEADBEEF
DEADBEEF
DEADBEEF
DEADBEEF
DEADBEEF
DEADBEEF
DEADBEEF
DEADBEEF
DEADBEEF
DEADBEEF
DEADBEEF
DEADBEEF
DEADBEEF
DEADBEEF
DEADBEEF
DEADBEEF
DEADBEEF
DEADBEEF
DEADBEEF
DEADBEEF
DEADBEEF
DEADBEEF
DEADBEEF
DEADBEEF
DEADBEEF
DEADBEEF
DEADBEEF
DEADBEEF
DEADBEEF
DEADBEEF
DEADBEEF
DEADBEEF
DEADBEEF
DEADBEEF
DEADBEEF
DEADBEEF
DEADBEEF
DEADBEEF
DEADBEEF
DEADBEEF
DEADBEEF
DEADBEEF
DEADBEEF
DEADBEEF
DEADBEEF
DEADBEEF
DEADBEEF
DEADBEEF
DEADBEEF
DEADBEEF
DEADBEEF
DEADBEEF
DEADBEEF
DEADBEEF
DEADBEEF
DEADBEEF
DEADBEEF
DEADBEEF
DEADBEEF
DEADBEEF
DEADBEEF
DEADBEEF
DEADBEEF
DEADBEEF
DEADBEEF
DEADBEEF
DEADBEEF
DEADBEEF
DEADBEEF
DEADBEEF
DEADBEEF
DEADBEEF
DEADBEEF
DEADBEEF
DEADBEEF
DEADBEEF
DEADBEEF
DEADBEEF
DEADBEEF
DEADBEEF
DEADBEEF
DEADBEEF
DEADBEEF
DEADBEEF
DEADBEEF
DEADBEEF
DEADBEEF
DEADBEEF
DEADBEEF
DEADBEEF
DEADBEEF
DEADBEEF
DEADBEEF
DEADBEEF
DEADBEEF
DEADBEEF
DEADBEEF
DEADBEEF
DEADBEEF
DEADBEEF
DEADBEEF
DEADBEEF
DEADBEEF
DEADBEEF
DEADBEEF
DEADBEEF
DEADBEEF
DEADBEEF
DEADBEEF
DEADBEEF
DEADBEEF
DEADBEEF
DEADBEEF
DEADBEEF
DEADBEEF
DEADBEEF
DEADBEEF
DEADBEEF
DEADBEEF
DEADBEEF
DEADBEEF
DEADBEEF
DEADBEEF
DEADBEEF
DEADBEEF
DEADBEEF
DEADBEEF
DEADBEEF
DEADBEEF
DEADBEEF
DEADBEEF
DEADBEEF
DEADBEEF
DEADBEEF
DEADBEEF
DEADBEEF
DEADBEEF
DEADBEEF
DEADBEEF
DEADBEEF
DEADBEEF
DEADBEEF
DEADBEEF
DEADBEEF
DEADBEEF
DEADBEEF
DEADBEEF
DEADBEEF
DEADBEEF
DEADBEEF
DEADBEEF
DEADBEEF
DEADBEEF
DEADBEEF
DEADBEEF
DEADBEEF
DEADBEEF
DEADBEEF
DEADBEEF
DEADBEEF
DEADBEEF
DEADBEEF
DEADBEEF
DEADBEEF
DEADBEEF
DEADBEEF
DEADBEEF
DEADBEEF
DEADBEEF
DEADBEEF
DEADBEEF
DEADBEEF
DEADBEEF
DEADBEEF
DEADBEEF
DEADBEEF
DEADBEEF
DEADBEEF
DEADBEEF
DEADBEEF
DEADBEEF
DEADBEEF
DEADBEEF
DEADBEEF
DEADBEEF
DEADBEEF
DEADBEEF
DEADBEEF
DEADBEEF
DEADBEEF
DEADBEEF
DEADBEEF
DEADBEEF
DEADBEEF
DEADBEEF
DEADBEEF
DEADBEEF
DEADBEEF
DEADBEEF
DEADBEEF
DEADBEEF
DEADBEEF
DEADBEEF
DEADBEEF
DEADBEEF
DEADBEEF
DEADBEEF
DEADBEEF
DEADBEEF
DEADBEEF
DEADBEEF
DEADBEEF
DEADBEEF
DEADBEEF
DEADBEEF
DEADBEEF
DEADBEEF
DEADBEEF
DEADBEEF
DEADBEEF
DEADBEEF
DEADBEEF
DEADBEEF
DEADBEEF
DEADBEEF
DEADBEEF
DEADBEEF
DEADBEEF
DEADBEEF
DEADBEEF
DEADBEEF
DEADBEEF
DEADBEEF
DEADBEEF
DEADBEEF
DEADBEEF
DEADBEEF
DEADBEEF
DEADBEEF
DEADBEEF
DEADBEEF
DEADBEEF
DEADBEEF
DEADBEEF
DEADBEEF
DEADBEEF
DEADBEEF
DEADBEEF
DEADBEEF
DEADBEEF
DEADBEEF
DEADBEEF
DEADBEEF
DEADBEEF
DEADBEEF
DEADBEEF
DEADBEEF
DEADBEEF
DEADBEEF
DEADBEEF
DEADBEEF
DEADBEEF
DEADBEEF
DEADBEEF
DEADBEEF
DEADBEEF
DEADBEEF
DEADBEEF
DEADBEEF
DEADBEEF
DEADBEEF
DEADBEEF
DEADBEEF
DEADBEEF
DEADBEEF
DEADBEEF
DEADBEEF
DEADBEEF
DEADBEEF
DEADBEEF
DEADBEEF
DEADBEEF
DEADBEEF
DEADBEEF
DEADBEEF
DEADBEEF
DEADBEEF
DEADBEEF
DEADBEEF
DEADBEEF
DEADBEEF
DEADBEEF
DEADBEEF
DEADBEEF
DEADBEEF
DEADBEEF
DEADBEEF
DEADBEEF
DEADBEEF
DEADBEEF
DEADBEEF
DEADBEEF
DEADBEEF
DEADBEEF
DEADBEEF
DEADBEEF
DEADBEEF
DEADBEEF
DEADBEEF
DEADBEEF
DEADBEEF
DEADBEEF
DEADBEEF
DEADBEEF
DEADBEEF
DEADBEEF
DEADBEEF
DEADBEEF
DEADBEEF
DEADBEEF
DEADBEEF
DEADBEEF
DEADBEEF
DEADBEEF
DEADBEEF
DEADBEEF
DEADBEEF
DEADBEEF
DEADBEEF
DEADBEEF
DEADBEEF
DEADBEEF
DEADBEEF
DEADBEEF
DEADBEEF
DEADBEEF
DEADBEEF
DEADBEEF
DEADBEEF
DEADBEEF
DEADBEEF
DEADBEEF
DEADBEEF
DEADBEEF
DEADBEEF
DEADBEEF
DEADBEEF
DEADBEEF
DEADBEEF
DEADBEEF
DEADBEEF
DEADBEEF
DEADBEEF
DEADBEEF
DEADBEEF
DEADBEEF
DEADBEEF
DEADBEEF
DEADBEEF
DEADBEEF
DEADBEEF
DEADBEEF
DEADBEEF
DEADBEEF
DEADBEEF
DEADBEEF
DEADBEEF
DEADBEEF
DEADBEEF
DEADBEEF
DEADBEEF
DEADBEEF
DEADBEEF
DEADBEEF
DEADBEEF
DEADBEEF
DEADBEEF
DEADBEEF
DEADBEEF
DEADBEEF
DEADBEEF
DEADBEEF
DEADBEEF
DEADBEEF
DEADBEEF
DEADBEEF
DEADBEEF
DEADBEEF
DEADBEEF
DEADBEEF
DEADBEEF
DEADBEEF
DEADBEEF
DEADBEEF
DEADBEEF
DEADBEEF
DEADBEEF
DEADBEEF
DEADBEEF
DEADBEEF
DEADBEEF
DEADBEEF
DEADBEEF
DEADBEEF
DEADBEEF
DEADBEEF
DEADBEEF
DEADBEEF
DEADBEEF
DEADBEEF
DEADBEEF
DEADBEEF
DEADBEEF
DEADBEEF
DEADBEEF
DEADBEEF
DEADBEEF
DEADBEEF
DEADBEEF
DEADBEEF
DEADBEEF
DEADBEEF
DEADBEEF
DEADBEEF
DEADBEEF
DEADBEEF
DEADBEEF
DEADBEEF
DEADBEEF
DEADBEEF
DEADBEEF
DEADBEEF
DEADBEEF
DEADBEEF
DEADBEEF
DEADBEEF
DEADBEEF
DEADBEEF
DEADBEEF
DEADBEEF
DEADBEEF
DEADBEEF
DEADBEEF
DEADBEEF
DEADBEEF
DEADBEEF
DEADBEEF
DEADBEEF
DEADBEEF
DEADBEEF
DEADBEEF
DEADBEEF
DEADBEEF
DEADBEEF
DEADBEEF
DEADBEEF
DEADBEEF
DEADBEEF
DEADBEEF
DEADBEEF
DEADBEEF
DEADBEEF
DEADBEEF
DEADBEEF
DEADBEEF
DEADBEEF
DEADBEEF
DEADBEEF
DEADBEEF
DEADBEEF
DEADBEEF
DEADBEEF
DEADBEEF
DEADBEEF
DEADBEEF
DEADBEEF
DEADBEEF
DEADBEEF
DEADBEEF
DEADBEEF
DEADBEEF
DEADBEEF
DEADBEEF
DEADBEEF
DEADBEEF
DEADBEEF
DEADBEEF
DEADBEEF
DEADBEEF
DEADBEEF
DEADBEEF
DEADBEEF
DEADBEEF
DEADBEEF
DEADBEEF
DEADBEEF
DEADBEEF
DEADBEEF
DEADBEEF
DEADBEEF
DEADBEEF
DEADBEEF
DEADBEEF
DEADBEEF
DEADBEEF
DEADBEEF
DEADBEEF
DEADBEEF
DEADBEEF
DEADBEEF
DEADBEEF
DEADBEEF
DEADBEEF
DEADBEEF
DEADBEEF
DEADBEEF
DEADBEEF
DEADBEEF
DEADBEEF
DEADBEEF
DEADBEEF
DEADBEEF
DEADBEEF
DEADBEEF
DEADBEEF
DEADBEEF
DEADBEEF
DEADBEEF
DEADBEEF
DEADBEEF
DEADBEEF
DEADBEEF
DEADBEEF
DEADBEEF
DEADBEEF
DEADBEEF
DEADBEEF
DEADBEEF
DEADBEEF
DEADBEEF
DEADBEEF
DEADBEEF
DEADBEEF
DEADBEEF
DEADBEEF
DEADBEEF
DEADBEEF
DEADBEEF
DEADBEEF
DEADBEEF
DEADBEEF
DEADBEEF
DEADBEEF
DEADBEEF
DEADBEEF
DEADBEEF
DEADBEEF
DEADBEEF
DEADBEEF
DEADBEEF
DEADBEEF
DEADBEEF
DEADBEEF
DEADBEEF
DEADBEEF
DEADBEEF
DEADBEEF
DEADBEEF
DEADBEEF
DEADBEEF
DEADBEEF
DEADBEEF
DEADBEEF
DEADBEEF
DEADBEEF
DEADBEEF
DEADBEEF
DEADBEEF
DEADBEEF
DEADBEEF
DEADBEEF
DEADBEEF
DEADBEEF
DEADBEEF
DEADBEEF
DEADBEEF
DEADBEEF
DEADBEEF
DEADBEEF
DEADBEEF
DEADBEEF
DEADBEEF
DEADBEEF
DEADBEEF
DEADBEEF
DEADBEEF
DEADBEEF
DEADBEEF
DEADBEEF
DEADBEEF
DEADBEEF
DEADBEEF
DEADBEEF
DEADBEEF
DEADBEEF
DEADBEEF
DEADBEEF
DEADBEEF
DEADBEEF
DEADBEEF
DEADBEEF
DEADBEEF
DEADBEEF
DEADBEEF
DEADBEEF
DEADBEEF
DEADBEEF
DEADBEEF
DEADBEEF
DEADBEEF
DEADBEEF
DEADBEEF
DEADBEEF
DEADBEEF
DEADBEEF
DEADBEEF
DEADBEEF
DEADBEEF
DEADBEEF
DEADBEEF
DEADBEEF
DEADBEEF
DEADBEEF
DEADBEEF
DEADBEEF
DEADBEEF
DEADBEEF
DEADBEEF
DEADBEEF
DEADBEEF
DEADBEEF
DEADBEEF
DEADBEEF
DEADBEEF
DEADBEEF
DEADBEEF
DEADBEEF
DEADBEEF
DEADBEEF
DEADBEEF
DEADBEEF
DEADBEEF
DEADBEEF
DEADBEEF
DEADBEEF
DEADBEEF
DEADBEEF
DEADBEEF
DEADBEEF
DEADBEEF
DEADBEEF
DEADBEEF
DEADBEEF
DEADBEEF
DEADBEEF
DEADBEEF
DEADBEEF
DEADBEEF
DEADBEEF
DEADBEEF
DEADBEEF
DEADBEEF
DEADBEEF
DEADBEEF
DEADBEEF
DEADBEEF
DEADBEEF
DEADBEEF
DEADBEEF
DEADBEEF
DEADBEEF
DEADBEEF
DEADBEEF
DEADBEEF
DEADBEEF
DEADBEEF
DEADBEEF
DEADBEEF
DEADBEEF
DEADBEEF
DEADBEEF
DEADBEEF
DEADBEEF
DEADBEEF
DEADBEEF
DEADBEEF
DEADBEEF
DEADBEEF
DEADBEEF
DEADBEEF
DEADBEEF
DEADBEEF
DEADBEEF
DEADBEEF
DEADBEEF
DEADBEEF
DEADBEEF
DEADBEEF
DEADBEEF
DEADBEEF
DEADBEEF
DEADBEEF
DEADBEEF
DEADBEEF
DEADBEEF
DEADBEEF
DEADBEEF
DEADBEEF
DEADBEEF
DEADBEEF
DEADBEEF
DEADBEEF
DEADBEEF
DEADBEEF
DEADBEEF
DEADBEEF
DEADBEEF
DEADBEEF
DEADBEEF
DEADBEEF
DEADBEEF
DEADBEEF
DEADBEEF
DEADBEEF
DEADBEEF
DEADBEEF
DEADBEEF
DEADBEEF
DEADBEEF
DEADBEEF
DEADBEEF
DEADBEEF
DEADBEEF
DEADBEEF
DEADBEEF
DEADBEEF
DEADBEEF
DEADBEEF
DEADBEEF
DEADBEEF
DEADBEEF
DEADBEEF
DEADBEEF
DEADBEEF
DEADBEEF
DEADBEEF
DEADBEEF
DEADBEEF
DEADBEEF
DEADBEEF
DEADBEEF
DEADBEEF
DEADBEEF
DEADBEEF
DEADBEEF
DEADBEEF
DEADBEEF
DEADBEEF
DEADBEEF
DEADBEEF
DEADBEEF
DEADBEEF
DEADBEEF
DEADBEEF
DEADBEEF
DEADBEEF
DEADBEEF
DEADBEEF
DEADBEEF
DEADBEEF
DEADBEEF
DEADBEEF
DEADBEEF
DEADBEEF
DEADBEEF
DEADBEEF
DEADBEEF
DEADBEEF
DEADBEEF
DEADBEEF
DEADBEEF
DEADBEEF
DEADBEEF
DEADBEEF
DEADBEEF
DEADBEEF
DEADBEEF
DEADBEEF
DEADBEEF
DEADBEEF
DEADBEEF
DEADBEEF
DEADBEEF
DEADBEEF
DEADBEEF
DEADBEEF
DEADBEEF
DEADBEEF
DEADBEEF
DEADBEEF
DEADBEEF
DEADBEEF
DEADBEEF
DEADBEEF
DEADBEEF
DEADBEEF
DEADBEEF
DEADBEEF
DEADBEEF
DEADBEEF
DEADBEEF
DEADBEEF
DEADBEEF
DEADBEEF
DEADBEEF
DEADBEEF
DEADBEEF
DEADBEEF
DEADBEEF
DEADBEEF
DEADBEEF
DEADBEEF
DEADBEEF
DEADBEEF
DEADBEEF
DEADBEEF
DEADBEEF
DEADBEEF
DEADBEEF
DEADBEEF
DEADBEEF
DEADBEEF
DEADBEEF
DEADBEEF
DEADBEEF
DEADBEEF
DEADBEEF
DEADBEEF
DEADBEEF
DEADBEEF
DEADBEEF
DEADBEEF
DEADBEEF
DEADBEEF
DEADBEEF
DEADBEEF
DEADBEEF
DEADBEEF
DEADBEEF
DEADBEEF
DEADBEEF
DEADBEEF
DEADBEEF
DEADBEEF
DEADBEEF
DEADBEEF
DEADBEEF
DEADBEEF
DEADBEEF
DEADBEEF
DEADBEEF
DEADBEEF
DEADBEEF
DEADBEEF
DEADBEEF
DEADBEEF
DEADBEEF
DEADBEEF
DEADBEEF
DEADBEEF
DEADBEEF
DEADBEEF
DEADBEEF
DEADBEEF
DEADBEEF
DEADBEEF
DEADBEEF
DEADBEEF
DEADBEEF
DEADBEEF
DEADBEEF
DEADBEEF
DEADBEEF
DEADBEEF
DEADBEEF
DEADBEEF
DEADBEEF
DEADBEEF
DEADBEEF
DEADBEEF
DEADBEEF
DEADBEEF
DEADBEEF
DEADBEEF
DEADBEEF
DEADBEEF
DEADBEEF
DEADBEEF
DEADBEEF
DEADBEEF
DEADBEEF
DEADBEEF
DEADBEEF
DEADBEEF
DEADBEEF
DEADBEEF
DEADBEEF
DEADBEEF
DEADBEEF
DEADBEEF
DEADBEEF
DEADBEEF
DEADBEEF
DEADBEEF
DEADBEEF
DEADBEEF
DEADBEEF
DEADBEEF
DEADBEEF
DEADBEEF
DEADBEEF
DEADBEEF
DEADBEEF
DEADBEEF
DEADBEEF
DEADBEEF
DEADBEEF
DEADBEEF
DEADBEEF
DEADBEEF
DEADBEEF
DEADBEEF
DEADBEEF
DEADBEEF
DEADBEEF
DEADBEEF
DEADBEEF
DEADBEEF
DEADBEEF
DEADBEEF
DEADBEEF
DEADBEEF
DEADBEEF
DEADBEEF
DEADBEEF
DEADBEEF
DEADBEEF
DEADBEEF
DEADBEEF
DEADBEEF
DEADBEEF
DEADBEEF
DEADBEEF
DEADBEEF
DEADBEEF
DEADBEEF
DEADBEEF
DEADBEEF
DEADBEEF
DEADBEEF
DEADBEEF
DEADBEEF
DEADBEEF
DEADBEEF
DEADBEEF
DEADBEEF
DEADBEEF
DEADBEEF
DEADBEEF
DEADBEEF
DEADBEEF
DEADBEEF
DEADBEEF
DEADBEEF
DEADBEEF
DEADBEEF
DEADBEEF
DEADBEEF
DEADBEEF
DEADBEEF
DEADBEEF
DEADBEEF
DEADBEEF
DEADBEEF
DEADBEEF
DEADBEEF
DEADBEEF
DEADBEEF
DEADBEEF
DEADBEEF
DEADBEEF
DEADBEEF
DEADBEEF
DEADBEEF
DEADBEEF
DEADBEEF
DEADBEEF
DEADBEEF
DEADBEEF
DEADBEEF
DEADBEEF
DEADBEEF
DEADBEEF
DEADBEEF
DEADBEEF
DEADBEEF
DEADBEEF
DEADBEEF
DEADBEEF
DEADBEEF
DEADBEEF
DEADBEEF
DEADBEEF
DEADBEEF
DEADBEEF
DEADBEEF
DEADBEEF
DEADBEEF
DEADBEEF
DEADBEEF
DEADBEEF
DEADBEEF
DEADBEEF
DEADBEEF
DEADBEEF
DEADBEEF
DEADBEEF
DEADBEEF
DEADBEEF
DEADBEEF
DEADBEEF
DEADBEEF
DEADBEEF
DEADBEEF
DEADBEEF
DEADBEEF
DEADBEEF
DEADBEEF
DEADBEEF
DEADBEEF
DEADBEEF
DEADBEEF
DEADBEEF
DEADBEEF
DEADBEEF
DEADBEEF
DEADBEEF
DEADBEEF
DEADBEEF
DEADBEEF
DEADBEEF
DEADBEEF
DEADBEEF
DEADBEEF
DEADBEEF
DEADBEEF
DEADBEEF
DEADBEEF
DEADBEEF
DEADBEEF
DEADBEEF
DEADBEEF
DEADBEEF
DEADBEEF
DEADBEEF
DEADBEEF
DEADBEEF
DEADBEEF
DEADBEEF
DEADBEEF
DEADBEEF
DEADBEEF
DEADBEEF
DEADBEEF
DEADBEEF
DEADBEEF
DEADBEEF
DEADBEEF
DEADBEEF
DEADBEEF
DEADBEEF
DEADBEEF
DEADBEEF
DEADBEEF
DEADBEEF
DEADBEEF
DEADBEEF
DEADBEEF
DEADBEEF
DEADBEEF
DEADBEEF
DEADBEEF
DEADBEEF
DEADBEEF
DEADBEEF
DEADBEEF
DEADBEEF
DEADBEEF
DEADBEEF
DEADBEEF
DEADBEEF
DEADBEEF
DEADBEEF
DEADBEEF
DEADBEEF
DEADBEEF
DEADBEEF
DEADBEEF
DEADBEEF
DEADBEEF
DEADBEEF
DEADBEEF
DEADBEEF
DEADBEEF
DEADBEEF
DEADBEEF
DEADBEEF
DEADBEEF
DEADBEEF
DEADBEEF
DEADBEEF
DEADBEEF
DEADBEEF
DEADBEEF
DEADBEEF
DEADBEEF
DEADBEEF
DEADBEEF
DEADBEEF
DEADBEEF
DEADBEEF
DEADBEEF
DEADBEEF
DEADBEEF
DEADBEEF
DEADBEEF
DEADBEEF
DEADBEEF
DEADBEEF
DEADBEEF
DEADBEEF
DEADBEEF
DEADBEEF
DEADBEEF
DEADBEEF
DEADBEEF
DEADBEEF
DEADBEEF
DEADBEEF
DEADBEEF
DEADBEEF
DEADBEEF
DEADBEEF
DEADBEEF
DEADBEEF
DEADBEEF
DEADBEEF
DEADBEEF
DEADBEEF
DEADBEEF
DEADBEEF
DEADBEEF
DEADBEEF
DEADBEEF
DEADBEEF
DEADBEEF
DEADBEEF
DEADBEEF
DEADBEEF
DEADBEEF
DEADBEEF
DEADBEEF
DEADBEEF
DEADBEEF
DEADBEEF
DEADBEEF
DEADBEEF
DEADBEEF
DEADBEEF
DEADBEEF
DEADBEEF
DEADBEEF
DEADBEEF
DEADBEEF
DEADBEEF
DEADBEEF
DEADBEEF
DEADBEEF
DEADBEEF
DEADBEEF
DEADBEEF
DEADBEEF
DEADBEEF
DEADBEEF
DEADBEEF
DEADBEEF
DEADBEEF
DEADBEEF
DEADBEEF
DEADBEEF
DEADBEEF
DEADBEEF
DEADBEEF
DEADBEEF
DEADBEEF
DEADBEEF
DEADBEEF
DEADBEEF
DEADBEEF
DEADBEEF
DEADBEEF
DEADBEEF
DEADBEEF
DEADBEEF
DEADBEEF
DEADBEEF
DEADBEEF
DEADBEEF
DEADBEEF
DEADBEEF
DEADBEEF
DEADBEEF
DEADBEEF
DEADBEEF
DEADBEEF
DEADBEEF
DEADBEEF
DEADBEEF
DEADBEEF
DEADBEEF
DEADBEEF
DEADBEEF
DEADBEEF
DEADBEEF
DEADBEEF
DEADBEEF
DEADBEEF
DEADBEEF
DEADBEEF
DEADBEEF
DEADBEEF
DEADBEEF
DEADBEEF
DEADBEEF
DEADBEEF
DEADBEEF
DEADBEEF
DEADBEEF
DEADBEEF
DEADBEEF
DEADBEEF
DEADBEEF
DEADBEEF
DEADBEEF
DEADBEEF
DEADBEEF
DEADBEEF
DEADBEEF
DEADBEEF
DEADBEEF
DEADBEEF
DEADBEEF
DEADBEEF
DEADBEEF
DEADBEEF
DEADBEEF
DEADBEEF
DEADBEEF
DEADBEEF
DEADBEEF
DEADBEEF
DEADBEEF
DEADBEEF
DEADBEEF
DEADBEEF
DEADBEEF
DEADBEEF
DEADBEEF
DEADBEEF
DEADBEEF
DEADBEEF
DEADBEEF
DEADBEEF
DEADBEEF
DEADBEEF
DEADBEEF
DEADBEEF
DEADBEEF
DEADBEEF
DEADBEEF
DEADBEEF
DEADBEEF
DEADBEEF
DEADBEEF
DEADBEEF
DEADBEEF
DEADBEEF
DEADBEEF
DEADBEEF
DEADBEEF
DEADBEEF
DEADBEEF
DEADBEEF
DEADBEEF
DEADBEEF
DEADBEEF
DEADBEEF
DEADBEEF
DEADBEEF
DEADBEEF
DEADBEEF
DEADBEEF
DEADBEEF
DEADBEEF
DEADBEEF
DEADBEEF
DEADBEEF
DEADBEEF
DEADBEEF
DEADBEEF
DEADBEEF
DEADBEEF
DEADBEEF
DEADBEEF
DEADBEEF
DEADBEEF
DEADBEEF
DEADBEEF
DEADBEEF
DEADBEEF
DEADBEEF
DEADBEEF
DEADBEEF
DEADBEEF
DEADBEEF
DEADBEEF
DEADBEEF
DEADBEEF
DEADBEEF
DEADBEEF
DEADBEEF
DEADBEEF
DEADBEEF
DEADBEEF
DEADBEEF
DEADBEEF
DEADBEEF
DEADBEEF
DEADBEEF
DEADBEEF
DEADBEEF
DEADBEEF
DEADBEEF
DEADBEEF
DEADBEEF
DEADBEEF
DEADBEEF
DEADBEEF
DEADBEEF
DEADBEEF
DEADBEEF
DEADBEEF
DEADBEEF
DEADBEEF
DEADBEEF
DEADBEEF
DEADBEEF
DEADBEEF
DEADBEEF
DEADBEEF
DEADBEEF
DEADBEEF
DEADBEEF
DEADBEEF
DEADBEEF
DEADBEEF
DEADBEEF
DEADBEEF
DEADBEEF
DEADBEEF
DEADBEEF
DEADBEEF
DEADBEEF
DEADBEEF
DEADBEEF
DEADBEEF
DEADBEEF
DEADBEEF
DEADBEEF
DEADBEEF
DEADBEEF
DEADBEEF
DEADBEEF
DEADBEEF
DEADBEEF
DEADBEEF
DEADBEEF
DEADBEEF
DEADBEEF
DEADBEEF
DEADBEEF
DEADBEEF
DEADBEEF
DEADBEEF
DEADBEEF
DEADBEEF
DEADBEEF
DEADBEEF
DEADBEEF
DEADBEEF
DEADBEEF
DEADBEEF
DEADBEEF
DEADBEEF
DEADBEEF
DEADBEEF
DEADBEEF
DEADBEEF
DEADBEEF
DEADBEEF
DEADBEEF
DEADBEEF
DEADBEEF
DEADBEEF
DEADBEEF
DEADBEEF
DEADBEEF
DEADBEEF
DEADBEEF
DEADBEEF
DEADBEEF
DEADBEEF
DEADBEEF
DEADBEEF
DEADBEEF
DEADBEEF
DEADBEEF
DEADBEEF
DEADBEEF
DEADBEEF
DEADBEEF
DEADBEEF
DEADBEEF
DEADBEEF
DEADBEEF
DEADBEEF
DEADBEEF
DEADBEEF
DEADBEEF
DEADBEEF
DEADBEEF
DEADBEEF
DEADBEEF
DEADBEEF
DEADBEEF
DEADBEEF
DEADBEEF
DEADBEEF
DEADBEEF
DEADBEEF
DEADBEEF
DEADBEEF
DEADBEEF
DEADBEEF
DEADBEEF
DEADBEEF
DEADBEEF
DEADBEEF
DEADBEEF
DEADBEEF
DEADBEEF
DEADBEEF
DEADBEEF
DEADBEEF
DEADBEEF
DEADBEEF
DEADBEEF
DEADBEEF
DEADBEEF
DEADBEEF
DEADBEEF
DEADBEEF
DEADBEEF
DEADBEEF
DEADBEEF
DEADBEEF
DEADBEEF
DEADBEEF
DEADBEEF
DEADBEEF
DEADBEEF
DEADBEEF
DEADBEEF
DEADBEEF
DEADBEEF
DEADBEEF
DEADBEEF
DEADBEEF
DEADBEEF
DEADBEEF
DEADBEEF
DEADBEEF
DEADBEEF
DEADBEEF
DEADBEEF
DEADBEEF
DEADBEEF
DEADBEEF
DEADBEEF
DEADBEEF
DEADBEEF
DEADBEEF
DEADBEEF
DEADBEEF
DEADBEEF
DEADBEEF
DEADBEEF
DEADBEEF
DEADBEEF
DEADBEEF
DEADBEEF
DEADBEEF
DEADBEEF
DEADBEEF
DEADBEEF
DEADBEEF
DEADBEEF
DEADBEEF
DEADBEEF
DEADBEEF
DEADBEEF
DEADBEEF
DEADBEEF
DEADBEEF
DEADBEEF
DEADBEEF
DEADBEEF
DEADBEEF
DEADBEEF
DEADBEEF
DEADBEEF
DEADBEEF
DEADBEEF
DEADBEEF
DEADBEEF
DEADBEEF
DEADBEEF
DEADBEEF
DEADBEEF
DEADBEEF
DEADBEEF
DEADBEEF
DEADBEEF
DEADBEEF
DEADBEEF
DEADBEEF
DEADBEEF
DEADBEEF
DEADBEEF
DEADBEEF
DEADBEEF
DEADBEEF
DEADBEEF
DEADBEEF
DEADBEEF
DEADBEEF
DEADBEEF
DEADBEEF
DEADBEEF
DEADBEEF
DEADBEEF
DEADBEEF
DEADBEEF
DEADBEEF
DEADBEEF
DEADBEEF
DEADBEEF
DEADBEEF
DEADBEEF
DEADBEEF
DEADBEEF
DEADBEEF
DEADBEEF
DEADBEEF
DEADBEEF
DEADBEEF
DEADBEEF
DEADBEEF
DEADBEEF
DEADBEEF
DEADBEEF
DEADBEEF
DEADBEEF
DEADBEEF
DEADBEEF
DEADBEEF
DEADBEEF
DEADBEEF
DEADBEEF
DEADBEEF
DEADBEEF
DEADBEEF
DEADBEEF
DEADBEEF
DEADBEEF
DEADBEEF
DEADBEEF
DEADBEEF
DEADBEEF
DEADBEEF
DEADBEEF
DEADBEEF
DEADBEEF
DEADBEEF
DEADBEEF
DEADBEEF
DEADBEEF
DEADBEEF
DEADBEEF
DEADBEEF
DEADBEEF
DEADBEEF
DEADBEEF
DEADBEEF
DEADBEEF
DEADBEEF
DEADBEEF
DEADBEEF
DEADBEEF
DEADBEEF
DEADBEEF
DEADBEEF
DEADBEEF
DEADBEEF
DEADBEEF
DEADBEEF
DEADBEEF
DEADBEEF
DEADBEEF
DEADBEEF
DEADBEEF
DEADBEEF
DEADBEEF
DEADBEEF
DEADBEEF
DEADBEEF
DEADBEEF
DEADBEEF
DEADBEEF
DEADBEEF
DEADBEEF
DEADBEEF
DEADBEEF
DEADBEEF
DEADBEEF
DEADBEEF
DEADBEEF
DEADBEEF
DEADBEEF
DEADBEEF
DEADBEEF
DEADBEEF
DEADBEEF
DEADBEEF
DEADBEEF
DEADBEEF
DEADBEEF
DEADBEEF
DEADBEEF
DEADBEEF
DEADBEEF
DEADBEEF
DEADBEEF
DEADBEEF
DEADBEEF
DEADBEEF
DEADBEEF
DEADBEEF
DEADBEEF
DEADBEEF
DEADBEEF
DEADBEEF
DEADBEEF
DEADBEEF
DEADBEEF
DEADBEEF
DEADBEEF
DEADBEEF
DEADBEEF
DEADBEEF
DEADBEEF
DEADBEEF
DEADBEEF
DEADBEEF
DEADBEEF
DEADBEEF
DEADBEEF
DEADBEEF
DEADBEEF
DEADBEEF
DEADBEEF
DEADBEEF
DEADBEEF
DEADBEEF
DEADBEEF
DEADBEEF
DEADBEEF
DEADBEEF
DEADBEEF
DEADBEEF
DEADBEEF
DEADBEEF
DEADBEEF
DEADBEEF
DEADBEEF
DEADBEEF
DEADBEEF
DEADBEEF
DEADBEEF
DEADBEEF
DEADBEEF
DEADBEEF
DEADBEEF
DEADBEEF
DEADBEEF
DEADBEEF
DEADBEEF
DEADBEEF
DEADBEEF
DEADBEEF
DEADBEEF
DEADBEEF
DEADBEEF
DEADBEEF
DEADBEEF
DEADBEEF
DEADBEEF
DEADBEEF
DEADBEEF
DEADBEEF
DEADBEEF
DEADBEEF
DEADBEEF
DEADBEEF
DEADBEEF
DEADBEEF
DEADBEEF
DEADBEEF
DEADBEEF
DEADBEEF
DEADBEEF
DEADBEEF
DEADBEEF
DEADBEEF
DEADBEEF
DEADBEEF
DEADBEEF
DEADBEEF
DEADBEEF
DEADBEEF
DEADBEEF
DEADBEEF
DEADBEEF
DEADBEEF
DEADBEEF
DEADBEEF
DEADBEEF
DEADBEEF
DEADBEEF
DEADBEEF
DEADBEEF
DEADBEEF
DEADBEEF
DEADBEEF
DEADBEEF
DEADBEEF
DEADBEEF
DEADBEEF
DEADBEEF
DEADBEEF
DEADBEEF
DEADBEEF
DEADBEEF
DEADBEEF
DEADBEEF
DEADBEEF
DEADBEEF
DEADBEEF
DEADBEEF
DEADBEEF
DEADBEEF
DEADBEEF
DEADBEEF
DEADBEEF
DEADBEEF
DEADBEEF
DEADBEEF
DEADBEEF
DEADBEEF
DEADBEEF
DEADBEEF
DEADBEEF
DEADBEEF
DEADBEEF
DEADBEEF
DEADBEEF
DEADBEEF
DEADBEEF
DEADBEEF
DEADBEEF
DEADBEEF
DEADBEEF
DEADBEEF
DEADBEEF
DEADBEEF
DEADBEEF
DEADBEEF
DEADBEEF
DEADBEEF
DEADBEEF
DEADBEEF
DEADBEEF
DEADBEEF
DEADBEEF
DEADBEEF
DEADBEEF
DEADBEEF
DEADBEEF
DEADBEEF
DEADBEEF
DEADBEEF
DEADBEEF
DEADBEEF
DEADBEEF
DEADBEEF
DEADBEEF
DEADBEEF
DEADBEEF
DEADBEEF
DEADBEEF
DEADBEEF
DEADBEEF
DEADBEEF
DEADBEEF
DEADBEEF
DEADBEEF
DEADBEEF
DEADBEEF
DEADBEEF
DEADBEEF
DEADBEEF
DEADBEEF
DEADBEEF
DEADBEEF
DEADBEEF
DEADBEEF
DEADBEEF
DEADBEEF
DEADBEEF
DEADBEEF
DEADBEEF
DEADBEEF
DEADBEEF
DEADBEEF
DEADBEEF
DEADBEEF
DEADBEEF
DEADBEEF
DEADBEEF
DEADBEEF
DEADBEEF
DEADBEEF
DEADBEEF
DEADBEEF
DEADBEEF
DEADBEEF
DEADBEEF
DEADBEEF
DEADBEEF
DEADBEEF
DEADBEEF
DEADBEEF
DEADBEEF
DEADBEEF
DEADBEEF
DEADBEEF
DEADBEEF
DEADBEEF
DEADBEEF
DEADBEEF
DEADBEEF
DEADBEEF
DEADBEEF
DEADBEEF
DEADBEEF
DEADBEEF
DEADBEEF
DEADBEEF
DEADBEEF
DEADBEEF
DEADBEEF
DEADBEEF
DEADBEEF
DEADBEEF
DEADBEEF
DEADBEEF
DEADBEEF
DEADBEEF
DEADBEEF
DEADBEEF
DEADBEEF
DEADBEEF
DEADBEEF
DEADBEEF
DEADBEEF
DEADBEEF
DEADBEEF
DEADBEEF
DEADBEEF
DEADBEEF
DEADBEEF
DEADBEEF
DEADBEEF
DEADBEEF
DEADBEEF
DEADBEEF
DEADBEEF
DEADBEEF
DEADBEEF
DEADBEEF
DEADBEEF
DEADBEEF
DEADBEEF
DEADBEEF
DEADBEEF
DEADBEEF
DEADBEEF
DEADBEEF
DEADBEEF
DEADBEEF
DEADBEEF
DEADBEEF
DEADBEEF
DEADBEEF
DEADBEEF
DEADBEEF
DEADBEEF
DEADBEEF
DEADBEEF
DEADBEEF
DEADBEEF
DEADBEEF
DEADBEEF
DEADBEEF
DEADBEEF
DEADBEEF
DEADBEEF
DEADBEEF
DEADBEEF
DEADBEEF
DEADBEEF
DEADBEEF
DEADBEEF
DEADBEEF
DEADBEEF
DEADBEEF
DEADBEEF
DEADBEEF
DEADBEEF
DEADBEEF
DEADBEEF
DEADBEEF
DEADBEEF
DEADBEEF
DEADBEEF
DEADBEEF
DEADBEEF
DEADBEEF
DEADBEEF
DEADBEEF
DEADBEEF
DEADBEEF
DEADBEEF
DEADBEEF
DEADBEEF
DEADBEEF
DEADBEEF
DEADBEEF
DEADBEEF
DEADBEEF
DEADBEEF
DEADBEEF
DEADBEEF
DEADBEEF
DEADBEEF
DEADBEEF
DEADBEEF
DEADBEEF
DEADBEEF
DEADBEEF
DEADBEEF
DEADBEEF
DEADBEEF
DEADBEEF
DEADBEEF
DEADBEEF
DEADBEEF
DEADBEEF
DEADBEEF
DEADBEEF
DEADBEEF
DEADBEEF
DEADBEEF
DEADBEEF
DEADBEEF
DEADBEEF
DEADBEEF
DEADBEEF
DEADBEEF
DEADBEEF
DEADBEEF
DEADBEEF
DEADBEEF
DEADBEEF
DEADBEEF
DEADBEEF
DEADBEEF
DEADBEEF
DEADBEEF
DEADBEEF
DEADBEEF
DEADBEEF
DEADBEEF
DEADBEEF
DEADBEEF
DEADBEEF
DEADBEEF
DEADBEEF
DEADBEEF
DEADBEEF
DEADBEEF
DEADBEEF
DEADBEEF
DEADBEEF
DEADBEEF
DEADBEEF
DEADBEEF
DEADBEEF
DEADBEEF
DEADBEEF
DEADBEEF
DEADBEEF
DEADBEEF
DEADBEEF
DEADBEEF
DEADBEEF
DEADBEEF
DEADBEEF
DEADBEEF
DEADBEEF
DEADBEEF
DEADBEEF
DEADBEEF
DEADBEEF
DEADBEEF
DEADBEEF
DEADBEEF
DEADBEEF
DEADBEEF
DEADBEEF
DEADBEEF
DEADBEEF
DEADBEEF
DEADBEEF
DEADBEEF
DEADBEEF
DEADBEEF
DEADBEEF
DEADBEEF
DEADBEEF
DEADBEEF
DEADBEEF
DEADBEEF
DEADBEEF
DEADBEEF
DEADBEEF
DEADBEEF
DEADBEEF
DEADBEEF
DEADBEEF
DEADBEEF
DEADBEEF
DEADBEEF
DEADBEEF
DEADBEEF
DEADBEEF
DEADBEEF
DEADBEEF
DEADBEEF
DEADBEEF
DEADBEEF
DEADBEEF
DEADBEEF
DEADBEEF
DEADBEEF
DEADBEEF
DEADBEEF
DEADBEEF
DEADBEEF
DEADBEEF
DEADBEEF
DEADBEEF
DEADBEEF
DEADBEEF
DEADBEEF
DEADBEEF
DEADBEEF
DEADBEEF
DEADBEEF
DEADBEEF
DEADBEEF
DEADBEEF
DEADBEEF
DEADBEEF
DEADBEEF
DEADBEEF
DEADBEEF
DEADBEEF
DEADBEEF
DEADBEEF
DEADBEEF
DEADBEEF
DEADBEEF
DEADBEEF
DEADBEEF
DEADBEEF
DEADBEEF
DEADBEEF
DEADBEEF
DEADBEEF
DEADBEEF
DEADBEEF
DEADBEEF
DEADBEEF
DEADBEEF
DEADBEEF
DEADBEEF
DEADBEEF
DEADBEEF
DEADBEEF
DEADBEEF
DEADBEEF
DEADBEEF
DEADBEEF
DEADBEEF
DEADBEEF
DEADBEEF
DEADBEEF
DEADBEEF
DEADBEEF
DEADBEEF
DEADBEEF
DEADBEEF
DEADBEEF
DEADBEEF
DEADBEEF
DEADBEEF
DEADBEEF
DEADBEEF
DEADBEEF
DEADBEEF
DEADBEEF
DEADBEEF
DEADBEEF
DEADBEEF
DEADBEEF
DEADBEEF
DEADBEEF
DEADBEEF
DEADBEEF
DEADBEEF
DEADBEEF
DEADBEEF
DEADBEEF
DEADBEEF
DEADBEEF
DEADBEEF
DEADBEEF
DEADBEEF
DEADBEEF
DEADBEEF
DEADBEEF
DEADBEEF
DEADBEEF
DEADBEEF
DEADBEEF
DEADBEEF
DEADBEEF
DEADBEEF
DEADBEEF
DEADBEEF
DEADBEEF
DEADBEEF
DEADBEEF
DEADBEEF
DEADBEEF
DEADBEEF
DEADBEEF
DEADBEEF
DEADBEEF
DEADBEEF
DEADBEEF
DEADBEEF
DEADBEEF
DEADBEEF
DEADBEEF
DEADBEEF
DEADBEEF
DEADBEEF
DEADBEEF
DEADBEEF
DEADBEEF
DEADBEEF
DEADBEEF
DEADBEEF
DEADBEEF
DEADBEEF
DEADBEEF
DEADBEEF
DEADBEEF
DEADBEEF
DEADBEEF
DEADBEEF
DEADBEEF
DEADBEEF
DEADBEEF
DEADBEEF
DEADBEEF
DEADBEEF
DEADBEEF
DEADBEEF
DEADBEEF
DEADBEEF
DEADBEEF
DEADBEEF
DEADBEEF
DEADBEEF
DEADBEEF
DEADBEEF
DEADBEEF
DEADBEEF
DEADBEEF
DEADBEEF
DEADBEEF
DEADBEEF
DEADBEEF
DEADBEEF
DEADBEEF
DEADBEEF
DEADBEEF
DEADBEEF
DEADBEEF
DEADBEEF
DEADBEEF
DEADBEEF
DEADBEEF
DEADBEEF
DEADBEEF
DEADBEEF
DEADBEEF
DEADBEEF
DEADBEEF
DEADBEEF
DEADBEEF
DEADBEEF
DEADBEEF
DEADBEEF
DEADBEEF
DEADBEEF
DEADBEEF
DEADBEEF
DEADBEEF
DEADBEEF
DEADBEEF
DEADBEEF
DEADBEEF
DEADBEEF
DEADBEEF
DEADBEEF
DEADBEEF
DEADBEEF
DEADBEEF
DEADBEEF
DEADBEEF
DEADBEEF
DEADBEEF
DEADBEEF
DEADBEEF
DEADBEEF
DEADBEEF
DEADBEEF
DEADBEEF
DEADBEEF
DEADBEEF
DEADBEEF
DEADBEEF
DEADBEEF
DEADBEEF
DEADBEEF
DEADBEEF
DEADBEEF
DEADBEEF
DEADBEEF
DEADBEEF
DEADBEEF
DEADBEEF
DEADBEEF
DEADBEEF
DEADBEEF
DEADBEEF
DEADBEEF
DEADBEEF
DEADBEEF
DEADBEEF
DEADBEEF
DEADBEEF
DEADBEEF
DEADBEEF
DEADBEEF
DEADBEEF
DEADBEEF
DEADBEEF
DEADBEEF
DEADBEEF
DEADBEEF
DEADBEEF
DEADBEEF
DEADBEEF
DEADBEEF
DEADBEEF
DEADBEEF
DEADBEEF
DEADBEEF
DEADBEEF
DEADBEEF
DEADBEEF
DEADBEEF
DEADBEEF
DEADBEEF
DEADBEEF
DEADBEEF
DEADBEEF
DEADBEEF
DEADBEEF
DEADBEEF
DEADBEEF
DEADBEEF
DEADBEEF
DEADBEEF
DEADBEEF
DEADBEEF
DEADBEEF
DEADBEEF
DEADBEEF
DEADBEEF
DEADBEEF
DEADBEEF
DEADBEEF
DEADBEEF
DEADBEEF
DEADBEEF
DEADBEEF
DEADBEEF
DEADBEEF
DEADBEEF
DEADBEEF
DEADBEEF
DEADBEEF
DEADBEEF
DEADBEEF
DEADBEEF
DEADBEEF
DEADBEEF
DEADBEEF
DEADBEEF
DEADBEEF
DEADBEEF
DEADBEEF
DEADBEEF
DEADBEEF
DEADBEEF
DEADBEEF
DEADBEEF
DEADBEEF
DEADBEEF
DEADBEEF
DEADBEEF
DEADBEEF
DEADBEEF
DEADBEEF
DEADBEEF
DEADBEEF
DEADBEEF
DEADBEEF
DEADBEEF
DEADBEEF
DEADBEEF
DEADBEEF
DEADBEEF
DEADBEEF
DEADBEEF
DEADBEEF
DEADBEEF
DEADBEEF
DEADBEEF
DEADBEEF
DEADBEEF
DEADBEEF
DEADBEEF
DEADBEEF
DEADBEEF
DEADBEEF
DEADBEEF
DEADBEEF
DEADBEEF
DEADBEEF
DEADBEEF
DEADBEEF
DEADBEEF
DEADBEEF
DEADBEEF
DEADBEEF
DEADBEEF
DEADBEEF
DEADBEEF
DEADBEEF
DEADBEEF
DEADBEEF
DEADBEEF
DEADBEEF
DEADBEEF
DEADBEEF
DEADBEEF
DEADBEEF
DEADBEEF
DEADBEEF
DEADBEEF
DEADBEEF
DEADBEEF
DEADBEEF
DEADBEEF
DEADBEEF
DEADBEEF
DEADBEEF
DEADBEEF
DEADBEEF
DEADBEEF
DEADBEEF
DEADBEEF
DEADBEEF
DEADBEEF
DEADBEEF
DEADBEEF
DEADBEEF
DEADBEEF
DEADBEEF
DEADBEEF
DEADBEEF
DEADBEEF
DEADBEEF
DEADBEEF
DEADBEEF
DEADBEEF
DEADBEEF
DEADBEEF
DEADBEEF
DEADBEEF
DEADBEEF
DEADBEEF
DEADBEEF
DEADBEEF
DEADBEEF
DEADBEEF
DEADBEEF
DEADBEEF
DEADBEEF
DEADBEEF
DEADBEEF
DEADBEEF
DEADBEEF
DEADBEEF
DEADBEEF
DEADBEEF
DEADBEEF
DEADBEEF
DEADBEEF
DEADBEEF
DEADBEEF
DEADBEEF
DEADBEEF
DEADBEEF
DEADBEEF
DEADBEEF
DEADBEEF
DEADBEEF
DEADBEEF
DEADBEEF
DEADBEEF
DEADBEEF
DEADBEEF
DEADBEEF
DEADBEEF
DEADBEEF
DEADBEEF
DEADBEEF
DEADBEEF
DEADBEEF
DEADBEEF
DEADBEEF
DEADBEEF
DEADBEEF
DEADBEEF
DEADBEEF
DEADBEEF
DEADBEEF
DEADBEEF
DEADBEEF
DEADBEEF
DEADBEEF
DEADBEEF
DEADBEEF
DEADBEEF
DEADBEEF
DEADBEEF
DEADBEEF
DEADBEEF
DEADBEEF
DEADBEEF
DEADBEEF
DEADBEEF
DEADBEEF
DEADBEEF
DEADBEEF
DEADBEEF
DEADBEEF
DEADBEEF
DEADBEEF
DEADBEEF
DEADBEEF
DEADBEEF
DEADBEEF
DEADBEEF
DEADBEEF
DEADBEEF
DEADBEEF
DEADBEEF
DEADBEEF
DEADBEEF
DEADBEEF
DEADBEEF
DEADBEEF
DEADBEEF
DEADBEEF
DEADBEEF
DEADBEEF
DEADBEEF
DEADBEEF
DEADBEEF
DEADBEEF
DEADBEEF
DEADBEEF
DEADBEEF
DEADBEEF
DEADBEEF
DEADBEEF
DEADBEEF
DEADBEEF
DEADBEEF
DEADBEEF
DEADBEEF
DEADBEEF
DEADBEEF
DEADBEEF
DEADBEEF
DEADBEEF
DEADBEEF
DEADBEEF
DEADBEEF
DEADBEEF
DEADBEEF
DEADBEEF
DEADBEEF
DEADBEEF
DEADBEEF
DEADBEEF
DEADBEEF
DEADBEEF
DEADBEEF
DEADBEEF
DEADBEEF
DEADBEEF
DEADBEEF
DEADBEEF
DEADBEEF
DEADBEEF
DEADBEEF
DEADBEEF
DEADBEEF
DEADBEEF
DEADBEEF
DEADBEEF
DEADBEEF
DEADBEEF
DEADBEEF
DEADBEEF
DEADBEEF
DEADBEEF
DEADBEEF
DEADBEEF
DEADBEEF
DEADBEEF
DEADBEEF
DEADBEEF
DEADBEEF
DEADBEEF
DEADBEEF
DEADBEEF
DEADBEEF
DEADBEEF
DEADBEEF
DEADBEEF
DEADBEEF
DEADBEEF
DEADBEEF
DEADBEEF
DEADBEEF
DEADBEEF
DEADBEEF
DEADBEEF
DEADBEEF
DEADBEEF
DEADBEEF
DEADBEEF
DEADBEEF
DEADBEEF
DEADBEEF
DEADBEEF
DEADBEEF
DEADBEEF
DEADBEEF
DEADBEEF
DEADBEEF
DEADBEEF
DEADBEEF
DEADBEEF
DEADBEEF
DEADBEEF
DEADBEEF
DEADBEEF
DEADBEEF
DEADBEEF
DEADBEEF
DEADBEEF
DEADBEEF
DEADBEEF
DEADBEEF
DEADBEEF
DEADBEEF
DEADBEEF
DEADBEEF
DEADBEEF
DEADBEEF
DEADBEEF
DEADBEEF
DEADBEEF
DEADBEEF
DEADBEEF
DEADBEEF
DEADBEEF
DEADBEEF
DEADBEEF
DEADBEEF
DEADBEEF
DEADBEEF
DEADBEEF
DEADBEEF
DEADBEEF
DEADBEEF
DEADBEEF
DEADBEEF
DEADBEEF
DEADBEEF
DEADBEEF
DEADBEEF
DEADBEEF
DEADBEEF
DEADBEEF
DEADBEEF
DEADBEEF
DEADBEEF
DEADBEEF
DEADBEEF
DEADBEEF
DEADBEEF
DEADBEEF
DEADBEEF
DEADBEEF
DEADBEEF
DEADBEEF
DEADBEEF
DEADBEEF
DEADBEEF
DEADBEEF
DEADBEEF
DEADBEEF
DEADBEEF
DEADBEEF
DEADBEEF
DEADBEEF
DEADBEEF
DEADBEEF
DEADBEEF
DEADBEEF
DEADBEEF
DEADBEEF
DEADBEEF
DEADBEEF
DEADBEEF
DEADBEEF
DEADBEEF
DEADBEEF
DEADBEEF
DEADBEEF
DEADBEEF
DEADBEEF
DEADBEEF
DEADBEEF
DEADBEEF
DEADBEEF
DEADBEEF
DEADBEEF
DEADBEEF
DEADBEEF
DEADBEEF
DEADBEEF
DEADBEEF
DEADBEEF
DEADBEEF
DEADBEEF
DEADBEEF
DEADBEEF
DEADBEEF
DEADBEEF
DEADBEEF
DEADBEEF
DEADBEEF
DEADBEEF
DEADBEEF
DEADBEEF
DEADBEEF
DEADBEEF
DEADBEEF
DEADBEEF
DEADBEEF
DEADBEEF
DEADBEEF
DEADBEEF
DEADBEEF
DEADBEEF
DEADBEEF
DEADBEEF
DEADBEEF
DEADBEEF
DEADBEEF
DEADBEEF
DEADBEEF
DEADBEEF
DEADBEEF
DEADBEEF
DEADBEEF
DEADBEEF
DEADBEEF
DEADBEEF
DEADBEEF
DEADBEEF
DEADBEEF
DEADBEEF
DEADBEEF
DEADBEEF
DEADBEEF
DEADBEEF
DEADBEEF
DEADBEEF
DEADBEEF
DEADBEEF
DEADBEEF
DEADBEEF
DEADBEEF
DEADBEEF
DEADBEEF
DEADBEEF
DEADBEEF
DEADBEEF
DEADBEEF
DEADBEEF
DEADBEEF
DEADBEEF
DEADBEEF
DEADBEEF
DEADBEEF
DEADBEEF
DEADBEEF
DEADBEEF
DEADBEEF
DEADBEEF
DEADBEEF
DEADBEEF
DEADBEEF
DEADBEEF
DEADBEEF
DEADBEEF
DEADBEEF
DEADBEEF
DEADBEEF
DEADBEEF
DEADBEEF
DEADBEEF
DEADBEEF
DEADBEEF
DEADBEEF
DEADBEEF
DEADBEEF
DEADBEEF
DEADBEEF
DEADBEEF
DEADBEEF
DEADBEEF
DEADBEEF
DEADBEEF
DEADBEEF
DEADBEEF
DEADBEEF
DEADBEEF
DEADBEEF
DEADBEEF
DEADBEEF
DEADBEEF
DEADBEEF
DEADBEEF
DEADBEEF
DEADBEEF
DEADBEEF
DEADBEEF
DEADBEEF
DEADBEEF
DEADBEEF
DEADBEEF
DEADBEEF
DEADBEEF
DEADBEEF
DEADBEEF
DEADBEEF
DEADBEEF
DEADBEEF
DEADBEEF
DEADBEEF
DEADBEEF
DEADBEEF
DEADBEEF
DEADBEEF
DEADBEEF
DEADBEEF
DEADBEEF
DEADBEEF
DEADBEEF
DEADBEEF
DEADBEEF
DEADBEEF
DEADBEEF
DEADBEEF
DEADBEEF
DEADBEEF
DEADBEEF
DEADBEEF
DEADBEEF
DEADBEEF
DEADBEEF
DEADBEEF
DEADBEEF
DEADBEEF
DEADBEEF
DEADBEEF
DEADBEEF
DEADBEEF
DEADBEEF
DEADBEEF
DEADBEEF
DEADBEEF
DEADBEEF
DEADBEEF
DEADBEEF
DEADBEEF
DEADBEEF
DEADBEEF
DEADBEEF
DEADBEEF
DEADBEEF
DEADBEEF
DEADBEEF
DEADBEEF
DEADBEEF
DEADBEEF
DEADBEEF
DEADBEEF
DEADBEEF
DEADBEEF
DEADBEEF
DEADBEEF
DEADBEEF
DEADBEEF
DEADBEEF
DEADBEEF
DEADBEEF
DEADBEEF
DEADBEEF
DEADBEEF
DEADBEEF
DEADBEEF
DEADBEEF
DEADBEEF
DEADBEEF
DEADBEEF
DEADBEEF
DEADBEEF
DEADBEEF
DEADBEEF
DEADBEEF
DEADBEEF
DEADBEEF
DEADBEEF
DEADBEEF
DEADBEEF
DEADBEEF
DEADBEEF
DEADBEEF
DEADBEEF
DEADBEEF
DEADBEEF
DEADBEEF
DEADBEEF
DEADBEEF
DEADBEEF
DEADBEEF
DEADBEEF
DEADBEEF
DEADBEEF
DEADBEEF
DEADBEEF
DEADBEEF
DEADBEEF
DEADBEEF
DEADBEEF
DEADBEEF
DEADBEEF
DEADBEEF
DEADBEEF
DEADBEEF
DEADBEEF
DEADBEEF
DEADBEEF
DEADBEEF
DEADBEEF
DEADBEEF
DEADBEEF
DEADBEEF
DEADBEEF
DEADBEEF
DEADBEEF
DEADBEEF
DEADBEEF
DEADBEEF
DEADBEEF
DEADBEEF
DEADBEEF
DEADBEEF
DEADBEEF
DEADBEEF
DEADBEEF
DEADBEEF
DEADBEEF
DEADBEEF
DEADBEEF
DEADBEEF
DEADBEEF
DEADBEEF
DEADBEEF
DEADBEEF
DEADBEEF
DEADBEEF
DEADBEEF
DEADBEEF
DEADBEEF
DEADBEEF
DEADBEEF
DEADBEEF
DEADBEEF
DEADBEEF
DEADBEEF
DEADBEEF
DEADBEEF
DEADBEEF
DEADBEEF
DEADBEEF
DEADBEEF
DEADBEEF
DEADBEEF
DEADBEEF
DEADBEEF
DEADBEEF
DEADBEEF
DEADBEEF
DEADBEEF
DEADBEEF
DEADBEEF
DEADBEEF
DEADBEEF
DEADBEEF
DEADBEEF
DEADBEEF
DEADBEEF
DEADBEEF
DEADBEEF
DEADBEEF
DEADBEEF
DEADBEEF
DEADBEEF
DEADBEEF
DEADBEEF
DEADBEEF
DEADBEEF
DEADBEEF
DEADBEEF
DEADBEEF
DEADBEEF
DEADBEEF
DEADBEEF
DEADBEEF
DEADBEEF
DEADBEEF
DEADBEEF
DEADBEEF
DEADBEEF
DEADBEEF
DEADBEEF
DEADBEEF
DEADBEEF
DEADBEEF
DEADBEEF
DEADBEEF
DEADBEEF
DEADBEEF
DEADBEEF
DEADBEEF
DEADBEEF
DEADBEEF
DEADBEEF
DEADBEEF
DEADBEEF
DEADBEEF
DEADBEEF
DEADBEEF
DEADBEEF
DEADBEEF
DEADBEEF
DEADBEEF
DEADBEEF
DEADBEEF
DEADBEEF
DEADBEEF
DEADBEEF
DEADBEEF
DEADBEEF
DEADBEEF
DEADBEEF
DEADBEEF
DEADBEEF
DEADBEEF
DEADBEEF
DEADBEEF
DEADBEEF
DEADBEEF
DEADBEEF
DEADBEEF
DEADBEEF
DEADBEEF
DEADBEEF
DEADBEEF
DEADBEEF
DEADBEEF
DEADBEEF
DEADBEEF
DEADBEEF
DEADBEEF
DEADBEEF
DEADBEEF
DEADBEEF
DEADBEEF
DEADBEEF
DEADBEEF
DEADBEEF
DEADBEEF
DEADBEEF
DEADBEEF
DEADBEEF
DEADBEEF
DEADBEEF
DEADBEEF
DEADBEEF
DEADBEEF
DEADBEEF
DEADBEEF
DEADBEEF
DEADBEEF
DEADBEEF
DEADBEEF
DEADBEEF
DEADBEEF
DEADBEEF
DEADBEEF
DEADBEEF
DEADBEEF
DEADBEEF
DEADBEEF
DEADBEEF
DEADBEEF
DEADBEEF
DEADBEEF
DEADBEEF
DEADBEEF
DEADBEEF
DEADBEEF
DEADBEEF
DEADBEEF
DEADBEEF
DEADBEEF
DEADBEEF
DEADBEEF
DEADBEEF
DEADBEEF
DEADBEEF
DEADBEEF
DEADBEEF
DEADBEEF
DEADBEEF
DEADBEEF
DEADBEEF
DEADBEEF
DEADBEEF
DEADBEEF
DEADBEEF
DEADBEEF
DEADBEEF
DEADBEEF
DEADBEEF
DEADBEEF
DEADBEEF
DEADBEEF
DEADBEEF
DEADBEEF
DEADBEEF
DEADBEEF
DEADBEEF
DEADBEEF
DEADBEEF
DEADBEEF
DEADBEEF
DEADBEEF
DEADBEEF
DEADBEEF
DEADBEEF
DEADBEEF
DEADBEEF
DEADBEEF
DEADBEEF
DEADBEEF
DEADBEEF
DEADBEEF
DEADBEEF
DEADBEEF
DEADBEEF
DEADBEEF
DEADBEEF
DEADBEEF
DEADBEEF
DEADBEEF
DEADBEEF
DEADBEEF
DEADBEEF
DEADBEEF
DEADBEEF
DEADBEEF
DEADBEEF
DEADBEEF
DEADBEEF
DEADBEEF
DEADBEEF
DEADBEEF
DEADBEEF
DEADBEEF
DEADBEEF
DEADBEEF
DEADBEEF
DEADBEEF
DEADBEEF
DEADBEEF
DEADBEEF
DEADBEEF
DEADBEEF
DEADBEEF
DEADBEEF
DEADBEEF
DEADBEEF
DEADBEEF
DEADBEEF
DEADBEEF
DEADBEEF
DEADBEEF
DEADBEEF
DEADBEEF
DEADBEEF
DEADBEEF
DEADBEEF
DEADBEEF
DEADBEEF
DEADBEEF
DEADBEEF
DEADBEEF
DEADBEEF
DEADBEEF
DEADBEEF
DEADBEEF
DEADBEEF
DEADBEEF
DEADBEEF
DEADBEEF
DEADBEEF
DEADBEEF
DEADBEEF
DEADBEEF
DEADBEEF
DEADBEEF
DEADBEEF
DEADBEEF
DEADBEEF
DEADBEEF
DEADBEEF
DEADBEEF
DEADBEEF
DEADBEEF
DEADBEEF
DEADBEEF
DEADBEEF
DEADBEEF
DEADBEEF
DEADBEEF
DEADBEEF
DEADBEEF
DEADBEEF
DEADBEEF
DEADBEEF
DEADBEEF
DEADBEEF
DEADBEEF
DEADBEEF
DEADBEEF
DEADBEEF
DEADBEEF
DEADBEEF
DEADBEEF
DEADBEEF
DEADBEEF
DEADBEEF
DEADBEEF
DEADBEEF
DEADBEEF
DEADBEEF
DEADBEEF
DEADBEEF
DEADBEEF
DEADBEEF
DEADBEEF
DEADBEEF
DEADBEEF
DEADBEEF
DEADBEEF
DEADBEEF
DEADBEEF
DEADBEEF
DEADBEEF
DEADBEEF
DEADBEEF
DEADBEEF
DEADBEEF
DEADBEEF
DEADBEEF
DEADBEEF
DEADBEEF
DEADBEEF
DEADBEEF
DEADBEEF
DEADBEEF
DEADBEEF
DEADBEEF
DEADBEEF
DEADBEEF
DEADBEEF
DEADBEEF
DEADBEEF
DEADBEEF
DEADBEEF
DEADBEEF
DEADBEEF
DEADBEEF
DEADBEEF
DEADBEEF
DEADBEEF
DEADBEEF
DEADBEEF
DEADBEEF
DEADBEEF
DEADBEEF
DEADBEEF
DEADBEEF
DEADBEEF
DEADBEEF
DEADBEEF
DEADBEEF
DEADBEEF
DEADBEEF
DEADBEEF
DEADBEEF
DEADBEEF
DEADBEEF
DEADBEEF
DEADBEEF
DEADBEEF
DEADBEEF
DEADBEEF
DEADBEEF
DEADBEEF
DEADBEEF
DEADBEEF
DEADBEEF
DEADBEEF
DEADBEEF
DEADBEEF
DEADBEEF
DEADBEEF
DEADBEEF
DEADBEEF
DEADBEEF
DEADBEEF
DEADBEEF
DEADBEEF
DEADBEEF
DEADBEEF
DEADBEEF
DEADBEEF
DEADBEEF
DEADBEEF
DEADBEEF
DEADBEEF
DEADBEEF
DEADBEEF
DEADBEEF
DEADBEEF
DEADBEEF
DEADBEEF
DEADBEEF
DEADBEEF
DEADBEEF
DEADBEEF
DEADBEEF
DEADBEEF
DEADBEEF
DEADBEEF
DEADBEEF
DEADBEEF
DEADBEEF
DEADBEEF
DEADBEEF
DEADBEEF
DEADBEEF
DEADBEEF
DEADBEEF
DEADBEEF
DEADBEEF
DEADBEEF
DEADBEEF
DEADBEEF
DEADBEEF
DEADBEEF
DEADBEEF
DEADBEEF
DEADBEEF
DEADBEEF
DEADBEEF
DEADBEEF
DEADBEEF
DEADBEEF
DEADBEEF
DEADBEEF
DEADBEEF
DEADBEEF
DEADBEEF
DEADBEEF
DEADBEEF
DEADBEEF
DEADBEEF
DEADBEEF
DEADBEEF
DEADBEEF
DEADBEEF
DEADBEEF
DEADBEEF
DEADBEEF
DEADBEEF
DEADBEEF
DEADBEEF
DEADBEEF
DEADBEEF
DEADBEEF
DEADBEEF
DEADBEEF
DEADBEEF
DEADBEEF
DEADBEEF
DEADBEEF
DEADBEEF
DEADBEEF
DEADBEEF
DEADBEEF
DEADBEEF
DEADBEEF
DEADBEEF
DEADBEEF
DEADBEEF
DEADBEEF
DEADBEEF
DEADBEEF
DEADBEEF
DEADBEEF
DEADBEEF
DEADBEEF
DEADBEEF
DEADBEEF
DEADBEEF
DEADBEEF
DEADBEEF
DEADBEEF
DEADBEEF
DEADBEEF
DEADBEEF
DEADBEEF
DEADBEEF
DEADBEEF
DEADBEEF
DEADBEEF
DEADBEEF
DEADBEEF
DEADBEEF
DEADBEEF
DEADBEEF
DEADBEEF
DEADBEEF
DEADBEEF
DEADBEEF
DEADBEEF
DEADBEEF
DEADBEEF
DEADBEEF
DEADBEEF
DEADBEEF
DEADBEEF
DEADBEEF
DEADBEEF
DEADBEEF
DEADBEEF
DEADBEEF
DEADBEEF
DEADBEEF
DEADBEEF
DEADBEEF
DEADBEEF
DEADBEEF
DEADBEEF
DEADBEEF
DEADBEEF
DEADBEEF
DEADBEEF
DEADBEEF
DEADBEEF
DEADBEEF
DEADBEEF
DEADBEEF
DEADBEEF
DEADBEEF
DEADBEEF
DEADBEEF
DEADBEEF
DEADBEEF
DEADBEEF
DEADBEEF
DEADBEEF
DEADBEEF
DEADBEEF
DEADBEEF
DEADBEEF
DEADBEEF
DEADBEEF
DEADBEEF
DEADBEEF
DEADBEEF
DEADBEEF
DEADBEEF
DEADBEEF
DEADBEEF
DEADBEEF
DEADBEEF
DEADBEEF
DEADBEEF
DEADBEEF
DEADBEEF
DEADBEEF
DEADBEEF
DEADBEEF
DEADBEEF
DEADBEEF
DEADBEEF
DEADBEEF
DEADBEEF
DEADBEEF
DEADBEEF
DEADBEEF
DEADBEEF
DEADBEEF
DEADBEEF
DEADBEEF
DEADBEEF
DEADBEEF
DEADBEEF
DEADBEEF
DEADBEEF
DEADBEEF
DEADBEEF
DEADBEEF
DEADBEEF
DEADBEEF
DEADBEEF
DEADBEEF
DEADBEEF
DEADBEEF
DEADBEEF
DEADBEEF
DEADBEEF
DEADBEEF
DEADBEEF
DEADBEEF
DEADBEEF
DEADBEEF
DEADBEEF
DEADBEEF
DEADBEEF
DEADBEEF
DEADBEEF
DEADBEEF
DEADBEEF
DEADBEEF
DEADBEEF
DEADBEEF
DEADBEEF
DEADBEEF
DEADBEEF
DEADBEEF
DEADBEEF
DEADBEEF
DEADBEEF
DEADBEEF
DEADBEEF
DEADBEEF
DEADBEEF
DEADBEEF
DEADBEEF
DEADBEEF
DEADBEEF
DEADBEEF
DEADBEEF
DEADBEEF
DEADBEEF
DEADBEEF
DEADBEEF
DEADBEEF
DEADBEEF
DEADBEEF
DEADBEEF
DEADBEEF
DEADBEEF
DEADBEEF
DEADBEEF
DEADBEEF
DEADBEEF
DEADBEEF
DEADBEEF
DEADBEEF
DEADBEEF
DEADBEEF
DEADBEEF
DEADBEEF
DEADBEEF
DEADBEEF
DEADBEEF
DEADBEEF
DEADBEEF
DEADBEEF
DEADBEEF
DEADBEEF
DEADBEEF
DEADBEEF
DEADBEEF
DEADBEEF
DEADBEEF
DEADBEEF
DEADBEEF
DEADBEEF
DEADBEEF
DEADBEEF
DEADBEEF
DEADBEEF
DEADBEEF
DEADBEEF
DEADBEEF
DEADBEEF
DEADBEEF
DEADBEEF
DEADBEEF
DEADBEEF
DEADBEEF
DEADBEEF
DEADBEEF
DEADBEEF
DEADBEEF
DEADBEEF
DEADBEEF
DEADBEEF
DEADBEEF
DEADBEEF
DEADBEEF
DEADBEEF
DEADBEEF
DEADBEEF
DEADBEEF
DEADBEEF
DEADBEEF
DEADBEEF
DEADBEEF
DEADBEEF
DEADBEEF
DEADBEEF
DEADBEEF
DEADBEEF
DEADBEEF
DEADBEEF
DEADBEEF
DEADBEEF
DEADBEEF
DEADBEEF
DEADBEEF
DEADBEEF
DEADBEEF
DEADBEEF
DEADBEEF
DEADBEEF
DEADBEEF
DEADBEEF
DEADBEEF
DEADBEEF
DEADBEEF
DEADBEEF
DEADBEEF
DEADBEEF
DEADBEEF
DEADBEEF
DEADBEEF
DEADBEEF
DEADBEEF
DEADBEEF
DEADBEEF
DEADBEEF
DEADBEEF
DEADBEEF
DEADBEEF
DEADBEEF
DEADBEEF
DEADBEEF
DEADBEEF
DEADBEEF
DEADBEEF
DEADBEEF
DEADBEEF
DEADBEEF
DEADBEEF
DEADBEEF
DEADBEEF
DEADBEEF
DEADBEEF
DEADBEEF
DEADBEEF
DEADBEEF
DEADBEEF
DEADBEEF
DEADBEEF
DEADBEEF
DEADBEEF
DEADBEEF
DEADBEEF
DEADBEEF
DEADBEEF
DEADBEEF
DEADBEEF
DEADBEEF
DEADBEEF
DEADBEEF
DEADBEEF
DEADBEEF
DEADBEEF
DEADBEEF
DEADBEEF
DEADBEEF
DEADBEEF
DEADBEEF
DEADBEEF
DEADBEEF
DEADBEEF
DEADBEEF
DEADBEEF
DEADBEEF
DEADBEEF
DEADBEEF
DEADBEEF
DEADBEEF
DEADBEEF
DEADBEEF
DEADBEEF
DEADBEEF
DEADBEEF
DEADBEEF
DEADBEEF
DEADBEEF
DEADBEEF
DEADBEEF
DEADBEEF
DEADBEEF
DEADBEEF
DEADBEEF
DEADBEEF
DEADBEEF
DEADBEEF
DEADBEEF
DEADBEEF
DEADBEEF
DEADBEEF
DEADBEEF
DEADBEEF
DEADBEEF
DEADBEEF
DEADBEEF
DEADBEEF
DEADBEEF
DEADBEEF
DEADBEEF
DEADBEEF
DEADBEEF
DEADBEEF
DEADBEEF
DEADBEEF
DEADBEEF
DEADBEEF
DEADBEEF
DEADBEEF
DEADBEEF
DEADBEEF
DEADBEEF
DEADBEEF
DEADBEEF
DEADBEEF
DEADBEEF
DEADBEEF
DEADBEEF
DEADBEEF
DEADBEEF
DEADBEEF
DEADBEEF
DEADBEEF
DEADBEEF
DEADBEEF
DEADBEEF
DEADBEEF
DEADBEEF
DEADBEEF
DEADBEEF
DEADBEEF
DEADBEEF
DEADBEEF
DEADBEEF
DEADBEEF
DEADBEEF
DEADBEEF
DEADBEEF
DEADBEEF
DEADBEEF
DEADBEEF
DEADBEEF
DEADBEEF
DEADBEEF
DEADBEEF
DEADBEEF
DEADBEEF
DEADBEEF
DEADBEEF
DEADBEEF
DEADBEEF
DEADBEEF
DEADBEEF
DEADBEEF
DEADBEEF
DEADBEEF
DEADBEEF
DEADBEEF
DEADBEEF
DEADBEEF
DEADBEEF
DEADBEEF
DEADBEEF
DEADBEEF
DEADBEEF
DEADBEEF
DEADBEEF
DEADBEEF
DEADBEEF
DEADBEEF
DEADBEEF
DEADBEEF
DEADBEEF
DEADBEEF
DEADBEEF
DEADBEEF
DEADBEEF
DEADBEEF
DEADBEEF
DEADBEEF
DEADBEEF
DEADBEEF
DEADBEEF
DEADBEEF
DEADBEEF
DEADBEEF
DEADBEEF
DEADBEEF
DEADBEEF
DEADBEEF
DEADBEEF
DEADBEEF
DEADBEEF
DEADBEEF
DEADBEEF
DEADBEEF
DEADBEEF
DEADBEEF
DEADBEEF
DEADBEEF
DEADBEEF
DEADBEEF
DEADBEEF
DEADBEEF
DEADBEEF
DEADBEEF
DEADBEEF
DEADBEEF
DEADBEEF
DEADBEEF
DEADBEEF
DEADBEEF
DEADBEEF
DEADBEEF
DEADBEEF
DEADBEEF
DEADBEEF
DEADBEEF
DEADBEEF
DEADBEEF
DEADBEEF
DEADBEEF
DEADBEEF
DEADBEEF
DEADBEEF
DEADBEEF
DEADBEEF
DEADBEEF
DEADBEEF
DEADBEEF
DEADBEEF
DEADBEEF
DEADBEEF
DEADBEEF
DEADBEEF
DEADBEEF
DEADBEEF
DEADBEEF
DEADBEEF
DEADBEEF
DEADBEEF
DEADBEEF
DEADBEEF
DEADBEEF
DEADBEEF
DEADBEEF
DEADBEEF
DEADBEEF
DEADBEEF
DEADBEEF
DEADBEEF
DEADBEEF
DEADBEEF
DEADBEEF
DEADBEEF
DEADBEEF
DEADBEEF
DEADBEEF
DEADBEEF
DEADBEEF
DEADBEEF
DEADBEEF
DEADBEEF
DEADBEEF
DEADBEEF
DEADBEEF
DEADBEEF
DEADBEEF
DEADBEEF
DEADBEEF
DEADBEEF
DEADBEEF
DEADBEEF
DEADBEEF
DEADBEEF
DEADBEEF
DEADBEEF
DEADBEEF
DEADBEEF
DEADBEEF
DEADBEEF
DEADBEEF
DEADBEEF
DEADBEEF
DEADBEEF
DEADBEEF
DEADBEEF
DEADBEEF
DEADBEEF
DEADBEEF
DEADBEEF
DEADBEEF
DEADBEEF
DEADBEEF
DEADBEEF
DEADBEEF
DEADBEEF
DEADBEEF
DEADBEEF
DEADBEEF
DEADBEEF
DEADBEEF
DEADBEEF
DEADBEEF
DEADBEEF
DEADBEEF
DEADBEEF
DEADBEEF
DEADBEEF
DEADBEEF
DEADBEEF
DEADBEEF
DEADBEEF
DEADBEEF
DEADBEEF
DEADBEEF
DEADBEEF
DEADBEEF
DEADBEEF
DEADBEEF
DEADBEEF
DEADBEEF
DEADBEEF
DEADBEEF
DEADBEEF
DEADBEEF
DEADBEEF
DEADBEEF
DEADBEEF
DEADBEEF
DEADBEEF
DEADBEEF
DEADBEEF
DEADBEEF
DEADBEEF
DEADBEEF
DEADBEEF
DEADBEEF
DEADBEEF
DEADBEEF
DEADBEEF
DEADBEEF
DEADBEEF
DEADBEEF
DEADBEEF
DEADBEEF
DEADBEEF
DEADBEEF
DEADBEEF
DEADBEEF
DEADBEEF
DEADBEEF
DEADBEEF
DEADBEEF
DEADBEEF
DEADBEEF
DEADBEEF
DEADBEEF
DEADBEEF
DEADBEEF
DEADBEEF
DEADBEEF
DEADBEEF
DEADBEEF
DEADBEEF
DEADBEEF
DEADBEEF
DEADBEEF
DEADBEEF
DEADBEEF
DEADBEEF
DEADBEEF
DEADBEEF
DEADBEEF
DEADBEEF
DEADBEEF
DEADBEEF
DEADBEEF
DEADBEEF
DEADBEEF
DEADBEEF
DEADBEEF
DEADBEEF
DEADBEEF
DEADBEEF
DEADBEEF
DEADBEEF
DEADBEEF
DEADBEEF
DEADBEEF
DEADBEEF
DEADBEEF
DEADBEEF
DEADBEEF
DEADBEEF
DEADBEEF
DEADBEEF
DEADBEEF
DEADBEEF
DEADBEEF
DEADBEEF
DEADBEEF
DEADBEEF
DEADBEEF
DEADBEEF
DEADBEEF
DEADBEEF
DEADBEEF
DEADBEEF
DEADBEEF
DEADBEEF
DEADBEEF
DEADBEEF
DEADBEEF
DEADBEEF
DEADBEEF
DEADBEEF
DEADBEEF
DEADBEEF
DEADBEEF
DEADBEEF
DEADBEEF
DEADBEEF
DEADBEEF
DEADBEEF
DEADBEEF
DEADBEEF
DEADBEEF
DEADBEEF
DEADBEEF
DEADBEEF
DEADBEEF
DEADBEEF
DEADBEEF
DEADBEEF
DEADBEEF
DEADBEEF
DEADBEEF
DEADBEEF
DEADBEEF
DEADBEEF
DEADBEEF
DEADBEEF
DEADBEEF
DEADBEEF
DEADBEEF
DEADBEEF
DEADBEEF
DEADBEEF
DEADBEEF
DEADBEEF
DEADBEEF
DEADBEEF
DEADBEEF
DEADBEEF
DEADBEEF
DEADBEEF
DEADBEEF
DEADBEEF
DEADBEEF
DEADBEEF
DEADBEEF
DEADBEEF
DEADBEEF
DEADBEEF
DEADBEEF
DEADBEEF
DEADBEEF
DEADBEEF
DEADBEEF
DEADBEEF
DEADBEEF
DEADBEEF
DEADBEEF
DEADBEEF
DEADBEEF
DEADBEEF
DEADBEEF
DEADBEEF
DEADBEEF
DEADBEEF
DEADBEEF
DEADBEEF
DEADBEEF
DEADBEEF
DEADBEEF
DEADBEEF
DEADBEEF
DEADBEEF
DEADBEEF
DEADBEEF
DEADBEEF
DEADBEEF
DEADBEEF
DEADBEEF
DEADBEEF
DEADBEEF
DEADBEEF
DEADBEEF
DEADBEEF
DEADBEEF
DEADBEEF
DEADBEEF
DEADBEEF
DEADBEEF
DEADBEEF
DEADBEEF
DEADBEEF
DEADBEEF
DEADBEEF
DEADBEEF
DEADBEEF
DEADBEEF
DEADBEEF
DEADBEEF
DEADBEEF
DEADBEEF
DEADBEEF
DEADBEEF
DEADBEEF
DEADBEEF
DEADBEEF
DEADBEEF
DEADBEEF
DEADBEEF
DEADBEEF
DEADBEEF
DEADBEEF
DEADBEEF
DEADBEEF
DEADBEEF
DEADBEEF
DEADBEEF
DEADBEEF
DEADBEEF
DEADBEEF
DEADBEEF
DEADBEEF
DEADBEEF
DEADBEEF
DEADBEEF
DEADBEEF
DEADBEEF
DEADBEEF
DEADBEEF
DEADBEEF
DEADBEEF
DEADBEEF
DEADBEEF
DEADBEEF
DEADBEEF
DEADBEEF
DEADBEEF
DEADBEEF
DEADBEEF
DEADBEEF
DEADBEEF
DEADBEEF
DEADBEEF
DEADBEEF
DEADBEEF
DEADBEEF
DEADBEEF
DEADBEEF
DEADBEEF
DEADBEEF
DEADBEEF
DEADBEEF
DEADBEEF
DEADBEEF
DEADBEEF
DEADBEEF
DEADBEEF
DEADBEEF
DEADBEEF
DEADBEEF
DEADBEEF
DEADBEEF
DEADBEEF
DEADBEEF
DEADBEEF
DEADBEEF
DEADBEEF
DEADBEEF
DEADBEEF
DEADBEEF
DEADBEEF
DEADBEEF
DEADBEEF
DEADBEEF
DEADBEEF
DEADBEEF
DEADBEEF
DEADBEEF
DEADBEEF
DEADBEEF
DEADBEEF
DEADBEEF
DEADBEEF
DEADBEEF
DEADBEEF
DEADBEEF
DEADBEEF
DEADBEEF
DEADBEEF
DEADBEEF
DEADBEEF
DEADBEEF
DEADBEEF
DEADBEEF
DEADBEEF
DEADBEEF
DEADBEEF
DEADBEEF
DEADBEEF
DEADBEEF
DEADBEEF
DEADBEEF
DEADBEEF
DEADBEEF
DEADBEEF
DEADBEEF
DEADBEEF
DEADBEEF
DEADBEEF
DEADBEEF
DEADBEEF
DEADBEEF
DEADBEEF
DEADBEEF
DEADBEEF
DEADBEEF
DEADBEEF
DEADBEEF
DEADBEEF
DEADBEEF
DEADBEEF
DEADBEEF
DEADBEEF
DEADBEEF
DEADBEEF
DEADBEEF
DEADBEEF
DEADBEEF
DEADBEEF
DEADBEEF
DEADBEEF
DEADBEEF
DEADBEEF
DEADBEEF
DEADBEEF
DEADBEEF
DEADBEEF
DEADBEEF
DEADBEEF
DEADBEEF
DEADBEEF
DEADBEEF
DEADBEEF
DEADBEEF
DEADBEEF
DEADBEEF
DEADBEEF
DEADBEEF
DEADBEEF
DEADBEEF
DEADBEEF
DEADBEEF
DEADBEEF
DEADBEEF
DEADBEEF
DEADBEEF
DEADBEEF
DEADBEEF
DEADBEEF
DEADBEEF
DEADBEEF
DEADBEEF
DEADBEEF
DEADBEEF
DEADBEEF
DEADBEEF
DEADBEEF
DEADBEEF
DEADBEEF
DEADBEEF
DEADBEEF
DEADBEEF
DEADBEEF
DEADBEEF
DEADBEEF
DEADBEEF
DEADBEEF
DEADBEEF
DEADBEEF
DEADBEEF
DEADBEEF
DEADBEEF
DEADBEEF
DEADBEEF
DEADBEEF
DEADBEEF
DEADBEEF
DEADBEEF
DEADBEEF
DEADBEEF
DEADBEEF
DEADBEEF
DEADBEEF
DEADBEEF
DEADBEEF
DEADBEEF
DEADBEEF
DEADBEEF
DEADBEEF
DEADBEEF
DEADBEEF
DEADBEEF
DEADBEEF
DEADBEEF
DEADBEEF
DEADBEEF
DEADBEEF
DEADBEEF
DEADBEEF
DEADBEEF
DEADBEEF
DEADBEEF
DEADBEEF
DEADBEEF
DEADBEEF
DEADBEEF
DEADBEEF
DEADBEEF
DEADBEEF
DEADBEEF
DEADBEEF
DEADBEEF
DEADBEEF
DEADBEEF
DEADBEEF
DEADBEEF
DEADBEEF
DEADBEEF
DEADBEEF
DEADBEEF
DEADBEEF
DEADBEEF
DEADBEEF
DEADBEEF
DEADBEEF
DEADBEEF
DEADBEEF
DEADBEEF
DEADBEEF
DEADBEEF
DEADBEEF
DEADBEEF
DEADBEEF
DEADBEEF
DEADBEEF
DEADBEEF
DEADBEEF
DEADBEEF
DEADBEEF
DEADBEEF
DEADBEEF
DEADBEEF
DEADBEEF
DEADBEEF
DEADBEEF
DEADBEEF
DEADBEEF
DEADBEEF
DEADBEEF
DEADBEEF
DEADBEEF
DEADBEEF
DEADBEEF
DEADBEEF
DEADBEEF
DEADBEEF
DEADBEEF
DEADBEEF
DEADBEEF
DEADBEEF
DEADBEEF
DEADBEEF
DEADBEEF
DEADBEEF
DEADBEEF
DEADBEEF
DEADBEEF
DEADBEEF
DEADBEEF
DEADBEEF
DEADBEEF
DEADBEEF
DEADBEEF
DEADBEEF
DEADBEEF
DEADBEEF
DEADBEEF
DEADBEEF
DEADBEEF
DEADBEEF
DEADBEEF
DEADBEEF
DEADBEEF
DEADBEEF
DEADBEEF
DEADBEEF
DEADBEEF
DEADBEEF
DEADBEEF
DEADBEEF
DEADBEEF
DEADBEEF
DEADBEEF
DEADBEEF
DEADBEEF
DEADBEEF
DEADBEEF
DEADBEEF
DEADBEEF
DEADBEEF
DEADBEEF
DEADBEEF
DEADBEEF
DEADBEEF
DEADBEEF
DEADBEEF
DEADBEEF
DEADBEEF
DEADBEEF
DEADBEEF
DEADBEEF
DEADBEEF
DEADBEEF
DEADBEEF
DEADBEEF
DEADBEEF
DEADBEEF
DEADBEEF
DEADBEEF
DEADBEEF
DEADBEEF
DEADBEEF
DEADBEEF
DEADBEEF
DEADBEEF
DEADBEEF
DEADBEEF
DEADBEEF
DEADBEEF
DEADBEEF
DEADBEEF
DEADBEEF
DEADBEEF
DEADBEEF
DEADBEEF
DEADBEEF
DEADBEEF
DEADBEEF
DEADBEEF
DEADBEEF
DEADBEEF
DEADBEEF
DEADBEEF
DEADBEEF
DEADBEEF
DEADBEEF
DEADBEEF
DEADBEEF
DEADBEEF
DEADBEEF
DEADBEEF
DEADBEEF
DEADBEEF
DEADBEEF
DEADBEEF
DEADBEEF
DEADBEEF
DEADBEEF
DEADBEEF
DEADBEEF
DEADBEEF
DEADBEEF
DEADBEEF
DEADBEEF
DEADBEEF
DEADBEEF
DEADBEEF
DEADBEEF
DEADBEEF
DEADBEEF
DEADBEEF
DEADBEEF
DEADBEEF
DEADBEEF
DEADBEEF
DEADBEEF
DEADBEEF
DEADBEEF
DEADBEEF
DEADBEEF
DEADBEEF
DEADBEEF
DEADBEEF
DEADBEEF
DEADBEEF
DEADBEEF
DEADBEEF
DEADBEEF
DEADBEEF
DEADBEEF
DEADBEEF
DEADBEEF
DEADBEEF
DEADBEEF
DEADBEEF
DEADBEEF
DEADBEEF
DEADBEEF
DEADBEEF
DEADBEEF
DEADBEEF
DEADBEEF
DEADBEEF
DEADBEEF
DEADBEEF
DEADBEEF
DEADBEEF
DEADBEEF
DEADBEEF
DEADBEEF
DEADBEEF
DEADBEEF
DEADBEEF
DEADBEEF
DEADBEEF
DEADBEEF
DEADBEEF
DEADBEEF
DEADBEEF
DEADBEEF
DEADBEEF
DEADBEEF
DEADBEEF
DEADBEEF
DEADBEEF
DEADBEEF
DEADBEEF
DEADBEEF
DEADBEEF
DEADBEEF
DEADBEEF
DEADBEEF
DEADBEEF
DEADBEEF
DEADBEEF
DEADBEEF
DEADBEEF
DEADBEEF
DEADBEEF
DEADBEEF
DEADBEEF
DEADBEEF
DEADBEEF
DEADBEEF
DEADBEEF
DEADBEEF
DEADBEEF
DEADBEEF
DEADBEEF
DEADBEEF
DEADBEEF
DEADBEEF
DEADBEEF
DEADBEEF
DEADBEEF
DEADBEEF
DEADBEEF
DEADBEEF
DEADBEEF
DEADBEEF
DEADBEEF
DEADBEEF
DEADBEEF
DEADBEEF
DEADBEEF
DEADBEEF
DEADBEEF
DEADBEEF
DEADBEEF
DEADBEEF
DEADBEEF
DEADBEEF
DEADBEEF
DEADBEEF
DEADBEEF
DEADBEEF
DEADBEEF
DEADBEEF
DEADBEEF
DEADBEEF
DEADBEEF
DEADBEEF
DEADBEEF
DEADBEEF
DEADBEEF
DEADBEEF
DEADBEEF
DEADBEEF
DEADBEEF
DEADBEEF
DEADBEEF
DEADBEEF
DEADBEEF
DEADBEEF
DEADBEEF
DEADBEEF
DEADBEEF
DEADBEEF
DEADBEEF
DEADBEEF
DEADBEEF
DEADBEEF
DEADBEEF
DEADBEEF
DEADBEEF
DEADBEEF
DEADBEEF
DEADBEEF
DEADBEEF
DEADBEEF
DEADBEEF
DEADBEEF
DEADBEEF
DEADBEEF
DEADBEEF
DEADBEEF
DEADBEEF
DEADBEEF
DEADBEEF
DEADBEEF
DEADBEEF
DEADBEEF
DEADBEEF
DEADBEEF
DEADBEEF
DEADBEEF
DEADBEEF
DEADBEEF
DEADBEEF
DEADBEEF
DEADBEEF
DEADBEEF
DEADBEEF
DEADBEEF
DEADBEEF
DEADBEEF
DEADBEEF
DEADBEEF
DEADBEEF
DEADBEEF
DEADBEEF
DEADBEEF
DEADBEEF
DEADBEEF
DEADBEEF
DEADBEEF
DEADBEEF
DEADBEEF
DEADBEEF
DEADBEEF
DEADBEEF
DEADBEEF
DEADBEEF
DEADBEEF
DEADBEEF
DEADBEEF
DEADBEEF
DEADBEEF
DEADBEEF
DEADBEEF
DEADBEEF
DEADBEEF
DEADBEEF
DEADBEEF
DEADBEEF
DEADBEEF
DEADBEEF
DEADBEEF
DEADBEEF
DEADBEEF
DEADBEEF
DEADBEEF
DEADBEEF
DEADBEEF
DEADBEEF
DEADBEEF
DEADBEEF
DEADBEEF
DEADBEEF
DEADBEEF
DEADBEEF
DEADBEEF
DEADBEEF
DEADBEEF
DEADBEEF
DEADBEEF
DEADBEEF
DEADBEEF
DEADBEEF
DEADBEEF
DEADBEEF
DEADBEEF
DEADBEEF
DEADBEEF
DEADBEEF
DEADBEEF
DEADBEEF
DEADBEEF
DEADBEEF
DEADBEEF
DEADBEEF
DEADBEEF
DEADBEEF
DEADBEEF
DEADBEEF
DEADBEEF
DEADBEEF
DEADBEEF
DEADBEEF
DEADBEEF
DEADBEEF
DEADBEEF
DEADBEEF
DEADBEEF
DEADBEEF
DEADBEEF
DEADBEEF
DEADBEEF
DEADBEEF
DEADBEEF
DEADBEEF
DEADBEEF
DEADBEEF
DEADBEEF
DEADBEEF
DEADBEEF
DEADBEEF
DEADBEEF
DEADBEEF
DEADBEEF
DEADBEEF
DEADBEEF
DEADBEEF
DEADBEEF
DEADBEEF
DEADBEEF
DEADBEEF
DEADBEEF
DEADBEEF
DEADBEEF
DEADBEEF
DEADBEEF
DEADBEEF
DEADBEEF
DEADBEEF
DEADBEEF
DEADBEEF
DEADBEEF
DEADBEEF
DEADBEEF
DEADBEEF
DEADBEEF
DEADBEEF
DEADBEEF
DEADBEEF
DEADBEEF
DEADBEEF
DEADBEEF
DEADBEEF
DEADBEEF
DEADBEEF
DEADBEEF
DEADBEEF
DEADBEEF
DEADBEEF
DEADBEEF
DEADBEEF
DEADBEEF
DEADBEEF
DEADBEEF
DEADBEEF
DEADBEEF
DEADBEEF
DEADBEEF
DEADBEEF
DEADBEEF
DEADBEEF
DEADBEEF
DEADBEEF
DEADBEEF
DEADBEEF
DEADBEEF
DEADBEEF
DEADBEEF
DEADBEEF
DEADBEEF
DEADBEEF
DEADBEEF
DEADBEEF
DEADBEEF
DEADBEEF
DEADBEEF
DEADBEEF
DEADBEEF
DEADBEEF
DEADBEEF
DEADBEEF
DEADBEEF
DEADBEEF
DEADBEEF
DEADBEEF
DEADBEEF
DEADBEEF
DEADBEEF
DEADBEEF
DEADBEEF
DEADBEEF
DEADBEEF
DEADBEEF
DEADBEEF
DEADBEEF
DEADBEEF
DEADBEEF
DEADBEEF
DEADBEEF
DEADBEEF
DEADBEEF
DEADBEEF
DEADBEEF
DEADBEEF
DEADBEEF
DEADBEEF
DEADBEEF
DEADBEEF
DEADBEEF
DEADBEEF
DEADBEEF
DEADBEEF
DEADBEEF
DEADBEEF
DEADBEEF
DEADBEEF
DEADBEEF
DEADBEEF
DEADBEEF
DEADBEEF
DEADBEEF
DEADBEEF
DEADBEEF
DEADBEEF
DEADBEEF
DEADBEEF
DEADBEEF
DEADBEEF
DEADBEEF
DEADBEEF
DEADBEEF
DEADBEEF
DEADBEEF
DEADBEEF
DEADBEEF
DEADBEEF
DEADBEEF
DEADBEEF
DEADBEEF
DEADBEEF
DEADBEEF
DEADBEEF
DEADBEEF
DEADBEEF
DEADBEEF
DEADBEEF
DEADBEEF
DEADBEEF
DEADBEEF
DEADBEEF
DEADBEEF
DEADBEEF
DEADBEEF
DEADBEEF
DEADBEEF
DEADBEEF
DEADBEEF
DEADBEEF
DEADBEEF
DEADBEEF
DEADBEEF
DEADBEEF
DEADBEEF
DEADBEEF
DEADBEEF
DEADBEEF
DEADBEEF
DEADBEEF
DEADBEEF
DEADBEEF
DEADBEEF
DEADBEEF
DEADBEEF
DEADBEEF
DEADBEEF
DEADBEEF
DEADBEEF
DEADBEEF
DEADBEEF
DEADBEEF
DEADBEEF
DEADBEEF
DEADBEEF
DEADBEEF
DEADBEEF
DEADBEEF
DEADBEEF
DEADBEEF
DEADBEEF
DEADBEEF
DEADBEEF
DEADBEEF
DEADBEEF
DEADBEEF
DEADBEEF
DEADBEEF
DEADBEEF
DEADBEEF
DEADBEEF
DEADBEEF
DEADBEEF
DEADBEEF
DEADBEEF
DEADBEEF
DEADBEEF
DEADBEEF
DEADBEEF
DEADBEEF
DEADBEEF
DEADBEEF
DEADBEEF
DEADBEEF
DEADBEEF
DEADBEEF
DEADBEEF
DEADBEEF
DEADBEEF
DEADBEEF
DEADBEEF
DEADBEEF
DEADBEEF
DEADBEEF
DEADBEEF
DEADBEEF
DEADBEEF
DEADBEEF
DEADBEEF
DEADBEEF
DEADBEEF
DEADBEEF
DEADBEEF
DEADBEEF
DEADBEEF
DEADBEEF
DEADBEEF
DEADBEEF
DEADBEEF
DEADBEEF
DEADBEEF
DEADBEEF
DEADBEEF
DEADBEEF
DEADBEEF
DEADBEEF
DEADBEEF
DEADBEEF
DEADBEEF
DEADBEEF
DEADBEEF
DEADBEEF
DEADBEEF
DEADBEEF
DEADBEEF
DEADBEEF
DEADBEEF
DEADBEEF
DEADBEEF
DEADBEEF
DEADBEEF
DEADBEEF
DEADBEEF
DEADBEEF
DEADBEEF
DEADBEEF
DEADBEEF
DEADBEEF
DEADBEEF
DEADBEEF
DEADBEEF
DEADBEEF
DEADBEEF
DEADBEEF
DEADBEEF
DEADBEEF
DEADBEEF
DEADBEEF
DEADBEEF
DEADBEEF
DEADBEEF
DEADBEEF
DEADBEEF
DEADBEEF
DEADBEEF
DEADBEEF
DEADBEEF
DEADBEEF
DEADBEEF
DEADBEEF
DEADBEEF
DEADBEEF
DEADBEEF
DEADBEEF
DEADBEEF
DEADBEEF
DEADBEEF
DEADBEEF
DEADBEEF
DEADBEEF
DEADBEEF
DEADBEEF
DEADBEEF
DEADBEEF
DEADBEEF
DEADBEEF
DEADBEEF
DEADBEEF
DEADBEEF
DEADBEEF
DEADBEEF
DEADBEEF
DEADBEEF
DEADBEEF
DEADBEEF
DEADBEEF
DEADBEEF
DEADBEEF
DEADBEEF
DEADBEEF
DEADBEEF
DEADBEEF
DEADBEEF
DEADBEEF
DEADBEEF
DEADBEEF
DEADBEEF
DEADBEEF
DEADBEEF
DEADBEEF
DEADBEEF
DEADBEEF
DEADBEEF
DEADBEEF
DEADBEEF
DEADBEEF
DEADBEEF
DEADBEEF
DEADBEEF
DEADBEEF
DEADBEEF
DEADBEEF
DEADBEEF
DEADBEEF
DEADBEEF
DEADBEEF
DEADBEEF
DEADBEEF
DEADBEEF
DEADBEEF
DEADBEEF
DEADBEEF
DEADBEEF
DEADBEEF
DEADBEEF
DEADBEEF
DEADBEEF
DEADBEEF
DEADBEEF
DEADBEEF
DEADBEEF
DEADBEEF
DEADBEEF
DEADBEEF
DEADBEEF
DEADBEEF
DEADBEEF
DEADBEEF
DEADBEEF
DEADBEEF
DEADBEEF
DEADBEEF
DEADBEEF
DEADBEEF
DEADBEEF
DEADBEEF
DEADBEEF
DEADBEEF
DEADBEEF
DEADBEEF
DEADBEEF
DEADBEEF
DEADBEEF
DEADBEEF
DEADBEEF
DEADBEEF
DEADBEEF
DEADBEEF
DEADBEEF
DEADBEEF
DEADBEEF
DEADBEEF
DEADBEEF
DEADBEEF
DEADBEEF
DEADBEEF
DEADBEEF
DEADBEEF
DEADBEEF
DEADBEEF
DEADBEEF
DEADBEEF
DEADBEEF
DEADBEEF
DEADBEEF
DEADBEEF
DEADBEEF
DEADBEEF
DEADBEEF
DEADBEEF
DEADBEEF
DEADBEEF
DEADBEEF
DEADBEEF
DEADBEEF
DEADBEEF
DEADBEEF
DEADBEEF
DEADBEEF
DEADBEEF
DEADBEEF
DEADBEEF
DEADBEEF
DEADBEEF
DEADBEEF
DEADBEEF
DEADBEEF
DEADBEEF
DEADBEEF
DEADBEEF
DEADBEEF
DEADBEEF
DEADBEEF
DEADBEEF
DEADBEEF
DEADBEEF
DEADBEEF
DEADBEEF
DEADBEEF
DEADBEEF
DEADBEEF
DEADBEEF
DEADBEEF
DEADBEEF
DEADBEEF
DEADBEEF
DEADBEEF
DEADBEEF
DEADBEEF
DEADBEEF
DEADBEEF
DEADBEEF
DEADBEEF
DEADBEEF
DEADBEEF
DEADBEEF
DEADBEEF
DEADBEEF
DEADBEEF
DEADBEEF
DEADBEEF
DEADBEEF
DEADBEEF
DEADBEEF
DEADBEEF
DEADBEEF
DEADBEEF
DEADBEEF
DEADBEEF
DEADBEEF
DEADBEEF
DEADBEEF
DEADBEEF
DEADBEEF
DEADBEEF
DEADBEEF
DEADBEEF
DEADBEEF
DEADBEEF
DEADBEEF
DEADBEEF
DEADBEEF
DEADBEEF
DEADBEEF
DEADBEEF
DEADBEEF
DEADBEEF
DEADBEEF
DEADBEEF
DEADBEEF
DEADBEEF
DEADBEEF
DEADBEEF
DEADBEEF
DEADBEEF
DEADBEEF
DEADBEEF
DEADBEEF
DEADBEEF
DEADBEEF
DEADBEEF
DEADBEEF
DEADBEEF
DEADBEEF
DEADBEEF
DEADBEEF
DEADBEEF
DEADBEEF
DEADBEEF
DEADBEEF
DEADBEEF
DEADBEEF
DEADBEEF
DEADBEEF
DEADBEEF
DEADBEEF
DEADBEEF
DEADBEEF
DEADBEEF
DEADBEEF
DEADBEEF
DEADBEEF
DEADBEEF
DEADBEEF
DEADBEEF
DEADBEEF
DEADBEEF
DEADBEEF
DEADBEEF
DEADBEEF
DEADBEEF
DEADBEEF
DEADBEEF
DEADBEEF
DEADBEEF
DEADBEEF
DEADBEEF
DEADBEEF
DEADBEEF
DEADBEEF
DEADBEEF
DEADBEEF
DEADBEEF
DEADBEEF
DEADBEEF
DEADBEEF
DEADBEEF
DEADBEEF
DEADBEEF
DEADBEEF
DEADBEEF
DEADBEEF
DEADBEEF
DEADBEEF
DEADBEEF
DEADBEEF
DEADBEEF
DEADBEEF
DEADBEEF
DEADBEEF
DEADBEEF
DEADBEEF
DEADBEEF
DEADBEEF
DEADBEEF
DEADBEEF
DEADBEEF
DEADBEEF
DEADBEEF
DEADBEEF
DEADBEEF
DEADBEEF
DEADBEEF
DEADBEEF
DEADBEEF
DEADBEEF
DEADBEEF
DEADBEEF
DEADBEEF
DEADBEEF
DEADBEEF
DEADBEEF
DEADBEEF
DEADBEEF
DEADBEEF
DEADBEEF
DEADBEEF
DEADBEEF
DEADBEEF
DEADBEEF
DEADBEEF
DEADBEEF
DEADBEEF
DEADBEEF
DEADBEEF
DEADBEEF
DEADBEEF
DEADBEEF
DEADBEEF
DEADBEEF
DEADBEEF
DEADBEEF
DEADBEEF
DEADBEEF
DEADBEEF
DEADBEEF
DEADBEEF
DEADBEEF
DEADBEEF
DEADBEEF
DEADBEEF
DEADBEEF
DEADBEEF
DEADBEEF
DEADBEEF
DEADBEEF
DEADBEEF
DEADBEEF
DEADBEEF
DEADBEEF
DEADBEEF
DEADBEEF
DEADBEEF
DEADBEEF
DEADBEEF
DEADBEEF
DEADBEEF
DEADBEEF
DEADBEEF
DEADBEEF
DEADBEEF
DEADBEEF
DEADBEEF
DEADBEEF
DEADBEEF
DEADBEEF
DEADBEEF
DEADBEEF
DEADBEEF
DEADBEEF
DEADBEEF
DEADBEEF
DEADBEEF
DEADBEEF
DEADBEEF
DEADBEEF
DEADBEEF
DEADBEEF
DEADBEEF
DEADBEEF
DEADBEEF
DEADBEEF
DEADBEEF
DEADBEEF
DEADBEEF
DEADBEEF
DEADBEEF
DEADBEEF
DEADBEEF
DEADBEEF
DEADBEEF
DEADBEEF
DEADBEEF
DEADBEEF
DEADBEEF
DEADBEEF
DEADBEEF
DEADBEEF
DEADBEEF
DEADBEEF
DEADBEEF
DEADBEEF
DEADBEEF
DEADBEEF
DEADBEEF
DEADBEEF
DEADBEEF
DEADBEEF
DEADBEEF
DEADBEEF
DEADBEEF
DEADBEEF
DEADBEEF
DEADBEEF
DEADBEEF
DEADBEEF
DEADBEEF
DEADBEEF
DEADBEEF
DEADBEEF
DEADBEEF
DEADBEEF
DEADBEEF
DEADBEEF
DEADBEEF
DEADBEEF
DEADBEEF
DEADBEEF
DEADBEEF
DEADBEEF
DEADBEEF
DEADBEEF
DEADBEEF
DEADBEEF
DEADBEEF
DEADBEEF
DEADBEEF
DEADBEEF
DEADBEEF
DEADBEEF
DEADBEEF
DEADBEEF
DEADBEEF
DEADBEEF
DEADBEEF
DEADBEEF
DEADBEEF
DEADBEEF
DEADBEEF
DEADBEEF
DEADBEEF
DEADBEEF
DEADBEEF
DEADBEEF
DEADBEEF
DEADBEEF
DEADBEEF
DEADBEEF
DEADBEEF
DEADBEEF
DEADBEEF
DEADBEEF
DEADBEEF
DEADBEEF
DEADBEEF
DEADBEEF
DEADBEEF
DEADBEEF
DEADBEEF
DEADBEEF
DEADBEEF
DEADBEEF
DEADBEEF
DEADBEEF
DEADBEEF
DEADBEEF
DEADBEEF
DEADBEEF
DEADBEEF
DEADBEEF
DEADBEEF
DEADBEEF
DEADBEEF
DEADBEEF
DEADBEEF
DEADBEEF
DEADBEEF
DEADBEEF
DEADBEEF
DEADBEEF
DEADBEEF
DEADBEEF
DEADBEEF
DEADBEEF
DEADBEEF
DEADBEEF
DEADBEEF
DEADBEEF
DEADBEEF
DEADBEEF
DEADBEEF
DEADBEEF
DEADBEEF
DEADBEEF
DEADBEEF
DEADBEEF
DEADBEEF
DEADBEEF
DEADBEEF
DEADBEEF
DEADBEEF
DEADBEEF
DEADBEEF
DEADBEEF
DEADBEEF
DEADBEEF
DEADBEEF
DEADBEEF
DEADBEEF
DEADBEEF
DEADBEEF
DEADBEEF
DEADBEEF
DEADBEEF
DEADBEEF
DEADBEEF
DEADBEEF
DEADBEEF
DEADBEEF
DEADBEEF
DEADBEEF
DEADBEEF
DEADBEEF
DEADBEEF
DEADBEEF
DEADBEEF
DEADBEEF
DEADBEEF
DEADBEEF
DEADBEEF
DEADBEEF
DEADBEEF
DEADBEEF
DEADBEEF
DEADBEEF
DEADBEEF
DEADBEEF
DEADBEEF
DEADBEEF
DEADBEEF
DEADBEEF
DEADBEEF
DEADBEEF
DEADBEEF
DEADBEEF
DEADBEEF
DEADBEEF
DEADBEEF
DEADBEEF
DEADBEEF
DEADBEEF
DEADBEEF
DEADBEEF
DEADBEEF
DEADBEEF
DEADBEEF
DEADBEEF
DEADBEEF
DEADBEEF
DEADBEEF
DEADBEEF
DEADBEEF
DEADBEEF
DEADBEEF
DEADBEEF
DEADBEEF
DEADBEEF
DEADBEEF
DEADBEEF
DEADBEEF
DEADBEEF
DEADBEEF
DEADBEEF
DEADBEEF
DEADBEEF
DEADBEEF
DEADBEEF
DEADBEEF
DEADBEEF
DEADBEEF
DEADBEEF
DEADBEEF
DEADBEEF
DEADBEEF
DEADBEEF
DEADBEEF
DEADBEEF
DEADBEEF
DEADBEEF
DEADBEEF
DEADBEEF
DEADBEEF
DEADBEEF
DEADBEEF
DEADBEEF
DEADBEEF
DEADBEEF
DEADBEEF
DEADBEEF
DEADBEEF
DEADBEEF
DEADBEEF
DEADBEEF
DEADBEEF
DEADBEEF
DEADBEEF
DEADBEEF
DEADBEEF
DEADBEEF
DEADBEEF
DEADBEEF
DEADBEEF
DEADBEEF
DEADBEEF
DEADBEEF
DEADBEEF
DEADBEEF
DEADBEEF
DEADBEEF
DEADBEEF
DEADBEEF
DEADBEEF
DEADBEEF
DEADBEEF
DEADBEEF
DEADBEEF
DEADBEEF
DEADBEEF
DEADBEEF
DEADBEEF
DEADBEEF
DEADBEEF
DEADBEEF
DEADBEEF
DEADBEEF
DEADBEEF
DEADBEEF
DEADBEEF
DEADBEEF
DEADBEEF
DEADBEEF
DEADBEEF
DEADBEEF
DEADBEEF
DEADBEEF
DEADBEEF
DEADBEEF
DEADBEEF
DEADBEEF
DEADBEEF
DEADBEEF
DEADBEEF
DEADBEEF
DEADBEEF
DEADBEEF
DEADBEEF
DEADBEEF
DEADBEEF
DEADBEEF
DEADBEEF
DEADBEEF
DEADBEEF
DEADBEEF
DEADBEEF
DEADBEEF
DEADBEEF
DEADBEEF
DEADBEEF
DEADBEEF
DEADBEEF
DEADBEEF
DEADBEEF
DEADBEEF
DEADBEEF
DEADBEEF
DEADBEEF
DEADBEEF
DEADBEEF
DEADBEEF
DEADBEEF
DEADBEEF
DEADBEEF
DEADBEEF
DEADBEEF
DEADBEEF
DEADBEEF
DEADBEEF
DEADBEEF
DEADBEEF
DEADBEEF
DEADBEEF
DEADBEEF
DEADBEEF
DEADBEEF
DEADBEEF
DEADBEEF
DEADBEEF
DEADBEEF
DEADBEEF
DEADBEEF
DEADBEEF
DEADBEEF
DEADBEEF
DEADBEEF
DEADBEEF
DEADBEEF
DEADBEEF
DEADBEEF
DEADBEEF
DEADBEEF
DEADBEEF
DEADBEEF
DEADBEEF
DEADBEEF
DEADBEEF
DEADBEEF
DEADBEEF
DEADBEEF
DEADBEEF
DEADBEEF
DEADBEEF
DEADBEEF
DEADBEEF
DEADBEEF
DEADBEEF
DEADBEEF
DEADBEEF
DEADBEEF
DEADBEEF
DEADBEEF
DEADBEEF
DEADBEEF
DEADBEEF
DEADBEEF
DEADBEEF
DEADBEEF
DEADBEEF
DEADBEEF
DEADBEEF
DEADBEEF
DEADBEEF
DEADBEEF
DEADBEEF
DEADBEEF
DEADBEEF
DEADBEEF
DEADBEEF
DEADBEEF
DEADBEEF
DEADBEEF
DEADBEEF
DEADBEEF
DEADBEEF
DEADBEEF
DEADBEEF
DEADBEEF
DEADBEEF
DEADBEEF
DEADBEEF
DEADBEEF
DEADBEEF
DEADBEEF
DEADBEEF
DEADBEEF
DEADBEEF
DEADBEEF
DEADBEEF
DEADBEEF
DEADBEEF
DEADBEEF
DEADBEEF
DEADBEEF
DEADBEEF
DEADBEEF
DEADBEEF
DEADBEEF
DEADBEEF
DEADBEEF
DEADBEEF
DEADBEEF
DEADBEEF
DEADBEEF
DEADBEEF
DEADBEEF
DEADBEEF
DEADBEEF
DEADBEEF
DEADBEEF
DEADBEEF
DEADBEEF
DEADBEEF
DEADBEEF
DEADBEEF
DEADBEEF
DEADBEEF
DEADBEEF
DEADBEEF
DEADBEEF
DEADBEEF
DEADBEEF
DEADBEEF
DEADBEEF
DEADBEEF
DEADBEEF
DEADBEEF
DEADBEEF
DEADBEEF
DEADBEEF
DEADBEEF
DEADBEEF
DEADBEEF
DEADBEEF
DEADBEEF
DEADBEEF
DEADBEEF
DEADBEEF
DEADBEEF
DEADBEEF
DEADBEEF
DEADBEEF
DEADBEEF
DEADBEEF
DEADBEEF
DEADBEEF
DEADBEEF
DEADBEEF
DEADBEEF
DEADBEEF
DEADBEEF
DEADBEEF
DEADBEEF
DEADBEEF
DEADBEEF
DEADBEEF
DEADBEEF
DEADBEEF
DEADBEEF
DEADBEEF
DEADBEEF
DEADBEEF
DEADBEEF
DEADBEEF
DEADBEEF
DEADBEEF
DEADBEEF
DEADBEEF
DEADBEEF
DEADBEEF
DEADBEEF
DEADBEEF
DEADBEEF
DEADBEEF
DEADBEEF
DEADBEEF
DEADBEEF
DEADBEEF
DEADBEEF
DEADBEEF
DEADBEEF
DEADBEEF
DEADBEEF
DEADBEEF
DEADBEEF
DEADBEEF
DEADBEEF
DEADBEEF
DEADBEEF
DEADBEEF
DEADBEEF
DEADBEEF
DEADBEEF
DEADBEEF
DEADBEEF
DEADBEEF
DEADBEEF
DEADBEEF
DEADBEEF
DEADBEEF
DEADBEEF
DEADBEEF
DEADBEEF
DEADBEEF
DEADBEEF
DEADBEEF
DEADBEEF
DEADBEEF
DEADBEEF
DEADBEEF
DEADBEEF
DEADBEEF
DEADBEEF
DEADBEEF
DEADBEEF
DEADBEEF
DEADBEEF
DEADBEEF
DEADBEEF
DEADBEEF
DEADBEEF
DEADBEEF
DEADBEEF
DEADBEEF
DEADBEEF
DEADBEEF
DEADBEEF
DEADBEEF
DEADBEEF
DEADBEEF
DEADBEEF
DEADBEEF
DEADBEEF
DEADBEEF
DEADBEEF
DEADBEEF
DEADBEEF
DEADBEEF
DEADBEEF
DEADBEEF
DEADBEEF
DEADBEEF
DEADBEEF
DEADBEEF
DEADBEEF
DEADBEEF
DEADBEEF
DEADBEEF
DEADBEEF
DEADBEEF
DEADBEEF
DEADBEEF
DEADBEEF
DEADBEEF
DEADBEEF
DEADBEEF
DEADBEEF
DEADBEEF
DEADBEEF
DEADBEEF
DEADBEEF
DEADBEEF
DEADBEEF
DEADBEEF
DEADBEEF
DEADBEEF
DEADBEEF
DEADBEEF
DEADBEEF
DEADBEEF
DEADBEEF
DEADBEEF
DEADBEEF
DEADBEEF
DEADBEEF
DEADBEEF
DEADBEEF
DEADBEEF
DEADBEEF
DEADBEEF
DEADBEEF
DEADBEEF
DEADBEEF
DEADBEEF
DEADBEEF
DEADBEEF
DEADBEEF
DEADBEEF
DEADBEEF
DEADBEEF
DEADBEEF
DEADBEEF
DEADBEEF
DEADBEEF
DEADBEEF
DEADBEEF
DEADBEEF
DEADBEEF
DEADBEEF
DEADBEEF
DEADBEEF
DEADBEEF
DEADBEEF
DEADBEEF
DEADBEEF
DEADBEEF
DEADBEEF
DEADBEEF
DEADBEEF
DEADBEEF
DEADBEEF
DEADBEEF
DEADBEEF
DEADBEEF
DEADBEEF
DEADBEEF
DEADBEEF
DEADBEEF
DEADBEEF
DEADBEEF
DEADBEEF
DEADBEEF
DEADBEEF
DEADBEEF
DEADBEEF
DEADBEEF
DEADBEEF
DEADBEEF
DEADBEEF
DEADBEEF
DEADBEEF
DEADBEEF
DEADBEEF
DEADBEEF
DEADBEEF
DEADBEEF
DEADBEEF
DEADBEEF
DEADBEEF
DEADBEEF
DEADBEEF
DEADBEEF
DEADBEEF
DEADBEEF
DEADBEEF
DEADBEEF
DEADBEEF
DEADBEEF
DEADBEEF
DEADBEEF
DEADBEEF
DEADBEEF
DEADBEEF
DEADBEEF
DEADBEEF
DEADBEEF
DEADBEEF
DEADBEEF
DEADBEEF
DEADBEEF
DEADBEEF
DEADBEEF
DEADBEEF
DEADBEEF
DEADBEEF
DEADBEEF
DEADBEEF
DEADBEEF
DEADBEEF
DEADBEEF
DEADBEEF
DEADBEEF
DEADBEEF
DEADBEEF
DEADBEEF
DEADBEEF
DEADBEEF
DEADBEEF
DEADBEEF
DEADBEEF
DEADBEEF
DEADBEEF
DEADBEEF
DEADBEEF
DEADBEEF
DEADBEEF
DEADBEEF
DEADBEEF
DEADBEEF
DEADBEEF
DEADBEEF
DEADBEEF
DEADBEEF
DEADBEEF
DEADBEEF
DEADBEEF
DEADBEEF
DEADBEEF
DEADBEEF
DEADBEEF
DEADBEEF
DEADBEEF
DEADBEEF
DEADBEEF
DEADBEEF
DEADBEEF
DEADBEEF
DEADBEEF
DEADBEEF
DEADBEEF
DEADBEEF
DEADBEEF
DEADBEEF
DEADBEEF
DEADBEEF
DEADBEEF
DEADBEEF
DEADBEEF
DEADBEEF
DEADBEEF
DEADBEEF
DEADBEEF
DEADBEEF
DEADBEEF
DEADBEEF
DEADBEEF
DEADBEEF
DEADBEEF
DEADBEEF
DEADBEEF
DEADBEEF
DEADBEEF
DEADBEEF
DEADBEEF
DEADBEEF
DEADBEEF
DEADBEEF
DEADBEEF
DEADBEEF
DEADBEEF
DEADBEEF
DEADBEEF
DEADBEEF
DEADBEEF
DEADBEEF
DEADBEEF
DEADBEEF
DEADBEEF
DEADBEEF
DEADBEEF
DEADBEEF
DEADBEEF
DEADBEEF
DEADBEEF
DEADBEEF
DEADBEEF
DEADBEEF
DEADBEEF
DEADBEEF
DEADBEEF
DEADBEEF
DEADBEEF
DEADBEEF
DEADBEEF
DEADBEEF
DEADBEEF
DEADBEEF
DEADBEEF
DEADBEEF
DEADBEEF
DEADBEEF
DEADBEEF
DEADBEEF
DEADBEEF
DEADBEEF
DEADBEEF
DEADBEEF
DEADBEEF
DEADBEEF
DEADBEEF
DEADBEEF
DEADBEEF
DEADBEEF
DEADBEEF
DEADBEEF
DEADBEEF
DEADBEEF
DEADBEEF
DEADBEEF
DEADBEEF
DEADBEEF
DEADBEEF
DEADBEEF
DEADBEEF
DEADBEEF
DEADBEEF
DEADBEEF
DEADBEEF
DEADBEEF
DEADBEEF
DEADBEEF
DEADBEEF
DEADBEEF
DEADBEEF
DEADBEEF
DEADBEEF
DEADBEEF
DEADBEEF
DEADBEEF
DEADBEEF
DEADBEEF
DEADBEEF
DEADBEEF
DEADBEEF
DEADBEEF
DEADBEEF
DEADBEEF
DEADBEEF
DEADBEEF
DEADBEEF
DEADBEEF
DEADBEEF
DEADBEEF
DEADBEEF
DEADBEEF
DEADBEEF
DEADBEEF
DEADBEEF
DEADBEEF
DEADBEEF
DEADBEEF
DEADBEEF
DEADBEEF
DEADBEEF
DEADBEEF
DEADBEEF
DEADBEEF
DEADBEEF
DEADBEEF
DEADBEEF
DEADBEEF
DEADBEEF
DEADBEEF
DEADBEEF
DEADBEEF
DEADBEEF
DEADBEEF
DEADBEEF
DEADBEEF
DEADBEEF
DEADBEEF
DEADBEEF
DEADBEEF
DEADBEEF
DEADBEEF
DEADBEEF
DEADBEEF
DEADBEEF
DEADBEEF
DEADBEEF
DEADBEEF
DEADBEEF
DEADBEEF
DEADBEEF
DEADBEEF
DEADBEEF
DEADBEEF
DEADBEEF
DEADBEEF
DEADBEEF
DEADBEEF
DEADBEEF
DEADBEEF
DEADBEEF
DEADBEEF
DEADBEEF
DEADBEEF
DEADBEEF
DEADBEEF
DEADBEEF
DEADBEEF
DEADBEEF
DEADBEEF
DEADBEEF
DEADBEEF
DEADBEEF
DEADBEEF
DEADBEEF
DEADBEEF
DEADBEEF
DEADBEEF
DEADBEEF
DEADBEEF
DEADBEEF
DEADBEEF
DEADBEEF
DEADBEEF
DEADBEEF
DEADBEEF
DEADBEEF
DEADBEEF
DEADBEEF
DEADBEEF
DEADBEEF
DEADBEEF
DEADBEEF
DEADBEEF
DEADBEEF
DEADBEEF
DEADBEEF
DEADBEEF
DEADBEEF
DEADBEEF
DEADBEEF
DEADBEEF
DEADBEEF
DEADBEEF
DEADBEEF
DEADBEEF
DEADBEEF
DEADBEEF
DEADBEEF
DEADBEEF
DEADBEEF
DEADBEEF
DEADBEEF
DEADBEEF
DEADBEEF
DEADBEEF
DEADBEEF
DEADBEEF
DEADBEEF
DEADBEEF
DEADBEEF
DEADBEEF
DEADBEEF
DEADBEEF
DEADBEEF
DEADBEEF
DEADBEEF
DEADBEEF
DEADBEEF
DEADBEEF
DEADBEEF
DEADBEEF
DEADBEEF
DEADBEEF
DEADBEEF
DEADBEEF
DEADBEEF
DEADBEEF
DEADBEEF
DEADBEEF
DEADBEEF
DEADBEEF
DEADBEEF
DEADBEEF
DEADBEEF
DEADBEEF
DEADBEEF
DEADBEEF
DEADBEEF
DEADBEEF
DEADBEEF
DEADBEEF
DEADBEEF
DEADBEEF
DEADBEEF
DEADBEEF
DEADBEEF
DEADBEEF
DEADBEEF
DEADBEEF
DEADBEEF
DEADBEEF
DEADBEEF
DEADBEEF
DEADBEEF
DEADBEEF
DEADBEEF
DEADBEEF
DEADBEEF
DEADBEEF
DEADBEEF
DEADBEEF
DEADBEEF
DEADBEEF
DEADBEEF
DEADBEEF
DEADBEEF
DEADBEEF
DEADBEEF
DEADBEEF
DEADBEEF
DEADBEEF
DEADBEEF
DEADBEEF
DEADBEEF
DEADBEEF
DEADBEEF
DEADBEEF
DEADBEEF
DEADBEEF
DEADBEEF
DEADBEEF
DEADBEEF
DEADBEEF
DEADBEEF
DEADBEEF
DEADBEEF
DEADBEEF
DEADBEEF
DEADBEEF
DEADBEEF
DEADBEEF
DEADBEEF
DEADBEEF
DEADBEEF
DEADBEEF
DEADBEEF
DEADBEEF
DEADBEEF
DEADBEEF
DEADBEEF
DEADBEEF
DEADBEEF
DEADBEEF
DEADBEEF
DEADBEEF
DEADBEEF
DEADBEEF
DEADBEEF
DEADBEEF
DEADBEEF
DEADBEEF
DEADBEEF
DEADBEEF
DEADBEEF
DEADBEEF
DEADBEEF
DEADBEEF
DEADBEEF
DEADBEEF
DEADBEEF
DEADBEEF
DEADBEEF
DEADBEEF
DEADBEEF
DEADBEEF
DEADBEEF
DEADBEEF
DEADBEEF
DEADBEEF
DEADBEEF
DEADBEEF
DEADBEEF
DEADBEEF
DEADBEEF
DEADBEEF
DEADBEEF
DEADBEEF
DEADBEEF
DEADBEEF
DEADBEEF
DEADBEEF
DEADBEEF
DEADBEEF
DEADBEEF
DEADBEEF
DEADBEEF
DEADBEEF
DEADBEEF
DEADBEEF
DEADBEEF
DEADBEEF
DEADBEEF
DEADBEEF
DEADBEEF
DEADBEEF
DEADBEEF
DEADBEEF
DEADBEEF
DEADBEEF
DEADBEEF
DEADBEEF
DEADBEEF
DEADBEEF
DEADBEEF
DEADBEEF
DEADBEEF
DEADBEEF
DEADBEEF
DEADBEEF
DEADBEEF
DEADBEEF
DEADBEEF
DEADBEEF
DEADBEEF
DEADBEEF
DEADBEEF
DEADBEEF
DEADBEEF
DEADBEEF
DEADBEEF
DEADBEEF
DEADBEEF
DEADBEEF
DEADBEEF
DEADBEEF
DEADBEEF
DEADBEEF
DEADBEEF
DEADBEEF
DEADBEEF
DEADBEEF
DEADBEEF
DEADBEEF
DEADBEEF
DEADBEEF
DEADBEEF
DEADBEEF
DEADBEEF
DEADBEEF
DEADBEEF
DEADBEEF
DEADBEEF
DEADBEEF
DEADBEEF
DEADBEEF
DEADBEEF
DEADBEEF
DEADBEEF
DEADBEEF
DEADBEEF
DEADBEEF
DEADBEEF
DEADBEEF
DEADBEEF
DEADBEEF
DEADBEEF
DEADBEEF
DEADBEEF
DEADBEEF
DEADBEEF
DEADBEEF
DEADBEEF
DEADBEEF
DEADBEEF
DEADBEEF
DEADBEEF
DEADBEEF
DEADBEEF
DEADBEEF
DEADBEEF
DEADBEEF
DEADBEEF
DEADBEEF
DEADBEEF
DEADBEEF
DEADBEEF
DEADBEEF
DEADBEEF
DEADBEEF
DEADBEEF
DEADBEEF
DEADBEEF
DEADBEEF
DEADBEEF
DEADBEEF
DEADBEEF
DEADBEEF
DEADBEEF
DEADBEEF
DEADBEEF
DEADBEEF
DEADBEEF
DEADBEEF
DEADBEEF
DEADBEEF
DEADBEEF
DEADBEEF
DEADBEEF
DEADBEEF
DEADBEEF
DEADBEEF
DEADBEEF
DEADBEEF
DEADBEEF
DEADBEEF
DEADBEEF
DEADBEEF
DEADBEEF
DEADBEEF
DEADBEEF
DEADBEEF
DEADBEEF
DEADBEEF
DEADBEEF
DEADBEEF
DEADBEEF
DEADBEEF
DEADBEEF
DEADBEEF
DEADBEEF
DEADBEEF
DEADBEEF
DEADBEEF
DEADBEEF
DEADBEEF
DEADBEEF
DEADBEEF
DEADBEEF
DEADBEEF
DEADBEEF
DEADBEEF
DEADBEEF
DEADBEEF
DEADBEEF
DEADBEEF
DEADBEEF
DEADBEEF
DEADBEEF
DEADBEEF
DEADBEEF
DEADBEEF
DEADBEEF
DEADBEEF
DEADBEEF
DEADBEEF
DEADBEEF
DEADBEEF
DEADBEEF
DEADBEEF
DEADBEEF
DEADBEEF
DEADBEEF
DEADBEEF
DEADBEEF
DEADBEEF
DEADBEEF
DEADBEEF
DEADBEEF
DEADBEEF
DEADBEEF
DEADBEEF
DEADBEEF
DEADBEEF
DEADBEEF
DEADBEEF
DEADBEEF
DEADBEEF
DEADBEEF
DEADBEEF
DEADBEEF
DEADBEEF
DEADBEEF
DEADBEEF
DEADBEEF
DEADBEEF
DEADBEEF
DEADBEEF
DEADBEEF
DEADBEEF
DEADBEEF
DEADBEEF
DEADBEEF
DEADBEEF
DEADBEEF
DEADBEEF
DEADBEEF
DEADBEEF
DEADBEEF
DEADBEEF
DEADBEEF
DEADBEEF
DEADBEEF
DEADBEEF
DEADBEEF
DEADBEEF
DEADBEEF
DEADBEEF
DEADBEEF
DEADBEEF
DEADBEEF
DEADBEEF
DEADBEEF
DEADBEEF
DEADBEEF
DEADBEEF
DEADBEEF
DEADBEEF
DEADBEEF
DEADBEEF
DEADBEEF
DEADBEEF
DEADBEEF
DEADBEEF
DEADBEEF
DEADBEEF
DEADBEEF
DEADBEEF
DEADBEEF
DEADBEEF
DEADBEEF
DEADBEEF
DEADBEEF
DEADBEEF
DEADBEEF
DEADBEEF
DEADBEEF
DEADBEEF
DEADBEEF
DEADBEEF
DEADBEEF
DEADBEEF
DEADBEEF
DEADBEEF
DEADBEEF
DEADBEEF
DEADBEEF
DEADBEEF
DEADBEEF
DEADBEEF
DEADBEEF
DEADBEEF
DEADBEEF
DEADBEEF
DEADBEEF
DEADBEEF
DEADBEEF
DEADBEEF
DEADBEEF
DEADBEEF
DEADBEEF
DEADBEEF
DEADBEEF
DEADBEEF
DEADBEEF
DEADBEEF
DEADBEEF
DEADBEEF
DEADBEEF
DEADBEEF
DEADBEEF
DEADBEEF
DEADBEEF
DEADBEEF
DEADBEEF
DEADBEEF
DEADBEEF
DEADBEEF
DEADBEEF
DEADBEEF
DEADBEEF
DEADBEEF
DEADBEEF
DEADBEEF
DEADBEEF
DEADBEEF
DEADBEEF
DEADBEEF
DEADBEEF
DEADBEEF
DEADBEEF
DEADBEEF
DEADBEEF
DEADBEEF
DEADBEEF
DEADBEEF
DEADBEEF
DEADBEEF
DEADBEEF
DEADBEEF
DEADBEEF
DEADBEEF
DEADBEEF
DEADBEEF
DEADBEEF
DEADBEEF
DEADBEEF
DEADBEEF
DEADBEEF
DEADBEEF
DEADBEEF
DEADBEEF
DEADBEEF
DEADBEEF
DEADBEEF
DEADBEEF
DEADBEEF
DEADBEEF
DEADBEEF
DEADBEEF
DEADBEEF
DEADBEEF
DEADBEEF
DEADBEEF
DEADBEEF
DEADBEEF
DEADBEEF
DEADBEEF
DEADBEEF
DEADBEEF
DEADBEEF
DEADBEEF
DEADBEEF
DEADBEEF
DEADBEEF
DEADBEEF
DEADBEEF
DEADBEEF
DEADBEEF
DEADBEEF
DEADBEEF
DEADBEEF
DEADBEEF
DEADBEEF
DEADBEEF
DEADBEEF
DEADBEEF
DEADBEEF
DEADBEEF
DEADBEEF
DEADBEEF
DEADBEEF
DEADBEEF
DEADBEEF
DEADBEEF
DEADBEEF
DEADBEEF
DEADBEEF
DEADBEEF
DEADBEEF
DEADBEEF
DEADBEEF
DEADBEEF
DEADBEEF
DEADBEEF
DEADBEEF
DEADBEEF
DEADBEEF
DEADBEEF
DEADBEEF
DEADBEEF
DEADBEEF
DEADBEEF
DEADBEEF
DEADBEEF
DEADBEEF
DEADBEEF
DEADBEEF
DEADBEEF
DEADBEEF
DEADBEEF
DEADBEEF
DEADBEEF
DEADBEEF
DEADBEEF
DEADBEEF
DEADBEEF
DEADBEEF
DEADBEEF
DEADBEEF
DEADBEEF
DEADBEEF
DEADBEEF
DEADBEEF
DEADBEEF
DEADBEEF
DEADBEEF
DEADBEEF
DEADBEEF
DEADBEEF
DEADBEEF
DEADBEEF
DEADBEEF
DEADBEEF
DEADBEEF
DEADBEEF
DEADBEEF
DEADBEEF
DEADBEEF
DEADBEEF
DEADBEEF
DEADBEEF
DEADBEEF
DEADBEEF
DEADBEEF
DEADBEEF
DEADBEEF
DEADBEEF
DEADBEEF
DEADBEEF
DEADBEEF
DEADBEEF
DEADBEEF
DEADBEEF
DEADBEEF
DEADBEEF
DEADBEEF
DEADBEEF
DEADBEEF
DEADBEEF
DEADBEEF
DEADBEEF
DEADBEEF
DEADBEEF
DEADBEEF
DEADBEEF
DEADBEEF
DEADBEEF
DEADBEEF
DEADBEEF
DEADBEEF
DEADBEEF
DEADBEEF
DEADBEEF
DEADBEEF
DEADBEEF
DEADBEEF
DEADBEEF
DEADBEEF
DEADBEEF
DEADBEEF
DEADBEEF
DEADBEEF
DEADBEEF
DEADBEEF
DEADBEEF
DEADBEEF
DEADBEEF
DEADBEEF
DEADBEEF
DEADBEEF
DEADBEEF
DEADBEEF
DEADBEEF
DEADBEEF
DEADBEEF
DEADBEEF
DEADBEEF
DEADBEEF
DEADBEEF
DEADBEEF
DEADBEEF
DEADBEEF
DEADBEEF
DEADBEEF
DEADBEEF
DEADBEEF
DEADBEEF
DEADBEEF
DEADBEEF
DEADBEEF
DEADBEEF
DEADBEEF
DEADBEEF
DEADBEEF
DEADBEEF
DEADBEEF
DEADBEEF
DEADBEEF
DEADBEEF
DEADBEEF
DEADBEEF
DEADBEEF
DEADBEEF
DEADBEEF
DEADBEEF
DEADBEEF
DEADBEEF
DEADBEEF
DEADBEEF
DEADBEEF
DEADBEEF
DEADBEEF
DEADBEEF
DEADBEEF
DEADBEEF
DEADBEEF
DEADBEEF
DEADBEEF
DEADBEEF
DEADBEEF
DEADBEEF
DEADBEEF
DEADBEEF
DEADBEEF
DEADBEEF
DEADBEEF
DEADBEEF
DEADBEEF
DEADBEEF
DEADBEEF
DEADBEEF
DEADBEEF
DEADBEEF
DEADBEEF
DEADBEEF
DEADBEEF
DEADBEEF
DEADBEEF
DEADBEEF
DEADBEEF
DEADBEEF
DEADBEEF
DEADBEEF
DEADBEEF
DEADBEEF
DEADBEEF
DEADBEEF
DEADBEEF
DEADBEEF
DEADBEEF
DEADBEEF
DEADBEEF
DEADBEEF
DEADBEEF
DEADBEEF
DEADBEEF
DEADBEEF
DEADBEEF
DEADBEEF
DEADBEEF
DEADBEEF
DEADBEEF
DEADBEEF
DEADBEEF
DEADBEEF
DEADBEEF
DEADBEEF
DEADBEEF
DEADBEEF
DEADBEEF
DEADBEEF
DEADBEEF
DEADBEEF
DEADBEEF
DEADBEEF
DEADBEEF
DEADBEEF
DEADBEEF
DEADBEEF
DEADBEEF
DEADBEEF
DEADBEEF
DEADBEEF
DEADBEEF
DEADBEEF
DEADBEEF
DEADBEEF
DEADBEEF
DEADBEEF
DEADBEEF
DEADBEEF
DEADBEEF
DEADBEEF
DEADBEEF
DEADBEEF
DEADBEEF
DEADBEEF
DEADBEEF
DEADBEEF
DEADBEEF
DEADBEEF
DEADBEEF
DEADBEEF
DEADBEEF
DEADBEEF
DEADBEEF
DEADBEEF
DEADBEEF
DEADBEEF
DEADBEEF
DEADBEEF
DEADBEEF
DEADBEEF
DEADBEEF
DEADBEEF
DEADBEEF
DEADBEEF
DEADBEEF
DEADBEEF
DEADBEEF
DEADBEEF
DEADBEEF
DEADBEEF
DEADBEEF
DEADBEEF
DEADBEEF
DEADBEEF
DEADBEEF
DEADBEEF
DEADBEEF
DEADBEEF
DEADBEEF
DEADBEEF
DEADBEEF
DEADBEEF
DEADBEEF
DEADBEEF
DEADBEEF
DEADBEEF
DEADBEEF
DEADBEEF
DEADBEEF
DEADBEEF
DEADBEEF
DEADBEEF
DEADBEEF
DEADBEEF
DEADBEEF
DEADBEEF
DEADBEEF
DEADBEEF
DEADBEEF
DEADBEEF
DEADBEEF
DEADBEEF
DEADBEEF
DEADBEEF
DEADBEEF
DEADBEEF
DEADBEEF
DEADBEEF
DEADBEEF
DEADBEEF
DEADBEEF
DEADBEEF
DEADBEEF
DEADBEEF
DEADBEEF
DEADBEEF
DEADBEEF
DEADBEEF
DEADBEEF
DEADBEEF
DEADBEEF
DEADBEEF
DEADBEEF
DEADBEEF
DEADBEEF
DEADBEEF
DEADBEEF
DEADBEEF
DEADBEEF
DEADBEEF
DEADBEEF
DEADBEEF
DEADBEEF
DEADBEEF
DEADBEEF
DEADBEEF
DEADBEEF
DEADBEEF
DEADBEEF
DEADBEEF
DEADBEEF
DEADBEEF
DEADBEEF
DEADBEEF
DEADBEEF
DEADBEEF
DEADBEEF
DEADBEEF
DEADBEEF
DEADBEEF
DEADBEEF
DEADBEEF
DEADBEEF
DEADBEEF
DEADBEEF
DEADBEEF
DEADBEEF
DEADBEEF
DEADBEEF
DEADBEEF
DEADBEEF
DEADBEEF
DEADBEEF
DEADBEEF
DEADBEEF
DEADBEEF
DEADBEEF
DEADBEEF
DEADBEEF
DEADBEEF
DEADBEEF
DEADBEEF
DEADBEEF
DEADBEEF
DEADBEEF
DEADBEEF
DEADBEEF
DEADBEEF
DEADBEEF
DEADBEEF
DEADBEEF
DEADBEEF
DEADBEEF
DEADBEEF
DEADBEEF
DEADBEEF
DEADBEEF
DEADBEEF
DEADBEEF
DEADBEEF
DEADBEEF
DEADBEEF
DEADBEEF
DEADBEEF
DEADBEEF
DEADBEEF
DEADBEEF
DEADBEEF
DEADBEEF
DEADBEEF
DEADBEEF
DEADBEEF
DEADBEEF
DEADBEEF
DEADBEEF
DEADBEEF
DEADBEEF
DEADBEEF
DEADBEEF
DEADBEEF
DEADBEEF
DEADBEEF
DEADBEEF
DEADBEEF
DEADBEEF
DEADBEEF
DEADBEEF
DEADBEEF
DEADBEEF
DEADBEEF
DEADBEEF
DEADBEEF
DEADBEEF
DEADBEEF
DEADBEEF
DEADBEEF
DEADBEEF
DEADBEEF
DEADBEEF
DEADBEEF
DEADBEEF
DEADBEEF
DEADBEEF
DEADBEEF
DEADBEEF
DEADBEEF
DEADBEEF
DEADBEEF
DEADBEEF
DEADBEEF
DEADBEEF
DEADBEEF
DEADBEEF
DEADBEEF
DEADBEEF
DEADBEEF
DEADBEEF
DEADBEEF
DEADBEEF
DEADBEEF
DEADBEEF
DEADBEEF
DEADBEEF
DEADBEEF
DEADBEEF
DEADBEEF
DEADBEEF
DEADBEEF
DEADBEEF
DEADBEEF
DEADBEEF
DEADBEEF
DEADBEEF
DEADBEEF
DEADBEEF
DEADBEEF
DEADBEEF
DEADBEEF
DEADBEEF
DEADBEEF
DEADBEEF
DEADBEEF
DEADBEEF
DEADBEEF
DEADBEEF
DEADBEEF
DEADBEEF
DEADBEEF
DEADBEEF
DEADBEEF
DEADBEEF
DEADBEEF
DEADBEEF
DEADBEEF
DEADBEEF
DEADBEEF
DEADBEEF
DEADBEEF
DEADBEEF
DEADBEEF
DEADBEEF
DEADBEEF
DEADBEEF
DEADBEEF
DEADBEEF
DEADBEEF
DEADBEEF
DEADBEEF
DEADBEEF
DEADBEEF
DEADBEEF
DEADBEEF
DEADBEEF
DEADBEEF
DEADBEEF
DEADBEEF
DEADBEEF
DEADBEEF
DEADBEEF
DEADBEEF
DEADBEEF
DEADBEEF
DEADBEEF
DEADBEEF
DEADBEEF
DEADBEEF
DEADBEEF
DEADBEEF
DEADBEEF
DEADBEEF
DEADBEEF
DEADBEEF
DEADBEEF
DEADBEEF
DEADBEEF
DEADBEEF
DEADBEEF
DEADBEEF
DEADBEEF
DEADBEEF
DEADBEEF
DEADBEEF
DEADBEEF
DEADBEEF
DEADBEEF
DEADBEEF
DEADBEEF
DEADBEEF
DEADBEEF
DEADBEEF
DEADBEEF
DEADBEEF
DEADBEEF
DEADBEEF
DEADBEEF
DEADBEEF
DEADBEEF
DEADBEEF
DEADBEEF
DEADBEEF
DEADBEEF
DEADBEEF
DEADBEEF
DEADBEEF
DEADBEEF
DEADBEEF
DEADBEEF
DEADBEEF
DEADBEEF
DEADBEEF
DEADBEEF
DEADBEEF
DEADBEEF
DEADBEEF
DEADBEEF
DEADBEEF
DEADBEEF
DEADBEEF
DEADBEEF
DEADBEEF
DEADBEEF
DEADBEEF
DEADBEEF
DEADBEEF
DEADBEEF
DEADBEEF
DEADBEEF
DEADBEEF
DEADBEEF
DEADBEEF
DEADBEEF
DEADBEEF
DEADBEEF
DEADBEEF
DEADBEEF
DEADBEEF
DEADBEEF
DEADBEEF
DEADBEEF
DEADBEEF
DEADBEEF
DEADBEEF
DEADBEEF
DEADBEEF
DEADBEEF
DEADBEEF
DEADBEEF
DEADBEEF
DEADBEEF
DEADBEEF
DEADBEEF
DEADBEEF
DEADBEEF
DEADBEEF
DEADBEEF
DEADBEEF
DEADBEEF
DEADBEEF
DEADBEEF
DEADBEEF
DEADBEEF
DEADBEEF
DEADBEEF
DEADBEEF
DEADBEEF
DEADBEEF
DEADBEEF
DEADBEEF
DEADBEEF
DEADBEEF
DEADBEEF
DEADBEEF
DEADBEEF
DEADBEEF
DEADBEEF
DEADBEEF
DEADBEEF
DEADBEEF
DEADBEEF
DEADBEEF
DEADBEEF
DEADBEEF
DEADBEEF
DEADBEEF
DEADBEEF
DEADBEEF
DEADBEEF
DEADBEEF
DEADBEEF
DEADBEEF
DEADBEEF
DEADBEEF
DEADBEEF
DEADBEEF
DEADBEEF
DEADBEEF
DEADBEEF
DEADBEEF
DEADBEEF
DEADBEEF
DEADBEEF
DEADBEEF
DEADBEEF
DEADBEEF
DEADBEEF
DEADBEEF
DEADBEEF
DEADBEEF
DEADBEEF
DEADBEEF
DEADBEEF
DEADBEEF
DEADBEEF
DEADBEEF
DEADBEEF
DEADBEEF
DEADBEEF
DEADBEEF
DEADBEEF
DEADBEEF
DEADBEEF
DEADBEEF
DEADBEEF
DEADBEEF
DEADBEEF
DEADBEEF
DEADBEEF
DEADBEEF
DEADBEEF
DEADBEEF
DEADBEEF
DEADBEEF
DEADBEEF
DEADBEEF
DEADBEEF
DEADBEEF
DEADBEEF
DEADBEEF
DEADBEEF
DEADBEEF
DEADBEEF
DEADBEEF
DEADBEEF
DEADBEEF
DEADBEEF
DEADBEEF
DEADBEEF
DEADBEEF
DEADBEEF
DEADBEEF
DEADBEEF
DEADBEEF
DEADBEEF
DEADBEEF
DEADBEEF
DEADBEEF
DEADBEEF
DEADBEEF
DEADBEEF
DEADBEEF
DEADBEEF
DEADBEEF
DEADBEEF
DEADBEEF
DEADBEEF
DEADBEEF
DEADBEEF
DEADBEEF
DEADBEEF
DEADBEEF
DEADBEEF
DEADBEEF
DEADBEEF
DEADBEEF
DEADBEEF
DEADBEEF
DEADBEEF
DEADBEEF
DEADBEEF
DEADBEEF
DEADBEEF
DEADBEEF
DEADBEEF
DEADBEEF
DEADBEEF
DEADBEEF
DEADBEEF
DEADBEEF
DEADBEEF
DEADBEEF
DEADBEEF
DEADBEEF
DEADBEEF
DEADBEEF
DEADBEEF
DEADBEEF
DEADBEEF
DEADBEEF
DEADBEEF
DEADBEEF
DEADBEEF
DEADBEEF
DEADBEEF
DEADBEEF
DEADBEEF
DEADBEEF
DEADBEEF
DEADBEEF
DEADBEEF
DEADBEEF
DEADBEEF
DEADBEEF
DEADBEEF
DEADBEEF
DEADBEEF
DEADBEEF
DEADBEEF
DEADBEEF
DEADBEEF
DEADBEEF
DEADBEEF
DEADBEEF
DEADBEEF
DEADBEEF
DEADBEEF
DEADBEEF
DEADBEEF
DEADBEEF
DEADBEEF
DEADBEEF
DEADBEEF
DEADBEEF
DEADBEEF
DEADBEEF
DEADBEEF
DEADBEEF
DEADBEEF
DEADBEEF
DEADBEEF
DEADBEEF
DEADBEEF
DEADBEEF
DEADBEEF
DEADBEEF
DEADBEEF
DEADBEEF
DEADBEEF
DEADBEEF
DEADBEEF
DEADBEEF
DEADBEEF
DEADBEEF
DEADBEEF
DEADBEEF
DEADBEEF
DEADBEEF
DEADBEEF
DEADBEEF
DEADBEEF
DEADBEEF
DEADBEEF
DEADBEEF
DEADBEEF
DEADBEEF
DEADBEEF
DEADBEEF
DEADBEEF
DEADBEEF
DEADBEEF
DEADBEEF
DEADBEEF
DEADBEEF
DEADBEEF
DEADBEEF
DEADBEEF
DEADBEEF
DEADBEEF
DEADBEEF
DEADBEEF
DEADBEEF
DEADBEEF
DEADBEEF
DEADBEEF
DEADBEEF
DEADBEEF
DEADBEEF
DEADBEEF
DEADBEEF
DEADBEEF
DEADBEEF
DEADBEEF
DEADBEEF
DEADBEEF
DEADBEEF
DEADBEEF
DEADBEEF
DEADBEEF
DEADBEEF
DEADBEEF
DEADBEEF
DEADBEEF
DEADBEEF
DEADBEEF
DEADBEEF
DEADBEEF
DEADBEEF
DEADBEEF
DEADBEEF
DEADBEEF
DEADBEEF
DEADBEEF
DEADBEEF
DEADBEEF
DEADBEEF
DEADBEEF
DEADBEEF
DEADBEEF
DEADBEEF
DEADBEEF
DEADBEEF
DEADBEEF
DEADBEEF
DEADBEEF
DEADBEEF
DEADBEEF
DEADBEEF
DEADBEEF
DEADBEEF
DEADBEEF
DEADBEEF
DEADBEEF
DEADBEEF
DEADBEEF
DEADBEEF
DEADBEEF
DEADBEEF
DEADBEEF
DEADBEEF
DEADBEEF
DEADBEEF
DEADBEEF
DEADBEEF
DEADBEEF
DEADBEEF
DEADBEEF
DEADBEEF
DEADBEEF
DEADBEEF
DEADBEEF
DEADBEEF
DEADBEEF
DEADBEEF
DEADBEEF
DEADBEEF
DEADBEEF
DEADBEEF
DEADBEEF
DEADBEEF
DEADBEEF
DEADBEEF
DEADBEEF
DEADBEEF
DEADBEEF
DEADBEEF
DEADBEEF
DEADBEEF
DEADBEEF
DEADBEEF
DEADBEEF
DEADBEEF
DEADBEEF
DEADBEEF
DEADBEEF
DEADBEEF
DEADBEEF
DEADBEEF
DEADBEEF
DEADBEEF
DEADBEEF
DEADBEEF
DEADBEEF
DEADBEEF
DEADBEEF
DEADBEEF
DEADBEEF
DEADBEEF
DEADBEEF
DEADBEEF
DEADBEEF
DEADBEEF
DEADBEEF
DEADBEEF
DEADBEEF
DEADBEEF
DEADBEEF
DEADBEEF
DEADBEEF
DEADBEEF
DEADBEEF
DEADBEEF
DEADBEEF
DEADBEEF
DEADBEEF
DEADBEEF
DEADBEEF
DEADBEEF
DEADBEEF
DEADBEEF
DEADBEEF
DEADBEEF
DEADBEEF
DEADBEEF
DEADBEEF
DEADBEEF
DEADBEEF
DEADBEEF
DEADBEEF
DEADBEEF
DEADBEEF
DEADBEEF
DEADBEEF
DEADBEEF
DEADBEEF
DEADBEEF
DEADBEEF
DEADBEEF
DEADBEEF
DEADBEEF
DEADBEEF
DEADBEEF
DEADBEEF
DEADBEEF
DEADBEEF
DEADBEEF
DEADBEEF
DEADBEEF
DEADBEEF
DEADBEEF
DEADBEEF
DEADBEEF
DEADBEEF
DEADBEEF
DEADBEEF
DEADBEEF
DEADBEEF
DEADBEEF
DEADBEEF
DEADBEEF
DEADBEEF
DEADBEEF
DEADBEEF
DEADBEEF
DEADBEEF
DEADBEEF
DEADBEEF
DEADBEEF
DEADBEEF
DEADBEEF
DEADBEEF
DEADBEEF
DEADBEEF
DEADBEEF
DEADBEEF
DEADBEEF
DEADBEEF
DEADBEEF
DEADBEEF
DEADBEEF
DEADBEEF
DEADBEEF
DEADBEEF
DEADBEEF
DEADBEEF
DEADBEEF
DEADBEEF
DEADBEEF
DEADBEEF
DEADBEEF
DEADBEEF
DEADBEEF
DEADBEEF
DEADBEEF
DEADBEEF
DEADBEEF
DEADBEEF
DEADBEEF
DEADBEEF
DEADBEEF
DEADBEEF
DEADBEEF
DEADBEEF
DEADBEEF
DEADBEEF
DEADBEEF
DEADBEEF
DEADBEEF
DEADBEEF
DEADBEEF
DEADBEEF
DEADBEEF
DEADBEEF
DEADBEEF
DEADBEEF
DEADBEEF
DEADBEEF
DEADBEEF
DEADBEEF
DEADBEEF
DEADBEEF
DEADBEEF
DEADBEEF
DEADBEEF
DEADBEEF
DEADBEEF
DEADBEEF
DEADBEEF
DEADBEEF
DEADBEEF
DEADBEEF
DEADBEEF
DEADBEEF
DEADBEEF
DEADBEEF
DEADBEEF
DEADBEEF
DEADBEEF
DEADBEEF
DEADBEEF
DEADBEEF
DEADBEEF
DEADBEEF
DEADBEEF
DEADBEEF
DEADBEEF
DEADBEEF
DEADBEEF
DEADBEEF
DEADBEEF
DEADBEEF
DEADBEEF
DEADBEEF
DEADBEEF
DEADBEEF
DEADBEEF
DEADBEEF
DEADBEEF
DEADBEEF
DEADBEEF
DEADBEEF
DEADBEEF
DEADBEEF
DEADBEEF
DEADBEEF
DEADBEEF
DEADBEEF
DEADBEEF
DEADBEEF
DEADBEEF
DEADBEEF
DEADBEEF
DEADBEEF
DEADBEEF
DEADBEEF
DEADBEEF
DEADBEEF
DEADBEEF
DEADBEEF
DEADBEEF
DEADBEEF
DEADBEEF
DEADBEEF
DEADBEEF
DEADBEEF
DEADBEEF
DEADBEEF
DEADBEEF
DEADBEEF
DEADBEEF
DEADBEEF
DEADBEEF
DEADBEEF
DEADBEEF
DEADBEEF
DEADBEEF
DEADBEEF
DEADBEEF
DEADBEEF
DEADBEEF
DEADBEEF
DEADBEEF
DEADBEEF
DEADBEEF
DEADBEEF
DEADBEEF
DEADBEEF
DEADBEEF
DEADBEEF
DEADBEEF
DEADBEEF
DEADBEEF
DEADBEEF
DEADBEEF
DEADBEEF
DEADBEEF
DEADBEEF
DEADBEEF
DEADBEEF
DEADBEEF
DEADBEEF
DEADBEEF
DEADBEEF
DEADBEEF
DEADBEEF
DEADBEEF
DEADBEEF
DEADBEEF
DEADBEEF
DEADBEEF
DEADBEEF
DEADBEEF
DEADBEEF
DEADBEEF
DEADBEEF
DEADBEEF
DEADBEEF
DEADBEEF
DEADBEEF
DEADBEEF
DEADBEEF
DEADBEEF
DEADBEEF
DEADBEEF
DEADBEEF
DEADBEEF
DEADBEEF
DEADBEEF
DEADBEEF
DEADBEEF
DEADBEEF
DEADBEEF
DEADBEEF
DEADBEEF
DEADBEEF
DEADBEEF
DEADBEEF
DEADBEEF
DEADBEEF
DEADBEEF
DEADBEEF
DEADBEEF
DEADBEEF
DEADBEEF
DEADBEEF
DEADBEEF
DEADBEEF
DEADBEEF
DEADBEEF
DEADBEEF
DEADBEEF
DEADBEEF
DEADBEEF
DEADBEEF
DEADBEEF
DEADBEEF
DEADBEEF
DEADBEEF
DEADBEEF
DEADBEEF
DEADBEEF
DEADBEEF
DEADBEEF
DEADBEEF
DEADBEEF
DEADBEEF
DEADBEEF
DEADBEEF
DEADBEEF
DEADBEEF
DEADBEEF
DEADBEEF
DEADBEEF
DEADBEEF
DEADBEEF
DEADBEEF
DEADBEEF
DEADBEEF
DEADBEEF
DEADBEEF
DEADBEEF
DEADBEEF
DEADBEEF
DEADBEEF
DEADBEEF
DEADBEEF
DEADBEEF
DEADBEEF
DEADBEEF
DEADBEEF
DEADBEEF
DEADBEEF
DEADBEEF
DEADBEEF
DEADBEEF
DEADBEEF
DEADBEEF
DEADBEEF
DEADBEEF
DEADBEEF
DEADBEEF
DEADBEEF
DEADBEEF
DEADBEEF
DEADBEEF
DEADBEEF
DEADBEEF
DEADBEEF
DEADBEEF
DEADBEEF
DEADBEEF
DEADBEEF
DEADBEEF
DEADBEEF
DEADBEEF
DEADBEEF
DEADBEEF
DEADBEEF
DEADBEEF
DEADBEEF
DEADBEEF
DEADBEEF
DEADBEEF
DEADBEEF
DEADBEEF
DEADBEEF
DEADBEEF
DEADBEEF
DEADBEEF
DEADBEEF
DEADBEEF
DEADBEEF
DEADBEEF
DEADBEEF
DEADBEEF
DEADBEEF
DEADBEEF
DEADBEEF
DEADBEEF
DEADBEEF
DEADBEEF
DEADBEEF
DEADBEEF
DEADBEEF
DEADBEEF
DEADBEEF
DEADBEEF
DEADBEEF
DEADBEEF
DEADBEEF
DEADBEEF
DEADBEEF
DEADBEEF
DEADBEEF
DEADBEEF
DEADBEEF
DEADBEEF
DEADBEEF
DEADBEEF
DEADBEEF
DEADBEEF
DEADBEEF
DEADBEEF
DEADBEEF
DEADBEEF
DEADBEEF
DEADBEEF
DEADBEEF
DEADBEEF
DEADBEEF
DEADBEEF
DEADBEEF
DEADBEEF
DEADBEEF
DEADBEEF
DEADBEEF
DEADBEEF
DEADBEEF
DEADBEEF
DEADBEEF
DEADBEEF
DEADBEEF
DEADBEEF
DEADBEEF
DEADBEEF
DEADBEEF
DEADBEEF
DEADBEEF
DEADBEEF
DEADBEEF
DEADBEEF
DEADBEEF
DEADBEEF
DEADBEEF
DEADBEEF
DEADBEEF
DEADBEEF
DEADBEEF
DEADBEEF
DEADBEEF
DEADBEEF
DEADBEEF
DEADBEEF
DEADBEEF
DEADBEEF
DEADBEEF
DEADBEEF
DEADBEEF
DEADBEEF
DEADBEEF
DEADBEEF
DEADBEEF
DEADBEEF
DEADBEEF
DEADBEEF
DEADBEEF
DEADBEEF
DEADBEEF
DEADBEEF
DEADBEEF
DEADBEEF
DEADBEEF
DEADBEEF
DEADBEEF
DEADBEEF
DEADBEEF
DEADBEEF
DEADBEEF
DEADBEEF
DEADBEEF
DEADBEEF
DEADBEEF
DEADBEEF
DEADBEEF
DEADBEEF
DEADBEEF
DEADBEEF
DEADBEEF
DEADBEEF
DEADBEEF
DEADBEEF
DEADBEEF
DEADBEEF
DEADBEEF
DEADBEEF
DEADBEEF
DEADBEEF
DEADBEEF
DEADBEEF
DEADBEEF
DEADBEEF
DEADBEEF
DEADBEEF
DEADBEEF
DEADBEEF
DEADBEEF
DEADBEEF
DEADBEEF
DEADBEEF
DEADBEEF
DEADBEEF
DEADBEEF
DEADBEEF
DEADBEEF
DEADBEEF
DEADBEEF
DEADBEEF
DEADBEEF
DEADBEEF
DEADBEEF
DEADBEEF
DEADBEEF
DEADBEEF
DEADBEEF
DEADBEEF
DEADBEEF
DEADBEEF
DEADBEEF
DEADBEEF
DEADBEEF
DEADBEEF
DEADBEEF
DEADBEEF
DEADBEEF
DEADBEEF
DEADBEEF
DEADBEEF
DEADBEEF
DEADBEEF
DEADBEEF
DEADBEEF
DEADBEEF
DEADBEEF
DEADBEEF
DEADBEEF
DEADBEEF
DEADBEEF
DEADBEEF
DEADBEEF
DEADBEEF
DEADBEEF
DEADBEEF
DEADBEEF
DEADBEEF
DEADBEEF
DEADBEEF
DEADBEEF
DEADBEEF
DEADBEEF
DEADBEEF
DEADBEEF
DEADBEEF
DEADBEEF
DEADBEEF
DEADBEEF
DEADBEEF
DEADBEEF
DEADBEEF
DEADBEEF
DEADBEEF
DEADBEEF
DEADBEEF
DEADBEEF
DEADBEEF
DEADBEEF
DEADBEEF
DEADBEEF
DEADBEEF
DEADBEEF
DEADBEEF
DEADBEEF
DEADBEEF
DEADBEEF
DEADBEEF
DEADBEEF
DEADBEEF
DEADBEEF
DEADBEEF
DEADBEEF
DEADBEEF
DEADBEEF
DEADBEEF
DEADBEEF
DEADBEEF
DEADBEEF
DEADBEEF
DEADBEEF
DEADBEEF
DEADBEEF
DEADBEEF
DEADBEEF
DEADBEEF
DEADBEEF
DEADBEEF
DEADBEEF
DEADBEEF
DEADBEEF
DEADBEEF
DEADBEEF
DEADBEEF
DEADBEEF
DEADBEEF
DEADBEEF
DEADBEEF
DEADBEEF
DEADBEEF
DEADBEEF
DEADBEEF
DEADBEEF
DEADBEEF
DEADBEEF
DEADBEEF
DEADBEEF
DEADBEEF
DEADBEEF
DEADBEEF
DEADBEEF
DEADBEEF
DEADBEEF
DEADBEEF
DEADBEEF
DEADBEEF
DEADBEEF
DEADBEEF
DEADBEEF
DEADBEEF
DEADBEEF
DEADBEEF
DEADBEEF
DEADBEEF
DEADBEEF
DEADBEEF
DEADBEEF
DEADBEEF
DEADBEEF
DEADBEEF
DEADBEEF
DEADBEEF
DEADBEEF
DEADBEEF
DEADBEEF
DEADBEEF
DEADBEEF
DEADBEEF
DEADBEEF
DEADBEEF
DEADBEEF
DEADBEEF
DEADBEEF
DEADBEEF
DEADBEEF
DEADBEEF
DEADBEEF
DEADBEEF
DEADBEEF
DEADBEEF
DEADBEEF
DEADBEEF
DEADBEEF
DEADBEEF
DEADBEEF
DEADBEEF
DEADBEEF
DEADBEEF
DEADBEEF
DEADBEEF
DEADBEEF
DEADBEEF
DEADBEEF
DEADBEEF
DEADBEEF
DEADBEEF
DEADBEEF
DEADBEEF
DEADBEEF
DEADBEEF
DEADBEEF
DEADBEEF
DEADBEEF
DEADBEEF
DEADBEEF
DEADBEEF
DEADBEEF
DEADBEEF
DEADBEEF
DEADBEEF
DEADBEEF
DEADBEEF
DEADBEEF
DEADBEEF
DEADBEEF
DEADBEEF
DEADBEEF
DEADBEEF
DEADBEEF
DEADBEEF
DEADBEEF
DEADBEEF
DEADBEEF
DEADBEEF
DEADBEEF
DEADBEEF
DEADBEEF
DEADBEEF
DEADBEEF
DEADBEEF
DEADBEEF
DEADBEEF
DEADBEEF
DEADBEEF
DEADBEEF
DEADBEEF
DEADBEEF
DEADBEEF
DEADBEEF
DEADBEEF
DEADBEEF
DEADBEEF
DEADBEEF
DEADBEEF
DEADBEEF
DEADBEEF
DEADBEEF
DEADBEEF
DEADBEEF
DEADBEEF
DEADBEEF
DEADBEEF
DEADBEEF
DEADBEEF
DEADBEEF
DEADBEEF
DEADBEEF
DEADBEEF
DEADBEEF
DEADBEEF
DEADBEEF
DEADBEEF
DEADBEEF
DEADBEEF
DEADBEEF
DEADBEEF
DEADBEEF
DEADBEEF
DEADBEEF
DEADBEEF
DEADBEEF
DEADBEEF
DEADBEEF
DEADBEEF
DEADBEEF
DEADBEEF
DEADBEEF
DEADBEEF
DEADBEEF
DEADBEEF
DEADBEEF
DEADBEEF
DEADBEEF
DEADBEEF
DEADBEEF
DEADBEEF
DEADBEEF
DEADBEEF
DEADBEEF
DEADBEEF
DEADBEEF
DEADBEEF
DEADBEEF
DEADBEEF
DEADBEEF
DEADBEEF
DEADBEEF
DEADBEEF
DEADBEEF
DEADBEEF
DEADBEEF
DEADBEEF
DEADBEEF
DEADBEEF
DEADBEEF
DEADBEEF
DEADBEEF
DEADBEEF
DEADBEEF
DEADBEEF
DEADBEEF
DEADBEEF
DEADBEEF
DEADBEEF
DEADBEEF
DEADBEEF
DEADBEEF
DEADBEEF
DEADBEEF
DEADBEEF
DEADBEEF
DEADBEEF
DEADBEEF
DEADBEEF
DEADBEEF
DEADBEEF
DEADBEEF
DEADBEEF
DEADBEEF
DEADBEEF
DEADBEEF
DEADBEEF
DEADBEEF
DEADBEEF
DEADBEEF
DEADBEEF
DEADBEEF
DEADBEEF
DEADBEEF
DEADBEEF
DEADBEEF
DEADBEEF
DEADBEEF
DEADBEEF
DEADBEEF
DEADBEEF
DEADBEEF
DEADBEEF
DEADBEEF
DEADBEEF
DEADBEEF
DEADBEEF
DEADBEEF
DEADBEEF
DEADBEEF
DEADBEEF
DEADBEEF
DEADBEEF
DEADBEEF
DEADBEEF
DEADBEEF
DEADBEEF
DEADBEEF
DEADBEEF
DEADBEEF
DEADBEEF
DEADBEEF
DEADBEEF
DEADBEEF
DEADBEEF
DEADBEEF
DEADBEEF
DEADBEEF
DEADBEEF
DEADBEEF
DEADBEEF
DEADBEEF
DEADBEEF
DEADBEEF
DEADBEEF
DEADBEEF
DEADBEEF
DEADBEEF
DEADBEEF
DEADBEEF
DEADBEEF
DEADBEEF
DEADBEEF
DEADBEEF
DEADBEEF
DEADBEEF
DEADBEEF
DEADBEEF
DEADBEEF
DEADBEEF
DEADBEEF
DEADBEEF
DEADBEEF
DEADBEEF
DEADBEEF
DEADBEEF
DEADBEEF
DEADBEEF
DEADBEEF
DEADBEEF
DEADBEEF
DEADBEEF
DEADBEEF
DEADBEEF
DEADBEEF
DEADBEEF
DEADBEEF
DEADBEEF
DEADBEEF
DEADBEEF
DEADBEEF
DEADBEEF
DEADBEEF
DEADBEEF
DEADBEEF
DEADBEEF
DEADBEEF
DEADBEEF
DEADBEEF
DEADBEEF
DEADBEEF
DEADBEEF
DEADBEEF
DEADBEEF
DEADBEEF
DEADBEEF
DEADBEEF
DEADBEEF
DEADBEEF
DEADBEEF
DEADBEEF
DEADBEEF
DEADBEEF
DEADBEEF
DEADBEEF
DEADBEEF
DEADBEEF
DEADBEEF
DEADBEEF
DEADBEEF
DEADBEEF
DEADBEEF
DEADBEEF
DEADBEEF
DEADBEEF
DEADBEEF
DEADBEEF
DEADBEEF
DEADBEEF
DEADBEEF
DEADBEEF
DEADBEEF
DEADBEEF
DEADBEEF
DEADBEEF
DEADBEEF
DEADBEEF
DEADBEEF
DEADBEEF
DEADBEEF
DEADBEEF
DEADBEEF
DEADBEEF
DEADBEEF
DEADBEEF
DEADBEEF
DEADBEEF
DEADBEEF
DEADBEEF
DEADBEEF
DEADBEEF
DEADBEEF
DEADBEEF
DEADBEEF
DEADBEEF
DEADBEEF
DEADBEEF
DEADBEEF
DEADBEEF
DEADBEEF
DEADBEEF
DEADBEEF
DEADBEEF
DEADBEEF
DEADBEEF
DEADBEEF
DEADBEEF
DEADBEEF
DEADBEEF
DEADBEEF
DEADBEEF
DEADBEEF
DEADBEEF
DEADBEEF
DEADBEEF
DEADBEEF
DEADBEEF
DEADBEEF
DEADBEEF
DEADBEEF
DEADBEEF
DEADBEEF
DEADBEEF
DEADBEEF
DEADBEEF
DEADBEEF
DEADBEEF
DEADBEEF
DEADBEEF
DEADBEEF
DEADBEEF
DEADBEEF
DEADBEEF
DEADBEEF
DEADBEEF
DEADBEEF
DEADBEEF
DEADBEEF
DEADBEEF
DEADBEEF
DEADBEEF
DEADBEEF
DEADBEEF
DEADBEEF
DEADBEEF
DEADBEEF
DEADBEEF
DEADBEEF
DEADBEEF
DEADBEEF
DEADBEEF
DEADBEEF
DEADBEEF
DEADBEEF
DEADBEEF
DEADBEEF
DEADBEEF
DEADBEEF
DEADBEEF
DEADBEEF
DEADBEEF
DEADBEEF
DEADBEEF
DEADBEEF
DEADBEEF
DEADBEEF
DEADBEEF
DEADBEEF
DEADBEEF
DEADBEEF
DEADBEEF
DEADBEEF
DEADBEEF
DEADBEEF
DEADBEEF
DEADBEEF
DEADBEEF
DEADBEEF
DEADBEEF
DEADBEEF
DEADBEEF
DEADBEEF
DEADBEEF
DEADBEEF
DEADBEEF
DEADBEEF
DEADBEEF
DEADBEEF
DEADBEEF
DEADBEEF
DEADBEEF
DEADBEEF
DEADBEEF
DEADBEEF
DEADBEEF
DEADBEEF
DEADBEEF
DEADBEEF
DEADBEEF
DEADBEEF
DEADBEEF
DEADBEEF
DEADBEEF
DEADBEEF
DEADBEEF
DEADBEEF
DEADBEEF
DEADBEEF
DEADBEEF
DEADBEEF
DEADBEEF
DEADBEEF
DEADBEEF
DEADBEEF
DEADBEEF
DEADBEEF
DEADBEEF
DEADBEEF
DEADBEEF
DEADBEEF
DEADBEEF
DEADBEEF
DEADBEEF
DEADBEEF
DEADBEEF
DEADBEEF
DEADBEEF
DEADBEEF
DEADBEEF
DEADBEEF
DEADBEEF
DEADBEEF
DEADBEEF
DEADBEEF
DEADBEEF
DEADBEEF
DEADBEEF
DEADBEEF
DEADBEEF
DEADBEEF
DEADBEEF
DEADBEEF
DEADBEEF
DEADBEEF
DEADBEEF
DEADBEEF
DEADBEEF
DEADBEEF
DEADBEEF
DEADBEEF
DEADBEEF
DEADBEEF
DEADBEEF
DEADBEEF
DEADBEEF
DEADBEEF
DEADBEEF
DEADBEEF
DEADBEEF
DEADBEEF
DEADBEEF
DEADBEEF
DEADBEEF
DEADBEEF
DEADBEEF
DEADBEEF
DEADBEEF
DEADBEEF
DEADBEEF
DEADBEEF
DEADBEEF
DEADBEEF
DEADBEEF
DEADBEEF
DEADBEEF
DEADBEEF
DEADBEEF
DEADBEEF
DEADBEEF
DEADBEEF
DEADBEEF
DEADBEEF
DEADBEEF
DEADBEEF
DEADBEEF
DEADBEEF
DEADBEEF
DEADBEEF
DEADBEEF
DEADBEEF
DEADBEEF
DEADBEEF
DEADBEEF
DEADBEEF
DEADBEEF
DEADBEEF
DEADBEEF
DEADBEEF
DEADBEEF
DEADBEEF
DEADBEEF
DEADBEEF
DEADBEEF
DEADBEEF
DEADBEEF
DEADBEEF
DEADBEEF
DEADBEEF
DEADBEEF
DEADBEEF
DEADBEEF
DEADBEEF
DEADBEEF
DEADBEEF
DEADBEEF
DEADBEEF
DEADBEEF
DEADBEEF
DEADBEEF
DEADBEEF
DEADBEEF
DEADBEEF
DEADBEEF
DEADBEEF
DEADBEEF
DEADBEEF
DEADBEEF
DEADBEEF
DEADBEEF
DEADBEEF
DEADBEEF
DEADBEEF
DEADBEEF
DEADBEEF
DEADBEEF
DEADBEEF
DEADBEEF
DEADBEEF
DEADBEEF
DEADBEEF
DEADBEEF
DEADBEEF
DEADBEEF
DEADBEEF
DEADBEEF
DEADBEEF
DEADBEEF
DEADBEEF
DEADBEEF
DEADBEEF
DEADBEEF
DEADBEEF
DEADBEEF
DEADBEEF
DEADBEEF
DEADBEEF
DEADBEEF
DEADBEEF
DEADBEEF
DEADBEEF
DEADBEEF
DEADBEEF
DEADBEEF
DEADBEEF
DEADBEEF
DEADBEEF
DEADBEEF
DEADBEEF
DEADBEEF
DEADBEEF
DEADBEEF
DEADBEEF
DEADBEEF
DEADBEEF
DEADBEEF
DEADBEEF
DEADBEEF
DEADBEEF
DEADBEEF
DEADBEEF
DEADBEEF
DEADBEEF
DEADBEEF
DEADBEEF
DEADBEEF
DEADBEEF
DEADBEEF
DEADBEEF
DEADBEEF
DEADBEEF
DEADBEEF
DEADBEEF
DEADBEEF
DEADBEEF
DEADBEEF
DEADBEEF
DEADBEEF
DEADBEEF
DEADBEEF
DEADBEEF
DEADBEEF
DEADBEEF
DEADBEEF
DEADBEEF
DEADBEEF
DEADBEEF
DEADBEEF
DEADBEEF
DEADBEEF
DEADBEEF
DEADBEEF
DEADBEEF
DEADBEEF
DEADBEEF
DEADBEEF
DEADBEEF
DEADBEEF
DEADBEEF
DEADBEEF
DEADBEEF
DEADBEEF
DEADBEEF
DEADBEEF
DEADBEEF
DEADBEEF
DEADBEEF
DEADBEEF
DEADBEEF
DEADBEEF
DEADBEEF
DEADBEEF
DEADBEEF
DEADBEEF
DEADBEEF
DEADBEEF
DEADBEEF
DEADBEEF
DEADBEEF
DEADBEEF
DEADBEEF
DEADBEEF
DEADBEEF
DEADBEEF
DEADBEEF
DEADBEEF
DEADBEEF
DEADBEEF
DEADBEEF
DEADBEEF
DEADBEEF
DEADBEEF
DEADBEEF
DEADBEEF
DEADBEEF
DEADBEEF
DEADBEEF
DEADBEEF
DEADBEEF
DEADBEEF
DEADBEEF
DEADBEEF
DEADBEEF
DEADBEEF
DEADBEEF
DEADBEEF
DEADBEEF
DEADBEEF
DEADBEEF
DEADBEEF
DEADBEEF
DEADBEEF
DEADBEEF
DEADBEEF
DEADBEEF
DEADBEEF
DEADBEEF
DEADBEEF
DEADBEEF
DEADBEEF
DEADBEEF
DEADBEEF
DEADBEEF
DEADBEEF
DEADBEEF
DEADBEEF
DEADBEEF
DEADBEEF
DEADBEEF
DEADBEEF
DEADBEEF
DEADBEEF
DEADBEEF
DEADBEEF
DEADBEEF
DEADBEEF
DEADBEEF
DEADBEEF
DEADBEEF
DEADBEEF
DEADBEEF
DEADBEEF
DEADBEEF
DEADBEEF
DEADBEEF
DEADBEEF
DEADBEEF
DEADBEEF
DEADBEEF
DEADBEEF
DEADBEEF
DEADBEEF
DEADBEEF
DEADBEEF
DEADBEEF
DEADBEEF
DEADBEEF
DEADBEEF
DEADBEEF
DEADBEEF
DEADBEEF
DEADBEEF
DEADBEEF
DEADBEEF
DEADBEEF
DEADBEEF
DEADBEEF
DEADBEEF
DEADBEEF
DEADBEEF
DEADBEEF
DEADBEEF
DEADBEEF
DEADBEEF
DEADBEEF
DEADBEEF
DEADBEEF
DEADBEEF
DEADBEEF
DEADBEEF
DEADBEEF
DEADBEEF
DEADBEEF
DEADBEEF
DEADBEEF
DEADBEEF
DEADBEEF
DEADBEEF
DEADBEEF
DEADBEEF
DEADBEEF
DEADBEEF
DEADBEEF
DEADBEEF
DEADBEEF
DEADBEEF
DEADBEEF
DEADBEEF
DEADBEEF
DEADBEEF
DEADBEEF
DEADBEEF
DEADBEEF
DEADBEEF
DEADBEEF
DEADBEEF
DEADBEEF
DEADBEEF
DEADBEEF
DEADBEEF
DEADBEEF
DEADBEEF
DEADBEEF
DEADBEEF
DEADBEEF
DEADBEEF
DEADBEEF
DEADBEEF
DEADBEEF
DEADBEEF
DEADBEEF
DEADBEEF
DEADBEEF
DEADBEEF
DEADBEEF
DEADBEEF
DEADBEEF
DEADBEEF
DEADBEEF
DEADBEEF
DEADBEEF
DEADBEEF
DEADBEEF
DEADBEEF
DEADBEEF
DEADBEEF
DEADBEEF
DEADBEEF
DEADBEEF
DEADBEEF
DEADBEEF
DEADBEEF
DEADBEEF
DEADBEEF
DEADBEEF
DEADBEEF
DEADBEEF
DEADBEEF
DEADBEEF
DEADBEEF
DEADBEEF
DEADBEEF
DEADBEEF
DEADBEEF
DEADBEEF
DEADBEEF
DEADBEEF
DEADBEEF
DEADBEEF
DEADBEEF
DEADBEEF
DEADBEEF
DEADBEEF
DEADBEEF
DEADBEEF
DEADBEEF
DEADBEEF
DEADBEEF
DEADBEEF
DEADBEEF
DEADBEEF
DEADBEEF
DEADBEEF
DEADBEEF
DEADBEEF
DEADBEEF
DEADBEEF
DEADBEEF
DEADBEEF
DEADBEEF
DEADBEEF
DEADBEEF
DEADBEEF
DEADBEEF
DEADBEEF
DEADBEEF
DEADBEEF
DEADBEEF
DEADBEEF
DEADBEEF
DEADBEEF
DEADBEEF
DEADBEEF
DEADBEEF
DEADBEEF
DEADBEEF
DEADBEEF
DEADBEEF
DEADBEEF
DEADBEEF
DEADBEEF
DEADBEEF
DEADBEEF
DEADBEEF
DEADBEEF
DEADBEEF
DEADBEEF
DEADBEEF
DEADBEEF
DEADBEEF
DEADBEEF
DEADBEEF
DEADBEEF
DEADBEEF
DEADBEEF
DEADBEEF
DEADBEEF
DEADBEEF
DEADBEEF
DEADBEEF
DEADBEEF
DEADBEEF
DEADBEEF
DEADBEEF
DEADBEEF
DEADBEEF
DEADBEEF
DEADBEEF
DEADBEEF
DEADBEEF
DEADBEEF
DEADBEEF
DEADBEEF
DEADBEEF
DEADBEEF
DEADBEEF
DEADBEEF
DEADBEEF
DEADBEEF
DEADBEEF
DEADBEEF
DEADBEEF
DEADBEEF
DEADBEEF
DEADBEEF
DEADBEEF
DEADBEEF
DEADBEEF
DEADBEEF
DEADBEEF
DEADBEEF
DEADBEEF
DEADBEEF
DEADBEEF
DEADBEEF
DEADBEEF
DEADBEEF
DEADBEEF
DEADBEEF
DEADBEEF
DEADBEEF
DEADBEEF
DEADBEEF
DEADBEEF
DEADBEEF
DEADBEEF
DEADBEEF
DEADBEEF
DEADBEEF
DEADBEEF
DEADBEEF
DEADBEEF
DEADBEEF
DEADBEEF
DEADBEEF
DEADBEEF
DEADBEEF
DEADBEEF
DEADBEEF
DEADBEEF
DEADBEEF
DEADBEEF
DEADBEEF
DEADBEEF
DEADBEEF
DEADBEEF
DEADBEEF
DEADBEEF
DEADBEEF
DEADBEEF
DEADBEEF
DEADBEEF
DEADBEEF
DEADBEEF
DEADBEEF
DEADBEEF
DEADBEEF
DEADBEEF
DEADBEEF
DEADBEEF
DEADBEEF
DEADBEEF
DEADBEEF
DEADBEEF
DEADBEEF
DEADBEEF
DEADBEEF
DEADBEEF
DEADBEEF
DEADBEEF
DEADBEEF
DEADBEEF
DEADBEEF
DEADBEEF
DEADBEEF
DEADBEEF
DEADBEEF
DEADBEEF
DEADBEEF
DEADBEEF
DEADBEEF
DEADBEEF
DEADBEEF
DEADBEEF
DEADBEEF
DEADBEEF
DEADBEEF
DEADBEEF
DEADBEEF
DEADBEEF
DEADBEEF
DEADBEEF
DEADBEEF
DEADBEEF
DEADBEEF
DEADBEEF
DEADBEEF
DEADBEEF
DEADBEEF
DEADBEEF
DEADBEEF
DEADBEEF
DEADBEEF
DEADBEEF
DEADBEEF
DEADBEEF
DEADBEEF
DEADBEEF
DEADBEEF
DEADBEEF
DEADBEEF
DEADBEEF
DEADBEEF
DEADBEEF
DEADBEEF
DEADBEEF
DEADBEEF
DEADBEEF
DEADBEEF
DEADBEEF
DEADBEEF
DEADBEEF
DEADBEEF
DEADBEEF
DEADBEEF
DEADBEEF
DEADBEEF
DEADBEEF
DEADBEEF
DEADBEEF
DEADBEEF
DEADBEEF
DEADBEEF
DEADBEEF
DEADBEEF
DEADBEEF
DEADBEEF
DEADBEEF
DEADBEEF
DEADBEEF
DEADBEEF
DEADBEEF
DEADBEEF
DEADBEEF
DEADBEEF
DEADBEEF
DEADBEEF
DEADBEEF
DEADBEEF
DEADBEEF
DEADBEEF
DEADBEEF
DEADBEEF
DEADBEEF
DEADBEEF
DEADBEEF
DEADBEEF
DEADBEEF
DEADBEEF
DEADBEEF
DEADBEEF
DEADBEEF
DEADBEEF
DEADBEEF
DEADBEEF
DEADBEEF
DEADBEEF
DEADBEEF
DEADBEEF
DEADBEEF
DEADBEEF
DEADBEEF
DEADBEEF
DEADBEEF
DEADBEEF
DEADBEEF
DEADBEEF
DEADBEEF
DEADBEEF
DEADBEEF
DEADBEEF
DEADBEEF
DEADBEEF
DEADBEEF
DEADBEEF
DEADBEEF
DEADBEEF
DEADBEEF
DEADBEEF
DEADBEEF
DEADBEEF
DEADBEEF
DEADBEEF
DEADBEEF
DEADBEEF
DEADBEEF
DEADBEEF
DEADBEEF
DEADBEEF
DEADBEEF
DEADBEEF
DEADBEEF
DEADBEEF
DEADBEEF
DEADBEEF
DEADBEEF
DEADBEEF
DEADBEEF
DEADBEEF
DEADBEEF
DEADBEEF
DEADBEEF
DEADBEEF
DEADBEEF
DEADBEEF
DEADBEEF
DEADBEEF
DEADBEEF
DEADBEEF
DEADBEEF
DEADBEEF
DEADBEEF
DEADBEEF
DEADBEEF
DEADBEEF
DEADBEEF
DEADBEEF
DEADBEEF
DEADBEEF
DEADBEEF
DEADBEEF
DEADBEEF
DEADBEEF
DEADBEEF
DEADBEEF
DEADBEEF
DEADBEEF
DEADBEEF
DEADBEEF
DEADBEEF
DEADBEEF
DEADBEEF
DEADBEEF
DEADBEEF
DEADBEEF
DEADBEEF
DEADBEEF
DEADBEEF
DEADBEEF
DEADBEEF
DEADBEEF
DEADBEEF
DEADBEEF
DEADBEEF
DEADBEEF
DEADBEEF
DEADBEEF
DEADBEEF
DEADBEEF
DEADBEEF
DEADBEEF
DEADBEEF
DEADBEEF
DEADBEEF
DEADBEEF
DEADBEEF
DEADBEEF
DEADBEEF
DEADBEEF
DEADBEEF
DEADBEEF
DEADBEEF
DEADBEEF
DEADBEEF
DEADBEEF
DEADBEEF
DEADBEEF
DEADBEEF
DEADBEEF
DEADBEEF
DEADBEEF
DEADBEEF
DEADBEEF
DEADBEEF
DEADBEEF
DEADBEEF
DEADBEEF
DEADBEEF
DEADBEEF
DEADBEEF
DEADBEEF
DEADBEEF
DEADBEEF
DEADBEEF
DEADBEEF
DEADBEEF
DEADBEEF
DEADBEEF
DEADBEEF
DEADBEEF
DEADBEEF
DEADBEEF
DEADBEEF
DEADBEEF
DEADBEEF
DEADBEEF
DEADBEEF
DEADBEEF
DEADBEEF
DEADBEEF
DEADBEEF
DEADBEEF
DEADBEEF
DEADBEEF
DEADBEEF
DEADBEEF
DEADBEEF
DEADBEEF
DEADBEEF
DEADBEEF
DEADBEEF
DEADBEEF
DEADBEEF
DEADBEEF
DEADBEEF
DEADBEEF
DEADBEEF
DEADBEEF
DEADBEEF
DEADBEEF
DEADBEEF
DEADBEEF
DEADBEEF
DEADBEEF
DEADBEEF
DEADBEEF
DEADBEEF
DEADBEEF
DEADBEEF
DEADBEEF
DEADBEEF
DEADBEEF
DEADBEEF
DEADBEEF
DEADBEEF
DEADBEEF
DEADBEEF
DEADBEEF
DEADBEEF
DEADBEEF
DEADBEEF
DEADBEEF
DEADBEEF
DEADBEEF
DEADBEEF
DEADBEEF
DEADBEEF
DEADBEEF
DEADBEEF
DEADBEEF
DEADBEEF
DEADBEEF
DEADBEEF
DEADBEEF
DEADBEEF
DEADBEEF
DEADBEEF
DEADBEEF
DEADBEEF
DEADBEEF
DEADBEEF
DEADBEEF
DEADBEEF
DEADBEEF
DEADBEEF
DEADBEEF
DEADBEEF
DEADBEEF
DEADBEEF
DEADBEEF
DEADBEEF
DEADBEEF
DEADBEEF
DEADBEEF
DEADBEEF
DEADBEEF
DEADBEEF
DEADBEEF
DEADBEEF
DEADBEEF
DEADBEEF
DEADBEEF
DEADBEEF
DEADBEEF
DEADBEEF
DEADBEEF
DEADBEEF
DEADBEEF
DEADBEEF
DEADBEEF
DEADBEEF
DEADBEEF
DEADBEEF
DEADBEEF
DEADBEEF
DEADBEEF
DEADBEEF
DEADBEEF
DEADBEEF
DEADBEEF
DEADBEEF
DEADBEEF
DEADBEEF
DEADBEEF
DEADBEEF
DEADBEEF
DEADBEEF
DEADBEEF
DEADBEEF
DEADBEEF
DEADBEEF
DEADBEEF
DEADBEEF
DEADBEEF
DEADBEEF
DEADBEEF
DEADBEEF
DEADBEEF
DEADBEEF
DEADBEEF
DEADBEEF
DEADBEEF
DEADBEEF
DEADBEEF
DEADBEEF
DEADBEEF
DEADBEEF
DEADBEEF
DEADBEEF
DEADBEEF
DEADBEEF
DEADBEEF
DEADBEEF
DEADBEEF
DEADBEEF
DEADBEEF
DEADBEEF
DEADBEEF
DEADBEEF
DEADBEEF
DEADBEEF
DEADBEEF
DEADBEEF
DEADBEEF
DEADBEEF
DEADBEEF
DEADBEEF
DEADBEEF
DEADBEEF
DEADBEEF
DEADBEEF
DEADBEEF
DEADBEEF
DEADBEEF
DEADBEEF
DEADBEEF
DEADBEEF
DEADBEEF
DEADBEEF
DEADBEEF
DEADBEEF
DEADBEEF
DEADBEEF
DEADBEEF
DEADBEEF
DEADBEEF
DEADBEEF
DEADBEEF
DEADBEEF
DEADBEEF
DEADBEEF
DEADBEEF
DEADBEEF
DEADBEEF
DEADBEEF
DEADBEEF
DEADBEEF
DEADBEEF
DEADBEEF
DEADBEEF
DEADBEEF
DEADBEEF
DEADBEEF
DEADBEEF
DEADBEEF
DEADBEEF
DEADBEEF
DEADBEEF
DEADBEEF
DEADBEEF
DEADBEEF
DEADBEEF
DEADBEEF
DEADBEEF
DEADBEEF
DEADBEEF
DEADBEEF
DEADBEEF
DEADBEEF
DEADBEEF
DEADBEEF
DEADBEEF
DEADBEEF
DEADBEEF
DEADBEEF
DEADBEEF
DEADBEEF
DEADBEEF
DEADBEEF
DEADBEEF
DEADBEEF
DEADBEEF
DEADBEEF
DEADBEEF
DEADBEEF
DEADBEEF
DEADBEEF
DEADBEEF
DEADBEEF
DEADBEEF
DEADBEEF
DEADBEEF
DEADBEEF
DEADBEEF
DEADBEEF
DEADBEEF
DEADBEEF
DEADBEEF
DEADBEEF
DEADBEEF
DEADBEEF
DEADBEEF
DEADBEEF
DEADBEEF
DEADBEEF
DEADBEEF
DEADBEEF
DEADBEEF
DEADBEEF
DEADBEEF
DEADBEEF
DEADBEEF
DEADBEEF
DEADBEEF
DEADBEEF
DEADBEEF
DEADBEEF
DEADBEEF
DEADBEEF
DEADBEEF
DEADBEEF
DEADBEEF
DEADBEEF
DEADBEEF
DEADBEEF
DEADBEEF
DEADBEEF
DEADBEEF
DEADBEEF
DEADBEEF
DEADBEEF
DEADBEEF
DEADBEEF
DEADBEEF
DEADBEEF
DEADBEEF
DEADBEEF
DEADBEEF
DEADBEEF
DEADBEEF
DEADBEEF
DEADBEEF
DEADBEEF
DEADBEEF
DEADBEEF
DEADBEEF
DEADBEEF
DEADBEEF
DEADBEEF
DEADBEEF
DEADBEEF
DEADBEEF
DEADBEEF
DEADBEEF
DEADBEEF
DEADBEEF
DEADBEEF
DEADBEEF
DEADBEEF
DEADBEEF
DEADBEEF
DEADBEEF
DEADBEEF
DEADBEEF
DEADBEEF
DEADBEEF
DEADBEEF
DEADBEEF
DEADBEEF
DEADBEEF
DEADBEEF
DEADBEEF
DEADBEEF
DEADBEEF
DEADBEEF
DEADBEEF
DEADBEEF
DEADBEEF
DEADBEEF
DEADBEEF
DEADBEEF
DEADBEEF
DEADBEEF
DEADBEEF
DEADBEEF
DEADBEEF
DEADBEEF
DEADBEEF
DEADBEEF
DEADBEEF
DEADBEEF
DEADBEEF
DEADBEEF
DEADBEEF
DEADBEEF
DEADBEEF
DEADBEEF
DEADBEEF
DEADBEEF
DEADBEEF
DEADBEEF
DEADBEEF
DEADBEEF
DEADBEEF
DEADBEEF
DEADBEEF
DEADBEEF
DEADBEEF
DEADBEEF
DEADBEEF
DEADBEEF
DEADBEEF
DEADBEEF
DEADBEEF
DEADBEEF
DEADBEEF
DEADBEEF
DEADBEEF
DEADBEEF
DEADBEEF
DEADBEEF
DEADBEEF
DEADBEEF
DEADBEEF
DEADBEEF
DEADBEEF
DEADBEEF
DEADBEEF
DEADBEEF
DEADBEEF
DEADBEEF
DEADBEEF
DEADBEEF
DEADBEEF
DEADBEEF
DEADBEEF
DEADBEEF
DEADBEEF
DEADBEEF
DEADBEEF
DEADBEEF
DEADBEEF
DEADBEEF
DEADBEEF
DEADBEEF
DEADBEEF
DEADBEEF
DEADBEEF
DEADBEEF
DEADBEEF
DEADBEEF
DEADBEEF
DEADBEEF
DEADBEEF
DEADBEEF
DEADBEEF
DEADBEEF
DEADBEEF
DEADBEEF
DEADBEEF
DEADBEEF
DEADBEEF
DEADBEEF
DEADBEEF
DEADBEEF
DEADBEEF
DEADBEEF
DEADBEEF
DEADBEEF
DEADBEEF
DEADBEEF
DEADBEEF
DEADBEEF
DEADBEEF
DEADBEEF
DEADBEEF
DEADBEEF
DEADBEEF
DEADBEEF
DEADBEEF
DEADBEEF
DEADBEEF
DEADBEEF
DEADBEEF
DEADBEEF
DEADBEEF
DEADBEEF
DEADBEEF
DEADBEEF
DEADBEEF
DEADBEEF
DEADBEEF
DEADBEEF
DEADBEEF
DEADBEEF
DEADBEEF
DEADBEEF
DEADBEEF
DEADBEEF
DEADBEEF
DEADBEEF
DEADBEEF
DEADBEEF
DEADBEEF
DEADBEEF
DEADBEEF
DEADBEEF
DEADBEEF
DEADBEEF
DEADBEEF
DEADBEEF
DEADBEEF
DEADBEEF
DEADBEEF
DEADBEEF
DEADBEEF
DEADBEEF
DEADBEEF
DEADBEEF
DEADBEEF
DEADBEEF
DEADBEEF
DEADBEEF
DEADBEEF
DEADBEEF
DEADBEEF
DEADBEEF
DEADBEEF
DEADBEEF
DEADBEEF
DEADBEEF
DEADBEEF
DEADBEEF
DEADBEEF
DEADBEEF
DEADBEEF
DEADBEEF
DEADBEEF
DEADBEEF
DEADBEEF
DEADBEEF
DEADBEEF
DEADBEEF
DEADBEEF
DEADBEEF
DEADBEEF
DEADBEEF
DEADBEEF
DEADBEEF
DEADBEEF
DEADBEEF
DEADBEEF
DEADBEEF
DEADBEEF
DEADBEEF
DEADBEEF
DEADBEEF
DEADBEEF
DEADBEEF
DEADBEEF
DEADBEEF
DEADBEEF
DEADBEEF
DEADBEEF
DEADBEEF
DEADBEEF
DEADBEEF
DEADBEEF
DEADBEEF
DEADBEEF
DEADBEEF
DEADBEEF
DEADBEEF
DEADBEEF
DEADBEEF
DEADBEEF
DEADBEEF
DEADBEEF
DEADBEEF
DEADBEEF
DEADBEEF
DEADBEEF
DEADBEEF
DEADBEEF
DEADBEEF
DEADBEEF
DEADBEEF
DEADBEEF
DEADBEEF
DEADBEEF
DEADBEEF
DEADBEEF
DEADBEEF
DEADBEEF
DEADBEEF
DEADBEEF
DEADBEEF
DEADBEEF
DEADBEEF
DEADBEEF
DEADBEEF
DEADBEEF
DEADBEEF
DEADBEEF
DEADBEEF
DEADBEEF
DEADBEEF
DEADBEEF
DEADBEEF
DEADBEEF
DEADBEEF
DEADBEEF
DEADBEEF
DEADBEEF
DEADBEEF
DEADBEEF
DEADBEEF
DEADBEEF
DEADBEEF
DEADBEEF
DEADBEEF
DEADBEEF
DEADBEEF
DEADBEEF
DEADBEEF
DEADBEEF
DEADBEEF
DEADBEEF
DEADBEEF
DEADBEEF
DEADBEEF
DEADBEEF
DEADBEEF
DEADBEEF
DEADBEEF
DEADBEEF
DEADBEEF
DEADBEEF
DEADBEEF
DEADBEEF
DEADBEEF
DEADBEEF
DEADBEEF
DEADBEEF
DEADBEEF
DEADBEEF
DEADBEEF
DEADBEEF
DEADBEEF
DEADBEEF
DEADBEEF
DEADBEEF
DEADBEEF
DEADBEEF
DEADBEEF
DEADBEEF
DEADBEEF
DEADBEEF
DEADBEEF
DEADBEEF
DEADBEEF
DEADBEEF
DEADBEEF
DEADBEEF
DEADBEEF
DEADBEEF
DEADBEEF
DEADBEEF
DEADBEEF
DEADBEEF
DEADBEEF
DEADBEEF
DEADBEEF
DEADBEEF
DEADBEEF
DEADBEEF
DEADBEEF
DEADBEEF
DEADBEEF
DEADBEEF
DEADBEEF
DEADBEEF
DEADBEEF
DEADBEEF
DEADBEEF
DEADBEEF
DEADBEEF
DEADBEEF
DEADBEEF
DEADBEEF
DEADBEEF
DEADBEEF
DEADBEEF
DEADBEEF
DEADBEEF
DEADBEEF
DEADBEEF
DEADBEEF
DEADBEEF
DEADBEEF
DEADBEEF
DEADBEEF
DEADBEEF
DEADBEEF
DEADBEEF
DEADBEEF
DEADBEEF
DEADBEEF
DEADBEEF
DEADBEEF
DEADBEEF
DEADBEEF
DEADBEEF
DEADBEEF
DEADBEEF
DEADBEEF
DEADBEEF
DEADBEEF
DEADBEEF
DEADBEEF
DEADBEEF
DEADBEEF
DEADBEEF
DEADBEEF
DEADBEEF
DEADBEEF
DEADBEEF
DEADBEEF
DEADBEEF
DEADBEEF
DEADBEEF
DEADBEEF
DEADBEEF
DEADBEEF
DEADBEEF
DEADBEEF
DEADBEEF
DEADBEEF
DEADBEEF
DEADBEEF
DEADBEEF
DEADBEEF
DEADBEEF
DEADBEEF
DEADBEEF
DEADBEEF
DEADBEEF
DEADBEEF
DEADBEEF
DEADBEEF
DEADBEEF
DEADBEEF
DEADBEEF
DEADBEEF
DEADBEEF
DEADBEEF
DEADBEEF
DEADBEEF
DEADBEEF
DEADBEEF
DEADBEEF
DEADBEEF
DEADBEEF
DEADBEEF
DEADBEEF
DEADBEEF
DEADBEEF
DEADBEEF
DEADBEEF
DEADBEEF
DEADBEEF
DEADBEEF
DEADBEEF
DEADBEEF
DEADBEEF
DEADBEEF
DEADBEEF
DEADBEEF
DEADBEEF
DEADBEEF
DEADBEEF
DEADBEEF
DEADBEEF
DEADBEEF
DEADBEEF
DEADBEEF
DEADBEEF
DEADBEEF
DEADBEEF
DEADBEEF
DEADBEEF
DEADBEEF
DEADBEEF
DEADBEEF
DEADBEEF
DEADBEEF
DEADBEEF
DEADBEEF
DEADBEEF
DEADBEEF
DEADBEEF
DEADBEEF
DEADBEEF
DEADBEEF
DEADBEEF
DEADBEEF
DEADBEEF
DEADBEEF
DEADBEEF
DEADBEEF
DEADBEEF
DEADBEEF
DEADBEEF
DEADBEEF
DEADBEEF
DEADBEEF
DEADBEEF
DEADBEEF
DEADBEEF
DEADBEEF
DEADBEEF
DEADBEEF
DEADBEEF
DEADBEEF
DEADBEEF
DEADBEEF
DEADBEEF
DEADBEEF
DEADBEEF
DEADBEEF
DEADBEEF
DEADBEEF
DEADBEEF
DEADBEEF
DEADBEEF
DEADBEEF
DEADBEEF
DEADBEEF
DEADBEEF
DEADBEEF
DEADBEEF
DEADBEEF
DEADBEEF
DEADBEEF
DEADBEEF
DEADBEEF
DEADBEEF
DEADBEEF
DEADBEEF
DEADBEEF
DEADBEEF
DEADBEEF
DEADBEEF
DEADBEEF
DEADBEEF
DEADBEEF
DEADBEEF
DEADBEEF
DEADBEEF
DEADBEEF
DEADBEEF
DEADBEEF
DEADBEEF
DEADBEEF
DEADBEEF
DEADBEEF
DEADBEEF
DEADBEEF
DEADBEEF
DEADBEEF
DEADBEEF
DEADBEEF
DEADBEEF
DEADBEEF
DEADBEEF
DEADBEEF
DEADBEEF
DEADBEEF
DEADBEEF
DEADBEEF
DEADBEEF
DEADBEEF
DEADBEEF
DEADBEEF
DEADBEEF
DEADBEEF
DEADBEEF
DEADBEEF
DEADBEEF
DEADBEEF
DEADBEEF
DEADBEEF
DEADBEEF
DEADBEEF
DEADBEEF
DEADBEEF
DEADBEEF
DEADBEEF
DEADBEEF
DEADBEEF
DEADBEEF
DEADBEEF
DEADBEEF
DEADBEEF
DEADBEEF
DEADBEEF
DEADBEEF
DEADBEEF
DEADBEEF
DEADBEEF
DEADBEEF
DEADBEEF
DEADBEEF
DEADBEEF
DEADBEEF
DEADBEEF
DEADBEEF
DEADBEEF
DEADBEEF
DEADBEEF
DEADBEEF
DEADBEEF
DEADBEEF
DEADBEEF
DEADBEEF
DEADBEEF
DEADBEEF
DEADBEEF
DEADBEEF
DEADBEEF
DEADBEEF
DEADBEEF
DEADBEEF
DEADBEEF
DEADBEEF
DEADBEEF
DEADBEEF
DEADBEEF
DEADBEEF
DEADBEEF
DEADBEEF
DEADBEEF
DEADBEEF
DEADBEEF
DEADBEEF
DEADBEEF
DEADBEEF
DEADBEEF
DEADBEEF
DEADBEEF
DEADBEEF
DEADBEEF
DEADBEEF
DEADBEEF
DEADBEEF
DEADBEEF
DEADBEEF
DEADBEEF
DEADBEEF
DEADBEEF
DEADBEEF
DEADBEEF
DEADBEEF
DEADBEEF
DEADBEEF
DEADBEEF
DEADBEEF
DEADBEEF
DEADBEEF
DEADBEEF
DEADBEEF
DEADBEEF
DEADBEEF
DEADBEEF
DEADBEEF
DEADBEEF
DEADBEEF
DEADBEEF
DEADBEEF
DEADBEEF
DEADBEEF
DEADBEEF
DEADBEEF
DEADBEEF
DEADBEEF
DEADBEEF
DEADBEEF
DEADBEEF
DEADBEEF
DEADBEEF
DEADBEEF
DEADBEEF
DEADBEEF
DEADBEEF
DEADBEEF
DEADBEEF
DEADBEEF
DEADBEEF
DEADBEEF
DEADBEEF
DEADBEEF
DEADBEEF
DEADBEEF
DEADBEEF
DEADBEEF
DEADBEEF
DEADBEEF
DEADBEEF
DEADBEEF
DEADBEEF
DEADBEEF
DEADBEEF
DEADBEEF
DEADBEEF
DEADBEEF
DEADBEEF
DEADBEEF
DEADBEEF
DEADBEEF
DEADBEEF
DEADBEEF
DEADBEEF
DEADBEEF
DEADBEEF
DEADBEEF
DEADBEEF
DEADBEEF
DEADBEEF
DEADBEEF
DEADBEEF
DEADBEEF
DEADBEEF
DEADBEEF
DEADBEEF
DEADBEEF
DEADBEEF
DEADBEEF
DEADBEEF
DEADBEEF
DEADBEEF
DEADBEEF
DEADBEEF
DEADBEEF
DEADBEEF
DEADBEEF
DEADBEEF
DEADBEEF
DEADBEEF
DEADBEEF
DEADBEEF
DEADBEEF
DEADBEEF
DEADBEEF
DEADBEEF
DEADBEEF
DEADBEEF
DEADBEEF
DEADBEEF
DEADBEEF
DEADBEEF
DEADBEEF
DEADBEEF
DEADBEEF
DEADBEEF
DEADBEEF
DEADBEEF
DEADBEEF
DEADBEEF
DEADBEEF
DEADBEEF
DEADBEEF
DEADBEEF
DEADBEEF
DEADBEEF
DEADBEEF
DEADBEEF
DEADBEEF
DEADBEEF
DEADBEEF
DEADBEEF
DEADBEEF
DEADBEEF
DEADBEEF
DEADBEEF
DEADBEEF
DEADBEEF
DEADBEEF
DEADBEEF
DEADBEEF
DEADBEEF
DEADBEEF
DEADBEEF
DEADBEEF
DEADBEEF
DEADBEEF
DEADBEEF
DEADBEEF
DEADBEEF
DEADBEEF
DEADBEEF
DEADBEEF
DEADBEEF
DEADBEEF
DEADBEEF
DEADBEEF
DEADBEEF
DEADBEEF
DEADBEEF
DEADBEEF
DEADBEEF
DEADBEEF
DEADBEEF
DEADBEEF
DEADBEEF
DEADBEEF
DEADBEEF
DEADBEEF
DEADBEEF
DEADBEEF
DEADBEEF
DEADBEEF
DEADBEEF
DEADBEEF
DEADBEEF
DEADBEEF
DEADBEEF
DEADBEEF
DEADBEEF
DEADBEEF
DEADBEEF
DEADBEEF
DEADBEEF
DEADBEEF
DEADBEEF
DEADBEEF
DEADBEEF
DEADBEEF
DEADBEEF
DEADBEEF
DEADBEEF
DEADBEEF
DEADBEEF
DEADBEEF
DEADBEEF
DEADBEEF
DEADBEEF
DEADBEEF
DEADBEEF
DEADBEEF
DEADBEEF
DEADBEEF
DEADBEEF
DEADBEEF
DEADBEEF
DEADBEEF
DEADBEEF
DEADBEEF
DEADBEEF
DEADBEEF
DEADBEEF
DEADBEEF
DEADBEEF
DEADBEEF
DEADBEEF
DEADBEEF
DEADBEEF
DEADBEEF
DEADBEEF
DEADBEEF
DEADBEEF
DEADBEEF
DEADBEEF
DEADBEEF
DEADBEEF
DEADBEEF
DEADBEEF
DEADBEEF
DEADBEEF
DEADBEEF
DEADBEEF
DEADBEEF
DEADBEEF
DEADBEEF
DEADBEEF
DEADBEEF
DEADBEEF
DEADBEEF
DEADBEEF
DEADBEEF
DEADBEEF
DEADBEEF
DEADBEEF
DEADBEEF
DEADBEEF
DEADBEEF
DEADBEEF
DEADBEEF
DEADBEEF
DEADBEEF
DEADBEEF
DEADBEEF
DEADBEEF
DEADBEEF
DEADBEEF
DEADBEEF
DEADBEEF
DEADBEEF
DEADBEEF
DEADBEEF
DEADBEEF
DEADBEEF
DEADBEEF
DEADBEEF
DEADBEEF
DEADBEEF
DEADBEEF
DEADBEEF
DEADBEEF
DEADBEEF
DEADBEEF
DEADBEEF
DEADBEEF
DEADBEEF
DEADBEEF
DEADBEEF
DEADBEEF
DEADBEEF
DEADBEEF
DEADBEEF
DEADBEEF
DEADBEEF
DEADBEEF
DEADBEEF
DEADBEEF
DEADBEEF
DEADBEEF
DEADBEEF
DEADBEEF
DEADBEEF
DEADBEEF
DEADBEEF
DEADBEEF
DEADBEEF
DEADBEEF
DEADBEEF
DEADBEEF
DEADBEEF
DEADBEEF
DEADBEEF
DEADBEEF
DEADBEEF
DEADBEEF
DEADBEEF
DEADBEEF
DEADBEEF
DEADBEEF
DEADBEEF
DEADBEEF
DEADBEEF
DEADBEEF
DEADBEEF
DEADBEEF
DEADBEEF
DEADBEEF
DEADBEEF
DEADBEEF
DEADBEEF
DEADBEEF
DEADBEEF
DEADBEEF
DEADBEEF
DEADBEEF
DEADBEEF
DEADBEEF
DEADBEEF
DEADBEEF
DEADBEEF
DEADBEEF
DEADBEEF
DEADBEEF
DEADBEEF
DEADBEEF
DEADBEEF
DEADBEEF
DEADBEEF
DEADBEEF
DEADBEEF
DEADBEEF
DEADBEEF
DEADBEEF
DEADBEEF
DEADBEEF
DEADBEEF
DEADBEEF
DEADBEEF
DEADBEEF
DEADBEEF
DEADBEEF
DEADBEEF
DEADBEEF
DEADBEEF
DEADBEEF
DEADBEEF
DEADBEEF
DEADBEEF
DEADBEEF
DEADBEEF
DEADBEEF
DEADBEEF
DEADBEEF
DEADBEEF
DEADBEEF
DEADBEEF
DEADBEEF
DEADBEEF
DEADBEEF
DEADBEEF
DEADBEEF
DEADBEEF
DEADBEEF
DEADBEEF
DEADBEEF
DEADBEEF
DEADBEEF
DEADBEEF
DEADBEEF
DEADBEEF
DEADBEEF
DEADBEEF
DEADBEEF
DEADBEEF
DEADBEEF
DEADBEEF
DEADBEEF
DEADBEEF
DEADBEEF
DEADBEEF
DEADBEEF
DEADBEEF
DEADBEEF
DEADBEEF
DEADBEEF
DEADBEEF
DEADBEEF
DEADBEEF
DEADBEEF
DEADBEEF
DEADBEEF
DEADBEEF
DEADBEEF
DEADBEEF
DEADBEEF
DEADBEEF
DEADBEEF
DEADBEEF
DEADBEEF
DEADBEEF
DEADBEEF
DEADBEEF
DEADBEEF
DEADBEEF
DEADBEEF
DEADBEEF
DEADBEEF
DEADBEEF
DEADBEEF
DEADBEEF
DEADBEEF
DEADBEEF
DEADBEEF
DEADBEEF
DEADBEEF
DEADBEEF
DEADBEEF
DEADBEEF
DEADBEEF
DEADBEEF
DEADBEEF
DEADBEEF
DEADBEEF
DEADBEEF
DEADBEEF
DEADBEEF
DEADBEEF
DEADBEEF
DEADBEEF
DEADBEEF
DEADBEEF
DEADBEEF
DEADBEEF
DEADBEEF
DEADBEEF
DEADBEEF
DEADBEEF
DEADBEEF
DEADBEEF
DEADBEEF
DEADBEEF
DEADBEEF
DEADBEEF
DEADBEEF
DEADBEEF
DEADBEEF
DEADBEEF
DEADBEEF
DEADBEEF
DEADBEEF
DEADBEEF
DEADBEEF
DEADBEEF
DEADBEEF
DEADBEEF
DEADBEEF
DEADBEEF
DEADBEEF
DEADBEEF
DEADBEEF
DEADBEEF
DEADBEEF
DEADBEEF
DEADBEEF
DEADBEEF
DEADBEEF
DEADBEEF
DEADBEEF
DEADBEEF
DEADBEEF
DEADBEEF
DEADBEEF
DEADBEEF
DEADBEEF
DEADBEEF
DEADBEEF
DEADBEEF
DEADBEEF
DEADBEEF
DEADBEEF
DEADBEEF
DEADBEEF
DEADBEEF
DEADBEEF
DEADBEEF
DEADBEEF
DEADBEEF
DEADBEEF
DEADBEEF
DEADBEEF
DEADBEEF
DEADBEEF
DEADBEEF
DEADBEEF
DEADBEEF
DEADBEEF
DEADBEEF
DEADBEEF
DEADBEEF
DEADBEEF
DEADBEEF
DEADBEEF
DEADBEEF
DEADBEEF
DEADBEEF
DEADBEEF
DEADBEEF
DEADBEEF
DEADBEEF
DEADBEEF
DEADBEEF
DEADBEEF
DEADBEEF
DEADBEEF
DEADBEEF
DEADBEEF
DEADBEEF
DEADBEEF
DEADBEEF
DEADBEEF
DEADBEEF
DEADBEEF
DEADBEEF
DEADBEEF
DEADBEEF
DEADBEEF
DEADBEEF
DEADBEEF
DEADBEEF
DEADBEEF
DEADBEEF
DEADBEEF
DEADBEEF
DEADBEEF
DEADBEEF
DEADBEEF
DEADBEEF
DEADBEEF
DEADBEEF
DEADBEEF
DEADBEEF
DEADBEEF
DEADBEEF
DEADBEEF
DEADBEEF
DEADBEEF
DEADBEEF
DEADBEEF
DEADBEEF
DEADBEEF
DEADBEEF
DEADBEEF
DEADBEEF
DEADBEEF
DEADBEEF
DEADBEEF
DEADBEEF
DEADBEEF
DEADBEEF
DEADBEEF
DEADBEEF
DEADBEEF
DEADBEEF
DEADBEEF
DEADBEEF
DEADBEEF
DEADBEEF
DEADBEEF
DEADBEEF
DEADBEEF
DEADBEEF
DEADBEEF
DEADBEEF
DEADBEEF
DEADBEEF
DEADBEEF
DEADBEEF
DEADBEEF
DEADBEEF
DEADBEEF
DEADBEEF
DEADBEEF
DEADBEEF
DEADBEEF
DEADBEEF
DEADBEEF
DEADBEEF
DEADBEEF
DEADBEEF
DEADBEEF
DEADBEEF
DEADBEEF
DEADBEEF
DEADBEEF
DEADBEEF
DEADBEEF
DEADBEEF
DEADBEEF
DEADBEEF
DEADBEEF
DEADBEEF
DEADBEEF
DEADBEEF
DEADBEEF
DEADBEEF
DEADBEEF
DEADBEEF
DEADBEEF
DEADBEEF
DEADBEEF
DEADBEEF
DEADBEEF
DEADBEEF
DEADBEEF
DEADBEEF
DEADBEEF
DEADBEEF
DEADBEEF
DEADBEEF
DEADBEEF
DEADBEEF
DEADBEEF
DEADBEEF
DEADBEEF
DEADBEEF
DEADBEEF
DEADBEEF
DEADBEEF
DEADBEEF
DEADBEEF
DEADBEEF
DEADBEEF
DEADBEEF
DEADBEEF
DEADBEEF
DEADBEEF
DEADBEEF
DEADBEEF
DEADBEEF
DEADBEEF
DEADBEEF
DEADBEEF
DEADBEEF
DEADBEEF
DEADBEEF
DEADBEEF
DEADBEEF
DEADBEEF
DEADBEEF
DEADBEEF
DEADBEEF
DEADBEEF
DEADBEEF
DEADBEEF
DEADBEEF
DEADBEEF
DEADBEEF
DEADBEEF
DEADBEEF
DEADBEEF
DEADBEEF
DEADBEEF
DEADBEEF
DEADBEEF
DEADBEEF
DEADBEEF
DEADBEEF
DEADBEEF
DEADBEEF
DEADBEEF
DEADBEEF
DEADBEEF
DEADBEEF
DEADBEEF
DEADBEEF
DEADBEEF
DEADBEEF
DEADBEEF
DEADBEEF
DEADBEEF
DEADBEEF
DEADBEEF
DEADBEEF
DEADBEEF
DEADBEEF
DEADBEEF
DEADBEEF
DEADBEEF
DEADBEEF
DEADBEEF
DEADBEEF
DEADBEEF
DEADBEEF
DEADBEEF
DEADBEEF
DEADBEEF
DEADBEEF
DEADBEEF
DEADBEEF
DEADBEEF
DEADBEEF
DEADBEEF
DEADBEEF
DEADBEEF
DEADBEEF
DEADBEEF
DEADBEEF
DEADBEEF
DEADBEEF
DEADBEEF
DEADBEEF
DEADBEEF
DEADBEEF
DEADBEEF
DEADBEEF
DEADBEEF
DEADBEEF
DEADBEEF
DEADBEEF
DEADBEEF
DEADBEEF
DEADBEEF
DEADBEEF
DEADBEEF
DEADBEEF
DEADBEEF
DEADBEEF
DEADBEEF
DEADBEEF
DEADBEEF
DEADBEEF
DEADBEEF
DEADBEEF
DEADBEEF
DEADBEEF
DEADBEEF
DEADBEEF
DEADBEEF
DEADBEEF
DEADBEEF
DEADBEEF
DEADBEEF
DEADBEEF
DEADBEEF
DEADBEEF
DEADBEEF
DEADBEEF
DEADBEEF
DEADBEEF
DEADBEEF
DEADBEEF
DEADBEEF
DEADBEEF
DEADBEEF
DEADBEEF
DEADBEEF
DEADBEEF
DEADBEEF
DEADBEEF
DEADBEEF
DEADBEEF
DEADBEEF
DEADBEEF
DEADBEEF
DEADBEEF
DEADBEEF
DEADBEEF
DEADBEEF
DEADBEEF
DEADBEEF
DEADBEEF
DEADBEEF
DEADBEEF
DEADBEEF
DEADBEEF
DEADBEEF
DEADBEEF
DEADBEEF
DEADBEEF
DEADBEEF
DEADBEEF
DEADBEEF
DEADBEEF
DEADBEEF
DEADBEEF
DEADBEEF
DEADBEEF
DEADBEEF
DEADBEEF
DEADBEEF
DEADBEEF
DEADBEEF
DEADBEEF
DEADBEEF
DEADBEEF
DEADBEEF
DEADBEEF
DEADBEEF
DEADBEEF
DEADBEEF
DEADBEEF
DEADBEEF
DEADBEEF
DEADBEEF
DEADBEEF
DEADBEEF
DEADBEEF
DEADBEEF
DEADBEEF
DEADBEEF
DEADBEEF
DEADBEEF
DEADBEEF
DEADBEEF
DEADBEEF
DEADBEEF
DEADBEEF
DEADBEEF
DEADBEEF
DEADBEEF
DEADBEEF
DEADBEEF
DEADBEEF
DEADBEEF
DEADBEEF
DEADBEEF
DEADBEEF
DEADBEEF
DEADBEEF
DEADBEEF
DEADBEEF
DEADBEEF
DEADBEEF
DEADBEEF
DEADBEEF
DEADBEEF
DEADBEEF
DEADBEEF
DEADBEEF
DEADBEEF
DEADBEEF
DEADBEEF
DEADBEEF
DEADBEEF
DEADBEEF
DEADBEEF
DEADBEEF
DEADBEEF
DEADBEEF
DEADBEEF
DEADBEEF
DEADBEEF
DEADBEEF
DEADBEEF
DEADBEEF
DEADBEEF
DEADBEEF
DEADBEEF
DEADBEEF
DEADBEEF
DEADBEEF
DEADBEEF
DEADBEEF
DEADBEEF
DEADBEEF
DEADBEEF
DEADBEEF
DEADBEEF
DEADBEEF
DEADBEEF
DEADBEEF
DEADBEEF
DEADBEEF
DEADBEEF
DEADBEEF
DEADBEEF
DEADBEEF
DEADBEEF
DEADBEEF
DEADBEEF
DEADBEEF
DEADBEEF
DEADBEEF
DEADBEEF
DEADBEEF
DEADBEEF
DEADBEEF
DEADBEEF
DEADBEEF
DEADBEEF
DEADBEEF
DEADBEEF
DEADBEEF
DEADBEEF
DEADBEEF
DEADBEEF
DEADBEEF
DEADBEEF
DEADBEEF
DEADBEEF
DEADBEEF
DEADBEEF
DEADBEEF
DEADBEEF
DEADBEEF
DEADBEEF
DEADBEEF
DEADBEEF
DEADBEEF
DEADBEEF
DEADBEEF
DEADBEEF
DEADBEEF
DEADBEEF
DEADBEEF
DEADBEEF
DEADBEEF
DEADBEEF
DEADBEEF
DEADBEEF
DEADBEEF
DEADBEEF
DEADBEEF
DEADBEEF
DEADBEEF
DEADBEEF
DEADBEEF
DEADBEEF
DEADBEEF
DEADBEEF
DEADBEEF
DEADBEEF
DEADBEEF
DEADBEEF
DEADBEEF
DEADBEEF
DEADBEEF
DEADBEEF
DEADBEEF
DEADBEEF
DEADBEEF
DEADBEEF
DEADBEEF
DEADBEEF
DEADBEEF
DEADBEEF
DEADBEEF
DEADBEEF
DEADBEEF
DEADBEEF
DEADBEEF
DEADBEEF
DEADBEEF
DEADBEEF
DEADBEEF
DEADBEEF
DEADBEEF
DEADBEEF
DEADBEEF
DEADBEEF
DEADBEEF
DEADBEEF
DEADBEEF
DEADBEEF
DEADBEEF
DEADBEEF
DEADBEEF
DEADBEEF
DEADBEEF
DEADBEEF
DEADBEEF
DEADBEEF
DEADBEEF
DEADBEEF
DEADBEEF
DEADBEEF
DEADBEEF
DEADBEEF
DEADBEEF
DEADBEEF
DEADBEEF
DEADBEEF
DEADBEEF
DEADBEEF
DEADBEEF
DEADBEEF
DEADBEEF
DEADBEEF
DEADBEEF
DEADBEEF
DEADBEEF
DEADBEEF
DEADBEEF
DEADBEEF
DEADBEEF
DEADBEEF
DEADBEEF
DEADBEEF
DEADBEEF
DEADBEEF
DEADBEEF
DEADBEEF
DEADBEEF
DEADBEEF
DEADBEEF
DEADBEEF
DEADBEEF
DEADBEEF
DEADBEEF
DEADBEEF
DEADBEEF
DEADBEEF
DEADBEEF
DEADBEEF
DEADBEEF
DEADBEEF
DEADBEEF
DEADBEEF
DEADBEEF
DEADBEEF
DEADBEEF
DEADBEEF
DEADBEEF
DEADBEEF
DEADBEEF
DEADBEEF
DEADBEEF
DEADBEEF
DEADBEEF
DEADBEEF
DEADBEEF
DEADBEEF
DEADBEEF
DEADBEEF
DEADBEEF
DEADBEEF
DEADBEEF
DEADBEEF
DEADBEEF
DEADBEEF
DEADBEEF
DEADBEEF
DEADBEEF
DEADBEEF
DEADBEEF
DEADBEEF
DEADBEEF
DEADBEEF
DEADBEEF
DEADBEEF
DEADBEEF
DEADBEEF
DEADBEEF
DEADBEEF
DEADBEEF
DEADBEEF
DEADBEEF
DEADBEEF
DEADBEEF
DEADBEEF
DEADBEEF
DEADBEEF
DEADBEEF
DEADBEEF
DEADBEEF
DEADBEEF
DEADBEEF
DEADBEEF
DEADBEEF
DEADBEEF
DEADBEEF
DEADBEEF
DEADBEEF
DEADBEEF
DEADBEEF
DEADBEEF
DEADBEEF
DEADBEEF
DEADBEEF
DEADBEEF
DEADBEEF
DEADBEEF
DEADBEEF
DEADBEEF
DEADBEEF
DEADBEEF
DEADBEEF
DEADBEEF
DEADBEEF
DEADBEEF
DEADBEEF
DEADBEEF
DEADBEEF
DEADBEEF
DEADBEEF
DEADBEEF
DEADBEEF
DEADBEEF
DEADBEEF
DEADBEEF
DEADBEEF
DEADBEEF
DEADBEEF
DEADBEEF
DEADBEEF
DEADBEEF
DEADBEEF
DEADBEEF
DEADBEEF
DEADBEEF
DEADBEEF
DEADBEEF
DEADBEEF
DEADBEEF
DEADBEEF
DEADBEEF
DEADBEEF
DEADBEEF
DEADBEEF
DEADBEEF
DEADBEEF
DEADBEEF
DEADBEEF
DEADBEEF
DEADBEEF
DEADBEEF
DEADBEEF
DEADBEEF
DEADBEEF
DEADBEEF
DEADBEEF
DEADBEEF
DEADBEEF
DEADBEEF
DEADBEEF
DEADBEEF
DEADBEEF
DEADBEEF
DEADBEEF
DEADBEEF
DEADBEEF
DEADBEEF
DEADBEEF
DEADBEEF
DEADBEEF
DEADBEEF
DEADBEEF
DEADBEEF
DEADBEEF
DEADBEEF
DEADBEEF
DEADBEEF
DEADBEEF
DEADBEEF
DEADBEEF
DEADBEEF
DEADBEEF
DEADBEEF
DEADBEEF
DEADBEEF
DEADBEEF
DEADBEEF
DEADBEEF
DEADBEEF
DEADBEEF
DEADBEEF
DEADBEEF
DEADBEEF
DEADBEEF
DEADBEEF
DEADBEEF
DEADBEEF
DEADBEEF
DEADBEEF
DEADBEEF
DEADBEEF
DEADBEEF
DEADBEEF
DEADBEEF
DEADBEEF
DEADBEEF
DEADBEEF
DEADBEEF
DEADBEEF
DEADBEEF
DEADBEEF
DEADBEEF
DEADBEEF
DEADBEEF
DEADBEEF
DEADBEEF
DEADBEEF
DEADBEEF
DEADBEEF
DEADBEEF
DEADBEEF
DEADBEEF
DEADBEEF
DEADBEEF
DEADBEEF
DEADBEEF
DEADBEEF
DEADBEEF
DEADBEEF
DEADBEEF
DEADBEEF
DEADBEEF
DEADBEEF
DEADBEEF
DEADBEEF
DEADBEEF
DEADBEEF
DEADBEEF
DEADBEEF
DEADBEEF
DEADBEEF
DEADBEEF
DEADBEEF
DEADBEEF
DEADBEEF
DEADBEEF
DEADBEEF
DEADBEEF
DEADBEEF
DEADBEEF
DEADBEEF
DEADBEEF
DEADBEEF
DEADBEEF
DEADBEEF
DEADBEEF
DEADBEEF
DEADBEEF
DEADBEEF
DEADBEEF
DEADBEEF
DEADBEEF
DEADBEEF
DEADBEEF
DEADBEEF
DEADBEEF
DEADBEEF
DEADBEEF
DEADBEEF
DEADBEEF
DEADBEEF
DEADBEEF
DEADBEEF
DEADBEEF
DEADBEEF
DEADBEEF
DEADBEEF
DEADBEEF
DEADBEEF
DEADBEEF
DEADBEEF
DEADBEEF
DEADBEEF
DEADBEEF
DEADBEEF
DEADBEEF
DEADBEEF
DEADBEEF
DEADBEEF
DEADBEEF
DEADBEEF
DEADBEEF
DEADBEEF
DEADBEEF
DEADBEEF
DEADBEEF
DEADBEEF
DEADBEEF
DEADBEEF
DEADBEEF
DEADBEEF
DEADBEEF
DEADBEEF
DEADBEEF
DEADBEEF
DEADBEEF
DEADBEEF
DEADBEEF
DEADBEEF
DEADBEEF
DEADBEEF
DEADBEEF
DEADBEEF
DEADBEEF
DEADBEEF
DEADBEEF
DEADBEEF
DEADBEEF
DEADBEEF
DEADBEEF
DEADBEEF
DEADBEEF
DEADBEEF
DEADBEEF
DEADBEEF
DEADBEEF
DEADBEEF
DEADBEEF
DEADBEEF
DEADBEEF
DEADBEEF
DEADBEEF
DEADBEEF
DEADBEEF
DEADBEEF
DEADBEEF
DEADBEEF
DEADBEEF
DEADBEEF
DEADBEEF
DEADBEEF
DEADBEEF
DEADBEEF
DEADBEEF
DEADBEEF
DEADBEEF
DEADBEEF
DEADBEEF
DEADBEEF
DEADBEEF
DEADBEEF
DEADBEEF
DEADBEEF
DEADBEEF
DEADBEEF
DEADBEEF
DEADBEEF
DEADBEEF
DEADBEEF
DEADBEEF
DEADBEEF
DEADBEEF
DEADBEEF
DEADBEEF
DEADBEEF
DEADBEEF
DEADBEEF
DEADBEEF
DEADBEEF
DEADBEEF
DEADBEEF
DEADBEEF
DEADBEEF
DEADBEEF
DEADBEEF
DEADBEEF
DEADBEEF
DEADBEEF
DEADBEEF
DEADBEEF
DEADBEEF
DEADBEEF
DEADBEEF
DEADBEEF
DEADBEEF
DEADBEEF
DEADBEEF
DEADBEEF
DEADBEEF
DEADBEEF
DEADBEEF
DEADBEEF
DEADBEEF
DEADBEEF
DEADBEEF
DEADBEEF
DEADBEEF
DEADBEEF
DEADBEEF
DEADBEEF
DEADBEEF
DEADBEEF
DEADBEEF
DEADBEEF
DEADBEEF
DEADBEEF
DEADBEEF
DEADBEEF
DEADBEEF
DEADBEEF
DEADBEEF
DEADBEEF
DEADBEEF
DEADBEEF
DEADBEEF
DEADBEEF
DEADBEEF
DEADBEEF
DEADBEEF
DEADBEEF
DEADBEEF
DEADBEEF
DEADBEEF
DEADBEEF
DEADBEEF
DEADBEEF
DEADBEEF
DEADBEEF
DEADBEEF
DEADBEEF
DEADBEEF
DEADBEEF
DEADBEEF
DEADBEEF
DEADBEEF
DEADBEEF
DEADBEEF
DEADBEEF
DEADBEEF
DEADBEEF
DEADBEEF
DEADBEEF
DEADBEEF
DEADBEEF
DEADBEEF
DEADBEEF
DEADBEEF
DEADBEEF
DEADBEEF
DEADBEEF
DEADBEEF
DEADBEEF
DEADBEEF
DEADBEEF
DEADBEEF
DEADBEEF
DEADBEEF
DEADBEEF
DEADBEEF
DEADBEEF
DEADBEEF
DEADBEEF
DEADBEEF
DEADBEEF
DEADBEEF
DEADBEEF
DEADBEEF
DEADBEEF
DEADBEEF
DEADBEEF
DEADBEEF
DEADBEEF
DEADBEEF
DEADBEEF
DEADBEEF
DEADBEEF
DEADBEEF
DEADBEEF
DEADBEEF
DEADBEEF
DEADBEEF
DEADBEEF
DEADBEEF
DEADBEEF
DEADBEEF
DEADBEEF
DEADBEEF
DEADBEEF
DEADBEEF
DEADBEEF
DEADBEEF
DEADBEEF
DEADBEEF
DEADBEEF
DEADBEEF
DEADBEEF
DEADBEEF
DEADBEEF
DEADBEEF
DEADBEEF
DEADBEEF
DEADBEEF
DEADBEEF
DEADBEEF
DEADBEEF
DEADBEEF
DEADBEEF
DEADBEEF
DEADBEEF
DEADBEEF
DEADBEEF
DEADBEEF
DEADBEEF
DEADBEEF
DEADBEEF
DEADBEEF
DEADBEEF
DEADBEEF
DEADBEEF
DEADBEEF
DEADBEEF
DEADBEEF
DEADBEEF
DEADBEEF
DEADBEEF
DEADBEEF
DEADBEEF
DEADBEEF
DEADBEEF
DEADBEEF
DEADBEEF
DEADBEEF
DEADBEEF
DEADBEEF
DEADBEEF
DEADBEEF
DEADBEEF
DEADBEEF
DEADBEEF
DEADBEEF
DEADBEEF
DEADBEEF
DEADBEEF
DEADBEEF
DEADBEEF
DEADBEEF
DEADBEEF
DEADBEEF
DEADBEEF
DEADBEEF
DEADBEEF
DEADBEEF
DEADBEEF
DEADBEEF
DEADBEEF
DEADBEEF
DEADBEEF
DEADBEEF
DEADBEEF
DEADBEEF
DEADBEEF
DEADBEEF
DEADBEEF
DEADBEEF
DEADBEEF
DEADBEEF
DEADBEEF
DEADBEEF
DEADBEEF
DEADBEEF
DEADBEEF
DEADBEEF
DEADBEEF
DEADBEEF
DEADBEEF
DEADBEEF
DEADBEEF
DEADBEEF
DEADBEEF
DEADBEEF
DEADBEEF
DEADBEEF
DEADBEEF
DEADBEEF
DEADBEEF
DEADBEEF
DEADBEEF
DEADBEEF
DEADBEEF
DEADBEEF
DEADBEEF
DEADBEEF
DEADBEEF
DEADBEEF
DEADBEEF
DEADBEEF
DEADBEEF
DEADBEEF
DEADBEEF
DEADBEEF
DEADBEEF
DEADBEEF
DEADBEEF
DEADBEEF
DEADBEEF
DEADBEEF
DEADBEEF
DEADBEEF
DEADBEEF
DEADBEEF
DEADBEEF
DEADBEEF
DEADBEEF
DEADBEEF
DEADBEEF
DEADBEEF
DEADBEEF
DEADBEEF
DEADBEEF
DEADBEEF
DEADBEEF
DEADBEEF
DEADBEEF
DEADBEEF
DEADBEEF
DEADBEEF
DEADBEEF
DEADBEEF
DEADBEEF
DEADBEEF
DEADBEEF
DEADBEEF
DEADBEEF
DEADBEEF
DEADBEEF
DEADBEEF
DEADBEEF
DEADBEEF
DEADBEEF
DEADBEEF
DEADBEEF
DEADBEEF
DEADBEEF
DEADBEEF
DEADBEEF
DEADBEEF
DEADBEEF
DEADBEEF
DEADBEEF
DEADBEEF
DEADBEEF
DEADBEEF
DEADBEEF
DEADBEEF
DEADBEEF
DEADBEEF
DEADBEEF
DEADBEEF
DEADBEEF
DEADBEEF
DEADBEEF
DEADBEEF
DEADBEEF
DEADBEEF
DEADBEEF
DEADBEEF
DEADBEEF
DEADBEEF
DEADBEEF
DEADBEEF
DEADBEEF
DEADBEEF
DEADBEEF
DEADBEEF
DEADBEEF
DEADBEEF
DEADBEEF
DEADBEEF
DEADBEEF
DEADBEEF
DEADBEEF
DEADBEEF
DEADBEEF
DEADBEEF
DEADBEEF
DEADBEEF
DEADBEEF
DEADBEEF
DEADBEEF
DEADBEEF
DEADBEEF
DEADBEEF
DEADBEEF
DEADBEEF
DEADBEEF
DEADBEEF
DEADBEEF
DEADBEEF
DEADBEEF
DEADBEEF
DEADBEEF
DEADBEEF
DEADBEEF
DEADBEEF
DEADBEEF
DEADBEEF
DEADBEEF
DEADBEEF
DEADBEEF
DEADBEEF
DEADBEEF
DEADBEEF
DEADBEEF
DEADBEEF
DEADBEEF
DEADBEEF
DEADBEEF
DEADBEEF
DEADBEEF
DEADBEEF
DEADBEEF
DEADBEEF
DEADBEEF
DEADBEEF
DEADBEEF
DEADBEEF
DEADBEEF
DEADBEEF
DEADBEEF
DEADBEEF
DEADBEEF
DEADBEEF
DEADBEEF
DEADBEEF
DEADBEEF
DEADBEEF
DEADBEEF
DEADBEEF
DEADBEEF
DEADBEEF
DEADBEEF
DEADBEEF
DEADBEEF
DEADBEEF
DEADBEEF
DEADBEEF
DEADBEEF
DEADBEEF
DEADBEEF
DEADBEEF
DEADBEEF
DEADBEEF
DEADBEEF
DEADBEEF
DEADBEEF
DEADBEEF
DEADBEEF
DEADBEEF
DEADBEEF
DEADBEEF
DEADBEEF
DEADBEEF
DEADBEEF
DEADBEEF
DEADBEEF
DEADBEEF
DEADBEEF
DEADBEEF
DEADBEEF
DEADBEEF
DEADBEEF
DEADBEEF
DEADBEEF
DEADBEEF
DEADBEEF
DEADBEEF
DEADBEEF
DEADBEEF
DEADBEEF
DEADBEEF
DEADBEEF
DEADBEEF
DEADBEEF
DEADBEEF
DEADBEEF
DEADBEEF
DEADBEEF
DEADBEEF
DEADBEEF
DEADBEEF
DEADBEEF
DEADBEEF
DEADBEEF
DEADBEEF
DEADBEEF
DEADBEEF
DEADBEEF
DEADBEEF
DEADBEEF
DEADBEEF
DEADBEEF
DEADBEEF
DEADBEEF
DEADBEEF
DEADBEEF
DEADBEEF
DEADBEEF
DEADBEEF
DEADBEEF
DEADBEEF
DEADBEEF
DEADBEEF
DEADBEEF
DEADBEEF
DEADBEEF
DEADBEEF
DEADBEEF
DEADBEEF
DEADBEEF
DEADBEEF
DEADBEEF
DEADBEEF
DEADBEEF
DEADBEEF
DEADBEEF
DEADBEEF
DEADBEEF
DEADBEEF
DEADBEEF
DEADBEEF
DEADBEEF
DEADBEEF
DEADBEEF
DEADBEEF
DEADBEEF
DEADBEEF
DEADBEEF
DEADBEEF
DEADBEEF
DEADBEEF
DEADBEEF
DEADBEEF
DEADBEEF
DEADBEEF
DEADBEEF
DEADBEEF
DEADBEEF
DEADBEEF
DEADBEEF
DEADBEEF
DEADBEEF
DEADBEEF
DEADBEEF
DEADBEEF
DEADBEEF
DEADBEEF
DEADBEEF
DEADBEEF
DEADBEEF
DEADBEEF
DEADBEEF
DEADBEEF
DEADBEEF
DEADBEEF
DEADBEEF
DEADBEEF
DEADBEEF
DEADBEEF
DEADBEEF
DEADBEEF
DEADBEEF
DEADBEEF
DEADBEEF
DEADBEEF
DEADBEEF
DEADBEEF
DEADBEEF
DEADBEEF
DEADBEEF
DEADBEEF
DEADBEEF
DEADBEEF
DEADBEEF
DEADBEEF
DEADBEEF
DEADBEEF
DEADBEEF
DEADBEEF
DEADBEEF
DEADBEEF
DEADBEEF
DEADBEEF
DEADBEEF
DEADBEEF
DEADBEEF
DEADBEEF
DEADBEEF
DEADBEEF
DEADBEEF
DEADBEEF
DEADBEEF
DEADBEEF
DEADBEEF
DEADBEEF
DEADBEEF
DEADBEEF
DEADBEEF
DEADBEEF
DEADBEEF
DEADBEEF
DEADBEEF
DEADBEEF
DEADBEEF
DEADBEEF
DEADBEEF
DEADBEEF
DEADBEEF
DEADBEEF
DEADBEEF
DEADBEEF
DEADBEEF
DEADBEEF
DEADBEEF
DEADBEEF
DEADBEEF
DEADBEEF
DEADBEEF
DEADBEEF
DEADBEEF
DEADBEEF
DEADBEEF
DEADBEEF
DEADBEEF
DEADBEEF
DEADBEEF
DEADBEEF
DEADBEEF
DEADBEEF
DEADBEEF
DEADBEEF
DEADBEEF
DEADBEEF
DEADBEEF
DEADBEEF
DEADBEEF
DEADBEEF
DEADBEEF
DEADBEEF
DEADBEEF
DEADBEEF
DEADBEEF
DEADBEEF
DEADBEEF
DEADBEEF
DEADBEEF
DEADBEEF
DEADBEEF
DEADBEEF
DEADBEEF
DEADBEEF
DEADBEEF
DEADBEEF
DEADBEEF
DEADBEEF
DEADBEEF
DEADBEEF
DEADBEEF
DEADBEEF
DEADBEEF
DEADBEEF
DEADBEEF
DEADBEEF
DEADBEEF
DEADBEEF
DEADBEEF
DEADBEEF
DEADBEEF
DEADBEEF
DEADBEEF
DEADBEEF
DEADBEEF
DEADBEEF
DEADBEEF
DEADBEEF
DEADBEEF
DEADBEEF
DEADBEEF
DEADBEEF
DEADBEEF
DEADBEEF
DEADBEEF
DEADBEEF
DEADBEEF
DEADBEEF
DEADBEEF
DEADBEEF
DEADBEEF
DEADBEEF
DEADBEEF
DEADBEEF
DEADBEEF
DEADBEEF
DEADBEEF
DEADBEEF
DEADBEEF
DEADBEEF
DEADBEEF
DEADBEEF
DEADBEEF
DEADBEEF
DEADBEEF
DEADBEEF
DEADBEEF
DEADBEEF
DEADBEEF
DEADBEEF
DEADBEEF
DEADBEEF
DEADBEEF
DEADBEEF
DEADBEEF
DEADBEEF
DEADBEEF
DEADBEEF
DEADBEEF
DEADBEEF
DEADBEEF
DEADBEEF
DEADBEEF
DEADBEEF
DEADBEEF
DEADBEEF
DEADBEEF
DEADBEEF
DEADBEEF
DEADBEEF
DEADBEEF
DEADBEEF
DEADBEEF
DEADBEEF
DEADBEEF
DEADBEEF
DEADBEEF
DEADBEEF
DEADBEEF
DEADBEEF
DEADBEEF
DEADBEEF
DEADBEEF
DEADBEEF
DEADBEEF
DEADBEEF
DEADBEEF
DEADBEEF
DEADBEEF
DEADBEEF
DEADBEEF
DEADBEEF
DEADBEEF
DEADBEEF
DEADBEEF
DEADBEEF
DEADBEEF
DEADBEEF
DEADBEEF
DEADBEEF
DEADBEEF
DEADBEEF
DEADBEEF
DEADBEEF
DEADBEEF
DEADBEEF
DEADBEEF
DEADBEEF
DEADBEEF
DEADBEEF
DEADBEEF
DEADBEEF
DEADBEEF
DEADBEEF
DEADBEEF
DEADBEEF
DEADBEEF
DEADBEEF
DEADBEEF
DEADBEEF
DEADBEEF
DEADBEEF
DEADBEEF
DEADBEEF
DEADBEEF
DEADBEEF
DEADBEEF
DEADBEEF
DEADBEEF
DEADBEEF
DEADBEEF
DEADBEEF
DEADBEEF
DEADBEEF
DEADBEEF
DEADBEEF
DEADBEEF
DEADBEEF
DEADBEEF
DEADBEEF
DEADBEEF
DEADBEEF
DEADBEEF
DEADBEEF
DEADBEEF
DEADBEEF
DEADBEEF
DEADBEEF
DEADBEEF
DEADBEEF
DEADBEEF
DEADBEEF
DEADBEEF
DEADBEEF
DEADBEEF
DEADBEEF
DEADBEEF
DEADBEEF
DEADBEEF
DEADBEEF
DEADBEEF
DEADBEEF
DEADBEEF
DEADBEEF
DEADBEEF
DEADBEEF
DEADBEEF
DEADBEEF
DEADBEEF
DEADBEEF
DEADBEEF
DEADBEEF
DEADBEEF
DEADBEEF
DEADBEEF
DEADBEEF
DEADBEEF
DEADBEEF
DEADBEEF
DEADBEEF
DEADBEEF
DEADBEEF
DEADBEEF
DEADBEEF
DEADBEEF
DEADBEEF
DEADBEEF
DEADBEEF
DEADBEEF
DEADBEEF
DEADBEEF
DEADBEEF
DEADBEEF
DEADBEEF
DEADBEEF
DEADBEEF
DEADBEEF
DEADBEEF
DEADBEEF
DEADBEEF
DEADBEEF
DEADBEEF
DEADBEEF
DEADBEEF
DEADBEEF
DEADBEEF
DEADBEEF
DEADBEEF
DEADBEEF
DEADBEEF
DEADBEEF
DEADBEEF
DEADBEEF
DEADBEEF
DEADBEEF
DEADBEEF
DEADBEEF
DEADBEEF
DEADBEEF
DEADBEEF
DEADBEEF
DEADBEEF
DEADBEEF
DEADBEEF
DEADBEEF
DEADBEEF
DEADBEEF
DEADBEEF
DEADBEEF
DEADBEEF
DEADBEEF
DEADBEEF
DEADBEEF
DEADBEEF
DEADBEEF
DEADBEEF
DEADBEEF
DEADBEEF
DEADBEEF
DEADBEEF
DEADBEEF
DEADBEEF
DEADBEEF
DEADBEEF
DEADBEEF
DEADBEEF
DEADBEEF
DEADBEEF
DEADBEEF
DEADBEEF
DEADBEEF
DEADBEEF
DEADBEEF
DEADBEEF
DEADBEEF
DEADBEEF
DEADBEEF
DEADBEEF
DEADBEEF
DEADBEEF
DEADBEEF
DEADBEEF
DEADBEEF
DEADBEEF
DEADBEEF
DEADBEEF
DEADBEEF
DEADBEEF
DEADBEEF
DEADBEEF
DEADBEEF
DEADBEEF
DEADBEEF
DEADBEEF
DEADBEEF
DEADBEEF
DEADBEEF
DEADBEEF
DEADBEEF
DEADBEEF
DEADBEEF
DEADBEEF
DEADBEEF
DEADBEEF
DEADBEEF
DEADBEEF
DEADBEEF
DEADBEEF
DEADBEEF
DEADBEEF
DEADBEEF
DEADBEEF
DEADBEEF
DEADBEEF
DEADBEEF
DEADBEEF
DEADBEEF
DEADBEEF
DEADBEEF
DEADBEEF
DEADBEEF
DEADBEEF
DEADBEEF
DEADBEEF
DEADBEEF
DEADBEEF
DEADBEEF
DEADBEEF
DEADBEEF
DEADBEEF
DEADBEEF
DEADBEEF
DEADBEEF
DEADBEEF
DEADBEEF
DEADBEEF
DEADBEEF
DEADBEEF
DEADBEEF
DEADBEEF
DEADBEEF
DEADBEEF
DEADBEEF
DEADBEEF
DEADBEEF
DEADBEEF
DEADBEEF
DEADBEEF
DEADBEEF
DEADBEEF
DEADBEEF
DEADBEEF
DEADBEEF
DEADBEEF
DEADBEEF
DEADBEEF
DEADBEEF
DEADBEEF
DEADBEEF
DEADBEEF
DEADBEEF
DEADBEEF
DEADBEEF
DEADBEEF
DEADBEEF
DEADBEEF
DEADBEEF
DEADBEEF
DEADBEEF
DEADBEEF
DEADBEEF
DEADBEEF
DEADBEEF
DEADBEEF
DEADBEEF
DEADBEEF
DEADBEEF
DEADBEEF
DEADBEEF
DEADBEEF
DEADBEEF
DEADBEEF
DEADBEEF
DEADBEEF
DEADBEEF
DEADBEEF
DEADBEEF
DEADBEEF
DEADBEEF
DEADBEEF
DEADBEEF
DEADBEEF
DEADBEEF
DEADBEEF
DEADBEEF
DEADBEEF
DEADBEEF
DEADBEEF
DEADBEEF
DEADBEEF
DEADBEEF
DEADBEEF
DEADBEEF
DEADBEEF
DEADBEEF
DEADBEEF
DEADBEEF
DEADBEEF
DEADBEEF
DEADBEEF
DEADBEEF
DEADBEEF
DEADBEEF
DEADBEEF
DEADBEEF
DEADBEEF
DEADBEEF
DEADBEEF
DEADBEEF
DEADBEEF
DEADBEEF
DEADBEEF
DEADBEEF
DEADBEEF
DEADBEEF
DEADBEEF
DEADBEEF
DEADBEEF
DEADBEEF
DEADBEEF
DEADBEEF
DEADBEEF
DEADBEEF
DEADBEEF
DEADBEEF
DEADBEEF
DEADBEEF
DEADBEEF
DEADBEEF
DEADBEEF
DEADBEEF
DEADBEEF
DEADBEEF
DEADBEEF
DEADBEEF
DEADBEEF
DEADBEEF
DEADBEEF
DEADBEEF
DEADBEEF
DEADBEEF
DEADBEEF
DEADBEEF
DEADBEEF
DEADBEEF
DEADBEEF
DEADBEEF
DEADBEEF
DEADBEEF
DEADBEEF
DEADBEEF
DEADBEEF
DEADBEEF
DEADBEEF
DEADBEEF
DEADBEEF
DEADBEEF
DEADBEEF
DEADBEEF
DEADBEEF
DEADBEEF
DEADBEEF
DEADBEEF
DEADBEEF
DEADBEEF
DEADBEEF
DEADBEEF
DEADBEEF
DEADBEEF
DEADBEEF
DEADBEEF
DEADBEEF
DEADBEEF
DEADBEEF
DEADBEEF
DEADBEEF
DEADBEEF
DEADBEEF
DEADBEEF
DEADBEEF
DEADBEEF
DEADBEEF
DEADBEEF
DEADBEEF
DEADBEEF
DEADBEEF
DEADBEEF
DEADBEEF
DEADBEEF
DEADBEEF
DEADBEEF
DEADBEEF
DEADBEEF
DEADBEEF
DEADBEEF
DEADBEEF
DEADBEEF
DEADBEEF
DEADBEEF
DEADBEEF
DEADBEEF
DEADBEEF
DEADBEEF
DEADBEEF
DEADBEEF
DEADBEEF
DEADBEEF
DEADBEEF
DEADBEEF
DEADBEEF
DEADBEEF
DEADBEEF
DEADBEEF
DEADBEEF
DEADBEEF
DEADBEEF
DEADBEEF
DEADBEEF
DEADBEEF
DEADBEEF
DEADBEEF
DEADBEEF
DEADBEEF
DEADBEEF
DEADBEEF
DEADBEEF
DEADBEEF
DEADBEEF
DEADBEEF
DEADBEEF
DEADBEEF
DEADBEEF
DEADBEEF
DEADBEEF
DEADBEEF
DEADBEEF
DEADBEEF
DEADBEEF
DEADBEEF
DEADBEEF
DEADBEEF
DEADBEEF
DEADBEEF
DEADBEEF
DEADBEEF
DEADBEEF
DEADBEEF
DEADBEEF
DEADBEEF
DEADBEEF
DEADBEEF
DEADBEEF
DEADBEEF
DEADBEEF
DEADBEEF
DEADBEEF
DEADBEEF
DEADBEEF
DEADBEEF
DEADBEEF
DEADBEEF
DEADBEEF
DEADBEEF
DEADBEEF
DEADBEEF
DEADBEEF
DEADBEEF
DEADBEEF
DEADBEEF
DEADBEEF
DEADBEEF
DEADBEEF
DEADBEEF
DEADBEEF
DEADBEEF
DEADBEEF
DEADBEEF
DEADBEEF
DEADBEEF
DEADBEEF
DEADBEEF
DEADBEEF
DEADBEEF
DEADBEEF
DEADBEEF
DEADBEEF
DEADBEEF
DEADBEEF
DEADBEEF
DEADBEEF
DEADBEEF
DEADBEEF
DEADBEEF
DEADBEEF
DEADBEEF
DEADBEEF
DEADBEEF
DEADBEEF
DEADBEEF
DEADBEEF
DEADBEEF
DEADBEEF
DEADBEEF
DEADBEEF
DEADBEEF
DEADBEEF
DEADBEEF
DEADBEEF
DEADBEEF
DEADBEEF
DEADBEEF
DEADBEEF
DEADBEEF
DEADBEEF
DEADBEEF
DEADBEEF
DEADBEEF
DEADBEEF
DEADBEEF
DEADBEEF
DEADBEEF
DEADBEEF
DEADBEEF
DEADBEEF
DEADBEEF
DEADBEEF
DEADBEEF
DEADBEEF
DEADBEEF
DEADBEEF
DEADBEEF
DEADBEEF
DEADBEEF
DEADBEEF
DEADBEEF
DEADBEEF
DEADBEEF
DEADBEEF
DEADBEEF
DEADBEEF
DEADBEEF
DEADBEEF
DEADBEEF
DEADBEEF
DEADBEEF
DEADBEEF
DEADBEEF
DEADBEEF
DEADBEEF
DEADBEEF
DEADBEEF
DEADBEEF
DEADBEEF
DEADBEEF
DEADBEEF
DEADBEEF
DEADBEEF
DEADBEEF
DEADBEEF
DEADBEEF
DEADBEEF
DEADBEEF
DEADBEEF
DEADBEEF
DEADBEEF
DEADBEEF
DEADBEEF
DEADBEEF
DEADBEEF
DEADBEEF
DEADBEEF
DEADBEEF
DEADBEEF
DEADBEEF
DEADBEEF
DEADBEEF
DEADBEEF
DEADBEEF
DEADBEEF
DEADBEEF
DEADBEEF
DEADBEEF
DEADBEEF
DEADBEEF
DEADBEEF
DEADBEEF
DEADBEEF
DEADBEEF
DEADBEEF
DEADBEEF
DEADBEEF
DEADBEEF
DEADBEEF
DEADBEEF
DEADBEEF
DEADBEEF
DEADBEEF
DEADBEEF
DEADBEEF
DEADBEEF
DEADBEEF
DEADBEEF
DEADBEEF
DEADBEEF
DEADBEEF
DEADBEEF
DEADBEEF
DEADBEEF
DEADBEEF
DEADBEEF
DEADBEEF
DEADBEEF
DEADBEEF
DEADBEEF
DEADBEEF
DEADBEEF
DEADBEEF
DEADBEEF
DEADBEEF
DEADBEEF
DEADBEEF
DEADBEEF
DEADBEEF
DEADBEEF
DEADBEEF
DEADBEEF
DEADBEEF
DEADBEEF
DEADBEEF
DEADBEEF
DEADBEEF
DEADBEEF
DEADBEEF
DEADBEEF
DEADBEEF
DEADBEEF
DEADBEEF
DEADBEEF
DEADBEEF
DEADBEEF
DEADBEEF
DEADBEEF
DEADBEEF
DEADBEEF
DEADBEEF
DEADBEEF
DEADBEEF
DEADBEEF
DEADBEEF
DEADBEEF
DEADBEEF
DEADBEEF
DEADBEEF
DEADBEEF
DEADBEEF
DEADBEEF
DEADBEEF
DEADBEEF
DEADBEEF
DEADBEEF
DEADBEEF
DEADBEEF
DEADBEEF
DEADBEEF
DEADBEEF
DEADBEEF
DEADBEEF
DEADBEEF
DEADBEEF
DEADBEEF
DEADBEEF
DEADBEEF
DEADBEEF
DEADBEEF
DEADBEEF
DEADBEEF
DEADBEEF
DEADBEEF
DEADBEEF
DEADBEEF
DEADBEEF
DEADBEEF
DEADBEEF
DEADBEEF
DEADBEEF
DEADBEEF
DEADBEEF
DEADBEEF
DEADBEEF
DEADBEEF
DEADBEEF
DEADBEEF
DEADBEEF
DEADBEEF
DEADBEEF
6F5CA309
00000000

00000000
00000000
00000000
00000000

02000737
00072023
FFFC4397
21C38393
00038067
FFF00713
020043B7
00E3A023
00E3A223
FFFC4397
20038393
00038067
10000737
000700A3
0C200737
00470713
00072383
00772023
0C002737
00072023
FFFC4397
1D438393
00038067
00200393
3443B073
0200C737
00072023
FFFC4397
1B838393
00038067
FFFC4397
1AC38393
00038067
20000413
34443073
34402473
00001337
80030313
00647433
02830463
10000737
000700A3
0C201737
00470713
00072383
00772023
0C002737
08070713
00072023
FFFC4397
16038393
00038067
FFFC3317
3A430313
00030067
FFFC4397
14838393
00038067
FFFC3317
38C30313
00030067
FFFC4397
13038393
00038067
FFFC3317
37430313
00030067
FFFC4397
11838393
00038067
10000337
00330313
00300393
00730023
30401073
34401073
34101073
34301073
34201073
00000013
FFFC7317
FD030313
00000013
00000013
00000013
00000013
00000013
00000013
34031473
24832823
FFF00393
020044B7
0074A023
0074A223
00000013
00000393
22732C23
30502473
24832423
00347393
FFC3F393
23032483
E2848493
0074E3B3
24732023
30539073
30502773
0E770C63
30541073
0A040863
24832023
FFC47393
1D838413
00030113
00000013
00000013
00000013
00000013
00000013
00000013
00000717
04C70713
00000013
00000013
00000013
00000013
00000013
00000013
00000797
0A478793
00000013
00000013
00000013
00000013
00000013
00000013
00F3F663
00877463
03C0006F
0003A783
00F32023
0004A703
00E3A023
0003A783
00E79A63
00438393
00430313
00448493
FC741EE3
00000013
34002373
22932823
04740263
00038413
00000013
00000013
00000013
00000013
00000013
00000013
FFFC3797
20478793
00000013
00000013
00000013
00000013
00000013
00000013
00078067
00000013
000022B7
80028293
30029073
31001073
0F000293
30A29073
31A01073
32001073
32301073
32401073
32501073
32601073
32701073
32801073
32901073
32A01073
32B01073
32C01073
32D01073
32E01073
32F01073
33001073
33101073
33201073
33301073
33401073
33501073
33601073
33701073
33801073
33901073
33A01073
33B01073
33C01073
33D01073
33E01073
33F01073
FFF00293
30629073
00300513
00000073
00000013
00000013
00000013
00000013
00000013
FFFC7317
DA830313
00000013
00000013
00000013
00000013
00000013
00000013
00032023
FEEDC0B7
EAD08093
01909793
0070D113
00F16133
01911793
00715193
00F1E1B3
01919793
0071D213
00F26233
01921793
00725293
00F2E2B3
01929793
0072D313
00F36333
01931793
00735393
00F3E3B3
01939793
0073D413
00F46433
01941793
00745493
00F4E4B3
01949793
0074D513
00F56533
01951793
00755593
00F5E5B3
01959793
0075D613
00F66633
01961793
00765693
00F6E6B3
01969793
0076D713
00F76733
FAB807B7
BB678793
7D5C0837
DDB80813
01981793
00785893
00F8E8B3
01989793
0078D913
00F96933
01991793
00795993
00F9E9B3
01999793
0079DA13
00FA6A33
019A1793
007A5A93
00FAEAB3
019A9793
007ADB13
00FB6B33
019B1793
007B5B93
00FBEBB3
019B9793
007BDC13
00FC6C33
019C1793
007C5C93
00FCECB3
019C9793
007CDD13
00FD6D33
019D1793
007D5D93
00FDEDB3
019D9793
007DDE13
00FE6E33
019E1793
007E5E93
00FEEEB3
019E9793
007EDF13
00FF6F33
019F1793
007F5F93
00FFEFB3
00000013
00000013
00000013
00000013
00000013
FFFD0117
AD010113
00000013
00000013
00000013
00000013
00000013
00000013
6F5CA337
30930313
00000013
00000013
00000013
00000013
00000013
00000013
FFFC4197
FE818193
00000013
00000013
00000013
00000013
00000013
00000013
00012203
00620863
000182E7
80041520
80010573
00410113
00000013
00000013
FFFC7197
E3018193
00000013
00000013
00000013
00000013
00000013
00000013
FFFBF317
AA030313
00000013
00000013
00000013
00000013
00000013
00000013
00030067
00054303
02030463
100003B7
00538393
0003C403
02047413
FE040CE3
100003B7
00638023
00150513
FD9FF06F
00008067
FF010113
00112023
00812223
00000097
FC4080E7
00412403
00012083
01010113
00008067
00100093
FFFDF297
A7428293
0012A023
0002A223
0000006F
0000006F
00300093
FFFDF297
A5828293
0012A023
0002A223
0000006F
0000006F
00100513
020005B7
00A5A023
00008067
020005B7
0005A023
00008067
00700513
0C0005B7
02A5A423
40000513
0C0025B7
00A5A023
0C2005B7
0005A023
00200513
100005B7
00A580A3
00008067
100005B7
000580A3
0C2005B7
00458593
0005A503
00A5A023
0C0025B7
0005A023
00008067
00000013
00000013
00000013
00000013
00000013
00000013
00000013
00000013
