@0
00040097
11808093
00000013
00000013
00000013
00000013
00000013
00000013
000080E7
00000013
00000013
00000013
00000013
00000013
00000013
00000013
@40
0001A003
00418193
85A07393
00012203
00720863
4D4042EF
80000048
80008970
00410113
0001A083
00418193
9500F613
00012203
00C20863
4B0042EF
8000006C
8000899E
00410113
00010C13
0001A103
00418193
C2D17A93
000C2203
01520863
488042EF
80000094
800089CC
004C0C13
00018613
00062183
00460613
3C51FE93
000C2203
01D20863
460042EF
800000BC
800089FA
004C0C13
00020393
00028413
00062203
00460613
99327193
000C2383
00338863
44C0446F
800000E8
80008A28
004C0C13
00062283
00460613
E0D2FA13
000C2383
01438863
4280446F
8000010C
80008A56
004C0C13
00062303
00460613
C4837213
000C2383
00438863
4040446F
80000130
80008A84
004C0C13
00038213
00040293
00062383
00460613
90A3F013
000C2203
00020863
3C0042EF
8000015C
80008AB2
004C0C13
00062403
00460613
45547993
000C2203
01320863
39C042EF
80000180
80008AE0
004C0C13
00062483
00460613
5AC4F993
000C2203
01320863
378042EF
800001A4
80008B0E
004C0C13
00062503
00460613
83B57093
000C2203
00120863
354042EF
800001C8
80008B3D
004C0C13
00062583
00460613
80F5FB93
000C2203
01720863
330042EF
800001EC
80008B6D
004C0C13
00060E13
000E2603
004E0E13
70667D13
000C2203
01A20863
308042EF
80000214
80008B9D
004C0C13
000E2683
004E0E13
6816F193
000C2203
00320863
2E4042EF
80000238
80008BCD
004C0C13
000E2703
004E0E13
67F77B93
000C2203
01720863
2C0042EF
8000025C
80008BFD
004C0C13
000E2783
004E0E13
D807FF13
000C2203
01E20863
29C042EF
80000280
80008C2D
004C0C13
000E2803
004E0E13
C3F87F13
000C2203
01E20863
278042EF
800002A4
80008C5D
004C0C13
000E2883
004E0E13
63C8F993
000C2203
01320863
254042EF
800002C8
80008C8D
004C0C13
000E2903
004E0E13
6C897813
000C2203
01020863
230042EF
800002EC
80008CBD
004C0C13
000E2983
004E0E13
D6E9F013
000C2203
00020863
20C042EF
80000310
80008CED
004C0C13
000E2A03
004E0E13
870A7A93
000C2203
01520863
1E8042EF
80000334
80008D1D
004C0C13
000E2A83
004E0E13
FF5AF893
000C2203
01120863
1C4042EF
80000358
80008D4D
004C0C13
000E2B03
004E0E13
691B7A13
000C2203
01420863
1A0042EF
8000037C
80008D7D
004C0C13
000E2B83
004E0E13
B75BF413
000C2203
00820863
17C042EF
800003A0
80008DAD
004C0C13
000C0993
000E2C03
004E0E13
902C7B13
0009A203
01620863
154042EF
800003C8
80008DDD
00498993
000E2C83
004E0E13
05DCF793
0009A203
00F20863
130042EF
800003EC
80008E0D
00498993
000E2D03
004E0E13
A83D7B93
0009A203
01720863
10C042EF
80000410
80008E3D
00498993
000E2D83
004E0E13
CC7DF093
0009A203
00120863
0E8042EF
80000434
80008E6D
00498993
000E0C93
000CAE03
004C8C93
A34E7A93
0009A203
01520863
0C0042EF
8000045C
80008E9D
00498993
000CAE83
004C8C93
46CEF613
0009A203
00C20863
09C042EF
80000480
80008ECD
00498993
000CAF03
004C8C93
8B7F7593
0009A203
00B20863
078042EF
800004A4
80008EFD
00498993
000CAF83
004C8C93
3AAFF593
0009A203
00B20863
054042EF
800004C8
80008F2D
00498993
000CAE03
004C8C93
511E7013
0009A203
00020863
030042EF
800004EC
80008F5D
00498993
000CAA83
004C8C93
89FAF093
0009A203
00120863
00C042EF
80000510
80008F8B
00498993
000CA903
004C8C93
E1497113
0009A203
00220863
7E9032EF
80000534
80008FB9
00498993
000CAC03
004C8C93
3F2C7193
0009A203
00320863
7C5032EF
80000558
80008FE7
00498993
00020693
00028713
000CA283
004C8C93
03D2F213
0009A683
00468863
7D90376F
80000584
80009015
00498993
000CA383
004C8C93
5A03F293
0009A683
00568863
7B50376F
800005A8
80009043
00498993
000CA903
004C8C93
2E797313
0009A683
00668863
7910376F
800005CC
80009071
00498993
000CAD03
004C8C93
967D7393
0009A683
00768863
76D0376F
800005F0
8000909F
00498993
000CAD03
004C8C93
DDDD7413
0009A683
00868863
7490376F
80000614
800090CD
00498993
000CA303
004C8C93
F5837493
0009A683
00968863
7250376F
80000638
800090FB
00498993
000CA103
004C8C93
C4B17513
0009A683
00A68863
7010376F
8000065C
80009129
00498993
000CAE83
004C8C93
32FEF593
0009A683
00B68863
6DD0376F
80000680
80009158
00498993
000CAD83
004C8C93
785DF613
0009A683
00C68863
6B90376F
800006A4
80009187
00498993
00068213
00070293
000CA783
004C8C93
62C7F693
0009A203
00D20863
64D032EF
800006D0
800091B6
00498993
000CAA83
004C8C93
DC5AF713
0009A203
00E20863
629032EF
800006F4
800091E5
00498993
000CA683
004C8C93
6E16F793
0009A203
00F20863
605032EF
80000718
80009214
00498993
000CAB03
004C8C93
7C4B7813
0009A203
01020863
5E1032EF
8000073C
80009243
00498993
000CAE83
004C8C93
0B5EF893
0009A203
01120863
5BD032EF
80000760
80009272
00498993
000CA803
004C8C93
0BB87913
0009A203
01220863
599032EF
80000784
800092A1
00498993
00098513
000CA003
004C8C93
30807993
00052203
01320863
571032EF
800007AC
800092D0
00450513
000CA583
004C8C93
40C5FA13
00052203
01420863
54D032EF
800007D0
800092FF
00450513
000CA083
004C8C93
6100FA93
00052203
01520863
529032EF
800007F4
8000932E
00450513
000CAA83
004C8C93
C6DAFB13
00052203
01620863
505032EF
80000818
8000935D
00450513
000CA403
004C8C93
1A847B93
00052203
01720863
4E1032EF
8000083C
8000938C
00450513
000CA803
004C8C93
9C687C13
00052203
01820863
4BD032EF
80000860
800093BB
00450513
000C8B93
000BAD83
004B8B93
B2BDFC93
00052203
01920863
495032EF
80000888
800093EA
00450513
000BA403
004B8B93
F4647D13
00052203
01A20863
471032EF
800008AC
80009419
00450513
000BA303
004B8B93
4F637D93
00052203
01B20863
44D032EF
800008D0
80009448
00450513
000BAA03
004B8B93
B62A7E13
00052203
01C20863
429032EF
800008F4
80009477
00450513
000BA103
004B8B93
00117E93
00052203
01D20863
405032EF
80000918
800094A6
00450513
000BAC03
004B8B93
A5EC7F13
00052203
01E20863
3E1032EF
8000093C
800094D5
00450513
000BA003
004B8B93
2F807F93
00052203
01F20863
3BD032EF
80000960
80009504
00450513
000BA403
004B8B93
9F547E93
00052203
01D20863
399032EF
80000984
80009533
00450513
000BA803
004B8B93
40D87713
00052203
00E20863
375032EF
800009A8
80009569
00450513
000BA403
004B8B93
DEE47193
00052203
00320863
351032EF
800009CC
8000959F
00450513
000BA903
004B8B93
53297C13
00052203
01820863
32D032EF
800009F0
800095D5
00450513
000BA583
004B8B93
2AD5FD93
00052203
01B20863
309032EF
80000A14
80009612
00450513
000BA183
004B8B93
60B1F113
00052203
00220863
2E5032EF
80000A38
8000964F
00450513
000BAE03
004B8B93
103E7C93
00052203
01920863
2C1032EF
80000A5C
8000968C
00450513
000BA603
004B8B93
44A67D13
00052203
01A20863
29D032EF
80000A80
800096C9
00450513
000BA603
004B8B93
02767313
00052203
00620863
279032EF
80000AA4
80009706
00450513
000BAA03
004B8B93
C4AA7913
00052203
01220863
255032EF
80000AC8
80009743
00450513
000BAF03
004B8B93
23DF7D93
00052203
01B20863
231032EF
80000AEC
80009780
00450513
000BAE03
004B8B93
4F6E7893
00052203
01120863
20D032EF
80000B10
800097BD
00450513
000BAA03
004B8B93
000A7593
00052203
00B20863
1E9032EF
80000B34
800097FA
00450513
000BA983
004B8B93
0019FB13
00052203
01620863
1C5032EF
80000B58
80009847
00450513
000BA683
004B8B93
0026FC13
00052203
01820863
1A1032EF
80000B7C
80009894
00450513
000BA303
004B8B93
00337F93
00052203
01F20863
17D032EF
80000BA0
800098E1
00450513
000BAE03
004B8B93
004E7893
00052203
01120863
159032EF
80000BC4
8000992E
00450513
000BA083
004B8B93
0080F693
00052203
00D20863
135032EF
80000BE8
8000997B
00450513
000BA583
004B8B93
0105FE13
00052203
01C20863
111032EF
80000C0C
800099C8
00450513
000BAD83
004B8B93
020DFB13
00052203
01620863
0ED032EF
80000C30
80009A16
00450513
000BA803
004B8B93
04087C13
00052203
01820863
0C9032EF
80000C54
80009A64
00450513
000BAF03
004B8B93
080F7C93
00052203
01920863
0A5032EF
80000C78
80009AB2
00450513
000BA903
004B8B93
10097F13
00052203
01E20863
081032EF
80000C9C
80009B00
00450513
000BAE03
004B8B93
200E7F13
00052203
01E20863
05D032EF
80000CC0
80009B4F
00450513
000BAA03
004B8B93
3FFA7F93
00052203
01F20863
039032EF
80000CE4
80009B9E
00450513
000BAF03
004B8B93
400F7C93
00052203
01920863
015032EF
80000D08
80009BED
00450513
000BA183
004B8B93
7031FF13
00052203
01E20863
7F0032EF
80000D2C
80009C3C
00450513
000BAE03
004B8B93
7FFE7393
00052203
00720863
7CC032EF
80000D50
80009C8B
00450513
000BAF83
004B8B93
800FF993
00052203
01320863
7A8032EF
80000D74
80009CDA
00450513
000BA783
004B8B93
8017F193
00052203
00320863
784032EF
80000D98
80009D2A
00450513
000BA983
004B8B93
FFE9F613
00052203
00C20863
760032EF
80000DBC
80009D7A
00450513
000BA803
004B8B93
FFF87713
00052203
00E20863
73C032EF
80000DE0
80009DC8
00450513
000BA883
004B8B93
0008FE13
00052203
01C20863
718032EF
80000E04
80009E16
00450513
000BA683
004B8B93
0016FC13
00052203
01820863
6F4032EF
80000E28
80009E63
00450513
000BAD03
004B8B93
002D7A13
00052203
01420863
6D0032EF
80000E4C
80009EB0
00450513
000BA783
004B8B93
0037FB13
00052203
01620863
6AC032EF
80000E70
80009EFD
00450513
000BA683
004B8B93
0046FC93
00052203
01920863
688032EF
80000E94
80009F4B
00450513
000BA703
004B8B93
00877613
00052203
00C20863
664032EF
80000EB8
80009F99
00450513
000BA403
004B8B93
01047493
00052203
00920863
640032EF
80000EDC
80009FE7
00450513
000BA183
004B8B93
0201F593
00052203
00B20863
61C032EF
80000F00
8000A036
00450513
000BA603
004B8B93
04067913
00052203
01220863
5F8032EF
80000F24
8000A085
00450513
000BAF83
004B8B93
080FF313
00052203
00620863
5D4032EF
80000F48
8000A0D4
00450513
000BA603
004B8B93
10067B13
00052203
01620863
5B0032EF
80000F6C
8000A123
00450513
000BA583
004B8B93
2005FD93
00052203
01B20863
58C032EF
80000F90
8000A173
00450513
000BAD03
004B8B93
3FFD7813
00052203
01020863
568032EF
80000FB4
8000A1C3
00450513
000BA903
004B8B93
40097D93
00052203
01B20863
544032EF
80000FD8
8000A213
00450513
000BA703
004B8B93
70377613
00052203
00C20863
520032EF
80000FFC
8000A263
00450513
000BA983
004B8B93
7FF9F913
00052203
01220863
4FC032EF
80001020
8000A2B3
00450513
000BA983
004B8B93
8009F093
00052203
00120863
4D8032EF
80001044
8000A303
00450513
000BAA83
004B8B93
801AFD93
00052203
01B20863
4B4032EF
80001068
8000A354
00450513
000BA383
004B8B93
FFE3FC13
00052203
01820863
490032EF
8000108C
8000A3A5
00450513
000BA403
004B8B93
FFF47E93
00052203
01D20863
46C032EF
800010B0
8000A3F4
00450513
000BA783
004B8B93
0007FA13
00052203
01420863
448032EF
800010D4
8000A443
00450513
000BAC03
004B8B93
001C7E13
00052203
01C20863
424032EF
800010F8
8000A491
00450513
000BA403
004B8B93
00247A93
00052203
01520863
400032EF
8000111C
8000A4DF
00450513
000BA483
004B8B93
0034FD93
00052203
01B20863
3DC032EF
80001140
8000A52D
00450513
000BA683
004B8B93
0046F613
00052203
00C20863
3B8032EF
80001164
8000A57B
00450513
000BA903
004B8B93
00897A13
00052203
01420863
394032EF
80001188
8000A5C9
00450513
000BA483
004B8B93
0104FE93
00052203
01D20863
370032EF
800011AC
8000A617
00450513
000BA403
004B8B93
02047313
00052203
00620863
34C032EF
800011D0
8000A666
00450513
000BAA83
004B8B93
040AF413
00052203
00820863
328032EF
800011F4
8000A6B5
00450513
000BAE83
004B8B93
080EFB13
00052203
01620863
304032EF
80001218
8000A704
00450513
000BA603
004B8B93
10067C13
00052203
01820863
2E0032EF
8000123C
8000A753
00450513
000BAF03
004B8B93
200F7793
00052203
00F20863
2BC032EF
80001260
8000A7A3
00450513
000BA583
004B8B93
3FF5FC13
00052203
01820863
298032EF
80001284
8000A7F3
00450513
000BAF03
004B8B93
400F7813
00052203
01020863
274032EF
800012A8
8000A843
00450513
000BAA03
004B8B93
703A7313
00052203
00620863
250032EF
800012CC
8000A893
00450513
000BA703
004B8B93
7FF77793
00052203
00F20863
22C032EF
800012F0
8000A8E3
00450513
000BA403
004B8B93
80047893
00052203
01120863
208032EF
80001314
8000A933
00450513
000BA083
004B8B93
8010FB13
00052203
01620863
1E4032EF
80001338
8000A984
00450513
000BA983
004B8B93
FFE9F913
00052203
01220863
1C0032EF
8000135C
8000A9D5
00450513
000BA783
004B8B93
FFF7F313
00052203
00620863
19C032EF
80001380
8000AA24
00450513
000BAC83
004B8B93
000CF913
00052203
01220863
178032EF
800013A4
8000AA73
00450513
000BA483
004B8B93
0014F813
00052203
01020863
154032EF
800013C8
8000AAC8
00450513
000BA303
004B8B93
00237413
00052203
00820863
130032EF
800013EC
8000AB1D
00450513
000BAA03
004B8B93
003A7A93
00052203
01520863
10C032EF
80001410
8000AB72
00450513
000BA603
004B8B93
00467E93
00052203
01D20863
0E8032EF
80001434
8000ABC7
00450513
000BA583
004B8B93
0085F493
00052203
00920863
0C4032EF
80001458
8000AC1C
00450513
000BAC03
004B8B93
010C7913
00052203
01220863
0A0032EF
8000147C
8000AC71
00450513
000BAD03
004B8B93
020D7693
00052203
00D20863
07C032EF
800014A0
8000ACC7
00450513
000BA483
004B8B93
0404F693
00052203
00D20863
058032EF
800014C4
8000AD1D
00450513
000BA883
004B8B93
0808F313
00052203
00620863
034032EF
800014E8
8000AD73
00450513
000BAC83
004B8B93
100CFE13
00052203
01C20863
010032EF
8000150C
8000ADC9
00450513
000BA303
004B8B93
20037C13
00052203
01820863
7ED022EF
80001530
8000AE20
00450513
000BA583
004B8B93
3FF5F813
00052203
01020863
7C9022EF
80001554
8000AE77
00450513
000BAD83
004B8B93
400DF713
00052203
00E20863
7A5022EF
80001578
8000AECE
00450513
000BA403
004B8B93
70347E13
00052203
01C20863
781022EF
8000159C
8000AF25
00450513
000BA103
004B8B93
7FF17993
00052203
01320863
75D022EF
800015C0
8000AF7C
00450513
000BA983
004B8B93
8009FA93
00052203
01520863
739022EF
800015E4
8000AFD3
00450513
000BA603
004B8B93
80167413
00052203
00820863
715022EF
80001608
8000B02B
00450513
000BAF83
004B8B93
FFEFF993
00052203
01320863
6F1022EF
8000162C
8000B083
00450513
000BAB03
004B8B93
FFFB7713
00052203
00E20863
6CD022EF
80001650
8000B0D9
00450513
000BAB03
004B8B93
000B7C93
00052203
01920863
6A9022EF
80001674
8000B12F
00450513
000BAD83
004B8B93
001DF493
00052203
00920863
685022EF
80001698
8000B184
00450513
000BA883
004B8B93
0028FC93
00052203
01920863
661022EF
800016BC
8000B1D9
00450513
000BA683
004B8B93
0036FF13
00052203
01E20863
63D022EF
800016E0
8000B22E
00450513
000BA783
004B8B93
0047FC93
00052203
01920863
619022EF
80001704
8000B283
00450513
000BA903
004B8B93
00897C93
00052203
01920863
5F5022EF
80001728
8000B2D8
00450513
000BA783
004B8B93
0107F193
00052203
00320863
5D1022EF
8000174C
8000B32D
00450513
000BAD83
004B8B93
020DFD13
00052203
01A20863
5AD022EF
80001770
8000B383
00450513
000BAC03
004B8B93
040C7F13
00052203
01E20863
589022EF
80001794
8000B3D9
00450513
000BA103
004B8B93
08017E93
00052203
01D20863
565022EF
800017B8
8000B42F
00450513
000BA903
004B8B93
10097093
00052203
00120863
541022EF
800017DC
8000B485
00450513
000BAE83
004B8B93
200EFF13
00052203
01E20863
51D022EF
80001800
8000B4DC
00450513
000BA183
004B8B93
3FF1FA93
00052203
01520863
4F9022EF
80001824
8000B533
00450513
000BA083
004B8B93
4000FC93
00052203
01920863
4D5022EF
80001848
8000B58A
00450513
000BA403
004B8B93
70347E93
00052203
01D20863
4B1022EF
8000186C
8000B5E1
00450513
000BAF83
004B8B93
7FFFF893
00052203
01120863
48D022EF
80001890
8000B638
00450513
000BAE03
004B8B93
800E7D93
00052203
01B20863
469022EF
800018B4
8000B68F
00450513
000BAA83
004B8B93
801AF113
00052203
00220863
445022EF
800018D8
8000B6E7
00450513
000BAA83
004B8B93
FFEAFA13
00052203
01420863
421022EF
800018FC
8000B73F
00450513
000BA103
004B8B93
FFF17313
00052203
00620863
3FD022EF
80001920
8000B795
00450513
000BA583
004B8B93
0005F413
00052203
00820863
3D9022EF
80001944
8000B7EB
00450513
000BAE03
004B8B93
001E7393
00052203
00720863
3B5022EF
80001968
8000B840
00450513
000BA403
004B8B93
00247E93
00052203
01D20863
391022EF
8000198C
8000B895
00450513
000BA103
004B8B93
00317593
00052203
00B20863
36D022EF
800019B0
8000B8EA
00450513
000BA383
004B8B93
0043FC13
00052203
01820863
349022EF
800019D4
8000B93F
00450513
000BAF83
004B8B93
008FF813
00052203
01020863
325022EF
800019F8
8000B994
00450513
000BA883
004B8B93
0108FA13
00052203
01420863
301022EF
80001A1C
8000B9E9
00450513
000BA403
004B8B93
02047F93
00052203
01F20863
2DD022EF
80001A40
8000BA3F
00450513
000BAE83
004B8B93
040EF493
00052203
00920863
2B9022EF
80001A64
8000BA95
00450513
000BA403
004B8B93
08047E93
00052203
01D20863
295022EF
80001A88
8000BAEB
00450513
000BA103
004B8B93
10017E93
00052203
01D20863
271022EF
80001AAC
8000BB41
00450513
000BA583
004B8B93
2005F093
00052203
00120863
24D022EF
80001AD0
8000BB98
00450513
000BA403
004B8B93
3FF47A93
00052203
01520863
229022EF
80001AF4
8000BBEF
00450513
000BA103
004B8B93
40017413
00052203
00820863
205022EF
80001B18
8000BC46
00450513
000BA883
004B8B93
7038FA13
00052203
01420863
1E1022EF
80001B3C
8000BC9D
00450513
000BAD03
004B8B93
7FFD7713
00052203
00E20863
1BD022EF
80001B60
8000BCF4
00450513
000BA483
004B8B93
8004FA93
00052203
01520863
199022EF
80001B84
8000BD4B
00450513
000BA803
004B8B93
80187793
00052203
00F20863
175022EF
80001BA8
8000BDA3
00450513
000BA983
004B8B93
FFE9F193
00052203
00320863
151022EF
80001BCC
8000BDFB
00450513
000BA983
004B8B93
FFF9F693
00052203
00D20863
12D022EF
80001BF0
8000BE51
00450513
000BA603
004B8B93
00067393
00052203
00720863
109022EF
80001C14
8000BEA7
00450513
000BA783
004B8B93
0017F193
00052203
00320863
0E5022EF
80001C38
8000BEFC
00450513
000BA403
004B8B93
00247F13
00052203
01E20863
0C1022EF
80001C5C
8000BF51
00450513
000BA083
004B8B93
0030F593
00052203
00B20863
09D022EF
80001C80
8000BFA6
00450513
000BA183
004B8B93
0041F493
00052203
00920863
079022EF
80001CA4
8000BFFB
00450513
000BA883
004B8B93
0088FF93
00052203
01F20863
055022EF
80001CC8
8000C050
00450513
000BA583
004B8B93
0105FB13
00052203
01620863
031022EF
80001CEC
8000C0A5
00450513
000BA883
004B8B93
0208F713
00052203
00E20863
00D022EF
80001D10
8000C0FB
00450513
000BAC83
004B8B93
040CFC13
00052203
01820863
7E8022EF
80001D34
8000C151
00450513
000BA783
004B8B93
0807FD93
00052203
01B20863
7C4022EF
80001D58
8000C1A7
00450513
000BAD03
004B8B93
100D7E93
00052203
01D20863
7A0022EF
80001D7C
8000C1FD
00450513
000BA603
004B8B93
20067F93
00052203
01F20863
77C022EF
80001DA0
8000C254
00450513
000BA703
004B8B93
3FF77F93
00052203
01F20863
758022EF
80001DC4
8000C2AB
00450513
000BAE83
004B8B93
400EF093
00052203
00120863
734022EF
80001DE8
8000C302
00450513
000BA803
004B8B93
70387E13
00052203
01C20863
710022EF
80001E0C
8000C359
00450513
000BA303
004B8B93
7FF37493
00052203
00920863
6EC022EF
80001E30
8000C3B0
00450513
000BA483
004B8B93
8004F413
00052203
00820863
6C8022EF
80001E54
8000C407
00450513
000BAE03
004B8B93
801E7593
00052203
00B20863
6A4022EF
80001E78
8000C45F
00450513
000BAE83
004B8B93
FFEEFD13
00052203
01A20863
680022EF
80001E9C
8000C4B7
00450513
000BA583
004B8B93
FFF5F693
00052203
00D20863
65C022EF
80001EC0
8000C50D
00450513
000BA183
004B8B93
0001F793
00052203
00F20863
638022EF
80001EE4
8000C563
00450513
000BA783
004B8B93
0017F113
00052203
00220863
614022EF
80001F08
8000C5B8
00450513
000BAF83
004B8B93
002FF313
00052203
00620863
5F0022EF
80001F2C
8000C60D
00450513
000BA383
004B8B93
0033FE13
00052203
01C20863
5CC022EF
80001F50
8000C662
00450513
000BA183
004B8B93
0041FB13
00052203
01620863
5A8022EF
80001F74
8000C6B7
00450513
000BAB03
004B8B93
008B7813
00052203
01020863
584022EF
80001F98
8000C70C
00450513
000BA683
004B8B93
0106FE93
00052203
01D20863
560022EF
80001FBC
8000C761
00450513
000BAA83
004B8B93
020AF313
00052203
00620863
53C022EF
80001FE0
8000C7B7
00450513
000BAE03
004B8B93
040E7113
00052203
00220863
518022EF
80002004
8000C80D
00450513
000BAF83
004B8B93
080FF993
00052203
01320863
4F4022EF
80002028
8000C863
00450513
000BAF83
004B8B93
100FFF13
00052203
01E20863
4D0022EF
8000204C
8000C8B9
00450513
000BA883
004B8B93
2008F493
00052203
00920863
4AC022EF
80002070
8000C910
00450513
000BAD03
004B8B93
3FFD7493
00052203
00920863
488022EF
80002094
8000C967
00450513
000BAF03
004B8B93
400F7393
00052203
00720863
464022EF
800020B8
8000C9BE
00450513
000BAD83
004B8B93
703DFF13
00052203
01E20863
440022EF
800020DC
8000CA15
00450513
000BAF03
004B8B93
7FFF7B13
00052203
01620863
41C022EF
80002100
8000CA6C
00450513
000BAC03
004B8B93
800C7593
00052203
00B20863
3F8022EF
80002124
8000CAC3
00450513
000BA983
004B8B93
8019FA93
00052203
01520863
3D4022EF
80002148
8000CB1B
00450513
000BA783
004B8B93
FFE7FD13
00052203
01A20863
3B0022EF
8000216C
8000CB73
00450513
000BA403
004B8B93
FFF47A93
00052203
01520863
38C022EF
80002190
8000CBC9
00450513
000BAD83
004B8B93
000DF393
00052203
00720863
368022EF
800021B4
8000CC1F
00450513
000BA983
004B8B93
0019FF93
00052203
01F20863
344022EF
800021D8
8000CC74
00450513
000BAC03
004B8B93
002C7193
00052203
00320863
320022EF
800021FC
8000CCC9
00450513
000BA103
004B8B93
00317A13
00052203
01420863
2FC022EF
80002220
8000CD1E
00450513
000BA403
004B8B93
00447713
00052203
00E20863
2D8022EF
80002244
8000CD73
00450513
000BA883
004B8B93
0088F593
00052203
00B20863
2B4022EF
80002268
8000CDC8
00450513
000BA383
004B8B93
0103F793
00052203
00F20863
290022EF
8000228C
8000CE1D
00450513
000BA883
004B8B93
0208FD93
00052203
01B20863
26C022EF
800022B0
8000CE73
00450513
000BA303
004B8B93
04037B13
00052203
01620863
248022EF
800022D4
8000CEC9
00450513
000BAC83
004B8B93
080CF693
00052203
00D20863
224022EF
800022F8
8000CF1F
00450513
000BA303
004B8B93
10037713
00052203
00E20863
200022EF
8000231C
8000CF75
00450513
000BAC83
004B8B93
200CF913
00052203
01220863
1DC022EF
80002340
8000CFCC
00450513
000BAC03
004B8B93
3FFC7693
00052203
00D20863
1B8022EF
80002364
8000D023
00450513
000BA903
004B8B93
40097193
00052203
00320863
194022EF
80002388
8000D07A
00450513
000BA983
004B8B93
7039FA93
00052203
01520863
170022EF
800023AC
8000D0D1
00450513
000BA083
004B8B93
7FF0F813
00052203
01020863
14C022EF
800023D0
8000D128
00450513
000BA303
004B8B93
80037D13
00052203
01A20863
128022EF
800023F4
8000D17F
00450513
000BAA03
004B8B93
801A7D13
00052203
01A20863
104022EF
80002418
8000D1D7
00450513
000BA403
004B8B93
FFE47C93
00052203
01920863
0E0022EF
8000243C
8000D22F
00450513
000BA903
004B8B93
FFF97693
00052203
00D20863
0BC022EF
80002460
8000D285
00450513
000BA903
004B8B93
00097313
00052203
00620863
098022EF
80002484
8000D2DB
00450513
000BA803
004B8B93
00187E93
00052203
01D20863
074022EF
800024A8
8000D330
00450513
000BA383
004B8B93
0023F713
00052203
00E20863
050022EF
800024CC
8000D385
00450513
000BAF03
004B8B93
003F7F93
00052203
01F20863
02C022EF
800024F0
8000D3DA
00450513
000BAE83
004B8B93
004EF893
00052203
01120863
008022EF
80002514
8000D42F
00450513
000BAE83
004B8B93
008EFD93
00052203
01B20863
7E5012EF
80002538
8000D484
00450513
000BA103
004B8B93
01017F13
00052203
01E20863
7C1012EF
8000255C
8000D4D9
00450513
000BAF03
004B8B93
020F7E93
00052203
01D20863
79D012EF
80002580
8000D52F
00450513
000BAD83
004B8B93
040DFE13
00052203
01C20863
779012EF
800025A4
8000D585
00450513
000BA883
004B8B93
0808F113
00052203
00220863
755012EF
800025C8
8000D5DB
00450513
000BA603
004B8B93
10067B13
00052203
01620863
731012EF
800025EC
8000D631
00450513
000BA783
004B8B93
2007FF93
00052203
01F20863
70D012EF
80002610
8000D688
00450513
000BA883
004B8B93
3FF8F113
00052203
00220863
6E9012EF
80002634
8000D6DF
00450513
000BA603
004B8B93
40067093
00052203
00120863
6C5012EF
80002658
8000D736
00450513
000BAD03
004B8B93
703D7593
00052203
00B20863
6A1012EF
8000267C
8000D78D
00450513
000BAE83
004B8B93
7FFEFA13
00052203
01420863
67D012EF
800026A0
8000D7E4
00450513
000BA903
004B8B93
80097C93
00052203
01920863
659012EF
800026C4
8000D83B
00450513
000BA603
004B8B93
80167F13
00052203
01E20863
635012EF
800026E8
8000D893
00450513
000BA703
004B8B93
FFE77C13
00052203
01820863
611012EF
8000270C
8000D8EB
00450513
000BA403
004B8B93
FFF47B13
00052203
01620863
5ED012EF
80002730
8000D941
00450513
000BA383
004B8B93
0003F713
00052203
00E20863
5C9012EF
80002754
8000D997
00450513
000BAE03
004B8B93
001E7F13
00052203
01E20863
5A5012EF
80002778
8000D9EC
00450513
000BA783
004B8B93
0027FB13
00052203
01620863
581012EF
8000279C
8000DA41
00450513
000BA083
004B8B93
0030FC93
00052203
01920863
55D012EF
800027C0
8000DA96
00450513
000BA783
004B8B93
0047F093
00052203
00120863
539012EF
800027E4
8000DAEB
00450513
000BA983
004B8B93
0089F313
00052203
00620863
515012EF
80002808
8000DB40
00450513
000BAD03
004B8B93
010D7413
00052203
00820863
4F1012EF
8000282C
8000DB95
00450513
000BA983
004B8B93
0209F413
00052203
00820863
4CD012EF
80002850
8000DBEB
00450513
000BAB03
004B8B93
040B7093
00052203
00120863
4A9012EF
80002874
8000DC41
00450513
000BA603
004B8B93
08067193
00052203
00320863
485012EF
80002898
8000DC97
00450513
000BAD83
004B8B93
100DF113
00052203
00220863
461012EF
800028BC
8000DCED
00450513
000BA483
004B8B93
2004FB13
00052203
01620863
43D012EF
800028E0
8000DD44
00450513
000BAC03
004B8B93
3FFC7493
00052203
00920863
419012EF
80002904
8000DD9B
00450513
000BA783
004B8B93
4007F593
00052203
00B20863
3F5012EF
80002928
8000DDF2
00450513
000BA383
004B8B93
7033F113
00052203
00220863
3D1012EF
8000294C
8000DE49
00450513
000BA903
004B8B93
7FF97393
00052203
00720863
3AD012EF
80002970
8000DEA0
00450513
000BA303
004B8B93
80037493
00052203
00920863
389012EF
80002994
8000DEF7
00450513
000BA483
004B8B93
8014F593
00052203
00B20863
365012EF
800029B8
8000DF4F
00450513
000BAC83
004B8B93
FFECFD13
00052203
01A20863
341012EF
800029DC
8000DFA7
00450513
000BAF83
004B8B93
FFFFF493
00052203
00920863
31D012EF
80002A00
8000DFFD
00450513
000BA403
004B8B93
00047A93
00052203
01520863
2F9012EF
80002A24
8000E053
00450513
000BA583
004B8B93
0015F793
00052203
00F20863
2D5012EF
80002A48
8000E0A8
00450513
000BA783
004B8B93
0027F613
00052203
00C20863
2B1012EF
80002A6C
8000E0FD
00450513
000BAC03
004B8B93
003C7113
00052203
00220863
28D012EF
80002A90
8000E152
00450513
000BAE83
004B8B93
004EF093
00052203
00120863
269012EF
80002AB4
8000E1A7
00450513
000BA183
004B8B93
0081FD93
00052203
01B20863
245012EF
80002AD8
8000E1FC
00450513
000BAC83
004B8B93
010CFE13
00052203
01C20863
221012EF
80002AFC
8000E251
00450513
000BA783
004B8B93
0207F713
00052203
00E20863
1FD012EF
80002B20
8000E2A7
00450513
000BAA83
004B8B93
040AF313
00052203
00620863
1D9012EF
80002B44
8000E2FD
00450513
000BA103
004B8B93
08017813
00052203
01020863
1B5012EF
80002B68
8000E353
00450513
000BA383
004B8B93
1003FC13
00052203
01820863
191012EF
80002B8C
8000E3A9
00450513
000BAC83
004B8B93
200CF393
00052203
00720863
16D012EF
80002BB0
8000E400
00450513
000BA383
004B8B93
3FF3F813
00052203
01020863
149012EF
80002BD4
8000E457
00450513
000BA383
004B8B93
4003FA13
00052203
01420863
125012EF
80002BF8
8000E4AE
00450513
000BA883
004B8B93
7038F593
00052203
00B20863
101012EF
80002C1C
8000E505
00450513
000BAC83
004B8B93
7FFCF813
00052203
01020863
0DD012EF
80002C40
8000E55C
00450513
000BA603
004B8B93
80067B13
00052203
01620863
0B9012EF
80002C64
8000E5B3
00450513
000BAD03
004B8B93
801D7313
00052203
00620863
095012EF
80002C88
8000E60B
00450513
000BA883
004B8B93
FFE8FE13
00052203
01C20863
071012EF
80002CAC
8000E663
00450513
000BA703
004B8B93
FFF77993
00052203
01320863
04D012EF
80002CD0
8000E6B9
00450513
000BA003
004B8B93
6E307013
00052203
00020863
029012EF
80002CF4
8000E70F
00450513
000BA083
004B8B93
7FF0F093
00052203
00120863
005012EF
80002D18
8000E743
00450513
000BA103
004B8B93
64D17113
00052203
00220863
7E0012EF
80002D3C
8000E777
00450513
000BA183
004B8B93
13A1F193
00052203
00320863
7BC012EF
80002D60
8000E7AB
00450513
00020393
00028413
000BA203
004B8B93
60227213
00052383
00438863
7A80146F
80002D8C
8000E7DF
00450513
000BA283
004B8B93
2C22F293
00052383
00538863
7840146F
80002DB0
8000E813
00450513
000BA303
004B8B93
EB437313
00052383
00638863
7600146F
80002DD4
8000E847
00450513
00038693
00040713
000BA383
004B8B93
45A3F393
00052683
00768863
75C0176F
80002E00
8000E87B
00450513
000BA403
004B8B93
75D47413
00052683
00868863
7380176F
80002E24
8000E8AF
00450513
000BA483
004B8B93
89A4F493
00052683
00968863
7140176F
80002E48
8000E8E3
00450513
00050B13
000BA503
004B8B93
45757513
000B2683
00A68863
6EC0176F
80002E70
8000E917
004B0B13
000BA583
004B8B93
F945F593
000B2683
00B68863
6C80176F
80002E94
8000E94C
004B0B13
000BA603
004B8B93
A2767613
000B2683
00C68863
6A40176F
80002EB8
8000E981
004B0B13
00068213
00070293
000BA683
004B8B93
7986F693
000B2203
00D20863
638012EF
80002EE4
8000E9B6
004B0B13
000BA703
004B8B93
BB277713
000B2203
00E20863
614012EF
80002F08
8000E9EB
004B0B13
000BA783
004B8B93
4927F793
000B2203
00F20863
5F0012EF
80002F2C
8000EA20
004B0B13
000BA803
004B8B93
C4087813
000B2203
01020863
5CC012EF
80002F50
8000EA55
004B0B13
000BA883
004B8B93
FD58F893
000B2203
01120863
5A8012EF
80002F74
8000EA8A
004B0B13
000BA903
004B8B93
24197913
000B2203
01220863
584012EF
80002F98
8000EABF
004B0B13
000BA983
004B8B93
7049F993
000B2203
01320863
560012EF
80002FBC
8000EAF4
004B0B13
000BAA03
004B8B93
068A7A13
000B2203
01420863
53C012EF
80002FE0
8000EB29
004B0B13
000BAA83
004B8B93
ACEAFA93
000B2203
01520863
518012EF
80003004
8000EB5E
004B0B13
000B0D93
000BAB03
004B8B93
6F5B7B13
000DA203
01620863
4F0012EF
8000302C
8000EB93
004D8D93
000B8A13
000A2B83
004A0A13
ECEBFB93
000DA203
01720863
4C8012EF
80003054
8000EBC8
004D8D93
000A2C03
004A0A13
A7EC7C13
000DA203
01820863
4A4012EF
80003078
8000EBFD
004D8D93
000A2C83
004A0A13
1DFCFC93
000DA203
01920863
480012EF
8000309C
8000EC32
004D8D93
000A2D03
004A0A13
208D7D13
000DA203
01A20863
45C012EF
800030C0
8000EC67
004D8D93
000D8193
000A2D83
004A0A13
758DFD93
0001A203
01B20863
434012EF
800030E8
8000EC9C
00418193
000A2E03
004A0A13
B46E7E13
0001A203
01C20863
410012EF
8000310C
8000ECD1
00418193
000A2E83
004A0A13
218EFE93
0001A203
01D20863
3EC012EF
80003130
8000ED06
00418193
000A2F03
004A0A13
7C4F7F13
0001A203
01E20863
3C8012EF
80003154
8000ED3B
00418193
000A2F83
004A0A13
137FFF93
0001A203
01F20863
3A4012EF
80003178
8000ED70
00418193
000A2583
004A0A13
0005F893
0001A203
01120863
380012EF
8000319C
8000EDA5
00418193
000A2F03
004A0A13
001F7C13
0001A203
01820863
35C012EF
800031C0
8000EDDC
00418193
000A2C03
004A0A13
002C7393
0001A203
00720863
338012EF
800031E4
8000EE13
00418193
000A2903
004A0A13
00397493
0001A203
00920863
314012EF
80003208
8000EE4A
00418193
000A2A83
004A0A13
004AF113
0001A203
00220863
2F0012EF
8000322C
8000EE81
00418193
000A2E03
004A0A13
008E7C13
0001A203
01820863
2CC012EF
80003250
8000EEB8
00418193
000A2903
004A0A13
01097793
0001A203
00F20863
2A8012EF
80003274
8000EEEF
00418193
000A2303
004A0A13
02037D93
0001A203
01B20863
284012EF
80003298
8000EF27
00418193
000A2A83
004A0A13
040AF493
0001A203
00920863
260012EF
800032BC
8000EF5F
00418193
000A2103
004A0A13
08017E13
0001A203
01C20863
23C012EF
800032E0
8000EF97
00418193
000A2883
004A0A13
1008FE13
0001A203
01C20863
218012EF
80003304
8000EFCF
00418193
000A2383
004A0A13
2003F813
0001A203
01020863
1F4012EF
80003328
8000F008
00418193
000A2683
004A0A13
3FF6F913
0001A203
01220863
1D0012EF
8000334C
8000F041
00418193
000A2603
004A0A13
40067F13
0001A203
01E20863
1AC012EF
80003370
8000F07A
00418193
000A2F03
004A0A13
703F7513
0001A203
00A20863
188012EF
80003394
8000F0B3
00418193
000A2883
004A0A13
7FF8F113
0001A203
00220863
164012EF
800033B8
8000F0EC
00418193
000A2C83
004A0A13
800CF913
0001A203
01220863
140012EF
800033DC
8000F125
00418193
000A2A83
004A0A13
801AF493
0001A203
00920863
11C012EF
80003400
8000F15F
00418193
000A2683
004A0A13
FFE6FB93
0001A203
01720863
0F8012EF
80003424
8000F199
00418193
000A2B03
004A0A13
FFFB7513
0001A203
00A20863
0D4012EF
80003448
8000F1D1
00418193
00018113
00000513
00000073
FFF00513
1D800413
34002373
23832383
23C32483
22032383
25032483
34049073
24832483
305493F3
FFC4F493
FFC3F393
00749E63
00030493
0004A783
00F3A023
00438393
00448493
FE83C8E3
00000013
00000497
29048493
00000013
00000013
00000013
00000013
00000013
00000013
10E49863
00000013
00000013
00000013
00000013
00000013
00000013
00000013
0000C517
38B50513
00000013
00000013
00000013
00000013
00000013
00000013
0003D097
0A4080E7
00000013
00000013
00000013
00000013
00000013
00000013
0000C517
38150513
00000013
00000013
00000013
00000013
00000013
00000013
0003D097
064080E7
00000013
00000013
00000013
00000013
00000013
00000013
0000C517
3A150513
00000013
00000013
00000013
00000013
00000013
00000013
0003D097
024080E7
00000013
00000013
00000013
00000013
00000013
00000013
0000D517
F0C50513
00000013
00000013
00000013
00000013
00000013
00000013
0003D097
FE4080E7
0003D097
04C080E7
00000013
00000013
00000013
00000013
00005317
D2830313
00000013
00000013
00000013
00000013
00000013
00000013
00032303
00000013
00000013
00000013
00000013
00000013
00000013
00000013
0000E397
F0838393
00000013
00000013
00000013
00000013
00000013
00000013
40730333
00000013
00000013
00000013
00000013
00000013
00000013
00000013
0000E417
EC040413
00000013
00000013
00000013
00000013
00000013
00000013
00042203
00620863
6E9003EF
800035F0
8000FA75
BAD0E4B7
EAD48493
00E49A63
6D1003EF
80003784
8000F8E3
00000341
00000013
00000013
00000013
00000013
0000C517
17450513
00000013
00000013
00000013
00000013
00000013
00000013
0003D097
EC4080E7
0003D097
F10080E7
00000013
00000013
00000013
00000013
0000C517
16B50513
00000013
00000013
00000013
00000013
00000013
00000013
0003D097
E84080E7
0003D097
EEC080E7
00000013
00000013
00000013
00000013
00000717
FF070713
00000013
00000013
00000013
00000013
00000013
00000013
CE9FF06F
BAD0E737
EAD70713
CDDFF06F
00000013
00000013
00000013
00000013
00000013
00000013
00000013
00000013
00000013
00000013
00000013
00000013
0800006F
0880006F
0900006F
0980006F
0A00006F
0A80006F
0B00006F
0B80006F
0C00006F
0C80006F
0D00006F
0D80006F
0E00006F
0E80006F
0F00006F
0F80006F
1000006F
1080006F
1100006F
1180006F
1200006F
1280006F
1300006F
1380006F
1400006F
13C0006F
1380006F
1340006F
1300006F
12C0006F
1280006F
1240006F
34011173
26F12823
13C007EF
34011173
26F12823
130007EF
34011173
26F12823
124007EF
34011173
26F12823
118007EF
34011173
26F12823
10C007EF
34011173
26F12823
100007EF
34011173
26F12823
0F4007EF
34011173
26F12823
0E8007EF
34011173
26F12823
0DC007EF
34011173
26F12823
0D0007EF
34011173
26F12823
0C4007EF
34011173
26F12823
0B8007EF
34011173
26F12823
0AC007EF
34011173
26F12823
0A0007EF
34011173
26F12823
094007EF
34011173
26F12823
088007EF
34011173
26F12823
07C007EF
34011173
26F12823
070007EF
34011173
26F12823
064007EF
34011173
26F12823
058007EF
34011173
26F12823
04C007EF
34011173
26F12823
040007EF
34011173
26F12823
034007EF
34011173
26F12823
028007EF
00000317
B6030313
00000013
00000013
00000013
00000013
00000013
00000013
00030067
26E12623
34011773
26E12A23
23012703
00070067
26912423
26812223
26712023
24612E23
00000013
00000013
00000013
00000013
00000013
00000013
00004317
74830313
00000013
00000013
00000013
00000013
00000013
00000013
00032383
00138393
00732023
34202773
800014B7
FFF48493
00E4F4B3
FFE48413
00041663
2A050AE3
58C0006F
FF848413
00245413
58041063
2A0500E3
FFF50493
00500393
0274E063
07300393
00750463
0800006F
34102573
00450413
34141073
7E40006F
341024F3
00448493
34149073
00100393
00750E63
00200393
02750263
00300393
02750C63
FFF00513
7B80006F
000024B7
80048493
3004A073
7A80006F
000024B7
80048493
3004B073
000014B7
80048493
3004A073
78C0006F
000024B7
80048493
3004B073
77C0006F
00000013
00000013
00000013
00000013
00000013
00000397
17038393
00000013
00000013
00000013
00000013
00000013
00000013
0003A403
00A40863
04040863
00838393
FF1FF06F
00008493
00000013
00000013
00000097
02408093
00000013
00000013
00000013
00000013
00000013
00000013
00038067
00048093
34102473
00440413
34141073
6F00006F
00050493
00000013
0000D517
3C350513
00000013
00000013
00000013
00000013
00000013
00000013
0003D097
A64080E7
00048513
02000593
4C8020EF
00000013
00000013
00000013
0000B517
7F850513
00000013
00000013
00000013
00000013
00000013
00000013
0003D097
A24080E7
00000013
00000013
00000013
00000013
00000013
00000013
0000C517
DCA50513
00000013
00000013
00000013
00000013
00000013
00000013
0003D097
9E4080E7
00000013
00000013
00000013
00000013
00000013
00000013
0000C517
C8B50513
00000013
00000013
00000013
00000013
00000013
00000013
0003D097
9A4080E7
0003D097
A0C080E7
30002573
00008067
30059073
00008067
3005A073
00008067
3005B073
00008067
30402573
00008067
30459073
00008067
3045A073
00008067
3045B073
00008067
30602573
00008067
30659073
00008067
3065A073
00008067
3065B073
00008067
30A02573
00008067
30A59073
00008067
30A5A073
00008067
30A5B073
00008067
34402573
00008067
34459073
00008067
3445A073
00008067
3445B073
00008067
74702573
00008067
74759073
00008067
7475A073
00008067
7475B073
00008067
32002573
00008067
32059073
00008067
3205A073
00008067
3205B073
00008067
B0002573
00008067
B0059073
00008067
B005A073
00008067
B005B073
00008067
B0202573
00008067
B0259073
00008067
B025A073
00008067
B025B073
00008067
10002573
00008067
10059073
00008067
1005A073
00008067
1005B073
00008067
10402573
00008067
10459073
00008067
1045A073
00008067
1045B073
00008067
10602573
00008067
10659073
00008067
1065A073
00008067
1065B073
00008067
10A02573
00008067
10A59073
00008067
10A5A073
00008067
10A5B073
00008067
14402573
00008067
14459073
00008067
1445A073
00008067
1445B073
00008067
14D02573
00008067
14D59073
00008067
14D5A073
00008067
14D5B073
00008067
18002573
00008067
18059073
00008067
1805A073
00008067
1805B073
00008067
7A002573
00008067
7A059073
00008067
7A05A073
00008067
7A05B073
00008067
7A102573
00008067
7A159073
00008067
7A15A073
00008067
7A15B073
00008067
7A202573
00008067
7A259073
00008067
7A25A073
00008067
7A25B073
00008067
7A302573
00008067
7A359073
00008067
7A35A073
00008067
7A35B073
00008067
7A402573
00008067
7A459073
00008067
7A45A073
00008067
7A45B073
00008067
7A502573
00008067
7A559073
00008067
7A55A073
00008067
7A55B073
00008067
7A802573
00008067
7A859073
00008067
7A85A073
00008067
7A85B073
00008067
7AA02573
00008067
7AA59073
00008067
7AA5A073
00008067
7AA5B073
00008067
5A802573
00008067
5A859073
00008067
5A85A073
00008067
5A85B073
00008067
6A802573
00008067
6A859073
00008067
6A85A073
00008067
6A85B073
00008067
0005A503
00008067
0045A503
00008067
00C5A023
00008067
00C5A223
00008067
00000000
01000393
00075C63
00171413
FF240413
00045663
00C00393
0040006F
D6810113
4B012303
007304B3
4A912823
49012403
40830333
29810113
1F812403
00830333
34102473
00000013
00000013
0000B497
37848493
00000013
00000013
00000013
00000013
00000013
00000013
0084A023
00E4A423
34302473
0084A823
30002473
0084AC23
00000013
00000013
0001C417
F8C40413
00000013
00000013
00000013
00000013
00000013
00000013
007304B3
F0946663
24012403
408787B3
00179493
009787B3
0057D793
00679793
0077E7B3
00378793
02075A63
00F00413
00877433
304024F3
0084D4B3
0014F493
00B49493
0097E7B3
344024F3
0084D4B3
0014F493
00C49493
0097E7B3
300023F3
00F39393
0023D393
0021A437
FE540413
FFF44413
0083F433
0087E433
310024F3
1C04F493
00849493
00946433
00032483
00848E63
00040313
00048213
4B4003EF
80004048
8000FA8C
00000341
00070413
00432483
00848E63
00040313
00048213
490003EF
800040EC
8000FB8E
00000341
12074A63
34102473
00010493
0040006F
00000393
04740863
00238393
04740463
04040263
2084A383
2104A783
007787B3
00F47463
02747663
1D84A383
1E04A783
007787B3
00F47463
00747C63
1E84A383
1F04A783
007787B3
E0F47E63
E0746C63
40740433
00832483
00848E63
00040313
00048213
40C003EF
80004174
8000FC89
00000341
34102473
342023F3
00C00793
00F38A63
00100793
00F38663
01400793
00F39663
34109073
0340006F
300027F3
000E03B7
3003A073
00045383
30079073
0033F393
00138393
0023D393
00138393
00139393
00740433
34141073
34302473
00C32483
00848E63
00040313
00048213
390003EF
800041F0
8000FD7C
00000341
30102473
01841413
00045263
10000393
05C0006F
25C12303
26012383
26412403
26812483
26C12703
27012783
27412103
30200073
00100413
01F77393
00741433
304434F3
34443473
00832483
00848E63
00040313
00048213
328003EF
80004258
8000FEEF
00000341
00000393
00000417
03C40413
00740433
00371393
00740433
FF847413
00042403
00040A63
01F41393
0003D863
00145413
F6870EE3
CD8FF06F
00040067
00000013
00000000
00000000
00000001
00000000
00000001
00000000
80040000
00000000
00000000
00000000
00000001
00000000
00000001
00000000
80040014
00000000
00000000
00000000
00000001
00000000
00000001
00000000
80040030
00000000
00000001
00000000
00000001
00000000
00000001
00000000
00000001
00000000
00000001
00000000
00000001
00000000
00000001
00000000
00000001
00000000
00000001
00000000
00000001
00000000
00000001
00000000
00000001
00000000
00000000
00000000
00000000
00000000
00000000
00000000
00000000
00000000
00000000
00000000
00000000
00000000
00000000
00000000
00000000
00000000
00000001
00000000
00000003
00000000
00000005
00000000
00000007
00000000
00000009
00000000
0000000B
00000000
0000000D
00000000
0000000F
00000000
00000011
00000000
00000013
00000000
00000015
00000000
00000017
00000000
00000019
00000000
0000001B
00000000
0000001D
00000000
0000001F
00000000
00000021
00000000
00000023
00000000
00000025
00000000
00000027
00000000
00000029
00000000
0000002B
00000000
0000002D
00000000
0000002F
00000000
00000000
00000000
00000000
00000000
00000000
00000000
00000000
00000000
00000000
00000000
00000000
00000000
00000000
00000000
00000000
00000000
300023F3
00B3D493
0034F493
FFD48413
341023F3
00000493
02040C63
29810113
310023F3
01839393
0003DA63
29810113
47012783
D6810113
0080006F
F4012783
341023F3
40F383B3
D6810113
1D812483
007483B3
25C12303
26412403
26812483
26C12703
27012783
27412103
00438067
0000B217
CE820213
02522423
00122423
00022023
0880006F
0000B397
CD038393
0483A023
0243A023
0253A423
0013A423
0003A023
00038213
00040293
0600006F
0000B697
CA868693
06E6A823
0246A023
0256A423
0016A423
0006A023
00068213
00070293
0380006F
0000B497
C8048493
0674A423
0244A023
0254A423
0014A423
00300093
0014A023
1064A823
1044AC23
00048213
00038293
0040006F
00222823
00322C23
02622823
02722C23
04822023
04922423
04A22823
04B22C23
06C22023
06D22423
06E22823
06F22C23
09022023
09122423
09222823
09322C23
0B422023
0B522423
0B622823
0B722C23
0D822023
0D922423
0DA22823
0DB22C23
0FC22023
0FD22423
0FE22823
0FF22C23
0000B497
BDC4A483
00300513
18A48663
FFA2D303
FF82D383
01031313
00736333
00F35393
01F3F393
01435413
01F47413
10822223
00341313
00620333
00032303
10622823
FF62D303
FF42D383
01031313
00736333
00030513
07F37413
00300493
0C941063
00C35413
00747413
00200493
0A941863
41435393
00F35313
01F37313
00331313
00620333
00032303
00730333
00337413
0C041263
00000013
00000013
00000013
00000013
00000013
0000D417
87040413
00000013
00000013
00000013
00000013
00000013
00000013
08836663
00000013
00000013
00000013
00000013
00000013
00000013
00000013
0001C417
89040413
00000013
00000013
00000013
00000013
00000013
00000013
FFC40413
04646463
00032303
10622C23
3700006F
00100413
00000013
00000013
0000B497
BD848493
00000013
00000013
00000013
00000013
00000013
00000013
0084A023
10A22C23
3380006F
00200413
00000013
00000013
00000013
00000013
0000B497
B9848493
00000013
00000013
00000013
00000013
00000013
00000013
0084A023
10622C23
2F80006F
0042A303
0000B817
B7880813
00682023
0002A303
10622423
0000B817
B6480813
00082303
0000B397
28538393
28730463
00000413
0000B817
B4080813
00882023
0000B397
28038393
00731863
00100413
00000493
2740006F
0000B397
36A38393
00731863
00200413
00000493
25C0006F
0000B397
44D38393
00731863
00300413
00000493
2440006F
0000B397
52838393
00731863
00400413
00000493
22C0006F
0000B397
68338393
00731863
00500413
00000493
2140006F
0000B397
5EF38393
00731863
00600413
00000493
1FC0006F
0000B397
61538393
00731863
00700413
00000493
1E40006F
0000B397
21838393
00731863
00100413
00100493
1CC0006F
0000B397
30038393
00731863
00200413
00100493
1B40006F
0000B397
3E138393
00731863
00300413
00100493
19C0006F
0000B397
4BD38393
00731863
00400413
00100493
1840006F
0000B397
61638393
00731863
00500413
00100493
16C0006F
0000B397
1E038393
00731863
00100413
00200493
1540006F
0000B397
2C638393
00731863
00200413
00200493
13C0006F
0000B397
3A538393
00731863
00300413
00200493
1240006F
0000B397
48238393
00731863
00400413
00200493
10C0006F
0000B397
5D938393
00731863
00500413
00200493
0F40006F
0000B397
1A938393
00731863
00100413
00300493
0DC0006F
0000B397
28D38393
00731863
00200413
00300493
0C40006F
0000B397
36A38393
00731863
00300413
00300493
0AC0006F
0000B397
44838393
00731863
00400413
00300493
0940006F
0000B397
59D38393
00731863
00500413
00300493
07C0006F
0000B397
5C238393
00731863
00800413
00000493
0640006F
0000B397
5F938393
00731863
00800413
00000493
04C0006F
0000B397
6DC38393
00731863
00800413
00100493
0340006F
0000B397
7C038393
00731863
00800413
00200493
01C0006F
0340006F
00900413
0000B817
8BC80813
00882023
0300006F
0000B817
8AC80813
00882023
0000B817
8A480813
00982023
0140006F
0000B817
89080813
00082023
0040006F
0002A303
10622423
00035383
0033F413
00300493
00941863
00235403
01041413
0083E3B3
10722023
0042A303
12622023
00000013
00000013
00000013
00000013
0000B517
D8B50513
00000013
00000013
00000013
00000013
00000013
00000013
0003C097
AA4080E7
00000013
00000013
00000013
00000013
00000013
00000013
0000B517
D8150513
00000013
00000013
00000013
00000013
00000013
00000013
0003C097
A64080E7
00000013
00000013
00000013
00000013
00000013
00000013
0000B517
DF850513
00000013
00000013
00000013
00000013
00000013
00000013
0003C097
A24080E7
0000A517
78852503
0003C097
A14080E7
00000013
00000013
0000B517
DCA50513
00000013
00000013
00000013
00000013
00000013
00000013
0003C097
9E4080E7
0000A517
62852503
00300593
52B50C63
00000013
00000013
0000B517
D8C50513
00000013
00000013
00000013
00000013
00000013
00000013
0003C097
9A4080E7
0000A517
6E852503
02000593
00357613
00300693
00D60463
01000593
3F4010EF
00000013
00000013
00000013
00000013
00000013
00000013
0000A517
71850513
00000013
00000013
00000013
00000013
00000013
00000013
0003C097
944080E7
00000013
00000013
00000013
00000013
00000013
00000013
0000B517
D0050513
00000013
00000013
00000013
00000013
00000013
00000013
0003C097
904080E7
0000A517
65052503
02000593
364010EF
00000013
00000013
0000A517
69850513
00000013
00000013
00000013
00000013
00000013
00000013
0003C097
8C4080E7
00000013
00000013
00000013
00000013
00000013
00000013
0000B517
6B750513
00000013
00000013
00000013
00000013
00000013
00000013
0003C097
884080E7
0000A517
4C852503
00050663
00300593
04B51063
07800593
0000A617
61860613
00000013
00000013
00000013
00000013
00000013
00000013
00B60023
00160613
0000A517
58C52503
324010EF
1180006F
00100593
04B50863
00400593
08B50A63
00500593
0CB50663
00000013
00000013
00000013
00000013
0000B517
72D50513
00000013
00000013
00000013
00000013
00000013
00000013
0003B097
7E4080E7
1000006F
06600593
00000013
00000013
00000013
00000013
0000A617
57860613
00000013
00000013
00000013
00000013
00000013
00000013
00B60023
00160613
0000A517
4EC52503
284010EF
0780006F
07600593
00000013
0000A617
53860613
00000013
00000013
00000013
00000013
00000013
00000013
00B60023
00160613
0000A517
4AC52503
244010EF
0380006F
00000013
00000013
0000B517
55050513
00000013
00000013
00000013
00000013
00000013
00000013
0003B097
724080E7
0400006F
00000013
00000013
00000013
00000013
00000013
0000A517
4B850513
00000013
00000013
00000013
00000013
00000013
00000013
0003B097
6E4080E7
00000013
00000013
00000013
00000013
00000013
00000013
0000B517
4E850513
00000013
00000013
00000013
00000013
00000013
00000013
0003B097
6A4080E7
0000A517
2E852503
00100593
00B51C63
0000A517
3E852503
02000593
0F4010EF
0140006F
0000A517
3D452503
02000593
0E0010EF
00000013
0000A517
41850513
00000013
00000013
00000013
00000013
00000013
00000013
0003B097
644080E7
0000A517
3B052503
08051E63
00000013
00000013
00000013
0000B517
45F50513
00000013
00000013
00000013
00000013
00000013
00000013
0003B097
604080E7
0000A517
24852503
00100593
00B51C63
0000A517
35052503
02000593
054010EF
0140006F
0000A517
33C52503
02000593
040010EF
00000013
0000A517
37850513
00000013
00000013
00000013
00000013
00000013
00000013
0003B097
5A4080E7
5BD0006F
00100593
06B51E63
00000013
00000013
00000013
0000B517
3D650513
00000013
00000013
00000013
00000013
00000013
00000013
0003B097
564080E7
0000A517
2C052503
02000593
7C5000EF
00000013
00000013
0000A517
2F850513
00000013
00000013
00000013
00000013
00000013
00000013
0003B097
524080E7
53D0006F
00000013
00000013
00000013
00000013
00000013
0000B517
3B450513
00000013
00000013
00000013
00000013
00000013
00000013
0003B097
4E4080E7
0000A517
24052503
02000593
745000EF
00000013
00000013
0000A517
27850513
00000013
00000013
00000013
00000013
00000013
00000013
0003B097
4A4080E7
4BD0006F
0000A417
21442403
00900493
0A940C63
00000013
0000B517
3D950513
00000013
00000013
00000013
00000013
00000013
00000013
0003B097
464080E7
00000013
00000013
00000013
00000013
00000013
00000013
0000B517
3C550513
00000013
00000013
00000013
00000013
00000013
00000013
0003B097
424080E7
0000A817
1A080813
00082503
0003B097
410080E7
00000013
0000A517
7CA50513
00000013
00000013
00000013
00000013
00000013
00000013
0003B097
3E4080E7
280404E3
3400006F
00000013
00000013
00000013
00000013
0000B517
35550513
00000013
00000013
00000013
00000013
00000013
00000013
0003B097
3A4080E7
0000A517
10052503
02000593
605000EF
00000013
00000013
0000A517
13850513
00000013
00000013
00000013
00000013
00000013
00000013
0003B097
364080E7
00000013
00000013
00000013
00000013
00000013
00000013
0000B517
30050513
00000013
00000013
00000013
00000013
00000013
00000013
0003B097
324080E7
0000A517
07852503
02000593
585000EF
00000013
00000013
0000A517
0B850513
00000013
00000013
00000013
00000013
00000013
00000013
0003B097
2E4080E7
0000A317
03832303
0000A397
0383A383
10736A63
00000013
0000B517
2AF50513
00000013
00000013
00000013
00000013
00000013
00000013
0003B097
2A4080E7
00000013
00000013
00000013
00000013
00000013
00000013
0000B517
2D750513
00000013
00000013
00000013
00000013
00000013
00000013
0003B097
264080E7
0000A317
FB832303
0000A397
FB83A383
40730533
02000593
4B9000EF
00000013
00000013
00000013
00000013
00000013
00000013
00000013
0000A517
FD850513
00000013
00000013
00000013
00000013
00000013
00000013
0003B097
204080E7
00000013
00000013
00000013
00000013
00000013
00000013
0000B517
25E50513
00000013
00000013
00000013
00000013
00000013
00000013
0003B097
1C4080E7
1DD0006F
00000013
00000013
00000013
00000013
00000013
0000B517
1BB50513
00000013
00000013
00000013
00000013
00000013
00000013
0003B097
184080E7
00000013
00000013
00000013
00000013
00000013
00000013
0000B517
1B750513
00000013
00000013
00000013
00000013
00000013
00000013
0003B097
144080E7
0000A317
EA032303
0000A397
E903A383
40730533
02000593
399000EF
00000013
00000013
00000013
00000013
00000013
00000013
00000013
0000A517
EB850513
00000013
00000013
00000013
00000013
00000013
00000013
0003B097
0E4080E7
00000013
00000013
00000013
00000013
00000013
00000013
0000B517
22650513
00000013
00000013
00000013
00000013
00000013
00000013
0003B097
0A4080E7
0BD0006F
00000013
00000013
00000013
00000013
00000013
0000B517
2CD50513
00000013
00000013
00000013
00000013
00000013
00000013
0003B097
064080E7
0000A517
DDC52503
04050A63
00100593
08B50663
00200593
0CB50263
00300593
0EB50E63
00000013
00000013
00000013
00000013
00000013
0000B517
2A950513
00000013
00000013
00000013
00000013
00000013
00000013
1000006F
00000013
00000013
00000013
00000013
00000013
00000013
00000013
0000B517
24750513
00000013
00000013
00000013
00000013
00000013
00000013
0C00006F
00000013
00000013
00000013
00000013
00000013
00000013
00000013
0000B517
20F50513
00000013
00000013
00000013
00000013
00000013
00000013
0800006F
00000013
00000013
00000013
00000013
00000013
00000013
00000013
0000B517
1D750513
00000013
00000013
00000013
00000013
00000013
00000013
0400006F
00000013
00000013
00000013
00000013
00000013
00000013
00000013
0000B517
1A050513
00000013
00000013
00000013
00000013
00000013
00000013
0003B097
F04080E7
00000013
00000013
00000013
00000013
00000013
00000013
0000B517
17250513
00000013
00000013
00000013
00000013
00000013
00000013
0003B097
EC4080E7
0000A517
C3852503
00100593
06B50863
00200593
0AB50463
00300593
0EB50063
00400593
10B50C63
00500593
14B50863
00600593
18B50463
00700593
1CB50063
00800593
1EB50C63
00000013
00000013
00000013
00000013
0000B517
24950513
00000013
00000013
00000013
00000013
00000013
00000013
2000006F
00000013
00000013
00000013
00000013
00000013
00000013
00000013
0000B517
0CC50513
00000013
00000013
00000013
00000013
00000013
00000013
1C00006F
00000013
00000013
00000013
00000013
00000013
00000013
00000013
0000B517
0BD50513
00000013
00000013
00000013
00000013
00000013
00000013
1800006F
00000013
00000013
00000013
00000013
00000013
00000013
00000013
0000B517
09D50513
00000013
00000013
00000013
00000013
00000013
00000013
1400006F
00000013
00000013
00000013
00000013
00000013
00000013
00000013
0000B517
07B50513
00000013
00000013
00000013
00000013
00000013
00000013
1000006F
00000013
00000013
00000013
00000013
00000013
00000013
00000013
0000B517
05A50513
00000013
00000013
00000013
00000013
00000013
00000013
0C00006F
00000013
00000013
00000013
00000013
00000013
00000013
00000013
0000B517
04250513
00000013
00000013
00000013
00000013
00000013
00000013
0800006F
00000013
00000013
00000013
00000013
00000013
00000013
00000013
0000B517
02E50513
00000013
00000013
00000013
00000013
00000013
00000013
0400006F
00000013
00000013
00000013
00000013
00000013
00000013
00000013
0000B517
01A50513
00000013
00000013
00000013
00000013
00000013
00000013
0003B097
C44080E7
00000013
00000013
00000013
00000013
00000013
00000013
0000B517
01850513
00000013
00000013
00000013
00000013
00000013
00000013
0003B097
C04080E7
0000A517
96052503
02000593
664000EF
00000013
00000013
0000A517
99850513
00000013
00000013
00000013
00000013
00000013
00000013
0003B097
BC4080E7
00000013
00000013
00000013
00000013
00000013
00000013
0000B517
FAF50513
00000013
00000013
00000013
00000013
00000013
00000013
0003B097
B84080E7
0000A517
8D852503
02000593
5E4000EF
00000013
00000013
0000A517
91850513
00000013
00000013
00000013
00000013
00000013
00000013
0003B097
B44080E7
0000A517
8B852503
00200593
08B51463
00000013
00000013
0000B517
F4650513
00000013
00000013
00000013
00000013
00000013
00000013
0003B097
B04080E7
0000A517
86052503
284000EF
0003B097
AF0080E7
00000013
0000B517
F1D50513
00000013
00000013
00000013
00000013
00000013
00000013
0003B097
AC4080E7
0000A517
81852503
244000EF
0003B097
AB0080E7
00000097
314080E7
0000A517
81C52503
00100593
02B51E63
00000013
00000013
00000013
0000B517
F3350513
00000013
00000013
00000013
00000013
00000013
00000013
0003B097
A64080E7
27C0006F
00200593
02B51E63
00000013
00000013
00000013
0000B517
FC950513
00000013
00000013
00000013
00000013
00000013
00000013
0003B097
A24080E7
23C0006F
00300593
02B51E63
00000013
00000013
00000013
0000B517
07C50513
00000013
00000013
00000013
00000013
00000013
00000013
0003B097
9E4080E7
1FC0006F
00400593
02B51E63
00000013
00000013
00000013
0000B517
13750513
00000013
00000013
00000013
00000013
00000013
00000013
0003B097
9A4080E7
1BC0006F
00500593
02B51E63
00000013
00000013
00000013
0000B517
1DE50513
00000013
00000013
00000013
00000013
00000013
00000013
0003B097
964080E7
17C0006F
1780006F
00000013
00000013
00000013
00000013
0000B517
DAB50513
00000013
00000013
00000013
00000013
00000013
00000013
0003B097
924080E7
00009617
6B062603
00000013
00000013
00000013
00000013
0000A517
D5450513
00000013
00000013
00000013
00000013
00000013
00000013
0003B097
8E4080E7
00065503
01000593
00357413
00300493
00941A63
00265403
01041413
00856533
02000593
32C000EF
00000013
00000013
00000013
00000013
00009517
65850513
00000013
00000013
00000013
00000013
00000013
00000013
0003B097
884080E7
00000097
0E8080E7
0940006F
02054263
01800593
04B55463
00009597
64058593
00251613
00C585B3
0005A503
00008067
00100593
01F59593
00B54533
01000593
00B55E63
00009597
67458593
00251613
00C585B3
0005A503
00008067
00000013
00000013
00000013
00000013
00000013
00000013
00000013
0000A517
A7E50513
00000013
00000013
00000013
00000013
00000013
00000013
00008067
00000013
00000013
00000013
00000013
00000013
00000013
00000013
0000A517
6CC50513
00000013
00000013
00000013
00000013
00000013
00000013
0003A097
7A4080E7
0003B097
80C080E7
00009617
52060613
00162023
00000013
0000A517
BF550513
00000013
00000013
00000013
00000013
00000013
00000013
0003A097
764080E7
00009517
4F052503
02000593
1C4000EF
00000013
00000013
00009517
4F850513
00000013
00000013
00000013
00000013
00000013
00000013
0003A097
724080E7
00000013
00000013
00000013
00000013
00000013
00000013
0000A517
B8550513
00000013
00000013
00000013
00000013
00000013
00000013
0003A097
6E4080E7
00009517
47852503
02000593
144000EF
00000013
00000013
00009517
47850513
00000013
00000013
00000013
00000013
00000013
00000013
0003A097
6A4080E7
00000013
00000013
00000013
00000013
00000013
00000013
0000A517
B1550513
00000013
00000013
00000013
00000013
00000013
00000013
0003A097
664080E7
00009517
40052503
02000593
0C4000EF
00000013
00000013
00009517
3F850513
00000013
00000013
00000013
00000013
00000013
00000013
0003A097
624080E7
00000013
00000013
00000013
00000013
00000013
00000013
0000A517
AA550513
00000013
00000013
00000013
00000013
00000013
00000013
0003A097
5E4080E7
00009517
38852503
02000593
044000EF
00000013
00000013
00009517
37850513
00000013
00000013
00000013
00000013
00000013
00000013
0003A097
5A4080E7
00009617
32860613
00062083
00008067
00000013
00000013
00009617
33860613
00000013
00000013
00000013
00000013
00000013
00000013
03000693
00D60023
07800693
00D600A3
00260613
00058693
FFC68693
00D55733
00F77713
00A00793
00F74663
05770713
0080006F
03070713
00E60023
00160613
FC069CE3
00A00693
00D60023
000600A3
00008067
00A00693
02D54663
FF650513
03100713
00D54C63
FF650513
03200713
00D54663
FF650513
03300713
00E60023
00160613
03050513
00A60023
00A00693
00D600A3
00060123
00008067
00000013
@00008000
FFFEBEEF
DEAD0001
FFFDBEEF
DEAD0002
FFFCBEEF
DEAD0003
FFFBBEEF
DEAD0004
FFFABEEF
DEAD0005
FFF9BEEF
DEAD0006
FFF8BEEF
DEAD0007
FFF7BEEF
DEAD0008
FFF6BEEF
DEAD0009
FFF5BEEF
DEAD000A
FFF4BEEF
DEAD000B
FFF3BEEF
DEAD000C
FFF2BEEF
DEAD000D
FFF1BEEF
DEAD000E
FFF0BEEF
DEAD000F
FFEFBEEF
DEAD0010
FFEEBEEF
DEAD0011
FFEDBEEF
DEAD0012
FFECBEEF
DEAD0013
FFEBBEEF
DEAD0014
FFEABEEF
DEAD0015
FFE9BEEF
DEAD0016
FFE8BEEF
DEAD0017
FFE7BEEF
DEAD0018
FFE6BEEF
DEAD0019
FFE5BEEF
DEAD001A
FFE4BEEF
DEAD001B
FFE3BEEF
DEAD001C
FFE2BEEF
DEAD001D
FFE1BEEF
DEAD001E
FFE0BEEF
DEAD001F
FFDFBEEF
DEAD0020
FFDEBEEF
DEAD0021
00000000
00000000
0000006F
0000006F
0000006F
0000006F
0000006F
0000006F
0000006F
0000006F
0000006F
0000006F
0000006F
0000006F
0000006F
0000006F
0000006F
0000006F
0000006F
0000006F
0000006F
0000006F
0000006F
0000006F
0000006F
0000006F
0000006F
0000006F
0000006F
0000006F
0000006F
0000006F
0000006F
0000006F
0000006F
0000006F
0000006F
0000006F
0000006F
0000006F
0000006F
0000006F
0000006F
0000006F
0000006F
0000006F
0000006F
0000006F
0000006F
0000006F
0000006F
0000006F
0000006F
0000006F
0000006F
0000006F
0000006F
0000006F
0000006F
0000006F
0000006F
0000006F
0000006F
0000006F
0000006F
0000006F
0000006F
0000006F
0000006F
0000006F
0000006F
0000006F
0000006F
0000006F
0000006F
0000006F
0000006F
0000006F
0000006F
0000006F
0000006F
0000006F
0000006F
0000006F
0000006F
0000006F
0000006F
0000006F
0000006F
0000006F
0000006F
0000006F
0000006F
0000006F
0000006F
0000006F
0000006F
0000006F
0000006F
0000006F
0000006F
0000006F
0000006F
0000006F
0000006F
0000006F
0000006F
0000006F
0000006F
0000006F
0000006F
0000006F
0000006F
0000006F
0000006F
0000006F
0000006F
0000006F
0000006F
0000006F
80000040
00000000
00003428
00000000
800083B0
00000000
00008B97
00000000
80010F50
00000000
0000F060
00000000
80000040
00000000
00003428
00000000
80011548
00000000
00000000
00000000
00000000
00000000
80003998
00000000
00000000
00000000
00000000
00000000
00000000
00000000
00000000
00000000
DEADBEEF
DEADBEEF
DEADBEEF
DEADBEEF
DEADBEEF
DEADBEEF
DEADBEEF
DEADBEEF
DEADBEEF
DEADBEEF
DEADBEEF
DEADBEEF
DEADBEEF
DEADBEEF
DEADBEEF
DEADBEEF
00000000
00000000
67BC85FC
8E653A06
DCC50E1A
0AEE347F
FF779F91
FD6B577B
05EB0051
44ACEAD4
3AFA2991
04D53AFE
25FF8BF2
339C43D9
E4BB3B7F
BAE6A343
A1941E5B
F5EA0E04
ED291685
58E60FDE
BD2E15A8
D65EBF15
6C24F9DE
22FD320F
C1638829
EAFD063D
0542A7B0
6F774E13
0181F21B
B145736B
B04CEB52
BFBB7695
24C7FC44
FAF5B663
C05D43B1
F3720025
AAA1190D
09BDA315
3610DAC3
8EA0D775
31E0640A
E993731C
E13A145F
5A9DC17A
3985FB4F
A04C5ABB
916DE3CE
7D709123
5BC036EE
9D353C38
2161D5B7
D0352104
E8E6AF50
E65E19E5
DB15F3BF
2A3C1351
27CF92D2
6B2950CB
63994844
3CD433B9
BEB090CA
D27A566C
BAFB94D1
0376EA16
92E3CB73
059E52E4
00000000
00000001
00000002
80000000
80000001
7FFFFFFF
7FFFFFFE
FFFFFFFF
FFFFFFFE
5BBC8872
AAAAAAAA
55555555
00000000
00000000
00000000
00000000
00000000
00000000
00000000
00000000
00000000
00000000
00000000
00000000
00000000
00000000
00000000
00000000
00000000
00000000
00000000
00000000
00000001
00000001
00000001
00000001
00000001
00000001
00000001
00000001
00000001
00000001
00000001
00000001
00000001
00000001
00000001
00000001
00000001
00000001
00000001
00000001
00000002
00000002
00000002
00000002
00000002
00000002
00000002
00000002
00000002
00000002
00000002
00000002
00000002
00000002
00000002
00000002
00000002
00000002
00000002
00000002
80000000
80000000
80000000
80000000
80000000
80000000
80000000
80000000
80000000
80000000
80000000
80000000
80000000
80000000
80000000
80000000
80000000
80000000
80000000
80000000
80000001
80000001
80000001
80000001
80000001
80000001
80000001
80000001
80000001
80000001
80000001
80000001
80000001
80000001
80000001
80000001
80000001
80000001
80000001
80000001
7FFFFFFF
7FFFFFFF
7FFFFFFF
7FFFFFFF
7FFFFFFF
7FFFFFFF
7FFFFFFF
7FFFFFFF
7FFFFFFF
7FFFFFFF
7FFFFFFF
7FFFFFFF
7FFFFFFF
7FFFFFFF
7FFFFFFF
7FFFFFFF
7FFFFFFF
7FFFFFFF
7FFFFFFF
7FFFFFFF
7FFFFFFE
7FFFFFFE
7FFFFFFE
7FFFFFFE
7FFFFFFE
7FFFFFFE
7FFFFFFE
7FFFFFFE
7FFFFFFE
7FFFFFFE
7FFFFFFE
7FFFFFFE
7FFFFFFE
7FFFFFFE
7FFFFFFE
7FFFFFFE
7FFFFFFE
7FFFFFFE
7FFFFFFE
7FFFFFFE
FFFFFFFF
FFFFFFFF
FFFFFFFF
FFFFFFFF
FFFFFFFF
FFFFFFFF
FFFFFFFF
FFFFFFFF
FFFFFFFF
FFFFFFFF
FFFFFFFF
FFFFFFFF
FFFFFFFF
FFFFFFFF
FFFFFFFF
FFFFFFFF
FFFFFFFF
FFFFFFFF
FFFFFFFF
FFFFFFFF
FFFFFFFE
FFFFFFFE
FFFFFFFE
FFFFFFFE
FFFFFFFE
FFFFFFFE
FFFFFFFE
FFFFFFFE
FFFFFFFE
FFFFFFFE
FFFFFFFE
FFFFFFFE
FFFFFFFE
FFFFFFFE
FFFFFFFE
FFFFFFFE
FFFFFFFE
FFFFFFFE
FFFFFFFE
FFFFFFFE
5BBC8872
5BBC8872
5BBC8872
5BBC8872
5BBC8872
5BBC8872
5BBC8872
5BBC8872
5BBC8872
5BBC8872
5BBC8872
5BBC8872
5BBC8872
5BBC8872
5BBC8872
5BBC8872
5BBC8872
5BBC8872
5BBC8872
5BBC8872
AAAAAAAA
AAAAAAAA
AAAAAAAA
AAAAAAAA
AAAAAAAA
AAAAAAAA
AAAAAAAA
AAAAAAAA
AAAAAAAA
AAAAAAAA
AAAAAAAA
AAAAAAAA
AAAAAAAA
AAAAAAAA
AAAAAAAA
AAAAAAAA
AAAAAAAA
AAAAAAAA
AAAAAAAA
AAAAAAAA
55555555
55555555
55555555
55555555
55555555
55555555
55555555
55555555
55555555
55555555
55555555
55555555
55555555
55555555
55555555
55555555
55555555
55555555
55555555
55555555
0B64AAFE
ADF6A583
CD60A32A
E27B815C
75E92889
24FC079E
E7C6EB11
B0BE9220
E58A3BC1
DE1D4CC8
8442652E
8F95FBBA
DDE2E77A
02660CB3
A05D0A18
D001894A
8CD385E7
86009BD8
6A6DABF2
6FD4ECB6
2BD60A12
8FEDCE96
D9A5F79E
39A2E1C8
E33D375A
4BEA6EDC
6DA07587
3BEA6415
2058F1BF
0897CD0D
52666456
50713BAA
0F74CEB2
1B1BAFB5
F751AA27
2C87C497
4B68485C
2F2F29C8
F1276EA2
F7979E91
E3660FAE
6D3A1A03
1319B23D
8B6D0CEA
87F5F282
92A3BEA3
AEEE9AEA
F3E21334
AE139CA2
55E6B98C
6E9766F1
8EC41A90
73657422
31203A74
6763203B
5F49203A
69646E61
3B67635F
3A706320
5F706320
3B317372
6E696220
3062203A
74220022
3A747365
203B3220
203A6763
6E615F49
635F6964
63203B67
63203A70
73725F70
62203B31
203A6E69
00223162
73657422
33203A74
6763203B
5F49203A
69646E61
3B67635F
3A706320
5F706320
3B317372
6E696220
3262203A
74220022
3A747365
203B3420
203A6763
6E615F49
635F6964
63203B67
63203A70
73725F70
62203B31
203A6E69
00223362
73657422
35203A74
6763203B
5F49203A
69646E61
3B67635F
3A706320
5F706320
3B317372
6E696220
3462203A
74220022
3A747365
203B3620
203A6763
6E615F49
635F6964
63203B67
63203A70
73725F70
62203B31
203A6E69
00223562
73657422
37203A74
6763203B
5F49203A
69646E61
3B67635F
3A706320
5F706320
3B317372
6E696220
3662203A
74220022
3A747365
203B3820
203A6763
6E615F49
635F6964
63203B67
63203A70
73725F70
62203B31
203A6E69
00223762
73657422
39203A74
6763203B
5F49203A
69646E61
3B67635F
3A706320
5F706320
3B317372
6E696220
3862203A
74220022
3A747365
3B303120
3A676320
615F4920
5F69646E
203B6763
203A7063
725F7063
203B3173
3A6E6962
22396220
65742200
203A7473
203B3131
203A6763
6E615F49
635F6964
63203B67
63203A70
73725F70
62203B31
203A6E69
22303162
65742200
203A7473
203B3231
203A6763
6E615F49
635F6964
63203B67
63203A70
73725F70
62203B31
203A6E69
22313162
65742200
203A7473
203B3331
203A6763
6E615F49
635F6964
63203B67
63203A70
73725F70
62203B31
203A6E69
22323162
65742200
203A7473
203B3431
203A6763
6E615F49
635F6964
63203B67
63203A70
73725F70
62203B31
203A6E69
22333162
65742200
203A7473
203B3531
203A6763
6E615F49
635F6964
63203B67
63203A70
73725F70
62203B31
203A6E69
22343162
65742200
203A7473
203B3631
203A6763
6E615F49
635F6964
63203B67
63203A70
73725F70
62203B31
203A6E69
22353162
65742200
203A7473
203B3731
203A6763
6E615F49
635F6964
63203B67
63203A70
73725F70
62203B31
203A6E69
22363162
65742200
203A7473
203B3831
203A6763
6E615F49
635F6964
63203B67
63203A70
73725F70
62203B31
203A6E69
22373162
65742200
203A7473
203B3931
203A6763
6E615F49
635F6964
63203B67
63203A70
73725F70
62203B31
203A6E69
22383162
65742200
203A7473
203B3032
203A6763
6E615F49
635F6964
63203B67
63203A70
73725F70
62203B31
203A6E69
22393162
65742200
203A7473
203B3132
203A6763
6E615F49
635F6964
63203B67
63203A70
73725F70
62203B31
203A6E69
22303262
65742200
203A7473
203B3232
203A6763
6E615F49
635F6964
63203B67
63203A70
73725F70
62203B31
203A6E69
22313262
65742200
203A7473
203B3332
203A6763
6E615F49
635F6964
63203B67
63203A70
73725F70
62203B31
203A6E69
22323262
65742200
203A7473
203B3432
203A6763
6E615F49
635F6964
63203B67
63203A70
73725F70
62203B31
203A6E69
22333262
65742200
203A7473
203B3532
203A6763
6E615F49
635F6964
63203B67
63203A70
73725F70
62203B31
203A6E69
22343262
65742200
203A7473
203B3632
203A6763
6E615F49
635F6964
63203B67
63203A70
73725F70
62203B31
203A6E69
22353262
65742200
203A7473
203B3732
203A6763
6E615F49
635F6964
63203B67
63203A70
73725F70
62203B31
203A6E69
22363262
65742200
203A7473
203B3832
203A6763
6E615F49
635F6964
63203B67
63203A70
73725F70
62203B31
203A6E69
22373262
65742200
203A7473
203B3932
203A6763
6E615F49
635F6964
63203B67
63203A70
73725F70
62203B31
203A6E69
22383262
65742200
203A7473
203B3033
203A6763
6E615F49
635F6964
63203B67
63203A70
73725F70
62203B31
203A6E69
22393262
65742200
203A7473
203B3133
203A6763
6E615F49
635F6964
63203B67
63203A70
73725F70
62203B31
203A6E69
22303362
65742200
203A7473
203B3233
203A6763
6E615F49
635F6964
63203B67
63203A70
73725F70
62203B31
203A6E69
22313362
65742200
203A7473
203B3333
203A6763
6E615F49
635F6964
63203B67
63203A70
64725F70
6962203B
62203A6E
22002230
74736574
3433203A
6763203B
5F49203A
69646E61
3B67635F
3A706320
5F706320
203B6472
3A6E6962
22316220
65742200
203A7473
203B3533
203A6763
6E615F49
635F6964
63203B67
63203A70
64725F70
6962203B
62203A6E
22002232
74736574
3633203A
6763203B
5F49203A
69646E61
3B67635F
3A706320
5F706320
203B6472
3A6E6962
22336220
65742200
203A7473
203B3733
203A6763
6E615F49
635F6964
63203B67
63203A70
64725F70
6962203B
62203A6E
22002234
74736574
3833203A
6763203B
5F49203A
69646E61
3B67635F
3A706320
5F706320
203B6472
3A6E6962
22356220
65742200
203A7473
203B3933
203A6763
6E615F49
635F6964
63203B67
63203A70
64725F70
6962203B
62203A6E
22002236
74736574
3034203A
6763203B
5F49203A
69646E61
3B67635F
3A706320
5F706320
203B6472
3A6E6962
22376220
65742200
203A7473
203B3134
203A6763
6E615F49
635F6964
63203B67
63203A70
64725F70
6962203B
62203A6E
22002238
74736574
3234203A
6763203B
5F49203A
69646E61
3B67635F
3A706320
5F706320
203B6472
3A6E6962
22396220
65742200
203A7473
203B3334
203A6763
6E615F49
635F6964
63203B67
63203A70
64725F70
6962203B
62203A6E
00223031
73657422
34203A74
63203B34
49203A67
646E615F
67635F69
7063203B
7063203A
3B64725F
6E696220
3162203A
22002231
74736574
3534203A
6763203B
5F49203A
69646E61
3B67635F
3A706320
5F706320
203B6472
3A6E6962
32316220
74220022
3A747365
3B363420
3A676320
615F4920
5F69646E
203B6763
203A7063
725F7063
62203B64
203A6E69
22333162
65742200
203A7473
203B3734
203A6763
6E615F49
635F6964
63203B67
63203A70
64725F70
6962203B
62203A6E
00223431
73657422
34203A74
63203B38
49203A67
646E615F
67635F69
7063203B
7063203A
3B64725F
6E696220
3162203A
22002235
74736574
3934203A
6763203B
5F49203A
69646E61
3B67635F
3A706320
5F706320
203B6472
3A6E6962
36316220
74220022
3A747365
3B303520
3A676320
615F4920
5F69646E
203B6763
203A7063
725F7063
62203B64
203A6E69
22373162
65742200
203A7473
203B3135
203A6763
6E615F49
635F6964
63203B67
63203A70
64725F70
6962203B
62203A6E
00223831
73657422
35203A74
63203B32
49203A67
646E615F
67635F69
7063203B
7063203A
3B64725F
6E696220
3162203A
22002239
74736574
3335203A
6763203B
5F49203A
69646E61
3B67635F
3A706320
5F706320
203B6472
3A6E6962
30326220
74220022
3A747365
3B343520
3A676320
615F4920
5F69646E
203B6763
203A7063
725F7063
62203B64
203A6E69
22313262
65742200
203A7473
203B3535
203A6763
6E615F49
635F6964
63203B67
63203A70
64725F70
6962203B
62203A6E
00223232
73657422
35203A74
63203B36
49203A67
646E615F
67635F69
7063203B
7063203A
3B64725F
6E696220
3262203A
22002233
74736574
3735203A
6763203B
5F49203A
69646E61
3B67635F
3A706320
5F706320
203B6472
3A6E6962
34326220
74220022
3A747365
3B383520
3A676320
615F4920
5F69646E
203B6763
203A7063
725F7063
62203B64
203A6E69
22353262
65742200
203A7473
203B3935
203A6763
6E615F49
635F6964
63203B67
63203A70
64725F70
6962203B
62203A6E
00223632
73657422
36203A74
63203B30
49203A67
646E615F
67635F69
7063203B
7063203A
3B64725F
6E696220
3262203A
22002237
74736574
3136203A
6763203B
5F49203A
69646E61
3B67635F
3A706320
5F706320
203B6472
3A6E6962
38326220
74220022
3A747365
3B323620
3A676320
615F4920
5F69646E
203B6763
203A7063
725F7063
62203B64
203A6E69
22393262
65742200
203A7473
203B3336
203A6763
6E615F49
635F6964
63203B67
63203A70
64725F70
6962203B
62203A6E
00223033
73657422
36203A74
63203B34
49203A67
646E615F
67635F69
7063203B
7063203A
3B64725F
6E696220
3362203A
22002231
74736574
3536203A
6763203B
5F49203A
69646E61
3B67635F
3A706320
5F706320
5F317372
65676465
62203B73
203A6E69
22307830
65742200
203A7473
203B3636
203A6763
6E615F49
635F6964
63203B67
63203A70
73725F70
64655F31
3B736567
6E696220
7830203A
22002231
74736574
3736203A
6763203B
5F49203A
69646E61
3B67635F
3A706320
5F706320
5F317372
65676465
62203B73
203A6E69
22327830
65742200
203A7473
203B3836
203A6763
6E615F49
635F6964
63203B67
63203A70
73725F70
64655F31
3B736567
6E696220
7830203A
30303038
30303030
74220022
3A747365
3B393620
3A676320
615F4920
5F69646E
203B6763
203A7063
725F7063
655F3173
73656764
6962203B
30203A6E
30303878
30303030
22002231
74736574
3037203A
6763203B
5F49203A
69646E61
3B67635F
3A706320
5F706320
5F317372
65676465
62203B73
203A6E69
66377830
66666666
00226666
73657422
37203A74
63203B31
49203A67
646E615F
67635F69
7063203B
7063203A
3173725F
6764655F
203B7365
3A6E6962
37783020
66666666
22656666
65742200
203A7473
203B3237
203A6763
6E615F49
635F6964
63203B67
63203A70
73725F70
64655F31
3B736567
6E696220
7830203A
66666666
66666666
74220022
3A747365
3B333720
3A676320
615F4920
5F69646E
203B6763
203A7063
725F7063
655F3173
73656764
6962203B
30203A6E
66666678
66666666
22002265
74736574
3437203A
6763203B
5F49203A
69646E61
3B67635F
3A706320
5F706320
5F317372
65676465
62203B73
203A6E69
62357830
38386362
00223237
73657422
37203A74
63203B35
49203A67
646E615F
67635F69
7063203B
7063203A
3173725F
6764655F
203B7365
3A6E6962
61783020
61616161
22616161
65742200
203A7473
203B3637
203A6763
6E615F49
635F6964
63203B67
63203A70
73725F70
64655F31
3B736567
6E696220
7830203A
35353535
35353535
74220022
3A747365
3B373720
3A676320
615F4920
5F69646E
203B6763
203A7063
725F7263
695F3173
655F6D6D
73656764
6962203B
72203A6E
61763173
78303D6C
69202C30
61766D6D
78303D6C
22002230
74736574
3837203A
6763203B
5F49203A
69646E61
3B67635F
3A706320
5F726320
5F317372
5F6D6D69
65676465
62203B73
203A6E69
76317372
303D6C61
202C3078
766D6D69
303D6C61
00223178
73657422
37203A74
63203B39
49203A67
646E615F
67635F69
7063203B
7263203A
3173725F
6D6D695F
6764655F
203B7365
3A6E6962
31737220
3D6C6176
2C307830
6D6D6920
3D6C6176
22327830
65742200
203A7473
203B3038
203A6763
6E615F49
635F6964
63203B67
63203A70
73725F72
6D695F31
64655F6D
3B736567
6E696220
7372203A
6C617631
3078303D
6D69202C
6C61766D
3378303D
74220022
3A747365
3B313820
3A676320
615F4920
5F69646E
203B6763
203A7063
725F7263
695F3173
655F6D6D
73656764
6962203B
72203A6E
61763173
78303D6C
69202C30
61766D6D
78303D6C
22002234
74736574
3238203A
6763203B
5F49203A
69646E61
3B67635F
3A706320
5F726320
5F317372
5F6D6D69
65676465
62203B73
203A6E69
76317372
303D6C61
202C3078
766D6D69
303D6C61
00223878
73657422
38203A74
63203B33
49203A67
646E615F
67635F69
7063203B
7263203A
3173725F
6D6D695F
6764655F
203B7365
3A6E6962
31737220
3D6C6176
2C307830
6D6D6920
3D6C6176
30317830
74220022
3A747365
3B343820
3A676320
615F4920
5F69646E
203B6763
203A7063
725F7263
695F3173
655F6D6D
73656764
6962203B
72203A6E
61763173
78303D6C
69202C30
61766D6D
78303D6C
00223032
73657422
38203A74
63203B35
49203A67
646E615F
67635F69
7063203B
7263203A
3173725F
6D6D695F
6764655F
203B7365
3A6E6962
31737220
3D6C6176
2C307830
6D6D6920
3D6C6176
30347830
74220022
3A747365
3B363820
3A676320
615F4920
5F69646E
203B6763
203A7063
725F7263
695F3173
655F6D6D
73656764
6962203B
72203A6E
61763173
78303D6C
69202C30
61766D6D
78303D6C
00223038
73657422
38203A74
63203B37
49203A67
646E615F
67635F69
7063203B
7263203A
3173725F
6D6D695F
6764655F
203B7365
3A6E6962
31737220
3D6C6176
2C307830
6D6D6920
3D6C6176
30317830
22002230
74736574
3838203A
6763203B
5F49203A
69646E61
3B67635F
3A706320
5F726320
5F317372
5F6D6D69
65676465
62203B73
203A6E69
76317372
303D6C61
202C3078
766D6D69
303D6C61
30303278
74220022
3A747365
3B393820
3A676320
615F4920
5F69646E
203B6763
203A7063
725F7263
695F3173
655F6D6D
73656764
6962203B
72203A6E
61763173
78303D6C
69202C30
61766D6D
78303D6C
22666633
65742200
203A7473
203B3039
203A6763
6E615F49
635F6964
63203B67
63203A70
73725F72
6D695F31
64655F6D
3B736567
6E696220
7372203A
6C617631
3078303D
6D69202C
6C61766D
3478303D
00223030
73657422
39203A74
63203B31
49203A67
646E615F
67635F69
7063203B
7263203A
3173725F
6D6D695F
6764655F
203B7365
3A6E6962
31737220
3D6C6176
2C307830
6D6D6920
3D6C6176
30377830
22002233
74736574
3239203A
6763203B
5F49203A
69646E61
3B67635F
3A706320
5F726320
5F317372
5F6D6D69
65676465
62203B73
203A6E69
76317372
303D6C61
202C3078
766D6D69
303D6C61
66663778
74220022
3A747365
3B333920
3A676320
615F4920
5F69646E
203B6763
203A7063
725F7263
695F3173
655F6D6D
73656764
6962203B
72203A6E
61763173
78303D6C
69202C30
61766D6D
302D3D6C
30303878
74220022
3A747365
3B343920
3A676320
615F4920
5F69646E
203B6763
203A7063
725F7263
695F3173
655F6D6D
73656764
6962203B
72203A6E
61763173
78303D6C
69202C30
61766D6D
302D3D6C
66663778
74220022
3A747365
3B353920
3A676320
615F4920
5F69646E
203B6763
203A7063
725F7263
695F3173
655F6D6D
73656764
6962203B
72203A6E
61763173
78303D6C
69202C30
61766D6D
302D3D6C
00223278
73657422
39203A74
63203B36
49203A67
646E615F
67635F69
7063203B
7263203A
3173725F
6D6D695F
6764655F
203B7365
3A6E6962
31737220
3D6C6176
2C307830
6D6D6920
3D6C6176
3178302D
74220022
3A747365
3B373920
3A676320
615F4920
5F69646E
203B6763
203A7063
725F7263
695F3173
655F6D6D
73656764
6962203B
72203A6E
61763173
78303D6C
69202C31
61766D6D
78303D6C
22002230
74736574
3839203A
6763203B
5F49203A
69646E61
3B67635F
3A706320
5F726320
5F317372
5F6D6D69
65676465
62203B73
203A6E69
76317372
303D6C61
202C3178
766D6D69
303D6C61
00223178
73657422
39203A74
63203B39
49203A67
646E615F
67635F69
7063203B
7263203A
3173725F
6D6D695F
6764655F
203B7365
3A6E6962
31737220
3D6C6176
2C317830
6D6D6920
3D6C6176
22327830
65742200
203A7473
3B303031
3A676320
615F4920
5F69646E
203B6763
203A7063
725F7263
695F3173
655F6D6D
73656764
6962203B
72203A6E
61763173
78303D6C
69202C31
61766D6D
78303D6C
22002233
74736574
3031203A
63203B31
49203A67
646E615F
67635F69
7063203B
7263203A
3173725F
6D6D695F
6764655F
203B7365
3A6E6962
31737220
3D6C6176
2C317830
6D6D6920
3D6C6176
22347830
65742200
203A7473
3B323031
3A676320
615F4920
5F69646E
203B6763
203A7063
725F7263
695F3173
655F6D6D
73656764
6962203B
72203A6E
61763173
78303D6C
69202C31
61766D6D
78303D6C
22002238
74736574
3031203A
63203B33
49203A67
646E615F
67635F69
7063203B
7263203A
3173725F
6D6D695F
6764655F
203B7365
3A6E6962
31737220
3D6C6176
2C317830
6D6D6920
3D6C6176
30317830
74220022
3A747365
34303120
6763203B
5F49203A
69646E61
3B67635F
3A706320
5F726320
5F317372
5F6D6D69
65676465
62203B73
203A6E69
76317372
303D6C61
202C3178
766D6D69
303D6C61
22303278
65742200
203A7473
3B353031
3A676320
615F4920
5F69646E
203B6763
203A7063
725F7263
695F3173
655F6D6D
73656764
6962203B
72203A6E
61763173
78303D6C
69202C31
61766D6D
78303D6C
00223034
73657422
31203A74
203B3630
203A6763
6E615F49
635F6964
63203B67
63203A70
73725F72
6D695F31
64655F6D
3B736567
6E696220
7372203A
6C617631
3178303D
6D69202C
6C61766D
3878303D
22002230
74736574
3031203A
63203B37
49203A67
646E615F
67635F69
7063203B
7263203A
3173725F
6D6D695F
6764655F
203B7365
3A6E6962
31737220
3D6C6176
2C317830
6D6D6920
3D6C6176
30317830
22002230
74736574
3031203A
63203B38
49203A67
646E615F
67635F69
7063203B
7263203A
3173725F
6D6D695F
6764655F
203B7365
3A6E6962
31737220
3D6C6176
2C317830
6D6D6920
3D6C6176
30327830
22002230
74736574
3031203A
63203B39
49203A67
646E615F
67635F69
7063203B
7263203A
3173725F
6D6D695F
6764655F
203B7365
3A6E6962
31737220
3D6C6176
2C317830
6D6D6920
3D6C6176
66337830
22002266
74736574
3131203A
63203B30
49203A67
646E615F
67635F69
7063203B
7263203A
3173725F
6D6D695F
6764655F
203B7365
3A6E6962
31737220
3D6C6176
2C317830
6D6D6920
3D6C6176
30347830
22002230
74736574
3131203A
63203B31
49203A67
646E615F
67635F69
7063203B
7263203A
3173725F
6D6D695F
6764655F
203B7365
3A6E6962
31737220
3D6C6176
2C317830
6D6D6920
3D6C6176
30377830
22002233
74736574
3131203A
63203B32
49203A67
646E615F
67635F69
7063203B
7263203A
3173725F
6D6D695F
6764655F
203B7365
3A6E6962
31737220
3D6C6176
2C317830
6D6D6920
3D6C6176
66377830
22002266
74736574
3131203A
63203B33
49203A67
646E615F
67635F69
7063203B
7263203A
3173725F
6D6D695F
6764655F
203B7365
3A6E6962
31737220
3D6C6176
2C317830
6D6D6920
3D6C6176
3878302D
00223030
73657422
31203A74
203B3431
203A6763
6E615F49
635F6964
63203B67
63203A70
73725F72
6D695F31
64655F6D
3B736567
6E696220
7372203A
6C617631
3178303D
6D69202C
6C61766D
78302D3D
22666637
65742200
203A7473
3B353131
3A676320
615F4920
5F69646E
203B6763
203A7063
725F7263
695F3173
655F6D6D
73656764
6962203B
72203A6E
61763173
78303D6C
69202C31
61766D6D
302D3D6C
00223278
73657422
31203A74
203B3631
203A6763
6E615F49
635F6964
63203B67
63203A70
73725F72
6D695F31
64655F6D
3B736567
6E696220
7372203A
6C617631
3178303D
6D69202C
6C61766D
78302D3D
22002231
74736574
3131203A
63203B37
49203A67
646E615F
67635F69
7063203B
7263203A
3173725F
6D6D695F
6764655F
203B7365
3A6E6962
31737220
3D6C6176
2C327830
6D6D6920
3D6C6176
22307830
65742200
203A7473
3B383131
3A676320
615F4920
5F69646E
203B6763
203A7063
725F7263
695F3173
655F6D6D
73656764
6962203B
72203A6E
61763173
78303D6C
69202C32
61766D6D
78303D6C
22002231
74736574
3131203A
63203B39
49203A67
646E615F
67635F69
7063203B
7263203A
3173725F
6D6D695F
6764655F
203B7365
3A6E6962
31737220
3D6C6176
2C327830
6D6D6920
3D6C6176
22327830
65742200
203A7473
3B303231
3A676320
615F4920
5F69646E
203B6763
203A7063
725F7263
695F3173
655F6D6D
73656764
6962203B
72203A6E
61763173
78303D6C
69202C32
61766D6D
78303D6C
22002233
74736574
3231203A
63203B31
49203A67
646E615F
67635F69
7063203B
7263203A
3173725F
6D6D695F
6764655F
203B7365
3A6E6962
31737220
3D6C6176
2C327830
6D6D6920
3D6C6176
22347830
65742200
203A7473
3B323231
3A676320
615F4920
5F69646E
203B6763
203A7063
725F7263
695F3173
655F6D6D
73656764
6962203B
72203A6E
61763173
78303D6C
69202C32
61766D6D
78303D6C
22002238
74736574
3231203A
63203B33
49203A67
646E615F
67635F69
7063203B
7263203A
3173725F
6D6D695F
6764655F
203B7365
3A6E6962
31737220
3D6C6176
2C327830
6D6D6920
3D6C6176
30317830
74220022
3A747365
34323120
6763203B
5F49203A
69646E61
3B67635F
3A706320
5F726320
5F317372
5F6D6D69
65676465
62203B73
203A6E69
76317372
303D6C61
202C3278
766D6D69
303D6C61
22303278
65742200
203A7473
3B353231
3A676320
615F4920
5F69646E
203B6763
203A7063
725F7263
695F3173
655F6D6D
73656764
6962203B
72203A6E
61763173
78303D6C
69202C32
61766D6D
78303D6C
00223034
73657422
31203A74
203B3632
203A6763
6E615F49
635F6964
63203B67
63203A70
73725F72
6D695F31
64655F6D
3B736567
6E696220
7372203A
6C617631
3278303D
6D69202C
6C61766D
3878303D
22002230
74736574
3231203A
63203B37
49203A67
646E615F
67635F69
7063203B
7263203A
3173725F
6D6D695F
6764655F
203B7365
3A6E6962
31737220
3D6C6176
2C327830
6D6D6920
3D6C6176
30317830
22002230
74736574
3231203A
63203B38
49203A67
646E615F
67635F69
7063203B
7263203A
3173725F
6D6D695F
6764655F
203B7365
3A6E6962
31737220
3D6C6176
2C327830
6D6D6920
3D6C6176
30327830
22002230
74736574
3231203A
63203B39
49203A67
646E615F
67635F69
7063203B
7263203A
3173725F
6D6D695F
6764655F
203B7365
3A6E6962
31737220
3D6C6176
2C327830
6D6D6920
3D6C6176
66337830
22002266
74736574
3331203A
63203B30
49203A67
646E615F
67635F69
7063203B
7263203A
3173725F
6D6D695F
6764655F
203B7365
3A6E6962
31737220
3D6C6176
2C327830
6D6D6920
3D6C6176
30347830
22002230
74736574
3331203A
63203B31
49203A67
646E615F
67635F69
7063203B
7263203A
3173725F
6D6D695F
6764655F
203B7365
3A6E6962
31737220
3D6C6176
2C327830
6D6D6920
3D6C6176
30377830
22002233
74736574
3331203A
63203B32
49203A67
646E615F
67635F69
7063203B
7263203A
3173725F
6D6D695F
6764655F
203B7365
3A6E6962
31737220
3D6C6176
2C327830
6D6D6920
3D6C6176
66377830
22002266
74736574
3331203A
63203B33
49203A67
646E615F
67635F69
7063203B
7263203A
3173725F
6D6D695F
6764655F
203B7365
3A6E6962
31737220
3D6C6176
2C327830
6D6D6920
3D6C6176
3878302D
00223030
73657422
31203A74
203B3433
203A6763
6E615F49
635F6964
63203B67
63203A70
73725F72
6D695F31
64655F6D
3B736567
6E696220
7372203A
6C617631
3278303D
6D69202C
6C61766D
78302D3D
22666637
65742200
203A7473
3B353331
3A676320
615F4920
5F69646E
203B6763
203A7063
725F7263
695F3173
655F6D6D
73656764
6962203B
72203A6E
61763173
78303D6C
69202C32
61766D6D
302D3D6C
00223278
73657422
31203A74
203B3633
203A6763
6E615F49
635F6964
63203B67
63203A70
73725F72
6D695F31
64655F6D
3B736567
6E696220
7372203A
6C617631
3278303D
6D69202C
6C61766D
78302D3D
22002231
74736574
3331203A
63203B37
49203A67
646E615F
67635F69
7063203B
7263203A
3173725F
6D6D695F
6764655F
203B7365
3A6E6962
31737220
3D6C6176
30387830
30303030
202C3030
766D6D69
303D6C61
00223078
73657422
31203A74
203B3833
203A6763
6E615F49
635F6964
63203B67
63203A70
73725F72
6D695F31
64655F6D
3B736567
6E696220
7372203A
6C617631
3878303D
30303030
2C303030
6D6D6920
3D6C6176
22317830
65742200
203A7473
3B393331
3A676320
615F4920
5F69646E
203B6763
203A7063
725F7263
695F3173
655F6D6D
73656764
6962203B
72203A6E
61763173
78303D6C
30303038
30303030
6D69202C
6C61766D
3278303D
74220022
3A747365
30343120
6763203B
5F49203A
69646E61
3B67635F
3A706320
5F726320
5F317372
5F6D6D69
65676465
62203B73
203A6E69
76317372
303D6C61
30303878
30303030
69202C30
61766D6D
78303D6C
22002233
74736574
3431203A
63203B31
49203A67
646E615F
67635F69
7063203B
7263203A
3173725F
6D6D695F
6764655F
203B7365
3A6E6962
31737220
3D6C6176
30387830
30303030
202C3030
766D6D69
303D6C61
00223478
73657422
31203A74
203B3234
203A6763
6E615F49
635F6964
63203B67
63203A70
73725F72
6D695F31
64655F6D
3B736567
6E696220
7372203A
6C617631
3878303D
30303030
2C303030
6D6D6920
3D6C6176
22387830
65742200
203A7473
3B333431
3A676320
615F4920
5F69646E
203B6763
203A7063
725F7263
695F3173
655F6D6D
73656764
6962203B
72203A6E
61763173
78303D6C
30303038
30303030
6D69202C
6C61766D
3178303D
22002230
74736574
3431203A
63203B34
49203A67
646E615F
67635F69
7063203B
7263203A
3173725F
6D6D695F
6764655F
203B7365
3A6E6962
31737220
3D6C6176
30387830
30303030
202C3030
766D6D69
303D6C61
22303278
65742200
203A7473
3B353431
3A676320
615F4920
5F69646E
203B6763
203A7063
725F7263
695F3173
655F6D6D
73656764
6962203B
72203A6E
61763173
78303D6C
30303038
30303030
6D69202C
6C61766D
3478303D
22002230
74736574
3431203A
63203B36
49203A67
646E615F
67635F69
7063203B
7263203A
3173725F
6D6D695F
6764655F
203B7365
3A6E6962
31737220
3D6C6176
30387830
30303030
202C3030
766D6D69
303D6C61
22303878
65742200
203A7473
3B373431
3A676320
615F4920
5F69646E
203B6763
203A7063
725F7263
695F3173
655F6D6D
73656764
6962203B
72203A6E
61763173
78303D6C
30303038
30303030
6D69202C
6C61766D
3178303D
00223030
73657422
31203A74
203B3834
203A6763
6E615F49
635F6964
63203B67
63203A70
73725F72
6D695F31
64655F6D
3B736567
6E696220
7372203A
6C617631
3878303D
30303030
2C303030
6D6D6920
3D6C6176
30327830
22002230
74736574
3431203A
63203B39
49203A67
646E615F
67635F69
7063203B
7263203A
3173725F
6D6D695F
6764655F
203B7365
3A6E6962
31737220
3D6C6176
30387830
30303030
202C3030
766D6D69
303D6C61
66663378
74220022
3A747365
30353120
6763203B
5F49203A
69646E61
3B67635F
3A706320
5F726320
5F317372
5F6D6D69
65676465
62203B73
203A6E69
76317372
303D6C61
30303878
30303030
69202C30
61766D6D
78303D6C
22303034
65742200
203A7473
3B313531
3A676320
615F4920
5F69646E
203B6763
203A7063
725F7263
695F3173
655F6D6D
73656764
6962203B
72203A6E
61763173
78303D6C
30303038
30303030
6D69202C
6C61766D
3778303D
00223330
73657422
31203A74
203B3235
203A6763
6E615F49
635F6964
63203B67
63203A70
73725F72
6D695F31
64655F6D
3B736567
6E696220
7372203A
6C617631
3878303D
30303030
2C303030
6D6D6920
3D6C6176
66377830
22002266
74736574
3531203A
63203B33
49203A67
646E615F
67635F69
7063203B
7263203A
3173725F
6D6D695F
6764655F
203B7365
3A6E6962
31737220
3D6C6176
30387830
30303030
202C3030
766D6D69
2D3D6C61
30387830
22002230
74736574
3531203A
63203B34
49203A67
646E615F
67635F69
7063203B
7263203A
3173725F
6D6D695F
6764655F
203B7365
3A6E6962
31737220
3D6C6176
30387830
30303030
202C3030
766D6D69
2D3D6C61
66377830
22002266
74736574
3531203A
63203B35
49203A67
646E615F
67635F69
7063203B
7263203A
3173725F
6D6D695F
6764655F
203B7365
3A6E6962
31737220
3D6C6176
30387830
30303030
202C3030
766D6D69
2D3D6C61
22327830
65742200
203A7473
3B363531
3A676320
615F4920
5F69646E
203B6763
203A7063
725F7263
695F3173
655F6D6D
73656764
6962203B
72203A6E
61763173
78303D6C
30303038
30303030
6D69202C
6C61766D
78302D3D
22002231
74736574
3531203A
63203B37
49203A67
646E615F
67635F69
7063203B
7263203A
3173725F
6D6D695F
6764655F
203B7365
3A6E6962
31737220
3D6C6176
30387830
30303030
202C3130
766D6D69
303D6C61
00223078
73657422
31203A74
203B3835
203A6763
6E615F49
635F6964
63203B67
63203A70
73725F72
6D695F31
64655F6D
3B736567
6E696220
7372203A
6C617631
3878303D
30303030
2C313030
6D6D6920
3D6C6176
22317830
65742200
203A7473
3B393531
3A676320
615F4920
5F69646E
203B6763
203A7063
725F7263
695F3173
655F6D6D
73656764
6962203B
72203A6E
61763173
78303D6C
30303038
31303030
6D69202C
6C61766D
3278303D
74220022
3A747365
30363120
6763203B
5F49203A
69646E61
3B67635F
3A706320
5F726320
5F317372
5F6D6D69
65676465
62203B73
203A6E69
76317372
303D6C61
30303878
30303030
69202C31
61766D6D
78303D6C
22002233
74736574
3631203A
63203B31
49203A67
646E615F
67635F69
7063203B
7263203A
3173725F
6D6D695F
6764655F
203B7365
3A6E6962
31737220
3D6C6176
30387830
30303030
202C3130
766D6D69
303D6C61
00223478
73657422
31203A74
203B3236
203A6763
6E615F49
635F6964
63203B67
63203A70
73725F72
6D695F31
64655F6D
3B736567
6E696220
7372203A
6C617631
3878303D
30303030
2C313030
6D6D6920
3D6C6176
22387830
65742200
203A7473
3B333631
3A676320
615F4920
5F69646E
203B6763
203A7063
725F7263
695F3173
655F6D6D
73656764
6962203B
72203A6E
61763173
78303D6C
30303038
31303030
6D69202C
6C61766D
3178303D
22002230
74736574
3631203A
63203B34
49203A67
646E615F
67635F69
7063203B
7263203A
3173725F
6D6D695F
6764655F
203B7365
3A6E6962
31737220
3D6C6176
30387830
30303030
202C3130
766D6D69
303D6C61
22303278
65742200
203A7473
3B353631
3A676320
615F4920
5F69646E
203B6763
203A7063
725F7263
695F3173
655F6D6D
73656764
6962203B
72203A6E
61763173
78303D6C
30303038
31303030
6D69202C
6C61766D
3478303D
22002230
74736574
3631203A
63203B36
49203A67
646E615F
67635F69
7063203B
7263203A
3173725F
6D6D695F
6764655F
203B7365
3A6E6962
31737220
3D6C6176
30387830
30303030
202C3130
766D6D69
303D6C61
22303878
65742200
203A7473
3B373631
3A676320
615F4920
5F69646E
203B6763
203A7063
725F7263
695F3173
655F6D6D
73656764
6962203B
72203A6E
61763173
78303D6C
30303038
31303030
6D69202C
6C61766D
3178303D
00223030
73657422
31203A74
203B3836
203A6763
6E615F49
635F6964
63203B67
63203A70
73725F72
6D695F31
64655F6D
3B736567
6E696220
7372203A
6C617631
3878303D
30303030
2C313030
6D6D6920
3D6C6176
30327830
22002230
74736574
3631203A
63203B39
49203A67
646E615F
67635F69
7063203B
7263203A
3173725F
6D6D695F
6764655F
203B7365
3A6E6962
31737220
3D6C6176
30387830
30303030
202C3130
766D6D69
303D6C61
66663378
74220022
3A747365
30373120
6763203B
5F49203A
69646E61
3B67635F
3A706320
5F726320
5F317372
5F6D6D69
65676465
62203B73
203A6E69
76317372
303D6C61
30303878
30303030
69202C31
61766D6D
78303D6C
22303034
65742200
203A7473
3B313731
3A676320
615F4920
5F69646E
203B6763
203A7063
725F7263
695F3173
655F6D6D
73656764
6962203B
72203A6E
61763173
78303D6C
30303038
31303030
6D69202C
6C61766D
3778303D
00223330
73657422
31203A74
203B3237
203A6763
6E615F49
635F6964
63203B67
63203A70
73725F72
6D695F31
64655F6D
3B736567
6E696220
7372203A
6C617631
3878303D
30303030
2C313030
6D6D6920
3D6C6176
66377830
22002266
74736574
3731203A
63203B33
49203A67
646E615F
67635F69
7063203B
7263203A
3173725F
6D6D695F
6764655F
203B7365
3A6E6962
31737220
3D6C6176
30387830
30303030
202C3130
766D6D69
2D3D6C61
30387830
22002230
74736574
3731203A
63203B34
49203A67
646E615F
67635F69
7063203B
7263203A
3173725F
6D6D695F
6764655F
203B7365
3A6E6962
31737220
3D6C6176
30387830
30303030
202C3130
766D6D69
2D3D6C61
66377830
22002266
74736574
3731203A
63203B35
49203A67
646E615F
67635F69
7063203B
7263203A
3173725F
6D6D695F
6764655F
203B7365
3A6E6962
31737220
3D6C6176
30387830
30303030
202C3130
766D6D69
2D3D6C61
22327830
65742200
203A7473
3B363731
3A676320
615F4920
5F69646E
203B6763
203A7063
725F7263
695F3173
655F6D6D
73656764
6962203B
72203A6E
61763173
78303D6C
30303038
31303030
6D69202C
6C61766D
78302D3D
22002231
74736574
3731203A
63203B37
49203A67
646E615F
67635F69
7063203B
7263203A
3173725F
6D6D695F
6764655F
203B7365
3A6E6962
31737220
3D6C6176
66377830
66666666
202C6666
766D6D69
303D6C61
00223078
73657422
31203A74
203B3837
203A6763
6E615F49
635F6964
63203B67
63203A70
73725F72
6D695F31
64655F6D
3B736567
6E696220
7372203A
6C617631
3778303D
66666666
2C666666
6D6D6920
3D6C6176
22317830
65742200
203A7473
3B393731
3A676320
615F4920
5F69646E
203B6763
203A7063
725F7263
695F3173
655F6D6D
73656764
6962203B
72203A6E
61763173
78303D6C
66666637
66666666
6D69202C
6C61766D
3278303D
74220022
3A747365
30383120
6763203B
5F49203A
69646E61
3B67635F
3A706320
5F726320
5F317372
5F6D6D69
65676465
62203B73
203A6E69
76317372
303D6C61
66663778
66666666
69202C66
61766D6D
78303D6C
22002233
74736574
3831203A
63203B31
49203A67
646E615F
67635F69
7063203B
7263203A
3173725F
6D6D695F
6764655F
203B7365
3A6E6962
31737220
3D6C6176
66377830
66666666
202C6666
766D6D69
303D6C61
00223478
73657422
31203A74
203B3238
203A6763
6E615F49
635F6964
63203B67
63203A70
73725F72
6D695F31
64655F6D
3B736567
6E696220
7372203A
6C617631
3778303D
66666666
2C666666
6D6D6920
3D6C6176
22387830
65742200
203A7473
3B333831
3A676320
615F4920
5F69646E
203B6763
203A7063
725F7263
695F3173
655F6D6D
73656764
6962203B
72203A6E
61763173
78303D6C
66666637
66666666
6D69202C
6C61766D
3178303D
22002230
74736574
3831203A
63203B34
49203A67
646E615F
67635F69
7063203B
7263203A
3173725F
6D6D695F
6764655F
203B7365
3A6E6962
31737220
3D6C6176
66377830
66666666
202C6666
766D6D69
303D6C61
22303278
65742200
203A7473
3B353831
3A676320
615F4920
5F69646E
203B6763
203A7063
725F7263
695F3173
655F6D6D
73656764
6962203B
72203A6E
61763173
78303D6C
66666637
66666666
6D69202C
6C61766D
3478303D
22002230
74736574
3831203A
63203B36
49203A67
646E615F
67635F69
7063203B
7263203A
3173725F
6D6D695F
6764655F
203B7365
3A6E6962
31737220
3D6C6176
66377830
66666666
202C6666
766D6D69
303D6C61
22303878
65742200
203A7473
3B373831
3A676320
615F4920
5F69646E
203B6763
203A7063
725F7263
695F3173
655F6D6D
73656764
6962203B
72203A6E
61763173
78303D6C
66666637
66666666
6D69202C
6C61766D
3178303D
00223030
73657422
31203A74
203B3838
203A6763
6E615F49
635F6964
63203B67
63203A70
73725F72
6D695F31
64655F6D
3B736567
6E696220
7372203A
6C617631
3778303D
66666666
2C666666
6D6D6920
3D6C6176
30327830
22002230
74736574
3831203A
63203B39
49203A67
646E615F
67635F69
7063203B
7263203A
3173725F
6D6D695F
6764655F
203B7365
3A6E6962
31737220
3D6C6176
66377830
66666666
202C6666
766D6D69
303D6C61
66663378
74220022
3A747365
30393120
6763203B
5F49203A
69646E61
3B67635F
3A706320
5F726320
5F317372
5F6D6D69
65676465
62203B73
203A6E69
76317372
303D6C61
66663778
66666666
69202C66
61766D6D
78303D6C
22303034
65742200
203A7473
3B313931
3A676320
615F4920
5F69646E
203B6763
203A7063
725F7263
695F3173
655F6D6D
73656764
6962203B
72203A6E
61763173
78303D6C
66666637
66666666
6D69202C
6C61766D
3778303D
00223330
73657422
31203A74
203B3239
203A6763
6E615F49
635F6964
63203B67
63203A70
73725F72
6D695F31
64655F6D
3B736567
6E696220
7372203A
6C617631
3778303D
66666666
2C666666
6D6D6920
3D6C6176
66377830
22002266
74736574
3931203A
63203B33
49203A67
646E615F
67635F69
7063203B
7263203A
3173725F
6D6D695F
6764655F
203B7365
3A6E6962
31737220
3D6C6176
66377830
66666666
202C6666
766D6D69
2D3D6C61
30387830
22002230
74736574
3931203A
63203B34
49203A67
646E615F
67635F69
7063203B
7263203A
3173725F
6D6D695F
6764655F
203B7365
3A6E6962
31737220
3D6C6176
66377830
66666666
202C6666
766D6D69
2D3D6C61
66377830
22002266
74736574
3931203A
63203B35
49203A67
646E615F
67635F69
7063203B
7263203A
3173725F
6D6D695F
6764655F
203B7365
3A6E6962
31737220
3D6C6176
66377830
66666666
202C6666
766D6D69
2D3D6C61
22327830
65742200
203A7473
3B363931
3A676320
615F4920
5F69646E
203B6763
203A7063
725F7263
695F3173
655F6D6D
73656764
6962203B
72203A6E
61763173
78303D6C
66666637
66666666
6D69202C
6C61766D
78302D3D
22002231
74736574
3931203A
63203B37
49203A67
646E615F
67635F69
7063203B
7263203A
3173725F
6D6D695F
6764655F
203B7365
3A6E6962
31737220
3D6C6176
66377830
66666666
202C6566
766D6D69
303D6C61
00223078
73657422
31203A74
203B3839
203A6763
6E615F49
635F6964
63203B67
63203A70
73725F72
6D695F31
64655F6D
3B736567
6E696220
7372203A
6C617631
3778303D
66666666
2C656666
6D6D6920
3D6C6176
22317830
65742200
203A7473
3B393931
3A676320
615F4920
5F69646E
203B6763
203A7063
725F7263
695F3173
655F6D6D
73656764
6962203B
72203A6E
61763173
78303D6C
66666637
65666666
6D69202C
6C61766D
3278303D
74220022
3A747365
30303220
6763203B
5F49203A
69646E61
3B67635F
3A706320
5F726320
5F317372
5F6D6D69
65676465
62203B73
203A6E69
76317372
303D6C61
66663778
66666666
69202C65
61766D6D
78303D6C
22002233
74736574
3032203A
63203B31
49203A67
646E615F
67635F69
7063203B
7263203A
3173725F
6D6D695F
6764655F
203B7365
3A6E6962
31737220
3D6C6176
66377830
66666666
202C6566
766D6D69
303D6C61
00223478
73657422
32203A74
203B3230
203A6763
6E615F49
635F6964
63203B67
63203A70
73725F72
6D695F31
64655F6D
3B736567
6E696220
7372203A
6C617631
3778303D
66666666
2C656666
6D6D6920
3D6C6176
22387830
65742200
203A7473
3B333032
3A676320
615F4920
5F69646E
203B6763
203A7063
725F7263
695F3173
655F6D6D
73656764
6962203B
72203A6E
61763173
78303D6C
66666637
65666666
6D69202C
6C61766D
3178303D
22002230
74736574
3032203A
63203B34
49203A67
646E615F
67635F69
7063203B
7263203A
3173725F
6D6D695F
6764655F
203B7365
3A6E6962
31737220
3D6C6176
66377830
66666666
202C6566
766D6D69
303D6C61
22303278
65742200
203A7473
3B353032
3A676320
615F4920
5F69646E
203B6763
203A7063
725F7263
695F3173
655F6D6D
73656764
6962203B
72203A6E
61763173
78303D6C
66666637
65666666
6D69202C
6C61766D
3478303D
22002230
74736574
3032203A
63203B36
49203A67
646E615F
67635F69
7063203B
7263203A
3173725F
6D6D695F
6764655F
203B7365
3A6E6962
31737220
3D6C6176
66377830
66666666
202C6566
766D6D69
303D6C61
22303878
65742200
203A7473
3B373032
3A676320
615F4920
5F69646E
203B6763
203A7063
725F7263
695F3173
655F6D6D
73656764
6962203B
72203A6E
61763173
78303D6C
66666637
65666666
6D69202C
6C61766D
3178303D
00223030
73657422
32203A74
203B3830
203A6763
6E615F49
635F6964
63203B67
63203A70
73725F72
6D695F31
64655F6D
3B736567
6E696220
7372203A
6C617631
3778303D
66666666
2C656666
6D6D6920
3D6C6176
30327830
22002230
74736574
3032203A
63203B39
49203A67
646E615F
67635F69
7063203B
7263203A
3173725F
6D6D695F
6764655F
203B7365
3A6E6962
31737220
3D6C6176
66377830
66666666
202C6566
766D6D69
303D6C61
66663378
74220022
3A747365
30313220
6763203B
5F49203A
69646E61
3B67635F
3A706320
5F726320
5F317372
5F6D6D69
65676465
62203B73
203A6E69
76317372
303D6C61
66663778
66666666
69202C65
61766D6D
78303D6C
22303034
65742200
203A7473
3B313132
3A676320
615F4920
5F69646E
203B6763
203A7063
725F7263
695F3173
655F6D6D
73656764
6962203B
72203A6E
61763173
78303D6C
66666637
65666666
6D69202C
6C61766D
3778303D
00223330
73657422
32203A74
203B3231
203A6763
6E615F49
635F6964
63203B67
63203A70
73725F72
6D695F31
64655F6D
3B736567
6E696220
7372203A
6C617631
3778303D
66666666
2C656666
6D6D6920
3D6C6176
66377830
22002266
74736574
3132203A
63203B33
49203A67
646E615F
67635F69
7063203B
7263203A
3173725F
6D6D695F
6764655F
203B7365
3A6E6962
31737220
3D6C6176
66377830
66666666
202C6566
766D6D69
2D3D6C61
30387830
22002230
74736574
3132203A
63203B34
49203A67
646E615F
67635F69
7063203B
7263203A
3173725F
6D6D695F
6764655F
203B7365
3A6E6962
31737220
3D6C6176
66377830
66666666
202C6566
766D6D69
2D3D6C61
66377830
22002266
74736574
3132203A
63203B35
49203A67
646E615F
67635F69
7063203B
7263203A
3173725F
6D6D695F
6764655F
203B7365
3A6E6962
31737220
3D6C6176
66377830
66666666
202C6566
766D6D69
2D3D6C61
22327830
65742200
203A7473
3B363132
3A676320
615F4920
5F69646E
203B6763
203A7063
725F7263
695F3173
655F6D6D
73656764
6962203B
72203A6E
61763173
78303D6C
66666637
65666666
6D69202C
6C61766D
78302D3D
22002231
74736574
3132203A
63203B37
49203A67
646E615F
67635F69
7063203B
7263203A
3173725F
6D6D695F
6764655F
203B7365
3A6E6962
31737220
3D6C6176
66667830
66666666
202C6666
766D6D69
303D6C61
00223078
73657422
32203A74
203B3831
203A6763
6E615F49
635F6964
63203B67
63203A70
73725F72
6D695F31
64655F6D
3B736567
6E696220
7372203A
6C617631
6678303D
66666666
2C666666
6D6D6920
3D6C6176
22317830
65742200
203A7473
3B393132
3A676320
615F4920
5F69646E
203B6763
203A7063
725F7263
695F3173
655F6D6D
73656764
6962203B
72203A6E
61763173
78303D6C
66666666
66666666
6D69202C
6C61766D
3278303D
74220022
3A747365
30323220
6763203B
5F49203A
69646E61
3B67635F
3A706320
5F726320
5F317372
5F6D6D69
65676465
62203B73
203A6E69
76317372
303D6C61
66666678
66666666
69202C66
61766D6D
78303D6C
22002233
74736574
3232203A
63203B31
49203A67
646E615F
67635F69
7063203B
7263203A
3173725F
6D6D695F
6764655F
203B7365
3A6E6962
31737220
3D6C6176
66667830
66666666
202C6666
766D6D69
303D6C61
00223478
73657422
32203A74
203B3232
203A6763
6E615F49
635F6964
63203B67
63203A70
73725F72
6D695F31
64655F6D
3B736567
6E696220
7372203A
6C617631
6678303D
66666666
2C666666
6D6D6920
3D6C6176
22387830
65742200
203A7473
3B333232
3A676320
615F4920
5F69646E
203B6763
203A7063
725F7263
695F3173
655F6D6D
73656764
6962203B
72203A6E
61763173
78303D6C
66666666
66666666
6D69202C
6C61766D
3178303D
22002230
74736574
3232203A
63203B34
49203A67
646E615F
67635F69
7063203B
7263203A
3173725F
6D6D695F
6764655F
203B7365
3A6E6962
31737220
3D6C6176
66667830
66666666
202C6666
766D6D69
303D6C61
22303278
65742200
203A7473
3B353232
3A676320
615F4920
5F69646E
203B6763
203A7063
725F7263
695F3173
655F6D6D
73656764
6962203B
72203A6E
61763173
78303D6C
66666666
66666666
6D69202C
6C61766D
3478303D
22002230
74736574
3232203A
63203B36
49203A67
646E615F
67635F69
7063203B
7263203A
3173725F
6D6D695F
6764655F
203B7365
3A6E6962
31737220
3D6C6176
66667830
66666666
202C6666
766D6D69
303D6C61
22303878
65742200
203A7473
3B373232
3A676320
615F4920
5F69646E
203B6763
203A7063
725F7263
695F3173
655F6D6D
73656764
6962203B
72203A6E
61763173
78303D6C
66666666
66666666
6D69202C
6C61766D
3178303D
00223030
73657422
32203A74
203B3832
203A6763
6E615F49
635F6964
63203B67
63203A70
73725F72
6D695F31
64655F6D
3B736567
6E696220
7372203A
6C617631
6678303D
66666666
2C666666
6D6D6920
3D6C6176
30327830
22002230
74736574
3232203A
63203B39
49203A67
646E615F
67635F69
7063203B
7263203A
3173725F
6D6D695F
6764655F
203B7365
3A6E6962
31737220
3D6C6176
66667830
66666666
202C6666
766D6D69
303D6C61
66663378
74220022
3A747365
30333220
6763203B
5F49203A
69646E61
3B67635F
3A706320
5F726320
5F317372
5F6D6D69
65676465
62203B73
203A6E69
76317372
303D6C61
66666678
66666666
69202C66
61766D6D
78303D6C
22303034
65742200
203A7473
3B313332
3A676320
615F4920
5F69646E
203B6763
203A7063
725F7263
695F3173
655F6D6D
73656764
6962203B
72203A6E
61763173
78303D6C
66666666
66666666
6D69202C
6C61766D
3778303D
00223330
73657422
32203A74
203B3233
203A6763
6E615F49
635F6964
63203B67
63203A70
73725F72
6D695F31
64655F6D
3B736567
6E696220
7372203A
6C617631
6678303D
66666666
2C666666
6D6D6920
3D6C6176
66377830
22002266
74736574
3332203A
63203B33
49203A67
646E615F
67635F69
7063203B
7263203A
3173725F
6D6D695F
6764655F
203B7365
3A6E6962
31737220
3D6C6176
66667830
66666666
202C6666
766D6D69
2D3D6C61
30387830
22002230
74736574
3332203A
63203B34
49203A67
646E615F
67635F69
7063203B
7263203A
3173725F
6D6D695F
6764655F
203B7365
3A6E6962
31737220
3D6C6176
66667830
66666666
202C6666
766D6D69
2D3D6C61
66377830
22002266
74736574
3332203A
63203B35
49203A67
646E615F
67635F69
7063203B
7263203A
3173725F
6D6D695F
6764655F
203B7365
3A6E6962
31737220
3D6C6176
66667830
66666666
202C6666
766D6D69
2D3D6C61
22327830
65742200
203A7473
3B363332
3A676320
615F4920
5F69646E
203B6763
203A7063
725F7263
695F3173
655F6D6D
73656764
6962203B
72203A6E
61763173
78303D6C
66666666
66666666
6D69202C
6C61766D
78302D3D
22002231
74736574
3332203A
63203B37
49203A67
646E615F
67635F69
7063203B
7263203A
3173725F
6D6D695F
6764655F
203B7365
3A6E6962
31737220
3D6C6176
66667830
66666666
202C6566
766D6D69
303D6C61
00223078
73657422
32203A74
203B3833
203A6763
6E615F49
635F6964
63203B67
63203A70
73725F72
6D695F31
64655F6D
3B736567
6E696220
7372203A
6C617631
6678303D
66666666
2C656666
6D6D6920
3D6C6176
22317830
65742200
203A7473
3B393332
3A676320
615F4920
5F69646E
203B6763
203A7063
725F7263
695F3173
655F6D6D
73656764
6962203B
72203A6E
61763173
78303D6C
66666666
65666666
6D69202C
6C61766D
3278303D
74220022
3A747365
30343220
6763203B
5F49203A
69646E61
3B67635F
3A706320
5F726320
5F317372
5F6D6D69
65676465
62203B73
203A6E69
76317372
303D6C61
66666678
66666666
69202C65
61766D6D
78303D6C
22002233
74736574
3432203A
63203B31
49203A67
646E615F
67635F69
7063203B
7263203A
3173725F
6D6D695F
6764655F
203B7365
3A6E6962
31737220
3D6C6176
66667830
66666666
202C6566
766D6D69
303D6C61
00223478
73657422
32203A74
203B3234
203A6763
6E615F49
635F6964
63203B67
63203A70
73725F72
6D695F31
64655F6D
3B736567
6E696220
7372203A
6C617631
6678303D
66666666
2C656666
6D6D6920
3D6C6176
22387830
65742200
203A7473
3B333432
3A676320
615F4920
5F69646E
203B6763
203A7063
725F7263
695F3173
655F6D6D
73656764
6962203B
72203A6E
61763173
78303D6C
66666666
65666666
6D69202C
6C61766D
3178303D
22002230
74736574
3432203A
63203B34
49203A67
646E615F
67635F69
7063203B
7263203A
3173725F
6D6D695F
6764655F
203B7365
3A6E6962
31737220
3D6C6176
66667830
66666666
202C6566
766D6D69
303D6C61
22303278
65742200
203A7473
3B353432
3A676320
615F4920
5F69646E
203B6763
203A7063
725F7263
695F3173
655F6D6D
73656764
6962203B
72203A6E
61763173
78303D6C
66666666
65666666
6D69202C
6C61766D
3478303D
22002230
74736574
3432203A
63203B36
49203A67
646E615F
67635F69
7063203B
7263203A
3173725F
6D6D695F
6764655F
203B7365
3A6E6962
31737220
3D6C6176
66667830
66666666
202C6566
766D6D69
303D6C61
22303878
65742200
203A7473
3B373432
3A676320
615F4920
5F69646E
203B6763
203A7063
725F7263
695F3173
655F6D6D
73656764
6962203B
72203A6E
61763173
78303D6C
66666666
65666666
6D69202C
6C61766D
3178303D
00223030
73657422
32203A74
203B3834
203A6763
6E615F49
635F6964
63203B67
63203A70
73725F72
6D695F31
64655F6D
3B736567
6E696220
7372203A
6C617631
6678303D
66666666
2C656666
6D6D6920
3D6C6176
30327830
22002230
74736574
3432203A
63203B39
49203A67
646E615F
67635F69
7063203B
7263203A
3173725F
6D6D695F
6764655F
203B7365
3A6E6962
31737220
3D6C6176
66667830
66666666
202C6566
766D6D69
303D6C61
66663378
74220022
3A747365
30353220
6763203B
5F49203A
69646E61
3B67635F
3A706320
5F726320
5F317372
5F6D6D69
65676465
62203B73
203A6E69
76317372
303D6C61
66666678
66666666
69202C65
61766D6D
78303D6C
22303034
65742200
203A7473
3B313532
3A676320
615F4920
5F69646E
203B6763
203A7063
725F7263
695F3173
655F6D6D
73656764
6962203B
72203A6E
61763173
78303D6C
66666666
65666666
6D69202C
6C61766D
3778303D
00223330
73657422
32203A74
203B3235
203A6763
6E615F49
635F6964
63203B67
63203A70
73725F72
6D695F31
64655F6D
3B736567
6E696220
7372203A
6C617631
6678303D
66666666
2C656666
6D6D6920
3D6C6176
66377830
22002266
74736574
3532203A
63203B33
49203A67
646E615F
67635F69
7063203B
7263203A
3173725F
6D6D695F
6764655F
203B7365
3A6E6962
31737220
3D6C6176
66667830
66666666
202C6566
766D6D69
2D3D6C61
30387830
22002230
74736574
3532203A
63203B34
49203A67
646E615F
67635F69
7063203B
7263203A
3173725F
6D6D695F
6764655F
203B7365
3A6E6962
31737220
3D6C6176
66667830
66666666
202C6566
766D6D69
2D3D6C61
66377830
22002266
74736574
3532203A
63203B35
49203A67
646E615F
67635F69
7063203B
7263203A
3173725F
6D6D695F
6764655F
203B7365
3A6E6962
31737220
3D6C6176
66667830
66666666
202C6566
766D6D69
2D3D6C61
22327830
65742200
203A7473
3B363532
3A676320
615F4920
5F69646E
203B6763
203A7063
725F7263
695F3173
655F6D6D
73656764
6962203B
72203A6E
61763173
78303D6C
66666666
65666666
6D69202C
6C61766D
78302D3D
22002231
74736574
3532203A
63203B37
49203A67
646E615F
67635F69
7063203B
7263203A
3173725F
6D6D695F
6764655F
203B7365
3A6E6962
31737220
3D6C6176
62357830
38386362
202C3237
766D6D69
303D6C61
00223078
73657422
32203A74
203B3835
203A6763
6E615F49
635F6964
63203B67
63203A70
73725F72
6D695F31
64655F6D
3B736567
6E696220
7372203A
6C617631
3578303D
38636262
2C323738
6D6D6920
3D6C6176
22317830
65742200
203A7473
3B393532
3A676320
615F4920
5F69646E
203B6763
203A7063
725F7263
695F3173
655F6D6D
73656764
6962203B
72203A6E
61763173
78303D6C
63626235
32373838
6D69202C
6C61766D
3278303D
74220022
3A747365
30363220
6763203B
5F49203A
69646E61
3B67635F
3A706320
5F726320
5F317372
5F6D6D69
65676465
62203B73
203A6E69
76317372
303D6C61
62623578
37383863
69202C32
61766D6D
78303D6C
22002233
74736574
3632203A
63203B31
49203A67
646E615F
67635F69
7063203B
7263203A
3173725F
6D6D695F
6764655F
203B7365
3A6E6962
31737220
3D6C6176
62357830
38386362
202C3237
766D6D69
303D6C61
00223478
73657422
32203A74
203B3236
203A6763
6E615F49
635F6964
63203B67
63203A70
73725F72
6D695F31
64655F6D
3B736567
6E696220
7372203A
6C617631
3578303D
38636262
2C323738
6D6D6920
3D6C6176
22387830
65742200
203A7473
3B333632
3A676320
615F4920
5F69646E
203B6763
203A7063
725F7263
695F3173
655F6D6D
73656764
6962203B
72203A6E
61763173
78303D6C
63626235
32373838
6D69202C
6C61766D
3178303D
22002230
74736574
3632203A
63203B34
49203A67
646E615F
67635F69
7063203B
7263203A
3173725F
6D6D695F
6764655F
203B7365
3A6E6962
31737220
3D6C6176
62357830
38386362
202C3237
766D6D69
303D6C61
22303278
65742200
203A7473
3B353632
3A676320
615F4920
5F69646E
203B6763
203A7063
725F7263
695F3173
655F6D6D
73656764
6962203B
72203A6E
61763173
78303D6C
63626235
32373838
6D69202C
6C61766D
3478303D
22002230
74736574
3632203A
63203B36
49203A67
646E615F
67635F69
7063203B
7263203A
3173725F
6D6D695F
6764655F
203B7365
3A6E6962
31737220
3D6C6176
62357830
38386362
202C3237
766D6D69
303D6C61
22303878
65742200
203A7473
3B373632
3A676320
615F4920
5F69646E
203B6763
203A7063
725F7263
695F3173
655F6D6D
73656764
6962203B
72203A6E
61763173
78303D6C
63626235
32373838
6D69202C
6C61766D
3178303D
00223030
73657422
32203A74
203B3836
203A6763
6E615F49
635F6964
63203B67
63203A70
73725F72
6D695F31
64655F6D
3B736567
6E696220
7372203A
6C617631
3578303D
38636262
2C323738
6D6D6920
3D6C6176
30327830
22002230
74736574
3632203A
63203B39
49203A67
646E615F
67635F69
7063203B
7263203A
3173725F
6D6D695F
6764655F
203B7365
3A6E6962
31737220
3D6C6176
62357830
38386362
202C3237
766D6D69
303D6C61
66663378
74220022
3A747365
30373220
6763203B
5F49203A
69646E61
3B67635F
3A706320
5F726320
5F317372
5F6D6D69
65676465
62203B73
203A6E69
76317372
303D6C61
62623578
37383863
69202C32
61766D6D
78303D6C
22303034
65742200
203A7473
3B313732
3A676320
615F4920
5F69646E
203B6763
203A7063
725F7263
695F3173
655F6D6D
73656764
6962203B
72203A6E
61763173
78303D6C
63626235
32373838
6D69202C
6C61766D
3778303D
00223330
73657422
32203A74
203B3237
203A6763
6E615F49
635F6964
63203B67
63203A70
73725F72
6D695F31
64655F6D
3B736567
6E696220
7372203A
6C617631
3578303D
38636262
2C323738
6D6D6920
3D6C6176
66377830
22002266
74736574
3732203A
63203B33
49203A67
646E615F
67635F69
7063203B
7263203A
3173725F
6D6D695F
6764655F
203B7365
3A6E6962
31737220
3D6C6176
62357830
38386362
202C3237
766D6D69
2D3D6C61
30387830
22002230
74736574
3732203A
63203B34
49203A67
646E615F
67635F69
7063203B
7263203A
3173725F
6D6D695F
6764655F
203B7365
3A6E6962
31737220
3D6C6176
62357830
38386362
202C3237
766D6D69
2D3D6C61
66377830
22002266
74736574
3732203A
63203B35
49203A67
646E615F
67635F69
7063203B
7263203A
3173725F
6D6D695F
6764655F
203B7365
3A6E6962
31737220
3D6C6176
62357830
38386362
202C3237
766D6D69
2D3D6C61
22327830
65742200
203A7473
3B363732
3A676320
615F4920
5F69646E
203B6763
203A7063
725F7263
695F3173
655F6D6D
73656764
6962203B
72203A6E
61763173
78303D6C
63626235
32373838
6D69202C
6C61766D
78302D3D
22002231
74736574
3732203A
63203B37
49203A67
646E615F
67635F69
7063203B
7263203A
3173725F
6D6D695F
6764655F
203B7365
3A6E6962
31737220
3D6C6176
61617830
61616161
202C6161
766D6D69
303D6C61
00223078
73657422
32203A74
203B3837
203A6763
6E615F49
635F6964
63203B67
63203A70
73725F72
6D695F31
64655F6D
3B736567
6E696220
7372203A
6C617631
6178303D
61616161
2C616161
6D6D6920
3D6C6176
22317830
65742200
203A7473
3B393732
3A676320
615F4920
5F69646E
203B6763
203A7063
725F7263
695F3173
655F6D6D
73656764
6962203B
72203A6E
61763173
78303D6C
61616161
61616161
6D69202C
6C61766D
3278303D
74220022
3A747365
30383220
6763203B
5F49203A
69646E61
3B67635F
3A706320
5F726320
5F317372
5F6D6D69
65676465
62203B73
203A6E69
76317372
303D6C61
61616178
61616161
69202C61
61766D6D
78303D6C
22002233
74736574
3832203A
63203B31
49203A67
646E615F
67635F69
7063203B
7263203A
3173725F
6D6D695F
6764655F
203B7365
3A6E6962
31737220
3D6C6176
61617830
61616161
202C6161
766D6D69
303D6C61
00223478
73657422
32203A74
203B3238
203A6763
6E615F49
635F6964
63203B67
63203A70
73725F72
6D695F31
64655F6D
3B736567
6E696220
7372203A
6C617631
6178303D
61616161
2C616161
6D6D6920
3D6C6176
22387830
65742200
203A7473
3B333832
3A676320
615F4920
5F69646E
203B6763
203A7063
725F7263
695F3173
655F6D6D
73656764
6962203B
72203A6E
61763173
78303D6C
61616161
61616161
6D69202C
6C61766D
3178303D
22002230
74736574
3832203A
63203B34
49203A67
646E615F
67635F69
7063203B
7263203A
3173725F
6D6D695F
6764655F
203B7365
3A6E6962
31737220
3D6C6176
61617830
61616161
202C6161
766D6D69
303D6C61
22303278
65742200
203A7473
3B353832
3A676320
615F4920
5F69646E
203B6763
203A7063
725F7263
695F3173
655F6D6D
73656764
6962203B
72203A6E
61763173
78303D6C
61616161
61616161
6D69202C
6C61766D
3478303D
22002230
74736574
3832203A
63203B36
49203A67
646E615F
67635F69
7063203B
7263203A
3173725F
6D6D695F
6764655F
203B7365
3A6E6962
31737220
3D6C6176
61617830
61616161
202C6161
766D6D69
303D6C61
22303878
65742200
203A7473
3B373832
3A676320
615F4920
5F69646E
203B6763
203A7063
725F7263
695F3173
655F6D6D
73656764
6962203B
72203A6E
61763173
78303D6C
61616161
61616161
6D69202C
6C61766D
3178303D
00223030
73657422
32203A74
203B3838
203A6763
6E615F49
635F6964
63203B67
63203A70
73725F72
6D695F31
64655F6D
3B736567
6E696220
7372203A
6C617631
6178303D
61616161
2C616161
6D6D6920
3D6C6176
30327830
22002230
74736574
3832203A
63203B39
49203A67
646E615F
67635F69
7063203B
7263203A
3173725F
6D6D695F
6764655F
203B7365
3A6E6962
31737220
3D6C6176
61617830
61616161
202C6161
766D6D69
303D6C61
66663378
74220022
3A747365
30393220
6763203B
5F49203A
69646E61
3B67635F
3A706320
5F726320
5F317372
5F6D6D69
65676465
62203B73
203A6E69
76317372
303D6C61
61616178
61616161
69202C61
61766D6D
78303D6C
22303034
65742200
203A7473
3B313932
3A676320
615F4920
5F69646E
203B6763
203A7063
725F7263
695F3173
655F6D6D
73656764
6962203B
72203A6E
61763173
78303D6C
61616161
61616161
6D69202C
6C61766D
3778303D
00223330
73657422
32203A74
203B3239
203A6763
6E615F49
635F6964
63203B67
63203A70
73725F72
6D695F31
64655F6D
3B736567
6E696220
7372203A
6C617631
6178303D
61616161
2C616161
6D6D6920
3D6C6176
66377830
22002266
74736574
3932203A
63203B33
49203A67
646E615F
67635F69
7063203B
7263203A
3173725F
6D6D695F
6764655F
203B7365
3A6E6962
31737220
3D6C6176
61617830
61616161
202C6161
766D6D69
2D3D6C61
30387830
22002230
74736574
3932203A
63203B34
49203A67
646E615F
67635F69
7063203B
7263203A
3173725F
6D6D695F
6764655F
203B7365
3A6E6962
31737220
3D6C6176
61617830
61616161
202C6161
766D6D69
2D3D6C61
66377830
22002266
74736574
3932203A
63203B35
49203A67
646E615F
67635F69
7063203B
7263203A
3173725F
6D6D695F
6764655F
203B7365
3A6E6962
31737220
3D6C6176
61617830
61616161
202C6161
766D6D69
2D3D6C61
22327830
65742200
203A7473
3B363932
3A676320
615F4920
5F69646E
203B6763
203A7063
725F7263
695F3173
655F6D6D
73656764
6962203B
72203A6E
61763173
78303D6C
61616161
61616161
6D69202C
6C61766D
78302D3D
22002231
74736574
3932203A
63203B37
49203A67
646E615F
67635F69
7063203B
7263203A
3173725F
6D6D695F
6764655F
203B7365
3A6E6962
31737220
3D6C6176
35357830
35353535
202C3535
766D6D69
303D6C61
00223078
73657422
32203A74
203B3839
203A6763
6E615F49
635F6964
63203B67
63203A70
73725F72
6D695F31
64655F6D
3B736567
6E696220
7372203A
6C617631
3578303D
35353535
2C353535
6D6D6920
3D6C6176
22317830
65742200
203A7473
3B393932
3A676320
615F4920
5F69646E
203B6763
203A7063
725F7263
695F3173
655F6D6D
73656764
6962203B
72203A6E
61763173
78303D6C
35353535
35353535
6D69202C
6C61766D
3278303D
74220022
3A747365
30303320
6763203B
5F49203A
69646E61
3B67635F
3A706320
5F726320
5F317372
5F6D6D69
65676465
62203B73
203A6E69
76317372
303D6C61
35353578
35353535
69202C35
61766D6D
78303D6C
22002233
74736574
3033203A
63203B31
49203A67
646E615F
67635F69
7063203B
7263203A
3173725F
6D6D695F
6764655F
203B7365
3A6E6962
31737220
3D6C6176
35357830
35353535
202C3535
766D6D69
303D6C61
00223478
73657422
33203A74
203B3230
203A6763
6E615F49
635F6964
63203B67
63203A70
73725F72
6D695F31
64655F6D
3B736567
6E696220
7372203A
6C617631
3578303D
35353535
2C353535
6D6D6920
3D6C6176
22387830
65742200
203A7473
3B333033
3A676320
615F4920
5F69646E
203B6763
203A7063
725F7263
695F3173
655F6D6D
73656764
6962203B
72203A6E
61763173
78303D6C
35353535
35353535
6D69202C
6C61766D
3178303D
22002230
74736574
3033203A
63203B34
49203A67
646E615F
67635F69
7063203B
7263203A
3173725F
6D6D695F
6764655F
203B7365
3A6E6962
31737220
3D6C6176
35357830
35353535
202C3535
766D6D69
303D6C61
22303278
65742200
203A7473
3B353033
3A676320
615F4920
5F69646E
203B6763
203A7063
725F7263
695F3173
655F6D6D
73656764
6962203B
72203A6E
61763173
78303D6C
35353535
35353535
6D69202C
6C61766D
3478303D
22002230
74736574
3033203A
63203B36
49203A67
646E615F
67635F69
7063203B
7263203A
3173725F
6D6D695F
6764655F
203B7365
3A6E6962
31737220
3D6C6176
35357830
35353535
202C3535
766D6D69
303D6C61
22303878
65742200
203A7473
3B373033
3A676320
615F4920
5F69646E
203B6763
203A7063
725F7263
695F3173
655F6D6D
73656764
6962203B
72203A6E
61763173
78303D6C
35353535
35353535
6D69202C
6C61766D
3178303D
00223030
73657422
33203A74
203B3830
203A6763
6E615F49
635F6964
63203B67
63203A70
73725F72
6D695F31
64655F6D
3B736567
6E696220
7372203A
6C617631
3578303D
35353535
2C353535
6D6D6920
3D6C6176
30327830
22002230
74736574
3033203A
63203B39
49203A67
646E615F
67635F69
7063203B
7263203A
3173725F
6D6D695F
6764655F
203B7365
3A6E6962
31737220
3D6C6176
35357830
35353535
202C3535
766D6D69
303D6C61
66663378
74220022
3A747365
30313320
6763203B
5F49203A
69646E61
3B67635F
3A706320
5F726320
5F317372
5F6D6D69
65676465
62203B73
203A6E69
76317372
303D6C61
35353578
35353535
69202C35
61766D6D
78303D6C
22303034
65742200
203A7473
3B313133
3A676320
615F4920
5F69646E
203B6763
203A7063
725F7263
695F3173
655F6D6D
73656764
6962203B
72203A6E
61763173
78303D6C
35353535
35353535
6D69202C
6C61766D
3778303D
00223330
73657422
33203A74
203B3231
203A6763
6E615F49
635F6964
63203B67
63203A70
73725F72
6D695F31
64655F6D
3B736567
6E696220
7372203A
6C617631
3578303D
35353535
2C353535
6D6D6920
3D6C6176
66377830
22002266
74736574
3133203A
63203B33
49203A67
646E615F
67635F69
7063203B
7263203A
3173725F
6D6D695F
6764655F
203B7365
3A6E6962
31737220
3D6C6176
35357830
35353535
202C3535
766D6D69
2D3D6C61
30387830
22002230
74736574
3133203A
63203B34
49203A67
646E615F
67635F69
7063203B
7263203A
3173725F
6D6D695F
6764655F
203B7365
3A6E6962
31737220
3D6C6176
35357830
35353535
202C3535
766D6D69
2D3D6C61
66377830
22002266
74736574
3133203A
63203B35
49203A67
646E615F
67635F69
7063203B
7263203A
3173725F
6D6D695F
6764655F
203B7365
3A6E6962
31737220
3D6C6176
35357830
35353535
202C3535
766D6D69
2D3D6C61
22327830
65742200
203A7473
3B363133
3A676320
615F4920
5F69646E
203B6763
203A7063
725F7263
695F3173
655F6D6D
73656764
6962203B
72203A6E
61763173
78303D6C
35353535
35353535
6D69202C
6C61766D
78302D3D
22002231
74736574
3133203A
63203B37
49203A67
646E615F
67635F69
7063203B
6D63203A
64725F70
3173725F
6962203B
62203A6E
22002230
74736574
3133203A
63203B38
49203A67
646E615F
67635F69
7063203B
6D63203A
64725F70
3173725F
6962203B
62203A6E
22002231
74736574
3133203A
63203B39
49203A67
646E615F
67635F69
7063203B
6D63203A
64725F70
3173725F
6962203B
62203A6E
22002232
74736574
3233203A
63203B30
49203A67
646E615F
67635F69
7063203B
6D63203A
64725F70
3173725F
6962203B
62203A6E
22002233
74736574
3233203A
63203B31
49203A67
646E615F
67635F69
7063203B
6D63203A
64725F70
3173725F
6962203B
62203A6E
22002234
74736574
3233203A
63203B32
49203A67
646E615F
67635F69
7063203B
6D63203A
64725F70
3173725F
6962203B
62203A6E
22002235
74736574
3233203A
63203B33
49203A67
646E615F
67635F69
7063203B
6D63203A
64725F70
3173725F
6962203B
62203A6E
22002236
74736574
3233203A
63203B34
49203A67
646E615F
67635F69
7063203B
6D63203A
64725F70
3173725F
6962203B
62203A6E
22002237
74736574
3233203A
63203B35
49203A67
646E615F
67635F69
7063203B
6D63203A
64725F70
3173725F
6962203B
62203A6E
22002238
74736574
3233203A
63203B36
49203A67
646E615F
67635F69
7063203B
6D63203A
64725F70
3173725F
6962203B
62203A6E
22002239
74736574
3233203A
63203B37
49203A67
646E615F
67635F69
7063203B
6D63203A
64725F70
3173725F
6962203B
62203A6E
00223031
73657422
33203A74
203B3832
203A6763
6E615F49
635F6964
63203B67
63203A70
725F706D
73725F64
62203B31
203A6E69
22313162
65742200
203A7473
3B393233
3A676320
615F4920
5F69646E
203B6763
203A7063
5F706D63
725F6472
203B3173
3A6E6962
32316220
74220022
3A747365
30333320
6763203B
5F49203A
69646E61
3B67635F
3A706320
706D6320
5F64725F
3B317372
6E696220
3162203A
22002233
74736574
3333203A
63203B31
49203A67
646E615F
67635F69
7063203B
6D63203A
64725F70
3173725F
6962203B
62203A6E
00223431
73657422
33203A74
203B3233
203A6763
6E615F49
635F6964
63203B67
63203A70
725F706D
73725F64
62203B31
203A6E69
22353162
65742200
203A7473
3B333333
3A676320
615F4920
5F69646E
203B6763
203A7063
5F706D63
725F6472
203B3173
3A6E6962
36316220
74220022
3A747365
34333320
6763203B
5F49203A
69646E61
3B67635F
3A706320
706D6320
5F64725F
3B317372
6E696220
3162203A
22002237
74736574
3333203A
63203B35
49203A67
646E615F
67635F69
7063203B
6D63203A
64725F70
3173725F
6962203B
62203A6E
00223831
73657422
33203A74
203B3633
203A6763
6E615F49
635F6964
63203B67
63203A70
725F706D
73725F64
62203B31
203A6E69
22393162
65742200
203A7473
3B373333
3A676320
615F4920
5F69646E
203B6763
203A7063
5F706D63
725F6472
203B3173
3A6E6962
30326220
74220022
3A747365
38333320
6763203B
5F49203A
69646E61
3B67635F
3A706320
706D6320
5F64725F
3B317372
6E696220
3262203A
22002231
74736574
3333203A
63203B39
49203A67
646E615F
67635F69
7063203B
6D63203A
64725F70
3173725F
6962203B
62203A6E
00223232
73657422
33203A74
203B3034
203A6763
6E615F49
635F6964
63203B67
63203A70
725F706D
73725F64
62203B31
203A6E69
22333262
65742200
203A7473
3B313433
3A676320
615F4920
5F69646E
203B6763
203A7063
5F706D63
725F6472
203B3173
3A6E6962
34326220
74220022
3A747365
32343320
6763203B
5F49203A
69646E61
3B67635F
3A706320
706D6320
5F64725F
3B317372
6E696220
3262203A
22002235
74736574
3433203A
63203B33
49203A67
646E615F
67635F69
7063203B
6D63203A
64725F70
3173725F
6962203B
62203A6E
00223632
73657422
33203A74
203B3434
203A6763
6E615F49
635F6964
63203B67
63203A70
725F706D
73725F64
62203B31
203A6E69
22373262
65742200
203A7473
3B353433
3A676320
615F4920
5F69646E
203B6763
203A7063
5F706D63
725F6472
203B3173
3A6E6962
38326220
74220022
3A747365
36343320
6763203B
5F49203A
69646E61
3B67635F
3A706320
706D6320
5F64725F
3B317372
6E696220
3262203A
22002239
74736574
3433203A
63203B37
49203A67
646E615F
67635F69
7063203B
6D63203A
64725F70
3173725F
6962203B
62203A6E
00223033
73657422
33203A74
203B3834
203A6763
6E615F49
635F6964
63203B67
63203A70
725F706D
73725F64
62203B31
203A6E69
22313362
65742200
203A7473
3B393433
3A676320
615F4920
5F69646E
203B6763
203A7063
695F7063
655F6D6D
73656764
6962203B
30203A6E
00223078
73657422
33203A74
203B3035
203A6763
6E615F49
635F6964
63203B67
63203A70
6D695F70
64655F6D
3B736567
6E696220
7830203A
22002231
74736574
3533203A
63203B31
49203A67
646E615F
67635F69
7063203B
7063203A
6D6D695F
6764655F
203B7365
3A6E6962
32783020
74220022
3A747365
32353320
6763203B
5F49203A
69646E61
3B67635F
3A706320
5F706320
5F6D6D69
65676465
62203B73
203A6E69
22337830
65742200
203A7473
3B333533
3A676320
615F4920
5F69646E
203B6763
203A7063
695F7063
655F6D6D
73656764
6962203B
30203A6E
00223478
73657422
33203A74
203B3435
203A6763
6E615F49
635F6964
63203B67
63203A70
6D695F70
64655F6D
3B736567
6E696220
7830203A
22002238
74736574
3533203A
63203B35
49203A67
646E615F
67635F69
7063203B
7063203A
6D6D695F
6764655F
203B7365
3A6E6962
31783020
22002230
74736574
3533203A
63203B36
49203A67
646E615F
67635F69
7063203B
7063203A
6D6D695F
6764655F
203B7365
3A6E6962
32783020
22002230
74736574
3533203A
63203B37
49203A67
646E615F
67635F69
7063203B
7063203A
6D6D695F
6764655F
203B7365
3A6E6962
34783020
22002230
74736574
3533203A
63203B38
49203A67
646E615F
67635F69
7063203B
7063203A
6D6D695F
6764655F
203B7365
3A6E6962
38783020
22002230
74736574
3533203A
63203B39
49203A67
646E615F
67635F69
7063203B
7063203A
6D6D695F
6764655F
203B7365
3A6E6962
31783020
00223030
73657422
33203A74
203B3036
203A6763
6E615F49
635F6964
63203B67
63203A70
6D695F70
64655F6D
3B736567
6E696220
7830203A
22303032
65742200
203A7473
3B313633
3A676320
615F4920
5F69646E
203B6763
203A7063
695F7063
655F6D6D
73656764
6962203B
30203A6E
66663378
74220022
3A747365
32363320
6763203B
5F49203A
69646E61
3B67635F
3A706320
5F706320
5F6D6D69
65676465
62203B73
203A6E69
30347830
22002230
74736574
3633203A
63203B33
49203A67
646E615F
67635F69
7063203B
7063203A
6D6D695F
6764655F
203B7365
3A6E6962
37783020
00223330
73657422
33203A74
203B3436
203A6763
6E615F49
635F6964
63203B67
63203A70
6D695F70
64655F6D
3B736567
6E696220
7830203A
22666637
65742200
203A7473
3B353633
3A676320
615F4920
5F69646E
203B6763
203A7063
695F7063
655F6D6D
73656764
6962203B
2D203A6E
30387830
22002230
74736574
3633203A
63203B36
49203A67
646E615F
67635F69
7063203B
7063203A
6D6D695F
6764655F
203B7365
3A6E6962
78302D20
22666637
65742200
203A7473
3B373633
3A676320
615F4920
5F69646E
203B6763
203A7063
695F7063
655F6D6D
73656764
6962203B
2D203A6E
22327830
65742200
203A7473
3B383633
3A676320
615F4920
5F69646E
203B6763
203A7063
695F7063
655F6D6D
73656764
6962203B
2D203A6E
22317830
00000000
00000000
BAAAAAAD
BAAAAAAD
BAAAAAAD
BAAAAAAD
BAAAAAAD
BAAAAAAD
BAAAAAAD
BAAAAAAD
BAAAAAAD
BAAAAAAD
BAAAAAAD
BAAAAAAD
BAAAAAAD
BAAAAAAD
BAAAAAAD
BAAAAAAD
BAAAAAAD
BAAAAAAD
BAAAAAAD
BAAAAAAD
BAAAAAAD
BAAAAAAD
BAAAAAAD
BAAAAAAD
BAAAAAAD
BAAAAAAD
BAAAAAAD
BAAAAAAD
BAAAAAAD
BAAAAAAD
BAAAAAAD
BAAAAAAD
BAAAAAAD
BAAAAAAD
BAAAAAAD
BAAAAAAD
BAAAAAAD
BAAAAAAD
BAAAAAAD
BAAAAAAD
BAAAAAAD
BAAAAAAD
BAAAAAAD
BAAAAAAD
BAAAAAAD
BAAAAAAD
BAAAAAAD
BAAAAAAD
BAAAAAAD
BAAAAAAD
BAAAAAAD
BAAAAAAD
BAAAAAAD
BAAAAAAD
BAAAAAAD
BAAAAAAD
BAAAAAAD
BAAAAAAD
BAAAAAAD
BAAAAAAD
BAAAAAAD
BAAAAAAD
BAAAAAAD
BAAAAAAD
FEEDF00D
BAAAAAAD
BAAAAAAD
BAAAAAAD
BAAAAAAD
BAAAAAAD
BAAAAAAD
BAAAAAAD
BAAAAAAD
BAAAAAAD
00000000
00000000
00000000
00000000
00000000
00000000
00000000
00000000
00000000
00000000
00000000
00000000
00000000
00000000
00000000
00000000
00000000
00000000
00000000
00000000
00000000
00000000
00000000
00000000
00000000
00000000
8000F440
8000F460
8000F47A
8000F48F
8000F49B
8000F4B4
8000F4C7
8000F4E5
8000F4FD
8000F51B
8000F539
8000F558
8000F576
8000F58E
8000F59F
8000F5AE
8000F5C4
8000F5D1
8000F5E0
8000F5F0
8000F600
8000F61E
8000F635
8000F64A
8000F666
8000F67E
8000F69D
8000F6C4
8000F6E0
8000F6F8
8000F714
8000F738
8000F751
8000F769
8000F788
8000F7AF
8000F7CB
8000F7F0
8000F80C
8000F825
74736E49
74637572
206E6F69
72646461
20737365
6173696D
6E67696C
000A6465
74736E49
74637572
206E6F69
65636361
66207373
746C7561
6C49000A
6167656C
6E69206C
75727473
6F697463
42000A6E
6B616572
6E696F70
4C000A74
2064616F
72646461
20737365
6173696D
6E67696C
000A6465
64616F4C
63636120
20737365
6C756166
53000A74
65726F74
4F4D412F
64646120
73736572
73696D20
67696C61
0A64656E
6F745300
412F6572
61204F4D
73656363
61662073
0A746C75
766E4500
6E6F7269
746E656D
6C616320
7266206C
55206D6F
646F6D2D
45000A65
7269766E
656D6E6F
6320746E
206C6C61
6D6F7266
6D2D5320
0A65646F
766E4500
6E6F7269
746E656D
6C616320
7266206C
56206D6F
6F6D2D53
000A6564
69766E45
6D6E6F72
20746E65
6C6C6163
6F726620
2D4D206D
65646F6D
6E49000A
75727473
6F697463
6170206E
66206567
746C7561
6F4C000A
70206461
20656761
6C756166
52000A74
72657365
20646576
29343128
7453000A
2F65726F
204F4D41
65676170
75616620
000A746C
62756F44
7420656C
0A706172
73655200
65767265
31282064
000A2937
74666F53
65726177
65686320
000A6B63
64726148
65726177
72726520
000A726F
74736E49
74637572
206E6F69
73657567
61702D74
66206567
746C7561
6F4C000A
67206461
74736575
6761702D
61662065
0A746C75
72695600
6C617574
736E6920
63757274
6E6F6974
7453000A
2F65726F
204F4D41
73657567
61702D74
66206567
746C7561
6552000A
76726573
69206465
7265746E
74707572
29302820
7553000A
76726570
726F7369
666F7320
72617774
6E692065
72726574
0A747075
72695600
6C617574
70757320
69767265
20726F73
74666F73
65726177
746E6920
75727265
000A7470
6863614D
20656E69
74666F73
65726177
746E6920
75727265
000A7470
65736552
64657672
746E6920
75727265
28207470
000A2934
65707553
73697672
7420726F
72656D69
746E6920
75727265
000A7470
74726956
206C6175
65707573
73697672
7420726F
72656D69
746E6920
75727265
000A7470
6863614D
20656E69
656D6974
6E692072
72726574
0A747075
73655200
65767265
6E692064
72726574
20747075
0A293828
70755300
69767265
20726F73
65747865
6C616E72
746E6920
75727265
000A7470
74726956
206C6175
65707573
73697672
6520726F
72657478
206C616E
65746E69
70757272
4D000A74
69686361
6520656E
72657478
206C616E
65746E69
70757272
53000A74
72657075
6F736976
75672072
20747365
65747865
6C616E72
746E6920
75727265
000A7470
6E756F43
20726574
7265766F
776F6C66
746E6920
75727265
000A7470
65736552
64657672
746E6920
75727265
28207470
0A293431
73655200
65767265
6E692064
72726574
20747075
29353128
6E55000A
776F6E6B
75632F6E
6D6F7473
75616320
000A6573
4356520A
55532D50
52414D4D
54203A59
20545345
53534150
2D204445
73655420
69462074
2220656C
6E612D49
302D6964
22532E30
0A000A0A
50435652
4D55532D
5952414D
4554203A
46205453
454C4941
202D2044
74736554
6C694620
49222065
646E612D
30302D69
0A22532E
56520A00
203A5043
55424544
4E492047
4D524F46
4F495441
4F46204E
574F4C4C
22000A53
20656854
70617274
6E616820
72656C64
6F626120
64657472
65687420
73657420
65622074
65726F66
726F6E20
206C616D
706D6F63
6974656C
22216E6F
56520A00
203A5043
70617254
67697320
7574616E
6F206572
66726576
20776F6C
73206E69
2D666C65
63656863
6F6D206B
202E6564
20545544
656E6567
65746172
6F742064
616D206F
7420796E
73706172
2020202E
000A2020
50435652
6554203A
49207473
3A6F666E
000A0020
50435652
6E49203A
75727473
6F697463
00203A6E
50435652
7041203A
786F7270
74616D69
64612065
73657264
66282073
756C6961
6D206572
62207961
6C732065
74686769
6120796C
72657466
69687420
203A2973
43565200
41203A50
65726464
6F207373
6E692066
75727473
6F697463
6874206E
74207461
70706172
28206465
43504558
00203A29
50435652
6E49203A
75727473
6F697463
6874206E
74207461
70706172
203A6465
43565200
58203A50
3A435045
20202020
43565200
58203A50
53554143
20203A45
43565200
58203A50
4C415654
2020203A
43565200
58203A50
54415453
203A5355
72542200
63207061
746E756F
73696D20
6374616D
00222E68
73694D22
6374616D
6E692068
61727420
69732070
74616E67
21657275
61725420
61772070
65622073
20676E69
646E6168
2064656C
4D206E69
646F4D2D
00222E65
73694D22
6374616D
6E692068
61727420
69732070
74616E67
21657275
61725420
61772070
65622073
20676E69
646E6168
2064656C
53206E69
646F4D2D
00222E65
73694D22
6374616D
6E692068
61727420
69732070
74616E67
21657275
61725420
61772070
65622073
20676E69
646E6168
2064656C
48206E69
6F4D2D53
222E6564
694D2200
74616D73
69206863
7274206E
73207061
616E6769
65727574
72542021
77207061
62207361
676E6965
6E616820
64656C64
206E6920
4D2D5356
2E65646F
4D220022
616D7369
20686374
6D206E69
73756163
61762065
2165756C
61725420
61772070
65622073
20676E69
646E6168
2064656C
4D206E69
646F4D2D
00222E65
73694D22
6374616D
6E692068
61637320
20657375
756C6176
54202165
20706172
20736177
6E696562
61682067
656C646E
6E692064
4D2D5320
2E65646F
4D220022
616D7369
20686374
73206E69
73756163
61762065
2165756C
61725420
61772070
65622073
20676E69
646E6168
2064656C
48206E69
6F4D2D53
222E6564
694D2200
74616D73
69206863
7376206E
73756163
61762065
2165756C
61725420
61772070
65622073
20676E69
646E6168
2064656C
56206E69
6F4D2D53
222E6564
694D2200
74616D73
69206863
656D206E
76206370
65756C61
72542021
77207061
62207361
676E6965
6E616820
64656C64
206E6920
6F4D2D4D
222E6564
694D2200
74616D73
69206863
6573206E
76206370
65756C61
72542021
77207061
62207361
676E6965
6E616820
64656C64
206E6920
6F4D2D53
222E6564
694D2200
74616D73
69206863
6573206E
76206370
65756C61
72542021
77207061
62207361
676E6965
6E616820
64656C64
206E6920
4D2D5348
2E65646F
4D220022
616D7369
20686374
76206E69
63706573
6C617620
20216575
70617254
73617720
69656220
6820676E
6C646E61
69206465
5356206E
646F4D2D
00222E65
73694D22
6374616D
6E692068
76746D20
76206C61
65756C61
72542021
77207061
62207361
676E6965
6E616820
64656C64
206E6920
6F4D2D4D
222E6564
694D2200
74616D73
69206863
7473206E
206C6176
756C6176
54202165
20706172
20736177
6E696562
61682067
656C646E
6E692064
4D2D5320
2E65646F
4D220022
616D7369
20686374
73206E69
6C617674
6C617620
20216575
70617254
73617720
69656220
6820676E
6C646E61
69206465
5348206E
646F4D2D
00222E65
73694D22
6374616D
6E692068
74737620
206C6176
756C6176
54202165
20706172
20736177
6E696562
61682067
656C646E
6E692064
2D535620
65646F4D
2200222E
6D73694D
68637461
206E6920
6176746D
7620326C
65756C61
72542021
77207061
62207361
676E6965
6E616820
64656C64
206E6920
6F4D2D4D
222E6564
694D2200
74616D73
69206863
746D206E
74736E69
6C617620
20216575
70617254
73617720
69656220
6820676E
6C646E61
69206465
2D4D206E
65646F4D
2200222E
6D73694D
68637461
206E6920
2070696D
756C6176
54202165
20706172
20736177
6E696562
61682067
656C646E
6E692064
4D2D4D20
2E65646F
4D220022
616D7369
20686374
73206E69
76207069
65756C61
72542021
77207061
62207361
676E6965
6E616820
64656C64
206E6920
6F4D2D53
222E6564
694D2200
74616D73
69206863
6968206E
61762070
2165756C
61725420
61772070
65622073
20676E69
646E6168
2064656C
48206E69
6F4D2D53
222E6564
694D2200
74616D73
69206863
7376206E
76207069
65756C61
72542021
77207061
62207361
676E6965
6E616820
64656C64
206E6920
4D2D5356
2E65646F
4D220022
616D7369
20686374
6D206E69
69686361
6520656E
72657478
206C616E
65746E69
70757272
44492074
72542021
77207061
62207361
676E6965
6E616820
64656C64
206E6920
6F4D2D4D
222E6564
694D2200
74616D73
69206863
7573206E
76726570
726F7369
74786520
616E7265
6E69206C
72726574
20747075
20214449
70617254
73617720
69656220
6820676E
6C646E61
69206465
2D4D206E
65646F4D
2200222E
6D73694D
68637461
206E6920
74726976
206C6175
65707573
73697672
6520726F
72657478
206C616E
65746E69
70757272
44492074
72542021
77207061
62207361
676E6965
6E616820
64656C64
206E6920
6F4D2D4D
222E6564
694D2200
74616D73
69206863
616D206E
6E696863
78652065
6E726574
69206C61
7265746E
74707572
21444920
61725420
61772070
65622073
20676E69
646E6168
2064656C
53206E69
646F4D2D
00222E65
73694D22
6374616D
6E692068
70757320
69767265
20726F73
65747865
6C616E72
746E6920
75727265
49207470
54202144
20706172
20736177
6E696562
61682067
656C646E
6E692064
4D2D5320
2E65646F
4D220022
616D7369
20686374
76206E69
75747269
73206C61
72657075
6F736976
78652072
6E726574
69206C61
7265746E
74707572
21444920
61725420
61772070
65622073
20676E69
646E6168
2064656C
53206E69
646F4D2D
00222E65
73694D22
6374616D
6E692068
63616D20
656E6968
74786520
616E7265
6E69206C
72726574
20747075
20214449
70617254
73617720
69656220
6820676E
6C646E61
69206465
5348206E
646F4D2D
00222E65
73694D22
6374616D
6E692068
70757320
69767265
20726F73
65747865
6C616E72
746E6920
75727265
49207470
54202144
20706172
20736177
6E696562
61682067
656C646E
6E692064
2D534820
65646F4D
2200222E
6D73694D
68637461
206E6920
74726976
206C6175
65707573
73697672
6520726F
72657478
206C616E
65746E69
70757272
44492074
72542021
77207061
62207361
676E6965
6E616820
64656C64
206E6920
4D2D5348
2E65646F
4D220022
616D7369
20686374
6D206E69
69686361
6520656E
72657478
206C616E
65746E69
70757272
44492074
72542021
77207061
62207361
676E6965
6E616820
64656C64
206E6920
4D2D5356
2E65646F
4D220022
616D7369
20686374
73206E69
72657075
6F736976
78652072
6E726574
69206C61
7265746E
74707572
21444920
61725420
61772070
65622073
20676E69
646E6168
2064656C
56206E69
6F4D2D53
222E6564
694D2200
74616D73
69206863
6976206E
61757472
7573206C
76726570
726F7369
74786520
616E7265
6E69206C
72726574
20747075
20214449
70617254
73617720
69656220
6820676E
6C646E61
69206465
5356206E
646F4D2D
00222E65
61737876
52000A74
3A504356
67655220
65747369
00203A72
50435652
6142203A
61562064
3A65756C
20202020
52002020
3A504356
70784520
65746365
61562064
3A65756C
56520020
203A5043
65707845
64657463
6C617620
75206575
6176616E
62616C69
203A656C
6F636572
7274736E
65746375
69732064
74616E67
20657275
64616F6C
20736920
20746F6E
4745524C
6152202E
6E692077
75727473
6F697463
00203A6E
50435652
7845203A
74636570
76206465
65756C61
616E7520
6C696176
656C6261
6572203A
736E6F63
63757274
20646574
6E676973
72757461
6F702065
65746E69
73692072
766E6920
64696C61
6F50202E
65746E69
00203A72
50435652
4E45203A
464F2044
42454420
49204755
524F464E
4954414D
0A0A4E4F
6C666600
0A736761
73655400
73616374
69732065
74616E67
20657275
616E6163
6D207972
616D7369
21686374
43565200
3D203A50
3D3D3D3D
41525420
41462050
52554C49
49442045
4F4E4741
43495453
3D3D2053
0A3D3D3D
43565200
46203A50
756C6961
203A6572
43565200
45203A50
63657078
20646574
70617274
67697320
7574616E
62206572
20657479
6E756F63
00203A74
50435652
6341203A
6C617574
61727420
69732070
74616E67
20657275
65747962
756F6320
203A746E
20202020
52002020
3A504356
41494420
534F4E47
203A5349
20545544
6F636572
64656472
54584520
74204152
73706172
52000A2E
3A504356
41494420
534F4E47
203A5349
20545544
6F636572
64656472
57454620
74205245
73706172
696D2820
6E697373
72742067
29737061
52000A2E
3A504356
61725420
69732070
74616E67
20657275
65747962
66696420
65726566
3A65636E
56520020
203A5043
544E4948
7845203A
20617274
70617274
616D2073
6E692079
61636964
203A6574
72757073
73756F69
746E6920
75727265
2C737470
636E6920
6572726F
65207463
70656378
6E6F6974
4356520A
20203A50
20202020
6C656420
74616765
2C6E6F69
6F727720
7020676E
69766972
6567656C
646F6D20
74612065
736E6920
63757274
6E6F6974
65786520
69747563
202C6E6F
6120726F
56520A6E
203A5043
20202020
6E692020
75727473
6F697463
6163206E
6E697375
20612067
6C756166
68742074
73207461
6C756F68
6F6E2064
61662074
20746C75
74206E6F
20736968
2E545544
5652000A
203A5043
544E4948
694D203A
6E697373
72742067
20737061
2079616D
69646E69
65746163
7865203A
74706563
206E6F69
20746F6E
73696172
77206465
206E6568
65707865
64657463
56520A2C
203A5043
20202020
6E692020
72726F63
20746365
20525343
74617473
72702065
6E657665
676E6974
61727420
65282070
202E672E
20454978
61736964
64656C62
74202C29
0A706172
50435652
2020203A
20202020
656C6564
69746167
63206E6F
69737561
6820676E
6C646E61
69207265
7277206E
20676E6F
65646F6D
726F202C
504D5020
6761702F
61662065
20746C75
7373696D
0A2E6465
43565200
54203A50
20706172
646E6168
2072656C
65646F6D
4D00203A
646F6D2D
53000A65
646F6D2D
48000A65
6F6D2D53
000A6564
6D2D5356
0A65646F
6B6E5500
6E776F6E
5652000A
203A5043
6D73694D
68637461
20676E69
6C656966
00203A64
74636556
4D2B726F
2B65646F
74617453
77207375
2064726F
61727428
69732070
74616E67
20657275
64726F77
0A293020
41435800
20455355
61727428
69732070
74616E67
20657275
64726F77
0A293120
50455800
74282043
20706172
6E676973
72757461
6F772065
32206472
58000A29
4C415654
72742820
73207061
616E6769
65727574
726F7720
29332064
4958000A
74282050
20706172
6E676973
72757461
6F772065
32206472
6E69202C
72726574
29747075
544D000A
324C4156
72742820
73207061
616E6769
65727574
726F7720
2C342064
70796820
69767265
29726F73
544D000A
54534E49
72742820
73207061
616E6769
65727574
726F7720
2C352064
70796820
69767265
29726F73
7845000A
6E726574
49206C61
7265746E
74707572
20444920
61727428
69732070
74616E67
20657275
64726F77
0A293320
6B6E5500
6E776F6E
65696620
000A646C
50435652
7845203A
74636570
76206465
65756C61
5200203A
3A504356
74634120
206C6175
756C6176
20203A65
56520020
203A5043
65707845
64657463
75616320
203A6573
43565200
41203A50
61757463
6163206C
3A657375
00202020
50435652
7543203A
6E657272
454D2074
203A4350
52002020
3A504356
726E5520
676F6365
657A696E
72742064
66207061
756C6961
63206572
65746E6F
202E7478
6E697250
676E6974
61766120
62616C69
4320656C
73205253
65746174
52000A3A
3A504356
4E494820
56203A54
6F746365
6F4D2B72
77206564
2064726F
6D73696D
68637461
79616D20
646E6920
74616369
74203A65
20706172
646E6168
2064656C
77206E69
676E6F72
4356520A
20203A50
20202020
69727020
656C6976
6D206567
2065646F
65686328
6D206B63
6C656465
6D2F6765
6C656469
2C296765
636E6920
6572726F
6D207463
74617473
66207375
646C6569
56520A73
203A5043
20202020
4D282020
532F5050
4D2F5050
2C295650
20726F20
6E6F7277
65762067
726F7463
69206465
7265746E
74707572
746E6520
0A2E7972
43565200
48203A50
3A544E49
41435820
20455355
6D73696D
68637461
61656D20
6120736E
66696420
65726566
6520746E
70656378
6E6F6974
20726F20
65746E69
70757272
79742074
77206570
520A7361
3A504356
20202020
6F202020
72657362
2E646576
65684320
203A6B63
74736E69
74637572
206E6F69
6F636E65
676E6964
726F6320
74636572
7373656E
5343202C
63612052
73736563
6C696269
0A797469
50435652
2020203A
20202020
63207461
65727275
7020746E
69766972
6567656C
4D50202C
61702F50
74206567
656C6261
6E6F6320
75676966
69746172
202C6E6F
65747865
6F69736E
7573206E
726F7070
000A2E74
50435652
4948203A
203A544E
43504558
73696D20
6374616D
656D2068
20736E61
20656874
70617274
63636F20
65727275
74612064
64206120
65666669
746E6572
736E6920
63757274
6E6F6974
56520A2E
203A5043
20202020
68542020
63207369
646C756F
646E6920
74616369
64203A65
65666669
746E6572
646F6320
616C2065
74756F79
696C2820
72656B6E
73736920
2C296575
736E6920
63757274
6E6F6974
4356520A
20203A50
20202020
696C6120
656D6E67
6420746E
65666669
636E6572
6F202C65
20612072
63657270
6E696465
6E692067
75727473
6F697463
6163206E
6E697375
6E612067
656E7520
63657078
20646574
70617274
52000A2E
3A504356
4E494820
58203A54
4C415654
73696D20
6374616D
46202E68
6920726F
67656C6C
69206C61
7274736E
69746375
2C736E6F
76747820
73206C61
6C756F68
6F632064
6961746E
6874206E
56520A65
203A5043
20202020
6E692020
75727473
6F697463
6E65206E
69646F63
2820676E
3020726F
46202E29
6120726F
65726464
66207373
746C7561
69202C73
68732074
646C756F
6E6F6320
6E696174
65687420
4356520A
20203A50
20202020
75616620
6E69746C
64612067
73657264
43202E73
6B636568
54554420
78207327
6C617674
70657220
6974726F
6220676E
76616865
2E726F69
5652000A
203A5043
544E4948
4958203A
696D2050
74616D73
6D206863
736E6165
746E6920
75727265
70207470
69646E65
6220676E
20737469
66666964
202E7265
63656843
69203A6B
7265746E
74707572
4356520A
20203A50
20202020
6E6F6320
6C6F7274
2072656C
666E6F63
72756769
6F697461
52202C6E
444F4D56
69204C45
7265746E
74707572
74657320
656C632F
6D207261
6F726361
74202C73
72656D69
4356520A
20203A50
20202020
6E6F6320
75676966
69746172
28206E6F
6D69746D
746D2F65
63656D69
2C29706D
646E6120
6C656420
74616765
206E6F69
74746573
73676E69
0A000A2E
42532D54
52452049
3A524F52
71657220
74736575
69206465
7274736E
69746375
6E206E6F
6620746F
646E756F
206E6920
69627374
736E695F
745F7274
656C6261
0000203A
00000000
00000000
6F5CA309
00000000
8E653800
DCC50C08
00000045
FF779991
FD6B5609
05EB0040
00000000
00000011
000000AC
25FF8832
339C4009
00000306
00000201
0000065B
F5EA0C00
ED291405
0000061C
00000488
00000000
6C24F850
22FD3205
00000001
EAFD0235
0542A100
00000011
0181F203
B1457043
B04CEA10
00000404
24C7F804
00000222
00000000
F3720005
AAA11804
00000310
00000001
00000520
00000002
E9937104
E13A145D
5A9DC158
3985F84B
0000022B
00000384
00000020
5BC034C4
00000420
00000584
00000004
00000010
00000000
0000000C
00000210
27CF9040
00000088
63994844
3CD43329
BEB09042
00000464
BAFB9040
00000000
92E3CA52
00000000
00000000
00000001
00000002
00000000
00000001
0000060B
00000102
0000044A
00000026
5BBC8842
00000228
00000454
00000000
00000000
00000000
00000000
00000000
00000000
00000000
00000000
00000000
00000000
00000000
00000000
00000000
00000000
00000000
00000000
00000000
00000000
00000000
00000000
00000000
00000001
00000000
00000001
00000000
00000000
00000000
00000000
00000000
00000000
00000000
00000000
00000001
00000000
00000001
00000001
00000000
00000001
00000000
00000001
00000000
00000000
00000002
00000002
00000000
00000000
00000000
00000000
00000000
00000000
00000000
00000000
00000002
00000000
00000002
00000002
00000000
00000000
00000002
00000002
00000000
00000000
00000000
00000000
00000000
00000000
00000000
00000000
00000000
00000000
00000000
00000000
00000000
00000000
00000000
00000000
80000000
80000000
80000000
80000000
00000000
00000001
00000000
00000001
00000000
00000000
00000000
00000000
00000000
00000000
00000000
00000000
00000001
00000000
00000001
00000001
80000000
80000001
80000000
80000001
00000000
00000001
00000002
00000003
00000004
00000008
00000010
00000020
00000040
00000080
00000100
00000200
000003FF
00000400
00000703
000007FF
7FFFF800
7FFFF801
7FFFFFFE
7FFFFFFF
00000000
00000000
00000002
00000002
00000004
00000008
00000010
00000020
00000040
00000080
00000100
00000200
000003FE
00000400
00000702
000007FE
7FFFF800
7FFFF800
7FFFFFFE
7FFFFFFE
00000000
00000001
00000002
00000003
00000004
00000008
00000010
00000020
00000040
00000080
00000100
00000200
000003FF
00000400
00000703
000007FF
FFFFF800
FFFFF801
FFFFFFFE
FFFFFFFF
00000000
00000000
00000002
00000002
00000004
00000008
00000010
00000020
00000040
00000080
00000100
00000200
000003FE
00000400
00000702
000007FE
FFFFF800
FFFFF800
FFFFFFFE
FFFFFFFE
00000000
00000000
00000002
00000002
00000000
00000000
00000010
00000020
00000040
00000000
00000000
00000000
00000072
00000000
00000002
00000072
5BBC8800
5BBC8800
5BBC8872
5BBC8872
00000000
00000000
00000002
00000002
00000000
00000008
00000000
00000020
00000000
00000080
00000000
00000200
000002AA
00000000
00000202
000002AA
AAAAA800
AAAAA800
AAAAAAAA
AAAAAAAA
00000000
00000001
00000000
00000001
00000004
00000000
00000010
00000000
00000040
00000000
00000100
00000000
00000155
00000400
00000501
00000555
55555000
55555001
55555554
55555555
00000000
00000583
00000208
00000118
00000000
00000282
E7C6EA10
00000000
00000341
DE1D4888
00000406
8F95FB90
DDE2E222
00000490
A05D0A10
00000002
8CD38440
86009BD0
00000240
00000404
00000000
8FEDCA86
00000694
39A2E0C8
E33D325A
000000DC
00000000
00000410
2058F106
00000008
00000444
00000122
00000000
00000001
00000002
00000003
00000004
00000008
00000000
00000000
00000000
00000000
00000000
00000000
00000282
00000400
00000202
00000334
AE139800
55E6B800
6E9766F0
8EC41A90
DEADBEEF
DEADBEEF
DEADBEEF
DEADBEEF
DEADBEEF
DEADBEEF
DEADBEEF
DEADBEEF
DEADBEEF
DEADBEEF
7A110FF5
00000000
D3A91F6C
DEADBEEF
DEADBEEF
DEADBEEF
DEADBEEF
DEADBEEF
DEADBEEF
DEADBEEF
DEADBEEF
DEADBEEF
DEADBEEF
DEADBEEF
DEADBEEF
DEADBEEF
DEADBEEF
DEADBEEF
DEADBEEF
DEADBEEF
DEADBEEF
DEADBEEF
DEADBEEF
DEADBEEF
DEADBEEF
DEADBEEF
DEADBEEF
DEADBEEF
DEADBEEF
DEADBEEF
DEADBEEF
DEADBEEF
DEADBEEF
DEADBEEF
DEADBEEF
DEADBEEF
DEADBEEF
DEADBEEF
DEADBEEF
DEADBEEF
DEADBEEF
DEADBEEF
DEADBEEF
DEADBEEF
DEADBEEF
DEADBEEF
DEADBEEF
DEADBEEF
DEADBEEF
DEADBEEF
DEADBEEF
DEADBEEF
DEADBEEF
DEADBEEF
DEADBEEF
DEADBEEF
DEADBEEF
DEADBEEF
DEADBEEF
DEADBEEF
DEADBEEF
DEADBEEF
DEADBEEF
DEADBEEF
DEADBEEF
DEADBEEF
DEADBEEF
DEADBEEF
DEADBEEF
DEADBEEF
DEADBEEF
DEADBEEF
DEADBEEF
DEADBEEF
DEADBEEF
DEADBEEF
DEADBEEF
DEADBEEF
DEADBEEF
DEADBEEF
DEADBEEF
DEADBEEF
DEADBEEF
DEADBEEF
DEADBEEF
DEADBEEF
DEADBEEF
DEADBEEF
DEADBEEF
DEADBEEF
DEADBEEF
DEADBEEF
DEADBEEF
DEADBEEF
DEADBEEF
DEADBEEF
DEADBEEF
DEADBEEF
DEADBEEF
DEADBEEF
DEADBEEF
DEADBEEF
DEADBEEF
DEADBEEF
DEADBEEF
DEADBEEF
DEADBEEF
DEADBEEF
DEADBEEF
DEADBEEF
DEADBEEF
DEADBEEF
DEADBEEF
DEADBEEF
DEADBEEF
DEADBEEF
DEADBEEF
DEADBEEF
DEADBEEF
DEADBEEF
DEADBEEF
DEADBEEF
DEADBEEF
DEADBEEF
DEADBEEF
DEADBEEF
DEADBEEF
DEADBEEF
DEADBEEF
DEADBEEF
DEADBEEF
DEADBEEF
DEADBEEF
DEADBEEF
DEADBEEF
DEADBEEF
DEADBEEF
DEADBEEF
DEADBEEF
DEADBEEF
DEADBEEF
DEADBEEF
DEADBEEF
DEADBEEF
DEADBEEF
DEADBEEF
DEADBEEF
DEADBEEF
DEADBEEF
DEADBEEF
DEADBEEF
DEADBEEF
DEADBEEF
DEADBEEF
DEADBEEF
DEADBEEF
DEADBEEF
DEADBEEF
DEADBEEF
DEADBEEF
DEADBEEF
DEADBEEF
DEADBEEF
DEADBEEF
DEADBEEF
DEADBEEF
DEADBEEF
DEADBEEF
DEADBEEF
DEADBEEF
DEADBEEF
DEADBEEF
DEADBEEF
DEADBEEF
DEADBEEF
DEADBEEF
DEADBEEF
DEADBEEF
DEADBEEF
DEADBEEF
DEADBEEF
DEADBEEF
DEADBEEF
DEADBEEF
DEADBEEF
DEADBEEF
DEADBEEF
DEADBEEF
DEADBEEF
DEADBEEF
DEADBEEF
DEADBEEF
DEADBEEF
DEADBEEF
DEADBEEF
DEADBEEF
DEADBEEF
DEADBEEF
DEADBEEF
DEADBEEF
DEADBEEF
DEADBEEF
DEADBEEF
DEADBEEF
DEADBEEF
DEADBEEF
DEADBEEF
DEADBEEF
DEADBEEF
DEADBEEF
DEADBEEF
DEADBEEF
DEADBEEF
DEADBEEF
DEADBEEF
DEADBEEF
DEADBEEF
DEADBEEF
DEADBEEF
DEADBEEF
DEADBEEF
DEADBEEF
DEADBEEF
DEADBEEF
DEADBEEF
DEADBEEF
DEADBEEF
DEADBEEF
DEADBEEF
DEADBEEF
DEADBEEF
DEADBEEF
DEADBEEF
DEADBEEF
DEADBEEF
DEADBEEF
DEADBEEF
DEADBEEF
DEADBEEF
DEADBEEF
DEADBEEF
DEADBEEF
DEADBEEF
DEADBEEF
DEADBEEF
DEADBEEF
DEADBEEF
DEADBEEF
DEADBEEF
DEADBEEF
DEADBEEF
DEADBEEF
DEADBEEF
DEADBEEF
DEADBEEF
DEADBEEF
DEADBEEF
DEADBEEF
DEADBEEF
DEADBEEF
DEADBEEF
DEADBEEF
DEADBEEF
DEADBEEF
DEADBEEF
DEADBEEF
DEADBEEF
DEADBEEF
DEADBEEF
DEADBEEF
DEADBEEF
DEADBEEF
DEADBEEF
DEADBEEF
DEADBEEF
DEADBEEF
DEADBEEF
DEADBEEF
DEADBEEF
DEADBEEF
DEADBEEF
DEADBEEF
DEADBEEF
DEADBEEF
DEADBEEF
DEADBEEF
DEADBEEF
DEADBEEF
DEADBEEF
DEADBEEF
DEADBEEF
DEADBEEF
DEADBEEF
DEADBEEF
DEADBEEF
DEADBEEF
DEADBEEF
DEADBEEF
DEADBEEF
DEADBEEF
DEADBEEF
DEADBEEF
DEADBEEF
DEADBEEF
DEADBEEF
DEADBEEF
DEADBEEF
DEADBEEF
DEADBEEF
DEADBEEF
DEADBEEF
DEADBEEF
DEADBEEF
DEADBEEF
DEADBEEF
DEADBEEF
DEADBEEF
DEADBEEF
DEADBEEF
DEADBEEF
DEADBEEF
DEADBEEF
DEADBEEF
DEADBEEF
DEADBEEF
DEADBEEF
DEADBEEF
DEADBEEF
DEADBEEF
DEADBEEF
DEADBEEF
DEADBEEF
DEADBEEF
DEADBEEF
DEADBEEF
DEADBEEF
DEADBEEF
DEADBEEF
DEADBEEF
DEADBEEF
DEADBEEF
DEADBEEF
DEADBEEF
DEADBEEF
DEADBEEF
DEADBEEF
DEADBEEF
DEADBEEF
DEADBEEF
DEADBEEF
DEADBEEF
DEADBEEF
DEADBEEF
DEADBEEF
DEADBEEF
DEADBEEF
DEADBEEF
DEADBEEF
DEADBEEF
DEADBEEF
DEADBEEF
DEADBEEF
DEADBEEF
DEADBEEF
DEADBEEF
DEADBEEF
DEADBEEF
DEADBEEF
DEADBEEF
DEADBEEF
DEADBEEF
DEADBEEF
DEADBEEF
DEADBEEF
DEADBEEF
DEADBEEF
DEADBEEF
DEADBEEF
DEADBEEF
DEADBEEF
DEADBEEF
DEADBEEF
DEADBEEF
DEADBEEF
DEADBEEF
DEADBEEF
DEADBEEF
DEADBEEF
DEADBEEF
DEADBEEF
DEADBEEF
DEADBEEF
DEADBEEF
DEADBEEF
DEADBEEF
DEADBEEF
DEADBEEF
DEADBEEF
DEADBEEF
DEADBEEF
DEADBEEF
DEADBEEF
DEADBEEF
DEADBEEF
DEADBEEF
DEADBEEF
DEADBEEF
DEADBEEF
DEADBEEF
DEADBEEF
DEADBEEF
DEADBEEF
DEADBEEF
DEADBEEF
DEADBEEF
DEADBEEF
DEADBEEF
DEADBEEF
DEADBEEF
DEADBEEF
DEADBEEF
DEADBEEF
DEADBEEF
DEADBEEF
DEADBEEF
DEADBEEF
DEADBEEF
DEADBEEF
DEADBEEF
DEADBEEF
DEADBEEF
DEADBEEF
DEADBEEF
DEADBEEF
DEADBEEF
DEADBEEF
DEADBEEF
DEADBEEF
DEADBEEF
DEADBEEF
DEADBEEF
DEADBEEF
DEADBEEF
DEADBEEF
DEADBEEF
DEADBEEF
DEADBEEF
DEADBEEF
DEADBEEF
DEADBEEF
DEADBEEF
DEADBEEF
DEADBEEF
DEADBEEF
DEADBEEF
DEADBEEF
DEADBEEF
DEADBEEF
DEADBEEF
DEADBEEF
DEADBEEF
DEADBEEF
DEADBEEF
DEADBEEF
DEADBEEF
DEADBEEF
DEADBEEF
DEADBEEF
DEADBEEF
DEADBEEF
DEADBEEF
DEADBEEF
DEADBEEF
DEADBEEF
DEADBEEF
DEADBEEF
DEADBEEF
DEADBEEF
DEADBEEF
DEADBEEF
DEADBEEF
DEADBEEF
DEADBEEF
DEADBEEF
DEADBEEF
DEADBEEF
DEADBEEF
DEADBEEF
DEADBEEF
DEADBEEF
DEADBEEF
DEADBEEF
DEADBEEF
DEADBEEF
DEADBEEF
DEADBEEF
DEADBEEF
DEADBEEF
DEADBEEF
DEADBEEF
DEADBEEF
DEADBEEF
DEADBEEF
DEADBEEF
DEADBEEF
DEADBEEF
DEADBEEF
DEADBEEF
DEADBEEF
DEADBEEF
DEADBEEF
DEADBEEF
DEADBEEF
DEADBEEF
DEADBEEF
DEADBEEF
DEADBEEF
DEADBEEF
DEADBEEF
DEADBEEF
DEADBEEF
DEADBEEF
DEADBEEF
DEADBEEF
DEADBEEF
DEADBEEF
DEADBEEF
DEADBEEF
DEADBEEF
DEADBEEF
DEADBEEF
DEADBEEF
DEADBEEF
DEADBEEF
DEADBEEF
DEADBEEF
DEADBEEF
DEADBEEF
DEADBEEF
DEADBEEF
DEADBEEF
DEADBEEF
DEADBEEF
DEADBEEF
DEADBEEF
DEADBEEF
DEADBEEF
DEADBEEF
DEADBEEF
DEADBEEF
DEADBEEF
DEADBEEF
DEADBEEF
DEADBEEF
DEADBEEF
DEADBEEF
DEADBEEF
DEADBEEF
DEADBEEF
DEADBEEF
DEADBEEF
DEADBEEF
DEADBEEF
DEADBEEF
DEADBEEF
DEADBEEF
DEADBEEF
DEADBEEF
DEADBEEF
DEADBEEF
DEADBEEF
DEADBEEF
DEADBEEF
DEADBEEF
DEADBEEF
DEADBEEF
DEADBEEF
DEADBEEF
DEADBEEF
DEADBEEF
DEADBEEF
DEADBEEF
DEADBEEF
DEADBEEF
DEADBEEF
DEADBEEF
DEADBEEF
DEADBEEF
DEADBEEF
DEADBEEF
DEADBEEF
DEADBEEF
DEADBEEF
DEADBEEF
DEADBEEF
DEADBEEF
DEADBEEF
DEADBEEF
DEADBEEF
DEADBEEF
DEADBEEF
DEADBEEF
DEADBEEF
DEADBEEF
DEADBEEF
DEADBEEF
DEADBEEF
DEADBEEF
DEADBEEF
DEADBEEF
DEADBEEF
DEADBEEF
DEADBEEF
DEADBEEF
DEADBEEF
DEADBEEF
DEADBEEF
DEADBEEF
DEADBEEF
DEADBEEF
DEADBEEF
DEADBEEF
DEADBEEF
DEADBEEF
DEADBEEF
DEADBEEF
DEADBEEF
DEADBEEF
DEADBEEF
DEADBEEF
DEADBEEF
DEADBEEF
DEADBEEF
DEADBEEF
DEADBEEF
DEADBEEF
DEADBEEF
DEADBEEF
DEADBEEF
DEADBEEF
DEADBEEF
DEADBEEF
DEADBEEF
DEADBEEF
DEADBEEF
DEADBEEF
DEADBEEF
DEADBEEF
DEADBEEF
DEADBEEF
DEADBEEF
DEADBEEF
DEADBEEF
DEADBEEF
DEADBEEF
DEADBEEF
DEADBEEF
DEADBEEF
DEADBEEF
DEADBEEF
DEADBEEF
DEADBEEF
DEADBEEF
DEADBEEF
DEADBEEF
DEADBEEF
DEADBEEF
DEADBEEF
DEADBEEF
DEADBEEF
DEADBEEF
DEADBEEF
DEADBEEF
DEADBEEF
DEADBEEF
DEADBEEF
DEADBEEF
DEADBEEF
DEADBEEF
DEADBEEF
DEADBEEF
DEADBEEF
DEADBEEF
DEADBEEF
DEADBEEF
DEADBEEF
DEADBEEF
DEADBEEF
DEADBEEF
DEADBEEF
DEADBEEF
DEADBEEF
DEADBEEF
DEADBEEF
DEADBEEF
DEADBEEF
DEADBEEF
DEADBEEF
DEADBEEF
DEADBEEF
DEADBEEF
DEADBEEF
DEADBEEF
DEADBEEF
DEADBEEF
DEADBEEF
DEADBEEF
DEADBEEF
DEADBEEF
DEADBEEF
DEADBEEF
DEADBEEF
DEADBEEF
DEADBEEF
DEADBEEF
DEADBEEF
DEADBEEF
DEADBEEF
DEADBEEF
DEADBEEF
DEADBEEF
DEADBEEF
DEADBEEF
DEADBEEF
DEADBEEF
DEADBEEF
DEADBEEF
DEADBEEF
DEADBEEF
DEADBEEF
DEADBEEF
DEADBEEF
DEADBEEF
DEADBEEF
DEADBEEF
DEADBEEF
DEADBEEF
DEADBEEF
DEADBEEF
DEADBEEF
DEADBEEF
DEADBEEF
DEADBEEF
DEADBEEF
DEADBEEF
DEADBEEF
DEADBEEF
DEADBEEF
DEADBEEF
DEADBEEF
DEADBEEF
DEADBEEF
DEADBEEF
DEADBEEF
DEADBEEF
DEADBEEF
DEADBEEF
DEADBEEF
DEADBEEF
DEADBEEF
DEADBEEF
DEADBEEF
DEADBEEF
DEADBEEF
DEADBEEF
DEADBEEF
DEADBEEF
DEADBEEF
DEADBEEF
DEADBEEF
DEADBEEF
DEADBEEF
DEADBEEF
DEADBEEF
DEADBEEF
DEADBEEF
DEADBEEF
DEADBEEF
DEADBEEF
DEADBEEF
DEADBEEF
DEADBEEF
DEADBEEF
DEADBEEF
DEADBEEF
DEADBEEF
DEADBEEF
DEADBEEF
DEADBEEF
DEADBEEF
DEADBEEF
DEADBEEF
DEADBEEF
DEADBEEF
DEADBEEF
DEADBEEF
DEADBEEF
DEADBEEF
DEADBEEF
DEADBEEF
DEADBEEF
DEADBEEF
DEADBEEF
DEADBEEF
DEADBEEF
DEADBEEF
DEADBEEF
DEADBEEF
DEADBEEF
DEADBEEF
DEADBEEF
DEADBEEF
DEADBEEF
DEADBEEF
DEADBEEF
DEADBEEF
DEADBEEF
DEADBEEF
DEADBEEF
DEADBEEF
DEADBEEF
DEADBEEF
DEADBEEF
DEADBEEF
DEADBEEF
DEADBEEF
DEADBEEF
DEADBEEF
DEADBEEF
DEADBEEF
DEADBEEF
DEADBEEF
DEADBEEF
DEADBEEF
DEADBEEF
DEADBEEF
DEADBEEF
DEADBEEF
DEADBEEF
DEADBEEF
DEADBEEF
DEADBEEF
DEADBEEF
DEADBEEF
DEADBEEF
DEADBEEF
DEADBEEF
DEADBEEF
DEADBEEF
DEADBEEF
DEADBEEF
DEADBEEF
DEADBEEF
DEADBEEF
DEADBEEF
DEADBEEF
DEADBEEF
DEADBEEF
DEADBEEF
DEADBEEF
DEADBEEF
DEADBEEF
DEADBEEF
DEADBEEF
DEADBEEF
DEADBEEF
DEADBEEF
DEADBEEF
DEADBEEF
DEADBEEF
DEADBEEF
DEADBEEF
DEADBEEF
DEADBEEF
DEADBEEF
DEADBEEF
DEADBEEF
DEADBEEF
DEADBEEF
DEADBEEF
DEADBEEF
DEADBEEF
DEADBEEF
DEADBEEF
DEADBEEF
DEADBEEF
DEADBEEF
DEADBEEF
DEADBEEF
DEADBEEF
DEADBEEF
DEADBEEF
DEADBEEF
DEADBEEF
DEADBEEF
DEADBEEF
DEADBEEF
DEADBEEF
DEADBEEF
DEADBEEF
DEADBEEF
DEADBEEF
DEADBEEF
DEADBEEF
DEADBEEF
DEADBEEF
DEADBEEF
DEADBEEF
DEADBEEF
DEADBEEF
DEADBEEF
DEADBEEF
DEADBEEF
DEADBEEF
DEADBEEF
DEADBEEF
DEADBEEF
DEADBEEF
DEADBEEF
DEADBEEF
DEADBEEF
DEADBEEF
DEADBEEF
DEADBEEF
DEADBEEF
DEADBEEF
DEADBEEF
DEADBEEF
DEADBEEF
DEADBEEF
DEADBEEF
DEADBEEF
DEADBEEF
DEADBEEF
DEADBEEF
DEADBEEF
DEADBEEF
DEADBEEF
DEADBEEF
DEADBEEF
DEADBEEF
DEADBEEF
DEADBEEF
DEADBEEF
DEADBEEF
DEADBEEF
DEADBEEF
DEADBEEF
DEADBEEF
DEADBEEF
DEADBEEF
DEADBEEF
DEADBEEF
DEADBEEF
DEADBEEF
DEADBEEF
DEADBEEF
DEADBEEF
DEADBEEF
DEADBEEF
DEADBEEF
DEADBEEF
DEADBEEF
DEADBEEF
DEADBEEF
DEADBEEF
DEADBEEF
DEADBEEF
DEADBEEF
DEADBEEF
DEADBEEF
DEADBEEF
DEADBEEF
DEADBEEF
DEADBEEF
DEADBEEF
DEADBEEF
DEADBEEF
DEADBEEF
DEADBEEF
DEADBEEF
DEADBEEF
DEADBEEF
DEADBEEF
DEADBEEF
DEADBEEF
DEADBEEF
DEADBEEF
DEADBEEF
DEADBEEF
DEADBEEF
DEADBEEF
DEADBEEF
DEADBEEF
DEADBEEF
DEADBEEF
DEADBEEF
DEADBEEF
DEADBEEF
DEADBEEF
DEADBEEF
DEADBEEF
DEADBEEF
DEADBEEF
DEADBEEF
DEADBEEF
DEADBEEF
DEADBEEF
DEADBEEF
DEADBEEF
DEADBEEF
DEADBEEF
DEADBEEF
DEADBEEF
DEADBEEF
DEADBEEF
DEADBEEF
DEADBEEF
DEADBEEF
DEADBEEF
DEADBEEF
DEADBEEF
DEADBEEF
DEADBEEF
DEADBEEF
DEADBEEF
DEADBEEF
DEADBEEF
DEADBEEF
DEADBEEF
DEADBEEF
DEADBEEF
DEADBEEF
DEADBEEF
DEADBEEF
DEADBEEF
DEADBEEF
DEADBEEF
DEADBEEF
DEADBEEF
DEADBEEF
DEADBEEF
DEADBEEF
DEADBEEF
DEADBEEF
DEADBEEF
DEADBEEF
DEADBEEF
DEADBEEF
DEADBEEF
DEADBEEF
DEADBEEF
DEADBEEF
DEADBEEF
DEADBEEF
DEADBEEF
DEADBEEF
DEADBEEF
DEADBEEF
DEADBEEF
DEADBEEF
DEADBEEF
DEADBEEF
DEADBEEF
DEADBEEF
DEADBEEF
DEADBEEF
DEADBEEF
DEADBEEF
DEADBEEF
DEADBEEF
DEADBEEF
DEADBEEF
DEADBEEF
DEADBEEF
DEADBEEF
DEADBEEF
DEADBEEF
DEADBEEF
DEADBEEF
DEADBEEF
DEADBEEF
DEADBEEF
DEADBEEF
DEADBEEF
DEADBEEF
DEADBEEF
DEADBEEF
DEADBEEF
DEADBEEF
DEADBEEF
DEADBEEF
DEADBEEF
DEADBEEF
DEADBEEF
DEADBEEF
DEADBEEF
DEADBEEF
DEADBEEF
DEADBEEF
DEADBEEF
DEADBEEF
DEADBEEF
DEADBEEF
DEADBEEF
DEADBEEF
DEADBEEF
DEADBEEF
DEADBEEF
DEADBEEF
DEADBEEF
DEADBEEF
DEADBEEF
DEADBEEF
DEADBEEF
DEADBEEF
DEADBEEF
DEADBEEF
DEADBEEF
DEADBEEF
DEADBEEF
DEADBEEF
DEADBEEF
DEADBEEF
DEADBEEF
DEADBEEF
DEADBEEF
DEADBEEF
DEADBEEF
DEADBEEF
DEADBEEF
DEADBEEF
DEADBEEF
DEADBEEF
DEADBEEF
DEADBEEF
DEADBEEF
DEADBEEF
DEADBEEF
DEADBEEF
DEADBEEF
DEADBEEF
DEADBEEF
DEADBEEF
DEADBEEF
DEADBEEF
DEADBEEF
DEADBEEF
DEADBEEF
DEADBEEF
DEADBEEF
DEADBEEF
DEADBEEF
DEADBEEF
DEADBEEF
DEADBEEF
DEADBEEF
DEADBEEF
DEADBEEF
DEADBEEF
DEADBEEF
DEADBEEF
DEADBEEF
DEADBEEF
DEADBEEF
DEADBEEF
DEADBEEF
DEADBEEF
DEADBEEF
DEADBEEF
DEADBEEF
DEADBEEF
DEADBEEF
DEADBEEF
DEADBEEF
DEADBEEF
DEADBEEF
DEADBEEF
DEADBEEF
DEADBEEF
DEADBEEF
DEADBEEF
DEADBEEF
DEADBEEF
DEADBEEF
DEADBEEF
DEADBEEF
DEADBEEF
DEADBEEF
DEADBEEF
DEADBEEF
DEADBEEF
DEADBEEF
DEADBEEF
DEADBEEF
DEADBEEF
DEADBEEF
DEADBEEF
DEADBEEF
DEADBEEF
DEADBEEF
DEADBEEF
DEADBEEF
DEADBEEF
DEADBEEF
DEADBEEF
DEADBEEF
DEADBEEF
DEADBEEF
DEADBEEF
DEADBEEF
DEADBEEF
DEADBEEF
DEADBEEF
DEADBEEF
DEADBEEF
DEADBEEF
DEADBEEF
DEADBEEF
DEADBEEF
DEADBEEF
DEADBEEF
DEADBEEF
DEADBEEF
DEADBEEF
DEADBEEF
DEADBEEF
DEADBEEF
DEADBEEF
DEADBEEF
DEADBEEF
DEADBEEF
DEADBEEF
DEADBEEF
DEADBEEF
DEADBEEF
DEADBEEF
DEADBEEF
DEADBEEF
DEADBEEF
DEADBEEF
DEADBEEF
DEADBEEF
DEADBEEF
DEADBEEF
DEADBEEF
DEADBEEF
DEADBEEF
DEADBEEF
DEADBEEF
DEADBEEF
DEADBEEF
DEADBEEF
DEADBEEF
DEADBEEF
DEADBEEF
DEADBEEF
DEADBEEF
DEADBEEF
DEADBEEF
DEADBEEF
DEADBEEF
DEADBEEF
DEADBEEF
DEADBEEF
DEADBEEF
DEADBEEF
DEADBEEF
DEADBEEF
DEADBEEF
DEADBEEF
DEADBEEF
DEADBEEF
DEADBEEF
DEADBEEF
DEADBEEF
DEADBEEF
DEADBEEF
DEADBEEF
DEADBEEF
DEADBEEF
DEADBEEF
DEADBEEF
DEADBEEF
DEADBEEF
DEADBEEF
DEADBEEF
DEADBEEF
DEADBEEF
DEADBEEF
DEADBEEF
DEADBEEF
DEADBEEF
DEADBEEF
DEADBEEF
DEADBEEF
DEADBEEF
DEADBEEF
DEADBEEF
DEADBEEF
DEADBEEF
DEADBEEF
DEADBEEF
DEADBEEF
DEADBEEF
DEADBEEF
DEADBEEF
DEADBEEF
DEADBEEF
DEADBEEF
DEADBEEF
DEADBEEF
DEADBEEF
DEADBEEF
DEADBEEF
DEADBEEF
DEADBEEF
DEADBEEF
DEADBEEF
DEADBEEF
DEADBEEF
DEADBEEF
DEADBEEF
DEADBEEF
DEADBEEF
DEADBEEF
DEADBEEF
DEADBEEF
DEADBEEF
DEADBEEF
DEADBEEF
DEADBEEF
DEADBEEF
DEADBEEF
DEADBEEF
DEADBEEF
DEADBEEF
DEADBEEF
DEADBEEF
DEADBEEF
DEADBEEF
DEADBEEF
DEADBEEF
DEADBEEF
DEADBEEF
DEADBEEF
DEADBEEF
DEADBEEF
DEADBEEF
DEADBEEF
DEADBEEF
DEADBEEF
DEADBEEF
DEADBEEF
DEADBEEF
DEADBEEF
DEADBEEF
DEADBEEF
DEADBEEF
DEADBEEF
DEADBEEF
DEADBEEF
DEADBEEF
DEADBEEF
DEADBEEF
DEADBEEF
DEADBEEF
DEADBEEF
DEADBEEF
DEADBEEF
DEADBEEF
DEADBEEF
DEADBEEF
DEADBEEF
DEADBEEF
DEADBEEF
DEADBEEF
DEADBEEF
DEADBEEF
DEADBEEF
DEADBEEF
DEADBEEF
DEADBEEF
DEADBEEF
DEADBEEF
DEADBEEF
DEADBEEF
DEADBEEF
DEADBEEF
DEADBEEF
DEADBEEF
DEADBEEF
DEADBEEF
DEADBEEF
DEADBEEF
DEADBEEF
DEADBEEF
DEADBEEF
DEADBEEF
DEADBEEF
DEADBEEF
DEADBEEF
DEADBEEF
DEADBEEF
DEADBEEF
DEADBEEF
DEADBEEF
DEADBEEF
DEADBEEF
DEADBEEF
DEADBEEF
DEADBEEF
DEADBEEF
DEADBEEF
DEADBEEF
DEADBEEF
DEADBEEF
DEADBEEF
DEADBEEF
DEADBEEF
DEADBEEF
DEADBEEF
DEADBEEF
DEADBEEF
DEADBEEF
DEADBEEF
DEADBEEF
DEADBEEF
DEADBEEF
DEADBEEF
DEADBEEF
DEADBEEF
DEADBEEF
DEADBEEF
DEADBEEF
DEADBEEF
DEADBEEF
DEADBEEF
DEADBEEF
DEADBEEF
DEADBEEF
DEADBEEF
DEADBEEF
DEADBEEF
DEADBEEF
DEADBEEF
DEADBEEF
DEADBEEF
DEADBEEF
DEADBEEF
DEADBEEF
DEADBEEF
DEADBEEF
DEADBEEF
DEADBEEF
DEADBEEF
DEADBEEF
DEADBEEF
DEADBEEF
DEADBEEF
DEADBEEF
DEADBEEF
DEADBEEF
DEADBEEF
DEADBEEF
DEADBEEF
DEADBEEF
DEADBEEF
DEADBEEF
DEADBEEF
DEADBEEF
DEADBEEF
DEADBEEF
DEADBEEF
DEADBEEF
DEADBEEF
DEADBEEF
DEADBEEF
DEADBEEF
DEADBEEF
DEADBEEF
DEADBEEF
DEADBEEF
DEADBEEF
DEADBEEF
DEADBEEF
DEADBEEF
DEADBEEF
DEADBEEF
DEADBEEF
DEADBEEF
DEADBEEF
DEADBEEF
DEADBEEF
DEADBEEF
DEADBEEF
DEADBEEF
DEADBEEF
DEADBEEF
DEADBEEF
DEADBEEF
DEADBEEF
DEADBEEF
DEADBEEF
DEADBEEF
DEADBEEF
DEADBEEF
DEADBEEF
DEADBEEF
DEADBEEF
DEADBEEF
DEADBEEF
DEADBEEF
DEADBEEF
DEADBEEF
DEADBEEF
DEADBEEF
DEADBEEF
DEADBEEF
DEADBEEF
DEADBEEF
DEADBEEF
DEADBEEF
DEADBEEF
DEADBEEF
DEADBEEF
DEADBEEF
DEADBEEF
DEADBEEF
DEADBEEF
DEADBEEF
DEADBEEF
DEADBEEF
DEADBEEF
DEADBEEF
DEADBEEF
DEADBEEF
DEADBEEF
DEADBEEF
DEADBEEF
DEADBEEF
DEADBEEF
DEADBEEF
DEADBEEF
DEADBEEF
DEADBEEF
DEADBEEF
DEADBEEF
DEADBEEF
DEADBEEF
DEADBEEF
DEADBEEF
DEADBEEF
DEADBEEF
DEADBEEF
DEADBEEF
DEADBEEF
DEADBEEF
DEADBEEF
DEADBEEF
DEADBEEF
DEADBEEF
DEADBEEF
DEADBEEF
DEADBEEF
DEADBEEF
DEADBEEF
DEADBEEF
DEADBEEF
DEADBEEF
DEADBEEF
DEADBEEF
DEADBEEF
DEADBEEF
DEADBEEF
DEADBEEF
DEADBEEF
DEADBEEF
DEADBEEF
DEADBEEF
DEADBEEF
DEADBEEF
DEADBEEF
DEADBEEF
DEADBEEF
DEADBEEF
DEADBEEF
DEADBEEF
DEADBEEF
DEADBEEF
DEADBEEF
DEADBEEF
DEADBEEF
DEADBEEF
DEADBEEF
DEADBEEF
DEADBEEF
DEADBEEF
DEADBEEF
DEADBEEF
DEADBEEF
DEADBEEF
DEADBEEF
DEADBEEF
DEADBEEF
DEADBEEF
DEADBEEF
DEADBEEF
DEADBEEF
DEADBEEF
DEADBEEF
DEADBEEF
DEADBEEF
DEADBEEF
DEADBEEF
DEADBEEF
DEADBEEF
DEADBEEF
DEADBEEF
DEADBEEF
DEADBEEF
DEADBEEF
DEADBEEF
DEADBEEF
DEADBEEF
DEADBEEF
DEADBEEF
DEADBEEF
DEADBEEF
DEADBEEF
DEADBEEF
DEADBEEF
DEADBEEF
DEADBEEF
DEADBEEF
DEADBEEF
DEADBEEF
DEADBEEF
DEADBEEF
DEADBEEF
DEADBEEF
DEADBEEF
DEADBEEF
DEADBEEF
DEADBEEF
DEADBEEF
DEADBEEF
DEADBEEF
DEADBEEF
DEADBEEF
DEADBEEF
DEADBEEF
DEADBEEF
DEADBEEF
DEADBEEF
DEADBEEF
DEADBEEF
DEADBEEF
DEADBEEF
DEADBEEF
DEADBEEF
DEADBEEF
DEADBEEF
DEADBEEF
DEADBEEF
DEADBEEF
DEADBEEF
DEADBEEF
DEADBEEF
DEADBEEF
DEADBEEF
DEADBEEF
DEADBEEF
DEADBEEF
DEADBEEF
DEADBEEF
DEADBEEF
DEADBEEF
DEADBEEF
DEADBEEF
DEADBEEF
DEADBEEF
DEADBEEF
DEADBEEF
DEADBEEF
DEADBEEF
DEADBEEF
DEADBEEF
DEADBEEF
DEADBEEF
DEADBEEF
DEADBEEF
DEADBEEF
DEADBEEF
DEADBEEF
DEADBEEF
DEADBEEF
DEADBEEF
DEADBEEF
DEADBEEF
DEADBEEF
DEADBEEF
DEADBEEF
DEADBEEF
DEADBEEF
DEADBEEF
DEADBEEF
DEADBEEF
DEADBEEF
DEADBEEF
DEADBEEF
DEADBEEF
DEADBEEF
DEADBEEF
DEADBEEF
DEADBEEF
DEADBEEF
DEADBEEF
DEADBEEF
DEADBEEF
DEADBEEF
DEADBEEF
DEADBEEF
DEADBEEF
DEADBEEF
DEADBEEF
DEADBEEF
DEADBEEF
DEADBEEF
DEADBEEF
DEADBEEF
DEADBEEF
DEADBEEF
DEADBEEF
DEADBEEF
DEADBEEF
DEADBEEF
DEADBEEF
DEADBEEF
DEADBEEF
DEADBEEF
DEADBEEF
DEADBEEF
DEADBEEF
DEADBEEF
DEADBEEF
DEADBEEF
DEADBEEF
DEADBEEF
DEADBEEF
DEADBEEF
DEADBEEF
DEADBEEF
DEADBEEF
DEADBEEF
DEADBEEF
DEADBEEF
DEADBEEF
DEADBEEF
DEADBEEF
DEADBEEF
DEADBEEF
DEADBEEF
DEADBEEF
DEADBEEF
DEADBEEF
DEADBEEF
DEADBEEF
DEADBEEF
DEADBEEF
DEADBEEF
DEADBEEF
DEADBEEF
DEADBEEF
DEADBEEF
DEADBEEF
DEADBEEF
DEADBEEF
DEADBEEF
DEADBEEF
DEADBEEF
DEADBEEF
DEADBEEF
DEADBEEF
DEADBEEF
DEADBEEF
DEADBEEF
DEADBEEF
DEADBEEF
DEADBEEF
DEADBEEF
DEADBEEF
DEADBEEF
DEADBEEF
DEADBEEF
DEADBEEF
DEADBEEF
DEADBEEF
DEADBEEF
DEADBEEF
DEADBEEF
DEADBEEF
DEADBEEF
DEADBEEF
DEADBEEF
DEADBEEF
DEADBEEF
DEADBEEF
DEADBEEF
DEADBEEF
DEADBEEF
DEADBEEF
DEADBEEF
DEADBEEF
DEADBEEF
DEADBEEF
DEADBEEF
DEADBEEF
DEADBEEF
DEADBEEF
DEADBEEF
DEADBEEF
DEADBEEF
DEADBEEF
DEADBEEF
DEADBEEF
DEADBEEF
DEADBEEF
DEADBEEF
DEADBEEF
DEADBEEF
DEADBEEF
DEADBEEF
DEADBEEF
DEADBEEF
DEADBEEF
DEADBEEF
DEADBEEF
DEADBEEF
DEADBEEF
DEADBEEF
DEADBEEF
DEADBEEF
DEADBEEF
DEADBEEF
DEADBEEF
DEADBEEF
DEADBEEF
DEADBEEF
DEADBEEF
DEADBEEF
DEADBEEF
DEADBEEF
DEADBEEF
DEADBEEF
DEADBEEF
DEADBEEF
DEADBEEF
DEADBEEF
DEADBEEF
DEADBEEF
DEADBEEF
DEADBEEF
DEADBEEF
DEADBEEF
DEADBEEF
DEADBEEF
DEADBEEF
DEADBEEF
DEADBEEF
DEADBEEF
DEADBEEF
DEADBEEF
DEADBEEF
DEADBEEF
DEADBEEF
DEADBEEF
DEADBEEF
DEADBEEF
DEADBEEF
DEADBEEF
DEADBEEF
DEADBEEF
DEADBEEF
DEADBEEF
DEADBEEF
DEADBEEF
DEADBEEF
DEADBEEF
DEADBEEF
DEADBEEF
DEADBEEF
DEADBEEF
DEADBEEF
DEADBEEF
DEADBEEF
DEADBEEF
DEADBEEF
DEADBEEF
DEADBEEF
DEADBEEF
DEADBEEF
DEADBEEF
DEADBEEF
DEADBEEF
DEADBEEF
DEADBEEF
DEADBEEF
DEADBEEF
DEADBEEF
DEADBEEF
DEADBEEF
DEADBEEF
DEADBEEF
DEADBEEF
DEADBEEF
DEADBEEF
DEADBEEF
DEADBEEF
DEADBEEF
DEADBEEF
DEADBEEF
DEADBEEF
DEADBEEF
DEADBEEF
DEADBEEF
DEADBEEF
DEADBEEF
DEADBEEF
DEADBEEF
DEADBEEF
DEADBEEF
DEADBEEF
DEADBEEF
DEADBEEF
DEADBEEF
DEADBEEF
DEADBEEF
DEADBEEF
DEADBEEF
DEADBEEF
DEADBEEF
DEADBEEF
DEADBEEF
DEADBEEF
DEADBEEF
DEADBEEF
DEADBEEF
DEADBEEF
DEADBEEF
DEADBEEF
DEADBEEF
DEADBEEF
DEADBEEF
DEADBEEF
DEADBEEF
DEADBEEF
DEADBEEF
DEADBEEF
DEADBEEF
DEADBEEF
DEADBEEF
DEADBEEF
DEADBEEF
DEADBEEF
DEADBEEF
DEADBEEF
DEADBEEF
DEADBEEF
DEADBEEF
DEADBEEF
DEADBEEF
DEADBEEF
DEADBEEF
DEADBEEF
DEADBEEF
DEADBEEF
DEADBEEF
DEADBEEF
DEADBEEF
DEADBEEF
DEADBEEF
DEADBEEF
DEADBEEF
DEADBEEF
DEADBEEF
DEADBEEF
DEADBEEF
DEADBEEF
DEADBEEF
DEADBEEF
DEADBEEF
DEADBEEF
DEADBEEF
DEADBEEF
DEADBEEF
DEADBEEF
DEADBEEF
DEADBEEF
DEADBEEF
DEADBEEF
DEADBEEF
DEADBEEF
DEADBEEF
DEADBEEF
DEADBEEF
DEADBEEF
DEADBEEF
DEADBEEF
DEADBEEF
DEADBEEF
DEADBEEF
DEADBEEF
DEADBEEF
DEADBEEF
DEADBEEF
DEADBEEF
DEADBEEF
DEADBEEF
DEADBEEF
DEADBEEF
DEADBEEF
DEADBEEF
DEADBEEF
DEADBEEF
DEADBEEF
DEADBEEF
DEADBEEF
DEADBEEF
DEADBEEF
DEADBEEF
DEADBEEF
DEADBEEF
DEADBEEF
DEADBEEF
DEADBEEF
DEADBEEF
DEADBEEF
DEADBEEF
DEADBEEF
DEADBEEF
DEADBEEF
DEADBEEF
DEADBEEF
DEADBEEF
DEADBEEF
DEADBEEF
DEADBEEF
DEADBEEF
DEADBEEF
DEADBEEF
DEADBEEF
DEADBEEF
DEADBEEF
DEADBEEF
DEADBEEF
DEADBEEF
DEADBEEF
DEADBEEF
DEADBEEF
DEADBEEF
DEADBEEF
DEADBEEF
DEADBEEF
DEADBEEF
DEADBEEF
DEADBEEF
DEADBEEF
DEADBEEF
DEADBEEF
DEADBEEF
DEADBEEF
DEADBEEF
DEADBEEF
DEADBEEF
DEADBEEF
DEADBEEF
DEADBEEF
DEADBEEF
DEADBEEF
DEADBEEF
DEADBEEF
DEADBEEF
DEADBEEF
DEADBEEF
DEADBEEF
DEADBEEF
DEADBEEF
DEADBEEF
DEADBEEF
DEADBEEF
DEADBEEF
DEADBEEF
DEADBEEF
DEADBEEF
DEADBEEF
DEADBEEF
DEADBEEF
DEADBEEF
DEADBEEF
DEADBEEF
DEADBEEF
DEADBEEF
DEADBEEF
DEADBEEF
DEADBEEF
DEADBEEF
DEADBEEF
DEADBEEF
DEADBEEF
DEADBEEF
DEADBEEF
DEADBEEF
DEADBEEF
DEADBEEF
DEADBEEF
DEADBEEF
DEADBEEF
DEADBEEF
DEADBEEF
DEADBEEF
DEADBEEF
DEADBEEF
DEADBEEF
DEADBEEF
DEADBEEF
DEADBEEF
DEADBEEF
DEADBEEF
DEADBEEF
DEADBEEF
DEADBEEF
DEADBEEF
DEADBEEF
DEADBEEF
DEADBEEF
DEADBEEF
DEADBEEF
DEADBEEF
DEADBEEF
DEADBEEF
DEADBEEF
DEADBEEF
DEADBEEF
DEADBEEF
DEADBEEF
DEADBEEF
DEADBEEF
DEADBEEF
DEADBEEF
DEADBEEF
DEADBEEF
DEADBEEF
DEADBEEF
DEADBEEF
DEADBEEF
DEADBEEF
DEADBEEF
DEADBEEF
DEADBEEF
DEADBEEF
DEADBEEF
DEADBEEF
DEADBEEF
DEADBEEF
DEADBEEF
DEADBEEF
DEADBEEF
DEADBEEF
DEADBEEF
DEADBEEF
DEADBEEF
DEADBEEF
DEADBEEF
DEADBEEF
DEADBEEF
DEADBEEF
DEADBEEF
DEADBEEF
DEADBEEF
DEADBEEF
DEADBEEF
DEADBEEF
DEADBEEF
DEADBEEF
DEADBEEF
DEADBEEF
DEADBEEF
DEADBEEF
DEADBEEF
DEADBEEF
DEADBEEF
DEADBEEF
DEADBEEF
DEADBEEF
DEADBEEF
DEADBEEF
DEADBEEF
DEADBEEF
DEADBEEF
DEADBEEF
DEADBEEF
DEADBEEF
DEADBEEF
DEADBEEF
DEADBEEF
DEADBEEF
DEADBEEF
DEADBEEF
DEADBEEF
DEADBEEF
DEADBEEF
DEADBEEF
DEADBEEF
DEADBEEF
DEADBEEF
DEADBEEF
DEADBEEF
DEADBEEF
DEADBEEF
DEADBEEF
DEADBEEF
DEADBEEF
DEADBEEF
DEADBEEF
DEADBEEF
DEADBEEF
DEADBEEF
DEADBEEF
DEADBEEF
DEADBEEF
DEADBEEF
DEADBEEF
DEADBEEF
DEADBEEF
DEADBEEF
DEADBEEF
DEADBEEF
DEADBEEF
DEADBEEF
DEADBEEF
DEADBEEF
DEADBEEF
DEADBEEF
DEADBEEF
DEADBEEF
DEADBEEF
DEADBEEF
DEADBEEF
DEADBEEF
DEADBEEF
DEADBEEF
DEADBEEF
DEADBEEF
DEADBEEF
DEADBEEF
DEADBEEF
DEADBEEF
DEADBEEF
DEADBEEF
DEADBEEF
DEADBEEF
DEADBEEF
DEADBEEF
DEADBEEF
DEADBEEF
DEADBEEF
DEADBEEF
DEADBEEF
DEADBEEF
DEADBEEF
DEADBEEF
DEADBEEF
DEADBEEF
DEADBEEF
DEADBEEF
DEADBEEF
DEADBEEF
DEADBEEF
DEADBEEF
DEADBEEF
DEADBEEF
DEADBEEF
DEADBEEF
DEADBEEF
DEADBEEF
DEADBEEF
DEADBEEF
DEADBEEF
DEADBEEF
DEADBEEF
DEADBEEF
DEADBEEF
DEADBEEF
DEADBEEF
DEADBEEF
DEADBEEF
DEADBEEF
DEADBEEF
DEADBEEF
DEADBEEF
DEADBEEF
DEADBEEF
DEADBEEF
DEADBEEF
DEADBEEF
DEADBEEF
DEADBEEF
DEADBEEF
DEADBEEF
DEADBEEF
DEADBEEF
DEADBEEF
DEADBEEF
DEADBEEF
DEADBEEF
DEADBEEF
DEADBEEF
DEADBEEF
DEADBEEF
DEADBEEF
DEADBEEF
DEADBEEF
DEADBEEF
DEADBEEF
DEADBEEF
DEADBEEF
DEADBEEF
DEADBEEF
DEADBEEF
DEADBEEF
DEADBEEF
DEADBEEF
DEADBEEF
DEADBEEF
DEADBEEF
DEADBEEF
DEADBEEF
DEADBEEF
DEADBEEF
DEADBEEF
DEADBEEF
DEADBEEF
DEADBEEF
DEADBEEF
DEADBEEF
DEADBEEF
DEADBEEF
DEADBEEF
DEADBEEF
DEADBEEF
DEADBEEF
DEADBEEF
DEADBEEF
DEADBEEF
DEADBEEF
DEADBEEF
DEADBEEF
DEADBEEF
DEADBEEF
DEADBEEF
DEADBEEF
DEADBEEF
DEADBEEF
DEADBEEF
DEADBEEF
DEADBEEF
DEADBEEF
DEADBEEF
DEADBEEF
DEADBEEF
DEADBEEF
DEADBEEF
DEADBEEF
DEADBEEF
DEADBEEF
DEADBEEF
DEADBEEF
DEADBEEF
DEADBEEF
DEADBEEF
DEADBEEF
DEADBEEF
DEADBEEF
DEADBEEF
DEADBEEF
DEADBEEF
DEADBEEF
DEADBEEF
DEADBEEF
DEADBEEF
DEADBEEF
DEADBEEF
DEADBEEF
DEADBEEF
DEADBEEF
DEADBEEF
DEADBEEF
DEADBEEF
DEADBEEF
DEADBEEF
DEADBEEF
DEADBEEF
DEADBEEF
DEADBEEF
DEADBEEF
DEADBEEF
DEADBEEF
DEADBEEF
DEADBEEF
DEADBEEF
DEADBEEF
DEADBEEF
DEADBEEF
DEADBEEF
DEADBEEF
DEADBEEF
DEADBEEF
DEADBEEF
DEADBEEF
DEADBEEF
DEADBEEF
DEADBEEF
DEADBEEF
DEADBEEF
DEADBEEF
DEADBEEF
DEADBEEF
DEADBEEF
DEADBEEF
DEADBEEF
DEADBEEF
DEADBEEF
DEADBEEF
DEADBEEF
DEADBEEF
DEADBEEF
DEADBEEF
DEADBEEF
DEADBEEF
DEADBEEF
DEADBEEF
DEADBEEF
DEADBEEF
DEADBEEF
DEADBEEF
DEADBEEF
DEADBEEF
DEADBEEF
DEADBEEF
DEADBEEF
DEADBEEF
DEADBEEF
DEADBEEF
DEADBEEF
DEADBEEF
DEADBEEF
DEADBEEF
DEADBEEF
DEADBEEF
DEADBEEF
DEADBEEF
DEADBEEF
DEADBEEF
DEADBEEF
DEADBEEF
DEADBEEF
DEADBEEF
DEADBEEF
DEADBEEF
DEADBEEF
DEADBEEF
DEADBEEF
DEADBEEF
DEADBEEF
DEADBEEF
DEADBEEF
DEADBEEF
DEADBEEF
DEADBEEF
DEADBEEF
DEADBEEF
DEADBEEF
DEADBEEF
DEADBEEF
DEADBEEF
DEADBEEF
DEADBEEF
DEADBEEF
DEADBEEF
DEADBEEF
DEADBEEF
DEADBEEF
DEADBEEF
DEADBEEF
DEADBEEF
DEADBEEF
DEADBEEF
DEADBEEF
DEADBEEF
DEADBEEF
DEADBEEF
DEADBEEF
DEADBEEF
DEADBEEF
DEADBEEF
DEADBEEF
DEADBEEF
DEADBEEF
DEADBEEF
DEADBEEF
DEADBEEF
DEADBEEF
DEADBEEF
DEADBEEF
DEADBEEF
DEADBEEF
DEADBEEF
DEADBEEF
DEADBEEF
DEADBEEF
DEADBEEF
DEADBEEF
DEADBEEF
DEADBEEF
DEADBEEF
DEADBEEF
DEADBEEF
DEADBEEF
DEADBEEF
DEADBEEF
DEADBEEF
DEADBEEF
DEADBEEF
DEADBEEF
DEADBEEF
DEADBEEF
DEADBEEF
DEADBEEF
DEADBEEF
DEADBEEF
DEADBEEF
DEADBEEF
DEADBEEF
DEADBEEF
DEADBEEF
DEADBEEF
DEADBEEF
DEADBEEF
DEADBEEF
DEADBEEF
DEADBEEF
DEADBEEF
DEADBEEF
DEADBEEF
DEADBEEF
DEADBEEF
DEADBEEF
DEADBEEF
DEADBEEF
DEADBEEF
DEADBEEF
DEADBEEF
DEADBEEF
DEADBEEF
DEADBEEF
DEADBEEF
DEADBEEF
DEADBEEF
DEADBEEF
DEADBEEF
DEADBEEF
DEADBEEF
DEADBEEF
DEADBEEF
DEADBEEF
DEADBEEF
DEADBEEF
DEADBEEF
DEADBEEF
DEADBEEF
DEADBEEF
DEADBEEF
DEADBEEF
DEADBEEF
DEADBEEF
DEADBEEF
DEADBEEF
DEADBEEF
DEADBEEF
DEADBEEF
DEADBEEF
DEADBEEF
DEADBEEF
DEADBEEF
DEADBEEF
DEADBEEF
DEADBEEF
DEADBEEF
DEADBEEF
DEADBEEF
DEADBEEF
DEADBEEF
DEADBEEF
DEADBEEF
DEADBEEF
DEADBEEF
DEADBEEF
DEADBEEF
DEADBEEF
DEADBEEF
DEADBEEF
DEADBEEF
DEADBEEF
DEADBEEF
DEADBEEF
DEADBEEF
DEADBEEF
DEADBEEF
DEADBEEF
DEADBEEF
DEADBEEF
DEADBEEF
DEADBEEF
DEADBEEF
DEADBEEF
DEADBEEF
DEADBEEF
DEADBEEF
DEADBEEF
DEADBEEF
DEADBEEF
DEADBEEF
DEADBEEF
DEADBEEF
DEADBEEF
DEADBEEF
DEADBEEF
DEADBEEF
DEADBEEF
DEADBEEF
DEADBEEF
DEADBEEF
DEADBEEF
DEADBEEF
DEADBEEF
DEADBEEF
DEADBEEF
DEADBEEF
DEADBEEF
DEADBEEF
DEADBEEF
DEADBEEF
DEADBEEF
DEADBEEF
DEADBEEF
DEADBEEF
DEADBEEF
DEADBEEF
DEADBEEF
DEADBEEF
DEADBEEF
DEADBEEF
DEADBEEF
DEADBEEF
DEADBEEF
DEADBEEF
DEADBEEF
DEADBEEF
DEADBEEF
DEADBEEF
DEADBEEF
DEADBEEF
DEADBEEF
DEADBEEF
DEADBEEF
DEADBEEF
DEADBEEF
DEADBEEF
DEADBEEF
DEADBEEF
DEADBEEF
DEADBEEF
DEADBEEF
DEADBEEF
DEADBEEF
DEADBEEF
DEADBEEF
DEADBEEF
DEADBEEF
DEADBEEF
DEADBEEF
DEADBEEF
DEADBEEF
DEADBEEF
DEADBEEF
DEADBEEF
DEADBEEF
DEADBEEF
DEADBEEF
DEADBEEF
DEADBEEF
DEADBEEF
DEADBEEF
DEADBEEF
DEADBEEF
DEADBEEF
DEADBEEF
DEADBEEF
DEADBEEF
DEADBEEF
DEADBEEF
DEADBEEF
DEADBEEF
DEADBEEF
DEADBEEF
DEADBEEF
DEADBEEF
DEADBEEF
DEADBEEF
DEADBEEF
DEADBEEF
DEADBEEF
DEADBEEF
DEADBEEF
DEADBEEF
DEADBEEF
DEADBEEF
DEADBEEF
DEADBEEF
DEADBEEF
DEADBEEF
DEADBEEF
DEADBEEF
DEADBEEF
DEADBEEF
DEADBEEF
DEADBEEF
DEADBEEF
DEADBEEF
DEADBEEF
DEADBEEF
DEADBEEF
DEADBEEF
DEADBEEF
DEADBEEF
DEADBEEF
DEADBEEF
DEADBEEF
DEADBEEF
DEADBEEF
DEADBEEF
DEADBEEF
DEADBEEF
DEADBEEF
DEADBEEF
DEADBEEF
DEADBEEF
DEADBEEF
DEADBEEF
DEADBEEF
DEADBEEF
DEADBEEF
DEADBEEF
DEADBEEF
DEADBEEF
DEADBEEF
DEADBEEF
DEADBEEF
DEADBEEF
DEADBEEF
DEADBEEF
DEADBEEF
DEADBEEF
DEADBEEF
DEADBEEF
DEADBEEF
DEADBEEF
DEADBEEF
DEADBEEF
DEADBEEF
DEADBEEF
DEADBEEF
DEADBEEF
DEADBEEF
DEADBEEF
DEADBEEF
DEADBEEF
DEADBEEF
DEADBEEF
DEADBEEF
DEADBEEF
DEADBEEF
DEADBEEF
DEADBEEF
DEADBEEF
DEADBEEF
DEADBEEF
DEADBEEF
DEADBEEF
DEADBEEF
DEADBEEF
DEADBEEF
DEADBEEF
DEADBEEF
DEADBEEF
DEADBEEF
DEADBEEF
DEADBEEF
DEADBEEF
DEADBEEF
DEADBEEF
DEADBEEF
DEADBEEF
DEADBEEF
DEADBEEF
DEADBEEF
DEADBEEF
DEADBEEF
DEADBEEF
DEADBEEF
DEADBEEF
DEADBEEF
DEADBEEF
DEADBEEF
DEADBEEF
DEADBEEF
DEADBEEF
DEADBEEF
DEADBEEF
DEADBEEF
DEADBEEF
DEADBEEF
DEADBEEF
DEADBEEF
DEADBEEF
DEADBEEF
DEADBEEF
DEADBEEF
DEADBEEF
DEADBEEF
DEADBEEF
DEADBEEF
DEADBEEF
DEADBEEF
DEADBEEF
DEADBEEF
DEADBEEF
DEADBEEF
DEADBEEF
DEADBEEF
DEADBEEF
DEADBEEF
DEADBEEF
DEADBEEF
DEADBEEF
DEADBEEF
DEADBEEF
DEADBEEF
DEADBEEF
DEADBEEF
DEADBEEF
DEADBEEF
DEADBEEF
DEADBEEF
DEADBEEF
DEADBEEF
DEADBEEF
DEADBEEF
DEADBEEF
DEADBEEF
DEADBEEF
DEADBEEF
DEADBEEF
DEADBEEF
DEADBEEF
DEADBEEF
DEADBEEF
DEADBEEF
DEADBEEF
DEADBEEF
DEADBEEF
DEADBEEF
DEADBEEF
DEADBEEF
DEADBEEF
DEADBEEF
DEADBEEF
DEADBEEF
DEADBEEF
DEADBEEF
DEADBEEF
DEADBEEF
DEADBEEF
DEADBEEF
DEADBEEF
DEADBEEF
DEADBEEF
DEADBEEF
DEADBEEF
DEADBEEF
DEADBEEF
DEADBEEF
DEADBEEF
DEADBEEF
DEADBEEF
DEADBEEF
DEADBEEF
DEADBEEF
DEADBEEF
DEADBEEF
DEADBEEF
DEADBEEF
DEADBEEF
DEADBEEF
DEADBEEF
DEADBEEF
DEADBEEF
DEADBEEF
DEADBEEF
DEADBEEF
DEADBEEF
DEADBEEF
DEADBEEF
DEADBEEF
DEADBEEF
DEADBEEF
DEADBEEF
DEADBEEF
DEADBEEF
DEADBEEF
DEADBEEF
DEADBEEF
DEADBEEF
DEADBEEF
DEADBEEF
DEADBEEF
DEADBEEF
DEADBEEF
DEADBEEF
DEADBEEF
DEADBEEF
DEADBEEF
DEADBEEF
DEADBEEF
DEADBEEF
DEADBEEF
DEADBEEF
DEADBEEF
DEADBEEF
DEADBEEF
DEADBEEF
DEADBEEF
DEADBEEF
DEADBEEF
DEADBEEF
DEADBEEF
DEADBEEF
DEADBEEF
DEADBEEF
DEADBEEF
DEADBEEF
DEADBEEF
DEADBEEF
DEADBEEF
DEADBEEF
DEADBEEF
DEADBEEF
DEADBEEF
DEADBEEF
DEADBEEF
DEADBEEF
DEADBEEF
DEADBEEF
DEADBEEF
DEADBEEF
DEADBEEF
DEADBEEF
DEADBEEF
DEADBEEF
DEADBEEF
DEADBEEF
DEADBEEF
DEADBEEF
DEADBEEF
DEADBEEF
DEADBEEF
DEADBEEF
DEADBEEF
DEADBEEF
DEADBEEF
DEADBEEF
DEADBEEF
DEADBEEF
DEADBEEF
DEADBEEF
DEADBEEF
DEADBEEF
DEADBEEF
DEADBEEF
DEADBEEF
DEADBEEF
DEADBEEF
DEADBEEF
DEADBEEF
DEADBEEF
DEADBEEF
DEADBEEF
DEADBEEF
DEADBEEF
DEADBEEF
DEADBEEF
DEADBEEF
DEADBEEF
DEADBEEF
DEADBEEF
DEADBEEF
DEADBEEF
DEADBEEF
DEADBEEF
DEADBEEF
DEADBEEF
DEADBEEF
DEADBEEF
DEADBEEF
DEADBEEF
DEADBEEF
DEADBEEF
DEADBEEF
DEADBEEF
DEADBEEF
DEADBEEF
DEADBEEF
DEADBEEF
DEADBEEF
DEADBEEF
DEADBEEF
DEADBEEF
DEADBEEF
DEADBEEF
DEADBEEF
DEADBEEF
DEADBEEF
DEADBEEF
DEADBEEF
DEADBEEF
DEADBEEF
DEADBEEF
DEADBEEF
DEADBEEF
DEADBEEF
DEADBEEF
DEADBEEF
DEADBEEF
DEADBEEF
DEADBEEF
DEADBEEF
DEADBEEF
DEADBEEF
DEADBEEF
DEADBEEF
DEADBEEF
DEADBEEF
DEADBEEF
DEADBEEF
DEADBEEF
DEADBEEF
DEADBEEF
DEADBEEF
DEADBEEF
DEADBEEF
DEADBEEF
DEADBEEF
DEADBEEF
DEADBEEF
DEADBEEF
DEADBEEF
DEADBEEF
DEADBEEF
DEADBEEF
DEADBEEF
DEADBEEF
DEADBEEF
DEADBEEF
DEADBEEF
DEADBEEF
DEADBEEF
DEADBEEF
DEADBEEF
DEADBEEF
DEADBEEF
DEADBEEF
DEADBEEF
DEADBEEF
DEADBEEF
DEADBEEF
DEADBEEF
DEADBEEF
DEADBEEF
DEADBEEF
DEADBEEF
DEADBEEF
DEADBEEF
DEADBEEF
DEADBEEF
DEADBEEF
DEADBEEF
DEADBEEF
DEADBEEF
DEADBEEF
DEADBEEF
DEADBEEF
DEADBEEF
DEADBEEF
DEADBEEF
DEADBEEF
DEADBEEF
DEADBEEF
DEADBEEF
DEADBEEF
DEADBEEF
DEADBEEF
DEADBEEF
DEADBEEF
DEADBEEF
DEADBEEF
DEADBEEF
DEADBEEF
DEADBEEF
DEADBEEF
DEADBEEF
DEADBEEF
DEADBEEF
DEADBEEF
DEADBEEF
DEADBEEF
DEADBEEF
DEADBEEF
DEADBEEF
DEADBEEF
DEADBEEF
DEADBEEF
DEADBEEF
DEADBEEF
DEADBEEF
DEADBEEF
DEADBEEF
DEADBEEF
DEADBEEF
DEADBEEF
DEADBEEF
DEADBEEF
DEADBEEF
DEADBEEF
DEADBEEF
DEADBEEF
DEADBEEF
DEADBEEF
DEADBEEF
DEADBEEF
DEADBEEF
DEADBEEF
DEADBEEF
DEADBEEF
DEADBEEF
DEADBEEF
DEADBEEF
DEADBEEF
DEADBEEF
DEADBEEF
DEADBEEF
DEADBEEF
DEADBEEF
DEADBEEF
DEADBEEF
DEADBEEF
DEADBEEF
DEADBEEF
DEADBEEF
DEADBEEF
DEADBEEF
DEADBEEF
DEADBEEF
DEADBEEF
DEADBEEF
DEADBEEF
DEADBEEF
DEADBEEF
DEADBEEF
DEADBEEF
DEADBEEF
DEADBEEF
DEADBEEF
DEADBEEF
DEADBEEF
DEADBEEF
DEADBEEF
DEADBEEF
DEADBEEF
DEADBEEF
DEADBEEF
DEADBEEF
DEADBEEF
DEADBEEF
DEADBEEF
DEADBEEF
DEADBEEF
DEADBEEF
DEADBEEF
DEADBEEF
DEADBEEF
DEADBEEF
DEADBEEF
DEADBEEF
DEADBEEF
DEADBEEF
DEADBEEF
DEADBEEF
DEADBEEF
DEADBEEF
DEADBEEF
DEADBEEF
DEADBEEF
DEADBEEF
DEADBEEF
DEADBEEF
DEADBEEF
DEADBEEF
DEADBEEF
DEADBEEF
DEADBEEF
DEADBEEF
DEADBEEF
DEADBEEF
DEADBEEF
DEADBEEF
DEADBEEF
DEADBEEF
DEADBEEF
DEADBEEF
DEADBEEF
DEADBEEF
DEADBEEF
DEADBEEF
DEADBEEF
DEADBEEF
DEADBEEF
DEADBEEF
DEADBEEF
DEADBEEF
DEADBEEF
DEADBEEF
DEADBEEF
DEADBEEF
DEADBEEF
DEADBEEF
DEADBEEF
DEADBEEF
DEADBEEF
DEADBEEF
DEADBEEF
DEADBEEF
DEADBEEF
DEADBEEF
DEADBEEF
DEADBEEF
DEADBEEF
DEADBEEF
DEADBEEF
DEADBEEF
DEADBEEF
DEADBEEF
DEADBEEF
DEADBEEF
DEADBEEF
DEADBEEF
DEADBEEF
DEADBEEF
DEADBEEF
DEADBEEF
DEADBEEF
DEADBEEF
DEADBEEF
DEADBEEF
DEADBEEF
DEADBEEF
DEADBEEF
DEADBEEF
DEADBEEF
DEADBEEF
DEADBEEF
DEADBEEF
DEADBEEF
DEADBEEF
DEADBEEF
DEADBEEF
DEADBEEF
DEADBEEF
DEADBEEF
DEADBEEF
DEADBEEF
DEADBEEF
DEADBEEF
DEADBEEF
DEADBEEF
DEADBEEF
DEADBEEF
DEADBEEF
DEADBEEF
DEADBEEF
DEADBEEF
DEADBEEF
DEADBEEF
DEADBEEF
DEADBEEF
DEADBEEF
DEADBEEF
DEADBEEF
DEADBEEF
DEADBEEF
DEADBEEF
DEADBEEF
DEADBEEF
DEADBEEF
DEADBEEF
DEADBEEF
DEADBEEF
DEADBEEF
DEADBEEF
DEADBEEF
DEADBEEF
DEADBEEF
DEADBEEF
DEADBEEF
DEADBEEF
DEADBEEF
DEADBEEF
DEADBEEF
DEADBEEF
DEADBEEF
DEADBEEF
DEADBEEF
DEADBEEF
DEADBEEF
DEADBEEF
DEADBEEF
DEADBEEF
DEADBEEF
DEADBEEF
DEADBEEF
DEADBEEF
DEADBEEF
DEADBEEF
DEADBEEF
DEADBEEF
DEADBEEF
DEADBEEF
DEADBEEF
DEADBEEF
DEADBEEF
DEADBEEF
DEADBEEF
DEADBEEF
DEADBEEF
DEADBEEF
DEADBEEF
DEADBEEF
DEADBEEF
DEADBEEF
DEADBEEF
DEADBEEF
DEADBEEF
DEADBEEF
DEADBEEF
DEADBEEF
DEADBEEF
DEADBEEF
DEADBEEF
DEADBEEF
DEADBEEF
DEADBEEF
DEADBEEF
DEADBEEF
DEADBEEF
DEADBEEF
DEADBEEF
DEADBEEF
DEADBEEF
DEADBEEF
DEADBEEF
DEADBEEF
DEADBEEF
DEADBEEF
DEADBEEF
DEADBEEF
DEADBEEF
DEADBEEF
DEADBEEF
DEADBEEF
DEADBEEF
DEADBEEF
DEADBEEF
DEADBEEF
DEADBEEF
DEADBEEF
DEADBEEF
DEADBEEF
DEADBEEF
DEADBEEF
DEADBEEF
DEADBEEF
DEADBEEF
DEADBEEF
DEADBEEF
DEADBEEF
DEADBEEF
DEADBEEF
DEADBEEF
DEADBEEF
DEADBEEF
DEADBEEF
DEADBEEF
DEADBEEF
DEADBEEF
DEADBEEF
DEADBEEF
DEADBEEF
DEADBEEF
DEADBEEF
DEADBEEF
DEADBEEF
DEADBEEF
DEADBEEF
DEADBEEF
DEADBEEF
DEADBEEF
DEADBEEF
DEADBEEF
DEADBEEF
DEADBEEF
DEADBEEF
DEADBEEF
DEADBEEF
DEADBEEF
DEADBEEF
DEADBEEF
DEADBEEF
DEADBEEF
DEADBEEF
DEADBEEF
DEADBEEF
DEADBEEF
DEADBEEF
DEADBEEF
DEADBEEF
DEADBEEF
DEADBEEF
DEADBEEF
DEADBEEF
DEADBEEF
DEADBEEF
DEADBEEF
DEADBEEF
DEADBEEF
DEADBEEF
DEADBEEF
DEADBEEF
DEADBEEF
DEADBEEF
DEADBEEF
DEADBEEF
DEADBEEF
DEADBEEF
DEADBEEF
DEADBEEF
DEADBEEF
DEADBEEF
DEADBEEF
DEADBEEF
DEADBEEF
DEADBEEF
DEADBEEF
DEADBEEF
DEADBEEF
DEADBEEF
DEADBEEF
DEADBEEF
DEADBEEF
DEADBEEF
DEADBEEF
DEADBEEF
DEADBEEF
DEADBEEF
DEADBEEF
DEADBEEF
DEADBEEF
DEADBEEF
DEADBEEF
DEADBEEF
DEADBEEF
DEADBEEF
DEADBEEF
DEADBEEF
DEADBEEF
DEADBEEF
DEADBEEF
DEADBEEF
DEADBEEF
DEADBEEF
DEADBEEF
DEADBEEF
DEADBEEF
DEADBEEF
DEADBEEF
DEADBEEF
DEADBEEF
DEADBEEF
DEADBEEF
DEADBEEF
DEADBEEF
DEADBEEF
DEADBEEF
DEADBEEF
DEADBEEF
DEADBEEF
DEADBEEF
DEADBEEF
DEADBEEF
DEADBEEF
DEADBEEF
DEADBEEF
DEADBEEF
DEADBEEF
DEADBEEF
DEADBEEF
DEADBEEF
DEADBEEF
DEADBEEF
DEADBEEF
DEADBEEF
DEADBEEF
DEADBEEF
DEADBEEF
DEADBEEF
DEADBEEF
DEADBEEF
DEADBEEF
DEADBEEF
DEADBEEF
DEADBEEF
DEADBEEF
DEADBEEF
DEADBEEF
DEADBEEF
DEADBEEF
DEADBEEF
DEADBEEF
DEADBEEF
DEADBEEF
DEADBEEF
DEADBEEF
DEADBEEF
DEADBEEF
DEADBEEF
DEADBEEF
DEADBEEF
DEADBEEF
DEADBEEF
DEADBEEF
DEADBEEF
DEADBEEF
DEADBEEF
DEADBEEF
DEADBEEF
DEADBEEF
DEADBEEF
DEADBEEF
DEADBEEF
DEADBEEF
DEADBEEF
DEADBEEF
DEADBEEF
DEADBEEF
DEADBEEF
DEADBEEF
DEADBEEF
DEADBEEF
DEADBEEF
DEADBEEF
DEADBEEF
DEADBEEF
DEADBEEF
DEADBEEF
DEADBEEF
DEADBEEF
DEADBEEF
DEADBEEF
DEADBEEF
DEADBEEF
DEADBEEF
DEADBEEF
DEADBEEF
DEADBEEF
DEADBEEF
DEADBEEF
DEADBEEF
DEADBEEF
DEADBEEF
DEADBEEF
DEADBEEF
DEADBEEF
DEADBEEF
DEADBEEF
DEADBEEF
DEADBEEF
DEADBEEF
DEADBEEF
DEADBEEF
DEADBEEF
DEADBEEF
DEADBEEF
DEADBEEF
DEADBEEF
DEADBEEF
DEADBEEF
DEADBEEF
DEADBEEF
DEADBEEF
DEADBEEF
DEADBEEF
DEADBEEF
DEADBEEF
DEADBEEF
DEADBEEF
DEADBEEF
DEADBEEF
DEADBEEF
DEADBEEF
DEADBEEF
DEADBEEF
DEADBEEF
DEADBEEF
DEADBEEF
DEADBEEF
DEADBEEF
DEADBEEF
DEADBEEF
DEADBEEF
DEADBEEF
DEADBEEF
DEADBEEF
DEADBEEF
DEADBEEF
DEADBEEF
DEADBEEF
DEADBEEF
DEADBEEF
DEADBEEF
DEADBEEF
DEADBEEF
DEADBEEF
DEADBEEF
DEADBEEF
DEADBEEF
DEADBEEF
DEADBEEF
DEADBEEF
DEADBEEF
DEADBEEF
DEADBEEF
DEADBEEF
DEADBEEF
DEADBEEF
DEADBEEF
DEADBEEF
DEADBEEF
DEADBEEF
DEADBEEF
DEADBEEF
DEADBEEF
DEADBEEF
DEADBEEF
DEADBEEF
DEADBEEF
DEADBEEF
DEADBEEF
DEADBEEF
DEADBEEF
DEADBEEF
DEADBEEF
DEADBEEF
DEADBEEF
DEADBEEF
DEADBEEF
DEADBEEF
DEADBEEF
DEADBEEF
DEADBEEF
DEADBEEF
DEADBEEF
DEADBEEF
DEADBEEF
DEADBEEF
DEADBEEF
DEADBEEF
DEADBEEF
DEADBEEF
DEADBEEF
DEADBEEF
DEADBEEF
DEADBEEF
DEADBEEF
DEADBEEF
DEADBEEF
DEADBEEF
DEADBEEF
DEADBEEF
DEADBEEF
DEADBEEF
DEADBEEF
DEADBEEF
DEADBEEF
DEADBEEF
DEADBEEF
DEADBEEF
DEADBEEF
DEADBEEF
DEADBEEF
DEADBEEF
DEADBEEF
DEADBEEF
DEADBEEF
DEADBEEF
DEADBEEF
DEADBEEF
DEADBEEF
DEADBEEF
DEADBEEF
DEADBEEF
DEADBEEF
DEADBEEF
DEADBEEF
DEADBEEF
DEADBEEF
DEADBEEF
DEADBEEF
DEADBEEF
DEADBEEF
DEADBEEF
DEADBEEF
DEADBEEF
DEADBEEF
DEADBEEF
DEADBEEF
DEADBEEF
DEADBEEF
DEADBEEF
DEADBEEF
DEADBEEF
DEADBEEF
DEADBEEF
DEADBEEF
DEADBEEF
DEADBEEF
DEADBEEF
DEADBEEF
DEADBEEF
DEADBEEF
DEADBEEF
DEADBEEF
DEADBEEF
DEADBEEF
DEADBEEF
DEADBEEF
DEADBEEF
DEADBEEF
DEADBEEF
DEADBEEF
DEADBEEF
DEADBEEF
DEADBEEF
DEADBEEF
DEADBEEF
DEADBEEF
DEADBEEF
DEADBEEF
DEADBEEF
DEADBEEF
DEADBEEF
DEADBEEF
DEADBEEF
DEADBEEF
DEADBEEF
DEADBEEF
DEADBEEF
DEADBEEF
DEADBEEF
DEADBEEF
DEADBEEF
DEADBEEF
DEADBEEF
DEADBEEF
DEADBEEF
DEADBEEF
DEADBEEF
DEADBEEF
DEADBEEF
DEADBEEF
DEADBEEF
DEADBEEF
DEADBEEF
DEADBEEF
DEADBEEF
DEADBEEF
DEADBEEF
DEADBEEF
DEADBEEF
DEADBEEF
DEADBEEF
DEADBEEF
DEADBEEF
DEADBEEF
DEADBEEF
DEADBEEF
DEADBEEF
DEADBEEF
DEADBEEF
DEADBEEF
DEADBEEF
DEADBEEF
DEADBEEF
DEADBEEF
DEADBEEF
DEADBEEF
DEADBEEF
DEADBEEF
DEADBEEF
DEADBEEF
DEADBEEF
DEADBEEF
DEADBEEF
DEADBEEF
DEADBEEF
DEADBEEF
DEADBEEF
DEADBEEF
DEADBEEF
DEADBEEF
DEADBEEF
DEADBEEF
DEADBEEF
DEADBEEF
DEADBEEF
DEADBEEF
DEADBEEF
DEADBEEF
DEADBEEF
DEADBEEF
DEADBEEF
DEADBEEF
DEADBEEF
DEADBEEF
DEADBEEF
DEADBEEF
DEADBEEF
DEADBEEF
DEADBEEF
DEADBEEF
DEADBEEF
DEADBEEF
DEADBEEF
DEADBEEF
DEADBEEF
DEADBEEF
DEADBEEF
DEADBEEF
DEADBEEF
DEADBEEF
DEADBEEF
DEADBEEF
DEADBEEF
DEADBEEF
DEADBEEF
DEADBEEF
DEADBEEF
DEADBEEF
DEADBEEF
DEADBEEF
DEADBEEF
DEADBEEF
DEADBEEF
DEADBEEF
DEADBEEF
DEADBEEF
DEADBEEF
DEADBEEF
DEADBEEF
DEADBEEF
DEADBEEF
DEADBEEF
DEADBEEF
DEADBEEF
DEADBEEF
DEADBEEF
DEADBEEF
DEADBEEF
DEADBEEF
DEADBEEF
DEADBEEF
DEADBEEF
DEADBEEF
DEADBEEF
DEADBEEF
DEADBEEF
DEADBEEF
DEADBEEF
DEADBEEF
DEADBEEF
DEADBEEF
DEADBEEF
DEADBEEF
DEADBEEF
DEADBEEF
DEADBEEF
DEADBEEF
DEADBEEF
DEADBEEF
DEADBEEF
DEADBEEF
DEADBEEF
DEADBEEF
DEADBEEF
DEADBEEF
DEADBEEF
DEADBEEF
DEADBEEF
DEADBEEF
DEADBEEF
DEADBEEF
DEADBEEF
DEADBEEF
DEADBEEF
DEADBEEF
DEADBEEF
DEADBEEF
DEADBEEF
DEADBEEF
DEADBEEF
DEADBEEF
DEADBEEF
DEADBEEF
DEADBEEF
DEADBEEF
DEADBEEF
DEADBEEF
DEADBEEF
DEADBEEF
DEADBEEF
DEADBEEF
DEADBEEF
DEADBEEF
DEADBEEF
DEADBEEF
DEADBEEF
DEADBEEF
DEADBEEF
DEADBEEF
DEADBEEF
DEADBEEF
DEADBEEF
DEADBEEF
DEADBEEF
DEADBEEF
DEADBEEF
DEADBEEF
DEADBEEF
DEADBEEF
DEADBEEF
DEADBEEF
DEADBEEF
DEADBEEF
DEADBEEF
DEADBEEF
DEADBEEF
DEADBEEF
DEADBEEF
DEADBEEF
DEADBEEF
DEADBEEF
DEADBEEF
DEADBEEF
DEADBEEF
DEADBEEF
DEADBEEF
DEADBEEF
DEADBEEF
DEADBEEF
DEADBEEF
DEADBEEF
DEADBEEF
DEADBEEF
DEADBEEF
DEADBEEF
DEADBEEF
DEADBEEF
DEADBEEF
DEADBEEF
DEADBEEF
DEADBEEF
DEADBEEF
DEADBEEF
DEADBEEF
DEADBEEF
DEADBEEF
DEADBEEF
DEADBEEF
DEADBEEF
DEADBEEF
DEADBEEF
DEADBEEF
DEADBEEF
DEADBEEF
DEADBEEF
DEADBEEF
DEADBEEF
DEADBEEF
DEADBEEF
DEADBEEF
DEADBEEF
DEADBEEF
DEADBEEF
DEADBEEF
DEADBEEF
DEADBEEF
DEADBEEF
DEADBEEF
DEADBEEF
DEADBEEF
DEADBEEF
DEADBEEF
DEADBEEF
DEADBEEF
DEADBEEF
DEADBEEF
DEADBEEF
DEADBEEF
DEADBEEF
DEADBEEF
DEADBEEF
DEADBEEF
DEADBEEF
DEADBEEF
DEADBEEF
DEADBEEF
DEADBEEF
DEADBEEF
DEADBEEF
DEADBEEF
DEADBEEF
DEADBEEF
DEADBEEF
DEADBEEF
DEADBEEF
DEADBEEF
DEADBEEF
DEADBEEF
DEADBEEF
DEADBEEF
DEADBEEF
DEADBEEF
DEADBEEF
DEADBEEF
DEADBEEF
DEADBEEF
DEADBEEF
DEADBEEF
DEADBEEF
DEADBEEF
DEADBEEF
DEADBEEF
DEADBEEF
DEADBEEF
DEADBEEF
DEADBEEF
DEADBEEF
DEADBEEF
DEADBEEF
DEADBEEF
DEADBEEF
DEADBEEF
DEADBEEF
DEADBEEF
DEADBEEF
DEADBEEF
DEADBEEF
DEADBEEF
DEADBEEF
DEADBEEF
DEADBEEF
DEADBEEF
DEADBEEF
DEADBEEF
DEADBEEF
DEADBEEF
DEADBEEF
DEADBEEF
DEADBEEF
DEADBEEF
DEADBEEF
DEADBEEF
DEADBEEF
DEADBEEF
DEADBEEF
DEADBEEF
DEADBEEF
DEADBEEF
DEADBEEF
DEADBEEF
DEADBEEF
DEADBEEF
DEADBEEF
DEADBEEF
DEADBEEF
DEADBEEF
DEADBEEF
DEADBEEF
DEADBEEF
DEADBEEF
DEADBEEF
DEADBEEF
DEADBEEF
DEADBEEF
DEADBEEF
DEADBEEF
DEADBEEF
DEADBEEF
DEADBEEF
DEADBEEF
DEADBEEF
DEADBEEF
DEADBEEF
DEADBEEF
DEADBEEF
DEADBEEF
DEADBEEF
DEADBEEF
DEADBEEF
DEADBEEF
DEADBEEF
DEADBEEF
DEADBEEF
DEADBEEF
DEADBEEF
DEADBEEF
DEADBEEF
DEADBEEF
DEADBEEF
DEADBEEF
DEADBEEF
DEADBEEF
DEADBEEF
DEADBEEF
DEADBEEF
DEADBEEF
DEADBEEF
DEADBEEF
DEADBEEF
DEADBEEF
DEADBEEF
DEADBEEF
DEADBEEF
DEADBEEF
DEADBEEF
DEADBEEF
DEADBEEF
DEADBEEF
DEADBEEF
DEADBEEF
DEADBEEF
DEADBEEF
DEADBEEF
DEADBEEF
DEADBEEF
DEADBEEF
DEADBEEF
DEADBEEF
DEADBEEF
DEADBEEF
DEADBEEF
DEADBEEF
DEADBEEF
DEADBEEF
DEADBEEF
DEADBEEF
DEADBEEF
DEADBEEF
DEADBEEF
DEADBEEF
DEADBEEF
DEADBEEF
DEADBEEF
DEADBEEF
DEADBEEF
DEADBEEF
DEADBEEF
DEADBEEF
DEADBEEF
DEADBEEF
DEADBEEF
DEADBEEF
DEADBEEF
DEADBEEF
DEADBEEF
DEADBEEF
DEADBEEF
DEADBEEF
DEADBEEF
DEADBEEF
DEADBEEF
DEADBEEF
DEADBEEF
DEADBEEF
DEADBEEF
DEADBEEF
DEADBEEF
DEADBEEF
DEADBEEF
DEADBEEF
DEADBEEF
DEADBEEF
DEADBEEF
DEADBEEF
DEADBEEF
DEADBEEF
DEADBEEF
DEADBEEF
DEADBEEF
DEADBEEF
DEADBEEF
DEADBEEF
DEADBEEF
DEADBEEF
DEADBEEF
DEADBEEF
DEADBEEF
DEADBEEF
DEADBEEF
DEADBEEF
DEADBEEF
DEADBEEF
DEADBEEF
DEADBEEF
DEADBEEF
DEADBEEF
DEADBEEF
DEADBEEF
DEADBEEF
DEADBEEF
DEADBEEF
DEADBEEF
DEADBEEF
DEADBEEF
DEADBEEF
DEADBEEF
DEADBEEF
DEADBEEF
DEADBEEF
DEADBEEF
DEADBEEF
DEADBEEF
DEADBEEF
DEADBEEF
DEADBEEF
DEADBEEF
DEADBEEF
DEADBEEF
DEADBEEF
DEADBEEF
DEADBEEF
DEADBEEF
DEADBEEF
DEADBEEF
DEADBEEF
DEADBEEF
DEADBEEF
DEADBEEF
DEADBEEF
DEADBEEF
DEADBEEF
DEADBEEF
DEADBEEF
DEADBEEF
DEADBEEF
DEADBEEF
DEADBEEF
DEADBEEF
DEADBEEF
DEADBEEF
DEADBEEF
DEADBEEF
DEADBEEF
DEADBEEF
DEADBEEF
DEADBEEF
DEADBEEF
DEADBEEF
DEADBEEF
DEADBEEF
DEADBEEF
DEADBEEF
DEADBEEF
DEADBEEF
DEADBEEF
DEADBEEF
DEADBEEF
DEADBEEF
DEADBEEF
DEADBEEF
DEADBEEF
DEADBEEF
DEADBEEF
DEADBEEF
DEADBEEF
DEADBEEF
DEADBEEF
DEADBEEF
DEADBEEF
DEADBEEF
DEADBEEF
DEADBEEF
DEADBEEF
DEADBEEF
DEADBEEF
DEADBEEF
DEADBEEF
DEADBEEF
DEADBEEF
DEADBEEF
DEADBEEF
DEADBEEF
DEADBEEF
DEADBEEF
DEADBEEF
DEADBEEF
DEADBEEF
DEADBEEF
DEADBEEF
DEADBEEF
DEADBEEF
DEADBEEF
DEADBEEF
DEADBEEF
DEADBEEF
DEADBEEF
DEADBEEF
DEADBEEF
DEADBEEF
DEADBEEF
DEADBEEF
DEADBEEF
DEADBEEF
DEADBEEF
DEADBEEF
DEADBEEF
DEADBEEF
DEADBEEF
DEADBEEF
DEADBEEF
DEADBEEF
DEADBEEF
DEADBEEF
DEADBEEF
DEADBEEF
DEADBEEF
DEADBEEF
DEADBEEF
DEADBEEF
DEADBEEF
DEADBEEF
DEADBEEF
DEADBEEF
DEADBEEF
DEADBEEF
DEADBEEF
DEADBEEF
DEADBEEF
DEADBEEF
DEADBEEF
DEADBEEF
DEADBEEF
DEADBEEF
DEADBEEF
DEADBEEF
DEADBEEF
DEADBEEF
DEADBEEF
DEADBEEF
DEADBEEF
DEADBEEF
DEADBEEF
DEADBEEF
DEADBEEF
DEADBEEF
DEADBEEF
DEADBEEF
DEADBEEF
DEADBEEF
DEADBEEF
DEADBEEF
DEADBEEF
DEADBEEF
DEADBEEF
DEADBEEF
DEADBEEF
DEADBEEF
DEADBEEF
DEADBEEF
DEADBEEF
DEADBEEF
DEADBEEF
DEADBEEF
DEADBEEF
DEADBEEF
DEADBEEF
DEADBEEF
DEADBEEF
DEADBEEF
DEADBEEF
DEADBEEF
DEADBEEF
DEADBEEF
DEADBEEF
DEADBEEF
DEADBEEF
DEADBEEF
DEADBEEF
DEADBEEF
DEADBEEF
DEADBEEF
DEADBEEF
DEADBEEF
DEADBEEF
DEADBEEF
DEADBEEF
DEADBEEF
DEADBEEF
DEADBEEF
DEADBEEF
DEADBEEF
DEADBEEF
DEADBEEF
DEADBEEF
DEADBEEF
DEADBEEF
DEADBEEF
DEADBEEF
DEADBEEF
DEADBEEF
DEADBEEF
DEADBEEF
DEADBEEF
DEADBEEF
DEADBEEF
DEADBEEF
DEADBEEF
DEADBEEF
DEADBEEF
DEADBEEF
DEADBEEF
DEADBEEF
DEADBEEF
DEADBEEF
DEADBEEF
DEADBEEF
DEADBEEF
DEADBEEF
DEADBEEF
DEADBEEF
DEADBEEF
DEADBEEF
DEADBEEF
DEADBEEF
DEADBEEF
DEADBEEF
DEADBEEF
DEADBEEF
DEADBEEF
DEADBEEF
DEADBEEF
DEADBEEF
DEADBEEF
DEADBEEF
DEADBEEF
DEADBEEF
DEADBEEF
DEADBEEF
DEADBEEF
DEADBEEF
DEADBEEF
DEADBEEF
DEADBEEF
DEADBEEF
DEADBEEF
DEADBEEF
DEADBEEF
DEADBEEF
DEADBEEF
DEADBEEF
DEADBEEF
DEADBEEF
DEADBEEF
DEADBEEF
DEADBEEF
DEADBEEF
DEADBEEF
DEADBEEF
DEADBEEF
DEADBEEF
DEADBEEF
DEADBEEF
DEADBEEF
DEADBEEF
DEADBEEF
DEADBEEF
DEADBEEF
DEADBEEF
DEADBEEF
DEADBEEF
DEADBEEF
DEADBEEF
DEADBEEF
DEADBEEF
DEADBEEF
DEADBEEF
DEADBEEF
DEADBEEF
DEADBEEF
DEADBEEF
DEADBEEF
DEADBEEF
DEADBEEF
DEADBEEF
DEADBEEF
DEADBEEF
DEADBEEF
DEADBEEF
DEADBEEF
DEADBEEF
DEADBEEF
DEADBEEF
DEADBEEF
DEADBEEF
DEADBEEF
DEADBEEF
DEADBEEF
DEADBEEF
DEADBEEF
DEADBEEF
DEADBEEF
DEADBEEF
DEADBEEF
DEADBEEF
DEADBEEF
DEADBEEF
DEADBEEF
DEADBEEF
DEADBEEF
DEADBEEF
DEADBEEF
DEADBEEF
DEADBEEF
DEADBEEF
DEADBEEF
DEADBEEF
DEADBEEF
DEADBEEF
DEADBEEF
DEADBEEF
DEADBEEF
DEADBEEF
DEADBEEF
DEADBEEF
DEADBEEF
DEADBEEF
DEADBEEF
DEADBEEF
DEADBEEF
DEADBEEF
DEADBEEF
DEADBEEF
DEADBEEF
DEADBEEF
DEADBEEF
DEADBEEF
DEADBEEF
DEADBEEF
DEADBEEF
DEADBEEF
DEADBEEF
DEADBEEF
DEADBEEF
DEADBEEF
DEADBEEF
DEADBEEF
DEADBEEF
DEADBEEF
DEADBEEF
DEADBEEF
DEADBEEF
DEADBEEF
DEADBEEF
DEADBEEF
DEADBEEF
DEADBEEF
DEADBEEF
DEADBEEF
DEADBEEF
DEADBEEF
DEADBEEF
DEADBEEF
DEADBEEF
DEADBEEF
DEADBEEF
DEADBEEF
DEADBEEF
DEADBEEF
DEADBEEF
DEADBEEF
DEADBEEF
DEADBEEF
DEADBEEF
DEADBEEF
DEADBEEF
DEADBEEF
DEADBEEF
DEADBEEF
DEADBEEF
DEADBEEF
DEADBEEF
DEADBEEF
DEADBEEF
DEADBEEF
DEADBEEF
DEADBEEF
DEADBEEF
DEADBEEF
DEADBEEF
DEADBEEF
DEADBEEF
DEADBEEF
DEADBEEF
DEADBEEF
DEADBEEF
DEADBEEF
DEADBEEF
DEADBEEF
DEADBEEF
DEADBEEF
DEADBEEF
DEADBEEF
DEADBEEF
DEADBEEF
DEADBEEF
DEADBEEF
DEADBEEF
DEADBEEF
DEADBEEF
DEADBEEF
DEADBEEF
DEADBEEF
DEADBEEF
DEADBEEF
DEADBEEF
DEADBEEF
DEADBEEF
DEADBEEF
DEADBEEF
DEADBEEF
DEADBEEF
DEADBEEF
DEADBEEF
DEADBEEF
DEADBEEF
DEADBEEF
DEADBEEF
DEADBEEF
DEADBEEF
DEADBEEF
DEADBEEF
DEADBEEF
DEADBEEF
DEADBEEF
DEADBEEF
DEADBEEF
DEADBEEF
DEADBEEF
DEADBEEF
DEADBEEF
DEADBEEF
DEADBEEF
DEADBEEF
DEADBEEF
DEADBEEF
DEADBEEF
DEADBEEF
DEADBEEF
DEADBEEF
DEADBEEF
DEADBEEF
DEADBEEF
DEADBEEF
DEADBEEF
DEADBEEF
DEADBEEF
DEADBEEF
DEADBEEF
DEADBEEF
DEADBEEF
DEADBEEF
DEADBEEF
DEADBEEF
DEADBEEF
DEADBEEF
DEADBEEF
DEADBEEF
DEADBEEF
DEADBEEF
DEADBEEF
DEADBEEF
DEADBEEF
DEADBEEF
DEADBEEF
DEADBEEF
DEADBEEF
DEADBEEF
DEADBEEF
DEADBEEF
DEADBEEF
DEADBEEF
DEADBEEF
DEADBEEF
DEADBEEF
DEADBEEF
DEADBEEF
DEADBEEF
DEADBEEF
DEADBEEF
DEADBEEF
DEADBEEF
DEADBEEF
DEADBEEF
DEADBEEF
DEADBEEF
DEADBEEF
DEADBEEF
DEADBEEF
DEADBEEF
DEADBEEF
DEADBEEF
DEADBEEF
DEADBEEF
DEADBEEF
DEADBEEF
DEADBEEF
DEADBEEF
DEADBEEF
DEADBEEF
DEADBEEF
DEADBEEF
DEADBEEF
DEADBEEF
DEADBEEF
DEADBEEF
DEADBEEF
DEADBEEF
DEADBEEF
DEADBEEF
DEADBEEF
DEADBEEF
DEADBEEF
DEADBEEF
DEADBEEF
DEADBEEF
DEADBEEF
DEADBEEF
DEADBEEF
DEADBEEF
DEADBEEF
DEADBEEF
DEADBEEF
DEADBEEF
DEADBEEF
DEADBEEF
DEADBEEF
DEADBEEF
DEADBEEF
DEADBEEF
DEADBEEF
DEADBEEF
DEADBEEF
DEADBEEF
DEADBEEF
DEADBEEF
DEADBEEF
DEADBEEF
DEADBEEF
DEADBEEF
DEADBEEF
DEADBEEF
DEADBEEF
DEADBEEF
DEADBEEF
DEADBEEF
DEADBEEF
DEADBEEF
DEADBEEF
DEADBEEF
DEADBEEF
DEADBEEF
DEADBEEF
DEADBEEF
DEADBEEF
DEADBEEF
DEADBEEF
DEADBEEF
DEADBEEF
DEADBEEF
DEADBEEF
DEADBEEF
DEADBEEF
DEADBEEF
DEADBEEF
DEADBEEF
DEADBEEF
DEADBEEF
DEADBEEF
DEADBEEF
DEADBEEF
DEADBEEF
DEADBEEF
DEADBEEF
DEADBEEF
DEADBEEF
DEADBEEF
DEADBEEF
DEADBEEF
DEADBEEF
DEADBEEF
DEADBEEF
DEADBEEF
DEADBEEF
DEADBEEF
DEADBEEF
DEADBEEF
DEADBEEF
DEADBEEF
DEADBEEF
DEADBEEF
DEADBEEF
DEADBEEF
DEADBEEF
DEADBEEF
DEADBEEF
DEADBEEF
DEADBEEF
DEADBEEF
DEADBEEF
DEADBEEF
DEADBEEF
DEADBEEF
DEADBEEF
DEADBEEF
DEADBEEF
DEADBEEF
DEADBEEF
DEADBEEF
DEADBEEF
DEADBEEF
DEADBEEF
DEADBEEF
DEADBEEF
DEADBEEF
DEADBEEF
DEADBEEF
DEADBEEF
DEADBEEF
DEADBEEF
DEADBEEF
DEADBEEF
DEADBEEF
DEADBEEF
DEADBEEF
DEADBEEF
DEADBEEF
DEADBEEF
DEADBEEF
DEADBEEF
DEADBEEF
DEADBEEF
DEADBEEF
DEADBEEF
DEADBEEF
DEADBEEF
DEADBEEF
DEADBEEF
DEADBEEF
DEADBEEF
DEADBEEF
DEADBEEF
DEADBEEF
DEADBEEF
DEADBEEF
DEADBEEF
DEADBEEF
DEADBEEF
DEADBEEF
DEADBEEF
DEADBEEF
DEADBEEF
DEADBEEF
DEADBEEF
DEADBEEF
DEADBEEF
DEADBEEF
DEADBEEF
DEADBEEF
DEADBEEF
DEADBEEF
DEADBEEF
DEADBEEF
DEADBEEF
DEADBEEF
DEADBEEF
DEADBEEF
DEADBEEF
DEADBEEF
DEADBEEF
DEADBEEF
DEADBEEF
DEADBEEF
DEADBEEF
DEADBEEF
DEADBEEF
DEADBEEF
DEADBEEF
DEADBEEF
DEADBEEF
DEADBEEF
DEADBEEF
DEADBEEF
DEADBEEF
DEADBEEF
DEADBEEF
DEADBEEF
DEADBEEF
DEADBEEF
DEADBEEF
DEADBEEF
DEADBEEF
DEADBEEF
DEADBEEF
DEADBEEF
DEADBEEF
DEADBEEF
DEADBEEF
DEADBEEF
DEADBEEF
DEADBEEF
DEADBEEF
DEADBEEF
DEADBEEF
DEADBEEF
DEADBEEF
DEADBEEF
DEADBEEF
DEADBEEF
DEADBEEF
DEADBEEF
DEADBEEF
DEADBEEF
DEADBEEF
DEADBEEF
DEADBEEF
DEADBEEF
DEADBEEF
DEADBEEF
DEADBEEF
DEADBEEF
DEADBEEF
DEADBEEF
DEADBEEF
DEADBEEF
DEADBEEF
DEADBEEF
DEADBEEF
DEADBEEF
DEADBEEF
DEADBEEF
DEADBEEF
DEADBEEF
DEADBEEF
DEADBEEF
DEADBEEF
DEADBEEF
DEADBEEF
DEADBEEF
DEADBEEF
DEADBEEF
DEADBEEF
DEADBEEF
DEADBEEF
DEADBEEF
DEADBEEF
DEADBEEF
DEADBEEF
DEADBEEF
DEADBEEF
DEADBEEF
DEADBEEF
DEADBEEF
DEADBEEF
DEADBEEF
DEADBEEF
DEADBEEF
DEADBEEF
DEADBEEF
DEADBEEF
DEADBEEF
DEADBEEF
DEADBEEF
DEADBEEF
DEADBEEF
DEADBEEF
DEADBEEF
DEADBEEF
DEADBEEF
DEADBEEF
DEADBEEF
DEADBEEF
DEADBEEF
DEADBEEF
DEADBEEF
DEADBEEF
DEADBEEF
DEADBEEF
DEADBEEF
DEADBEEF
DEADBEEF
DEADBEEF
DEADBEEF
DEADBEEF
DEADBEEF
DEADBEEF
DEADBEEF
DEADBEEF
DEADBEEF
DEADBEEF
DEADBEEF
DEADBEEF
DEADBEEF
DEADBEEF
DEADBEEF
DEADBEEF
DEADBEEF
DEADBEEF
DEADBEEF
DEADBEEF
DEADBEEF
DEADBEEF
DEADBEEF
DEADBEEF
DEADBEEF
DEADBEEF
DEADBEEF
DEADBEEF
DEADBEEF
DEADBEEF
DEADBEEF
DEADBEEF
DEADBEEF
DEADBEEF
DEADBEEF
DEADBEEF
DEADBEEF
DEADBEEF
DEADBEEF
DEADBEEF
DEADBEEF
DEADBEEF
DEADBEEF
DEADBEEF
DEADBEEF
DEADBEEF
DEADBEEF
DEADBEEF
DEADBEEF
DEADBEEF
DEADBEEF
DEADBEEF
DEADBEEF
DEADBEEF
DEADBEEF
DEADBEEF
DEADBEEF
DEADBEEF
DEADBEEF
DEADBEEF
DEADBEEF
DEADBEEF
DEADBEEF
DEADBEEF
DEADBEEF
DEADBEEF
DEADBEEF
DEADBEEF
DEADBEEF
DEADBEEF
DEADBEEF
DEADBEEF
DEADBEEF
DEADBEEF
DEADBEEF
DEADBEEF
DEADBEEF
DEADBEEF
DEADBEEF
DEADBEEF
DEADBEEF
DEADBEEF
DEADBEEF
DEADBEEF
DEADBEEF
DEADBEEF
DEADBEEF
DEADBEEF
DEADBEEF
DEADBEEF
DEADBEEF
DEADBEEF
DEADBEEF
DEADBEEF
DEADBEEF
DEADBEEF
DEADBEEF
DEADBEEF
DEADBEEF
DEADBEEF
DEADBEEF
DEADBEEF
DEADBEEF
DEADBEEF
DEADBEEF
DEADBEEF
DEADBEEF
DEADBEEF
DEADBEEF
DEADBEEF
DEADBEEF
DEADBEEF
DEADBEEF
DEADBEEF
DEADBEEF
DEADBEEF
DEADBEEF
DEADBEEF
DEADBEEF
DEADBEEF
DEADBEEF
DEADBEEF
DEADBEEF
DEADBEEF
DEADBEEF
DEADBEEF
DEADBEEF
DEADBEEF
DEADBEEF
DEADBEEF
DEADBEEF
DEADBEEF
DEADBEEF
DEADBEEF
DEADBEEF
DEADBEEF
DEADBEEF
DEADBEEF
DEADBEEF
DEADBEEF
DEADBEEF
DEADBEEF
DEADBEEF
DEADBEEF
DEADBEEF
DEADBEEF
DEADBEEF
DEADBEEF
DEADBEEF
DEADBEEF
DEADBEEF
DEADBEEF
DEADBEEF
DEADBEEF
DEADBEEF
DEADBEEF
DEADBEEF
DEADBEEF
DEADBEEF
DEADBEEF
DEADBEEF
DEADBEEF
DEADBEEF
DEADBEEF
DEADBEEF
DEADBEEF
DEADBEEF
DEADBEEF
DEADBEEF
DEADBEEF
DEADBEEF
DEADBEEF
DEADBEEF
DEADBEEF
DEADBEEF
DEADBEEF
DEADBEEF
DEADBEEF
DEADBEEF
DEADBEEF
DEADBEEF
DEADBEEF
DEADBEEF
DEADBEEF
DEADBEEF
DEADBEEF
DEADBEEF
DEADBEEF
DEADBEEF
DEADBEEF
DEADBEEF
DEADBEEF
DEADBEEF
DEADBEEF
DEADBEEF
DEADBEEF
DEADBEEF
DEADBEEF
DEADBEEF
DEADBEEF
DEADBEEF
DEADBEEF
DEADBEEF
DEADBEEF
DEADBEEF
DEADBEEF
DEADBEEF
DEADBEEF
DEADBEEF
DEADBEEF
DEADBEEF
DEADBEEF
DEADBEEF
DEADBEEF
DEADBEEF
DEADBEEF
DEADBEEF
DEADBEEF
DEADBEEF
DEADBEEF
DEADBEEF
DEADBEEF
DEADBEEF
DEADBEEF
DEADBEEF
DEADBEEF
DEADBEEF
DEADBEEF
DEADBEEF
DEADBEEF
DEADBEEF
DEADBEEF
DEADBEEF
DEADBEEF
DEADBEEF
DEADBEEF
DEADBEEF
DEADBEEF
DEADBEEF
DEADBEEF
DEADBEEF
DEADBEEF
DEADBEEF
DEADBEEF
DEADBEEF
DEADBEEF
DEADBEEF
DEADBEEF
DEADBEEF
DEADBEEF
DEADBEEF
DEADBEEF
DEADBEEF
DEADBEEF
DEADBEEF
DEADBEEF
DEADBEEF
DEADBEEF
DEADBEEF
DEADBEEF
DEADBEEF
DEADBEEF
DEADBEEF
DEADBEEF
DEADBEEF
DEADBEEF
DEADBEEF
DEADBEEF
DEADBEEF
DEADBEEF
DEADBEEF
DEADBEEF
DEADBEEF
DEADBEEF
DEADBEEF
DEADBEEF
DEADBEEF
DEADBEEF
DEADBEEF
DEADBEEF
DEADBEEF
DEADBEEF
DEADBEEF
DEADBEEF
DEADBEEF
DEADBEEF
DEADBEEF
DEADBEEF
DEADBEEF
DEADBEEF
DEADBEEF
DEADBEEF
DEADBEEF
DEADBEEF
DEADBEEF
DEADBEEF
DEADBEEF
DEADBEEF
DEADBEEF
DEADBEEF
DEADBEEF
DEADBEEF
DEADBEEF
DEADBEEF
DEADBEEF
DEADBEEF
DEADBEEF
DEADBEEF
DEADBEEF
DEADBEEF
DEADBEEF
DEADBEEF
DEADBEEF
DEADBEEF
DEADBEEF
DEADBEEF
DEADBEEF
DEADBEEF
DEADBEEF
DEADBEEF
DEADBEEF
DEADBEEF
DEADBEEF
DEADBEEF
DEADBEEF
DEADBEEF
DEADBEEF
DEADBEEF
DEADBEEF
DEADBEEF
DEADBEEF
DEADBEEF
DEADBEEF
DEADBEEF
DEADBEEF
DEADBEEF
DEADBEEF
DEADBEEF
DEADBEEF
DEADBEEF
DEADBEEF
DEADBEEF
DEADBEEF
DEADBEEF
DEADBEEF
DEADBEEF
DEADBEEF
DEADBEEF
DEADBEEF
DEADBEEF
DEADBEEF
DEADBEEF
DEADBEEF
DEADBEEF
DEADBEEF
DEADBEEF
DEADBEEF
DEADBEEF
DEADBEEF
DEADBEEF
DEADBEEF
DEADBEEF
DEADBEEF
DEADBEEF
DEADBEEF
DEADBEEF
DEADBEEF
DEADBEEF
DEADBEEF
DEADBEEF
DEADBEEF
DEADBEEF
DEADBEEF
DEADBEEF
DEADBEEF
DEADBEEF
DEADBEEF
DEADBEEF
DEADBEEF
DEADBEEF
DEADBEEF
DEADBEEF
DEADBEEF
DEADBEEF
DEADBEEF
DEADBEEF
DEADBEEF
DEADBEEF
DEADBEEF
DEADBEEF
DEADBEEF
DEADBEEF
DEADBEEF
DEADBEEF
DEADBEEF
DEADBEEF
DEADBEEF
DEADBEEF
DEADBEEF
DEADBEEF
DEADBEEF
DEADBEEF
DEADBEEF
DEADBEEF
DEADBEEF
DEADBEEF
DEADBEEF
DEADBEEF
DEADBEEF
DEADBEEF
DEADBEEF
DEADBEEF
DEADBEEF
DEADBEEF
DEADBEEF
DEADBEEF
DEADBEEF
DEADBEEF
DEADBEEF
DEADBEEF
DEADBEEF
DEADBEEF
DEADBEEF
DEADBEEF
DEADBEEF
DEADBEEF
DEADBEEF
DEADBEEF
DEADBEEF
DEADBEEF
DEADBEEF
DEADBEEF
DEADBEEF
DEADBEEF
DEADBEEF
DEADBEEF
DEADBEEF
DEADBEEF
DEADBEEF
DEADBEEF
DEADBEEF
DEADBEEF
DEADBEEF
DEADBEEF
DEADBEEF
DEADBEEF
DEADBEEF
DEADBEEF
DEADBEEF
DEADBEEF
DEADBEEF
DEADBEEF
DEADBEEF
DEADBEEF
DEADBEEF
DEADBEEF
DEADBEEF
DEADBEEF
DEADBEEF
DEADBEEF
DEADBEEF
DEADBEEF
DEADBEEF
DEADBEEF
DEADBEEF
DEADBEEF
DEADBEEF
DEADBEEF
DEADBEEF
DEADBEEF
DEADBEEF
DEADBEEF
DEADBEEF
DEADBEEF
DEADBEEF
DEADBEEF
DEADBEEF
DEADBEEF
DEADBEEF
DEADBEEF
DEADBEEF
DEADBEEF
DEADBEEF
DEADBEEF
DEADBEEF
DEADBEEF
DEADBEEF
DEADBEEF
DEADBEEF
DEADBEEF
DEADBEEF
DEADBEEF
DEADBEEF
DEADBEEF
DEADBEEF
DEADBEEF
DEADBEEF
DEADBEEF
DEADBEEF
DEADBEEF
DEADBEEF
DEADBEEF
DEADBEEF
DEADBEEF
DEADBEEF
DEADBEEF
DEADBEEF
DEADBEEF
DEADBEEF
DEADBEEF
DEADBEEF
DEADBEEF
DEADBEEF
DEADBEEF
DEADBEEF
DEADBEEF
DEADBEEF
DEADBEEF
DEADBEEF
DEADBEEF
DEADBEEF
DEADBEEF
DEADBEEF
DEADBEEF
DEADBEEF
DEADBEEF
DEADBEEF
DEADBEEF
DEADBEEF
DEADBEEF
DEADBEEF
DEADBEEF
DEADBEEF
DEADBEEF
DEADBEEF
DEADBEEF
DEADBEEF
DEADBEEF
DEADBEEF
DEADBEEF
DEADBEEF
DEADBEEF
DEADBEEF
DEADBEEF
DEADBEEF
DEADBEEF
DEADBEEF
DEADBEEF
DEADBEEF
DEADBEEF
DEADBEEF
DEADBEEF
DEADBEEF
DEADBEEF
DEADBEEF
DEADBEEF
DEADBEEF
DEADBEEF
DEADBEEF
DEADBEEF
DEADBEEF
DEADBEEF
DEADBEEF
DEADBEEF
DEADBEEF
DEADBEEF
DEADBEEF
DEADBEEF
DEADBEEF
DEADBEEF
DEADBEEF
DEADBEEF
DEADBEEF
DEADBEEF
DEADBEEF
DEADBEEF
DEADBEEF
DEADBEEF
DEADBEEF
DEADBEEF
DEADBEEF
DEADBEEF
DEADBEEF
DEADBEEF
DEADBEEF
DEADBEEF
DEADBEEF
DEADBEEF
DEADBEEF
DEADBEEF
DEADBEEF
DEADBEEF
DEADBEEF
DEADBEEF
DEADBEEF
DEADBEEF
DEADBEEF
DEADBEEF
DEADBEEF
DEADBEEF
DEADBEEF
DEADBEEF
DEADBEEF
DEADBEEF
DEADBEEF
DEADBEEF
DEADBEEF
DEADBEEF
DEADBEEF
DEADBEEF
DEADBEEF
DEADBEEF
DEADBEEF
DEADBEEF
DEADBEEF
DEADBEEF
DEADBEEF
DEADBEEF
DEADBEEF
DEADBEEF
DEADBEEF
DEADBEEF
DEADBEEF
DEADBEEF
DEADBEEF
DEADBEEF
DEADBEEF
DEADBEEF
DEADBEEF
DEADBEEF
DEADBEEF
DEADBEEF
DEADBEEF
DEADBEEF
DEADBEEF
DEADBEEF
DEADBEEF
DEADBEEF
DEADBEEF
DEADBEEF
DEADBEEF
DEADBEEF
DEADBEEF
DEADBEEF
DEADBEEF
DEADBEEF
DEADBEEF
DEADBEEF
DEADBEEF
DEADBEEF
DEADBEEF
DEADBEEF
DEADBEEF
DEADBEEF
DEADBEEF
DEADBEEF
DEADBEEF
DEADBEEF
DEADBEEF
DEADBEEF
DEADBEEF
DEADBEEF
DEADBEEF
DEADBEEF
DEADBEEF
DEADBEEF
DEADBEEF
DEADBEEF
DEADBEEF
DEADBEEF
DEADBEEF
DEADBEEF
DEADBEEF
DEADBEEF
DEADBEEF
DEADBEEF
DEADBEEF
DEADBEEF
DEADBEEF
DEADBEEF
DEADBEEF
DEADBEEF
DEADBEEF
DEADBEEF
DEADBEEF
DEADBEEF
DEADBEEF
DEADBEEF
DEADBEEF
DEADBEEF
DEADBEEF
DEADBEEF
DEADBEEF
DEADBEEF
DEADBEEF
DEADBEEF
DEADBEEF
DEADBEEF
DEADBEEF
DEADBEEF
DEADBEEF
DEADBEEF
DEADBEEF
DEADBEEF
DEADBEEF
DEADBEEF
DEADBEEF
DEADBEEF
DEADBEEF
DEADBEEF
DEADBEEF
DEADBEEF
DEADBEEF
DEADBEEF
DEADBEEF
DEADBEEF
DEADBEEF
DEADBEEF
DEADBEEF
DEADBEEF
DEADBEEF
DEADBEEF
DEADBEEF
DEADBEEF
DEADBEEF
DEADBEEF
DEADBEEF
DEADBEEF
DEADBEEF
DEADBEEF
DEADBEEF
DEADBEEF
DEADBEEF
DEADBEEF
DEADBEEF
DEADBEEF
DEADBEEF
DEADBEEF
DEADBEEF
DEADBEEF
DEADBEEF
DEADBEEF
DEADBEEF
DEADBEEF
DEADBEEF
DEADBEEF
DEADBEEF
DEADBEEF
DEADBEEF
DEADBEEF
DEADBEEF
DEADBEEF
DEADBEEF
DEADBEEF
DEADBEEF
DEADBEEF
DEADBEEF
DEADBEEF
DEADBEEF
DEADBEEF
DEADBEEF
DEADBEEF
DEADBEEF
DEADBEEF
DEADBEEF
DEADBEEF
DEADBEEF
DEADBEEF
DEADBEEF
DEADBEEF
DEADBEEF
DEADBEEF
DEADBEEF
DEADBEEF
DEADBEEF
DEADBEEF
DEADBEEF
DEADBEEF
DEADBEEF
DEADBEEF
DEADBEEF
DEADBEEF
DEADBEEF
DEADBEEF
DEADBEEF
DEADBEEF
DEADBEEF
DEADBEEF
DEADBEEF
DEADBEEF
DEADBEEF
DEADBEEF
DEADBEEF
DEADBEEF
DEADBEEF
DEADBEEF
DEADBEEF
DEADBEEF
DEADBEEF
DEADBEEF
DEADBEEF
DEADBEEF
DEADBEEF
DEADBEEF
DEADBEEF
DEADBEEF
DEADBEEF
DEADBEEF
DEADBEEF
DEADBEEF
DEADBEEF
DEADBEEF
DEADBEEF
DEADBEEF
DEADBEEF
DEADBEEF
DEADBEEF
DEADBEEF
DEADBEEF
DEADBEEF
DEADBEEF
DEADBEEF
DEADBEEF
DEADBEEF
DEADBEEF
DEADBEEF
DEADBEEF
DEADBEEF
DEADBEEF
DEADBEEF
DEADBEEF
DEADBEEF
DEADBEEF
DEADBEEF
DEADBEEF
DEADBEEF
DEADBEEF
DEADBEEF
DEADBEEF
DEADBEEF
DEADBEEF
DEADBEEF
DEADBEEF
DEADBEEF
DEADBEEF
DEADBEEF
DEADBEEF
DEADBEEF
DEADBEEF
DEADBEEF
DEADBEEF
DEADBEEF
DEADBEEF
DEADBEEF
DEADBEEF
DEADBEEF
DEADBEEF
DEADBEEF
DEADBEEF
DEADBEEF
DEADBEEF
DEADBEEF
DEADBEEF
DEADBEEF
DEADBEEF
DEADBEEF
DEADBEEF
DEADBEEF
DEADBEEF
DEADBEEF
DEADBEEF
DEADBEEF
DEADBEEF
DEADBEEF
DEADBEEF
DEADBEEF
DEADBEEF
DEADBEEF
DEADBEEF
DEADBEEF
DEADBEEF
DEADBEEF
DEADBEEF
DEADBEEF
DEADBEEF
DEADBEEF
DEADBEEF
DEADBEEF
DEADBEEF
DEADBEEF
DEADBEEF
DEADBEEF
DEADBEEF
DEADBEEF
DEADBEEF
DEADBEEF
DEADBEEF
DEADBEEF
DEADBEEF
DEADBEEF
DEADBEEF
DEADBEEF
DEADBEEF
DEADBEEF
DEADBEEF
DEADBEEF
DEADBEEF
DEADBEEF
DEADBEEF
DEADBEEF
DEADBEEF
DEADBEEF
DEADBEEF
DEADBEEF
DEADBEEF
DEADBEEF
DEADBEEF
DEADBEEF
DEADBEEF
DEADBEEF
DEADBEEF
DEADBEEF
DEADBEEF
DEADBEEF
DEADBEEF
DEADBEEF
DEADBEEF
DEADBEEF
DEADBEEF
DEADBEEF
DEADBEEF
DEADBEEF
DEADBEEF
DEADBEEF
DEADBEEF
DEADBEEF
DEADBEEF
DEADBEEF
DEADBEEF
DEADBEEF
DEADBEEF
DEADBEEF
DEADBEEF
DEADBEEF
DEADBEEF
DEADBEEF
DEADBEEF
DEADBEEF
DEADBEEF
DEADBEEF
DEADBEEF
DEADBEEF
DEADBEEF
DEADBEEF
DEADBEEF
DEADBEEF
DEADBEEF
DEADBEEF
DEADBEEF
DEADBEEF
DEADBEEF
DEADBEEF
DEADBEEF
DEADBEEF
DEADBEEF
DEADBEEF
DEADBEEF
DEADBEEF
DEADBEEF
DEADBEEF
DEADBEEF
DEADBEEF
DEADBEEF
DEADBEEF
DEADBEEF
DEADBEEF
DEADBEEF
DEADBEEF
DEADBEEF
DEADBEEF
DEADBEEF
DEADBEEF
DEADBEEF
DEADBEEF
DEADBEEF
DEADBEEF
DEADBEEF
DEADBEEF
DEADBEEF
DEADBEEF
DEADBEEF
DEADBEEF
DEADBEEF
DEADBEEF
DEADBEEF
DEADBEEF
DEADBEEF
DEADBEEF
DEADBEEF
DEADBEEF
DEADBEEF
DEADBEEF
DEADBEEF
DEADBEEF
DEADBEEF
DEADBEEF
DEADBEEF
DEADBEEF
DEADBEEF
DEADBEEF
DEADBEEF
DEADBEEF
DEADBEEF
DEADBEEF
DEADBEEF
DEADBEEF
DEADBEEF
DEADBEEF
DEADBEEF
DEADBEEF
DEADBEEF
DEADBEEF
DEADBEEF
DEADBEEF
DEADBEEF
DEADBEEF
DEADBEEF
DEADBEEF
DEADBEEF
DEADBEEF
DEADBEEF
DEADBEEF
DEADBEEF
DEADBEEF
DEADBEEF
DEADBEEF
DEADBEEF
DEADBEEF
DEADBEEF
DEADBEEF
DEADBEEF
DEADBEEF
DEADBEEF
DEADBEEF
DEADBEEF
DEADBEEF
DEADBEEF
DEADBEEF
DEADBEEF
DEADBEEF
DEADBEEF
DEADBEEF
DEADBEEF
DEADBEEF
DEADBEEF
DEADBEEF
DEADBEEF
DEADBEEF
DEADBEEF
DEADBEEF
DEADBEEF
DEADBEEF
DEADBEEF
DEADBEEF
DEADBEEF
DEADBEEF
DEADBEEF
DEADBEEF
DEADBEEF
DEADBEEF
DEADBEEF
DEADBEEF
DEADBEEF
DEADBEEF
DEADBEEF
DEADBEEF
DEADBEEF
DEADBEEF
DEADBEEF
DEADBEEF
DEADBEEF
DEADBEEF
DEADBEEF
DEADBEEF
DEADBEEF
DEADBEEF
DEADBEEF
DEADBEEF
DEADBEEF
DEADBEEF
DEADBEEF
DEADBEEF
DEADBEEF
DEADBEEF
DEADBEEF
DEADBEEF
DEADBEEF
DEADBEEF
DEADBEEF
DEADBEEF
DEADBEEF
DEADBEEF
DEADBEEF
DEADBEEF
DEADBEEF
DEADBEEF
DEADBEEF
DEADBEEF
DEADBEEF
DEADBEEF
DEADBEEF
DEADBEEF
DEADBEEF
DEADBEEF
DEADBEEF
DEADBEEF
DEADBEEF
DEADBEEF
DEADBEEF
DEADBEEF
DEADBEEF
DEADBEEF
DEADBEEF
DEADBEEF
DEADBEEF
DEADBEEF
DEADBEEF
DEADBEEF
DEADBEEF
DEADBEEF
DEADBEEF
DEADBEEF
DEADBEEF
DEADBEEF
DEADBEEF
DEADBEEF
DEADBEEF
DEADBEEF
DEADBEEF
DEADBEEF
DEADBEEF
DEADBEEF
DEADBEEF
DEADBEEF
DEADBEEF
DEADBEEF
DEADBEEF
DEADBEEF
DEADBEEF
DEADBEEF
DEADBEEF
DEADBEEF
DEADBEEF
DEADBEEF
DEADBEEF
DEADBEEF
DEADBEEF
DEADBEEF
DEADBEEF
DEADBEEF
DEADBEEF
DEADBEEF
DEADBEEF
DEADBEEF
DEADBEEF
DEADBEEF
DEADBEEF
DEADBEEF
DEADBEEF
DEADBEEF
DEADBEEF
DEADBEEF
DEADBEEF
DEADBEEF
DEADBEEF
DEADBEEF
DEADBEEF
DEADBEEF
DEADBEEF
DEADBEEF
DEADBEEF
DEADBEEF
DEADBEEF
DEADBEEF
DEADBEEF
DEADBEEF
DEADBEEF
DEADBEEF
DEADBEEF
DEADBEEF
DEADBEEF
DEADBEEF
DEADBEEF
DEADBEEF
DEADBEEF
DEADBEEF
DEADBEEF
DEADBEEF
DEADBEEF
DEADBEEF
DEADBEEF
DEADBEEF
DEADBEEF
DEADBEEF
DEADBEEF
DEADBEEF
DEADBEEF
DEADBEEF
DEADBEEF
DEADBEEF
DEADBEEF
DEADBEEF
DEADBEEF
DEADBEEF
DEADBEEF
DEADBEEF
DEADBEEF
DEADBEEF
DEADBEEF
DEADBEEF
DEADBEEF
DEADBEEF
DEADBEEF
DEADBEEF
DEADBEEF
DEADBEEF
DEADBEEF
DEADBEEF
DEADBEEF
DEADBEEF
DEADBEEF
DEADBEEF
DEADBEEF
DEADBEEF
DEADBEEF
DEADBEEF
DEADBEEF
DEADBEEF
DEADBEEF
DEADBEEF
DEADBEEF
DEADBEEF
DEADBEEF
DEADBEEF
DEADBEEF
DEADBEEF
DEADBEEF
DEADBEEF
DEADBEEF
DEADBEEF
DEADBEEF
DEADBEEF
DEADBEEF
DEADBEEF
DEADBEEF
DEADBEEF
DEADBEEF
DEADBEEF
DEADBEEF
DEADBEEF
DEADBEEF
DEADBEEF
DEADBEEF
DEADBEEF
DEADBEEF
DEADBEEF
DEADBEEF
DEADBEEF
DEADBEEF
DEADBEEF
DEADBEEF
DEADBEEF
DEADBEEF
DEADBEEF
DEADBEEF
DEADBEEF
DEADBEEF
DEADBEEF
DEADBEEF
DEADBEEF
DEADBEEF
DEADBEEF
DEADBEEF
DEADBEEF
DEADBEEF
DEADBEEF
DEADBEEF
DEADBEEF
DEADBEEF
DEADBEEF
DEADBEEF
DEADBEEF
DEADBEEF
DEADBEEF
DEADBEEF
DEADBEEF
DEADBEEF
DEADBEEF
DEADBEEF
DEADBEEF
DEADBEEF
DEADBEEF
DEADBEEF
DEADBEEF
DEADBEEF
DEADBEEF
DEADBEEF
DEADBEEF
DEADBEEF
DEADBEEF
DEADBEEF
DEADBEEF
DEADBEEF
DEADBEEF
DEADBEEF
DEADBEEF
DEADBEEF
DEADBEEF
DEADBEEF
DEADBEEF
DEADBEEF
DEADBEEF
DEADBEEF
DEADBEEF
DEADBEEF
DEADBEEF
DEADBEEF
DEADBEEF
DEADBEEF
DEADBEEF
DEADBEEF
DEADBEEF
DEADBEEF
DEADBEEF
DEADBEEF
DEADBEEF
DEADBEEF
DEADBEEF
DEADBEEF
DEADBEEF
DEADBEEF
DEADBEEF
DEADBEEF
DEADBEEF
DEADBEEF
DEADBEEF
DEADBEEF
DEADBEEF
DEADBEEF
DEADBEEF
DEADBEEF
DEADBEEF
DEADBEEF
DEADBEEF
DEADBEEF
DEADBEEF
DEADBEEF
DEADBEEF
DEADBEEF
DEADBEEF
DEADBEEF
DEADBEEF
DEADBEEF
DEADBEEF
DEADBEEF
DEADBEEF
DEADBEEF
DEADBEEF
DEADBEEF
DEADBEEF
DEADBEEF
DEADBEEF
DEADBEEF
DEADBEEF
DEADBEEF
DEADBEEF
DEADBEEF
DEADBEEF
DEADBEEF
DEADBEEF
DEADBEEF
DEADBEEF
DEADBEEF
DEADBEEF
DEADBEEF
DEADBEEF
DEADBEEF
DEADBEEF
DEADBEEF
DEADBEEF
DEADBEEF
DEADBEEF
DEADBEEF
DEADBEEF
DEADBEEF
DEADBEEF
DEADBEEF
DEADBEEF
DEADBEEF
DEADBEEF
DEADBEEF
DEADBEEF
DEADBEEF
DEADBEEF
DEADBEEF
DEADBEEF
DEADBEEF
DEADBEEF
DEADBEEF
DEADBEEF
DEADBEEF
DEADBEEF
DEADBEEF
DEADBEEF
DEADBEEF
DEADBEEF
DEADBEEF
DEADBEEF
DEADBEEF
DEADBEEF
DEADBEEF
DEADBEEF
DEADBEEF
DEADBEEF
DEADBEEF
DEADBEEF
DEADBEEF
DEADBEEF
DEADBEEF
DEADBEEF
DEADBEEF
DEADBEEF
DEADBEEF
DEADBEEF
DEADBEEF
DEADBEEF
DEADBEEF
DEADBEEF
DEADBEEF
DEADBEEF
DEADBEEF
DEADBEEF
DEADBEEF
DEADBEEF
DEADBEEF
DEADBEEF
DEADBEEF
DEADBEEF
DEADBEEF
DEADBEEF
DEADBEEF
DEADBEEF
DEADBEEF
DEADBEEF
DEADBEEF
DEADBEEF
DEADBEEF
DEADBEEF
DEADBEEF
DEADBEEF
DEADBEEF
DEADBEEF
DEADBEEF
DEADBEEF
DEADBEEF
DEADBEEF
DEADBEEF
DEADBEEF
DEADBEEF
DEADBEEF
DEADBEEF
DEADBEEF
DEADBEEF
DEADBEEF
DEADBEEF
DEADBEEF
DEADBEEF
DEADBEEF
DEADBEEF
DEADBEEF
DEADBEEF
DEADBEEF
DEADBEEF
DEADBEEF
DEADBEEF
DEADBEEF
DEADBEEF
DEADBEEF
DEADBEEF
DEADBEEF
DEADBEEF
DEADBEEF
DEADBEEF
DEADBEEF
DEADBEEF
DEADBEEF
DEADBEEF
DEADBEEF
DEADBEEF
DEADBEEF
DEADBEEF
DEADBEEF
DEADBEEF
DEADBEEF
DEADBEEF
DEADBEEF
DEADBEEF
DEADBEEF
DEADBEEF
DEADBEEF
DEADBEEF
DEADBEEF
DEADBEEF
DEADBEEF
DEADBEEF
DEADBEEF
DEADBEEF
DEADBEEF
DEADBEEF
DEADBEEF
DEADBEEF
DEADBEEF
DEADBEEF
DEADBEEF
DEADBEEF
DEADBEEF
DEADBEEF
DEADBEEF
DEADBEEF
DEADBEEF
DEADBEEF
DEADBEEF
DEADBEEF
DEADBEEF
DEADBEEF
DEADBEEF
DEADBEEF
DEADBEEF
DEADBEEF
DEADBEEF
DEADBEEF
DEADBEEF
DEADBEEF
DEADBEEF
DEADBEEF
DEADBEEF
DEADBEEF
DEADBEEF
DEADBEEF
DEADBEEF
DEADBEEF
DEADBEEF
DEADBEEF
DEADBEEF
DEADBEEF
DEADBEEF
DEADBEEF
DEADBEEF
DEADBEEF
DEADBEEF
DEADBEEF
DEADBEEF
DEADBEEF
DEADBEEF
DEADBEEF
DEADBEEF
DEADBEEF
DEADBEEF
DEADBEEF
DEADBEEF
DEADBEEF
DEADBEEF
DEADBEEF
DEADBEEF
DEADBEEF
DEADBEEF
DEADBEEF
DEADBEEF
DEADBEEF
DEADBEEF
DEADBEEF
DEADBEEF
DEADBEEF
DEADBEEF
DEADBEEF
DEADBEEF
DEADBEEF
DEADBEEF
DEADBEEF
DEADBEEF
DEADBEEF
DEADBEEF
DEADBEEF
DEADBEEF
DEADBEEF
DEADBEEF
DEADBEEF
DEADBEEF
DEADBEEF
DEADBEEF
DEADBEEF
DEADBEEF
DEADBEEF
DEADBEEF
DEADBEEF
DEADBEEF
DEADBEEF
DEADBEEF
DEADBEEF
DEADBEEF
DEADBEEF
DEADBEEF
DEADBEEF
DEADBEEF
DEADBEEF
DEADBEEF
DEADBEEF
DEADBEEF
DEADBEEF
DEADBEEF
DEADBEEF
DEADBEEF
DEADBEEF
DEADBEEF
DEADBEEF
DEADBEEF
DEADBEEF
DEADBEEF
DEADBEEF
DEADBEEF
DEADBEEF
DEADBEEF
DEADBEEF
DEADBEEF
DEADBEEF
DEADBEEF
DEADBEEF
DEADBEEF
DEADBEEF
DEADBEEF
DEADBEEF
DEADBEEF
DEADBEEF
DEADBEEF
DEADBEEF
DEADBEEF
DEADBEEF
DEADBEEF
DEADBEEF
DEADBEEF
DEADBEEF
DEADBEEF
DEADBEEF
DEADBEEF
DEADBEEF
DEADBEEF
DEADBEEF
DEADBEEF
DEADBEEF
DEADBEEF
DEADBEEF
DEADBEEF
DEADBEEF
DEADBEEF
DEADBEEF
DEADBEEF
DEADBEEF
DEADBEEF
DEADBEEF
DEADBEEF
DEADBEEF
DEADBEEF
DEADBEEF
DEADBEEF
DEADBEEF
DEADBEEF
DEADBEEF
DEADBEEF
DEADBEEF
DEADBEEF
DEADBEEF
DEADBEEF
DEADBEEF
DEADBEEF
DEADBEEF
DEADBEEF
DEADBEEF
DEADBEEF
DEADBEEF
DEADBEEF
DEADBEEF
DEADBEEF
DEADBEEF
DEADBEEF
DEADBEEF
DEADBEEF
DEADBEEF
DEADBEEF
DEADBEEF
DEADBEEF
DEADBEEF
DEADBEEF
DEADBEEF
DEADBEEF
DEADBEEF
DEADBEEF
DEADBEEF
DEADBEEF
DEADBEEF
DEADBEEF
DEADBEEF
DEADBEEF
DEADBEEF
DEADBEEF
DEADBEEF
DEADBEEF
DEADBEEF
DEADBEEF
DEADBEEF
DEADBEEF
DEADBEEF
DEADBEEF
DEADBEEF
DEADBEEF
DEADBEEF
DEADBEEF
DEADBEEF
DEADBEEF
DEADBEEF
DEADBEEF
DEADBEEF
DEADBEEF
DEADBEEF
DEADBEEF
DEADBEEF
DEADBEEF
DEADBEEF
DEADBEEF
DEADBEEF
DEADBEEF
DEADBEEF
DEADBEEF
DEADBEEF
DEADBEEF
DEADBEEF
DEADBEEF
DEADBEEF
DEADBEEF
DEADBEEF
DEADBEEF
DEADBEEF
DEADBEEF
DEADBEEF
DEADBEEF
DEADBEEF
DEADBEEF
DEADBEEF
DEADBEEF
DEADBEEF
DEADBEEF
DEADBEEF
DEADBEEF
DEADBEEF
DEADBEEF
DEADBEEF
DEADBEEF
DEADBEEF
DEADBEEF
DEADBEEF
DEADBEEF
DEADBEEF
DEADBEEF
DEADBEEF
DEADBEEF
DEADBEEF
DEADBEEF
DEADBEEF
DEADBEEF
DEADBEEF
DEADBEEF
DEADBEEF
DEADBEEF
DEADBEEF
DEADBEEF
DEADBEEF
DEADBEEF
DEADBEEF
DEADBEEF
DEADBEEF
DEADBEEF
DEADBEEF
DEADBEEF
DEADBEEF
DEADBEEF
DEADBEEF
DEADBEEF
DEADBEEF
DEADBEEF
DEADBEEF
DEADBEEF
DEADBEEF
DEADBEEF
DEADBEEF
DEADBEEF
DEADBEEF
DEADBEEF
DEADBEEF
DEADBEEF
DEADBEEF
DEADBEEF
DEADBEEF
DEADBEEF
DEADBEEF
DEADBEEF
DEADBEEF
DEADBEEF
DEADBEEF
DEADBEEF
DEADBEEF
DEADBEEF
DEADBEEF
DEADBEEF
DEADBEEF
DEADBEEF
DEADBEEF
DEADBEEF
DEADBEEF
DEADBEEF
DEADBEEF
DEADBEEF
DEADBEEF
DEADBEEF
DEADBEEF
DEADBEEF
DEADBEEF
DEADBEEF
DEADBEEF
DEADBEEF
DEADBEEF
DEADBEEF
DEADBEEF
DEADBEEF
DEADBEEF
DEADBEEF
DEADBEEF
DEADBEEF
DEADBEEF
DEADBEEF
DEADBEEF
DEADBEEF
DEADBEEF
DEADBEEF
DEADBEEF
DEADBEEF
DEADBEEF
DEADBEEF
DEADBEEF
DEADBEEF
DEADBEEF
DEADBEEF
DEADBEEF
DEADBEEF
DEADBEEF
DEADBEEF
DEADBEEF
DEADBEEF
DEADBEEF
DEADBEEF
DEADBEEF
DEADBEEF
DEADBEEF
DEADBEEF
DEADBEEF
DEADBEEF
DEADBEEF
DEADBEEF
DEADBEEF
DEADBEEF
DEADBEEF
DEADBEEF
DEADBEEF
DEADBEEF
DEADBEEF
DEADBEEF
DEADBEEF
DEADBEEF
DEADBEEF
DEADBEEF
DEADBEEF
DEADBEEF
DEADBEEF
DEADBEEF
DEADBEEF
DEADBEEF
DEADBEEF
DEADBEEF
DEADBEEF
DEADBEEF
DEADBEEF
DEADBEEF
DEADBEEF
DEADBEEF
DEADBEEF
DEADBEEF
DEADBEEF
DEADBEEF
DEADBEEF
DEADBEEF
DEADBEEF
DEADBEEF
DEADBEEF
DEADBEEF
DEADBEEF
DEADBEEF
DEADBEEF
DEADBEEF
DEADBEEF
DEADBEEF
DEADBEEF
DEADBEEF
DEADBEEF
DEADBEEF
DEADBEEF
DEADBEEF
DEADBEEF
DEADBEEF
DEADBEEF
DEADBEEF
DEADBEEF
DEADBEEF
DEADBEEF
DEADBEEF
DEADBEEF
DEADBEEF
DEADBEEF
DEADBEEF
DEADBEEF
DEADBEEF
DEADBEEF
DEADBEEF
DEADBEEF
DEADBEEF
DEADBEEF
DEADBEEF
DEADBEEF
DEADBEEF
DEADBEEF
DEADBEEF
DEADBEEF
DEADBEEF
DEADBEEF
DEADBEEF
DEADBEEF
DEADBEEF
DEADBEEF
DEADBEEF
DEADBEEF
DEADBEEF
DEADBEEF
DEADBEEF
DEADBEEF
DEADBEEF
DEADBEEF
DEADBEEF
DEADBEEF
DEADBEEF
DEADBEEF
DEADBEEF
DEADBEEF
DEADBEEF
DEADBEEF
DEADBEEF
DEADBEEF
DEADBEEF
DEADBEEF
DEADBEEF
DEADBEEF
DEADBEEF
DEADBEEF
DEADBEEF
DEADBEEF
DEADBEEF
DEADBEEF
DEADBEEF
DEADBEEF
DEADBEEF
DEADBEEF
DEADBEEF
DEADBEEF
DEADBEEF
DEADBEEF
DEADBEEF
DEADBEEF
DEADBEEF
DEADBEEF
DEADBEEF
DEADBEEF
DEADBEEF
DEADBEEF
DEADBEEF
DEADBEEF
DEADBEEF
DEADBEEF
DEADBEEF
DEADBEEF
DEADBEEF
DEADBEEF
DEADBEEF
DEADBEEF
DEADBEEF
DEADBEEF
DEADBEEF
DEADBEEF
DEADBEEF
DEADBEEF
DEADBEEF
DEADBEEF
DEADBEEF
DEADBEEF
DEADBEEF
DEADBEEF
DEADBEEF
DEADBEEF
DEADBEEF
DEADBEEF
DEADBEEF
DEADBEEF
DEADBEEF
DEADBEEF
DEADBEEF
DEADBEEF
DEADBEEF
DEADBEEF
DEADBEEF
DEADBEEF
DEADBEEF
DEADBEEF
DEADBEEF
DEADBEEF
DEADBEEF
DEADBEEF
DEADBEEF
DEADBEEF
DEADBEEF
DEADBEEF
DEADBEEF
DEADBEEF
DEADBEEF
DEADBEEF
DEADBEEF
DEADBEEF
DEADBEEF
DEADBEEF
DEADBEEF
DEADBEEF
DEADBEEF
DEADBEEF
DEADBEEF
DEADBEEF
DEADBEEF
DEADBEEF
DEADBEEF
DEADBEEF
DEADBEEF
DEADBEEF
DEADBEEF
DEADBEEF
DEADBEEF
DEADBEEF
DEADBEEF
DEADBEEF
DEADBEEF
DEADBEEF
DEADBEEF
DEADBEEF
DEADBEEF
DEADBEEF
DEADBEEF
DEADBEEF
DEADBEEF
DEADBEEF
DEADBEEF
DEADBEEF
DEADBEEF
DEADBEEF
DEADBEEF
DEADBEEF
DEADBEEF
DEADBEEF
DEADBEEF
DEADBEEF
DEADBEEF
DEADBEEF
DEADBEEF
DEADBEEF
DEADBEEF
DEADBEEF
DEADBEEF
DEADBEEF
DEADBEEF
DEADBEEF
DEADBEEF
DEADBEEF
DEADBEEF
DEADBEEF
DEADBEEF
DEADBEEF
DEADBEEF
DEADBEEF
DEADBEEF
DEADBEEF
DEADBEEF
DEADBEEF
DEADBEEF
DEADBEEF
DEADBEEF
DEADBEEF
DEADBEEF
DEADBEEF
DEADBEEF
DEADBEEF
DEADBEEF
DEADBEEF
DEADBEEF
DEADBEEF
DEADBEEF
DEADBEEF
DEADBEEF
DEADBEEF
DEADBEEF
DEADBEEF
DEADBEEF
DEADBEEF
DEADBEEF
DEADBEEF
DEADBEEF
DEADBEEF
DEADBEEF
DEADBEEF
DEADBEEF
DEADBEEF
DEADBEEF
DEADBEEF
DEADBEEF
DEADBEEF
DEADBEEF
DEADBEEF
DEADBEEF
DEADBEEF
DEADBEEF
DEADBEEF
DEADBEEF
DEADBEEF
DEADBEEF
DEADBEEF
DEADBEEF
DEADBEEF
DEADBEEF
DEADBEEF
DEADBEEF
DEADBEEF
DEADBEEF
DEADBEEF
DEADBEEF
DEADBEEF
DEADBEEF
DEADBEEF
DEADBEEF
DEADBEEF
DEADBEEF
DEADBEEF
DEADBEEF
DEADBEEF
DEADBEEF
DEADBEEF
DEADBEEF
DEADBEEF
DEADBEEF
DEADBEEF
DEADBEEF
DEADBEEF
DEADBEEF
DEADBEEF
DEADBEEF
DEADBEEF
DEADBEEF
DEADBEEF
DEADBEEF
DEADBEEF
DEADBEEF
DEADBEEF
DEADBEEF
DEADBEEF
DEADBEEF
DEADBEEF
DEADBEEF
DEADBEEF
DEADBEEF
DEADBEEF
DEADBEEF
DEADBEEF
DEADBEEF
DEADBEEF
DEADBEEF
DEADBEEF
DEADBEEF
DEADBEEF
DEADBEEF
DEADBEEF
DEADBEEF
DEADBEEF
DEADBEEF
DEADBEEF
DEADBEEF
DEADBEEF
DEADBEEF
DEADBEEF
DEADBEEF
DEADBEEF
DEADBEEF
DEADBEEF
DEADBEEF
DEADBEEF
DEADBEEF
DEADBEEF
DEADBEEF
DEADBEEF
DEADBEEF
DEADBEEF
DEADBEEF
DEADBEEF
DEADBEEF
DEADBEEF
DEADBEEF
DEADBEEF
DEADBEEF
DEADBEEF
DEADBEEF
DEADBEEF
DEADBEEF
DEADBEEF
DEADBEEF
DEADBEEF
DEADBEEF
DEADBEEF
DEADBEEF
DEADBEEF
DEADBEEF
DEADBEEF
DEADBEEF
DEADBEEF
DEADBEEF
DEADBEEF
DEADBEEF
DEADBEEF
DEADBEEF
DEADBEEF
DEADBEEF
DEADBEEF
DEADBEEF
DEADBEEF
DEADBEEF
DEADBEEF
DEADBEEF
DEADBEEF
DEADBEEF
DEADBEEF
DEADBEEF
DEADBEEF
DEADBEEF
DEADBEEF
DEADBEEF
DEADBEEF
DEADBEEF
DEADBEEF
DEADBEEF
DEADBEEF
DEADBEEF
DEADBEEF
DEADBEEF
DEADBEEF
DEADBEEF
DEADBEEF
DEADBEEF
DEADBEEF
DEADBEEF
DEADBEEF
DEADBEEF
DEADBEEF
DEADBEEF
DEADBEEF
DEADBEEF
DEADBEEF
DEADBEEF
DEADBEEF
DEADBEEF
DEADBEEF
DEADBEEF
DEADBEEF
DEADBEEF
DEADBEEF
DEADBEEF
DEADBEEF
DEADBEEF
DEADBEEF
DEADBEEF
DEADBEEF
DEADBEEF
DEADBEEF
DEADBEEF
DEADBEEF
DEADBEEF
DEADBEEF
DEADBEEF
DEADBEEF
DEADBEEF
DEADBEEF
DEADBEEF
DEADBEEF
DEADBEEF
DEADBEEF
DEADBEEF
DEADBEEF
DEADBEEF
DEADBEEF
DEADBEEF
DEADBEEF
DEADBEEF
DEADBEEF
DEADBEEF
DEADBEEF
DEADBEEF
DEADBEEF
DEADBEEF
DEADBEEF
DEADBEEF
DEADBEEF
DEADBEEF
DEADBEEF
DEADBEEF
DEADBEEF
DEADBEEF
DEADBEEF
DEADBEEF
DEADBEEF
DEADBEEF
DEADBEEF
DEADBEEF
DEADBEEF
DEADBEEF
DEADBEEF
DEADBEEF
DEADBEEF
DEADBEEF
DEADBEEF
DEADBEEF
DEADBEEF
DEADBEEF
DEADBEEF
DEADBEEF
DEADBEEF
DEADBEEF
DEADBEEF
DEADBEEF
DEADBEEF
DEADBEEF
DEADBEEF
DEADBEEF
DEADBEEF
DEADBEEF
DEADBEEF
DEADBEEF
DEADBEEF
DEADBEEF
DEADBEEF
DEADBEEF
DEADBEEF
DEADBEEF
DEADBEEF
DEADBEEF
DEADBEEF
DEADBEEF
DEADBEEF
DEADBEEF
DEADBEEF
DEADBEEF
DEADBEEF
DEADBEEF
DEADBEEF
DEADBEEF
DEADBEEF
DEADBEEF
DEADBEEF
DEADBEEF
DEADBEEF
DEADBEEF
DEADBEEF
DEADBEEF
DEADBEEF
DEADBEEF
DEADBEEF
DEADBEEF
DEADBEEF
DEADBEEF
DEADBEEF
DEADBEEF
DEADBEEF
DEADBEEF
DEADBEEF
DEADBEEF
DEADBEEF
DEADBEEF
DEADBEEF
DEADBEEF
DEADBEEF
DEADBEEF
DEADBEEF
DEADBEEF
DEADBEEF
DEADBEEF
DEADBEEF
DEADBEEF
DEADBEEF
DEADBEEF
DEADBEEF
DEADBEEF
DEADBEEF
DEADBEEF
DEADBEEF
DEADBEEF
DEADBEEF
DEADBEEF
DEADBEEF
DEADBEEF
DEADBEEF
DEADBEEF
DEADBEEF
DEADBEEF
DEADBEEF
DEADBEEF
DEADBEEF
DEADBEEF
DEADBEEF
DEADBEEF
DEADBEEF
DEADBEEF
DEADBEEF
DEADBEEF
DEADBEEF
DEADBEEF
DEADBEEF
DEADBEEF
DEADBEEF
DEADBEEF
DEADBEEF
DEADBEEF
DEADBEEF
DEADBEEF
DEADBEEF
DEADBEEF
DEADBEEF
DEADBEEF
DEADBEEF
DEADBEEF
DEADBEEF
DEADBEEF
DEADBEEF
DEADBEEF
DEADBEEF
DEADBEEF
DEADBEEF
DEADBEEF
DEADBEEF
DEADBEEF
DEADBEEF
DEADBEEF
DEADBEEF
DEADBEEF
DEADBEEF
DEADBEEF
DEADBEEF
DEADBEEF
DEADBEEF
DEADBEEF
DEADBEEF
DEADBEEF
DEADBEEF
DEADBEEF
DEADBEEF
DEADBEEF
DEADBEEF
DEADBEEF
DEADBEEF
DEADBEEF
DEADBEEF
DEADBEEF
DEADBEEF
DEADBEEF
DEADBEEF
DEADBEEF
DEADBEEF
DEADBEEF
DEADBEEF
DEADBEEF
DEADBEEF
DEADBEEF
DEADBEEF
DEADBEEF
DEADBEEF
DEADBEEF
DEADBEEF
DEADBEEF
DEADBEEF
DEADBEEF
DEADBEEF
DEADBEEF
DEADBEEF
DEADBEEF
DEADBEEF
DEADBEEF
DEADBEEF
DEADBEEF
DEADBEEF
DEADBEEF
DEADBEEF
DEADBEEF
DEADBEEF
DEADBEEF
DEADBEEF
DEADBEEF
DEADBEEF
DEADBEEF
DEADBEEF
DEADBEEF
DEADBEEF
DEADBEEF
DEADBEEF
DEADBEEF
DEADBEEF
DEADBEEF
DEADBEEF
DEADBEEF
DEADBEEF
DEADBEEF
DEADBEEF
DEADBEEF
DEADBEEF
DEADBEEF
DEADBEEF
DEADBEEF
DEADBEEF
DEADBEEF
DEADBEEF
DEADBEEF
DEADBEEF
DEADBEEF
DEADBEEF
DEADBEEF
DEADBEEF
DEADBEEF
DEADBEEF
DEADBEEF
DEADBEEF
DEADBEEF
DEADBEEF
DEADBEEF
DEADBEEF
DEADBEEF
DEADBEEF
DEADBEEF
DEADBEEF
DEADBEEF
DEADBEEF
DEADBEEF
DEADBEEF
DEADBEEF
DEADBEEF
DEADBEEF
DEADBEEF
DEADBEEF
DEADBEEF
DEADBEEF
DEADBEEF
DEADBEEF
DEADBEEF
DEADBEEF
DEADBEEF
DEADBEEF
DEADBEEF
DEADBEEF
DEADBEEF
DEADBEEF
DEADBEEF
DEADBEEF
DEADBEEF
DEADBEEF
DEADBEEF
DEADBEEF
DEADBEEF
DEADBEEF
DEADBEEF
DEADBEEF
DEADBEEF
DEADBEEF
DEADBEEF
DEADBEEF
DEADBEEF
DEADBEEF
DEADBEEF
DEADBEEF
DEADBEEF
DEADBEEF
DEADBEEF
DEADBEEF
DEADBEEF
DEADBEEF
DEADBEEF
DEADBEEF
DEADBEEF
DEADBEEF
DEADBEEF
DEADBEEF
DEADBEEF
DEADBEEF
DEADBEEF
DEADBEEF
DEADBEEF
DEADBEEF
DEADBEEF
DEADBEEF
DEADBEEF
DEADBEEF
DEADBEEF
DEADBEEF
DEADBEEF
DEADBEEF
DEADBEEF
DEADBEEF
DEADBEEF
DEADBEEF
DEADBEEF
DEADBEEF
DEADBEEF
DEADBEEF
DEADBEEF
DEADBEEF
DEADBEEF
DEADBEEF
DEADBEEF
DEADBEEF
DEADBEEF
DEADBEEF
DEADBEEF
DEADBEEF
DEADBEEF
DEADBEEF
DEADBEEF
DEADBEEF
DEADBEEF
DEADBEEF
DEADBEEF
DEADBEEF
DEADBEEF
DEADBEEF
DEADBEEF
DEADBEEF
DEADBEEF
DEADBEEF
DEADBEEF
DEADBEEF
DEADBEEF
DEADBEEF
DEADBEEF
DEADBEEF
DEADBEEF
DEADBEEF
DEADBEEF
DEADBEEF
DEADBEEF
DEADBEEF
DEADBEEF
DEADBEEF
DEADBEEF
DEADBEEF
DEADBEEF
DEADBEEF
DEADBEEF
DEADBEEF
DEADBEEF
DEADBEEF
DEADBEEF
DEADBEEF
DEADBEEF
DEADBEEF
DEADBEEF
DEADBEEF
DEADBEEF
DEADBEEF
DEADBEEF
DEADBEEF
DEADBEEF
DEADBEEF
DEADBEEF
DEADBEEF
DEADBEEF
DEADBEEF
DEADBEEF
DEADBEEF
DEADBEEF
DEADBEEF
DEADBEEF
DEADBEEF
DEADBEEF
DEADBEEF
DEADBEEF
DEADBEEF
DEADBEEF
DEADBEEF
DEADBEEF
DEADBEEF
DEADBEEF
DEADBEEF
DEADBEEF
DEADBEEF
DEADBEEF
DEADBEEF
DEADBEEF
DEADBEEF
DEADBEEF
DEADBEEF
DEADBEEF
DEADBEEF
DEADBEEF
DEADBEEF
DEADBEEF
DEADBEEF
DEADBEEF
DEADBEEF
DEADBEEF
DEADBEEF
DEADBEEF
DEADBEEF
DEADBEEF
DEADBEEF
DEADBEEF
DEADBEEF
DEADBEEF
DEADBEEF
DEADBEEF
DEADBEEF
DEADBEEF
DEADBEEF
DEADBEEF
DEADBEEF
DEADBEEF
DEADBEEF
DEADBEEF
DEADBEEF
DEADBEEF
DEADBEEF
DEADBEEF
DEADBEEF
DEADBEEF
DEADBEEF
DEADBEEF
DEADBEEF
DEADBEEF
DEADBEEF
DEADBEEF
DEADBEEF
DEADBEEF
DEADBEEF
DEADBEEF
DEADBEEF
DEADBEEF
DEADBEEF
DEADBEEF
DEADBEEF
DEADBEEF
DEADBEEF
DEADBEEF
DEADBEEF
DEADBEEF
DEADBEEF
DEADBEEF
DEADBEEF
DEADBEEF
DEADBEEF
DEADBEEF
DEADBEEF
DEADBEEF
DEADBEEF
DEADBEEF
DEADBEEF
DEADBEEF
DEADBEEF
DEADBEEF
DEADBEEF
DEADBEEF
DEADBEEF
DEADBEEF
DEADBEEF
DEADBEEF
DEADBEEF
DEADBEEF
DEADBEEF
DEADBEEF
DEADBEEF
DEADBEEF
DEADBEEF
DEADBEEF
DEADBEEF
DEADBEEF
DEADBEEF
DEADBEEF
DEADBEEF
DEADBEEF
DEADBEEF
DEADBEEF
DEADBEEF
DEADBEEF
DEADBEEF
DEADBEEF
DEADBEEF
DEADBEEF
DEADBEEF
DEADBEEF
DEADBEEF
DEADBEEF
DEADBEEF
DEADBEEF
DEADBEEF
DEADBEEF
DEADBEEF
DEADBEEF
DEADBEEF
DEADBEEF
DEADBEEF
DEADBEEF
DEADBEEF
DEADBEEF
DEADBEEF
DEADBEEF
DEADBEEF
DEADBEEF
DEADBEEF
DEADBEEF
DEADBEEF
DEADBEEF
DEADBEEF
DEADBEEF
DEADBEEF
DEADBEEF
DEADBEEF
DEADBEEF
DEADBEEF
DEADBEEF
DEADBEEF
DEADBEEF
DEADBEEF
DEADBEEF
DEADBEEF
DEADBEEF
DEADBEEF
DEADBEEF
DEADBEEF
DEADBEEF
DEADBEEF
DEADBEEF
DEADBEEF
DEADBEEF
DEADBEEF
DEADBEEF
DEADBEEF
DEADBEEF
DEADBEEF
DEADBEEF
DEADBEEF
DEADBEEF
DEADBEEF
DEADBEEF
DEADBEEF
DEADBEEF
DEADBEEF
DEADBEEF
DEADBEEF
DEADBEEF
DEADBEEF
DEADBEEF
DEADBEEF
DEADBEEF
DEADBEEF
DEADBEEF
DEADBEEF
DEADBEEF
DEADBEEF
DEADBEEF
DEADBEEF
DEADBEEF
DEADBEEF
DEADBEEF
DEADBEEF
DEADBEEF
DEADBEEF
DEADBEEF
DEADBEEF
DEADBEEF
DEADBEEF
DEADBEEF
DEADBEEF
DEADBEEF
DEADBEEF
DEADBEEF
DEADBEEF
DEADBEEF
DEADBEEF
DEADBEEF
DEADBEEF
DEADBEEF
DEADBEEF
DEADBEEF
DEADBEEF
DEADBEEF
DEADBEEF
DEADBEEF
DEADBEEF
DEADBEEF
DEADBEEF
DEADBEEF
DEADBEEF
DEADBEEF
DEADBEEF
DEADBEEF
DEADBEEF
DEADBEEF
DEADBEEF
DEADBEEF
DEADBEEF
DEADBEEF
DEADBEEF
DEADBEEF
DEADBEEF
DEADBEEF
DEADBEEF
DEADBEEF
DEADBEEF
DEADBEEF
DEADBEEF
DEADBEEF
DEADBEEF
DEADBEEF
DEADBEEF
DEADBEEF
DEADBEEF
DEADBEEF
DEADBEEF
DEADBEEF
DEADBEEF
DEADBEEF
DEADBEEF
DEADBEEF
DEADBEEF
DEADBEEF
DEADBEEF
DEADBEEF
DEADBEEF
DEADBEEF
DEADBEEF
DEADBEEF
DEADBEEF
DEADBEEF
DEADBEEF
DEADBEEF
DEADBEEF
DEADBEEF
DEADBEEF
DEADBEEF
DEADBEEF
DEADBEEF
DEADBEEF
DEADBEEF
DEADBEEF
DEADBEEF
DEADBEEF
DEADBEEF
DEADBEEF
DEADBEEF
DEADBEEF
DEADBEEF
DEADBEEF
DEADBEEF
DEADBEEF
DEADBEEF
DEADBEEF
DEADBEEF
DEADBEEF
DEADBEEF
DEADBEEF
DEADBEEF
DEADBEEF
DEADBEEF
DEADBEEF
DEADBEEF
DEADBEEF
DEADBEEF
DEADBEEF
DEADBEEF
DEADBEEF
DEADBEEF
DEADBEEF
DEADBEEF
DEADBEEF
DEADBEEF
DEADBEEF
DEADBEEF
DEADBEEF
DEADBEEF
DEADBEEF
DEADBEEF
DEADBEEF
DEADBEEF
DEADBEEF
DEADBEEF
DEADBEEF
DEADBEEF
DEADBEEF
DEADBEEF
DEADBEEF
DEADBEEF
DEADBEEF
DEADBEEF
DEADBEEF
DEADBEEF
DEADBEEF
DEADBEEF
DEADBEEF
DEADBEEF
DEADBEEF
DEADBEEF
DEADBEEF
DEADBEEF
DEADBEEF
DEADBEEF
DEADBEEF
DEADBEEF
DEADBEEF
DEADBEEF
DEADBEEF
DEADBEEF
DEADBEEF
DEADBEEF
DEADBEEF
DEADBEEF
DEADBEEF
DEADBEEF
DEADBEEF
DEADBEEF
DEADBEEF
DEADBEEF
DEADBEEF
DEADBEEF
DEADBEEF
DEADBEEF
DEADBEEF
DEADBEEF
DEADBEEF
DEADBEEF
DEADBEEF
DEADBEEF
DEADBEEF
DEADBEEF
DEADBEEF
DEADBEEF
DEADBEEF
DEADBEEF
DEADBEEF
DEADBEEF
DEADBEEF
DEADBEEF
DEADBEEF
DEADBEEF
DEADBEEF
DEADBEEF
DEADBEEF
DEADBEEF
DEADBEEF
DEADBEEF
DEADBEEF
DEADBEEF
DEADBEEF
DEADBEEF
DEADBEEF
DEADBEEF
DEADBEEF
DEADBEEF
DEADBEEF
DEADBEEF
DEADBEEF
DEADBEEF
DEADBEEF
DEADBEEF
DEADBEEF
DEADBEEF
DEADBEEF
DEADBEEF
DEADBEEF
DEADBEEF
DEADBEEF
DEADBEEF
DEADBEEF
DEADBEEF
DEADBEEF
DEADBEEF
DEADBEEF
DEADBEEF
DEADBEEF
DEADBEEF
DEADBEEF
DEADBEEF
DEADBEEF
DEADBEEF
DEADBEEF
DEADBEEF
DEADBEEF
DEADBEEF
DEADBEEF
DEADBEEF
DEADBEEF
DEADBEEF
DEADBEEF
DEADBEEF
DEADBEEF
DEADBEEF
DEADBEEF
DEADBEEF
DEADBEEF
DEADBEEF
DEADBEEF
DEADBEEF
DEADBEEF
DEADBEEF
DEADBEEF
DEADBEEF
DEADBEEF
DEADBEEF
DEADBEEF
DEADBEEF
DEADBEEF
DEADBEEF
DEADBEEF
DEADBEEF
DEADBEEF
DEADBEEF
DEADBEEF
DEADBEEF
DEADBEEF
DEADBEEF
DEADBEEF
DEADBEEF
DEADBEEF
DEADBEEF
DEADBEEF
DEADBEEF
DEADBEEF
DEADBEEF
DEADBEEF
DEADBEEF
DEADBEEF
DEADBEEF
DEADBEEF
DEADBEEF
DEADBEEF
DEADBEEF
DEADBEEF
DEADBEEF
DEADBEEF
DEADBEEF
DEADBEEF
DEADBEEF
DEADBEEF
DEADBEEF
DEADBEEF
DEADBEEF
DEADBEEF
DEADBEEF
DEADBEEF
DEADBEEF
DEADBEEF
DEADBEEF
DEADBEEF
DEADBEEF
DEADBEEF
DEADBEEF
DEADBEEF
DEADBEEF
DEADBEEF
DEADBEEF
DEADBEEF
DEADBEEF
DEADBEEF
DEADBEEF
DEADBEEF
DEADBEEF
DEADBEEF
DEADBEEF
DEADBEEF
DEADBEEF
DEADBEEF
DEADBEEF
DEADBEEF
DEADBEEF
DEADBEEF
DEADBEEF
DEADBEEF
DEADBEEF
DEADBEEF
DEADBEEF
DEADBEEF
DEADBEEF
DEADBEEF
DEADBEEF
DEADBEEF
DEADBEEF
DEADBEEF
DEADBEEF
DEADBEEF
DEADBEEF
DEADBEEF
DEADBEEF
DEADBEEF
DEADBEEF
DEADBEEF
DEADBEEF
DEADBEEF
DEADBEEF
DEADBEEF
DEADBEEF
DEADBEEF
DEADBEEF
DEADBEEF
DEADBEEF
DEADBEEF
DEADBEEF
DEADBEEF
DEADBEEF
DEADBEEF
DEADBEEF
DEADBEEF
DEADBEEF
DEADBEEF
DEADBEEF
DEADBEEF
DEADBEEF
DEADBEEF
DEADBEEF
DEADBEEF
DEADBEEF
DEADBEEF
DEADBEEF
DEADBEEF
DEADBEEF
DEADBEEF
DEADBEEF
DEADBEEF
DEADBEEF
DEADBEEF
DEADBEEF
DEADBEEF
DEADBEEF
DEADBEEF
DEADBEEF
DEADBEEF
DEADBEEF
DEADBEEF
DEADBEEF
DEADBEEF
DEADBEEF
DEADBEEF
DEADBEEF
DEADBEEF
DEADBEEF
DEADBEEF
DEADBEEF
DEADBEEF
DEADBEEF
DEADBEEF
DEADBEEF
DEADBEEF
DEADBEEF
DEADBEEF
DEADBEEF
DEADBEEF
DEADBEEF
DEADBEEF
DEADBEEF
DEADBEEF
DEADBEEF
DEADBEEF
DEADBEEF
DEADBEEF
DEADBEEF
DEADBEEF
DEADBEEF
DEADBEEF
DEADBEEF
DEADBEEF
DEADBEEF
DEADBEEF
DEADBEEF
DEADBEEF
DEADBEEF
DEADBEEF
DEADBEEF
DEADBEEF
DEADBEEF
DEADBEEF
DEADBEEF
DEADBEEF
DEADBEEF
DEADBEEF
DEADBEEF
DEADBEEF
DEADBEEF
DEADBEEF
DEADBEEF
DEADBEEF
DEADBEEF
DEADBEEF
DEADBEEF
DEADBEEF
DEADBEEF
DEADBEEF
DEADBEEF
DEADBEEF
DEADBEEF
DEADBEEF
DEADBEEF
DEADBEEF
DEADBEEF
DEADBEEF
DEADBEEF
DEADBEEF
DEADBEEF
DEADBEEF
DEADBEEF
DEADBEEF
DEADBEEF
DEADBEEF
DEADBEEF
DEADBEEF
DEADBEEF
DEADBEEF
DEADBEEF
DEADBEEF
DEADBEEF
DEADBEEF
DEADBEEF
DEADBEEF
DEADBEEF
DEADBEEF
DEADBEEF
DEADBEEF
DEADBEEF
DEADBEEF
DEADBEEF
DEADBEEF
DEADBEEF
DEADBEEF
DEADBEEF
DEADBEEF
DEADBEEF
DEADBEEF
DEADBEEF
DEADBEEF
DEADBEEF
DEADBEEF
DEADBEEF
DEADBEEF
DEADBEEF
DEADBEEF
DEADBEEF
DEADBEEF
DEADBEEF
DEADBEEF
DEADBEEF
DEADBEEF
DEADBEEF
DEADBEEF
DEADBEEF
DEADBEEF
DEADBEEF
DEADBEEF
DEADBEEF
DEADBEEF
DEADBEEF
DEADBEEF
DEADBEEF
DEADBEEF
DEADBEEF
DEADBEEF
DEADBEEF
DEADBEEF
DEADBEEF
DEADBEEF
DEADBEEF
DEADBEEF
DEADBEEF
DEADBEEF
DEADBEEF
DEADBEEF
DEADBEEF
DEADBEEF
DEADBEEF
DEADBEEF
DEADBEEF
DEADBEEF
DEADBEEF
DEADBEEF
DEADBEEF
DEADBEEF
DEADBEEF
DEADBEEF
DEADBEEF
DEADBEEF
DEADBEEF
DEADBEEF
DEADBEEF
DEADBEEF
DEADBEEF
DEADBEEF
DEADBEEF
DEADBEEF
DEADBEEF
DEADBEEF
DEADBEEF
DEADBEEF
DEADBEEF
DEADBEEF
DEADBEEF
DEADBEEF
DEADBEEF
DEADBEEF
DEADBEEF
DEADBEEF
DEADBEEF
DEADBEEF
DEADBEEF
DEADBEEF
DEADBEEF
DEADBEEF
DEADBEEF
DEADBEEF
DEADBEEF
DEADBEEF
DEADBEEF
DEADBEEF
DEADBEEF
DEADBEEF
DEADBEEF
DEADBEEF
DEADBEEF
DEADBEEF
DEADBEEF
DEADBEEF
DEADBEEF
DEADBEEF
DEADBEEF
DEADBEEF
DEADBEEF
DEADBEEF
DEADBEEF
DEADBEEF
DEADBEEF
DEADBEEF
DEADBEEF
DEADBEEF
DEADBEEF
DEADBEEF
DEADBEEF
DEADBEEF
DEADBEEF
DEADBEEF
DEADBEEF
DEADBEEF
DEADBEEF
DEADBEEF
DEADBEEF
DEADBEEF
DEADBEEF
DEADBEEF
DEADBEEF
DEADBEEF
DEADBEEF
DEADBEEF
DEADBEEF
DEADBEEF
DEADBEEF
DEADBEEF
DEADBEEF
DEADBEEF
DEADBEEF
DEADBEEF
DEADBEEF
DEADBEEF
DEADBEEF
DEADBEEF
DEADBEEF
DEADBEEF
DEADBEEF
DEADBEEF
DEADBEEF
DEADBEEF
DEADBEEF
DEADBEEF
DEADBEEF
DEADBEEF
DEADBEEF
DEADBEEF
DEADBEEF
DEADBEEF
DEADBEEF
DEADBEEF
DEADBEEF
DEADBEEF
DEADBEEF
DEADBEEF
DEADBEEF
DEADBEEF
DEADBEEF
DEADBEEF
DEADBEEF
DEADBEEF
DEADBEEF
DEADBEEF
DEADBEEF
DEADBEEF
DEADBEEF
DEADBEEF
DEADBEEF
DEADBEEF
DEADBEEF
DEADBEEF
DEADBEEF
DEADBEEF
DEADBEEF
DEADBEEF
DEADBEEF
DEADBEEF
DEADBEEF
DEADBEEF
DEADBEEF
DEADBEEF
DEADBEEF
DEADBEEF
DEADBEEF
DEADBEEF
DEADBEEF
DEADBEEF
DEADBEEF
DEADBEEF
DEADBEEF
DEADBEEF
DEADBEEF
DEADBEEF
DEADBEEF
DEADBEEF
DEADBEEF
DEADBEEF
DEADBEEF
DEADBEEF
DEADBEEF
DEADBEEF
DEADBEEF
DEADBEEF
DEADBEEF
DEADBEEF
DEADBEEF
DEADBEEF
DEADBEEF
DEADBEEF
DEADBEEF
DEADBEEF
DEADBEEF
DEADBEEF
DEADBEEF
DEADBEEF
DEADBEEF
DEADBEEF
DEADBEEF
DEADBEEF
DEADBEEF
DEADBEEF
DEADBEEF
DEADBEEF
DEADBEEF
DEADBEEF
DEADBEEF
DEADBEEF
DEADBEEF
DEADBEEF
DEADBEEF
DEADBEEF
DEADBEEF
DEADBEEF
DEADBEEF
DEADBEEF
DEADBEEF
DEADBEEF
DEADBEEF
DEADBEEF
DEADBEEF
DEADBEEF
DEADBEEF
DEADBEEF
DEADBEEF
DEADBEEF
DEADBEEF
DEADBEEF
DEADBEEF
DEADBEEF
DEADBEEF
DEADBEEF
DEADBEEF
DEADBEEF
DEADBEEF
DEADBEEF
DEADBEEF
DEADBEEF
DEADBEEF
DEADBEEF
DEADBEEF
DEADBEEF
DEADBEEF
DEADBEEF
DEADBEEF
DEADBEEF
DEADBEEF
DEADBEEF
DEADBEEF
DEADBEEF
DEADBEEF
DEADBEEF
DEADBEEF
DEADBEEF
DEADBEEF
DEADBEEF
DEADBEEF
DEADBEEF
DEADBEEF
DEADBEEF
DEADBEEF
DEADBEEF
DEADBEEF
DEADBEEF
DEADBEEF
DEADBEEF
DEADBEEF
DEADBEEF
DEADBEEF
DEADBEEF
DEADBEEF
DEADBEEF
DEADBEEF
DEADBEEF
DEADBEEF
DEADBEEF
DEADBEEF
DEADBEEF
DEADBEEF
DEADBEEF
DEADBEEF
DEADBEEF
DEADBEEF
DEADBEEF
DEADBEEF
DEADBEEF
DEADBEEF
DEADBEEF
DEADBEEF
DEADBEEF
DEADBEEF
DEADBEEF
DEADBEEF
DEADBEEF
DEADBEEF
DEADBEEF
DEADBEEF
DEADBEEF
DEADBEEF
DEADBEEF
DEADBEEF
DEADBEEF
DEADBEEF
DEADBEEF
DEADBEEF
DEADBEEF
DEADBEEF
DEADBEEF
DEADBEEF
DEADBEEF
DEADBEEF
DEADBEEF
DEADBEEF
DEADBEEF
DEADBEEF
DEADBEEF
DEADBEEF
DEADBEEF
DEADBEEF
DEADBEEF
DEADBEEF
DEADBEEF
DEADBEEF
DEADBEEF
DEADBEEF
DEADBEEF
DEADBEEF
DEADBEEF
DEADBEEF
DEADBEEF
DEADBEEF
DEADBEEF
DEADBEEF
DEADBEEF
DEADBEEF
DEADBEEF
DEADBEEF
DEADBEEF
DEADBEEF
DEADBEEF
DEADBEEF
DEADBEEF
DEADBEEF
DEADBEEF
DEADBEEF
DEADBEEF
DEADBEEF
DEADBEEF
DEADBEEF
DEADBEEF
DEADBEEF
DEADBEEF
DEADBEEF
DEADBEEF
DEADBEEF
DEADBEEF
DEADBEEF
DEADBEEF
DEADBEEF
DEADBEEF
DEADBEEF
DEADBEEF
DEADBEEF
DEADBEEF
DEADBEEF
DEADBEEF
DEADBEEF
DEADBEEF
DEADBEEF
DEADBEEF
DEADBEEF
DEADBEEF
DEADBEEF
DEADBEEF
DEADBEEF
DEADBEEF
DEADBEEF
DEADBEEF
DEADBEEF
DEADBEEF
DEADBEEF
DEADBEEF
DEADBEEF
DEADBEEF
DEADBEEF
DEADBEEF
DEADBEEF
DEADBEEF
DEADBEEF
DEADBEEF
DEADBEEF
DEADBEEF
DEADBEEF
DEADBEEF
DEADBEEF
DEADBEEF
DEADBEEF
DEADBEEF
DEADBEEF
DEADBEEF
DEADBEEF
DEADBEEF
DEADBEEF
DEADBEEF
DEADBEEF
DEADBEEF
DEADBEEF
DEADBEEF
DEADBEEF
DEADBEEF
DEADBEEF
DEADBEEF
DEADBEEF
DEADBEEF
DEADBEEF
DEADBEEF
DEADBEEF
DEADBEEF
DEADBEEF
DEADBEEF
DEADBEEF
DEADBEEF
DEADBEEF
DEADBEEF
DEADBEEF
DEADBEEF
DEADBEEF
DEADBEEF
DEADBEEF
DEADBEEF
DEADBEEF
DEADBEEF
DEADBEEF
DEADBEEF
DEADBEEF
DEADBEEF
DEADBEEF
DEADBEEF
DEADBEEF
DEADBEEF
DEADBEEF
DEADBEEF
DEADBEEF
DEADBEEF
DEADBEEF
DEADBEEF
DEADBEEF
DEADBEEF
DEADBEEF
DEADBEEF
DEADBEEF
DEADBEEF
DEADBEEF
DEADBEEF
DEADBEEF
DEADBEEF
DEADBEEF
DEADBEEF
DEADBEEF
DEADBEEF
DEADBEEF
DEADBEEF
DEADBEEF
DEADBEEF
DEADBEEF
DEADBEEF
DEADBEEF
DEADBEEF
DEADBEEF
DEADBEEF
DEADBEEF
DEADBEEF
DEADBEEF
DEADBEEF
DEADBEEF
DEADBEEF
DEADBEEF
DEADBEEF
DEADBEEF
DEADBEEF
DEADBEEF
DEADBEEF
DEADBEEF
DEADBEEF
DEADBEEF
DEADBEEF
DEADBEEF
DEADBEEF
DEADBEEF
DEADBEEF
DEADBEEF
DEADBEEF
DEADBEEF
DEADBEEF
DEADBEEF
DEADBEEF
DEADBEEF
DEADBEEF
DEADBEEF
DEADBEEF
DEADBEEF
DEADBEEF
DEADBEEF
DEADBEEF
DEADBEEF
DEADBEEF
DEADBEEF
DEADBEEF
DEADBEEF
DEADBEEF
DEADBEEF
DEADBEEF
DEADBEEF
DEADBEEF
DEADBEEF
DEADBEEF
DEADBEEF
DEADBEEF
DEADBEEF
DEADBEEF
DEADBEEF
DEADBEEF
DEADBEEF
DEADBEEF
DEADBEEF
DEADBEEF
DEADBEEF
DEADBEEF
DEADBEEF
DEADBEEF
DEADBEEF
DEADBEEF
DEADBEEF
DEADBEEF
DEADBEEF
DEADBEEF
DEADBEEF
DEADBEEF
DEADBEEF
DEADBEEF
DEADBEEF
DEADBEEF
DEADBEEF
DEADBEEF
DEADBEEF
DEADBEEF
DEADBEEF
DEADBEEF
DEADBEEF
DEADBEEF
DEADBEEF
DEADBEEF
DEADBEEF
DEADBEEF
DEADBEEF
DEADBEEF
DEADBEEF
DEADBEEF
DEADBEEF
DEADBEEF
DEADBEEF
DEADBEEF
DEADBEEF
DEADBEEF
DEADBEEF
DEADBEEF
DEADBEEF
DEADBEEF
DEADBEEF
DEADBEEF
DEADBEEF
DEADBEEF
DEADBEEF
DEADBEEF
DEADBEEF
DEADBEEF
DEADBEEF
DEADBEEF
DEADBEEF
DEADBEEF
DEADBEEF
DEADBEEF
DEADBEEF
DEADBEEF
DEADBEEF
DEADBEEF
DEADBEEF
DEADBEEF
DEADBEEF
DEADBEEF
DEADBEEF
DEADBEEF
DEADBEEF
DEADBEEF
DEADBEEF
DEADBEEF
DEADBEEF
DEADBEEF
DEADBEEF
DEADBEEF
DEADBEEF
DEADBEEF
DEADBEEF
DEADBEEF
DEADBEEF
DEADBEEF
DEADBEEF
DEADBEEF
DEADBEEF
DEADBEEF
DEADBEEF
DEADBEEF
DEADBEEF
DEADBEEF
DEADBEEF
DEADBEEF
DEADBEEF
DEADBEEF
DEADBEEF
DEADBEEF
DEADBEEF
DEADBEEF
DEADBEEF
DEADBEEF
DEADBEEF
DEADBEEF
DEADBEEF
DEADBEEF
DEADBEEF
DEADBEEF
DEADBEEF
DEADBEEF
DEADBEEF
DEADBEEF
DEADBEEF
DEADBEEF
DEADBEEF
DEADBEEF
DEADBEEF
DEADBEEF
DEADBEEF
DEADBEEF
DEADBEEF
DEADBEEF
DEADBEEF
DEADBEEF
DEADBEEF
DEADBEEF
DEADBEEF
DEADBEEF
DEADBEEF
DEADBEEF
DEADBEEF
DEADBEEF
DEADBEEF
DEADBEEF
DEADBEEF
DEADBEEF
DEADBEEF
DEADBEEF
DEADBEEF
DEADBEEF
DEADBEEF
DEADBEEF
DEADBEEF
DEADBEEF
DEADBEEF
DEADBEEF
DEADBEEF
DEADBEEF
DEADBEEF
DEADBEEF
DEADBEEF
DEADBEEF
DEADBEEF
DEADBEEF
DEADBEEF
DEADBEEF
DEADBEEF
DEADBEEF
DEADBEEF
DEADBEEF
DEADBEEF
DEADBEEF
DEADBEEF
DEADBEEF
DEADBEEF
DEADBEEF
DEADBEEF
DEADBEEF
DEADBEEF
DEADBEEF
DEADBEEF
DEADBEEF
DEADBEEF
DEADBEEF
DEADBEEF
DEADBEEF
DEADBEEF
DEADBEEF
DEADBEEF
DEADBEEF
DEADBEEF
DEADBEEF
DEADBEEF
DEADBEEF
DEADBEEF
DEADBEEF
DEADBEEF
DEADBEEF
DEADBEEF
DEADBEEF
DEADBEEF
DEADBEEF
DEADBEEF
DEADBEEF
DEADBEEF
DEADBEEF
DEADBEEF
DEADBEEF
DEADBEEF
DEADBEEF
DEADBEEF
DEADBEEF
DEADBEEF
DEADBEEF
DEADBEEF
DEADBEEF
DEADBEEF
DEADBEEF
DEADBEEF
DEADBEEF
DEADBEEF
DEADBEEF
DEADBEEF
DEADBEEF
DEADBEEF
DEADBEEF
DEADBEEF
DEADBEEF
DEADBEEF
DEADBEEF
DEADBEEF
DEADBEEF
DEADBEEF
DEADBEEF
DEADBEEF
DEADBEEF
DEADBEEF
DEADBEEF
DEADBEEF
DEADBEEF
DEADBEEF
DEADBEEF
DEADBEEF
DEADBEEF
DEADBEEF
DEADBEEF
DEADBEEF
DEADBEEF
DEADBEEF
DEADBEEF
DEADBEEF
DEADBEEF
DEADBEEF
DEADBEEF
DEADBEEF
DEADBEEF
DEADBEEF
DEADBEEF
DEADBEEF
DEADBEEF
DEADBEEF
DEADBEEF
DEADBEEF
DEADBEEF
DEADBEEF
DEADBEEF
DEADBEEF
DEADBEEF
DEADBEEF
DEADBEEF
DEADBEEF
DEADBEEF
DEADBEEF
DEADBEEF
DEADBEEF
DEADBEEF
DEADBEEF
DEADBEEF
DEADBEEF
DEADBEEF
DEADBEEF
DEADBEEF
DEADBEEF
DEADBEEF
DEADBEEF
DEADBEEF
DEADBEEF
DEADBEEF
DEADBEEF
DEADBEEF
DEADBEEF
DEADBEEF
DEADBEEF
DEADBEEF
DEADBEEF
DEADBEEF
DEADBEEF
DEADBEEF
DEADBEEF
DEADBEEF
DEADBEEF
DEADBEEF
DEADBEEF
DEADBEEF
DEADBEEF
DEADBEEF
DEADBEEF
DEADBEEF
DEADBEEF
DEADBEEF
DEADBEEF
DEADBEEF
DEADBEEF
DEADBEEF
DEADBEEF
DEADBEEF
DEADBEEF
DEADBEEF
DEADBEEF
DEADBEEF
DEADBEEF
DEADBEEF
DEADBEEF
DEADBEEF
DEADBEEF
DEADBEEF
DEADBEEF
DEADBEEF
DEADBEEF
DEADBEEF
DEADBEEF
DEADBEEF
DEADBEEF
DEADBEEF
DEADBEEF
DEADBEEF
DEADBEEF
DEADBEEF
DEADBEEF
DEADBEEF
DEADBEEF
DEADBEEF
DEADBEEF
DEADBEEF
DEADBEEF
DEADBEEF
DEADBEEF
DEADBEEF
DEADBEEF
DEADBEEF
DEADBEEF
DEADBEEF
DEADBEEF
DEADBEEF
DEADBEEF
DEADBEEF
DEADBEEF
DEADBEEF
DEADBEEF
DEADBEEF
DEADBEEF
DEADBEEF
DEADBEEF
DEADBEEF
DEADBEEF
DEADBEEF
DEADBEEF
DEADBEEF
DEADBEEF
DEADBEEF
DEADBEEF
DEADBEEF
DEADBEEF
DEADBEEF
DEADBEEF
DEADBEEF
DEADBEEF
DEADBEEF
DEADBEEF
DEADBEEF
DEADBEEF
DEADBEEF
DEADBEEF
DEADBEEF
DEADBEEF
DEADBEEF
DEADBEEF
DEADBEEF
DEADBEEF
DEADBEEF
DEADBEEF
DEADBEEF
DEADBEEF
DEADBEEF
DEADBEEF
DEADBEEF
DEADBEEF
DEADBEEF
DEADBEEF
DEADBEEF
DEADBEEF
DEADBEEF
DEADBEEF
DEADBEEF
DEADBEEF
DEADBEEF
DEADBEEF
DEADBEEF
DEADBEEF
DEADBEEF
DEADBEEF
DEADBEEF
DEADBEEF
DEADBEEF
DEADBEEF
DEADBEEF
DEADBEEF
DEADBEEF
DEADBEEF
DEADBEEF
DEADBEEF
DEADBEEF
DEADBEEF
DEADBEEF
DEADBEEF
DEADBEEF
DEADBEEF
DEADBEEF
DEADBEEF
DEADBEEF
DEADBEEF
DEADBEEF
DEADBEEF
DEADBEEF
DEADBEEF
DEADBEEF
DEADBEEF
DEADBEEF
DEADBEEF
DEADBEEF
DEADBEEF
DEADBEEF
DEADBEEF
DEADBEEF
DEADBEEF
DEADBEEF
DEADBEEF
DEADBEEF
DEADBEEF
DEADBEEF
DEADBEEF
DEADBEEF
DEADBEEF
DEADBEEF
DEADBEEF
DEADBEEF
DEADBEEF
DEADBEEF
DEADBEEF
DEADBEEF
DEADBEEF
DEADBEEF
DEADBEEF
DEADBEEF
DEADBEEF
DEADBEEF
DEADBEEF
DEADBEEF
DEADBEEF
DEADBEEF
DEADBEEF
DEADBEEF
DEADBEEF
DEADBEEF
DEADBEEF
DEADBEEF
DEADBEEF
DEADBEEF
DEADBEEF
DEADBEEF
DEADBEEF
DEADBEEF
DEADBEEF
DEADBEEF
DEADBEEF
DEADBEEF
DEADBEEF
DEADBEEF
DEADBEEF
DEADBEEF
DEADBEEF
DEADBEEF
DEADBEEF
DEADBEEF
DEADBEEF
DEADBEEF
DEADBEEF
DEADBEEF
DEADBEEF
DEADBEEF
DEADBEEF
DEADBEEF
DEADBEEF
DEADBEEF
DEADBEEF
DEADBEEF
DEADBEEF
DEADBEEF
DEADBEEF
DEADBEEF
DEADBEEF
DEADBEEF
DEADBEEF
DEADBEEF
DEADBEEF
DEADBEEF
DEADBEEF
DEADBEEF
DEADBEEF
DEADBEEF
DEADBEEF
DEADBEEF
DEADBEEF
DEADBEEF
DEADBEEF
DEADBEEF
DEADBEEF
DEADBEEF
DEADBEEF
DEADBEEF
DEADBEEF
DEADBEEF
DEADBEEF
DEADBEEF
DEADBEEF
DEADBEEF
DEADBEEF
DEADBEEF
DEADBEEF
DEADBEEF
DEADBEEF
DEADBEEF
DEADBEEF
DEADBEEF
DEADBEEF
DEADBEEF
DEADBEEF
DEADBEEF
DEADBEEF
DEADBEEF
DEADBEEF
DEADBEEF
DEADBEEF
DEADBEEF
DEADBEEF
DEADBEEF
DEADBEEF
DEADBEEF
DEADBEEF
DEADBEEF
DEADBEEF
DEADBEEF
DEADBEEF
DEADBEEF
DEADBEEF
DEADBEEF
DEADBEEF
DEADBEEF
DEADBEEF
DEADBEEF
DEADBEEF
DEADBEEF
DEADBEEF
DEADBEEF
DEADBEEF
DEADBEEF
DEADBEEF
DEADBEEF
DEADBEEF
DEADBEEF
DEADBEEF
DEADBEEF
DEADBEEF
DEADBEEF
DEADBEEF
DEADBEEF
DEADBEEF
DEADBEEF
DEADBEEF
DEADBEEF
DEADBEEF
DEADBEEF
DEADBEEF
DEADBEEF
DEADBEEF
DEADBEEF
DEADBEEF
DEADBEEF
DEADBEEF
DEADBEEF
DEADBEEF
DEADBEEF
DEADBEEF
DEADBEEF
DEADBEEF
DEADBEEF
DEADBEEF
DEADBEEF
DEADBEEF
DEADBEEF
DEADBEEF
DEADBEEF
DEADBEEF
DEADBEEF
DEADBEEF
DEADBEEF
DEADBEEF
DEADBEEF
DEADBEEF
DEADBEEF
DEADBEEF
DEADBEEF
DEADBEEF
DEADBEEF
DEADBEEF
DEADBEEF
DEADBEEF
DEADBEEF
DEADBEEF
DEADBEEF
DEADBEEF
DEADBEEF
DEADBEEF
DEADBEEF
DEADBEEF
DEADBEEF
DEADBEEF
DEADBEEF
DEADBEEF
DEADBEEF
DEADBEEF
DEADBEEF
DEADBEEF
DEADBEEF
DEADBEEF
DEADBEEF
DEADBEEF
DEADBEEF
DEADBEEF
DEADBEEF
DEADBEEF
DEADBEEF
DEADBEEF
DEADBEEF
DEADBEEF
DEADBEEF
DEADBEEF
DEADBEEF
DEADBEEF
DEADBEEF
DEADBEEF
DEADBEEF
DEADBEEF
DEADBEEF
DEADBEEF
DEADBEEF
DEADBEEF
DEADBEEF
DEADBEEF
DEADBEEF
DEADBEEF
DEADBEEF
DEADBEEF
DEADBEEF
DEADBEEF
DEADBEEF
DEADBEEF
DEADBEEF
DEADBEEF
DEADBEEF
DEADBEEF
DEADBEEF
DEADBEEF
DEADBEEF
DEADBEEF
DEADBEEF
DEADBEEF
DEADBEEF
DEADBEEF
DEADBEEF
DEADBEEF
DEADBEEF
DEADBEEF
DEADBEEF
DEADBEEF
DEADBEEF
DEADBEEF
DEADBEEF
DEADBEEF
DEADBEEF
DEADBEEF
DEADBEEF
DEADBEEF
DEADBEEF
DEADBEEF
DEADBEEF
DEADBEEF
DEADBEEF
DEADBEEF
DEADBEEF
DEADBEEF
DEADBEEF
DEADBEEF
DEADBEEF
DEADBEEF
DEADBEEF
DEADBEEF
DEADBEEF
DEADBEEF
DEADBEEF
DEADBEEF
DEADBEEF
DEADBEEF
DEADBEEF
DEADBEEF
DEADBEEF
DEADBEEF
DEADBEEF
DEADBEEF
DEADBEEF
DEADBEEF
DEADBEEF
DEADBEEF
DEADBEEF
DEADBEEF
DEADBEEF
DEADBEEF
DEADBEEF
DEADBEEF
DEADBEEF
DEADBEEF
DEADBEEF
DEADBEEF
DEADBEEF
DEADBEEF
DEADBEEF
DEADBEEF
DEADBEEF
DEADBEEF
DEADBEEF
DEADBEEF
DEADBEEF
DEADBEEF
DEADBEEF
DEADBEEF
DEADBEEF
DEADBEEF
DEADBEEF
DEADBEEF
DEADBEEF
DEADBEEF
DEADBEEF
DEADBEEF
DEADBEEF
DEADBEEF
DEADBEEF
DEADBEEF
DEADBEEF
DEADBEEF
DEADBEEF
DEADBEEF
DEADBEEF
DEADBEEF
DEADBEEF
DEADBEEF
DEADBEEF
DEADBEEF
DEADBEEF
DEADBEEF
DEADBEEF
DEADBEEF
DEADBEEF
DEADBEEF
DEADBEEF
DEADBEEF
DEADBEEF
DEADBEEF
DEADBEEF
DEADBEEF
DEADBEEF
DEADBEEF
DEADBEEF
DEADBEEF
DEADBEEF
DEADBEEF
DEADBEEF
DEADBEEF
DEADBEEF
DEADBEEF
DEADBEEF
DEADBEEF
DEADBEEF
DEADBEEF
DEADBEEF
DEADBEEF
DEADBEEF
DEADBEEF
DEADBEEF
DEADBEEF
DEADBEEF
DEADBEEF
DEADBEEF
DEADBEEF
DEADBEEF
DEADBEEF
DEADBEEF
DEADBEEF
DEADBEEF
DEADBEEF
DEADBEEF
DEADBEEF
DEADBEEF
DEADBEEF
DEADBEEF
DEADBEEF
DEADBEEF
DEADBEEF
DEADBEEF
DEADBEEF
DEADBEEF
DEADBEEF
DEADBEEF
DEADBEEF
DEADBEEF
DEADBEEF
DEADBEEF
DEADBEEF
DEADBEEF
DEADBEEF
DEADBEEF
DEADBEEF
DEADBEEF
DEADBEEF
DEADBEEF
DEADBEEF
DEADBEEF
DEADBEEF
DEADBEEF
DEADBEEF
DEADBEEF
DEADBEEF
DEADBEEF
DEADBEEF
DEADBEEF
DEADBEEF
DEADBEEF
DEADBEEF
DEADBEEF
DEADBEEF
DEADBEEF
DEADBEEF
DEADBEEF
DEADBEEF
DEADBEEF
DEADBEEF
DEADBEEF
DEADBEEF
DEADBEEF
DEADBEEF
DEADBEEF
DEADBEEF
DEADBEEF
DEADBEEF
DEADBEEF
DEADBEEF
DEADBEEF
DEADBEEF
DEADBEEF
DEADBEEF
DEADBEEF
DEADBEEF
DEADBEEF
DEADBEEF
DEADBEEF
DEADBEEF
DEADBEEF
DEADBEEF
DEADBEEF
DEADBEEF
DEADBEEF
DEADBEEF
DEADBEEF
DEADBEEF
DEADBEEF
DEADBEEF
DEADBEEF
DEADBEEF
DEADBEEF
DEADBEEF
DEADBEEF
DEADBEEF
DEADBEEF
DEADBEEF
DEADBEEF
DEADBEEF
DEADBEEF
DEADBEEF
DEADBEEF
DEADBEEF
DEADBEEF
DEADBEEF
DEADBEEF
DEADBEEF
DEADBEEF
DEADBEEF
DEADBEEF
DEADBEEF
DEADBEEF
DEADBEEF
DEADBEEF
DEADBEEF
DEADBEEF
DEADBEEF
DEADBEEF
DEADBEEF
DEADBEEF
DEADBEEF
DEADBEEF
DEADBEEF
DEADBEEF
DEADBEEF
DEADBEEF
DEADBEEF
DEADBEEF
DEADBEEF
DEADBEEF
DEADBEEF
DEADBEEF
DEADBEEF
DEADBEEF
DEADBEEF
DEADBEEF
DEADBEEF
DEADBEEF
DEADBEEF
DEADBEEF
DEADBEEF
DEADBEEF
DEADBEEF
DEADBEEF
DEADBEEF
DEADBEEF
DEADBEEF
DEADBEEF
DEADBEEF
DEADBEEF
DEADBEEF
DEADBEEF
DEADBEEF
DEADBEEF
DEADBEEF
DEADBEEF
DEADBEEF
DEADBEEF
DEADBEEF
DEADBEEF
DEADBEEF
DEADBEEF
DEADBEEF
DEADBEEF
DEADBEEF
DEADBEEF
DEADBEEF
DEADBEEF
DEADBEEF
DEADBEEF
DEADBEEF
DEADBEEF
DEADBEEF
DEADBEEF
DEADBEEF
DEADBEEF
DEADBEEF
DEADBEEF
DEADBEEF
DEADBEEF
DEADBEEF
DEADBEEF
DEADBEEF
DEADBEEF
DEADBEEF
DEADBEEF
DEADBEEF
DEADBEEF
DEADBEEF
DEADBEEF
DEADBEEF
DEADBEEF
DEADBEEF
DEADBEEF
DEADBEEF
DEADBEEF
DEADBEEF
DEADBEEF
DEADBEEF
DEADBEEF
DEADBEEF
DEADBEEF
DEADBEEF
DEADBEEF
DEADBEEF
DEADBEEF
DEADBEEF
DEADBEEF
DEADBEEF
DEADBEEF
DEADBEEF
DEADBEEF
DEADBEEF
DEADBEEF
DEADBEEF
DEADBEEF
DEADBEEF
DEADBEEF
DEADBEEF
DEADBEEF
DEADBEEF
DEADBEEF
DEADBEEF
DEADBEEF
DEADBEEF
DEADBEEF
DEADBEEF
DEADBEEF
DEADBEEF
DEADBEEF
DEADBEEF
DEADBEEF
DEADBEEF
DEADBEEF
DEADBEEF
DEADBEEF
DEADBEEF
DEADBEEF
DEADBEEF
DEADBEEF
DEADBEEF
DEADBEEF
DEADBEEF
DEADBEEF
DEADBEEF
DEADBEEF
DEADBEEF
DEADBEEF
DEADBEEF
DEADBEEF
DEADBEEF
DEADBEEF
DEADBEEF
DEADBEEF
DEADBEEF
DEADBEEF
DEADBEEF
DEADBEEF
DEADBEEF
DEADBEEF
DEADBEEF
DEADBEEF
DEADBEEF
DEADBEEF
DEADBEEF
DEADBEEF
DEADBEEF
DEADBEEF
DEADBEEF
DEADBEEF
DEADBEEF
DEADBEEF
DEADBEEF
DEADBEEF
DEADBEEF
DEADBEEF
DEADBEEF
DEADBEEF
DEADBEEF
DEADBEEF
DEADBEEF
DEADBEEF
DEADBEEF
DEADBEEF
DEADBEEF
DEADBEEF
DEADBEEF
DEADBEEF
DEADBEEF
DEADBEEF
DEADBEEF
DEADBEEF
DEADBEEF
DEADBEEF
DEADBEEF
DEADBEEF
DEADBEEF
DEADBEEF
DEADBEEF
DEADBEEF
DEADBEEF
DEADBEEF
DEADBEEF
DEADBEEF
DEADBEEF
DEADBEEF
DEADBEEF
DEADBEEF
DEADBEEF
DEADBEEF
DEADBEEF
DEADBEEF
DEADBEEF
DEADBEEF
DEADBEEF
DEADBEEF
DEADBEEF
DEADBEEF
DEADBEEF
DEADBEEF
DEADBEEF
DEADBEEF
DEADBEEF
DEADBEEF
DEADBEEF
DEADBEEF
DEADBEEF
DEADBEEF
DEADBEEF
DEADBEEF
DEADBEEF
DEADBEEF
DEADBEEF
DEADBEEF
DEADBEEF
DEADBEEF
DEADBEEF
DEADBEEF
DEADBEEF
DEADBEEF
DEADBEEF
DEADBEEF
DEADBEEF
DEADBEEF
DEADBEEF
DEADBEEF
DEADBEEF
DEADBEEF
DEADBEEF
DEADBEEF
DEADBEEF
DEADBEEF
DEADBEEF
DEADBEEF
DEADBEEF
DEADBEEF
DEADBEEF
DEADBEEF
DEADBEEF
DEADBEEF
DEADBEEF
DEADBEEF
DEADBEEF
DEADBEEF
DEADBEEF
DEADBEEF
DEADBEEF
DEADBEEF
DEADBEEF
DEADBEEF
DEADBEEF
DEADBEEF
DEADBEEF
DEADBEEF
DEADBEEF
DEADBEEF
DEADBEEF
DEADBEEF
DEADBEEF
DEADBEEF
DEADBEEF
DEADBEEF
DEADBEEF
DEADBEEF
DEADBEEF
DEADBEEF
DEADBEEF
DEADBEEF
DEADBEEF
DEADBEEF
DEADBEEF
DEADBEEF
DEADBEEF
DEADBEEF
DEADBEEF
DEADBEEF
DEADBEEF
DEADBEEF
DEADBEEF
DEADBEEF
DEADBEEF
DEADBEEF
DEADBEEF
DEADBEEF
DEADBEEF
DEADBEEF
DEADBEEF
DEADBEEF
DEADBEEF
DEADBEEF
DEADBEEF
DEADBEEF
DEADBEEF
DEADBEEF
DEADBEEF
DEADBEEF
DEADBEEF
DEADBEEF
DEADBEEF
DEADBEEF
DEADBEEF
DEADBEEF
DEADBEEF
DEADBEEF
DEADBEEF
DEADBEEF
DEADBEEF
DEADBEEF
DEADBEEF
DEADBEEF
DEADBEEF
DEADBEEF
DEADBEEF
DEADBEEF
DEADBEEF
DEADBEEF
DEADBEEF
DEADBEEF
DEADBEEF
DEADBEEF
DEADBEEF
DEADBEEF
DEADBEEF
DEADBEEF
DEADBEEF
DEADBEEF
DEADBEEF
DEADBEEF
DEADBEEF
DEADBEEF
DEADBEEF
DEADBEEF
DEADBEEF
DEADBEEF
DEADBEEF
DEADBEEF
DEADBEEF
DEADBEEF
DEADBEEF
DEADBEEF
DEADBEEF
DEADBEEF
DEADBEEF
DEADBEEF
DEADBEEF
DEADBEEF
DEADBEEF
DEADBEEF
DEADBEEF
DEADBEEF
DEADBEEF
DEADBEEF
DEADBEEF
DEADBEEF
DEADBEEF
DEADBEEF
DEADBEEF
DEADBEEF
DEADBEEF
DEADBEEF
DEADBEEF
DEADBEEF
DEADBEEF
DEADBEEF
DEADBEEF
DEADBEEF
DEADBEEF
DEADBEEF
DEADBEEF
DEADBEEF
DEADBEEF
DEADBEEF
DEADBEEF
DEADBEEF
DEADBEEF
DEADBEEF
DEADBEEF
DEADBEEF
DEADBEEF
DEADBEEF
DEADBEEF
DEADBEEF
DEADBEEF
DEADBEEF
DEADBEEF
DEADBEEF
DEADBEEF
DEADBEEF
DEADBEEF
DEADBEEF
DEADBEEF
DEADBEEF
DEADBEEF
DEADBEEF
DEADBEEF
DEADBEEF
DEADBEEF
DEADBEEF
DEADBEEF
DEADBEEF
DEADBEEF
DEADBEEF
DEADBEEF
DEADBEEF
DEADBEEF
DEADBEEF
DEADBEEF
DEADBEEF
DEADBEEF
DEADBEEF
DEADBEEF
DEADBEEF
DEADBEEF
DEADBEEF
DEADBEEF
DEADBEEF
DEADBEEF
DEADBEEF
DEADBEEF
DEADBEEF
DEADBEEF
DEADBEEF
DEADBEEF
DEADBEEF
DEADBEEF
DEADBEEF
DEADBEEF
DEADBEEF
DEADBEEF
DEADBEEF
DEADBEEF
DEADBEEF
DEADBEEF
DEADBEEF
DEADBEEF
DEADBEEF
DEADBEEF
DEADBEEF
DEADBEEF
DEADBEEF
DEADBEEF
DEADBEEF
DEADBEEF
DEADBEEF
DEADBEEF
DEADBEEF
DEADBEEF
DEADBEEF
DEADBEEF
DEADBEEF
DEADBEEF
DEADBEEF
DEADBEEF
DEADBEEF
DEADBEEF
DEADBEEF
DEADBEEF
DEADBEEF
DEADBEEF
DEADBEEF
DEADBEEF
DEADBEEF
DEADBEEF
DEADBEEF
DEADBEEF
DEADBEEF
DEADBEEF
DEADBEEF
DEADBEEF
DEADBEEF
DEADBEEF
DEADBEEF
DEADBEEF
DEADBEEF
DEADBEEF
DEADBEEF
DEADBEEF
DEADBEEF
DEADBEEF
DEADBEEF
DEADBEEF
DEADBEEF
DEADBEEF
DEADBEEF
DEADBEEF
DEADBEEF
DEADBEEF
DEADBEEF
DEADBEEF
DEADBEEF
DEADBEEF
DEADBEEF
DEADBEEF
DEADBEEF
DEADBEEF
DEADBEEF
DEADBEEF
DEADBEEF
DEADBEEF
DEADBEEF
DEADBEEF
DEADBEEF
DEADBEEF
DEADBEEF
DEADBEEF
DEADBEEF
DEADBEEF
DEADBEEF
DEADBEEF
DEADBEEF
DEADBEEF
DEADBEEF
DEADBEEF
DEADBEEF
DEADBEEF
DEADBEEF
DEADBEEF
DEADBEEF
DEADBEEF
DEADBEEF
DEADBEEF
DEADBEEF
DEADBEEF
DEADBEEF
DEADBEEF
DEADBEEF
DEADBEEF
DEADBEEF
DEADBEEF
DEADBEEF
DEADBEEF
DEADBEEF
DEADBEEF
DEADBEEF
DEADBEEF
DEADBEEF
DEADBEEF
DEADBEEF
DEADBEEF
DEADBEEF
DEADBEEF
DEADBEEF
DEADBEEF
DEADBEEF
DEADBEEF
DEADBEEF
DEADBEEF
DEADBEEF
DEADBEEF
DEADBEEF
DEADBEEF
DEADBEEF
DEADBEEF
DEADBEEF
DEADBEEF
DEADBEEF
DEADBEEF
DEADBEEF
DEADBEEF
DEADBEEF
DEADBEEF
DEADBEEF
DEADBEEF
DEADBEEF
DEADBEEF
DEADBEEF
DEADBEEF
DEADBEEF
DEADBEEF
DEADBEEF
DEADBEEF
DEADBEEF
DEADBEEF
DEADBEEF
DEADBEEF
DEADBEEF
DEADBEEF
DEADBEEF
DEADBEEF
DEADBEEF
DEADBEEF
DEADBEEF
DEADBEEF
DEADBEEF
DEADBEEF
DEADBEEF
DEADBEEF
DEADBEEF
DEADBEEF
DEADBEEF
DEADBEEF
DEADBEEF
DEADBEEF
DEADBEEF
DEADBEEF
DEADBEEF
DEADBEEF
DEADBEEF
DEADBEEF
DEADBEEF
DEADBEEF
DEADBEEF
DEADBEEF
DEADBEEF
DEADBEEF
DEADBEEF
DEADBEEF
DEADBEEF
DEADBEEF
DEADBEEF
DEADBEEF
DEADBEEF
DEADBEEF
DEADBEEF
DEADBEEF
DEADBEEF
DEADBEEF
DEADBEEF
DEADBEEF
DEADBEEF
DEADBEEF
DEADBEEF
DEADBEEF
DEADBEEF
DEADBEEF
DEADBEEF
DEADBEEF
DEADBEEF
DEADBEEF
DEADBEEF
DEADBEEF
DEADBEEF
DEADBEEF
DEADBEEF
DEADBEEF
DEADBEEF
DEADBEEF
DEADBEEF
DEADBEEF
DEADBEEF
DEADBEEF
DEADBEEF
DEADBEEF
DEADBEEF
DEADBEEF
DEADBEEF
DEADBEEF
DEADBEEF
DEADBEEF
DEADBEEF
DEADBEEF
DEADBEEF
DEADBEEF
DEADBEEF
DEADBEEF
DEADBEEF
DEADBEEF
DEADBEEF
DEADBEEF
DEADBEEF
DEADBEEF
DEADBEEF
DEADBEEF
DEADBEEF
DEADBEEF
DEADBEEF
DEADBEEF
DEADBEEF
DEADBEEF
DEADBEEF
DEADBEEF
DEADBEEF
DEADBEEF
DEADBEEF
DEADBEEF
DEADBEEF
DEADBEEF
DEADBEEF
DEADBEEF
DEADBEEF
DEADBEEF
DEADBEEF
DEADBEEF
DEADBEEF
DEADBEEF
DEADBEEF
DEADBEEF
DEADBEEF
DEADBEEF
DEADBEEF
DEADBEEF
DEADBEEF
DEADBEEF
DEADBEEF
DEADBEEF
DEADBEEF
DEADBEEF
DEADBEEF
DEADBEEF
DEADBEEF
DEADBEEF
DEADBEEF
DEADBEEF
DEADBEEF
DEADBEEF
DEADBEEF
DEADBEEF
DEADBEEF
DEADBEEF
DEADBEEF
DEADBEEF
DEADBEEF
DEADBEEF
DEADBEEF
DEADBEEF
DEADBEEF
DEADBEEF
DEADBEEF
DEADBEEF
DEADBEEF
DEADBEEF
DEADBEEF
DEADBEEF
DEADBEEF
DEADBEEF
DEADBEEF
DEADBEEF
DEADBEEF
DEADBEEF
DEADBEEF
DEADBEEF
DEADBEEF
DEADBEEF
DEADBEEF
DEADBEEF
DEADBEEF
DEADBEEF
DEADBEEF
DEADBEEF
DEADBEEF
DEADBEEF
DEADBEEF
DEADBEEF
DEADBEEF
DEADBEEF
DEADBEEF
DEADBEEF
DEADBEEF
DEADBEEF
DEADBEEF
DEADBEEF
DEADBEEF
DEADBEEF
DEADBEEF
DEADBEEF
DEADBEEF
DEADBEEF
DEADBEEF
DEADBEEF
DEADBEEF
DEADBEEF
DEADBEEF
DEADBEEF
DEADBEEF
DEADBEEF
DEADBEEF
DEADBEEF
DEADBEEF
DEADBEEF
DEADBEEF
DEADBEEF
DEADBEEF
DEADBEEF
DEADBEEF
DEADBEEF
DEADBEEF
DEADBEEF
DEADBEEF
DEADBEEF
DEADBEEF
DEADBEEF
DEADBEEF
DEADBEEF
DEADBEEF
DEADBEEF
DEADBEEF
DEADBEEF
DEADBEEF
DEADBEEF
DEADBEEF
DEADBEEF
DEADBEEF
DEADBEEF
DEADBEEF
DEADBEEF
DEADBEEF
DEADBEEF
DEADBEEF
DEADBEEF
DEADBEEF
DEADBEEF
DEADBEEF
DEADBEEF
DEADBEEF
DEADBEEF
DEADBEEF
DEADBEEF
DEADBEEF
DEADBEEF
DEADBEEF
DEADBEEF
DEADBEEF
DEADBEEF
DEADBEEF
DEADBEEF
DEADBEEF
DEADBEEF
DEADBEEF
DEADBEEF
DEADBEEF
DEADBEEF
DEADBEEF
DEADBEEF
DEADBEEF
DEADBEEF
DEADBEEF
DEADBEEF
DEADBEEF
DEADBEEF
DEADBEEF
DEADBEEF
DEADBEEF
DEADBEEF
DEADBEEF
DEADBEEF
DEADBEEF
DEADBEEF
DEADBEEF
DEADBEEF
DEADBEEF
DEADBEEF
DEADBEEF
DEADBEEF
DEADBEEF
DEADBEEF
DEADBEEF
DEADBEEF
DEADBEEF
DEADBEEF
DEADBEEF
DEADBEEF
DEADBEEF
DEADBEEF
DEADBEEF
DEADBEEF
DEADBEEF
DEADBEEF
DEADBEEF
DEADBEEF
DEADBEEF
DEADBEEF
DEADBEEF
DEADBEEF
DEADBEEF
DEADBEEF
DEADBEEF
DEADBEEF
DEADBEEF
DEADBEEF
DEADBEEF
DEADBEEF
DEADBEEF
DEADBEEF
DEADBEEF
DEADBEEF
DEADBEEF
DEADBEEF
DEADBEEF
DEADBEEF
DEADBEEF
DEADBEEF
DEADBEEF
DEADBEEF
DEADBEEF
DEADBEEF
DEADBEEF
DEADBEEF
DEADBEEF
DEADBEEF
DEADBEEF
DEADBEEF
DEADBEEF
DEADBEEF
DEADBEEF
DEADBEEF
DEADBEEF
DEADBEEF
DEADBEEF
DEADBEEF
DEADBEEF
DEADBEEF
DEADBEEF
DEADBEEF
DEADBEEF
DEADBEEF
DEADBEEF
DEADBEEF
DEADBEEF
DEADBEEF
DEADBEEF
DEADBEEF
DEADBEEF
DEADBEEF
DEADBEEF
DEADBEEF
DEADBEEF
DEADBEEF
DEADBEEF
DEADBEEF
DEADBEEF
DEADBEEF
DEADBEEF
DEADBEEF
DEADBEEF
DEADBEEF
DEADBEEF
DEADBEEF
DEADBEEF
DEADBEEF
DEADBEEF
DEADBEEF
DEADBEEF
DEADBEEF
DEADBEEF
DEADBEEF
DEADBEEF
DEADBEEF
DEADBEEF
DEADBEEF
DEADBEEF
DEADBEEF
DEADBEEF
DEADBEEF
DEADBEEF
DEADBEEF
DEADBEEF
DEADBEEF
DEADBEEF
DEADBEEF
DEADBEEF
DEADBEEF
DEADBEEF
DEADBEEF
DEADBEEF
DEADBEEF
DEADBEEF
DEADBEEF
DEADBEEF
DEADBEEF
DEADBEEF
DEADBEEF
DEADBEEF
DEADBEEF
DEADBEEF
DEADBEEF
DEADBEEF
DEADBEEF
DEADBEEF
DEADBEEF
DEADBEEF
DEADBEEF
DEADBEEF
DEADBEEF
DEADBEEF
DEADBEEF
DEADBEEF
DEADBEEF
DEADBEEF
DEADBEEF
DEADBEEF
DEADBEEF
DEADBEEF
DEADBEEF
DEADBEEF
DEADBEEF
DEADBEEF
DEADBEEF
DEADBEEF
DEADBEEF
DEADBEEF
DEADBEEF
DEADBEEF
DEADBEEF
DEADBEEF
DEADBEEF
DEADBEEF
DEADBEEF
DEADBEEF
DEADBEEF
DEADBEEF
DEADBEEF
DEADBEEF
DEADBEEF
DEADBEEF
DEADBEEF
DEADBEEF
DEADBEEF
DEADBEEF
DEADBEEF
DEADBEEF
DEADBEEF
DEADBEEF
DEADBEEF
DEADBEEF
DEADBEEF
DEADBEEF
DEADBEEF
DEADBEEF
DEADBEEF
DEADBEEF
DEADBEEF
DEADBEEF
DEADBEEF
DEADBEEF
DEADBEEF
DEADBEEF
DEADBEEF
DEADBEEF
DEADBEEF
DEADBEEF
DEADBEEF
DEADBEEF
DEADBEEF
DEADBEEF
DEADBEEF
DEADBEEF
DEADBEEF
DEADBEEF
DEADBEEF
DEADBEEF
DEADBEEF
DEADBEEF
DEADBEEF
DEADBEEF
DEADBEEF
DEADBEEF
DEADBEEF
DEADBEEF
DEADBEEF
DEADBEEF
DEADBEEF
DEADBEEF
DEADBEEF
DEADBEEF
DEADBEEF
DEADBEEF
DEADBEEF
DEADBEEF
DEADBEEF
DEADBEEF
DEADBEEF
DEADBEEF
DEADBEEF
DEADBEEF
DEADBEEF
DEADBEEF
DEADBEEF
DEADBEEF
DEADBEEF
DEADBEEF
DEADBEEF
DEADBEEF
DEADBEEF
DEADBEEF
DEADBEEF
DEADBEEF
DEADBEEF
DEADBEEF
DEADBEEF
DEADBEEF
DEADBEEF
DEADBEEF
DEADBEEF
DEADBEEF
DEADBEEF
DEADBEEF
DEADBEEF
DEADBEEF
DEADBEEF
DEADBEEF
DEADBEEF
DEADBEEF
DEADBEEF
DEADBEEF
DEADBEEF
DEADBEEF
DEADBEEF
DEADBEEF
DEADBEEF
DEADBEEF
DEADBEEF
DEADBEEF
DEADBEEF
DEADBEEF
DEADBEEF
DEADBEEF
DEADBEEF
DEADBEEF
DEADBEEF
DEADBEEF
DEADBEEF
DEADBEEF
DEADBEEF
DEADBEEF
DEADBEEF
DEADBEEF
DEADBEEF
DEADBEEF
DEADBEEF
DEADBEEF
DEADBEEF
DEADBEEF
DEADBEEF
DEADBEEF
DEADBEEF
DEADBEEF
DEADBEEF
DEADBEEF
DEADBEEF
DEADBEEF
DEADBEEF
DEADBEEF
DEADBEEF
DEADBEEF
DEADBEEF
DEADBEEF
DEADBEEF
DEADBEEF
DEADBEEF
DEADBEEF
DEADBEEF
DEADBEEF
DEADBEEF
DEADBEEF
DEADBEEF
DEADBEEF
DEADBEEF
DEADBEEF
DEADBEEF
DEADBEEF
DEADBEEF
DEADBEEF
DEADBEEF
DEADBEEF
DEADBEEF
DEADBEEF
DEADBEEF
DEADBEEF
DEADBEEF
DEADBEEF
DEADBEEF
DEADBEEF
DEADBEEF
DEADBEEF
DEADBEEF
DEADBEEF
DEADBEEF
DEADBEEF
DEADBEEF
DEADBEEF
DEADBEEF
DEADBEEF
DEADBEEF
DEADBEEF
DEADBEEF
DEADBEEF
DEADBEEF
DEADBEEF
DEADBEEF
DEADBEEF
DEADBEEF
DEADBEEF
DEADBEEF
DEADBEEF
DEADBEEF
DEADBEEF
DEADBEEF
DEADBEEF
DEADBEEF
DEADBEEF
DEADBEEF
DEADBEEF
DEADBEEF
DEADBEEF
DEADBEEF
DEADBEEF
DEADBEEF
DEADBEEF
DEADBEEF
DEADBEEF
DEADBEEF
DEADBEEF
DEADBEEF
DEADBEEF
DEADBEEF
DEADBEEF
DEADBEEF
DEADBEEF
DEADBEEF
DEADBEEF
DEADBEEF
DEADBEEF
DEADBEEF
DEADBEEF
DEADBEEF
DEADBEEF
DEADBEEF
DEADBEEF
DEADBEEF
DEADBEEF
DEADBEEF
DEADBEEF
DEADBEEF
DEADBEEF
DEADBEEF
DEADBEEF
DEADBEEF
DEADBEEF
DEADBEEF
DEADBEEF
DEADBEEF
DEADBEEF
DEADBEEF
DEADBEEF
DEADBEEF
DEADBEEF
DEADBEEF
DEADBEEF
DEADBEEF
DEADBEEF
DEADBEEF
DEADBEEF
DEADBEEF
DEADBEEF
DEADBEEF
DEADBEEF
DEADBEEF
DEADBEEF
DEADBEEF
DEADBEEF
DEADBEEF
DEADBEEF
DEADBEEF
DEADBEEF
DEADBEEF
DEADBEEF
DEADBEEF
DEADBEEF
DEADBEEF
DEADBEEF
DEADBEEF
DEADBEEF
DEADBEEF
DEADBEEF
DEADBEEF
DEADBEEF
DEADBEEF
DEADBEEF
DEADBEEF
DEADBEEF
DEADBEEF
DEADBEEF
DEADBEEF
DEADBEEF
DEADBEEF
DEADBEEF
DEADBEEF
DEADBEEF
DEADBEEF
DEADBEEF
DEADBEEF
DEADBEEF
DEADBEEF
DEADBEEF
DEADBEEF
DEADBEEF
DEADBEEF
DEADBEEF
DEADBEEF
DEADBEEF
DEADBEEF
DEADBEEF
DEADBEEF
DEADBEEF
DEADBEEF
DEADBEEF
DEADBEEF
DEADBEEF
DEADBEEF
DEADBEEF
DEADBEEF
DEADBEEF
DEADBEEF
DEADBEEF
DEADBEEF
DEADBEEF
DEADBEEF
DEADBEEF
DEADBEEF
DEADBEEF
DEADBEEF
DEADBEEF
DEADBEEF
DEADBEEF
DEADBEEF
DEADBEEF
DEADBEEF
DEADBEEF
DEADBEEF
DEADBEEF
DEADBEEF
DEADBEEF
DEADBEEF
DEADBEEF
DEADBEEF
DEADBEEF
DEADBEEF
DEADBEEF
DEADBEEF
DEADBEEF
DEADBEEF
DEADBEEF
DEADBEEF
DEADBEEF
DEADBEEF
DEADBEEF
DEADBEEF
DEADBEEF
DEADBEEF
DEADBEEF
DEADBEEF
DEADBEEF
DEADBEEF
DEADBEEF
DEADBEEF
DEADBEEF
DEADBEEF
DEADBEEF
DEADBEEF
DEADBEEF
DEADBEEF
DEADBEEF
DEADBEEF
DEADBEEF
DEADBEEF
DEADBEEF
DEADBEEF
DEADBEEF
DEADBEEF
DEADBEEF
DEADBEEF
DEADBEEF
DEADBEEF
DEADBEEF
DEADBEEF
DEADBEEF
DEADBEEF
DEADBEEF
DEADBEEF
DEADBEEF
DEADBEEF
DEADBEEF
DEADBEEF
DEADBEEF
DEADBEEF
DEADBEEF
DEADBEEF
DEADBEEF
DEADBEEF
DEADBEEF
DEADBEEF
DEADBEEF
DEADBEEF
DEADBEEF
DEADBEEF
DEADBEEF
DEADBEEF
DEADBEEF
DEADBEEF
DEADBEEF
DEADBEEF
DEADBEEF
DEADBEEF
DEADBEEF
DEADBEEF
DEADBEEF
DEADBEEF
DEADBEEF
DEADBEEF
DEADBEEF
DEADBEEF
DEADBEEF
DEADBEEF
DEADBEEF
DEADBEEF
DEADBEEF
DEADBEEF
DEADBEEF
DEADBEEF
DEADBEEF
DEADBEEF
DEADBEEF
DEADBEEF
DEADBEEF
DEADBEEF
DEADBEEF
DEADBEEF
DEADBEEF
DEADBEEF
DEADBEEF
DEADBEEF
DEADBEEF
DEADBEEF
DEADBEEF
DEADBEEF
DEADBEEF
DEADBEEF
DEADBEEF
DEADBEEF
DEADBEEF
DEADBEEF
DEADBEEF
DEADBEEF
DEADBEEF
DEADBEEF
DEADBEEF
DEADBEEF
DEADBEEF
DEADBEEF
DEADBEEF
DEADBEEF
DEADBEEF
DEADBEEF
DEADBEEF
DEADBEEF
DEADBEEF
DEADBEEF
DEADBEEF
DEADBEEF
DEADBEEF
DEADBEEF
DEADBEEF
DEADBEEF
DEADBEEF
DEADBEEF
DEADBEEF
DEADBEEF
DEADBEEF
DEADBEEF
DEADBEEF
DEADBEEF
DEADBEEF
DEADBEEF
DEADBEEF
DEADBEEF
DEADBEEF
DEADBEEF
DEADBEEF
DEADBEEF
DEADBEEF
DEADBEEF
DEADBEEF
DEADBEEF
DEADBEEF
DEADBEEF
DEADBEEF
DEADBEEF
DEADBEEF
DEADBEEF
DEADBEEF
DEADBEEF
DEADBEEF
DEADBEEF
DEADBEEF
DEADBEEF
DEADBEEF
DEADBEEF
DEADBEEF
DEADBEEF
DEADBEEF
DEADBEEF
DEADBEEF
DEADBEEF
DEADBEEF
DEADBEEF
DEADBEEF
DEADBEEF
DEADBEEF
DEADBEEF
DEADBEEF
DEADBEEF
DEADBEEF
DEADBEEF
DEADBEEF
DEADBEEF
DEADBEEF
DEADBEEF
DEADBEEF
DEADBEEF
DEADBEEF
DEADBEEF
DEADBEEF
DEADBEEF
DEADBEEF
DEADBEEF
DEADBEEF
DEADBEEF
DEADBEEF
DEADBEEF
DEADBEEF
DEADBEEF
DEADBEEF
DEADBEEF
DEADBEEF
DEADBEEF
DEADBEEF
DEADBEEF
DEADBEEF
DEADBEEF
DEADBEEF
DEADBEEF
DEADBEEF
DEADBEEF
DEADBEEF
DEADBEEF
DEADBEEF
DEADBEEF
DEADBEEF
DEADBEEF
DEADBEEF
DEADBEEF
DEADBEEF
DEADBEEF
DEADBEEF
DEADBEEF
DEADBEEF
DEADBEEF
DEADBEEF
DEADBEEF
DEADBEEF
DEADBEEF
DEADBEEF
DEADBEEF
DEADBEEF
DEADBEEF
DEADBEEF
DEADBEEF
DEADBEEF
DEADBEEF
DEADBEEF
DEADBEEF
DEADBEEF
DEADBEEF
DEADBEEF
DEADBEEF
DEADBEEF
DEADBEEF
DEADBEEF
DEADBEEF
DEADBEEF
DEADBEEF
DEADBEEF
DEADBEEF
DEADBEEF
DEADBEEF
DEADBEEF
DEADBEEF
DEADBEEF
DEADBEEF
DEADBEEF
DEADBEEF
DEADBEEF
DEADBEEF
DEADBEEF
DEADBEEF
DEADBEEF
DEADBEEF
DEADBEEF
DEADBEEF
DEADBEEF
DEADBEEF
DEADBEEF
DEADBEEF
DEADBEEF
DEADBEEF
DEADBEEF
DEADBEEF
DEADBEEF
DEADBEEF
DEADBEEF
DEADBEEF
DEADBEEF
DEADBEEF
DEADBEEF
DEADBEEF
DEADBEEF
DEADBEEF
DEADBEEF
DEADBEEF
DEADBEEF
DEADBEEF
DEADBEEF
DEADBEEF
DEADBEEF
DEADBEEF
DEADBEEF
DEADBEEF
DEADBEEF
DEADBEEF
DEADBEEF
DEADBEEF
DEADBEEF
DEADBEEF
DEADBEEF
DEADBEEF
DEADBEEF
DEADBEEF
DEADBEEF
DEADBEEF
DEADBEEF
DEADBEEF
DEADBEEF
DEADBEEF
DEADBEEF
DEADBEEF
DEADBEEF
DEADBEEF
DEADBEEF
DEADBEEF
DEADBEEF
DEADBEEF
DEADBEEF
DEADBEEF
DEADBEEF
DEADBEEF
DEADBEEF
DEADBEEF
DEADBEEF
DEADBEEF
DEADBEEF
DEADBEEF
DEADBEEF
DEADBEEF
DEADBEEF
DEADBEEF
DEADBEEF
DEADBEEF
DEADBEEF
DEADBEEF
DEADBEEF
DEADBEEF
DEADBEEF
DEADBEEF
DEADBEEF
DEADBEEF
DEADBEEF
DEADBEEF
DEADBEEF
DEADBEEF
DEADBEEF
DEADBEEF
DEADBEEF
DEADBEEF
DEADBEEF
DEADBEEF
DEADBEEF
DEADBEEF
DEADBEEF
DEADBEEF
DEADBEEF
DEADBEEF
DEADBEEF
DEADBEEF
DEADBEEF
DEADBEEF
DEADBEEF
DEADBEEF
DEADBEEF
DEADBEEF
DEADBEEF
DEADBEEF
DEADBEEF
DEADBEEF
DEADBEEF
DEADBEEF
DEADBEEF
DEADBEEF
DEADBEEF
DEADBEEF
DEADBEEF
DEADBEEF
DEADBEEF
DEADBEEF
DEADBEEF
DEADBEEF
DEADBEEF
DEADBEEF
DEADBEEF
DEADBEEF
DEADBEEF
DEADBEEF
DEADBEEF
DEADBEEF
DEADBEEF
DEADBEEF
DEADBEEF
DEADBEEF
DEADBEEF
DEADBEEF
DEADBEEF
DEADBEEF
DEADBEEF
DEADBEEF
DEADBEEF
DEADBEEF
DEADBEEF
DEADBEEF
DEADBEEF
DEADBEEF
DEADBEEF
DEADBEEF
DEADBEEF
DEADBEEF
DEADBEEF
DEADBEEF
DEADBEEF
DEADBEEF
DEADBEEF
DEADBEEF
DEADBEEF
DEADBEEF
DEADBEEF
DEADBEEF
DEADBEEF
DEADBEEF
DEADBEEF
DEADBEEF
DEADBEEF
DEADBEEF
DEADBEEF
DEADBEEF
DEADBEEF
DEADBEEF
DEADBEEF
DEADBEEF
DEADBEEF
DEADBEEF
DEADBEEF
DEADBEEF
DEADBEEF
DEADBEEF
DEADBEEF
DEADBEEF
DEADBEEF
DEADBEEF
DEADBEEF
DEADBEEF
DEADBEEF
DEADBEEF
DEADBEEF
DEADBEEF
DEADBEEF
DEADBEEF
DEADBEEF
DEADBEEF
DEADBEEF
DEADBEEF
DEADBEEF
DEADBEEF
DEADBEEF
DEADBEEF
DEADBEEF
DEADBEEF
DEADBEEF
DEADBEEF
DEADBEEF
DEADBEEF
DEADBEEF
DEADBEEF
DEADBEEF
DEADBEEF
DEADBEEF
DEADBEEF
DEADBEEF
DEADBEEF
DEADBEEF
DEADBEEF
DEADBEEF
DEADBEEF
DEADBEEF
DEADBEEF
DEADBEEF
DEADBEEF
DEADBEEF
DEADBEEF
DEADBEEF
DEADBEEF
DEADBEEF
DEADBEEF
DEADBEEF
DEADBEEF
DEADBEEF
DEADBEEF
DEADBEEF
DEADBEEF
DEADBEEF
DEADBEEF
DEADBEEF
DEADBEEF
DEADBEEF
DEADBEEF
DEADBEEF
DEADBEEF
DEADBEEF
DEADBEEF
DEADBEEF
DEADBEEF
DEADBEEF
DEADBEEF
DEADBEEF
DEADBEEF
DEADBEEF
DEADBEEF
DEADBEEF
DEADBEEF
DEADBEEF
DEADBEEF
DEADBEEF
DEADBEEF
DEADBEEF
DEADBEEF
DEADBEEF
DEADBEEF
DEADBEEF
DEADBEEF
DEADBEEF
DEADBEEF
DEADBEEF
DEADBEEF
DEADBEEF
DEADBEEF
DEADBEEF
DEADBEEF
DEADBEEF
DEADBEEF
DEADBEEF
DEADBEEF
DEADBEEF
DEADBEEF
DEADBEEF
DEADBEEF
DEADBEEF
DEADBEEF
DEADBEEF
DEADBEEF
DEADBEEF
DEADBEEF
DEADBEEF
DEADBEEF
DEADBEEF
DEADBEEF
DEADBEEF
DEADBEEF
DEADBEEF
DEADBEEF
DEADBEEF
DEADBEEF
DEADBEEF
DEADBEEF
DEADBEEF
DEADBEEF
DEADBEEF
DEADBEEF
DEADBEEF
DEADBEEF
DEADBEEF
DEADBEEF
DEADBEEF
DEADBEEF
DEADBEEF
DEADBEEF
DEADBEEF
DEADBEEF
DEADBEEF
DEADBEEF
DEADBEEF
DEADBEEF
DEADBEEF
DEADBEEF
DEADBEEF
DEADBEEF
DEADBEEF
DEADBEEF
DEADBEEF
DEADBEEF
DEADBEEF
DEADBEEF
DEADBEEF
DEADBEEF
DEADBEEF
DEADBEEF
DEADBEEF
DEADBEEF
DEADBEEF
DEADBEEF
DEADBEEF
DEADBEEF
DEADBEEF
DEADBEEF
DEADBEEF
DEADBEEF
DEADBEEF
DEADBEEF
DEADBEEF
DEADBEEF
DEADBEEF
DEADBEEF
DEADBEEF
DEADBEEF
DEADBEEF
DEADBEEF
DEADBEEF
DEADBEEF
DEADBEEF
DEADBEEF
DEADBEEF
DEADBEEF
DEADBEEF
DEADBEEF
DEADBEEF
DEADBEEF
DEADBEEF
DEADBEEF
DEADBEEF
DEADBEEF
DEADBEEF
DEADBEEF
DEADBEEF
DEADBEEF
DEADBEEF
DEADBEEF
DEADBEEF
DEADBEEF
DEADBEEF
DEADBEEF
DEADBEEF
DEADBEEF
DEADBEEF
DEADBEEF
DEADBEEF
DEADBEEF
DEADBEEF
DEADBEEF
DEADBEEF
DEADBEEF
DEADBEEF
DEADBEEF
DEADBEEF
DEADBEEF
DEADBEEF
DEADBEEF
DEADBEEF
DEADBEEF
DEADBEEF
DEADBEEF
DEADBEEF
DEADBEEF
DEADBEEF
DEADBEEF
DEADBEEF
DEADBEEF
DEADBEEF
DEADBEEF
DEADBEEF
DEADBEEF
DEADBEEF
DEADBEEF
DEADBEEF
DEADBEEF
DEADBEEF
DEADBEEF
DEADBEEF
DEADBEEF
DEADBEEF
DEADBEEF
DEADBEEF
DEADBEEF
DEADBEEF
DEADBEEF
DEADBEEF
DEADBEEF
DEADBEEF
DEADBEEF
DEADBEEF
DEADBEEF
DEADBEEF
DEADBEEF
DEADBEEF
DEADBEEF
DEADBEEF
DEADBEEF
DEADBEEF
DEADBEEF
DEADBEEF
DEADBEEF
DEADBEEF
DEADBEEF
DEADBEEF
DEADBEEF
DEADBEEF
DEADBEEF
DEADBEEF
DEADBEEF
DEADBEEF
DEADBEEF
DEADBEEF
DEADBEEF
DEADBEEF
DEADBEEF
DEADBEEF
DEADBEEF
DEADBEEF
DEADBEEF
DEADBEEF
DEADBEEF
DEADBEEF
DEADBEEF
DEADBEEF
DEADBEEF
DEADBEEF
DEADBEEF
DEADBEEF
DEADBEEF
DEADBEEF
DEADBEEF
DEADBEEF
DEADBEEF
DEADBEEF
DEADBEEF
DEADBEEF
DEADBEEF
DEADBEEF
DEADBEEF
DEADBEEF
DEADBEEF
DEADBEEF
DEADBEEF
DEADBEEF
DEADBEEF
DEADBEEF
DEADBEEF
DEADBEEF
DEADBEEF
DEADBEEF
DEADBEEF
DEADBEEF
DEADBEEF
DEADBEEF
DEADBEEF
DEADBEEF
DEADBEEF
DEADBEEF
DEADBEEF
DEADBEEF
DEADBEEF
DEADBEEF
DEADBEEF
DEADBEEF
DEADBEEF
DEADBEEF
DEADBEEF
DEADBEEF
DEADBEEF
DEADBEEF
DEADBEEF
DEADBEEF
DEADBEEF
DEADBEEF
DEADBEEF
DEADBEEF
DEADBEEF
DEADBEEF
DEADBEEF
DEADBEEF
DEADBEEF
DEADBEEF
DEADBEEF
DEADBEEF
DEADBEEF
DEADBEEF
DEADBEEF
DEADBEEF
DEADBEEF
DEADBEEF
DEADBEEF
DEADBEEF
DEADBEEF
DEADBEEF
DEADBEEF
DEADBEEF
DEADBEEF
DEADBEEF
DEADBEEF
DEADBEEF
DEADBEEF
DEADBEEF
DEADBEEF
DEADBEEF
DEADBEEF
DEADBEEF
DEADBEEF
DEADBEEF
DEADBEEF
DEADBEEF
DEADBEEF
DEADBEEF
DEADBEEF
DEADBEEF
DEADBEEF
DEADBEEF
DEADBEEF
DEADBEEF
DEADBEEF
DEADBEEF
DEADBEEF
DEADBEEF
DEADBEEF
DEADBEEF
DEADBEEF
DEADBEEF
DEADBEEF
DEADBEEF
DEADBEEF
DEADBEEF
DEADBEEF
DEADBEEF
DEADBEEF
DEADBEEF
DEADBEEF
DEADBEEF
DEADBEEF
DEADBEEF
DEADBEEF
DEADBEEF
DEADBEEF
DEADBEEF
DEADBEEF
DEADBEEF
DEADBEEF
DEADBEEF
DEADBEEF
DEADBEEF
DEADBEEF
DEADBEEF
DEADBEEF
DEADBEEF
DEADBEEF
DEADBEEF
DEADBEEF
DEADBEEF
DEADBEEF
DEADBEEF
DEADBEEF
DEADBEEF
DEADBEEF
DEADBEEF
DEADBEEF
DEADBEEF
DEADBEEF
DEADBEEF
DEADBEEF
DEADBEEF
DEADBEEF
DEADBEEF
DEADBEEF
DEADBEEF
DEADBEEF
DEADBEEF
DEADBEEF
DEADBEEF
DEADBEEF
DEADBEEF
DEADBEEF
DEADBEEF
DEADBEEF
DEADBEEF
DEADBEEF
DEADBEEF
DEADBEEF
DEADBEEF
DEADBEEF
DEADBEEF
DEADBEEF
DEADBEEF
DEADBEEF
DEADBEEF
DEADBEEF
DEADBEEF
DEADBEEF
DEADBEEF
DEADBEEF
DEADBEEF
DEADBEEF
DEADBEEF
DEADBEEF
DEADBEEF
DEADBEEF
DEADBEEF
DEADBEEF
DEADBEEF
DEADBEEF
DEADBEEF
DEADBEEF
DEADBEEF
DEADBEEF
DEADBEEF
DEADBEEF
DEADBEEF
DEADBEEF
DEADBEEF
DEADBEEF
DEADBEEF
DEADBEEF
DEADBEEF
DEADBEEF
DEADBEEF
DEADBEEF
DEADBEEF
DEADBEEF
DEADBEEF
DEADBEEF
DEADBEEF
DEADBEEF
DEADBEEF
DEADBEEF
DEADBEEF
DEADBEEF
DEADBEEF
DEADBEEF
DEADBEEF
DEADBEEF
DEADBEEF
DEADBEEF
DEADBEEF
DEADBEEF
DEADBEEF
DEADBEEF
DEADBEEF
DEADBEEF
DEADBEEF
DEADBEEF
DEADBEEF
DEADBEEF
DEADBEEF
DEADBEEF
DEADBEEF
DEADBEEF
DEADBEEF
DEADBEEF
DEADBEEF
DEADBEEF
DEADBEEF
DEADBEEF
DEADBEEF
DEADBEEF
DEADBEEF
DEADBEEF
DEADBEEF
DEADBEEF
DEADBEEF
DEADBEEF
DEADBEEF
DEADBEEF
DEADBEEF
DEADBEEF
DEADBEEF
DEADBEEF
DEADBEEF
DEADBEEF
DEADBEEF
DEADBEEF
DEADBEEF
DEADBEEF
DEADBEEF
DEADBEEF
DEADBEEF
DEADBEEF
DEADBEEF
DEADBEEF
DEADBEEF
DEADBEEF
DEADBEEF
DEADBEEF
DEADBEEF
DEADBEEF
DEADBEEF
DEADBEEF
DEADBEEF
DEADBEEF
DEADBEEF
DEADBEEF
DEADBEEF
DEADBEEF
DEADBEEF
DEADBEEF
DEADBEEF
DEADBEEF
DEADBEEF
DEADBEEF
DEADBEEF
DEADBEEF
DEADBEEF
DEADBEEF
DEADBEEF
DEADBEEF
DEADBEEF
DEADBEEF
DEADBEEF
DEADBEEF
DEADBEEF
DEADBEEF
DEADBEEF
DEADBEEF
DEADBEEF
DEADBEEF
DEADBEEF
DEADBEEF
DEADBEEF
DEADBEEF
DEADBEEF
DEADBEEF
DEADBEEF
DEADBEEF
DEADBEEF
DEADBEEF
DEADBEEF
DEADBEEF
DEADBEEF
DEADBEEF
DEADBEEF
DEADBEEF
DEADBEEF
DEADBEEF
DEADBEEF
DEADBEEF
DEADBEEF
DEADBEEF
DEADBEEF
DEADBEEF
DEADBEEF
DEADBEEF
DEADBEEF
DEADBEEF
DEADBEEF
DEADBEEF
DEADBEEF
DEADBEEF
DEADBEEF
DEADBEEF
DEADBEEF
DEADBEEF
DEADBEEF
DEADBEEF
DEADBEEF
DEADBEEF
DEADBEEF
DEADBEEF
DEADBEEF
DEADBEEF
DEADBEEF
DEADBEEF
DEADBEEF
DEADBEEF
DEADBEEF
DEADBEEF
DEADBEEF
DEADBEEF
DEADBEEF
DEADBEEF
DEADBEEF
DEADBEEF
DEADBEEF
DEADBEEF
DEADBEEF
DEADBEEF
DEADBEEF
DEADBEEF
DEADBEEF
DEADBEEF
DEADBEEF
DEADBEEF
DEADBEEF
DEADBEEF
DEADBEEF
DEADBEEF
DEADBEEF
DEADBEEF
DEADBEEF
DEADBEEF
DEADBEEF
DEADBEEF
DEADBEEF
DEADBEEF
DEADBEEF
DEADBEEF
DEADBEEF
DEADBEEF
DEADBEEF
DEADBEEF
DEADBEEF
DEADBEEF
DEADBEEF
DEADBEEF
DEADBEEF
DEADBEEF
DEADBEEF
DEADBEEF
DEADBEEF
DEADBEEF
DEADBEEF
DEADBEEF
DEADBEEF
DEADBEEF
DEADBEEF
DEADBEEF
DEADBEEF
DEADBEEF
DEADBEEF
DEADBEEF
DEADBEEF
DEADBEEF
DEADBEEF
DEADBEEF
DEADBEEF
DEADBEEF
DEADBEEF
DEADBEEF
DEADBEEF
DEADBEEF
DEADBEEF
DEADBEEF
DEADBEEF
DEADBEEF
DEADBEEF
DEADBEEF
DEADBEEF
DEADBEEF
DEADBEEF
DEADBEEF
DEADBEEF
DEADBEEF
DEADBEEF
DEADBEEF
DEADBEEF
DEADBEEF
DEADBEEF
DEADBEEF
DEADBEEF
DEADBEEF
DEADBEEF
DEADBEEF
DEADBEEF
DEADBEEF
DEADBEEF
DEADBEEF
DEADBEEF
DEADBEEF
DEADBEEF
DEADBEEF
DEADBEEF
DEADBEEF
DEADBEEF
DEADBEEF
DEADBEEF
DEADBEEF
DEADBEEF
DEADBEEF
DEADBEEF
DEADBEEF
DEADBEEF
DEADBEEF
DEADBEEF
DEADBEEF
DEADBEEF
DEADBEEF
DEADBEEF
DEADBEEF
DEADBEEF
DEADBEEF
DEADBEEF
DEADBEEF
DEADBEEF
DEADBEEF
DEADBEEF
DEADBEEF
DEADBEEF
DEADBEEF
DEADBEEF
DEADBEEF
DEADBEEF
DEADBEEF
DEADBEEF
DEADBEEF
DEADBEEF
DEADBEEF
DEADBEEF
DEADBEEF
DEADBEEF
DEADBEEF
DEADBEEF
DEADBEEF
DEADBEEF
DEADBEEF
DEADBEEF
DEADBEEF
DEADBEEF
DEADBEEF
DEADBEEF
DEADBEEF
DEADBEEF
DEADBEEF
DEADBEEF
DEADBEEF
DEADBEEF
DEADBEEF
DEADBEEF
DEADBEEF
DEADBEEF
DEADBEEF
DEADBEEF
DEADBEEF
DEADBEEF
DEADBEEF
DEADBEEF
DEADBEEF
DEADBEEF
DEADBEEF
DEADBEEF
DEADBEEF
DEADBEEF
DEADBEEF
DEADBEEF
DEADBEEF
DEADBEEF
DEADBEEF
DEADBEEF
DEADBEEF
DEADBEEF
DEADBEEF
DEADBEEF
DEADBEEF
DEADBEEF
DEADBEEF
DEADBEEF
DEADBEEF
DEADBEEF
DEADBEEF
DEADBEEF
DEADBEEF
DEADBEEF
DEADBEEF
DEADBEEF
DEADBEEF
DEADBEEF
DEADBEEF
DEADBEEF
DEADBEEF
DEADBEEF
DEADBEEF
DEADBEEF
DEADBEEF
DEADBEEF
DEADBEEF
DEADBEEF
DEADBEEF
DEADBEEF
DEADBEEF
DEADBEEF
DEADBEEF
DEADBEEF
DEADBEEF
DEADBEEF
DEADBEEF
DEADBEEF
DEADBEEF
DEADBEEF
DEADBEEF
DEADBEEF
DEADBEEF
DEADBEEF
DEADBEEF
DEADBEEF
DEADBEEF
DEADBEEF
DEADBEEF
DEADBEEF
DEADBEEF
DEADBEEF
DEADBEEF
DEADBEEF
DEADBEEF
DEADBEEF
DEADBEEF
DEADBEEF
DEADBEEF
DEADBEEF
DEADBEEF
DEADBEEF
DEADBEEF
DEADBEEF
DEADBEEF
DEADBEEF
DEADBEEF
DEADBEEF
DEADBEEF
DEADBEEF
DEADBEEF
DEADBEEF
DEADBEEF
DEADBEEF
DEADBEEF
DEADBEEF
DEADBEEF
DEADBEEF
DEADBEEF
DEADBEEF
DEADBEEF
DEADBEEF
DEADBEEF
DEADBEEF
DEADBEEF
DEADBEEF
DEADBEEF
DEADBEEF
DEADBEEF
DEADBEEF
DEADBEEF
DEADBEEF
DEADBEEF
DEADBEEF
DEADBEEF
DEADBEEF
DEADBEEF
DEADBEEF
DEADBEEF
DEADBEEF
DEADBEEF
DEADBEEF
DEADBEEF
DEADBEEF
DEADBEEF
DEADBEEF
DEADBEEF
DEADBEEF
DEADBEEF
DEADBEEF
DEADBEEF
DEADBEEF
DEADBEEF
DEADBEEF
DEADBEEF
DEADBEEF
DEADBEEF
DEADBEEF
DEADBEEF
DEADBEEF
DEADBEEF
DEADBEEF
DEADBEEF
DEADBEEF
DEADBEEF
DEADBEEF
DEADBEEF
DEADBEEF
DEADBEEF
DEADBEEF
DEADBEEF
DEADBEEF
DEADBEEF
DEADBEEF
DEADBEEF
DEADBEEF
DEADBEEF
DEADBEEF
DEADBEEF
DEADBEEF
DEADBEEF
DEADBEEF
DEADBEEF
DEADBEEF
DEADBEEF
DEADBEEF
DEADBEEF
DEADBEEF
DEADBEEF
DEADBEEF
DEADBEEF
DEADBEEF
DEADBEEF
DEADBEEF
DEADBEEF
DEADBEEF
DEADBEEF
DEADBEEF
DEADBEEF
DEADBEEF
DEADBEEF
DEADBEEF
DEADBEEF
DEADBEEF
DEADBEEF
DEADBEEF
DEADBEEF
DEADBEEF
DEADBEEF
DEADBEEF
DEADBEEF
DEADBEEF
DEADBEEF
DEADBEEF
DEADBEEF
DEADBEEF
DEADBEEF
DEADBEEF
DEADBEEF
DEADBEEF
DEADBEEF
DEADBEEF
DEADBEEF
DEADBEEF
DEADBEEF
DEADBEEF
DEADBEEF
DEADBEEF
DEADBEEF
DEADBEEF
DEADBEEF
DEADBEEF
DEADBEEF
DEADBEEF
DEADBEEF
DEADBEEF
DEADBEEF
DEADBEEF
DEADBEEF
DEADBEEF
DEADBEEF
DEADBEEF
DEADBEEF
DEADBEEF
DEADBEEF
DEADBEEF
DEADBEEF
DEADBEEF
DEADBEEF
DEADBEEF
DEADBEEF
DEADBEEF
DEADBEEF
DEADBEEF
DEADBEEF
DEADBEEF
DEADBEEF
DEADBEEF
DEADBEEF
DEADBEEF
DEADBEEF
DEADBEEF
DEADBEEF
DEADBEEF
DEADBEEF
DEADBEEF
DEADBEEF
DEADBEEF
DEADBEEF
DEADBEEF
DEADBEEF
DEADBEEF
DEADBEEF
DEADBEEF
DEADBEEF
DEADBEEF
DEADBEEF
DEADBEEF
DEADBEEF
DEADBEEF
DEADBEEF
DEADBEEF
DEADBEEF
DEADBEEF
DEADBEEF
DEADBEEF
DEADBEEF
DEADBEEF
DEADBEEF
DEADBEEF
DEADBEEF
DEADBEEF
DEADBEEF
DEADBEEF
DEADBEEF
DEADBEEF
DEADBEEF
DEADBEEF
DEADBEEF
DEADBEEF
DEADBEEF
DEADBEEF
DEADBEEF
DEADBEEF
DEADBEEF
DEADBEEF
DEADBEEF
DEADBEEF
DEADBEEF
DEADBEEF
DEADBEEF
DEADBEEF
DEADBEEF
DEADBEEF
DEADBEEF
DEADBEEF
DEADBEEF
DEADBEEF
DEADBEEF
DEADBEEF
DEADBEEF
DEADBEEF
DEADBEEF
DEADBEEF
DEADBEEF
DEADBEEF
DEADBEEF
DEADBEEF
DEADBEEF
DEADBEEF
DEADBEEF
DEADBEEF
DEADBEEF
DEADBEEF
DEADBEEF
DEADBEEF
DEADBEEF
DEADBEEF
DEADBEEF
DEADBEEF
DEADBEEF
DEADBEEF
DEADBEEF
DEADBEEF
DEADBEEF
DEADBEEF
DEADBEEF
DEADBEEF
DEADBEEF
DEADBEEF
DEADBEEF
DEADBEEF
DEADBEEF
DEADBEEF
DEADBEEF
DEADBEEF
DEADBEEF
DEADBEEF
DEADBEEF
DEADBEEF
DEADBEEF
DEADBEEF
DEADBEEF
DEADBEEF
DEADBEEF
DEADBEEF
DEADBEEF
DEADBEEF
DEADBEEF
DEADBEEF
DEADBEEF
DEADBEEF
DEADBEEF
DEADBEEF
DEADBEEF
DEADBEEF
DEADBEEF
DEADBEEF
DEADBEEF
DEADBEEF
DEADBEEF
DEADBEEF
DEADBEEF
DEADBEEF
DEADBEEF
DEADBEEF
DEADBEEF
DEADBEEF
DEADBEEF
DEADBEEF
DEADBEEF
DEADBEEF
DEADBEEF
DEADBEEF
DEADBEEF
DEADBEEF
DEADBEEF
DEADBEEF
DEADBEEF
DEADBEEF
DEADBEEF
DEADBEEF
DEADBEEF
DEADBEEF
DEADBEEF
DEADBEEF
DEADBEEF
DEADBEEF
DEADBEEF
DEADBEEF
DEADBEEF
DEADBEEF
DEADBEEF
DEADBEEF
DEADBEEF
DEADBEEF
DEADBEEF
DEADBEEF
DEADBEEF
DEADBEEF
DEADBEEF
DEADBEEF
DEADBEEF
DEADBEEF
DEADBEEF
DEADBEEF
DEADBEEF
DEADBEEF
DEADBEEF
DEADBEEF
DEADBEEF
DEADBEEF
DEADBEEF
DEADBEEF
DEADBEEF
DEADBEEF
DEADBEEF
DEADBEEF
DEADBEEF
DEADBEEF
DEADBEEF
DEADBEEF
DEADBEEF
DEADBEEF
DEADBEEF
DEADBEEF
DEADBEEF
DEADBEEF
DEADBEEF
DEADBEEF
DEADBEEF
DEADBEEF
DEADBEEF
DEADBEEF
DEADBEEF
DEADBEEF
DEADBEEF
DEADBEEF
DEADBEEF
DEADBEEF
DEADBEEF
DEADBEEF
DEADBEEF
DEADBEEF
DEADBEEF
DEADBEEF
DEADBEEF
DEADBEEF
DEADBEEF
DEADBEEF
DEADBEEF
DEADBEEF
DEADBEEF
DEADBEEF
DEADBEEF
DEADBEEF
DEADBEEF
DEADBEEF
DEADBEEF
DEADBEEF
DEADBEEF
DEADBEEF
DEADBEEF
DEADBEEF
DEADBEEF
DEADBEEF
DEADBEEF
DEADBEEF
DEADBEEF
DEADBEEF
DEADBEEF
DEADBEEF
DEADBEEF
DEADBEEF
DEADBEEF
DEADBEEF
DEADBEEF
DEADBEEF
DEADBEEF
DEADBEEF
DEADBEEF
DEADBEEF
DEADBEEF
DEADBEEF
DEADBEEF
DEADBEEF
DEADBEEF
DEADBEEF
DEADBEEF
DEADBEEF
DEADBEEF
DEADBEEF
DEADBEEF
DEADBEEF
DEADBEEF
DEADBEEF
DEADBEEF
DEADBEEF
DEADBEEF
DEADBEEF
DEADBEEF
DEADBEEF
DEADBEEF
DEADBEEF
DEADBEEF
DEADBEEF
DEADBEEF
DEADBEEF
DEADBEEF
DEADBEEF
DEADBEEF
DEADBEEF
DEADBEEF
DEADBEEF
DEADBEEF
DEADBEEF
DEADBEEF
DEADBEEF
DEADBEEF
DEADBEEF
DEADBEEF
DEADBEEF
DEADBEEF
DEADBEEF
DEADBEEF
DEADBEEF
DEADBEEF
DEADBEEF
DEADBEEF
DEADBEEF
DEADBEEF
DEADBEEF
DEADBEEF
DEADBEEF
DEADBEEF
DEADBEEF
DEADBEEF
DEADBEEF
DEADBEEF
DEADBEEF
DEADBEEF
DEADBEEF
DEADBEEF
DEADBEEF
DEADBEEF
DEADBEEF
DEADBEEF
DEADBEEF
DEADBEEF
DEADBEEF
DEADBEEF
DEADBEEF
DEADBEEF
DEADBEEF
DEADBEEF
DEADBEEF
DEADBEEF
DEADBEEF
DEADBEEF
DEADBEEF
DEADBEEF
DEADBEEF
DEADBEEF
DEADBEEF
DEADBEEF
DEADBEEF
DEADBEEF
DEADBEEF
DEADBEEF
DEADBEEF
DEADBEEF
DEADBEEF
DEADBEEF
DEADBEEF
DEADBEEF
DEADBEEF
DEADBEEF
DEADBEEF
DEADBEEF
DEADBEEF
DEADBEEF
DEADBEEF
DEADBEEF
DEADBEEF
DEADBEEF
DEADBEEF
DEADBEEF
DEADBEEF
DEADBEEF
DEADBEEF
DEADBEEF
DEADBEEF
DEADBEEF
DEADBEEF
DEADBEEF
DEADBEEF
DEADBEEF
DEADBEEF
DEADBEEF
DEADBEEF
DEADBEEF
DEADBEEF
DEADBEEF
DEADBEEF
DEADBEEF
DEADBEEF
DEADBEEF
DEADBEEF
DEADBEEF
DEADBEEF
DEADBEEF
DEADBEEF
DEADBEEF
DEADBEEF
DEADBEEF
DEADBEEF
DEADBEEF
DEADBEEF
DEADBEEF
DEADBEEF
DEADBEEF
DEADBEEF
DEADBEEF
DEADBEEF
DEADBEEF
DEADBEEF
DEADBEEF
DEADBEEF
DEADBEEF
DEADBEEF
DEADBEEF
DEADBEEF
DEADBEEF
DEADBEEF
DEADBEEF
DEADBEEF
DEADBEEF
DEADBEEF
DEADBEEF
DEADBEEF
DEADBEEF
DEADBEEF
DEADBEEF
DEADBEEF
DEADBEEF
DEADBEEF
DEADBEEF
DEADBEEF
DEADBEEF
DEADBEEF
DEADBEEF
DEADBEEF
DEADBEEF
DEADBEEF
DEADBEEF
DEADBEEF
DEADBEEF
DEADBEEF
DEADBEEF
DEADBEEF
DEADBEEF
DEADBEEF
DEADBEEF
DEADBEEF
DEADBEEF
DEADBEEF
DEADBEEF
DEADBEEF
DEADBEEF
DEADBEEF
DEADBEEF
DEADBEEF
DEADBEEF
DEADBEEF
DEADBEEF
DEADBEEF
DEADBEEF
DEADBEEF
DEADBEEF
DEADBEEF
DEADBEEF
DEADBEEF
DEADBEEF
DEADBEEF
DEADBEEF
DEADBEEF
DEADBEEF
DEADBEEF
DEADBEEF
DEADBEEF
DEADBEEF
DEADBEEF
DEADBEEF
DEADBEEF
DEADBEEF
DEADBEEF
DEADBEEF
DEADBEEF
DEADBEEF
DEADBEEF
DEADBEEF
DEADBEEF
DEADBEEF
DEADBEEF
DEADBEEF
DEADBEEF
DEADBEEF
DEADBEEF
DEADBEEF
DEADBEEF
DEADBEEF
DEADBEEF
DEADBEEF
DEADBEEF
DEADBEEF
DEADBEEF
DEADBEEF
DEADBEEF
DEADBEEF
DEADBEEF
DEADBEEF
DEADBEEF
DEADBEEF
DEADBEEF
DEADBEEF
DEADBEEF
DEADBEEF
DEADBEEF
DEADBEEF
DEADBEEF
DEADBEEF
DEADBEEF
DEADBEEF
DEADBEEF
DEADBEEF
DEADBEEF
DEADBEEF
DEADBEEF
DEADBEEF
DEADBEEF
DEADBEEF
DEADBEEF
DEADBEEF
DEADBEEF
DEADBEEF
DEADBEEF
DEADBEEF
DEADBEEF
DEADBEEF
DEADBEEF
DEADBEEF
DEADBEEF
DEADBEEF
DEADBEEF
DEADBEEF
DEADBEEF
DEADBEEF
DEADBEEF
DEADBEEF
DEADBEEF
DEADBEEF
DEADBEEF
DEADBEEF
DEADBEEF
DEADBEEF
DEADBEEF
DEADBEEF
DEADBEEF
DEADBEEF
DEADBEEF
DEADBEEF
DEADBEEF
DEADBEEF
DEADBEEF
DEADBEEF
DEADBEEF
DEADBEEF
DEADBEEF
DEADBEEF
DEADBEEF
DEADBEEF
DEADBEEF
DEADBEEF
DEADBEEF
DEADBEEF
DEADBEEF
DEADBEEF
DEADBEEF
DEADBEEF
DEADBEEF
DEADBEEF
DEADBEEF
DEADBEEF
DEADBEEF
DEADBEEF
DEADBEEF
DEADBEEF
DEADBEEF
DEADBEEF
DEADBEEF
DEADBEEF
DEADBEEF
DEADBEEF
DEADBEEF
DEADBEEF
DEADBEEF
DEADBEEF
DEADBEEF
DEADBEEF
DEADBEEF
DEADBEEF
DEADBEEF
DEADBEEF
DEADBEEF
DEADBEEF
DEADBEEF
DEADBEEF
DEADBEEF
DEADBEEF
DEADBEEF
DEADBEEF
DEADBEEF
DEADBEEF
DEADBEEF
DEADBEEF
DEADBEEF
DEADBEEF
DEADBEEF
DEADBEEF
DEADBEEF
DEADBEEF
DEADBEEF
DEADBEEF
DEADBEEF
DEADBEEF
DEADBEEF
DEADBEEF
DEADBEEF
DEADBEEF
DEADBEEF
DEADBEEF
DEADBEEF
DEADBEEF
DEADBEEF
DEADBEEF
DEADBEEF
DEADBEEF
DEADBEEF
DEADBEEF
DEADBEEF
DEADBEEF
DEADBEEF
DEADBEEF
DEADBEEF
DEADBEEF
DEADBEEF
DEADBEEF
DEADBEEF
DEADBEEF
DEADBEEF
DEADBEEF
DEADBEEF
DEADBEEF
DEADBEEF
DEADBEEF
DEADBEEF
DEADBEEF
DEADBEEF
DEADBEEF
DEADBEEF
DEADBEEF
DEADBEEF
DEADBEEF
DEADBEEF
DEADBEEF
DEADBEEF
DEADBEEF
DEADBEEF
DEADBEEF
DEADBEEF
DEADBEEF
DEADBEEF
DEADBEEF
DEADBEEF
DEADBEEF
DEADBEEF
DEADBEEF
DEADBEEF
DEADBEEF
DEADBEEF
DEADBEEF
DEADBEEF
DEADBEEF
DEADBEEF
DEADBEEF
DEADBEEF
DEADBEEF
DEADBEEF
DEADBEEF
DEADBEEF
DEADBEEF
DEADBEEF
DEADBEEF
DEADBEEF
DEADBEEF
DEADBEEF
DEADBEEF
DEADBEEF
DEADBEEF
DEADBEEF
DEADBEEF
DEADBEEF
DEADBEEF
DEADBEEF
DEADBEEF
DEADBEEF
DEADBEEF
DEADBEEF
DEADBEEF
DEADBEEF
DEADBEEF
DEADBEEF
DEADBEEF
DEADBEEF
DEADBEEF
DEADBEEF
DEADBEEF
DEADBEEF
DEADBEEF
DEADBEEF
DEADBEEF
DEADBEEF
DEADBEEF
DEADBEEF
DEADBEEF
DEADBEEF
DEADBEEF
DEADBEEF
DEADBEEF
DEADBEEF
DEADBEEF
DEADBEEF
DEADBEEF
DEADBEEF
DEADBEEF
DEADBEEF
DEADBEEF
DEADBEEF
DEADBEEF
DEADBEEF
DEADBEEF
DEADBEEF
DEADBEEF
DEADBEEF
DEADBEEF
DEADBEEF
DEADBEEF
DEADBEEF
DEADBEEF
DEADBEEF
DEADBEEF
DEADBEEF
DEADBEEF
DEADBEEF
DEADBEEF
DEADBEEF
DEADBEEF
DEADBEEF
DEADBEEF
DEADBEEF
DEADBEEF
DEADBEEF
DEADBEEF
DEADBEEF
DEADBEEF
DEADBEEF
DEADBEEF
DEADBEEF
DEADBEEF
DEADBEEF
DEADBEEF
DEADBEEF
DEADBEEF
DEADBEEF
DEADBEEF
DEADBEEF
DEADBEEF
DEADBEEF
DEADBEEF
DEADBEEF
DEADBEEF
DEADBEEF
DEADBEEF
DEADBEEF
DEADBEEF
DEADBEEF
DEADBEEF
DEADBEEF
DEADBEEF
DEADBEEF
DEADBEEF
DEADBEEF
DEADBEEF
DEADBEEF
DEADBEEF
DEADBEEF
DEADBEEF
DEADBEEF
DEADBEEF
DEADBEEF
DEADBEEF
DEADBEEF
DEADBEEF
DEADBEEF
DEADBEEF
DEADBEEF
DEADBEEF
DEADBEEF
DEADBEEF
DEADBEEF
DEADBEEF
DEADBEEF
DEADBEEF
DEADBEEF
DEADBEEF
DEADBEEF
DEADBEEF
DEADBEEF
DEADBEEF
DEADBEEF
DEADBEEF
DEADBEEF
DEADBEEF
DEADBEEF
DEADBEEF
DEADBEEF
DEADBEEF
DEADBEEF
DEADBEEF
DEADBEEF
DEADBEEF
DEADBEEF
DEADBEEF
DEADBEEF
DEADBEEF
DEADBEEF
DEADBEEF
DEADBEEF
DEADBEEF
DEADBEEF
DEADBEEF
DEADBEEF
DEADBEEF
DEADBEEF
DEADBEEF
DEADBEEF
DEADBEEF
DEADBEEF
DEADBEEF
DEADBEEF
DEADBEEF
DEADBEEF
DEADBEEF
DEADBEEF
DEADBEEF
DEADBEEF
DEADBEEF
DEADBEEF
DEADBEEF
DEADBEEF
DEADBEEF
DEADBEEF
DEADBEEF
DEADBEEF
DEADBEEF
DEADBEEF
DEADBEEF
DEADBEEF
DEADBEEF
DEADBEEF
DEADBEEF
DEADBEEF
DEADBEEF
DEADBEEF
DEADBEEF
DEADBEEF
DEADBEEF
DEADBEEF
DEADBEEF
DEADBEEF
DEADBEEF
DEADBEEF
DEADBEEF
DEADBEEF
DEADBEEF
DEADBEEF
DEADBEEF
DEADBEEF
DEADBEEF
DEADBEEF
DEADBEEF
DEADBEEF
DEADBEEF
DEADBEEF
DEADBEEF
DEADBEEF
DEADBEEF
DEADBEEF
DEADBEEF
DEADBEEF
DEADBEEF
DEADBEEF
DEADBEEF
DEADBEEF
DEADBEEF
DEADBEEF
DEADBEEF
DEADBEEF
DEADBEEF
DEADBEEF
DEADBEEF
DEADBEEF
DEADBEEF
DEADBEEF
DEADBEEF
DEADBEEF
DEADBEEF
DEADBEEF
DEADBEEF
DEADBEEF
DEADBEEF
DEADBEEF
DEADBEEF
DEADBEEF
DEADBEEF
DEADBEEF
DEADBEEF
DEADBEEF
DEADBEEF
DEADBEEF
DEADBEEF
DEADBEEF
DEADBEEF
DEADBEEF
DEADBEEF
DEADBEEF
DEADBEEF
DEADBEEF
DEADBEEF
DEADBEEF
DEADBEEF
DEADBEEF
DEADBEEF
DEADBEEF
DEADBEEF
DEADBEEF
DEADBEEF
DEADBEEF
DEADBEEF
DEADBEEF
DEADBEEF
DEADBEEF
DEADBEEF
DEADBEEF
DEADBEEF
DEADBEEF
DEADBEEF
DEADBEEF
DEADBEEF
DEADBEEF
DEADBEEF
DEADBEEF
DEADBEEF
DEADBEEF
DEADBEEF
DEADBEEF
DEADBEEF
DEADBEEF
DEADBEEF
DEADBEEF
DEADBEEF
DEADBEEF
DEADBEEF
DEADBEEF
DEADBEEF
DEADBEEF
DEADBEEF
DEADBEEF
DEADBEEF
DEADBEEF
DEADBEEF
DEADBEEF
DEADBEEF
DEADBEEF
DEADBEEF
DEADBEEF
DEADBEEF
DEADBEEF
DEADBEEF
DEADBEEF
DEADBEEF
DEADBEEF
DEADBEEF
DEADBEEF
DEADBEEF
DEADBEEF
DEADBEEF
DEADBEEF
DEADBEEF
DEADBEEF
DEADBEEF
DEADBEEF
DEADBEEF
DEADBEEF
DEADBEEF
DEADBEEF
DEADBEEF
DEADBEEF
DEADBEEF
DEADBEEF
DEADBEEF
DEADBEEF
DEADBEEF
DEADBEEF
DEADBEEF
DEADBEEF
DEADBEEF
DEADBEEF
DEADBEEF
DEADBEEF
DEADBEEF
DEADBEEF
DEADBEEF
DEADBEEF
DEADBEEF
DEADBEEF
DEADBEEF
DEADBEEF
DEADBEEF
DEADBEEF
DEADBEEF
DEADBEEF
DEADBEEF
DEADBEEF
DEADBEEF
DEADBEEF
DEADBEEF
DEADBEEF
DEADBEEF
DEADBEEF
DEADBEEF
DEADBEEF
DEADBEEF
DEADBEEF
DEADBEEF
DEADBEEF
DEADBEEF
DEADBEEF
DEADBEEF
DEADBEEF
DEADBEEF
DEADBEEF
DEADBEEF
DEADBEEF
DEADBEEF
DEADBEEF
DEADBEEF
DEADBEEF
DEADBEEF
DEADBEEF
DEADBEEF
DEADBEEF
DEADBEEF
DEADBEEF
DEADBEEF
DEADBEEF
DEADBEEF
DEADBEEF
DEADBEEF
DEADBEEF
DEADBEEF
DEADBEEF
DEADBEEF
DEADBEEF
DEADBEEF
DEADBEEF
DEADBEEF
DEADBEEF
DEADBEEF
DEADBEEF
DEADBEEF
DEADBEEF
DEADBEEF
DEADBEEF
DEADBEEF
DEADBEEF
DEADBEEF
DEADBEEF
DEADBEEF
DEADBEEF
DEADBEEF
DEADBEEF
DEADBEEF
DEADBEEF
DEADBEEF
DEADBEEF
DEADBEEF
DEADBEEF
DEADBEEF
DEADBEEF
DEADBEEF
DEADBEEF
DEADBEEF
DEADBEEF
DEADBEEF
DEADBEEF
DEADBEEF
DEADBEEF
DEADBEEF
DEADBEEF
DEADBEEF
DEADBEEF
DEADBEEF
DEADBEEF
DEADBEEF
DEADBEEF
DEADBEEF
DEADBEEF
DEADBEEF
DEADBEEF
DEADBEEF
DEADBEEF
DEADBEEF
DEADBEEF
DEADBEEF
DEADBEEF
DEADBEEF
DEADBEEF
DEADBEEF
DEADBEEF
DEADBEEF
DEADBEEF
DEADBEEF
DEADBEEF
DEADBEEF
DEADBEEF
DEADBEEF
DEADBEEF
DEADBEEF
DEADBEEF
DEADBEEF
DEADBEEF
DEADBEEF
DEADBEEF
DEADBEEF
DEADBEEF
DEADBEEF
DEADBEEF
DEADBEEF
DEADBEEF
DEADBEEF
DEADBEEF
DEADBEEF
DEADBEEF
DEADBEEF
DEADBEEF
DEADBEEF
DEADBEEF
DEADBEEF
DEADBEEF
DEADBEEF
DEADBEEF
DEADBEEF
DEADBEEF
DEADBEEF
DEADBEEF
DEADBEEF
DEADBEEF
DEADBEEF
DEADBEEF
DEADBEEF
DEADBEEF
DEADBEEF
DEADBEEF
DEADBEEF
DEADBEEF
DEADBEEF
DEADBEEF
DEADBEEF
DEADBEEF
DEADBEEF
DEADBEEF
DEADBEEF
DEADBEEF
DEADBEEF
DEADBEEF
DEADBEEF
DEADBEEF
DEADBEEF
DEADBEEF
DEADBEEF
DEADBEEF
DEADBEEF
DEADBEEF
DEADBEEF
DEADBEEF
DEADBEEF
DEADBEEF
DEADBEEF
DEADBEEF
DEADBEEF
DEADBEEF
DEADBEEF
DEADBEEF
DEADBEEF
DEADBEEF
DEADBEEF
DEADBEEF
DEADBEEF
DEADBEEF
DEADBEEF
DEADBEEF
DEADBEEF
DEADBEEF
DEADBEEF
DEADBEEF
DEADBEEF
DEADBEEF
DEADBEEF
DEADBEEF
DEADBEEF
DEADBEEF
DEADBEEF
DEADBEEF
DEADBEEF
DEADBEEF
DEADBEEF
DEADBEEF
DEADBEEF
DEADBEEF
DEADBEEF
DEADBEEF
DEADBEEF
DEADBEEF
DEADBEEF
DEADBEEF
DEADBEEF
DEADBEEF
DEADBEEF
DEADBEEF
DEADBEEF
DEADBEEF
DEADBEEF
DEADBEEF
DEADBEEF
DEADBEEF
DEADBEEF
DEADBEEF
DEADBEEF
DEADBEEF
DEADBEEF
DEADBEEF
DEADBEEF
DEADBEEF
DEADBEEF
DEADBEEF
DEADBEEF
DEADBEEF
DEADBEEF
DEADBEEF
DEADBEEF
DEADBEEF
DEADBEEF
DEADBEEF
DEADBEEF
DEADBEEF
DEADBEEF
DEADBEEF
DEADBEEF
DEADBEEF
DEADBEEF
DEADBEEF
DEADBEEF
DEADBEEF
DEADBEEF
DEADBEEF
DEADBEEF
DEADBEEF
DEADBEEF
DEADBEEF
DEADBEEF
DEADBEEF
DEADBEEF
DEADBEEF
DEADBEEF
DEADBEEF
DEADBEEF
DEADBEEF
DEADBEEF
DEADBEEF
DEADBEEF
DEADBEEF
DEADBEEF
DEADBEEF
DEADBEEF
DEADBEEF
DEADBEEF
DEADBEEF
DEADBEEF
DEADBEEF
DEADBEEF
DEADBEEF
DEADBEEF
DEADBEEF
DEADBEEF
DEADBEEF
DEADBEEF
DEADBEEF
DEADBEEF
DEADBEEF
DEADBEEF
DEADBEEF
DEADBEEF
DEADBEEF
DEADBEEF
DEADBEEF
DEADBEEF
DEADBEEF
DEADBEEF
DEADBEEF
DEADBEEF
DEADBEEF
DEADBEEF
DEADBEEF
DEADBEEF
DEADBEEF
DEADBEEF
DEADBEEF
DEADBEEF
DEADBEEF
DEADBEEF
DEADBEEF
DEADBEEF
DEADBEEF
DEADBEEF
DEADBEEF
DEADBEEF
DEADBEEF
DEADBEEF
DEADBEEF
DEADBEEF
DEADBEEF
DEADBEEF
DEADBEEF
DEADBEEF
DEADBEEF
DEADBEEF
DEADBEEF
DEADBEEF
DEADBEEF
DEADBEEF
DEADBEEF
DEADBEEF
DEADBEEF
DEADBEEF
DEADBEEF
DEADBEEF
DEADBEEF
DEADBEEF
DEADBEEF
DEADBEEF
DEADBEEF
DEADBEEF
DEADBEEF
DEADBEEF
DEADBEEF
DEADBEEF
DEADBEEF
DEADBEEF
DEADBEEF
DEADBEEF
DEADBEEF
DEADBEEF
DEADBEEF
DEADBEEF
DEADBEEF
DEADBEEF
DEADBEEF
DEADBEEF
DEADBEEF
DEADBEEF
DEADBEEF
DEADBEEF
DEADBEEF
DEADBEEF
DEADBEEF
DEADBEEF
DEADBEEF
DEADBEEF
DEADBEEF
DEADBEEF
DEADBEEF
DEADBEEF
DEADBEEF
DEADBEEF
DEADBEEF
DEADBEEF
DEADBEEF
DEADBEEF
DEADBEEF
DEADBEEF
DEADBEEF
DEADBEEF
DEADBEEF
DEADBEEF
DEADBEEF
DEADBEEF
DEADBEEF
DEADBEEF
DEADBEEF
DEADBEEF
DEADBEEF
DEADBEEF
DEADBEEF
DEADBEEF
DEADBEEF
DEADBEEF
DEADBEEF
DEADBEEF
DEADBEEF
DEADBEEF
DEADBEEF
DEADBEEF
DEADBEEF
DEADBEEF
DEADBEEF
DEADBEEF
DEADBEEF
DEADBEEF
DEADBEEF
DEADBEEF
DEADBEEF
DEADBEEF
DEADBEEF
DEADBEEF
DEADBEEF
DEADBEEF
DEADBEEF
DEADBEEF
DEADBEEF
DEADBEEF
DEADBEEF
DEADBEEF
DEADBEEF
DEADBEEF
DEADBEEF
DEADBEEF
DEADBEEF
DEADBEEF
DEADBEEF
DEADBEEF
DEADBEEF
DEADBEEF
DEADBEEF
DEADBEEF
DEADBEEF
DEADBEEF
DEADBEEF
DEADBEEF
DEADBEEF
DEADBEEF
DEADBEEF
DEADBEEF
DEADBEEF
DEADBEEF
DEADBEEF
DEADBEEF
DEADBEEF
DEADBEEF
DEADBEEF
DEADBEEF
DEADBEEF
DEADBEEF
DEADBEEF
DEADBEEF
DEADBEEF
DEADBEEF
DEADBEEF
DEADBEEF
DEADBEEF
DEADBEEF
DEADBEEF
DEADBEEF
DEADBEEF
DEADBEEF
DEADBEEF
DEADBEEF
DEADBEEF
DEADBEEF
DEADBEEF
DEADBEEF
DEADBEEF
DEADBEEF
DEADBEEF
DEADBEEF
DEADBEEF
DEADBEEF
DEADBEEF
DEADBEEF
DEADBEEF
DEADBEEF
DEADBEEF
DEADBEEF
DEADBEEF
DEADBEEF
DEADBEEF
DEADBEEF
DEADBEEF
DEADBEEF
DEADBEEF
DEADBEEF
DEADBEEF
DEADBEEF
DEADBEEF
DEADBEEF
DEADBEEF
DEADBEEF
DEADBEEF
DEADBEEF
DEADBEEF
DEADBEEF
DEADBEEF
DEADBEEF
DEADBEEF
DEADBEEF
DEADBEEF
DEADBEEF
DEADBEEF
DEADBEEF
DEADBEEF
DEADBEEF
DEADBEEF
DEADBEEF
DEADBEEF
DEADBEEF
DEADBEEF
DEADBEEF
DEADBEEF
DEADBEEF
DEADBEEF
DEADBEEF
DEADBEEF
DEADBEEF
DEADBEEF
DEADBEEF
DEADBEEF
DEADBEEF
DEADBEEF
DEADBEEF
DEADBEEF
DEADBEEF
DEADBEEF
DEADBEEF
DEADBEEF
DEADBEEF
DEADBEEF
DEADBEEF
DEADBEEF
DEADBEEF
DEADBEEF
DEADBEEF
DEADBEEF
DEADBEEF
DEADBEEF
DEADBEEF
DEADBEEF
DEADBEEF
DEADBEEF
DEADBEEF
DEADBEEF
DEADBEEF
DEADBEEF
DEADBEEF
DEADBEEF
DEADBEEF
DEADBEEF
DEADBEEF
DEADBEEF
DEADBEEF
DEADBEEF
DEADBEEF
DEADBEEF
DEADBEEF
DEADBEEF
DEADBEEF
DEADBEEF
DEADBEEF
DEADBEEF
DEADBEEF
DEADBEEF
DEADBEEF
DEADBEEF
DEADBEEF
DEADBEEF
DEADBEEF
DEADBEEF
DEADBEEF
DEADBEEF
DEADBEEF
DEADBEEF
DEADBEEF
DEADBEEF
DEADBEEF
DEADBEEF
DEADBEEF
DEADBEEF
DEADBEEF
DEADBEEF
DEADBEEF
DEADBEEF
DEADBEEF
DEADBEEF
DEADBEEF
DEADBEEF
DEADBEEF
DEADBEEF
DEADBEEF
DEADBEEF
DEADBEEF
DEADBEEF
DEADBEEF
DEADBEEF
DEADBEEF
DEADBEEF
DEADBEEF
DEADBEEF
DEADBEEF
DEADBEEF
DEADBEEF
DEADBEEF
DEADBEEF
DEADBEEF
DEADBEEF
DEADBEEF
DEADBEEF
DEADBEEF
DEADBEEF
DEADBEEF
DEADBEEF
DEADBEEF
DEADBEEF
DEADBEEF
DEADBEEF
DEADBEEF
DEADBEEF
DEADBEEF
DEADBEEF
DEADBEEF
DEADBEEF
DEADBEEF
DEADBEEF
DEADBEEF
DEADBEEF
DEADBEEF
DEADBEEF
DEADBEEF
DEADBEEF
DEADBEEF
DEADBEEF
DEADBEEF
DEADBEEF
DEADBEEF
DEADBEEF
DEADBEEF
DEADBEEF
DEADBEEF
DEADBEEF
DEADBEEF
DEADBEEF
DEADBEEF
DEADBEEF
DEADBEEF
DEADBEEF
DEADBEEF
DEADBEEF
DEADBEEF
DEADBEEF
DEADBEEF
DEADBEEF
DEADBEEF
DEADBEEF
DEADBEEF
DEADBEEF
DEADBEEF
DEADBEEF
DEADBEEF
DEADBEEF
DEADBEEF
DEADBEEF
DEADBEEF
DEADBEEF
DEADBEEF
DEADBEEF
DEADBEEF
DEADBEEF
DEADBEEF
DEADBEEF
DEADBEEF
DEADBEEF
DEADBEEF
DEADBEEF
DEADBEEF
DEADBEEF
DEADBEEF
DEADBEEF
DEADBEEF
DEADBEEF
DEADBEEF
DEADBEEF
DEADBEEF
DEADBEEF
DEADBEEF
DEADBEEF
DEADBEEF
DEADBEEF
DEADBEEF
DEADBEEF
DEADBEEF
DEADBEEF
DEADBEEF
DEADBEEF
DEADBEEF
DEADBEEF
DEADBEEF
DEADBEEF
DEADBEEF
DEADBEEF
DEADBEEF
DEADBEEF
DEADBEEF
DEADBEEF
DEADBEEF
DEADBEEF
DEADBEEF
DEADBEEF
DEADBEEF
DEADBEEF
DEADBEEF
DEADBEEF
DEADBEEF
DEADBEEF
DEADBEEF
DEADBEEF
DEADBEEF
DEADBEEF
DEADBEEF
DEADBEEF
DEADBEEF
DEADBEEF
DEADBEEF
DEADBEEF
DEADBEEF
DEADBEEF
DEADBEEF
DEADBEEF
DEADBEEF
DEADBEEF
DEADBEEF
DEADBEEF
DEADBEEF
DEADBEEF
DEADBEEF
DEADBEEF
DEADBEEF
DEADBEEF
DEADBEEF
DEADBEEF
DEADBEEF
DEADBEEF
DEADBEEF
DEADBEEF
DEADBEEF
DEADBEEF
DEADBEEF
DEADBEEF
DEADBEEF
DEADBEEF
DEADBEEF
DEADBEEF
DEADBEEF
DEADBEEF
DEADBEEF
DEADBEEF
DEADBEEF
DEADBEEF
DEADBEEF
DEADBEEF
DEADBEEF
DEADBEEF
DEADBEEF
DEADBEEF
DEADBEEF
DEADBEEF
DEADBEEF
DEADBEEF
DEADBEEF
DEADBEEF
DEADBEEF
DEADBEEF
DEADBEEF
DEADBEEF
DEADBEEF
DEADBEEF
DEADBEEF
DEADBEEF
DEADBEEF
DEADBEEF
DEADBEEF
DEADBEEF
DEADBEEF
DEADBEEF
DEADBEEF
DEADBEEF
DEADBEEF
DEADBEEF
DEADBEEF
DEADBEEF
DEADBEEF
DEADBEEF
DEADBEEF
DEADBEEF
DEADBEEF
DEADBEEF
DEADBEEF
DEADBEEF
DEADBEEF
DEADBEEF
DEADBEEF
DEADBEEF
DEADBEEF
DEADBEEF
DEADBEEF
DEADBEEF
DEADBEEF
DEADBEEF
DEADBEEF
DEADBEEF
DEADBEEF
DEADBEEF
DEADBEEF
DEADBEEF
DEADBEEF
DEADBEEF
DEADBEEF
DEADBEEF
DEADBEEF
DEADBEEF
DEADBEEF
DEADBEEF
DEADBEEF
DEADBEEF
DEADBEEF
DEADBEEF
DEADBEEF
DEADBEEF
DEADBEEF
DEADBEEF
DEADBEEF
DEADBEEF
DEADBEEF
DEADBEEF
DEADBEEF
DEADBEEF
DEADBEEF
DEADBEEF
DEADBEEF
DEADBEEF
DEADBEEF
DEADBEEF
DEADBEEF
DEADBEEF
DEADBEEF
DEADBEEF
DEADBEEF
DEADBEEF
DEADBEEF
DEADBEEF
DEADBEEF
DEADBEEF
DEADBEEF
DEADBEEF
DEADBEEF
DEADBEEF
DEADBEEF
DEADBEEF
DEADBEEF
DEADBEEF
DEADBEEF
DEADBEEF
DEADBEEF
DEADBEEF
DEADBEEF
DEADBEEF
DEADBEEF
DEADBEEF
DEADBEEF
DEADBEEF
DEADBEEF
DEADBEEF
DEADBEEF
DEADBEEF
DEADBEEF
DEADBEEF
DEADBEEF
DEADBEEF
DEADBEEF
DEADBEEF
DEADBEEF
DEADBEEF
DEADBEEF
DEADBEEF
DEADBEEF
DEADBEEF
DEADBEEF
DEADBEEF
DEADBEEF
DEADBEEF
DEADBEEF
DEADBEEF
DEADBEEF
DEADBEEF
DEADBEEF
DEADBEEF
DEADBEEF
DEADBEEF
DEADBEEF
DEADBEEF
DEADBEEF
DEADBEEF
DEADBEEF
DEADBEEF
DEADBEEF
DEADBEEF
DEADBEEF
DEADBEEF
DEADBEEF
DEADBEEF
DEADBEEF
DEADBEEF
DEADBEEF
DEADBEEF
DEADBEEF
DEADBEEF
DEADBEEF
DEADBEEF
DEADBEEF
DEADBEEF
DEADBEEF
DEADBEEF
DEADBEEF
DEADBEEF
DEADBEEF
DEADBEEF
DEADBEEF
DEADBEEF
DEADBEEF
DEADBEEF
DEADBEEF
DEADBEEF
DEADBEEF
DEADBEEF
DEADBEEF
DEADBEEF
DEADBEEF
DEADBEEF
DEADBEEF
DEADBEEF
DEADBEEF
DEADBEEF
DEADBEEF
DEADBEEF
DEADBEEF
DEADBEEF
DEADBEEF
DEADBEEF
DEADBEEF
DEADBEEF
DEADBEEF
DEADBEEF
DEADBEEF
DEADBEEF
DEADBEEF
DEADBEEF
DEADBEEF
DEADBEEF
DEADBEEF
DEADBEEF
DEADBEEF
DEADBEEF
DEADBEEF
DEADBEEF
DEADBEEF
DEADBEEF
DEADBEEF
DEADBEEF
DEADBEEF
DEADBEEF
DEADBEEF
DEADBEEF
DEADBEEF
DEADBEEF
DEADBEEF
DEADBEEF
DEADBEEF
DEADBEEF
DEADBEEF
DEADBEEF
DEADBEEF
DEADBEEF
DEADBEEF
DEADBEEF
DEADBEEF
DEADBEEF
DEADBEEF
DEADBEEF
DEADBEEF
DEADBEEF
DEADBEEF
DEADBEEF
DEADBEEF
DEADBEEF
DEADBEEF
DEADBEEF
DEADBEEF
DEADBEEF
DEADBEEF
DEADBEEF
DEADBEEF
DEADBEEF
DEADBEEF
DEADBEEF
DEADBEEF
DEADBEEF
DEADBEEF
DEADBEEF
DEADBEEF
DEADBEEF
DEADBEEF
DEADBEEF
DEADBEEF
DEADBEEF
DEADBEEF
DEADBEEF
DEADBEEF
DEADBEEF
DEADBEEF
DEADBEEF
DEADBEEF
DEADBEEF
DEADBEEF
DEADBEEF
DEADBEEF
DEADBEEF
DEADBEEF
DEADBEEF
DEADBEEF
DEADBEEF
DEADBEEF
DEADBEEF
DEADBEEF
DEADBEEF
DEADBEEF
DEADBEEF
DEADBEEF
DEADBEEF
DEADBEEF
DEADBEEF
DEADBEEF
DEADBEEF
DEADBEEF
DEADBEEF
DEADBEEF
DEADBEEF
DEADBEEF
DEADBEEF
DEADBEEF
DEADBEEF
DEADBEEF
DEADBEEF
DEADBEEF
DEADBEEF
DEADBEEF
DEADBEEF
DEADBEEF
DEADBEEF
DEADBEEF
DEADBEEF
DEADBEEF
DEADBEEF
DEADBEEF
DEADBEEF
DEADBEEF
DEADBEEF
DEADBEEF
DEADBEEF
DEADBEEF
DEADBEEF
DEADBEEF
DEADBEEF
DEADBEEF
DEADBEEF
DEADBEEF
DEADBEEF
DEADBEEF
DEADBEEF
DEADBEEF
DEADBEEF
DEADBEEF
DEADBEEF
DEADBEEF
DEADBEEF
DEADBEEF
DEADBEEF
DEADBEEF
DEADBEEF
DEADBEEF
DEADBEEF
DEADBEEF
DEADBEEF
DEADBEEF
DEADBEEF
DEADBEEF
DEADBEEF
DEADBEEF
DEADBEEF
DEADBEEF
DEADBEEF
DEADBEEF
DEADBEEF
DEADBEEF
DEADBEEF
DEADBEEF
DEADBEEF
DEADBEEF
DEADBEEF
DEADBEEF
DEADBEEF
DEADBEEF
DEADBEEF
DEADBEEF
DEADBEEF
DEADBEEF
DEADBEEF
DEADBEEF
DEADBEEF
DEADBEEF
DEADBEEF
DEADBEEF
DEADBEEF
DEADBEEF
DEADBEEF
DEADBEEF
DEADBEEF
DEADBEEF
DEADBEEF
DEADBEEF
DEADBEEF
DEADBEEF
DEADBEEF
DEADBEEF
DEADBEEF
DEADBEEF
DEADBEEF
DEADBEEF
DEADBEEF
DEADBEEF
DEADBEEF
DEADBEEF
DEADBEEF
DEADBEEF
DEADBEEF
DEADBEEF
DEADBEEF
DEADBEEF
DEADBEEF
DEADBEEF
DEADBEEF
DEADBEEF
DEADBEEF
DEADBEEF
DEADBEEF
DEADBEEF
DEADBEEF
DEADBEEF
DEADBEEF
DEADBEEF
DEADBEEF
DEADBEEF
DEADBEEF
DEADBEEF
DEADBEEF
DEADBEEF
DEADBEEF
DEADBEEF
DEADBEEF
DEADBEEF
DEADBEEF
DEADBEEF
DEADBEEF
DEADBEEF
DEADBEEF
DEADBEEF
DEADBEEF
DEADBEEF
DEADBEEF
DEADBEEF
DEADBEEF
DEADBEEF
DEADBEEF
DEADBEEF
DEADBEEF
DEADBEEF
DEADBEEF
DEADBEEF
DEADBEEF
DEADBEEF
DEADBEEF
DEADBEEF
DEADBEEF
DEADBEEF
DEADBEEF
DEADBEEF
DEADBEEF
DEADBEEF
DEADBEEF
DEADBEEF
DEADBEEF
DEADBEEF
DEADBEEF
DEADBEEF
DEADBEEF
DEADBEEF
DEADBEEF
DEADBEEF
DEADBEEF
DEADBEEF
DEADBEEF
DEADBEEF
DEADBEEF
DEADBEEF
DEADBEEF
DEADBEEF
DEADBEEF
DEADBEEF
DEADBEEF
DEADBEEF
DEADBEEF
DEADBEEF
DEADBEEF
DEADBEEF
DEADBEEF
DEADBEEF
DEADBEEF
DEADBEEF
DEADBEEF
DEADBEEF
DEADBEEF
DEADBEEF
DEADBEEF
DEADBEEF
DEADBEEF
DEADBEEF
DEADBEEF
DEADBEEF
DEADBEEF
DEADBEEF
DEADBEEF
DEADBEEF
DEADBEEF
DEADBEEF
DEADBEEF
DEADBEEF
DEADBEEF
DEADBEEF
DEADBEEF
DEADBEEF
DEADBEEF
DEADBEEF
DEADBEEF
DEADBEEF
DEADBEEF
DEADBEEF
DEADBEEF
DEADBEEF
DEADBEEF
DEADBEEF
DEADBEEF
DEADBEEF
DEADBEEF
DEADBEEF
DEADBEEF
DEADBEEF
DEADBEEF
DEADBEEF
DEADBEEF
DEADBEEF
DEADBEEF
DEADBEEF
DEADBEEF
DEADBEEF
DEADBEEF
DEADBEEF
DEADBEEF
DEADBEEF
DEADBEEF
DEADBEEF
DEADBEEF
DEADBEEF
DEADBEEF
DEADBEEF
DEADBEEF
DEADBEEF
DEADBEEF
DEADBEEF
DEADBEEF
DEADBEEF
DEADBEEF
DEADBEEF
DEADBEEF
DEADBEEF
DEADBEEF
DEADBEEF
DEADBEEF
DEADBEEF
DEADBEEF
DEADBEEF
DEADBEEF
DEADBEEF
DEADBEEF
DEADBEEF
DEADBEEF
DEADBEEF
DEADBEEF
DEADBEEF
DEADBEEF
DEADBEEF
DEADBEEF
DEADBEEF
DEADBEEF
DEADBEEF
DEADBEEF
DEADBEEF
DEADBEEF
DEADBEEF
DEADBEEF
DEADBEEF
DEADBEEF
DEADBEEF
DEADBEEF
DEADBEEF
DEADBEEF
DEADBEEF
DEADBEEF
DEADBEEF
DEADBEEF
DEADBEEF
DEADBEEF
DEADBEEF
DEADBEEF
DEADBEEF
DEADBEEF
DEADBEEF
DEADBEEF
DEADBEEF
DEADBEEF
DEADBEEF
DEADBEEF
DEADBEEF
DEADBEEF
DEADBEEF
DEADBEEF
DEADBEEF
DEADBEEF
DEADBEEF
DEADBEEF
DEADBEEF
DEADBEEF
DEADBEEF
DEADBEEF
DEADBEEF
DEADBEEF
DEADBEEF
6F5CA309
00000000

00000000
00000000
00000000
00000000

02000737
00072023
FFFC4397
21C38393
00038067
FFF00713
020043B7
00E3A023
00E3A223
FFFC4397
20038393
00038067
10000737
000700A3
0C200737
00470713
00072383
00772023
0C002737
00072023
FFFC4397
1D438393
00038067
00200393
3443B073
0200C737
00072023
FFFC4397
1B838393
00038067
FFFC4397
1AC38393
00038067
20000413
34443073
34402473
00001337
80030313
00647433
02830463
10000737
000700A3
0C201737
00470713
00072383
00772023
0C002737
08070713
00072023
FFFC4397
16038393
00038067
FFFC3317
39830313
00030067
FFFC4397
14838393
00038067
FFFC3317
38030313
00030067
FFFC4397
13038393
00038067
FFFC3317
36830313
00030067
FFFC4397
11838393
00038067
10000337
00330313
00300393
00730023
30401073
34401073
34101073
34301073
34201073
00000013
FFFC8317
FD030313
00000013
00000013
00000013
00000013
00000013
00000013
34031473
24832823
FFF00393
020044B7
0074A023
0074A223
00000013
00000393
22732C23
30502473
24832423
00347393
FFC3F393
23032483
E2848493
0074E3B3
24732023
30539073
30502773
0E770C63
30541073
0A040863
24832023
FFC47393
1D838413
00030113
00000013
00000013
00000013
00000013
00000013
00000013
00000717
04C70713
00000013
00000013
00000013
00000013
00000013
00000013
00000797
0A478793
00000013
00000013
00000013
00000013
00000013
00000013
00F3F663
00877463
03C0006F
0003A783
00F32023
0004A703
00E3A023
0003A783
00E79A63
00438393
00430313
00448493
FC741EE3
00000013
34002373
22932823
04740263
00038413
00000013
00000013
00000013
00000013
00000013
00000013
FFFC3797
1F878793
00000013
00000013
00000013
00000013
00000013
00000013
00078067
00000013
000022B7
80028293
30029073
31001073
0F000293
30A29073
31A01073
32001073
32301073
32401073
32501073
32601073
32701073
32801073
32901073
32A01073
32B01073
32C01073
32D01073
32E01073
32F01073
33001073
33101073
33201073
33301073
33401073
33501073
33601073
33701073
33801073
33901073
33A01073
33B01073
33C01073
33D01073
33E01073
33F01073
FFF00293
30629073
00300513
00000073
00000013
00000013
00000013
00000013
00000013
FFFC8317
DA830313
00000013
00000013
00000013
00000013
00000013
00000013
00032023
FEEDC0B7
EAD08093
01909793
0070D113
00F16133
01911793
00715193
00F1E1B3
01919793
0071D213
00F26233
01921793
00725293
00F2E2B3
01929793
0072D313
00F36333
01931793
00735393
00F3E3B3
01939793
0073D413
00F46433
01941793
00745493
00F4E4B3
01949793
0074D513
00F56533
01951793
00755593
00F5E5B3
01959793
0075D613
00F66633
01961793
00765693
00F6E6B3
01969793
0076D713
00F76733
FAB807B7
BB678793
7D5C0837
DDB80813
01981793
00785893
00F8E8B3
01989793
0078D913
00F96933
01991793
00795993
00F9E9B3
01999793
0079DA13
00FA6A33
019A1793
007A5A93
00FAEAB3
019A9793
007ADB13
00FB6B33
019B1793
007B5B93
00FBEBB3
019B9793
007BDC13
00FC6C33
019C1793
007C5C93
00FCECB3
019C9793
007CDD13
00FD6D33
019D1793
007D5D93
00FDEDB3
019D9793
007DDE13
00FE6E33
019E1793
007E5E93
00FEEEB3
019E9793
007EDF13
00FF6F33
019F1793
007F5F93
00FFEFB3
00000013
00000013
00000013
00000013
00000013
FFFD1117
A5010113
00000013
00000013
00000013
00000013
00000013
00000013
6F5CA337
30930313
00000013
00000013
00000013
00000013
00000013
00000013
FFFC4197
FE818193
00000013
00000013
00000013
00000013
00000013
00000013
00012203
00620863
000182E7
80040520
800104F5
00410113
00000013
00000013
FFFC8197
E3018193
00000013
00000013
00000013
00000013
00000013
00000013
FFFC0317
AA030313
00000013
00000013
00000013
00000013
00000013
00000013
00030067
00054303
02030463
100003B7
00538393
0003C403
02047413
FE040CE3
100003B7
00638023
00150513
FD9FF06F
00008067
FF010113
00112023
00812223
00000097
FC4080E7
00412403
00012083
01010113
00008067
00100093
FFFE0297
99428293
0012A023
0002A223
0000006F
0000006F
00300093
FFFE0297
97828293
0012A023
0002A223
0000006F
0000006F
00100513
020005B7
00A5A023
00008067
020005B7
0005A023
00008067
00700513
0C0005B7
02A5A423
40000513
0C0025B7
00A5A023
0C2005B7
0005A023
00200513
100005B7
00A580A3
00008067
100005B7
000580A3
0C2005B7
00458593
0005A503
00A5A023
0C0025B7
0005A023
00008067
00000013
00000013
00000013
00000013
00000013
00000013
00000013
00000013
