@0
00041097
11808093
00000013
00000013
00000013
00000013
00000013
00000013
000080E7
00000013
00000013
00000013
00000013
00000013
00000013
00000013
@40
0001A003
00418193
0001AF03
00418193
01E024B3
00012203
00920863
44C052EF
80000050
80008FD0
00410113
0001A083
00418193
0001A303
00418193
0060AB33
00012203
01620863
420052EF
8000007C
80008FFD
00410113
00010F93
0001A103
00418193
0001A803
00418193
01012D33
000FA203
01A20863
3F0052EF
800000AC
8000902A
004F8F93
00018493
0004A183
00448493
0004A603
00448493
00C1AC33
000FA203
01820863
3C0052EF
800000DC
80009057
004F8F93
00020393
00028413
0004A203
00448493
0004A983
00448493
01322E33
000FA383
01C38863
3A40546F
80000110
80009084
004F8F93
0004A283
00448493
0004AD03
00448493
01A2A0B3
000FA383
00138863
3780546F
8000013C
800090B1
004F8F93
0004A303
00448493
0004A503
00448493
00A327B3
000FA383
00F38863
34C0546F
80000168
800090DE
004F8F93
00038213
00040293
0004A383
00448493
0004AA03
00448493
0143A533
000FA203
00A20863
300052EF
8000019C
8000910B
004F8F93
0004A403
00448493
0004AC03
00448493
01842EB3
000FA203
01D20863
2D4052EF
800001C8
80009138
004F8F93
00048993
0009A483
00498993
0009A383
00498993
0074A0B3
000FA203
00120863
2A4052EF
800001F8
80009165
004F8F93
0009A503
00498993
0009A883
00498993
011523B3
000FA203
00720863
278052EF
80000224
80009193
004F8F93
0009A583
00498993
0009AC03
00498993
0185A333
000FA203
00620863
24C052EF
80000250
800091C2
004F8F93
0009A603
00498993
0009AF03
00498993
01E62333
000FA203
00620863
220052EF
8000027C
800091F1
004F8F93
0009A683
00498993
0009AB83
00498993
0176A833
000FA203
01020863
1F4052EF
800002A8
80009220
004F8F93
0009A703
00498993
0009A583
00498993
00B728B3
000FA203
01120863
1C8052EF
800002D4
8000924F
004F8F93
0009A783
00498993
0009AC83
00498993
0197AD33
000FA203
01A20863
19C052EF
80000300
8000927E
004F8F93
0009A803
00498993
0009AE83
00498993
01D82933
000FA203
01220863
170052EF
8000032C
800092AD
004F8F93
0009A883
00498993
0009AE03
00498993
01C8A7B3
000FA203
00F20863
144052EF
80000358
800092DC
004F8F93
0009A903
00498993
0009A503
00498993
00A92CB3
000FA203
01920863
118052EF
80000384
8000930B
004F8F93
00098E93
000EA983
004E8E93
000EAD03
004E8E93
01A9A3B3
000FA203
00720863
0E8052EF
800003B4
8000933A
004F8F93
000EAA03
004E8E93
000EA403
004E8E93
008A2BB3
000FA203
01720863
0BC052EF
800003E0
80009369
004F8F93
000EAA83
004E8E93
000EAC03
004E8E93
018AA533
000FA203
00A20863
090052EF
8000040C
80009398
004F8F93
000EAB03
004E8E93
000EA403
004E8E93
008B2133
000FA203
00220863
064052EF
80000438
800093C7
004F8F93
000EAB83
004E8E93
000EAD03
004E8E93
01ABAAB3
000FA203
01520863
038052EF
80000464
800093F6
004F8F93
000EAC03
004E8E93
000EA503
004E8E93
00AC24B3
000FA203
00920863
00C052EF
80000490
80009425
004F8F93
000EAC83
004E8E93
000EA603
004E8E93
00CCA5B3
000FA203
00B20863
7E1042EF
800004BC
80009454
004F8F93
000EAD03
004E8E93
000EAC03
004E8E93
018D26B3
000FA203
00D20863
7B5042EF
800004E8
80009483
004F8F93
000EAD83
004E8E93
000EAF03
004E8E93
01EDACB3
000FA203
01920863
789042EF
80000514
800094B2
004F8F93
000EAE03
004E8E93
000EA083
004E8E93
001E2B33
000FA203
01620863
75D042EF
80000540
800094E1
004F8F93
000E8E13
000E2E83
004E0E13
000E2483
004E0E13
009EADB3
000FA203
01B20863
72D042EF
80000570
80009510
004F8F93
000E2F03
004E0E13
000E2183
004E0E13
003F2B33
000FA203
01620863
701042EF
8000059C
8000953F
004F8F93
000F8513
000E2F83
004E0E13
000E2A03
004E0E13
014FAEB3
00052203
01D20863
6D1042EF
800005CC
8000956E
00450513
000E2B83
004E0E13
000E2003
004E0E13
000BA633
00052203
00C20863
6A5042EF
800005F8
8000959D
00450513
000E2C03
004E0E13
000E2083
004E0E13
001C24B3
00052203
00920863
679042EF
80000624
800095CB
00450513
000E2583
004E0E13
000E2103
004E0E13
0025A633
00052203
00C20863
64D042EF
80000650
800095F9
00450513
000E2603
004E0E13
000E2183
004E0E13
00362C33
00052203
01820863
621042EF
8000067C
80009627
00450513
00020393
00028413
000E2683
004E0E13
000E2203
004E0E13
0046A9B3
00052383
01338863
6050446F
800006B0
80009655
00450513
000E2C03
004E0E13
000E2283
004E0E13
005C2333
00052383
00638863
5D90446F
800006DC
80009683
00450513
000E2983
004E0E13
000E2303
004E0E13
0069AA33
00052383
01438863
5AD0446F
80000708
800096B1
00450513
00038213
00040293
000E2303
004E0E13
000E2383
004E0E13
00732FB3
00052203
01F20863
561042EF
8000073C
800096DF
00450513
000E2103
004E0E13
000E2403
004E0E13
00812733
00052203
00E20863
535042EF
80000768
8000970D
00450513
000E2D83
004E0E13
000E2483
004E0E13
009DA7B3
00052203
00F20863
509042EF
80000794
8000973B
00450513
00050893
000E2803
004E0E13
000E2503
004E0E13
00A824B3
0008A203
00920863
4D9042EF
800007C4
80009769
00488893
000E2F83
004E0E13
000E2583
004E0E13
00BFA533
0008A203
00A20863
4AD042EF
800007F0
80009798
00488893
000E2903
004E0E13
000E2603
004E0E13
00C92833
0008A203
01020863
481042EF
8000081C
800097C7
00488893
000E2603
004E0E13
000E2683
004E0E13
00D62833
0008A203
01020863
455042EF
80000848
800097F6
00488893
000E2A03
004E0E13
000E2703
004E0E13
00EA2BB3
0008A203
01720863
429042EF
80000874
80009825
00488893
000E2E83
004E0E13
000E2783
004E0E13
00FEA6B3
0008A203
00D20863
3FD042EF
800008A0
80009854
00488893
000E2303
004E0E13
000E2803
004E0E13
01032AB3
0008A203
01520863
3D1042EF
800008CC
80009883
00488893
00088E93
000E2983
004E0E13
000E2883
004E0E13
0119ACB3
000EA203
01920863
3A1042EF
800008FC
800098B2
004E8E93
000E2D03
004E0E13
000E2903
004E0E13
012D26B3
000EA203
00D20863
375042EF
80000928
800098E1
004E8E93
000E2D03
004E0E13
000E2983
004E0E13
013D2CB3
000EA203
01920863
349042EF
80000954
80009910
004E8E93
000E2D03
004E0E13
000E2A03
004E0E13
014D28B3
000EA203
01120863
31D042EF
80000980
8000993F
004E8E93
000E2003
004E0E13
000E2A83
004E0E13
015023B3
000EA203
00720863
2F1042EF
800009AC
8000996E
004E8E93
000E2683
004E0E13
000E2B03
004E0E13
0166A433
000EA203
00820863
2C5042EF
800009D8
8000999D
004E8E93
000E2383
004E0E13
000E2B83
004E0E13
0173A7B3
000EA203
00F20863
299042EF
80000A04
800099CC
004E8E93
000E2083
004E0E13
000E2C03
004E0E13
0180AA33
000EA203
01420863
26D042EF
80000A30
800099FB
004E8E93
000E2803
004E0E13
000E2C83
004E0E13
019824B3
000EA203
00920863
241042EF
80000A5C
80009A2A
004E8E93
000E2C03
004E0E13
000E2D03
004E0E13
01AC2833
000EA203
01020863
215042EF
80000A88
80009A59
004E8E93
000E2303
004E0E13
000E2D83
004E0E13
01B32933
000EA203
01220863
1E9042EF
80000AB4
80009A88
004E8E93
000E0613
00062583
00460613
00062E03
00460613
01C5A0B3
000EA203
00120863
1B9042EF
80000AE4
80009AB7
004E8E93
000E8513
00062703
00460613
00062E83
00460613
01D72CB3
00052203
01920863
189042EF
80000B14
80009AE6
00450513
00062B83
00460613
00062F03
00460613
01EBA333
00052203
00620863
15D042EF
80000B40
80009B15
00450513
00062383
00460613
00062F83
00460613
01F3AEB3
00052203
01D20863
131042EF
80000B6C
80009B44
00450513
00062483
00460613
00062F83
00460613
01F4A0B3
00052203
00120863
105042EF
80000B98
80009B73
00450513
00062A83
00460613
00062A03
00460613
014AA133
00052203
00220863
0D9042EF
80000BC4
80009BA4
00450513
00062A83
00460613
00062F83
00460613
01FAA1B3
00052203
00320863
0AD042EF
80000BF0
80009BD5
00450513
00020693
00028713
00062803
00460613
00062E83
00460613
01D82233
00052683
00468863
0B90476F
80000C24
80009C06
00450513
00062D83
00460613
00062303
00460613
006DA2B3
00052683
00568863
08D0476F
80000C50
80009C37
00450513
00062003
00460613
00062F03
00460613
01E02333
00052683
00668863
0610476F
80000C7C
80009C68
00450513
00062C03
00460613
00062A83
00460613
015C23B3
00052683
00768863
0350476F
80000CA8
80009C99
00450513
00062D03
00460613
00062203
00460613
004D2433
00052683
00868863
0090476F
80000CD4
80009CCA
00450513
00062D03
00460613
00062E83
00460613
01DD24B3
00052683
00968863
7DC0476F
80000D00
80009CFB
00450513
00050313
00062E83
00460613
00062103
00460613
002EA533
00032683
00A68863
7AC0476F
80000D30
80009D2C
00430313
00062403
00460613
00062283
00460613
005425B3
00032683
00B68863
7800476F
80000D5C
80009D5E
00430313
00060893
0008A283
00488893
0008A103
00488893
0022A633
00032683
00C68863
7500476F
80000D8C
80009D90
00430313
00068213
00070293
0008AE03
00488893
0008AF83
00488893
01FE26B3
00032203
00D20863
6DC042EF
80000DC0
80009DC2
00430313
0008A983
00488893
0008A683
00488893
00D9A733
00032203
00E20863
6B0042EF
80000DEC
80009DF4
00430313
0008AB03
00488893
0008A503
00488893
00AB27B3
00032203
00F20863
684042EF
80000E18
80009E26
00430313
0008A603
00488893
0008AA83
00488893
01562833
00032203
01020863
658042EF
80000E44
80009E58
00430313
00088593
0005A783
00458593
0005AE83
00458593
01D7A8B3
00032203
01120863
628042EF
80000E74
80009E8A
00430313
0005AA83
00458593
0005AC83
00458593
019AA933
00032203
01220863
5FC042EF
80000EA0
80009EBC
00430313
0005AD83
00458593
0005AB83
00458593
017DA9B3
00032203
01320863
5D0042EF
80000ECC
80009EEE
00430313
0005A183
00458593
0005A503
00458593
00A1AA33
00032203
01420863
5A4042EF
80000EF8
80009F20
00430313
0005AC83
00458593
0005AE83
00458593
01DCAAB3
00032203
01520863
578042EF
80000F24
80009F52
00430313
0005A003
00458593
0005A803
00458593
01002B33
00032203
01620863
54C042EF
80000F50
80009F84
00430313
0005AD03
00458593
0005A483
00458593
009D2BB3
00032203
01720863
520042EF
80000F7C
80009FB6
00430313
0005A883
00458593
0005AC83
00458593
0198AC33
00032203
01820863
4F4042EF
80000FA8
80009FE8
00430313
0005A483
00458593
0005A503
00458593
00A4ACB3
00032203
01920863
4C8042EF
80000FD4
8000A01A
00430313
0005A803
00458593
0005A503
00458593
00A82D33
00032203
01A20863
49C042EF
80001000
8000A04C
00430313
0005AC83
00458593
0005A903
00458593
012CADB3
00032203
01B20863
470042EF
8000102C
8000A07E
00430313
0005AB83
00458593
0005A503
00458593
00ABAE33
00032203
01C20863
444042EF
80001058
8000A0B0
00430313
0005A703
00458593
0005AE03
00458593
01C72EB3
00032203
01D20863
418042EF
80001084
8000A0E2
00430313
0005A783
00458593
0005A003
00458593
0007AF33
00032203
01E20863
3EC042EF
800010B0
8000A114
00430313
0005A083
00458593
0005A483
00458593
0090AFB3
00032203
01F20863
3C0042EF
800010DC
8000A146
00430313
0005AF83
00458593
0005AD83
00458593
01BFA4B3
00032203
00920863
394042EF
80001108
8000A178
00430313
0005A803
00458593
0005AD83
00458593
01B820B3
00032203
00120863
368042EF
80001134
8000A1AD
00430313
0005A383
00458593
0005AD83
00458593
01B3A8B3
00032203
01120863
33C042EF
80001160
8000A1E2
00430313
0005AA03
00458593
0005A683
00458593
00DA21B3
00032203
00320863
310042EF
8000118C
8000A217
00430313
0005AC83
00458593
0005A103
00458593
002CA533
00032203
00A20863
2E4042EF
800011B8
8000A253
00430313
0005A183
00458593
0005A683
00458593
00D1A133
00032203
00220863
2B8042EF
800011E4
8000A290
00430313
0005AD83
00458593
0005A183
00458593
003DA8B3
00032203
01120863
28C042EF
80001210
8000A2CD
00430313
0005A983
00458593
0005A503
00458593
00A9A8B3
00032203
01120863
260042EF
8000123C
8000A30A
00430313
0005A503
00458593
0005AF03
00458593
01E524B3
00032203
00920863
234042EF
80001268
8000A347
00430313
0005A783
00458593
0005AB83
00458593
0177AEB3
00032203
01D20863
208042EF
80001294
8000A384
00430313
0005AA83
00458593
0005A383
00458593
007AAE33
00032203
01C20863
1DC042EF
800012C0
8000A3C1
00430313
0005AC03
00458593
0005AD83
00458593
01BC24B3
00032203
00920863
1B0042EF
800012EC
8000A3FE
00430313
0005A403
00458593
0005A883
00458593
01142833
00032203
01020863
184042EF
80001318
8000A43B
00430313
0005A883
00458593
0005AD03
00458593
01A8ABB3
00032203
01720863
158042EF
80001344
8000A471
00430313
0005A683
00458593
0005A483
00458593
0096A533
00032203
00A20863
12C042EF
80001370
8000A4A7
00430313
0005AA83
00458593
0005A483
00458593
009AAA33
00032203
01420863
100042EF
8000139C
8000A4DD
00430313
0005AF83
00458593
0005AA03
00458593
014FAD33
00032203
01A20863
0D4042EF
800013C8
8000A51A
00430313
0005AD03
00458593
0005AB83
00458593
017D2E33
00032203
01C20863
0A8042EF
800013F4
8000A557
00430313
0005AF83
00458593
0005A803
00458593
010FADB3
00032203
01B20863
07C042EF
80001420
8000A594
00430313
0005AA03
00458593
0005AC83
00458593
019A2EB3
00032203
01D20863
050042EF
8000144C
8000A5D1
00430313
0005AC83
00458593
0005AB03
00458593
016CA8B3
00032203
01120863
024042EF
80001478
8000A60E
00430313
0005A503
00458593
0005A783
00458593
00F521B3
00032203
00320863
7F9032EF
800014A4
8000A64B
00430313
0005A083
00458593
0005A503
00458593
00A0A3B3
00032203
00720863
7CD032EF
800014D0
8000A688
00430313
0005AF83
00458593
0005A983
00458593
013FA7B3
00032203
00F20863
7A1032EF
800014FC
8000A6C5
00430313
0005AE03
00458593
0005A483
00458593
009E2CB3
00032203
01920863
775032EF
80001528
8000A702
00430313
0005A083
00458593
0005AD83
00458593
01B0AF33
00032203
01E20863
749032EF
80001554
8000A74F
00430313
0005A903
00458593
0005A483
00458593
00992433
00032203
00820863
71D032EF
80001580
8000A79C
00430313
0005A703
00458593
0005A183
00458593
00372B33
00032203
01620863
6F1032EF
800015AC
8000A7E9
00430313
0005AD83
00458593
0005A483
00458593
009DA633
00032203
00C20863
6C5032EF
800015D8
8000A83D
00430313
0005A083
00458593
0005AF03
00458593
01E0AAB3
00032203
01520863
699032EF
80001604
8000A891
00430313
0005A603
00458593
0005AE03
00458593
01C62B33
00032203
01620863
66D032EF
80001630
8000A8E5
00430313
0005A603
00458593
0005AF03
00458593
01E62EB3
00032203
01D20863
641032EF
8000165C
8000A939
00430313
0005A103
00458593
0005AD03
00458593
01A12BB3
00032203
01720863
615032EF
80001688
8000A98D
00430313
0005A683
00458593
0005A503
00458593
00A6AAB3
00032203
01520863
5E9032EF
800016B4
8000A9E1
00430313
0005AC03
00458593
0005AF03
00458593
01EC26B3
00032203
00D20863
5BD032EF
800016E0
8000AA35
00430313
0005A783
00458593
0005A483
00458593
0097AD33
00032203
01A20863
591032EF
8000170C
8000AA89
00430313
0005AD83
00458593
0005A403
00458593
008DA7B3
00032203
00F20863
565032EF
80001738
8000AADD
00430313
0005A603
00458593
0005A783
00458593
00F62DB3
00032203
01B20863
539032EF
80001764
8000AB2A
00430313
0005A103
00458593
0005AB03
00458593
01612C33
00032203
01820863
50D032EF
80001790
8000AB77
00430313
0005A103
00458593
0005A603
00458593
00C12F33
00032203
01E20863
4E1032EF
800017BC
8000ABC4
00430313
0005A903
00458593
0005A483
00458593
00992433
00032203
00820863
4B5032EF
800017E8
8000AC18
00430313
0005A503
00458593
0005AA83
00458593
01552B33
00032203
01620863
489032EF
80001814
8000AC6C
00430313
0005A083
00458593
0005AD83
00458593
01B0A3B3
00032203
00720863
45D032EF
80001840
8000ACC0
00430313
0005A903
00458593
0005A803
00458593
01092AB3
00032203
01520863
431032EF
8000186C
8000AD14
00430313
0005A103
00458593
0005AF03
00458593
01E12E33
00032203
01C20863
405032EF
80001898
8000AD68
00430313
0005A783
00458593
0005AC83
00458593
0197AEB3
00032203
01D20863
3D9032EF
800018C4
8000ADBC
00430313
0005A103
00458593
0005A803
00458593
01012B33
00032203
01620863
3AD032EF
800018F0
8000AE10
00430313
0005AA83
00458593
0005A383
00458593
007AAD33
00032203
01A20863
381032EF
8000191C
8000AE64
00430313
0005A683
00458593
0005AC03
00458593
0186A7B3
00032203
00F20863
355032EF
80001948
8000AEB8
00430313
0005A983
00458593
0005AE03
00458593
01C9A3B3
00032203
00720863
329032EF
80001974
8000AF05
00430313
0005A083
00458593
0005AB03
00458593
0160AAB3
00032203
01520863
2FD032EF
800019A0
8000AF52
00430313
0005A083
00458593
0005A103
00458593
0020A633
00032203
00C20863
2D1032EF
800019CC
8000AF9F
00430313
0005AD03
00458593
0005AC83
00458593
019D2E33
00032203
01C20863
2A5032EF
800019F8
8000AFF3
00430313
0005A783
00458593
0005A183
00458593
0037ADB3
00032203
01B20863
279032EF
80001A24
8000B047
00430313
0005AE83
00458593
0005AF83
00458593
01FEA9B3
00032203
01320863
24D032EF
80001A50
8000B09B
00430313
0005AA03
00458593
0005A083
00458593
001A2433
00032203
00820863
221032EF
80001A7C
8000B0EF
00430313
0005AF03
00458593
0005AB03
00458593
016F2E33
00032203
01C20863
1F5032EF
80001AA8
8000B143
00430313
0005AA83
00458593
0005A103
00458593
002AAA33
00032203
01420863
1C9032EF
80001AD4
8000B197
00430313
0005A803
00458593
0005AC83
00458593
01982DB3
00032203
01B20863
19D032EF
80001B00
8000B1EB
00430313
0005AD83
00458593
0005AD03
00458593
01ADABB3
00032203
01720863
171032EF
80001B2C
8000B23F
00430313
0005A703
00458593
0005A183
00458593
00372B33
00032203
01620863
145032EF
80001B58
8000B293
00430313
0005A383
00458593
0005A883
00458593
0113AD33
00032203
01A20863
119032EF
80001B84
8000B2E7
00430313
0005AA83
00458593
0005AD83
00458593
01BAA0B3
00032203
00120863
0ED032EF
80001BB0
8000B33B
00430313
0005A103
00458593
0005AE03
00458593
01C12C33
00032203
01820863
0C1032EF
80001BDC
8000B38F
00430313
0005A403
00458593
0005A083
00458593
00142EB3
00032203
01D20863
095032EF
80001C08
8000B3EA
00430313
0005A103
00458593
0005AC83
00458593
01912633
00032203
00C20863
069032EF
80001C34
8000B445
00430313
0005A503
00458593
0005AD83
00458593
01B529B3
00032203
01320863
03D032EF
80001C60
8000B4A0
00430313
0005A503
00458593
0005AD83
00458593
01B52933
00032203
01220863
011032EF
80001C8C
8000B4FB
00430313
0005A503
00458593
0005AD03
00458593
01A52F33
00032203
01E20863
7E4032EF
80001CB8
8000B556
00430313
0005A603
00458593
0005AE83
00458593
01D621B3
00032203
00320863
7B8032EF
80001CE4
8000B5B1
00430313
0005AE03
00458593
0005A183
00458593
003E2CB3
00032203
01920863
78C032EF
80001D10
8000B60C
00430313
0005AB03
00458593
0005A483
00458593
009B2AB3
00032203
01520863
760032EF
80001D3C
8000B667
00430313
0005AD83
00458593
0005A903
00458593
012DA733
00032203
00E20863
734032EF
80001D68
8000B6C2
00430313
0005A603
00458593
0005A103
00458593
002629B3
00032203
01320863
708032EF
80001D94
8000B716
00430313
0005A183
00458593
0005A683
00458593
00D1A4B3
00032203
00920863
6DC032EF
80001DC0
8000B76A
00430313
0005A683
00458593
0005AF83
00458593
01F6A433
00032203
00820863
6B0032EF
80001DEC
8000B7BE
00430313
0005AC03
00458593
0005A403
00458593
008C2DB3
00032203
01B20863
684032EF
80001E18
8000B819
00430313
0005AB83
00458593
0005A803
00458593
010BA1B3
00032203
00320863
658032EF
80001E44
8000B874
00430313
0005A903
00458593
0005A083
00458593
001921B3
00032203
00320863
62C032EF
80001E70
8000B8CF
00430313
0005A503
00458593
0005A083
00458593
001526B3
00032203
00D20863
600032EF
80001E9C
8000B92A
00430313
0005AD83
00458593
0005AB83
00458593
017DA133
00032203
00220863
5D4032EF
80001EC8
8000B985
00430313
0005A483
00458593
0005AA03
00458593
0144A833
00032203
01020863
5A8032EF
80001EF4
8000B9E0
00430313
0005A983
00458593
0005AC03
00458593
0189AD33
00032203
01A20863
57C032EF
80001F20
8000BA3B
00430313
0005A903
00458593
0005A103
00458593
00292F33
00032203
01E20863
550032EF
80001F4C
8000BA96
00430313
0005A083
00458593
0005A983
00458593
0130AFB3
00032203
01F20863
524032EF
80001F78
8000BAF1
00430313
0005AE03
00458593
0005A503
00458593
00AE24B3
00032203
00920863
4F8032EF
80001FA4
8000BB45
00430313
0005A983
00458593
0005AA83
00458593
0159A633
00032203
00C20863
4CC032EF
80001FD0
8000BB99
00430313
0005A703
00458593
0005AF83
00458593
01F727B3
00032203
00F20863
4A0032EF
80001FFC
8000BBED
00430313
0005AA03
00458593
0005AC83
00458593
019A27B3
00032203
00F20863
474032EF
80002028
8000BC48
00430313
0005AC03
00458593
0005A683
00458593
00DC2833
00032203
01020863
448032EF
80002054
8000BCA3
00430313
0005AC83
00458593
0005A403
00458593
008CA533
00032203
00A20863
41C032EF
80002080
8000BCFE
00430313
0005AC83
00458593
0005A383
00458593
007CABB3
00032203
01720863
3F0032EF
800020AC
8000BD59
00430313
0005AA03
00458593
0005AC83
00458593
019A2EB3
00032203
01D20863
3C4032EF
800020D8
8000BDB4
00430313
0005AD83
00458593
0005A403
00458593
008DACB3
00032203
01920863
398032EF
80002104
8000BE0F
00430313
0005AD83
00458593
0005A103
00458593
002DA0B3
00032203
00120863
36C032EF
80002130
8000BE6A
00430313
0005A803
00458593
0005A483
00458593
00982433
00032203
00820863
340032EF
8000215C
8000BEC5
00430313
0005AA83
00458593
0005A603
00458593
00CAA6B3
00032203
00D20863
314032EF
80002188
8000BF20
00430313
0005A383
00458593
0005AC83
00458593
0193A1B3
00032203
00320863
2E8032EF
800021B4
8000BF74
00430313
0005AB03
00458593
0005AA03
00458593
014B27B3
00032203
00F20863
2BC032EF
800021E0
8000BFC8
00430313
0005AE03
00458593
0005AC03
00458593
018E28B3
00032203
01120863
290032EF
8000220C
8000C01C
00430313
0005A403
00458593
0005A183
00458593
00342633
00032203
00C20863
264032EF
80002238
8000C077
00430313
0005AE83
00458593
0005A083
00458593
001EABB3
00032203
01720863
238032EF
80002264
8000C0D2
00430313
0005A783
00458593
0005AF03
00458593
01E7A0B3
00032203
00120863
20C032EF
80002290
8000C12D
00430313
0005A683
00458593
0005AA03
00458593
0146ACB3
00032203
01920863
1E0032EF
800022BC
8000C188
00430313
0005AF03
00458593
0005A183
00458593
003F2A33
00032203
01420863
1B4032EF
800022E8
8000C1E3
00430313
0005A503
00458593
0005A703
00458593
00E52A33
00032203
01420863
188032EF
80002314
8000C23E
00430313
0005A783
00458593
0005A503
00458593
00A7A3B3
00032203
00720863
15C032EF
80002340
8000C299
00430313
0005A083
00458593
0005AC03
00458593
0180AF33
00032203
01E20863
130032EF
8000236C
8000C2F4
00430313
0005AB83
00458593
0005A403
00458593
008BAEB3
00032203
01D20863
104032EF
80002398
8000C34F
00430313
0005A983
00458593
0005AD03
00458593
01A9AEB3
00032203
01D20863
0D8032EF
800023C4
8000C3A3
00430313
0005A803
00458593
0005AA03
00458593
01482DB3
00032203
01B20863
0AC032EF
800023F0
8000C3F7
00430313
0005AF03
00458593
0005AE03
00458593
01CF2633
00032203
00C20863
080032EF
8000241C
8000C44B
00430313
0005A103
00458593
0005AD83
00458593
01B12633
00032203
00C20863
054032EF
80002448
8000C4A6
00430313
0005A383
00458593
0005AB03
00458593
0163AAB3
00032203
01520863
028032EF
80002474
8000C501
00430313
0005AB83
00458593
0005AF03
00458593
01EBA133
00032203
00220863
7FD022EF
800024A0
8000C55C
00430313
0005AA83
00458593
0005AD83
00458593
01BAAC33
00032203
01820863
7D1022EF
800024CC
8000C5B7
00430313
0005A603
00458593
0005AE83
00458593
01D62FB3
00032203
01F20863
7A5022EF
800024F8
8000C612
00430313
0005AD83
00458593
0005AE03
00458593
01CDA7B3
00032203
00F20863
779022EF
80002524
8000C66D
00430313
0005A083
00458593
0005AC03
00458593
0180AA33
00032203
01420863
74D022EF
80002550
8000C6C8
00430313
0005AF83
00458593
0005AB03
00458593
016FAF33
00032203
01E20863
721022EF
8000257C
8000C723
00430313
0005A783
00458593
0005AC03
00458593
0187AD33
00032203
01A20863
6F5022EF
800025A8
8000C77E
00430313
0005A083
00458593
0005A803
00458593
0100A3B3
00032203
00720863
6C9022EF
800025D4
8000C7D2
00430313
0005A903
00458593
0005A083
00458593
00192133
00032203
00220863
69D022EF
80002600
8000C826
00430313
0005AA83
00458593
0005AE03
00458593
01CAACB3
00032203
01920863
671022EF
8000262C
8000C87A
00430313
0005AB83
00458593
0005A983
00458593
013BA933
00032203
01220863
645022EF
80002658
8000C8D5
00430313
0005A083
00458593
0005AB83
00458593
0170AEB3
00032203
01D20863
619022EF
80002684
8000C930
00430313
0005A503
00458593
0005AB83
00458593
01752433
00032203
00820863
5ED022EF
800026B0
8000C98B
00430313
0005AB83
00458593
0005AC83
00458593
019BADB3
00032203
01B20863
5C1022EF
800026DC
8000C9E6
00430313
0005A803
00458593
0005AD83
00458593
01B82B33
00032203
01620863
595022EF
80002708
8000CA41
00430313
0005A983
00458593
0005A383
00458593
0079A133
00032203
00220863
569022EF
80002734
8000CA9C
00430313
0005A803
00458593
0005A983
00458593
013828B3
00032203
01120863
53D022EF
80002760
8000CAF7
00430313
0005A903
00458593
0005AA83
00458593
01592B33
00032203
01620863
511022EF
8000278C
8000CB52
00430313
0005AC83
00458593
0005AB83
00458593
017CA7B3
00032203
00F20863
4E5022EF
800027B8
8000CBAD
00430313
0005AD03
00458593
0005A983
00458593
013D2133
00032203
00220863
4B9022EF
800027E4
8000CC01
00430313
0005AD83
00458593
0005A503
00458593
00ADA0B3
00032203
00120863
48D022EF
80002810
8000CC55
00430313
0005A903
00458593
0005A083
00458593
001926B3
00032203
00D20863
461022EF
8000283C
8000CCA9
00430313
0005A603
00458593
0005A903
00458593
012623B3
00032203
00720863
435022EF
80002868
8000CD04
00430313
0005A903
00458593
0005A803
00458593
010927B3
00032203
00F20863
409022EF
80002894
8000CD5F
00430313
0005AD83
00458593
0005AE83
00458593
01DDA833
00032203
01020863
3DD022EF
800028C0
8000CDBA
00430313
0005A883
00458593
0005AE03
00458593
01C8AEB3
00032203
01D20863
3B1022EF
800028EC
8000CE15
00430313
0005A603
00458593
0005AE83
00458593
01D626B3
00032203
00D20863
385022EF
80002918
8000CE70
00430313
0005A683
00458593
0005A883
00458593
0116A7B3
00032203
00F20863
359022EF
80002944
8000CECB
00430313
0005A403
00458593
0005A683
00458593
00D42833
00032203
01020863
32D022EF
80002970
8000CF26
00430313
0005A383
00458593
0005A603
00458593
00C3ADB3
00032203
01B20863
301022EF
8000299C
8000CF81
00430313
0005A083
00458593
0005AE83
00458593
01D0A633
00032203
00C20863
2D5022EF
800029C8
8000CFDC
00430313
0005AF03
00458593
0005AD83
00458593
01BF2B33
00032203
01620863
2A9022EF
800029F4
8000D030
00430313
0005AF03
00458593
0005A183
00458593
003F2733
00032203
00E20863
27D022EF
80002A20
8000D084
00430313
0005A803
00458593
0005A503
00458593
00A82FB3
00032203
01F20863
251022EF
80002A4C
8000D0D8
00430313
0005AD03
00458593
0005AD83
00458593
01BD2F33
00032203
01E20863
225022EF
80002A78
8000D133
00430313
0005A383
00458593
0005A883
00458593
0113AD33
00032203
01A20863
1F9022EF
80002AA4
8000D18E
00430313
0005AC03
00458593
0005AA03
00458593
014C29B3
00032203
01320863
1CD022EF
80002AD0
8000D1E9
00430313
0005A683
00458593
0005AE03
00458593
01C6A133
00032203
00220863
1A1022EF
80002AFC
8000D244
00430313
0005AB03
00458593
0005A383
00458593
007B2533
00032203
00A20863
175022EF
80002B28
8000D29F
00430313
0005AC83
00458593
0005A683
00458593
00DCA0B3
00032203
00120863
149022EF
80002B54
8000D2FA
00430313
0005A903
00458593
0005AD03
00458593
01A921B3
00032203
00320863
11D022EF
80002B80
8000D355
00430313
0005AD83
00458593
0005A703
00458593
00EDA833
00032203
01020863
0F1022EF
80002BAC
8000D3B0
00430313
0005AF03
00458593
0005A703
00458593
00EF2AB3
00032203
01520863
0C5022EF
80002BD8
8000D40B
00430313
0005A903
00458593
0005AE83
00458593
01D929B3
00032203
01320863
099022EF
80002C04
8000D45F
00430313
0005A903
00458593
0005A783
00458593
00F92F33
00032203
01E20863
06D022EF
80002C30
8000D4B3
00430313
0005AC03
00458593
0005A383
00458593
007C28B3
00032203
01120863
041022EF
80002C5C
8000D507
00430313
0005A803
00458593
0005A883
00458593
01182CB3
00032203
01920863
015022EF
80002C88
8000D562
00430313
0005A803
00458593
0005AD03
00458593
01A82FB3
00032203
01F20863
7E8022EF
80002CB4
8000D5BD
00430313
0005A883
00458593
0005A903
00458593
0128A733
00032203
00E20863
7BC022EF
80002CE0
8000D618
00430313
0005AB03
00458593
0005AC03
00458593
018B2CB3
00032203
01920863
790022EF
80002D0C
8000D673
00430313
0005AF83
00458593
0005A503
00458593
00AFAA33
00032203
01420863
764022EF
80002D38
8000D6CE
00430313
0005A603
00458593
0005A703
00458593
00E620B3
00032203
00120863
738022EF
80002D64
8000D729
00430313
0005AB03
00458593
0005A083
00458593
001B2A33
00032203
01420863
70C022EF
80002D90
8000D784
00430313
0005A883
00458593
0005A783
00458593
00F8AAB3
00032203
01520863
6E0022EF
80002DBC
8000D7DF
00430313
0005A003
00458593
0005A003
00458593
00002633
00032203
00C20863
6B4022EF
80002DE8
8000D83A
00430313
0005A083
00458593
0005A083
00458593
0010A8B3
00032203
01120863
688022EF
80002E14
8000D86E
00430313
0005A103
00458593
0005A103
00458593
00212B33
00032203
01620863
65C022EF
80002E40
8000D8A2
00430313
0005A183
00458593
0005A183
00458593
0031A433
00032203
00820863
630022EF
80002E6C
8000D8D6
00430313
00020693
00028713
0005A203
00458593
0005A203
00458593
004223B3
00032683
00768863
63C0276F
80002EA0
8000D90A
00430313
0005A283
00458593
0005A283
00458593
0052A833
00032683
01068863
6100276F
80002ECC
8000D93E
00430313
00030613
0005A303
00458593
0005A303
00458593
00632FB3
00062683
01F68863
5E00276F
80002EFC
8000D972
00460613
0005A383
00458593
0005A383
00458593
0073AA33
00062683
01468863
5B40276F
80002F28
8000D9A6
00460613
0005A403
00458593
0005A403
00458593
008428B3
00062683
01168863
5880276F
80002F54
8000D9DA
00460613
0005A483
00458593
0005A483
00458593
0094AA33
00062683
01468863
55C0276F
80002F80
8000DA0E
00460613
0005A503
00458593
0005A503
00458593
00A523B3
00062683
00768863
5300276F
80002FAC
8000DA42
00460613
00058A93
000AA583
004A8A93
000AA583
004A8A93
00B5A4B3
00062683
00968863
5000276F
80002FDC
8000DA77
00460613
00060093
000AA603
004A8A93
000AA603
004A8A93
00C62EB3
0000A683
01D68863
4D00276F
8000300C
8000DAAC
00408093
00068213
00070293
000AA683
004A8A93
000AA683
004A8A93
00D6A3B3
0000A203
00720863
45C022EF
80003040
8000DAE1
00408093
000AA703
004A8A93
000AA703
004A8A93
00E72133
0000A203
00220863
430022EF
8000306C
8000DB16
00408093
000AA783
004A8A93
000AA783
004A8A93
00F7AF33
0000A203
01E20863
404022EF
80003098
8000DB4B
00408093
000AA803
004A8A93
000AA803
004A8A93
01082633
0000A203
00C20863
3D8022EF
800030C4
8000DB80
00408093
000AA883
004A8A93
000AA883
004A8A93
0118A533
0000A203
00A20863
3AC022EF
800030F0
8000DBB5
00408093
000AA903
004A8A93
000AA903
004A8A93
01292633
0000A203
00C20863
380022EF
8000311C
8000DBEA
00408093
000AA983
004A8A93
000AA983
004A8A93
0139A6B3
0000A203
00D20863
354022EF
80003148
8000DC1F
00408093
000AAA03
004A8A93
000AAA03
004A8A93
014A2533
0000A203
00A20863
328022EF
80003174
8000DC54
00408093
000A8913
00092A83
00490913
00092A83
00490913
015AA9B3
0000A203
01320863
2F8022EF
800031A4
8000DC89
00408093
00092B03
00490913
00092B03
00490913
016B2633
0000A203
00C20863
2CC022EF
800031D0
8000DCBE
00408093
00092B83
00490913
00092B83
00490913
017BA4B3
0000A203
00920863
2A0022EF
800031FC
8000DCF3
00408093
00092C03
00490913
00092C03
00490913
018C2D33
0000A203
01A20863
274022EF
80003228
8000DD28
00408093
00092C83
00490913
00092C83
00490913
019CA4B3
0000A203
00920863
248022EF
80003254
8000DD5D
00408093
00092D03
00490913
00092D03
00490913
01AD2833
0000A203
01020863
21C022EF
80003280
8000DD92
00408093
00092D83
00490913
00092D83
00490913
01BDAD33
0000A203
01A20863
1F0022EF
800032AC
8000DDC7
00408093
00092E03
00490913
00092E03
00490913
01CE2EB3
0000A203
01D20863
1C4022EF
800032D8
8000DDFC
00408093
00092E83
00490913
00092E83
00490913
01DEA833
0000A203
01020863
198022EF
80003304
8000DE31
00408093
00092F03
00490913
00092F03
00490913
01EF2DB3
0000A203
01B20863
16C022EF
80003330
8000DE66
00408093
00092F83
00490913
00092F83
00490913
01FFA9B3
0000A203
01320863
140022EF
8000335C
8000DE9B
00408093
00008F93
00092083
00490913
00092883
00490913
0110A0B3
000FA203
00120863
110022EF
8000338C
8000DED0
004F8F93
00092103
00490913
00092083
00490913
00112133
000FA203
00220863
0E4022EF
800033B8
8000DF07
004F8F93
00092183
00490913
00092E03
00490913
01C1A1B3
000FA203
00320863
0B8022EF
800033E4
8000DF3E
004F8F93
00020393
00028413
00092203
00490913
00092303
00490913
00622233
000FA383
00438863
09C0246F
80003418
8000DF75
004F8F93
00092283
00490913
00092B83
00490913
0172A2B3
000FA383
00538863
0700246F
80003444
8000DFAC
004F8F93
00092303
00490913
00092103
00490913
00232333
000FA383
00638863
0440246F
80003470
8000DFE3
004F8F93
00038213
00040293
00092383
00490913
00092D03
00490913
01A3A3B3
000FA203
00720863
7F9012EF
800034A4
8000E01A
004F8F93
00092403
00490913
00092603
00490913
00C42433
000FA203
00820863
7CD012EF
800034D0
8000E051
004F8F93
00092483
00490913
00092603
00490913
00C4A4B3
000FA203
00920863
7A1012EF
800034FC
8000E088
004F8F93
00092503
00490913
00092603
00490913
00C52533
000FA203
00A20863
775012EF
80003528
8000E0BF
004F8F93
00092583
00490913
00092483
00490913
0095A5B3
000FA203
00B20863
749012EF
80003554
8000E0F7
004F8F93
00092603
00490913
00092183
00490913
00362633
000FA203
00C20863
71D012EF
80003580
8000E12F
004F8F93
00092683
00490913
00092E83
00490913
01D6A6B3
000FA203
00D20863
6F1012EF
800035AC
8000E167
004F8F93
00092703
00490913
00092E83
00490913
01D72733
000FA203
00E20863
6C5012EF
800035D8
8000E19F
004F8F93
00092783
00490913
00092303
00490913
0067A7B3
000FA203
00F20863
699012EF
80003604
8000E1D7
004F8F93
00092803
00490913
00092303
00490913
00682833
000FA203
01020863
66D012EF
80003630
8000E20F
004F8F93
00092883
00490913
00092483
00490913
0098A8B3
000FA203
01120863
641012EF
8000365C
8000E247
004F8F93
00090193
0001A903
00418193
0001A683
00418193
00D92933
000FA203
01220863
611012EF
8000368C
8000E27F
004F8F93
0001A983
00418193
0001A603
00418193
00C9A9B3
000FA203
01320863
5E5012EF
800036B8
8000E2B7
004F8F93
0001AA03
00418193
0001A883
00418193
011A2A33
000FA203
01420863
5B9012EF
800036E4
8000E2EF
004F8F93
0001AA83
00418193
0001AB03
00418193
016AAAB3
000FA203
01520863
58D012EF
80003710
8000E327
004F8F93
0001AB03
00418193
0001A803
00418193
010B2B33
000FA203
01620863
561012EF
8000373C
8000E35F
004F8F93
0001AB83
00418193
0001A383
00418193
007BABB3
000FA203
01720863
535012EF
80003768
8000E397
004F8F93
0001AC03
00418193
0001AB83
00418193
017C2C33
000FA203
01820863
509012EF
80003794
8000E3CF
004F8F93
0001AC83
00418193
0001AE83
00418193
01DCACB3
000FA203
01920863
4DD012EF
800037C0
8000E407
004F8F93
0001AD03
00418193
0001AE83
00418193
01DD2D33
000FA203
01A20863
4B1012EF
800037EC
8000E43F
004F8F93
0001AD83
00418193
0001AC83
00418193
019DADB3
000FA203
01B20863
485012EF
80003818
8000E477
004F8F93
0001AE03
00418193
0001A703
00418193
00EE2E33
000FA203
01C20863
459012EF
80003844
8000E4AF
004F8F93
0001AE83
00418193
0001AB03
00418193
016EAEB3
000FA203
01D20863
42D012EF
80003870
8000E4E7
004F8F93
0001AF03
00418193
0001AD83
00418193
01BF2F33
000FA203
01E20863
401012EF
8000389C
8000E51F
004F8F93
000F8813
0001AF83
00418193
0001AB03
00418193
016FAFB3
00082203
01F20863
3D1012EF
800038CC
8000E557
00480813
0001AF03
00418193
0001A083
00418193
001F20B3
00082203
00120863
3A5012EF
800038F8
8000E58F
00480813
0001AE03
00418193
0001A103
00418193
002E2133
00082203
00220863
379012EF
80003924
8000E5C6
00480813
00018A13
000A2903
004A0A13
000A2183
004A0A13
003921B3
00082203
00320863
349012EF
80003954
8000E5FD
00480813
00020393
00028413
000A2F03
004A0A13
000A2203
004A0A13
004F2233
00082383
00438863
32D0146F
80003988
8000E634
00480813
000A2C03
004A0A13
000A2283
004A0A13
005C22B3
00082383
00538863
3010146F
800039B4
8000E66B
00480813
000A2683
004A0A13
000A2303
004A0A13
0066A333
00082383
00638863
2D50146F
800039E0
8000E6A2
00480813
00038693
00040713
000A2103
004A0A13
000A2383
004A0A13
007123B3
00082683
00768863
2C90176F
80003A14
8000E6D9
00480813
000A2203
004A0A13
000A2403
004A0A13
00822433
00082683
00868863
29D0176F
80003A40
8000E710
00480813
000A2F03
004A0A13
000A2483
004A0A13
009F24B3
00082683
00968863
2710176F
80003A6C
8000E747
00480813
000A2F03
004A0A13
000A2503
004A0A13
00AF2533
00082683
00A68863
2450176F
80003A98
8000E77E
00480813
000A2503
004A0A13
000A2583
004A0A13
00B525B3
00082683
00B68863
2190176F
80003AC4
8000E7B6
00480813
000A2D03
004A0A13
000A2603
004A0A13
00CD2633
00082683
00C68863
1ED0176F
80003AF0
8000E7EE
00480813
00068393
00070413
000A2283
004A0A13
000A2683
004A0A13
00D2A6B3
00082383
00D38863
1910146F
80003B24
8000E826
00480813
000A2C83
004A0A13
000A2703
004A0A13
00ECA733
00082383
00E38863
1650146F
80003B50
8000E85E
00480813
000A2883
004A0A13
000A2783
004A0A13
00F8A7B3
00082383
00F38863
1390146F
80003B7C
8000E896
00480813
00080E13
000A2B83
004A0A13
000A2803
004A0A13
010BA833
000E2383
01038863
1090146F
80003BAC
8000E8CE
004E0E13
000A2183
004A0A13
000A2883
004A0A13
0111A8B3
000E2383
01138863
0DD0146F
80003BD8
8000E906
004E0E13
000A2603
004A0A13
000A2903
004A0A13
01262933
000E2383
01238863
0B10146F
80003C04
8000E93E
004E0E13
000A2D83
004A0A13
000A2983
004A0A13
013DA9B3
000E2383
01338863
0850146F
80003C30
8000E976
004E0E13
000A0093
0000AC03
00408093
0000AA03
00408093
014C2A33
000E2383
01438863
0550146F
80003C60
8000E9AE
004E0E13
0000A303
00408093
0000AA83
00408093
01532AB3
000E2383
01538863
0290146F
80003C8C
8000E9E6
004E0E13
0000A283
00408093
0000AB03
00408093
0162AB33
000E2383
01638863
7FC0146F
80003CB8
8000EA1E
004E0E13
0000A903
00408093
0000AB83
00408093
01792BB3
000E2383
01738863
7D00146F
80003CE4
8000EA56
004E0E13
0000AD83
00408093
0000AC03
00408093
018DAC33
000E2383
01838863
7A40146F
80003D10
8000EA8E
004E0E13
0000A803
00408093
0000AC83
00408093
01982CB3
000E2383
01938863
7780146F
80003D3C
8000EAC6
004E0E13
0000A503
00408093
0000AD03
00408093
01A52D33
000E2383
01A38863
74C0146F
80003D68
8000EAFE
004E0E13
0000A683
00408093
0000AD83
00408093
01B6ADB3
000E2383
01B38863
7200146F
80003D94
8000EB36
004E0E13
000E0B13
0000AF03
00408093
0000AE03
00408093
01CF2E33
000B2383
01C38863
6F00146F
80003DC4
8000EB6E
004B0B13
0000A183
00408093
0000AE83
00408093
01D1AEB3
000B2383
01D38863
6C40146F
80003DF0
8000EBA6
004B0B13
0000A783
00408093
0000AF03
00408093
01E7AF33
000B2383
01E38863
6980146F
80003E1C
8000EBDE
004B0B13
0000A683
00408093
0000AF83
00408093
01F6AFB3
000B2383
01F38863
66C0146F
80003E48
8000EC16
004B0B13
00008313
00032083
00430313
00032083
00430313
0010A0B3
000B2383
00138863
63C0146F
80003E78
8000EC4E
004B0B13
00032103
00430313
00032103
00430313
00212133
000B2383
00238863
6100146F
80003EA4
8000EC89
004B0B13
00032183
00430313
00032183
00430313
0031A1B3
000B2383
00338863
5E40146F
80003ED0
8000ECC4
004B0B13
00032203
00430313
00032203
00430313
00422233
000B2383
00438863
5B80146F
80003EFC
8000ECFF
004B0B13
00032283
00430313
00032283
00430313
0052A2B3
000B2383
00538863
58C0146F
80003F28
8000ED3A
004B0B13
00030D93
000DA303
004D8D93
000DA303
004D8D93
00632333
000B2383
00638863
55C0146F
80003F58
8000ED75
004B0B13
00038213
00040293
000DA383
004D8D93
000DA383
004D8D93
0073A3B3
000B2203
00720863
510012EF
80003F8C
8000EDB0
004B0B13
000DA403
004D8D93
000DA403
004D8D93
00842433
000B2203
00820863
4E4012EF
80003FB8
8000EDEB
004B0B13
000DA483
004D8D93
000DA483
004D8D93
0094A4B3
000B2203
00920863
4B8012EF
80003FE4
8000EE26
004B0B13
000DA503
004D8D93
000DA503
004D8D93
00A52533
000B2203
00A20863
48C012EF
80004010
8000EE61
004B0B13
000DA583
004D8D93
000DA583
004D8D93
00B5A5B3
000B2203
00B20863
460012EF
8000403C
8000EE9D
004B0B13
000DA603
004D8D93
000DA603
004D8D93
00C62633
000B2203
00C20863
434012EF
80004068
8000EED9
004B0B13
000DA683
004D8D93
000DA683
004D8D93
00D6A6B3
000B2203
00D20863
408012EF
80004094
8000EF15
004B0B13
000DA703
004D8D93
000DA703
004D8D93
00E72733
000B2203
00E20863
3DC012EF
800040C0
8000EF51
004B0B13
000DA783
004D8D93
000DA783
004D8D93
00F7A7B3
000B2203
00F20863
3B0012EF
800040EC
8000EF8D
004B0B13
000DA803
004D8D93
000DA803
004D8D93
01082833
000B2203
01020863
384012EF
80004118
8000EFC9
004B0B13
000DA883
004D8D93
000DA883
004D8D93
0118A8B3
000B2203
01120863
358012EF
80004144
8000F005
004B0B13
000DA903
004D8D93
000DA903
004D8D93
01292933
000B2203
01220863
32C012EF
80004170
8000F041
004B0B13
000DA983
004D8D93
000DA983
004D8D93
0139A9B3
000B2203
01320863
300012EF
8000419C
8000F07D
004B0B13
000DAA03
004D8D93
000DAA03
004D8D93
014A2A33
000B2203
01420863
2D4012EF
800041C8
8000F0B9
004B0B13
000DAA83
004D8D93
000DAA83
004D8D93
015AAAB3
000B2203
01520863
2A8012EF
800041F4
8000F0F5
004B0B13
000B0593
000DAB03
004D8D93
000DAB03
004D8D93
016B2B33
0005A203
01620863
278012EF
80004224
8000F131
00458593
000DAB83
004D8D93
000DAB83
004D8D93
017BABB3
0005A203
01720863
24C012EF
80004250
8000F16D
00458593
000DAC03
004D8D93
000DAC03
004D8D93
018C2C33
0005A203
01820863
220012EF
8000427C
8000F1A9
00458593
000DAC83
004D8D93
000DAC83
004D8D93
019CACB3
0005A203
01920863
1F4012EF
800042A8
8000F1E5
00458593
000DAD03
004D8D93
000DAD03
004D8D93
01AD2D33
0005A203
01A20863
1C8012EF
800042D4
8000F221
00458593
000D8F93
000FAD83
004F8F93
000FAD83
004F8F93
01BDADB3
0005A203
01B20863
198012EF
80004304
8000F25D
00458593
000FAE03
004F8F93
000FAE03
004F8F93
01CE2E33
0005A203
01C20863
16C012EF
80004330
8000F299
00458593
000FAE83
004F8F93
000FAE83
004F8F93
01DEAEB3
0005A203
01D20863
140012EF
8000435C
8000F2D5
00458593
000FAF03
004F8F93
000FAF03
004F8F93
01EF2F33
0005A203
01E20863
114012EF
80004388
8000F311
00458593
000F8B93
000BAF83
004B8B93
000BAF83
004B8B93
01FFAFB3
0005A203
01F20863
0E4012EF
800043B8
8000F34D
00458593
00058113
00000513
00000073
FFF00513
1D800413
34002373
23832383
23C32483
22032383
25032483
34049073
24832483
305493F3
FFC4F493
FFC3F393
00749E63
00030493
0004A783
00F3A023
00438393
00448493
FE83C8E3
00000013
00000013
00000013
00000013
00000013
00000497
29048493
00000013
00000013
00000013
00000013
00000013
00000013
10E49863
00000013
00000013
00000013
00000013
00000013
00000013
00000013
0000B517
58A50513
00000013
00000013
00000013
00000013
00000013
00000013
0003D097
124080E7
00000013
00000013
00000013
00000013
00000013
00000013
0000B517
57F50513
00000013
00000013
00000013
00000013
00000013
00000013
0003D097
0E4080E7
00000013
00000013
00000013
00000013
00000013
00000013
0000B517
59F50513
00000013
00000013
00000013
00000013
00000013
00000013
0003D097
0A4080E7
00000013
00000013
00000013
00000013
00000013
00000013
0000C517
10A50513
00000013
00000013
00000013
00000013
00000013
00000013
0003D097
064080E7
0003D097
0CC080E7
00000013
00000013
00000013
00000013
00004317
DA830313
00000013
00000013
00000013
00000013
00000013
00000013
00032303
00000013
00000013
00000013
00000013
00000013
00000013
00000013
0000D397
15838393
00000013
00000013
00000013
00000013
00000013
00000013
40730333
00000013
00000013
00000013
00000013
00000013
00000013
00000013
0000D417
11040413
00000013
00000013
00000013
00000013
00000013
00000013
00042203
00620863
6E9003EF
80004570
8000FBF3
BAD0E4B7
EAD48493
00E49A63
6D1003EF
80004704
8000FA61
00000341
00000013
00000013
00000013
00000013
0000B517
37450513
00000013
00000013
00000013
00000013
00000013
00000013
0003D097
F44080E7
0003D097
F90080E7
00000013
00000013
00000013
00000013
0000B517
36A50513
00000013
00000013
00000013
00000013
00000013
00000013
0003D097
F04080E7
0003D097
F6C080E7
00000013
00000013
00000013
00000013
00000717
FF070713
00000013
00000013
00000013
00000013
00000013
00000013
CD9FF06F
BAD0E737
EAD70713
CCDFF06F
00000013
00000013
00000013
00000013
00000013
00000013
00000013
00000013
00000013
00000013
00000013
00000013
0800006F
0880006F
0900006F
0980006F
0A00006F
0A80006F
0B00006F
0B80006F
0C00006F
0C80006F
0D00006F
0D80006F
0E00006F
0E80006F
0F00006F
0F80006F
1000006F
1080006F
1100006F
1180006F
1200006F
1280006F
1300006F
1380006F
1400006F
13C0006F
1380006F
1340006F
1300006F
12C0006F
1280006F
1240006F
34011173
26F12823
13C007EF
34011173
26F12823
130007EF
34011173
26F12823
124007EF
34011173
26F12823
118007EF
34011173
26F12823
10C007EF
34011173
26F12823
100007EF
34011173
26F12823
0F4007EF
34011173
26F12823
0E8007EF
34011173
26F12823
0DC007EF
34011173
26F12823
0D0007EF
34011173
26F12823
0C4007EF
34011173
26F12823
0B8007EF
34011173
26F12823
0AC007EF
34011173
26F12823
0A0007EF
34011173
26F12823
094007EF
34011173
26F12823
088007EF
34011173
26F12823
07C007EF
34011173
26F12823
070007EF
34011173
26F12823
064007EF
34011173
26F12823
058007EF
34011173
26F12823
04C007EF
34011173
26F12823
040007EF
34011173
26F12823
034007EF
34011173
26F12823
028007EF
00000317
B5030313
00000013
00000013
00000013
00000013
00000013
00000013
00030067
26E12623
34011773
26E12A23
23012703
00070067
26912423
26812223
26712023
24612E23
00000013
00000013
00000013
00000013
00000013
00000013
00003317
7C830313
00000013
00000013
00000013
00000013
00000013
00000013
00032383
00138393
00732023
34202773
800014B7
FFF48493
00E4F4B3
FFE48413
00041663
2A050AE3
58C0006F
FF848413
00245413
58041063
2A0500E3
FFF50493
00500393
0274E063
07300393
00750463
0800006F
34102573
00450413
34141073
7E40006F
341024F3
00448493
34149073
00100393
00750E63
00200393
02750263
00300393
02750C63
FFF00513
7B80006F
000024B7
80048493
3004A073
7A80006F
000024B7
80048493
3004B073
000014B7
80048493
3004A073
78C0006F
000024B7
80048493
3004B073
77C0006F
00000013
00000013
00000013
00000013
00000013
00000397
17038393
00000013
00000013
00000013
00000013
00000013
00000013
0003A403
00A40863
04040863
00838393
FF1FF06F
00008493
00000013
00000013
00000097
02408093
00000013
00000013
00000013
00000013
00000013
00000013
00038067
00048093
34102473
00440413
34141073
6F00006F
00050493
00000013
0000C517
5C150513
00000013
00000013
00000013
00000013
00000013
00000013
0003D097
AE4080E7
00048513
02000593
4C8020EF
00000013
00000013
00000013
0000B517
9F850513
00000013
00000013
00000013
00000013
00000013
00000013
0003D097
AA4080E7
00000013
00000013
00000013
00000013
00000013
00000013
0000B517
FC850513
00000013
00000013
00000013
00000013
00000013
00000013
0003D097
A64080E7
00000013
00000013
00000013
00000013
00000013
00000013
0000B517
E8A50513
00000013
00000013
00000013
00000013
00000013
00000013
0003D097
A24080E7
0003D097
A8C080E7
30002573
00008067
30059073
00008067
3005A073
00008067
3005B073
00008067
30402573
00008067
30459073
00008067
3045A073
00008067
3045B073
00008067
30602573
00008067
30659073
00008067
3065A073
00008067
3065B073
00008067
30A02573
00008067
30A59073
00008067
30A5A073
00008067
30A5B073
00008067
34402573
00008067
34459073
00008067
3445A073
00008067
3445B073
00008067
74702573
00008067
74759073
00008067
7475A073
00008067
7475B073
00008067
32002573
00008067
32059073
00008067
3205A073
00008067
3205B073
00008067
B0002573
00008067
B0059073
00008067
B005A073
00008067
B005B073
00008067
B0202573
00008067
B0259073
00008067
B025A073
00008067
B025B073
00008067
10002573
00008067
10059073
00008067
1005A073
00008067
1005B073
00008067
10402573
00008067
10459073
00008067
1045A073
00008067
1045B073
00008067
10602573
00008067
10659073
00008067
1065A073
00008067
1065B073
00008067
10A02573
00008067
10A59073
00008067
10A5A073
00008067
10A5B073
00008067
14402573
00008067
14459073
00008067
1445A073
00008067
1445B073
00008067
14D02573
00008067
14D59073
00008067
14D5A073
00008067
14D5B073
00008067
18002573
00008067
18059073
00008067
1805A073
00008067
1805B073
00008067
7A002573
00008067
7A059073
00008067
7A05A073
00008067
7A05B073
00008067
7A102573
00008067
7A159073
00008067
7A15A073
00008067
7A15B073
00008067
7A202573
00008067
7A259073
00008067
7A25A073
00008067
7A25B073
00008067
7A302573
00008067
7A359073
00008067
7A35A073
00008067
7A35B073
00008067
7A402573
00008067
7A459073
00008067
7A45A073
00008067
7A45B073
00008067
7A502573
00008067
7A559073
00008067
7A55A073
00008067
7A55B073
00008067
7A802573
00008067
7A859073
00008067
7A85A073
00008067
7A85B073
00008067
7AA02573
00008067
7AA59073
00008067
7AA5A073
00008067
7AA5B073
00008067
5A802573
00008067
5A859073
00008067
5A85A073
00008067
5A85B073
00008067
6A802573
00008067
6A859073
00008067
6A85A073
00008067
6A85B073
00008067
0005A503
00008067
0045A503
00008067
00C5A023
00008067
00C5A223
00008067
00000000
01000393
00075C63
00171413
FF240413
00045663
00C00393
0040006F
D6810113
4B012303
007304B3
4A912823
49012403
40830333
29810113
1F812403
00830333
34102473
00000013
00000013
0000A497
57848493
00000013
00000013
00000013
00000013
00000013
00000013
0084A023
00E4A423
34302473
0084A823
30002473
0084AC23
00000013
00000013
0001B417
1DC40413
00000013
00000013
00000013
00000013
00000013
00000013
007304B3
F0946663
24012403
408787B3
00179493
009787B3
0057D793
00679793
0077E7B3
00378793
02075A63
00F00413
00877433
304024F3
0084D4B3
0014F493
00B49493
0097E7B3
344024F3
0084D4B3
0014F493
00C49493
0097E7B3
300023F3
00F39393
0023D393
0021A437
FE540413
FFF44413
0083F433
0087E433
310024F3
1C04F493
00849493
00946433
00032483
00848E63
00040313
00048213
4B4003EF
80004FC8
8000FC0A
00000341
00070413
00432483
00848E63
00040313
00048213
490003EF
8000506C
8000FD0C
00000341
12074A63
34102473
00010493
0040006F
00000393
04740863
00238393
04740463
04040263
2084A383
2104A783
007787B3
00F47463
02747663
1D84A383
1E04A783
007787B3
00F47463
00747C63
1E84A383
1F04A783
007787B3
E0F47E63
E0746C63
40740433
00832483
00848E63
00040313
00048213
40C003EF
800050F4
8000FE07
00000341
34102473
342023F3
00C00793
00F38A63
00100793
00F38663
01400793
00F39663
34109073
0340006F
300027F3
000E03B7
3003A073
00045383
30079073
0033F393
00138393
0023D393
00138393
00139393
00740433
34141073
34302473
00C32483
00848E63
00040313
00048213
390003EF
80005170
8000FEFA
00000341
30102473
01841413
00045263
10000393
05C0006F
25C12303
26012383
26412403
26812483
26C12703
27012783
27412103
30200073
00100413
01F77393
00741433
304434F3
34443473
00832483
00848E63
00040313
00048213
328003EF
800051D8
8001006D
00000341
00000393
00000417
03C40413
00740433
00371393
00740433
FF847413
00042403
00040A63
01F41393
0003D863
00145413
F6870EE3
CD8FF06F
00040067
00000013
00000000
00000000
00000001
00000000
00000001
00000000
80041000
00000000
00000000
00000000
00000001
00000000
00000001
00000000
80041014
00000000
00000000
00000000
00000001
00000000
00000001
00000000
80041030
00000000
00000001
00000000
00000001
00000000
00000001
00000000
00000001
00000000
00000001
00000000
00000001
00000000
00000001
00000000
00000001
00000000
00000001
00000000
00000001
00000000
00000001
00000000
00000001
00000000
00000000
00000000
00000000
00000000
00000000
00000000
00000000
00000000
00000000
00000000
00000000
00000000
00000000
00000000
00000000
00000000
00000001
00000000
00000003
00000000
00000005
00000000
00000007
00000000
00000009
00000000
0000000B
00000000
0000000D
00000000
0000000F
00000000
00000011
00000000
00000013
00000000
00000015
00000000
00000017
00000000
00000019
00000000
0000001B
00000000
0000001D
00000000
0000001F
00000000
00000021
00000000
00000023
00000000
00000025
00000000
00000027
00000000
00000029
00000000
0000002B
00000000
0000002D
00000000
0000002F
00000000
00000000
00000000
00000000
00000000
00000000
00000000
00000000
00000000
00000000
00000000
00000000
00000000
00000000
00000000
00000000
00000000
300023F3
00B3D493
0034F493
FFD48413
341023F3
00000493
02040C63
29810113
310023F3
01839393
0003DA63
29810113
47012783
D6810113
0080006F
F4012783
341023F3
40F383B3
D6810113
1D812483
007483B3
25C12303
26412403
26812483
26C12703
27012783
27412103
00438067
0000A217
EE820213
02522423
00122423
00022023
0880006F
0000A397
ED038393
0483A023
0243A023
0253A423
0013A423
0003A023
00038213
00040293
0600006F
0000A697
EA868693
06E6A823
0246A023
0256A423
0016A423
0006A023
00068213
00070293
0380006F
0000A497
E8048493
0674A423
0244A023
0254A423
0014A423
00300093
0014A023
1064A823
1044AC23
00048213
00038293
0040006F
00222823
00322C23
02622823
02722C23
04822023
04922423
04A22823
04B22C23
06C22023
06D22423
06E22823
06F22C23
09022023
09122423
09222823
09322C23
0B422023
0B522423
0B622823
0B722C23
0D822023
0D922423
0DA22823
0DB22C23
0FC22023
0FD22423
0FE22823
0FF22C23
0000A497
DDC4A483
00300513
18A48663
FFA2D303
FF82D383
01031313
00736333
00F35393
01F3F393
01435413
01F47413
10822223
00341313
00620333
00032303
10622823
FF62D303
FF42D383
01031313
00736333
00030513
07F37413
00300493
0C941063
00C35413
00747413
00200493
0A941863
41435393
00F35313
01F37313
00331313
00620333
00032303
00730333
00337413
0C041263
00000013
00000013
00000013
00000013
00000013
0000C417
A7040413
00000013
00000013
00000013
00000013
00000013
00000013
08836663
00000013
00000013
00000013
00000013
00000013
00000013
00000013
0001B417
AE040413
00000013
00000013
00000013
00000013
00000013
00000013
FFC40413
04646463
00032303
10622C23
3700006F
00100413
00000013
00000013
0000A497
DD848493
00000013
00000013
00000013
00000013
00000013
00000013
0084A023
10A22C23
3380006F
00200413
00000013
00000013
00000013
00000013
0000A497
D9848493
00000013
00000013
00000013
00000013
00000013
00000013
0084A023
10622C23
2F80006F
0042A303
0000A817
D7880813
00682023
0002A303
10622423
0000A817
D6480813
00082303
0000A397
48338393
28730463
00000413
0000A817
D4080813
00882023
0000A397
47E38393
00731863
00100413
00000493
2740006F
0000A397
56838393
00731863
00200413
00000493
25C0006F
0000A397
64B38393
00731863
00300413
00000493
2440006F
0000A397
72638393
00731863
00400413
00000493
22C0006F
0000B397
88138393
00731863
00500413
00000493
2140006F
0000A397
7ED38393
00731863
00600413
00000493
1FC0006F
0000B397
81338393
00731863
00700413
00000493
1E40006F
0000A397
41638393
00731863
00100413
00100493
1CC0006F
0000A397
4FE38393
00731863
00200413
00100493
1B40006F
0000A397
5DF38393
00731863
00300413
00100493
19C0006F
0000A397
6BB38393
00731863
00400413
00100493
1840006F
0000B397
81438393
00731863
00500413
00100493
16C0006F
0000A397
3DE38393
00731863
00100413
00200493
1540006F
0000A397
4C438393
00731863
00200413
00200493
13C0006F
0000A397
5A338393
00731863
00300413
00200493
1240006F
0000A397
68038393
00731863
00400413
00200493
10C0006F
0000A397
7D738393
00731863
00500413
00200493
0F40006F
0000A397
3A738393
00731863
00100413
00300493
0DC0006F
0000A397
48B38393
00731863
00200413
00300493
0C40006F
0000A397
56838393
00731863
00300413
00300493
0AC0006F
0000A397
64638393
00731863
00400413
00300493
0940006F
0000A397
79B38393
00731863
00500413
00300493
07C0006F
0000A397
7C038393
00731863
00800413
00000493
0640006F
0000A397
7F738393
00731863
00800413
00000493
04C0006F
0000B397
8DA38393
00731863
00800413
00100493
0340006F
0000B397
9BE38393
00731863
00800413
00200493
01C0006F
0340006F
00900413
0000A817
ABC80813
00882023
0300006F
0000A817
AAC80813
00882023
0000A817
AA480813
00982023
0140006F
0000A817
A9080813
00082023
0040006F
0002A303
10622423
00035383
0033F413
00300493
00941863
00235403
01041413
0083E3B3
10722023
0042A303
12622023
00000013
00000013
00000013
00000013
0000A517
F8A50513
00000013
00000013
00000013
00000013
00000013
00000013
0003C097
B24080E7
00000013
00000013
00000013
00000013
00000013
00000013
0000A517
F7F50513
00000013
00000013
00000013
00000013
00000013
00000013
0003C097
AE4080E7
00000013
00000013
00000013
00000013
00000013
00000013
0000A517
FF650513
00000013
00000013
00000013
00000013
00000013
00000013
0003C097
AA4080E7
0000A517
98852503
0003C097
A94080E7
00000013
00000013
0000A517
FC850513
00000013
00000013
00000013
00000013
00000013
00000013
0003C097
A64080E7
0000A517
82852503
00300593
52B50C63
00000013
00000013
0000A517
F8A50513
00000013
00000013
00000013
00000013
00000013
00000013
0003C097
A24080E7
0000A517
8E852503
02000593
00357613
00300693
00D60463
01000593
3F4010EF
00000013
00000013
00000013
00000013
00000013
00000013
0000A517
91850513
00000013
00000013
00000013
00000013
00000013
00000013
0003C097
9C4080E7
00000013
00000013
00000013
00000013
00000013
00000013
0000A517
EFE50513
00000013
00000013
00000013
00000013
00000013
00000013
0003C097
984080E7
0000A517
85052503
02000593
364010EF
00000013
00000013
0000A517
89850513
00000013
00000013
00000013
00000013
00000013
00000013
0003C097
944080E7
00000013
00000013
00000013
00000013
00000013
00000013
0000B517
8B550513
00000013
00000013
00000013
00000013
00000013
00000013
0003C097
904080E7
00009517
6C852503
00050663
00300593
04B51063
07800593
0000A617
81860613
00000013
00000013
00000013
00000013
00000013
00000013
00B60023
00160613
00009517
78C52503
324010EF
1180006F
00100593
04B50863
00400593
08B50A63
00500593
0CB50663
00000013
00000013
00000013
00000013
0000B517
92B50513
00000013
00000013
00000013
00000013
00000013
00000013
0003C097
864080E7
1000006F
06600593
00000013
00000013
00000013
00000013
00009617
77860613
00000013
00000013
00000013
00000013
00000013
00000013
00B60023
00160613
00009517
6EC52503
284010EF
0780006F
07600593
00000013
00009617
73860613
00000013
00000013
00000013
00000013
00000013
00000013
00B60023
00160613
00009517
6AC52503
244010EF
0380006F
00000013
00000013
0000A517
74E50513
00000013
00000013
00000013
00000013
00000013
00000013
0003B097
7A4080E7
0400006F
00000013
00000013
00000013
00000013
00000013
00009517
6B850513
00000013
00000013
00000013
00000013
00000013
00000013
0003B097
764080E7
00000013
00000013
00000013
00000013
00000013
00000013
0000A517
6E650513
00000013
00000013
00000013
00000013
00000013
00000013
0003B097
724080E7
00009517
4E852503
00100593
00B51C63
00009517
5E852503
02000593
0F4010EF
0140006F
00009517
5D452503
02000593
0E0010EF
00000013
00009517
61850513
00000013
00000013
00000013
00000013
00000013
00000013
0003B097
6C4080E7
00009517
5B052503
08051E63
00000013
00000013
00000013
0000A517
65D50513
00000013
00000013
00000013
00000013
00000013
00000013
0003B097
684080E7
00009517
44852503
00100593
00B51C63
00009517
55052503
02000593
054010EF
0140006F
00009517
53C52503
02000593
040010EF
00000013
00009517
57850513
00000013
00000013
00000013
00000013
00000013
00000013
0003B097
624080E7
5BD0006F
00100593
06B51E63
00000013
00000013
00000013
0000A517
5D450513
00000013
00000013
00000013
00000013
00000013
00000013
0003B097
5E4080E7
00009517
4C052503
02000593
7C5000EF
00000013
00000013
00009517
4F850513
00000013
00000013
00000013
00000013
00000013
00000013
0003B097
5A4080E7
53D0006F
00000013
00000013
00000013
00000013
00000013
0000A517
5B250513
00000013
00000013
00000013
00000013
00000013
00000013
0003B097
564080E7
00009517
44052503
02000593
745000EF
00000013
00000013
00009517
47850513
00000013
00000013
00000013
00000013
00000013
00000013
0003B097
524080E7
4BD0006F
00009417
41442403
00900493
0A940C63
00000013
0000A517
5D750513
00000013
00000013
00000013
00000013
00000013
00000013
0003B097
4E4080E7
00000013
00000013
00000013
00000013
00000013
00000013
0000A517
5C350513
00000013
00000013
00000013
00000013
00000013
00000013
0003B097
4A4080E7
00009817
3A080813
00082503
0003B097
490080E7
00000013
0000A517
9C850513
00000013
00000013
00000013
00000013
00000013
00000013
0003B097
464080E7
280404E3
3400006F
00000013
00000013
00000013
00000013
0000A517
55350513
00000013
00000013
00000013
00000013
00000013
00000013
0003B097
424080E7
00009517
30052503
02000593
605000EF
00000013
00000013
00009517
33850513
00000013
00000013
00000013
00000013
00000013
00000013
0003B097
3E4080E7
00000013
00000013
00000013
00000013
00000013
00000013
0000A517
4FE50513
00000013
00000013
00000013
00000013
00000013
00000013
0003B097
3A4080E7
00009517
27852503
02000593
585000EF
00000013
00000013
00009517
2B850513
00000013
00000013
00000013
00000013
00000013
00000013
0003B097
364080E7
00009317
23832303
00009397
2383A383
10736A63
00000013
0000A517
4AD50513
00000013
00000013
00000013
00000013
00000013
00000013
0003B097
324080E7
00000013
00000013
00000013
00000013
00000013
00000013
0000A517
4D550513
00000013
00000013
00000013
00000013
00000013
00000013
0003B097
2E4080E7
00009317
1B832303
00009397
1B83A383
40730533
02000593
4B9000EF
00000013
00000013
00000013
00000013
00000013
00000013
00000013
00009517
1D850513
00000013
00000013
00000013
00000013
00000013
00000013
0003B097
284080E7
00000013
00000013
00000013
00000013
00000013
00000013
0000A517
45C50513
00000013
00000013
00000013
00000013
00000013
00000013
0003B097
244080E7
1DD0006F
00000013
00000013
00000013
00000013
00000013
0000A517
3B950513
00000013
00000013
00000013
00000013
00000013
00000013
0003B097
204080E7
00000013
00000013
00000013
00000013
00000013
00000013
0000A517
3B550513
00000013
00000013
00000013
00000013
00000013
00000013
0003B097
1C4080E7
00009317
0A032303
00009397
0903A383
40730533
02000593
399000EF
00000013
00000013
00000013
00000013
00000013
00000013
00000013
00009517
0B850513
00000013
00000013
00000013
00000013
00000013
00000013
0003B097
164080E7
00000013
00000013
00000013
00000013
00000013
00000013
0000A517
42450513
00000013
00000013
00000013
00000013
00000013
00000013
0003B097
124080E7
0BD0006F
00000013
00000013
00000013
00000013
00000013
0000A517
4CB50513
00000013
00000013
00000013
00000013
00000013
00000013
0003B097
0E4080E7
00009517
FDC52503
04050A63
00100593
08B50663
00200593
0CB50263
00300593
0EB50E63
00000013
00000013
00000013
00000013
00000013
0000A517
4A750513
00000013
00000013
00000013
00000013
00000013
00000013
1000006F
00000013
00000013
00000013
00000013
00000013
00000013
00000013
0000A517
44550513
00000013
00000013
00000013
00000013
00000013
00000013
0C00006F
00000013
00000013
00000013
00000013
00000013
00000013
00000013
0000A517
40D50513
00000013
00000013
00000013
00000013
00000013
00000013
0800006F
00000013
00000013
00000013
00000013
00000013
00000013
00000013
0000A517
3D550513
00000013
00000013
00000013
00000013
00000013
00000013
0400006F
00000013
00000013
00000013
00000013
00000013
00000013
00000013
0000A517
39E50513
00000013
00000013
00000013
00000013
00000013
00000013
0003B097
F84080E7
00000013
00000013
00000013
00000013
00000013
00000013
0000A517
37050513
00000013
00000013
00000013
00000013
00000013
00000013
0003B097
F44080E7
00009517
E3852503
00100593
06B50863
00200593
0AB50463
00300593
0EB50063
00400593
10B50C63
00500593
14B50863
00600593
18B50463
00700593
1CB50063
00800593
1EB50C63
00000013
00000013
00000013
00000013
0000A517
44750513
00000013
00000013
00000013
00000013
00000013
00000013
2000006F
00000013
00000013
00000013
00000013
00000013
00000013
00000013
0000A517
2CA50513
00000013
00000013
00000013
00000013
00000013
00000013
1C00006F
00000013
00000013
00000013
00000013
00000013
00000013
00000013
0000A517
2BB50513
00000013
00000013
00000013
00000013
00000013
00000013
1800006F
00000013
00000013
00000013
00000013
00000013
00000013
00000013
0000A517
29B50513
00000013
00000013
00000013
00000013
00000013
00000013
1400006F
00000013
00000013
00000013
00000013
00000013
00000013
00000013
0000A517
27950513
00000013
00000013
00000013
00000013
00000013
00000013
1000006F
00000013
00000013
00000013
00000013
00000013
00000013
00000013
0000A517
25850513
00000013
00000013
00000013
00000013
00000013
00000013
0C00006F
00000013
00000013
00000013
00000013
00000013
00000013
00000013
0000A517
24050513
00000013
00000013
00000013
00000013
00000013
00000013
0800006F
00000013
00000013
00000013
00000013
00000013
00000013
00000013
0000A517
22C50513
00000013
00000013
00000013
00000013
00000013
00000013
0400006F
00000013
00000013
00000013
00000013
00000013
00000013
00000013
0000A517
21850513
00000013
00000013
00000013
00000013
00000013
00000013
0003B097
CC4080E7
00000013
00000013
00000013
00000013
00000013
00000013
0000A517
21650513
00000013
00000013
00000013
00000013
00000013
00000013
0003B097
C84080E7
00009517
B6052503
02000593
664000EF
00000013
00000013
00009517
B9850513
00000013
00000013
00000013
00000013
00000013
00000013
0003B097
C44080E7
00000013
00000013
00000013
00000013
00000013
00000013
0000A517
1AD50513
00000013
00000013
00000013
00000013
00000013
00000013
0003B097
C04080E7
00009517
AD852503
02000593
5E4000EF
00000013
00000013
00009517
B1850513
00000013
00000013
00000013
00000013
00000013
00000013
0003B097
BC4080E7
00009517
AB852503
00200593
08B51463
00000013
00000013
0000A517
14450513
00000013
00000013
00000013
00000013
00000013
00000013
0003B097
B84080E7
00009517
A6052503
284000EF
0003B097
B70080E7
00000013
0000A517
11B50513
00000013
00000013
00000013
00000013
00000013
00000013
0003B097
B44080E7
00009517
A1852503
244000EF
0003B097
B30080E7
00000097
314080E7
00009517
A1C52503
00100593
02B51E63
00000013
00000013
00000013
0000A517
13150513
00000013
00000013
00000013
00000013
00000013
00000013
0003B097
AE4080E7
27C0006F
00200593
02B51E63
00000013
00000013
00000013
0000A517
1C750513
00000013
00000013
00000013
00000013
00000013
00000013
0003B097
AA4080E7
23C0006F
00300593
02B51E63
00000013
00000013
00000013
0000A517
27A50513
00000013
00000013
00000013
00000013
00000013
00000013
0003B097
A64080E7
1FC0006F
00400593
02B51E63
00000013
00000013
00000013
0000A517
33550513
00000013
00000013
00000013
00000013
00000013
00000013
0003B097
A24080E7
1BC0006F
00500593
02B51E63
00000013
00000013
00000013
0000A517
3DC50513
00000013
00000013
00000013
00000013
00000013
00000013
0003B097
9E4080E7
17C0006F
1780006F
00000013
00000013
00000013
00000013
0000A517
FA950513
00000013
00000013
00000013
00000013
00000013
00000013
0003B097
9A4080E7
00009617
8B062603
00000013
00000013
00000013
00000013
00009517
F5250513
00000013
00000013
00000013
00000013
00000013
00000013
0003B097
964080E7
00065503
01000593
00357413
00300493
00941A63
00265403
01041413
00856533
02000593
32C000EF
00000013
00000013
00000013
00000013
00009517
85850513
00000013
00000013
00000013
00000013
00000013
00000013
0003B097
904080E7
00000097
0E8080E7
0940006F
02054263
01800593
04B55463
00009597
84058593
00251613
00C585B3
0005A503
00008067
00100593
01F59593
00B54533
01000593
00B55E63
00009597
87458593
00251613
00C585B3
0005A503
00008067
00000013
00000013
00000013
00000013
00000013
00000013
00000013
00009517
C7E50513
00000013
00000013
00000013
00000013
00000013
00000013
00008067
00000013
00000013
00000013
00000013
00000013
00000013
00000013
0000A517
8CA50513
00000013
00000013
00000013
00000013
00000013
00000013
0003B097
824080E7
0003B097
88C080E7
00008617
72060613
00162023
00000013
00009517
DF350513
00000013
00000013
00000013
00000013
00000013
00000013
0003A097
7E4080E7
00008517
6F052503
02000593
1C4000EF
00000013
00000013
00008517
6F850513
00000013
00000013
00000013
00000013
00000013
00000013
0003A097
7A4080E7
00000013
00000013
00000013
00000013
00000013
00000013
00009517
D8350513
00000013
00000013
00000013
00000013
00000013
00000013
0003A097
764080E7
00008517
67852503
02000593
144000EF
00000013
00000013
00008517
67850513
00000013
00000013
00000013
00000013
00000013
00000013
0003A097
724080E7
00000013
00000013
00000013
00000013
00000013
00000013
00009517
D1350513
00000013
00000013
00000013
00000013
00000013
00000013
0003A097
6E4080E7
00008517
60052503
02000593
0C4000EF
00000013
00000013
00008517
5F850513
00000013
00000013
00000013
00000013
00000013
00000013
0003A097
6A4080E7
00000013
00000013
00000013
00000013
00000013
00000013
00009517
CA350513
00000013
00000013
00000013
00000013
00000013
00000013
0003A097
664080E7
00008517
58852503
02000593
044000EF
00000013
00000013
00008517
57850513
00000013
00000013
00000013
00000013
00000013
00000013
0003A097
624080E7
00008617
52860613
00062083
00008067
00000013
00000013
00008617
53860613
00000013
00000013
00000013
00000013
00000013
00000013
03000693
00D60023
07800693
00D600A3
00260613
00058693
FFC68693
00D55733
00F77713
00A00793
00F74663
05770713
0080006F
03070713
00E60023
00160613
FC069CE3
00A00693
00D60023
000600A3
00008067
00A00693
02D54663
FF650513
03100713
00D54C63
FF650513
03200713
00D54663
FF650513
03300713
00E60023
00160613
03050513
00A60023
00A00693
00D600A3
00060123
00008067
00000013
@00008000
FFFEBEEF
DEAD0001
FFFDBEEF
DEAD0002
FFFCBEEF
DEAD0003
FFFBBEEF
DEAD0004
FFFABEEF
DEAD0005
FFF9BEEF
DEAD0006
FFF8BEEF
DEAD0007
FFF7BEEF
DEAD0008
FFF6BEEF
DEAD0009
FFF5BEEF
DEAD000A
FFF4BEEF
DEAD000B
FFF3BEEF
DEAD000C
FFF2BEEF
DEAD000D
FFF1BEEF
DEAD000E
FFF0BEEF
DEAD000F
FFEFBEEF
DEAD0010
FFEEBEEF
DEAD0011
FFEDBEEF
DEAD0012
FFECBEEF
DEAD0013
FFEBBEEF
DEAD0014
FFEABEEF
DEAD0015
FFE9BEEF
DEAD0016
FFE8BEEF
DEAD0017
FFE7BEEF
DEAD0018
FFE6BEEF
DEAD0019
FFE5BEEF
DEAD001A
FFE4BEEF
DEAD001B
FFE3BEEF
DEAD001C
FFE2BEEF
DEAD001D
FFE1BEEF
DEAD001E
FFE0BEEF
DEAD001F
FFDFBEEF
DEAD0020
FFDEBEEF
DEAD0021
00000000
00000000
0000006F
0000006F
0000006F
0000006F
0000006F
0000006F
0000006F
0000006F
0000006F
0000006F
0000006F
0000006F
0000006F
0000006F
0000006F
0000006F
0000006F
0000006F
0000006F
0000006F
0000006F
0000006F
0000006F
0000006F
0000006F
0000006F
0000006F
0000006F
0000006F
0000006F
0000006F
0000006F
0000006F
0000006F
0000006F
0000006F
0000006F
0000006F
0000006F
0000006F
0000006F
0000006F
0000006F
0000006F
0000006F
0000006F
0000006F
0000006F
0000006F
0000006F
0000006F
0000006F
0000006F
0000006F
0000006F
0000006F
0000006F
0000006F
0000006F
0000006F
0000006F
0000006F
0000006F
0000006F
0000006F
0000006F
0000006F
0000006F
0000006F
0000006F
0000006F
0000006F
0000006F
0000006F
0000006F
0000006F
0000006F
0000006F
0000006F
0000006F
0000006F
0000006F
0000006F
0000006F
0000006F
0000006F
0000006F
0000006F
0000006F
0000006F
0000006F
0000006F
0000006F
0000006F
0000006F
0000006F
0000006F
0000006F
0000006F
0000006F
0000006F
0000006F
0000006F
0000006F
0000006F
0000006F
0000006F
0000006F
0000006F
0000006F
0000006F
0000006F
0000006F
0000006F
0000006F
0000006F
0000006F
0000006F
80000040
00000000
00004398
00000000
800083B0
00000000
00008D15
00000000
800110D0
00000000
0000F0B0
00000000
80000040
00000000
00004398
00000000
80011718
00000000
00000000
00000000
00000000
00000000
80004918
00000000
00000000
00000000
00000000
00000000
00000000
00000000
00000000
00000000
DEADBEEF
DEADBEEF
DEADBEEF
DEADBEEF
DEADBEEF
DEADBEEF
DEADBEEF
DEADBEEF
DEADBEEF
DEADBEEF
DEADBEEF
DEADBEEF
DEADBEEF
DEADBEEF
DEADBEEF
DEADBEEF
00000000
00000000
D5C068DD
9D03F01C
0F5DCE96
5479CC9D
86FC86E8
89447DE6
D2374929
D171386C
9440DB30
65CD076D
7B3D37BB
E3450672
D37C59F7
82B376FF
5E1536BA
F0B51C51
79BF1196
B5469DC2
329F80DA
02F45FC8
15CF84DC
F6281CDC
D1DFB3D4
C2EBC915
CFED05E0
8C767078
66D3739C
38AB615D
4ADE230C
7A254CA4
3C320CD4
F6316311
A6A236FF
71528A04
BAB2CB98
6430B610
0F777976
918521F3
60F38533
BB3C2F51
8814F054
38A0D224
F8CF5E77
E6A01617
2B453916
C327DAA7
F768B3E1
E4329316
3378AAFF
779465DE
6AEF3919
D6522C04
3CBC65AB
9E66A88B
E9F9F296
7205D5FE
90549ACC
3F00E27C
60BF5F55
E750B969
AA284CE7
DCECFB08
8ECFEB95
60EF2FCC
D03E0F4E
CFDECDA5
48D1EF2D
6B0C2092
7CD7B294
614189E0
26F5833D
81EEC752
AA6D710F
8AA5A35B
0A95FE25
9ABA53FE
CF9E7114
C07963C3
EC894130
20AF9742
088471A1
D587F13D
CEFAA8E9
82A91351
11859FEC
71E0428B
6F7BE7DE
480972E2
D54C3A25
9590D4E2
67048F70
E47EFEC7
AE9E58A2
CA133B40
8D46F3C2
A6388278
DA9A9DDB
1EBC9E6B
049475F5
702F317E
F06BA7F2
FEDDA066
ECFA4906
967832DB
654CAD0C
3E2CFBD1
123A519A
D7C1655B
A1F34ED9
7312CBB4
95E2A712
A700744B
09212351
94B6259B
0A040027
521BFCC2
48CF14AE
588CFECD
963682CB
FEBE02A5
7C68F759
397F178C
D2B311AB
15BB9619
38702441
26B0A12D
5AE72DA5
1B61A1F1
78DDBD9D
1F8FF0F8
261C6FA8
307412A6
83E26817
2C2399F3
455CA6CE
A75FAC40
5C0714C3
EDFE1162
C762D127
A42F96E9
EFD9D838
2A0CBCF4
94DA4BE5
2C528A9B
AA58035F
BE1A5344
CD6EE5E8
9411BE03
1F509498
4A545E50
B45B3A51
3BE2A104
0888182F
7FC566D5
F7BD207C
F66F1AA6
7B34B692
219ED080
D661B4FD
EBDB022B
101717F9
C412232E
A14D87EA
9DC92796
A5D69B86
A2C3B370
EDB044A8
A304F19E
5829A2DA
7D986DFC
E1B64A78
06C8CD50
ECF2BAF3
102F02CF
2912EABA
584543C7
BD8D7F9F
225795D4
A3D29DB0
1CD1E072
385B52AB
A1CC2330
2BFA07ED
1FA9B873
7FE635C1
6075E7A7
E438FF37
34EB6C62
B994A8D8
C04A7B68
00000000
1D2160CF
00000001
24B273C5
00000002
28293920
80000000
CB6F8DD3
80000001
30950EEA
7FFFFFFF
45BF8245
7FFFFFFE
44E9CA84
FFFFFFFF
EB5A1EC0
FFFFFFFE
B6D06B14
5BBC8872
BF6A58E6
AAAAAAAA
8DFA34C3
55555555
98F526D2
D83F721C
00000000
2A4713E9
00000001
15E81D23
00000002
6DF0293C
80000000
C8829918
80000001
A32E2D93
7FFFFFFF
CFD91CA0
7FFFFFFE
742FF4CF
FFFFFFFF
A372A486
FFFFFFFE
83363FF5
5BBC8872
AED2187A
AAAAAAAA
EAE3011D
55555555
00000000
00000000
00000000
00000001
00000000
00000002
00000000
80000000
00000000
80000001
00000000
7FFFFFFF
00000000
7FFFFFFE
00000000
FFFFFFFF
00000000
FFFFFFFE
00000000
5BBC8872
00000000
AAAAAAAA
00000000
55555555
00000001
00000000
00000001
00000001
00000001
00000002
00000001
80000000
00000001
80000001
00000001
7FFFFFFF
00000001
7FFFFFFE
00000001
FFFFFFFF
00000001
FFFFFFFE
00000001
5BBC8872
00000001
AAAAAAAA
00000001
55555555
00000002
00000000
00000002
00000001
00000002
00000002
00000002
80000000
00000002
80000001
00000002
7FFFFFFF
00000002
7FFFFFFE
00000002
FFFFFFFF
00000002
FFFFFFFE
00000002
5BBC8872
00000002
AAAAAAAA
00000002
55555555
80000000
00000000
80000000
00000001
80000000
00000002
80000000
80000000
80000000
80000001
80000000
7FFFFFFF
80000000
7FFFFFFE
80000000
FFFFFFFF
80000000
FFFFFFFE
80000000
5BBC8872
80000000
AAAAAAAA
80000000
55555555
80000001
00000000
80000001
00000001
80000001
00000002
80000001
80000000
80000001
80000001
80000001
7FFFFFFF
80000001
7FFFFFFE
80000001
FFFFFFFF
80000001
FFFFFFFE
80000001
5BBC8872
80000001
AAAAAAAA
80000001
55555555
7FFFFFFF
00000000
7FFFFFFF
00000001
7FFFFFFF
00000002
7FFFFFFF
80000000
7FFFFFFF
80000001
7FFFFFFF
7FFFFFFF
7FFFFFFF
7FFFFFFE
7FFFFFFF
FFFFFFFF
7FFFFFFF
FFFFFFFE
7FFFFFFF
5BBC8872
7FFFFFFF
AAAAAAAA
7FFFFFFF
55555555
7FFFFFFE
00000000
7FFFFFFE
00000001
7FFFFFFE
00000002
7FFFFFFE
80000000
7FFFFFFE
80000001
7FFFFFFE
7FFFFFFF
7FFFFFFE
7FFFFFFE
7FFFFFFE
FFFFFFFF
7FFFFFFE
FFFFFFFE
7FFFFFFE
5BBC8872
7FFFFFFE
AAAAAAAA
7FFFFFFE
55555555
FFFFFFFF
00000000
FFFFFFFF
00000001
FFFFFFFF
00000002
FFFFFFFF
80000000
FFFFFFFF
80000001
FFFFFFFF
7FFFFFFF
FFFFFFFF
7FFFFFFE
FFFFFFFF
FFFFFFFF
FFFFFFFF
FFFFFFFE
FFFFFFFF
5BBC8872
FFFFFFFF
AAAAAAAA
FFFFFFFF
55555555
FFFFFFFE
00000000
FFFFFFFE
00000001
FFFFFFFE
00000002
FFFFFFFE
80000000
FFFFFFFE
80000001
FFFFFFFE
7FFFFFFF
FFFFFFFE
7FFFFFFE
FFFFFFFE
FFFFFFFF
FFFFFFFE
FFFFFFFE
FFFFFFFE
5BBC8872
FFFFFFFE
AAAAAAAA
FFFFFFFE
55555555
5BBC8872
00000000
5BBC8872
00000001
5BBC8872
00000002
5BBC8872
80000000
5BBC8872
80000001
5BBC8872
7FFFFFFF
5BBC8872
7FFFFFFE
5BBC8872
FFFFFFFF
5BBC8872
FFFFFFFE
5BBC8872
5BBC8872
5BBC8872
AAAAAAAA
5BBC8872
55555555
AAAAAAAA
00000000
AAAAAAAA
00000001
AAAAAAAA
00000002
AAAAAAAA
80000000
AAAAAAAA
80000001
AAAAAAAA
7FFFFFFF
AAAAAAAA
7FFFFFFE
AAAAAAAA
FFFFFFFF
AAAAAAAA
FFFFFFFE
AAAAAAAA
5BBC8872
AAAAAAAA
AAAAAAAA
AAAAAAAA
55555555
55555555
00000000
55555555
00000001
55555555
00000002
55555555
80000000
55555555
80000001
55555555
7FFFFFFF
55555555
7FFFFFFE
55555555
FFFFFFFF
55555555
FFFFFFFE
55555555
5BBC8872
55555555
AAAAAAAA
55555555
55555555
B1150370
8842B03C
F29894A7
DF7E1031
B022C8A8
E4A9EAE4
3345E482
4326FD84
B4F97D01
34ACFF27
6F4D0C21
5349B503
0D512034
FC2A6B38
2C3AAC47
DF125BB1
F18DAD7A
64DDFB35
9D7141C1
DA573895
E34CD6F8
A5F4C040
230A842C
E4D71A28
E6586358
BA2F9B2D
7ED1C795
AA6142B5
F677B6E4
053F64A1
594178A3
FA0CBCFB
7189607C
E740D322
46C94F2A
BDE73799
0077CD32
E0E84904
87142712
28B49DC8
8BE52F11
8EB49B52
DA9313EC
C4E88313
13B80487
E7C1C932
13AB5360
9AAE455D
7A23C9C9
72063984
62AB9FBE
A5FAA3AA
B4368728
1EBB726E
49225B93
6CC5687A
17D772AE
5E10A852
4E76E975
A8BB0522
D7A4F12E
A712D7AF
790F981C
B0FC91AF
C52E77CA
22015648
C24CD16B
3E19B794
496A398E
256F5B6A
7CD87D6A
D8D5685D
CE08D8C0
7F118BD6
4EC8394D
47772E08
0C725C04
1F178948
D11DE1A9
8C8B610B
2686C94F
6B1B682E
3A25E091
236722F8
17228B58
A7D707B2
4AEF7CAC
D29F1479
747F6335
6C00EF6F
2D047169
CCD987A2
6E1F2B8A
9816861E
6D07F6A2
35B5AB9B
89D5319D
08F3E7FB
643A5364
6F7C065D
6522AB49
4669A691
2E1824CE
835ABB35
07B6165E
36079A48
1DA5FA36
7E77E6F3
6DD04DCE
8F699464
FC562CF4
BDA0196A
0448C46B
2BB37CBA
57D6C715
7DD70219
7E1248AA
E5703154
B357B751
F96F7300
F84ED194
E2895630
EF475D2B
FD551DEF
BDD1EC25
9D126499
51E7279E
EC88B684
20DD69C2
8DBA877E
1FC5585F
74153C8F
895B612A
DC9A73CA
A962E074
4FE20147
5B8A316D
2D1B3D41
78053D18
7E9A6C02
0A34C859
1566A533
279FA741
C88741B0
18A9096C
B3468012
1B9BDC97
3A47ECFB
83BA1FB1
B0BEBC9F
660BE6D1
18752699
5F005E81
51140D16
816184F3
61EB8556
1872E3D9
BE61F808
F14DFBCD
07DEFC34
E5226D75
0988F9B5
E5B94383
DBC5CAD5
4D25F299
6167B730
A9BABB6B
8F1B7F25
8108ADED
D8103DC0
F032D2AA
B10D09E3
2367C719
E7BF65D1
05DBD4CF
B6706CAB
30AC37FF
FD182FBE
E46CE07B
22ACB93F
A5406129
D2EDCD2F
D1CC235A
CAF3A1EC
BC7A91A4
511AD7A5
B34324A1
CABD77F8
934136AB
06EB8417
7170D471
1907C943
DA071B64
B6613983
89A04A1B
C454EBB0
720BA1E6
11A1BEE6
5513A584
B42BD070
A8FA75ED
C1059EC1
9AA56563
2A01B77B
E68683D0
B72F3ED6
7F16D8E8
AA41D841
A535AF06
49150D06
98ED0D8E
F0377046
6C5AC2F6
D799FD20
DD20880D
B45A888F
6AED9803
EFB2A602
880A0F7F
2284730B
8C0822D4
353C8131
F6D3D4C7
7275B8B7
EBE547DA
695D725E
1C88EE4C
9A72ED58
CFD1570B
E7BED036
5685354A
60DE8A77
5AF445C3
E0D194CF
91E4A24E
1EE17CC9
896186E5
B61BA2C4
4C8EF391
4A2DBBEC
120C2F14
25C3047F
21BAE349
65453E7A
2B21C19A
53F76679
C35DDB4D
E33C7C5B
82A2A5B4
9420A9EF
73657422
31203A74
6763203B
5F49203A
5F746C73
203B6763
203A7063
725F7063
203B3173
3A6E6962
22306220
65742200
203A7473
63203B32
49203A67
746C735F
3B67635F
3A706320
5F706320
3B317372
6E696220
3162203A
74220022
3A747365
203B3320
203A6763
6C735F49
67635F74
7063203B
7063203A
3173725F
6962203B
62203A6E
22002232
74736574
3B34203A
3A676320
735F4920
635F746C
63203B67
63203A70
73725F70
62203B31
203A6E69
00223362
73657422
35203A74
6763203B
5F49203A
5F746C73
203B6763
203A7063
725F7063
203B3173
3A6E6962
22346220
65742200
203A7473
63203B36
49203A67
746C735F
3B67635F
3A706320
5F706320
3B317372
6E696220
3562203A
74220022
3A747365
203B3720
203A6763
6C735F49
67635F74
7063203B
7063203A
3173725F
6962203B
62203A6E
22002236
74736574
3B38203A
3A676320
735F4920
635F746C
63203B67
63203A70
73725F70
62203B31
203A6E69
00223762
73657422
39203A74
6763203B
5F49203A
5F746C73
203B6763
203A7063
725F7063
203B3173
3A6E6962
22386220
65742200
203A7473
203B3031
203A6763
6C735F49
67635F74
7063203B
7063203A
3173725F
6962203B
62203A6E
22002239
74736574
3131203A
6763203B
5F49203A
5F746C73
203B6763
203A7063
725F7063
203B3173
3A6E6962
30316220
74220022
3A747365
3B323120
3A676320
735F4920
635F746C
63203B67
63203A70
73725F70
62203B31
203A6E69
22313162
65742200
203A7473
203B3331
203A6763
6C735F49
67635F74
7063203B
7063203A
3173725F
6962203B
62203A6E
00223231
73657422
31203A74
63203B34
49203A67
746C735F
3B67635F
3A706320
5F706320
3B317372
6E696220
3162203A
22002233
74736574
3531203A
6763203B
5F49203A
5F746C73
203B6763
203A7063
725F7063
203B3173
3A6E6962
34316220
74220022
3A747365
3B363120
3A676320
735F4920
635F746C
63203B67
63203A70
73725F70
62203B31
203A6E69
22353162
65742200
203A7473
203B3731
203A6763
6C735F49
67635F74
7063203B
7063203A
3173725F
6962203B
62203A6E
00223631
73657422
31203A74
63203B38
49203A67
746C735F
3B67635F
3A706320
5F706320
3B317372
6E696220
3162203A
22002237
74736574
3931203A
6763203B
5F49203A
5F746C73
203B6763
203A7063
725F7063
203B3173
3A6E6962
38316220
74220022
3A747365
3B303220
3A676320
735F4920
635F746C
63203B67
63203A70
73725F70
62203B31
203A6E69
22393162
65742200
203A7473
203B3132
203A6763
6C735F49
67635F74
7063203B
7063203A
3173725F
6962203B
62203A6E
00223032
73657422
32203A74
63203B32
49203A67
746C735F
3B67635F
3A706320
5F706320
3B317372
6E696220
3262203A
22002231
74736574
3332203A
6763203B
5F49203A
5F746C73
203B6763
203A7063
725F7063
203B3173
3A6E6962
32326220
74220022
3A747365
3B343220
3A676320
735F4920
635F746C
63203B67
63203A70
73725F70
62203B31
203A6E69
22333262
65742200
203A7473
203B3532
203A6763
6C735F49
67635F74
7063203B
7063203A
3173725F
6962203B
62203A6E
00223432
73657422
32203A74
63203B36
49203A67
746C735F
3B67635F
3A706320
5F706320
3B317372
6E696220
3262203A
22002235
74736574
3732203A
6763203B
5F49203A
5F746C73
203B6763
203A7063
725F7063
203B3173
3A6E6962
36326220
74220022
3A747365
3B383220
3A676320
735F4920
635F746C
63203B67
63203A70
73725F70
62203B31
203A6E69
22373262
65742200
203A7473
203B3932
203A6763
6C735F49
67635F74
7063203B
7063203A
3173725F
6962203B
62203A6E
00223832
73657422
33203A74
63203B30
49203A67
746C735F
3B67635F
3A706320
5F706320
3B317372
6E696220
3262203A
22002239
74736574
3133203A
6763203B
5F49203A
5F746C73
203B6763
203A7063
725F7063
203B3173
3A6E6962
30336220
74220022
3A747365
3B323320
3A676320
735F4920
635F746C
63203B67
63203A70
73725F70
62203B31
203A6E69
22313362
65742200
203A7473
203B3333
203A6763
6C735F49
67635F74
7063203B
7063203A
3273725F
6962203B
62203A6E
22002230
74736574
3433203A
6763203B
5F49203A
5F746C73
203B6763
203A7063
725F7063
203B3273
3A6E6962
22316220
65742200
203A7473
203B3533
203A6763
6C735F49
67635F74
7063203B
7063203A
3273725F
6962203B
62203A6E
22002232
74736574
3633203A
6763203B
5F49203A
5F746C73
203B6763
203A7063
725F7063
203B3273
3A6E6962
22336220
65742200
203A7473
203B3733
203A6763
6C735F49
67635F74
7063203B
7063203A
3273725F
6962203B
62203A6E
22002234
74736574
3833203A
6763203B
5F49203A
5F746C73
203B6763
203A7063
725F7063
203B3273
3A6E6962
22356220
65742200
203A7473
203B3933
203A6763
6C735F49
67635F74
7063203B
7063203A
3273725F
6962203B
62203A6E
22002236
74736574
3034203A
6763203B
5F49203A
5F746C73
203B6763
203A7063
725F7063
203B3273
3A6E6962
22376220
65742200
203A7473
203B3134
203A6763
6C735F49
67635F74
7063203B
7063203A
3273725F
6962203B
62203A6E
22002238
74736574
3234203A
6763203B
5F49203A
5F746C73
203B6763
203A7063
725F7063
203B3273
3A6E6962
22396220
65742200
203A7473
203B3334
203A6763
6C735F49
67635F74
7063203B
7063203A
3273725F
6962203B
62203A6E
00223031
73657422
34203A74
63203B34
49203A67
746C735F
3B67635F
3A706320
5F706320
3B327372
6E696220
3162203A
22002231
74736574
3534203A
6763203B
5F49203A
5F746C73
203B6763
203A7063
725F7063
203B3273
3A6E6962
32316220
74220022
3A747365
3B363420
3A676320
735F4920
635F746C
63203B67
63203A70
73725F70
62203B32
203A6E69
22333162
65742200
203A7473
203B3734
203A6763
6C735F49
67635F74
7063203B
7063203A
3273725F
6962203B
62203A6E
00223431
73657422
34203A74
63203B38
49203A67
746C735F
3B67635F
3A706320
5F706320
3B327372
6E696220
3162203A
22002235
74736574
3934203A
6763203B
5F49203A
5F746C73
203B6763
203A7063
725F7063
203B3273
3A6E6962
36316220
74220022
3A747365
3B303520
3A676320
735F4920
635F746C
63203B67
63203A70
73725F70
62203B32
203A6E69
22373162
65742200
203A7473
203B3135
203A6763
6C735F49
67635F74
7063203B
7063203A
3273725F
6962203B
62203A6E
00223831
73657422
35203A74
63203B32
49203A67
746C735F
3B67635F
3A706320
5F706320
3B327372
6E696220
3162203A
22002239
74736574
3335203A
6763203B
5F49203A
5F746C73
203B6763
203A7063
725F7063
203B3273
3A6E6962
30326220
74220022
3A747365
3B343520
3A676320
735F4920
635F746C
63203B67
63203A70
73725F70
62203B32
203A6E69
22313262
65742200
203A7473
203B3535
203A6763
6C735F49
67635F74
7063203B
7063203A
3273725F
6962203B
62203A6E
00223232
73657422
35203A74
63203B36
49203A67
746C735F
3B67635F
3A706320
5F706320
3B327372
6E696220
3262203A
22002233
74736574
3735203A
6763203B
5F49203A
5F746C73
203B6763
203A7063
725F7063
203B3273
3A6E6962
34326220
74220022
3A747365
3B383520
3A676320
735F4920
635F746C
63203B67
63203A70
73725F70
62203B32
203A6E69
22353262
65742200
203A7473
203B3935
203A6763
6C735F49
67635F74
7063203B
7063203A
3273725F
6962203B
62203A6E
00223632
73657422
36203A74
63203B30
49203A67
746C735F
3B67635F
3A706320
5F706320
3B327372
6E696220
3262203A
22002237
74736574
3136203A
6763203B
5F49203A
5F746C73
203B6763
203A7063
725F7063
203B3273
3A6E6962
38326220
74220022
3A747365
3B323620
3A676320
735F4920
635F746C
63203B67
63203A70
73725F70
62203B32
203A6E69
22393262
65742200
203A7473
203B3336
203A6763
6C735F49
67635F74
7063203B
7063203A
3273725F
6962203B
62203A6E
00223033
73657422
36203A74
63203B34
49203A67
746C735F
3B67635F
3A706320
5F706320
3B327372
6E696220
3362203A
22002231
74736574
3536203A
6763203B
5F49203A
5F746C73
203B6763
203A7063
725F7063
786E5F64
62203B30
203A6E69
00223162
73657422
36203A74
63203B36
49203A67
746C735F
3B67635F
3A706320
5F706320
6E5F6472
203B3078
3A6E6962
22326220
65742200
203A7473
203B3736
203A6763
6C735F49
67635F74
7063203B
7063203A
5F64725F
3B30786E
6E696220
3362203A
74220022
3A747365
3B383620
3A676320
735F4920
635F746C
63203B67
63203A70
64725F70
30786E5F
6962203B
62203A6E
22002234
74736574
3936203A
6763203B
5F49203A
5F746C73
203B6763
203A7063
725F7063
786E5F64
62203B30
203A6E69
00223562
73657422
37203A74
63203B30
49203A67
746C735F
3B67635F
3A706320
5F706320
6E5F6472
203B3078
3A6E6962
22366220
65742200
203A7473
203B3137
203A6763
6C735F49
67635F74
7063203B
7063203A
5F64725F
3B30786E
6E696220
3762203A
74220022
3A747365
3B323720
3A676320
735F4920
635F746C
63203B67
63203A70
64725F70
30786E5F
6962203B
62203A6E
22002238
74736574
3337203A
6763203B
5F49203A
5F746C73
203B6763
203A7063
725F7063
786E5F64
62203B30
203A6E69
00223962
73657422
37203A74
63203B34
49203A67
746C735F
3B67635F
3A706320
5F706320
6E5F6472
203B3078
3A6E6962
30316220
74220022
3A747365
3B353720
3A676320
735F4920
635F746C
63203B67
63203A70
64725F70
30786E5F
6962203B
62203A6E
00223131
73657422
37203A74
63203B36
49203A67
746C735F
3B67635F
3A706320
5F706320
6E5F6472
203B3078
3A6E6962
32316220
74220022
3A747365
3B373720
3A676320
735F4920
635F746C
63203B67
63203A70
64725F70
30786E5F
6962203B
62203A6E
00223331
73657422
37203A74
63203B38
49203A67
746C735F
3B67635F
3A706320
5F706320
6E5F6472
203B3078
3A6E6962
34316220
74220022
3A747365
3B393720
3A676320
735F4920
635F746C
63203B67
63203A70
64725F70
30786E5F
6962203B
62203A6E
00223531
73657422
38203A74
63203B30
49203A67
746C735F
3B67635F
3A706320
5F706320
6E5F6472
203B3078
3A6E6962
36316220
74220022
3A747365
3B313820
3A676320
735F4920
635F746C
63203B67
63203A70
64725F70
30786E5F
6962203B
62203A6E
00223731
73657422
38203A74
63203B32
49203A67
746C735F
3B67635F
3A706320
5F706320
6E5F6472
203B3078
3A6E6962
38316220
74220022
3A747365
3B333820
3A676320
735F4920
635F746C
63203B67
63203A70
64725F70
30786E5F
6962203B
62203A6E
00223931
73657422
38203A74
63203B34
49203A67
746C735F
3B67635F
3A706320
5F706320
6E5F6472
203B3078
3A6E6962
30326220
74220022
3A747365
3B353820
3A676320
735F4920
635F746C
63203B67
63203A70
64725F70
30786E5F
6962203B
62203A6E
00223132
73657422
38203A74
63203B36
49203A67
746C735F
3B67635F
3A706320
5F706320
6E5F6472
203B3078
3A6E6962
32326220
74220022
3A747365
3B373820
3A676320
735F4920
635F746C
63203B67
63203A70
64725F70
30786E5F
6962203B
62203A6E
00223332
73657422
38203A74
63203B38
49203A67
746C735F
3B67635F
3A706320
5F706320
6E5F6472
203B3078
3A6E6962
34326220
74220022
3A747365
3B393820
3A676320
735F4920
635F746C
63203B67
63203A70
64725F70
30786E5F
6962203B
62203A6E
00223532
73657422
39203A74
63203B30
49203A67
746C735F
3B67635F
3A706320
5F706320
6E5F6472
203B3078
3A6E6962
36326220
74220022
3A747365
3B313920
3A676320
735F4920
635F746C
63203B67
63203A70
64725F70
30786E5F
6962203B
62203A6E
00223732
73657422
39203A74
63203B32
49203A67
746C735F
3B67635F
3A706320
5F706320
6E5F6472
203B3078
3A6E6962
38326220
74220022
3A747365
3B333920
3A676320
735F4920
635F746C
63203B67
63203A70
64725F70
30786E5F
6962203B
62203A6E
00223932
73657422
39203A74
63203B34
49203A67
746C735F
3B67635F
3A706320
5F706320
6E5F6472
203B3078
3A6E6962
30336220
74220022
3A747365
3B353920
3A676320
735F4920
635F746C
63203B67
63203A70
64725F70
30786E5F
6962203B
62203A6E
00223133
73657422
39203A74
63203B36
49203A67
746C735F
3B67635F
3A706320
5F706320
5F317372
65676465
62203B73
203A6E69
22307830
65742200
203A7473
203B3739
203A6763
6C735F49
67635F74
7063203B
7063203A
3173725F
6764655F
203B7365
3A6E6962
31783020
74220022
3A747365
3B383920
3A676320
735F4920
635F746C
63203B67
63203A70
73725F70
64655F31
3B736567
6E696220
7830203A
22002232
74736574
3939203A
6763203B
5F49203A
5F746C73
203B6763
203A7063
725F7063
655F3173
73656764
6962203B
30203A6E
30303878
30303030
22002230
74736574
3031203A
63203B30
49203A67
746C735F
3B67635F
3A706320
5F706320
5F317372
65676465
62203B73
203A6E69
30387830
30303030
00223130
73657422
31203A74
203B3130
203A6763
6C735F49
67635F74
7063203B
7063203A
3173725F
6764655F
203B7365
3A6E6962
37783020
66666666
22666666
65742200
203A7473
3B323031
3A676320
735F4920
635F746C
63203B67
63203A70
73725F70
64655F31
3B736567
6E696220
7830203A
66666637
65666666
74220022
3A747365
33303120
6763203B
5F49203A
5F746C73
203B6763
203A7063
725F7063
655F3173
73656764
6962203B
30203A6E
66666678
66666666
22002266
74736574
3031203A
63203B34
49203A67
746C735F
3B67635F
3A706320
5F706320
5F317372
65676465
62203B73
203A6E69
66667830
66666666
00226566
73657422
31203A74
203B3530
203A6763
6C735F49
67635F74
7063203B
7063203A
3173725F
6764655F
203B7365
3A6E6962
35783020
38636262
22323738
65742200
203A7473
3B363031
3A676320
735F4920
635F746C
63203B67
63203A70
73725F70
64655F31
3B736567
6E696220
7830203A
61616161
61616161
74220022
3A747365
37303120
6763203B
5F49203A
5F746C73
203B6763
203A7063
725F7063
655F3173
73656764
6962203B
30203A6E
35353578
35353535
22002235
74736574
3031203A
63203B38
49203A67
746C735F
3B67635F
3A706320
5F706320
5F327372
65676465
62203B73
203A6E69
22307830
65742200
203A7473
3B393031
3A676320
735F4920
635F746C
63203B67
63203A70
73725F70
64655F32
3B736567
6E696220
7830203A
22002231
74736574
3131203A
63203B30
49203A67
746C735F
3B67635F
3A706320
5F706320
5F327372
65676465
62203B73
203A6E69
22327830
65742200
203A7473
3B313131
3A676320
735F4920
635F746C
63203B67
63203A70
73725F70
64655F32
3B736567
6E696220
7830203A
30303038
30303030
74220022
3A747365
32313120
6763203B
5F49203A
5F746C73
203B6763
203A7063
725F7063
655F3273
73656764
6962203B
30203A6E
30303878
30303030
22002231
74736574
3131203A
63203B33
49203A67
746C735F
3B67635F
3A706320
5F706320
5F327372
65676465
62203B73
203A6E69
66377830
66666666
00226666
73657422
31203A74
203B3431
203A6763
6C735F49
67635F74
7063203B
7063203A
3273725F
6764655F
203B7365
3A6E6962
37783020
66666666
22656666
65742200
203A7473
3B353131
3A676320
735F4920
635F746C
63203B67
63203A70
73725F70
64655F32
3B736567
6E696220
7830203A
66666666
66666666
74220022
3A747365
36313120
6763203B
5F49203A
5F746C73
203B6763
203A7063
725F7063
655F3273
73656764
6962203B
30203A6E
66666678
66666666
22002265
74736574
3131203A
63203B37
49203A67
746C735F
3B67635F
3A706320
5F706320
5F327372
65676465
62203B73
203A6E69
62357830
38386362
00223237
73657422
31203A74
203B3831
203A6763
6C735F49
67635F74
7063203B
7063203A
3273725F
6764655F
203B7365
3A6E6962
61783020
61616161
22616161
65742200
203A7473
3B393131
3A676320
735F4920
635F746C
63203B67
63203A70
73725F70
64655F32
3B736567
6E696220
7830203A
35353535
35353535
74220022
3A747365
30323120
6763203B
5F49203A
5F746C73
203B6763
203A7063
725F7263
725F3173
655F3273
73656764
6962203B
72203A6E
61763173
78303D6C
72202C30
61763273
78303D6C
22002230
74736574
3231203A
63203B31
49203A67
746C735F
3B67635F
3A706320
5F726320
5F317372
5F327372
65676465
62203B73
203A6E69
76317372
303D6C61
202C3078
76327372
303D6C61
00223178
73657422
31203A74
203B3232
203A6763
6C735F49
67635F74
7063203B
7263203A
3173725F
3273725F
6764655F
203B7365
3A6E6962
31737220
3D6C6176
2C307830
32737220
3D6C6176
22327830
65742200
203A7473
3B333231
3A676320
735F4920
635F746C
63203B67
63203A70
73725F72
73725F31
64655F32
3B736567
6E696220
7372203A
6C617631
3078303D
7372202C
6C617632
3878303D
30303030
22303030
65742200
203A7473
3B343231
3A676320
735F4920
635F746C
63203B67
63203A70
73725F72
73725F31
64655F32
3B736567
6E696220
7372203A
6C617631
3078303D
7372202C
6C617632
3878303D
30303030
22313030
65742200
203A7473
3B353231
3A676320
735F4920
635F746C
63203B67
63203A70
73725F72
73725F31
64655F32
3B736567
6E696220
7372203A
6C617631
3078303D
7372202C
6C617632
3778303D
66666666
22666666
65742200
203A7473
3B363231
3A676320
735F4920
635F746C
63203B67
63203A70
73725F72
73725F31
64655F32
3B736567
6E696220
7372203A
6C617631
3078303D
7372202C
6C617632
3778303D
66666666
22656666
65742200
203A7473
3B373231
3A676320
735F4920
635F746C
63203B67
63203A70
73725F72
73725F31
64655F32
3B736567
6E696220
7372203A
6C617631
3078303D
7372202C
6C617632
6678303D
66666666
22666666
65742200
203A7473
3B383231
3A676320
735F4920
635F746C
63203B67
63203A70
73725F72
73725F31
64655F32
3B736567
6E696220
7372203A
6C617631
3078303D
7372202C
6C617632
6678303D
66666666
22656666
65742200
203A7473
3B393231
3A676320
735F4920
635F746C
63203B67
63203A70
73725F72
73725F31
64655F32
3B736567
6E696220
7372203A
6C617631
3078303D
7372202C
6C617632
3578303D
38636262
22323738
65742200
203A7473
3B303331
3A676320
735F4920
635F746C
63203B67
63203A70
73725F72
73725F31
64655F32
3B736567
6E696220
7372203A
6C617631
3078303D
7372202C
6C617632
6178303D
61616161
22616161
65742200
203A7473
3B313331
3A676320
735F4920
635F746C
63203B67
63203A70
73725F72
73725F31
64655F32
3B736567
6E696220
7372203A
6C617631
3078303D
7372202C
6C617632
3578303D
35353535
22353535
65742200
203A7473
3B323331
3A676320
735F4920
635F746C
63203B67
63203A70
73725F72
73725F31
64655F32
3B736567
6E696220
7372203A
6C617631
3178303D
7372202C
6C617632
3078303D
74220022
3A747365
33333120
6763203B
5F49203A
5F746C73
203B6763
203A7063
725F7263
725F3173
655F3273
73656764
6962203B
72203A6E
61763173
78303D6C
72202C31
61763273
78303D6C
22002231
74736574
3331203A
63203B34
49203A67
746C735F
3B67635F
3A706320
5F726320
5F317372
5F327372
65676465
62203B73
203A6E69
76317372
303D6C61
202C3178
76327372
303D6C61
00223278
73657422
31203A74
203B3533
203A6763
6C735F49
67635F74
7063203B
7263203A
3173725F
3273725F
6764655F
203B7365
3A6E6962
31737220
3D6C6176
2C317830
32737220
3D6C6176
30387830
30303030
00223030
73657422
31203A74
203B3633
203A6763
6C735F49
67635F74
7063203B
7263203A
3173725F
3273725F
6764655F
203B7365
3A6E6962
31737220
3D6C6176
2C317830
32737220
3D6C6176
30387830
30303030
00223130
73657422
31203A74
203B3733
203A6763
6C735F49
67635F74
7063203B
7263203A
3173725F
3273725F
6764655F
203B7365
3A6E6962
31737220
3D6C6176
2C317830
32737220
3D6C6176
66377830
66666666
00226666
73657422
31203A74
203B3833
203A6763
6C735F49
67635F74
7063203B
7263203A
3173725F
3273725F
6764655F
203B7365
3A6E6962
31737220
3D6C6176
2C317830
32737220
3D6C6176
66377830
66666666
00226566
73657422
31203A74
203B3933
203A6763
6C735F49
67635F74
7063203B
7263203A
3173725F
3273725F
6764655F
203B7365
3A6E6962
31737220
3D6C6176
2C317830
32737220
3D6C6176
66667830
66666666
00226666
73657422
31203A74
203B3034
203A6763
6C735F49
67635F74
7063203B
7263203A
3173725F
3273725F
6764655F
203B7365
3A6E6962
31737220
3D6C6176
2C317830
32737220
3D6C6176
66667830
66666666
00226566
73657422
31203A74
203B3134
203A6763
6C735F49
67635F74
7063203B
7263203A
3173725F
3273725F
6764655F
203B7365
3A6E6962
31737220
3D6C6176
2C317830
32737220
3D6C6176
62357830
38386362
00223237
73657422
31203A74
203B3234
203A6763
6C735F49
67635F74
7063203B
7263203A
3173725F
3273725F
6764655F
203B7365
3A6E6962
31737220
3D6C6176
2C317830
32737220
3D6C6176
61617830
61616161
00226161
73657422
31203A74
203B3334
203A6763
6C735F49
67635F74
7063203B
7263203A
3173725F
3273725F
6764655F
203B7365
3A6E6962
31737220
3D6C6176
2C317830
32737220
3D6C6176
35357830
35353535
00223535
73657422
31203A74
203B3434
203A6763
6C735F49
67635F74
7063203B
7263203A
3173725F
3273725F
6764655F
203B7365
3A6E6962
31737220
3D6C6176
2C327830
32737220
3D6C6176
22307830
65742200
203A7473
3B353431
3A676320
735F4920
635F746C
63203B67
63203A70
73725F72
73725F31
64655F32
3B736567
6E696220
7372203A
6C617631
3278303D
7372202C
6C617632
3178303D
74220022
3A747365
36343120
6763203B
5F49203A
5F746C73
203B6763
203A7063
725F7263
725F3173
655F3273
73656764
6962203B
72203A6E
61763173
78303D6C
72202C32
61763273
78303D6C
22002232
74736574
3431203A
63203B37
49203A67
746C735F
3B67635F
3A706320
5F726320
5F317372
5F327372
65676465
62203B73
203A6E69
76317372
303D6C61
202C3278
76327372
303D6C61
30303878
30303030
22002230
74736574
3431203A
63203B38
49203A67
746C735F
3B67635F
3A706320
5F726320
5F317372
5F327372
65676465
62203B73
203A6E69
76317372
303D6C61
202C3278
76327372
303D6C61
30303878
30303030
22002231
74736574
3431203A
63203B39
49203A67
746C735F
3B67635F
3A706320
5F726320
5F317372
5F327372
65676465
62203B73
203A6E69
76317372
303D6C61
202C3278
76327372
303D6C61
66663778
66666666
22002266
74736574
3531203A
63203B30
49203A67
746C735F
3B67635F
3A706320
5F726320
5F317372
5F327372
65676465
62203B73
203A6E69
76317372
303D6C61
202C3278
76327372
303D6C61
66663778
66666666
22002265
74736574
3531203A
63203B31
49203A67
746C735F
3B67635F
3A706320
5F726320
5F317372
5F327372
65676465
62203B73
203A6E69
76317372
303D6C61
202C3278
76327372
303D6C61
66666678
66666666
22002266
74736574
3531203A
63203B32
49203A67
746C735F
3B67635F
3A706320
5F726320
5F317372
5F327372
65676465
62203B73
203A6E69
76317372
303D6C61
202C3278
76327372
303D6C61
66666678
66666666
22002265
74736574
3531203A
63203B33
49203A67
746C735F
3B67635F
3A706320
5F726320
5F317372
5F327372
65676465
62203B73
203A6E69
76317372
303D6C61
202C3278
76327372
303D6C61
62623578
37383863
22002232
74736574
3531203A
63203B34
49203A67
746C735F
3B67635F
3A706320
5F726320
5F317372
5F327372
65676465
62203B73
203A6E69
76317372
303D6C61
202C3278
76327372
303D6C61
61616178
61616161
22002261
74736574
3531203A
63203B35
49203A67
746C735F
3B67635F
3A706320
5F726320
5F317372
5F327372
65676465
62203B73
203A6E69
76317372
303D6C61
202C3278
76327372
303D6C61
35353578
35353535
22002235
74736574
3531203A
63203B36
49203A67
746C735F
3B67635F
3A706320
5F726320
5F317372
5F327372
65676465
62203B73
203A6E69
76317372
303D6C61
30303878
30303030
72202C30
61763273
78303D6C
22002230
74736574
3531203A
63203B37
49203A67
746C735F
3B67635F
3A706320
5F726320
5F317372
5F327372
65676465
62203B73
203A6E69
76317372
303D6C61
30303878
30303030
72202C30
61763273
78303D6C
22002231
74736574
3531203A
63203B38
49203A67
746C735F
3B67635F
3A706320
5F726320
5F317372
5F327372
65676465
62203B73
203A6E69
76317372
303D6C61
30303878
30303030
72202C30
61763273
78303D6C
22002232
74736574
3531203A
63203B39
49203A67
746C735F
3B67635F
3A706320
5F726320
5F317372
5F327372
65676465
62203B73
203A6E69
76317372
303D6C61
30303878
30303030
72202C30
61763273
78303D6C
30303038
30303030
74220022
3A747365
30363120
6763203B
5F49203A
5F746C73
203B6763
203A7063
725F7263
725F3173
655F3273
73656764
6962203B
72203A6E
61763173
78303D6C
30303038
30303030
7372202C
6C617632
3878303D
30303030
22313030
65742200
203A7473
3B313631
3A676320
735F4920
635F746C
63203B67
63203A70
73725F72
73725F31
64655F32
3B736567
6E696220
7372203A
6C617631
3878303D
30303030
2C303030
32737220
3D6C6176
66377830
66666666
00226666
73657422
31203A74
203B3236
203A6763
6C735F49
67635F74
7063203B
7263203A
3173725F
3273725F
6764655F
203B7365
3A6E6962
31737220
3D6C6176
30387830
30303030
202C3030
76327372
303D6C61
66663778
66666666
22002265
74736574
3631203A
63203B33
49203A67
746C735F
3B67635F
3A706320
5F726320
5F317372
5F327372
65676465
62203B73
203A6E69
76317372
303D6C61
30303878
30303030
72202C30
61763273
78303D6C
66666666
66666666
74220022
3A747365
34363120
6763203B
5F49203A
5F746C73
203B6763
203A7063
725F7263
725F3173
655F3273
73656764
6962203B
72203A6E
61763173
78303D6C
30303038
30303030
7372202C
6C617632
6678303D
66666666
22656666
65742200
203A7473
3B353631
3A676320
735F4920
635F746C
63203B67
63203A70
73725F72
73725F31
64655F32
3B736567
6E696220
7372203A
6C617631
3878303D
30303030
2C303030
32737220
3D6C6176
62357830
38386362
00223237
73657422
31203A74
203B3636
203A6763
6C735F49
67635F74
7063203B
7263203A
3173725F
3273725F
6764655F
203B7365
3A6E6962
31737220
3D6C6176
30387830
30303030
202C3030
76327372
303D6C61
61616178
61616161
22002261
74736574
3631203A
63203B37
49203A67
746C735F
3B67635F
3A706320
5F726320
5F317372
5F327372
65676465
62203B73
203A6E69
76317372
303D6C61
30303878
30303030
72202C30
61763273
78303D6C
35353535
35353535
74220022
3A747365
38363120
6763203B
5F49203A
5F746C73
203B6763
203A7063
725F7263
725F3173
655F3273
73656764
6962203B
72203A6E
61763173
78303D6C
30303038
31303030
7372202C
6C617632
3078303D
74220022
3A747365
39363120
6763203B
5F49203A
5F746C73
203B6763
203A7063
725F7263
725F3173
655F3273
73656764
6962203B
72203A6E
61763173
78303D6C
30303038
31303030
7372202C
6C617632
3178303D
74220022
3A747365
30373120
6763203B
5F49203A
5F746C73
203B6763
203A7063
725F7263
725F3173
655F3273
73656764
6962203B
72203A6E
61763173
78303D6C
30303038
31303030
7372202C
6C617632
3278303D
74220022
3A747365
31373120
6763203B
5F49203A
5F746C73
203B6763
203A7063
725F7263
725F3173
655F3273
73656764
6962203B
72203A6E
61763173
78303D6C
30303038
31303030
7372202C
6C617632
3878303D
30303030
22303030
65742200
203A7473
3B323731
3A676320
735F4920
635F746C
63203B67
63203A70
73725F72
73725F31
64655F32
3B736567
6E696220
7372203A
6C617631
3878303D
30303030
2C313030
32737220
3D6C6176
30387830
30303030
00223130
73657422
31203A74
203B3337
203A6763
6C735F49
67635F74
7063203B
7263203A
3173725F
3273725F
6764655F
203B7365
3A6E6962
31737220
3D6C6176
30387830
30303030
202C3130
76327372
303D6C61
66663778
66666666
22002266
74736574
3731203A
63203B34
49203A67
746C735F
3B67635F
3A706320
5F726320
5F317372
5F327372
65676465
62203B73
203A6E69
76317372
303D6C61
30303878
30303030
72202C31
61763273
78303D6C
66666637
65666666
74220022
3A747365
35373120
6763203B
5F49203A
5F746C73
203B6763
203A7063
725F7263
725F3173
655F3273
73656764
6962203B
72203A6E
61763173
78303D6C
30303038
31303030
7372202C
6C617632
6678303D
66666666
22666666
65742200
203A7473
3B363731
3A676320
735F4920
635F746C
63203B67
63203A70
73725F72
73725F31
64655F32
3B736567
6E696220
7372203A
6C617631
3878303D
30303030
2C313030
32737220
3D6C6176
66667830
66666666
00226566
73657422
31203A74
203B3737
203A6763
6C735F49
67635F74
7063203B
7263203A
3173725F
3273725F
6764655F
203B7365
3A6E6962
31737220
3D6C6176
30387830
30303030
202C3130
76327372
303D6C61
62623578
37383863
22002232
74736574
3731203A
63203B38
49203A67
746C735F
3B67635F
3A706320
5F726320
5F317372
5F327372
65676465
62203B73
203A6E69
76317372
303D6C61
30303878
30303030
72202C31
61763273
78303D6C
61616161
61616161
74220022
3A747365
39373120
6763203B
5F49203A
5F746C73
203B6763
203A7063
725F7263
725F3173
655F3273
73656764
6962203B
72203A6E
61763173
78303D6C
30303038
31303030
7372202C
6C617632
3578303D
35353535
22353535
65742200
203A7473
3B303831
3A676320
735F4920
635F746C
63203B67
63203A70
73725F72
73725F31
64655F32
3B736567
6E696220
7372203A
6C617631
3778303D
66666666
2C666666
32737220
3D6C6176
22307830
65742200
203A7473
3B313831
3A676320
735F4920
635F746C
63203B67
63203A70
73725F72
73725F31
64655F32
3B736567
6E696220
7372203A
6C617631
3778303D
66666666
2C666666
32737220
3D6C6176
22317830
65742200
203A7473
3B323831
3A676320
735F4920
635F746C
63203B67
63203A70
73725F72
73725F31
64655F32
3B736567
6E696220
7372203A
6C617631
3778303D
66666666
2C666666
32737220
3D6C6176
22327830
65742200
203A7473
3B333831
3A676320
735F4920
635F746C
63203B67
63203A70
73725F72
73725F31
64655F32
3B736567
6E696220
7372203A
6C617631
3778303D
66666666
2C666666
32737220
3D6C6176
30387830
30303030
00223030
73657422
31203A74
203B3438
203A6763
6C735F49
67635F74
7063203B
7263203A
3173725F
3273725F
6764655F
203B7365
3A6E6962
31737220
3D6C6176
66377830
66666666
202C6666
76327372
303D6C61
30303878
30303030
22002231
74736574
3831203A
63203B35
49203A67
746C735F
3B67635F
3A706320
5F726320
5F317372
5F327372
65676465
62203B73
203A6E69
76317372
303D6C61
66663778
66666666
72202C66
61763273
78303D6C
66666637
66666666
74220022
3A747365
36383120
6763203B
5F49203A
5F746C73
203B6763
203A7063
725F7263
725F3173
655F3273
73656764
6962203B
72203A6E
61763173
78303D6C
66666637
66666666
7372202C
6C617632
3778303D
66666666
22656666
65742200
203A7473
3B373831
3A676320
735F4920
635F746C
63203B67
63203A70
73725F72
73725F31
64655F32
3B736567
6E696220
7372203A
6C617631
3778303D
66666666
2C666666
32737220
3D6C6176
66667830
66666666
00226666
73657422
31203A74
203B3838
203A6763
6C735F49
67635F74
7063203B
7263203A
3173725F
3273725F
6764655F
203B7365
3A6E6962
31737220
3D6C6176
66377830
66666666
202C6666
76327372
303D6C61
66666678
66666666
22002265
74736574
3831203A
63203B39
49203A67
746C735F
3B67635F
3A706320
5F726320
5F317372
5F327372
65676465
62203B73
203A6E69
76317372
303D6C61
66663778
66666666
72202C66
61763273
78303D6C
63626235
32373838
74220022
3A747365
30393120
6763203B
5F49203A
5F746C73
203B6763
203A7063
725F7263
725F3173
655F3273
73656764
6962203B
72203A6E
61763173
78303D6C
66666637
66666666
7372202C
6C617632
6178303D
61616161
22616161
65742200
203A7473
3B313931
3A676320
735F4920
635F746C
63203B67
63203A70
73725F72
73725F31
64655F32
3B736567
6E696220
7372203A
6C617631
3778303D
66666666
2C666666
32737220
3D6C6176
35357830
35353535
00223535
73657422
31203A74
203B3239
203A6763
6C735F49
67635F74
7063203B
7263203A
3173725F
3273725F
6764655F
203B7365
3A6E6962
31737220
3D6C6176
66377830
66666666
202C6566
76327372
303D6C61
00223078
73657422
31203A74
203B3339
203A6763
6C735F49
67635F74
7063203B
7263203A
3173725F
3273725F
6764655F
203B7365
3A6E6962
31737220
3D6C6176
66377830
66666666
202C6566
76327372
303D6C61
00223178
73657422
31203A74
203B3439
203A6763
6C735F49
67635F74
7063203B
7263203A
3173725F
3273725F
6764655F
203B7365
3A6E6962
31737220
3D6C6176
66377830
66666666
202C6566
76327372
303D6C61
00223278
73657422
31203A74
203B3539
203A6763
6C735F49
67635F74
7063203B
7263203A
3173725F
3273725F
6764655F
203B7365
3A6E6962
31737220
3D6C6176
66377830
66666666
202C6566
76327372
303D6C61
30303878
30303030
22002230
74736574
3931203A
63203B36
49203A67
746C735F
3B67635F
3A706320
5F726320
5F317372
5F327372
65676465
62203B73
203A6E69
76317372
303D6C61
66663778
66666666
72202C65
61763273
78303D6C
30303038
31303030
74220022
3A747365
37393120
6763203B
5F49203A
5F746C73
203B6763
203A7063
725F7263
725F3173
655F3273
73656764
6962203B
72203A6E
61763173
78303D6C
66666637
65666666
7372202C
6C617632
3778303D
66666666
22666666
65742200
203A7473
3B383931
3A676320
735F4920
635F746C
63203B67
63203A70
73725F72
73725F31
64655F32
3B736567
6E696220
7372203A
6C617631
3778303D
66666666
2C656666
32737220
3D6C6176
66377830
66666666
00226566
73657422
31203A74
203B3939
203A6763
6C735F49
67635F74
7063203B
7263203A
3173725F
3273725F
6764655F
203B7365
3A6E6962
31737220
3D6C6176
66377830
66666666
202C6566
76327372
303D6C61
66666678
66666666
22002266
74736574
3032203A
63203B30
49203A67
746C735F
3B67635F
3A706320
5F726320
5F317372
5F327372
65676465
62203B73
203A6E69
76317372
303D6C61
66663778
66666666
72202C65
61763273
78303D6C
66666666
65666666
74220022
3A747365
31303220
6763203B
5F49203A
5F746C73
203B6763
203A7063
725F7263
725F3173
655F3273
73656764
6962203B
72203A6E
61763173
78303D6C
66666637
65666666
7372202C
6C617632
3578303D
38636262
22323738
65742200
203A7473
3B323032
3A676320
735F4920
635F746C
63203B67
63203A70
73725F72
73725F31
64655F32
3B736567
6E696220
7372203A
6C617631
3778303D
66666666
2C656666
32737220
3D6C6176
61617830
61616161
00226161
73657422
32203A74
203B3330
203A6763
6C735F49
67635F74
7063203B
7263203A
3173725F
3273725F
6764655F
203B7365
3A6E6962
31737220
3D6C6176
66377830
66666666
202C6566
76327372
303D6C61
35353578
35353535
22002235
74736574
3032203A
63203B34
49203A67
746C735F
3B67635F
3A706320
5F726320
5F317372
5F327372
65676465
62203B73
203A6E69
76317372
303D6C61
66666678
66666666
72202C66
61763273
78303D6C
22002230
74736574
3032203A
63203B35
49203A67
746C735F
3B67635F
3A706320
5F726320
5F317372
5F327372
65676465
62203B73
203A6E69
76317372
303D6C61
66666678
66666666
72202C66
61763273
78303D6C
22002231
74736574
3032203A
63203B36
49203A67
746C735F
3B67635F
3A706320
5F726320
5F317372
5F327372
65676465
62203B73
203A6E69
76317372
303D6C61
66666678
66666666
72202C66
61763273
78303D6C
22002232
74736574
3032203A
63203B37
49203A67
746C735F
3B67635F
3A706320
5F726320
5F317372
5F327372
65676465
62203B73
203A6E69
76317372
303D6C61
66666678
66666666
72202C66
61763273
78303D6C
30303038
30303030
74220022
3A747365
38303220
6763203B
5F49203A
5F746C73
203B6763
203A7063
725F7263
725F3173
655F3273
73656764
6962203B
72203A6E
61763173
78303D6C
66666666
66666666
7372202C
6C617632
3878303D
30303030
22313030
65742200
203A7473
3B393032
3A676320
735F4920
635F746C
63203B67
63203A70
73725F72
73725F31
64655F32
3B736567
6E696220
7372203A
6C617631
6678303D
66666666
2C666666
32737220
3D6C6176
66377830
66666666
00226666
73657422
32203A74
203B3031
203A6763
6C735F49
67635F74
7063203B
7263203A
3173725F
3273725F
6764655F
203B7365
3A6E6962
31737220
3D6C6176
66667830
66666666
202C6666
76327372
303D6C61
66663778
66666666
22002265
74736574
3132203A
63203B31
49203A67
746C735F
3B67635F
3A706320
5F726320
5F317372
5F327372
65676465
62203B73
203A6E69
76317372
303D6C61
66666678
66666666
72202C66
61763273
78303D6C
66666666
66666666
74220022
3A747365
32313220
6763203B
5F49203A
5F746C73
203B6763
203A7063
725F7263
725F3173
655F3273
73656764
6962203B
72203A6E
61763173
78303D6C
66666666
66666666
7372202C
6C617632
6678303D
66666666
22656666
65742200
203A7473
3B333132
3A676320
735F4920
635F746C
63203B67
63203A70
73725F72
73725F31
64655F32
3B736567
6E696220
7372203A
6C617631
6678303D
66666666
2C666666
32737220
3D6C6176
62357830
38386362
00223237
73657422
32203A74
203B3431
203A6763
6C735F49
67635F74
7063203B
7263203A
3173725F
3273725F
6764655F
203B7365
3A6E6962
31737220
3D6C6176
66667830
66666666
202C6666
76327372
303D6C61
61616178
61616161
22002261
74736574
3132203A
63203B35
49203A67
746C735F
3B67635F
3A706320
5F726320
5F317372
5F327372
65676465
62203B73
203A6E69
76317372
303D6C61
66666678
66666666
72202C66
61763273
78303D6C
35353535
35353535
74220022
3A747365
36313220
6763203B
5F49203A
5F746C73
203B6763
203A7063
725F7263
725F3173
655F3273
73656764
6962203B
72203A6E
61763173
78303D6C
66666666
65666666
7372202C
6C617632
3078303D
74220022
3A747365
37313220
6763203B
5F49203A
5F746C73
203B6763
203A7063
725F7263
725F3173
655F3273
73656764
6962203B
72203A6E
61763173
78303D6C
66666666
65666666
7372202C
6C617632
3178303D
74220022
3A747365
38313220
6763203B
5F49203A
5F746C73
203B6763
203A7063
725F7263
725F3173
655F3273
73656764
6962203B
72203A6E
61763173
78303D6C
66666666
65666666
7372202C
6C617632
3278303D
74220022
3A747365
39313220
6763203B
5F49203A
5F746C73
203B6763
203A7063
725F7263
725F3173
655F3273
73656764
6962203B
72203A6E
61763173
78303D6C
66666666
65666666
7372202C
6C617632
3878303D
30303030
22303030
65742200
203A7473
3B303232
3A676320
735F4920
635F746C
63203B67
63203A70
73725F72
73725F31
64655F32
3B736567
6E696220
7372203A
6C617631
6678303D
66666666
2C656666
32737220
3D6C6176
30387830
30303030
00223130
73657422
32203A74
203B3132
203A6763
6C735F49
67635F74
7063203B
7263203A
3173725F
3273725F
6764655F
203B7365
3A6E6962
31737220
3D6C6176
66667830
66666666
202C6566
76327372
303D6C61
66663778
66666666
22002266
74736574
3232203A
63203B32
49203A67
746C735F
3B67635F
3A706320
5F726320
5F317372
5F327372
65676465
62203B73
203A6E69
76317372
303D6C61
66666678
66666666
72202C65
61763273
78303D6C
66666637
65666666
74220022
3A747365
33323220
6763203B
5F49203A
5F746C73
203B6763
203A7063
725F7263
725F3173
655F3273
73656764
6962203B
72203A6E
61763173
78303D6C
66666666
65666666
7372202C
6C617632
6678303D
66666666
22666666
65742200
203A7473
3B343232
3A676320
735F4920
635F746C
63203B67
63203A70
73725F72
73725F31
64655F32
3B736567
6E696220
7372203A
6C617631
6678303D
66666666
2C656666
32737220
3D6C6176
66667830
66666666
00226566
73657422
32203A74
203B3532
203A6763
6C735F49
67635F74
7063203B
7263203A
3173725F
3273725F
6764655F
203B7365
3A6E6962
31737220
3D6C6176
66667830
66666666
202C6566
76327372
303D6C61
62623578
37383863
22002232
74736574
3232203A
63203B36
49203A67
746C735F
3B67635F
3A706320
5F726320
5F317372
5F327372
65676465
62203B73
203A6E69
76317372
303D6C61
66666678
66666666
72202C65
61763273
78303D6C
61616161
61616161
74220022
3A747365
37323220
6763203B
5F49203A
5F746C73
203B6763
203A7063
725F7263
725F3173
655F3273
73656764
6962203B
72203A6E
61763173
78303D6C
66666666
65666666
7372202C
6C617632
3578303D
35353535
22353535
65742200
203A7473
3B383232
3A676320
735F4920
635F746C
63203B67
63203A70
73725F72
73725F31
64655F32
3B736567
6E696220
7372203A
6C617631
3578303D
38636262
2C323738
32737220
3D6C6176
22307830
65742200
203A7473
3B393232
3A676320
735F4920
635F746C
63203B67
63203A70
73725F72
73725F31
64655F32
3B736567
6E696220
7372203A
6C617631
3578303D
38636262
2C323738
32737220
3D6C6176
22317830
65742200
203A7473
3B303332
3A676320
735F4920
635F746C
63203B67
63203A70
73725F72
73725F31
64655F32
3B736567
6E696220
7372203A
6C617631
3578303D
38636262
2C323738
32737220
3D6C6176
22327830
65742200
203A7473
3B313332
3A676320
735F4920
635F746C
63203B67
63203A70
73725F72
73725F31
64655F32
3B736567
6E696220
7372203A
6C617631
3578303D
38636262
2C323738
32737220
3D6C6176
30387830
30303030
00223030
73657422
32203A74
203B3233
203A6763
6C735F49
67635F74
7063203B
7263203A
3173725F
3273725F
6764655F
203B7365
3A6E6962
31737220
3D6C6176
62357830
38386362
202C3237
76327372
303D6C61
30303878
30303030
22002231
74736574
3332203A
63203B33
49203A67
746C735F
3B67635F
3A706320
5F726320
5F317372
5F327372
65676465
62203B73
203A6E69
76317372
303D6C61
62623578
37383863
72202C32
61763273
78303D6C
66666637
66666666
74220022
3A747365
34333220
6763203B
5F49203A
5F746C73
203B6763
203A7063
725F7263
725F3173
655F3273
73656764
6962203B
72203A6E
61763173
78303D6C
63626235
32373838
7372202C
6C617632
3778303D
66666666
22656666
65742200
203A7473
3B353332
3A676320
735F4920
635F746C
63203B67
63203A70
73725F72
73725F31
64655F32
3B736567
6E696220
7372203A
6C617631
3578303D
38636262
2C323738
32737220
3D6C6176
66667830
66666666
00226666
73657422
32203A74
203B3633
203A6763
6C735F49
67635F74
7063203B
7263203A
3173725F
3273725F
6764655F
203B7365
3A6E6962
31737220
3D6C6176
62357830
38386362
202C3237
76327372
303D6C61
66666678
66666666
22002265
74736574
3332203A
63203B37
49203A67
746C735F
3B67635F
3A706320
5F726320
5F317372
5F327372
65676465
62203B73
203A6E69
76317372
303D6C61
62623578
37383863
72202C32
61763273
78303D6C
63626235
32373838
74220022
3A747365
38333220
6763203B
5F49203A
5F746C73
203B6763
203A7063
725F7263
725F3173
655F3273
73656764
6962203B
72203A6E
61763173
78303D6C
63626235
32373838
7372202C
6C617632
6178303D
61616161
22616161
65742200
203A7473
3B393332
3A676320
735F4920
635F746C
63203B67
63203A70
73725F72
73725F31
64655F32
3B736567
6E696220
7372203A
6C617631
3578303D
38636262
2C323738
32737220
3D6C6176
35357830
35353535
00223535
73657422
32203A74
203B3034
203A6763
6C735F49
67635F74
7063203B
7263203A
3173725F
3273725F
6764655F
203B7365
3A6E6962
31737220
3D6C6176
61617830
61616161
202C6161
76327372
303D6C61
00223078
73657422
32203A74
203B3134
203A6763
6C735F49
67635F74
7063203B
7263203A
3173725F
3273725F
6764655F
203B7365
3A6E6962
31737220
3D6C6176
61617830
61616161
202C6161
76327372
303D6C61
00223178
73657422
32203A74
203B3234
203A6763
6C735F49
67635F74
7063203B
7263203A
3173725F
3273725F
6764655F
203B7365
3A6E6962
31737220
3D6C6176
61617830
61616161
202C6161
76327372
303D6C61
00223278
73657422
32203A74
203B3334
203A6763
6C735F49
67635F74
7063203B
7263203A
3173725F
3273725F
6764655F
203B7365
3A6E6962
31737220
3D6C6176
61617830
61616161
202C6161
76327372
303D6C61
30303878
30303030
22002230
74736574
3432203A
63203B34
49203A67
746C735F
3B67635F
3A706320
5F726320
5F317372
5F327372
65676465
62203B73
203A6E69
76317372
303D6C61
61616178
61616161
72202C61
61763273
78303D6C
30303038
31303030
74220022
3A747365
35343220
6763203B
5F49203A
5F746C73
203B6763
203A7063
725F7263
725F3173
655F3273
73656764
6962203B
72203A6E
61763173
78303D6C
61616161
61616161
7372202C
6C617632
3778303D
66666666
22666666
65742200
203A7473
3B363432
3A676320
735F4920
635F746C
63203B67
63203A70
73725F72
73725F31
64655F32
3B736567
6E696220
7372203A
6C617631
6178303D
61616161
2C616161
32737220
3D6C6176
66377830
66666666
00226566
73657422
32203A74
203B3734
203A6763
6C735F49
67635F74
7063203B
7263203A
3173725F
3273725F
6764655F
203B7365
3A6E6962
31737220
3D6C6176
61617830
61616161
202C6161
76327372
303D6C61
66666678
66666666
22002266
74736574
3432203A
63203B38
49203A67
746C735F
3B67635F
3A706320
5F726320
5F317372
5F327372
65676465
62203B73
203A6E69
76317372
303D6C61
61616178
61616161
72202C61
61763273
78303D6C
66666666
65666666
74220022
3A747365
39343220
6763203B
5F49203A
5F746C73
203B6763
203A7063
725F7263
725F3173
655F3273
73656764
6962203B
72203A6E
61763173
78303D6C
61616161
61616161
7372202C
6C617632
3578303D
38636262
22323738
65742200
203A7473
3B303532
3A676320
735F4920
635F746C
63203B67
63203A70
73725F72
73725F31
64655F32
3B736567
6E696220
7372203A
6C617631
6178303D
61616161
2C616161
32737220
3D6C6176
61617830
61616161
00226161
73657422
32203A74
203B3135
203A6763
6C735F49
67635F74
7063203B
7263203A
3173725F
3273725F
6764655F
203B7365
3A6E6962
31737220
3D6C6176
61617830
61616161
202C6161
76327372
303D6C61
35353578
35353535
22002235
74736574
3532203A
63203B32
49203A67
746C735F
3B67635F
3A706320
5F726320
5F317372
5F327372
65676465
62203B73
203A6E69
76317372
303D6C61
35353578
35353535
72202C35
61763273
78303D6C
22002230
74736574
3532203A
63203B33
49203A67
746C735F
3B67635F
3A706320
5F726320
5F317372
5F327372
65676465
62203B73
203A6E69
76317372
303D6C61
35353578
35353535
72202C35
61763273
78303D6C
22002231
74736574
3532203A
63203B34
49203A67
746C735F
3B67635F
3A706320
5F726320
5F317372
5F327372
65676465
62203B73
203A6E69
76317372
303D6C61
35353578
35353535
72202C35
61763273
78303D6C
22002232
74736574
3532203A
63203B35
49203A67
746C735F
3B67635F
3A706320
5F726320
5F317372
5F327372
65676465
62203B73
203A6E69
76317372
303D6C61
35353578
35353535
72202C35
61763273
78303D6C
30303038
30303030
74220022
3A747365
36353220
6763203B
5F49203A
5F746C73
203B6763
203A7063
725F7263
725F3173
655F3273
73656764
6962203B
72203A6E
61763173
78303D6C
35353535
35353535
7372202C
6C617632
3878303D
30303030
22313030
65742200
203A7473
3B373532
3A676320
735F4920
635F746C
63203B67
63203A70
73725F72
73725F31
64655F32
3B736567
6E696220
7372203A
6C617631
3578303D
35353535
2C353535
32737220
3D6C6176
66377830
66666666
00226666
73657422
32203A74
203B3835
203A6763
6C735F49
67635F74
7063203B
7263203A
3173725F
3273725F
6764655F
203B7365
3A6E6962
31737220
3D6C6176
35357830
35353535
202C3535
76327372
303D6C61
66663778
66666666
22002265
74736574
3532203A
63203B39
49203A67
746C735F
3B67635F
3A706320
5F726320
5F317372
5F327372
65676465
62203B73
203A6E69
76317372
303D6C61
35353578
35353535
72202C35
61763273
78303D6C
66666666
66666666
74220022
3A747365
30363220
6763203B
5F49203A
5F746C73
203B6763
203A7063
725F7263
725F3173
655F3273
73656764
6962203B
72203A6E
61763173
78303D6C
35353535
35353535
7372202C
6C617632
6678303D
66666666
22656666
65742200
203A7473
3B313632
3A676320
735F4920
635F746C
63203B67
63203A70
73725F72
73725F31
64655F32
3B736567
6E696220
7372203A
6C617631
3578303D
35353535
2C353535
32737220
3D6C6176
62357830
38386362
00223237
73657422
32203A74
203B3236
203A6763
6C735F49
67635F74
7063203B
7263203A
3173725F
3273725F
6764655F
203B7365
3A6E6962
31737220
3D6C6176
35357830
35353535
202C3535
76327372
303D6C61
61616178
61616161
22002261
74736574
3632203A
63203B33
49203A67
746C735F
3B67635F
3A706320
5F726320
5F317372
5F327372
65676465
62203B73
203A6E69
76317372
303D6C61
35353578
35353535
72202C35
61763273
78303D6C
35353535
35353535
74220022
3A747365
34363220
6763203B
5F49203A
5F746C73
203B6763
203A7063
5F706D63
5F317372
3B327372
6E696220
3062203A
74220022
3A747365
35363220
6763203B
5F49203A
5F746C73
203B6763
203A7063
5F706D63
5F317372
3B327372
6E696220
3162203A
74220022
3A747365
36363220
6763203B
5F49203A
5F746C73
203B6763
203A7063
5F706D63
5F317372
3B327372
6E696220
3262203A
74220022
3A747365
37363220
6763203B
5F49203A
5F746C73
203B6763
203A7063
5F706D63
5F317372
3B327372
6E696220
3362203A
74220022
3A747365
38363220
6763203B
5F49203A
5F746C73
203B6763
203A7063
5F706D63
5F317372
3B327372
6E696220
3462203A
74220022
3A747365
39363220
6763203B
5F49203A
5F746C73
203B6763
203A7063
5F706D63
5F317372
3B327372
6E696220
3562203A
74220022
3A747365
30373220
6763203B
5F49203A
5F746C73
203B6763
203A7063
5F706D63
5F317372
3B327372
6E696220
3662203A
74220022
3A747365
31373220
6763203B
5F49203A
5F746C73
203B6763
203A7063
5F706D63
5F317372
3B327372
6E696220
3762203A
74220022
3A747365
32373220
6763203B
5F49203A
5F746C73
203B6763
203A7063
5F706D63
5F317372
3B327372
6E696220
3862203A
74220022
3A747365
33373220
6763203B
5F49203A
5F746C73
203B6763
203A7063
5F706D63
5F317372
3B327372
6E696220
3962203A
74220022
3A747365
34373220
6763203B
5F49203A
5F746C73
203B6763
203A7063
5F706D63
5F317372
3B327372
6E696220
3162203A
22002230
74736574
3732203A
63203B35
49203A67
746C735F
3B67635F
3A706320
706D6320
3173725F
3273725F
6962203B
62203A6E
00223131
73657422
32203A74
203B3637
203A6763
6C735F49
67635F74
7063203B
6D63203A
73725F70
73725F31
62203B32
203A6E69
22323162
65742200
203A7473
3B373732
3A676320
735F4920
635F746C
63203B67
63203A70
725F706D
725F3173
203B3273
3A6E6962
33316220
74220022
3A747365
38373220
6763203B
5F49203A
5F746C73
203B6763
203A7063
5F706D63
5F317372
3B327372
6E696220
3162203A
22002234
74736574
3732203A
63203B39
49203A67
746C735F
3B67635F
3A706320
706D6320
3173725F
3273725F
6962203B
62203A6E
00223531
73657422
32203A74
203B3038
203A6763
6C735F49
67635F74
7063203B
6D63203A
73725F70
73725F31
62203B32
203A6E69
22363162
65742200
203A7473
3B313832
3A676320
735F4920
635F746C
63203B67
63203A70
725F706D
725F3173
203B3273
3A6E6962
37316220
74220022
3A747365
32383220
6763203B
5F49203A
5F746C73
203B6763
203A7063
5F706D63
5F317372
3B327372
6E696220
3162203A
22002238
74736574
3832203A
63203B33
49203A67
746C735F
3B67635F
3A706320
706D6320
3173725F
3273725F
6962203B
62203A6E
00223931
73657422
32203A74
203B3438
203A6763
6C735F49
67635F74
7063203B
6D63203A
73725F70
73725F31
62203B32
203A6E69
22303262
65742200
203A7473
3B353832
3A676320
735F4920
635F746C
63203B67
63203A70
725F706D
725F3173
203B3273
3A6E6962
31326220
74220022
3A747365
36383220
6763203B
5F49203A
5F746C73
203B6763
203A7063
5F706D63
5F317372
3B327372
6E696220
3262203A
22002232
74736574
3832203A
63203B37
49203A67
746C735F
3B67635F
3A706320
706D6320
3173725F
3273725F
6962203B
62203A6E
00223332
73657422
32203A74
203B3838
203A6763
6C735F49
67635F74
7063203B
6D63203A
73725F70
73725F31
62203B32
203A6E69
22343262
65742200
203A7473
3B393832
3A676320
735F4920
635F746C
63203B67
63203A70
725F706D
725F3173
203B3273
3A6E6962
35326220
74220022
3A747365
30393220
6763203B
5F49203A
5F746C73
203B6763
203A7063
5F706D63
5F317372
3B327372
6E696220
3262203A
22002236
74736574
3932203A
63203B31
49203A67
746C735F
3B67635F
3A706320
706D6320
3173725F
3273725F
6962203B
62203A6E
00223732
73657422
32203A74
203B3239
203A6763
6C735F49
67635F74
7063203B
6D63203A
73725F70
73725F31
62203B32
203A6E69
22383262
65742200
203A7473
3B333932
3A676320
735F4920
635F746C
63203B67
63203A70
725F706D
725F3173
203B3273
3A6E6962
39326220
74220022
3A747365
34393220
6763203B
5F49203A
5F746C73
203B6763
203A7063
5F706D63
5F317372
3B327372
6E696220
3362203A
22002230
74736574
3932203A
63203B35
49203A67
746C735F
3B67635F
3A706320
706D6320
3173725F
3273725F
6962203B
62203A6E
00223133
73657422
32203A74
203B3639
203A6763
6C735F49
67635F74
7063203B
6D63203A
64725F70
3173725F
30786E5F
6962203B
62203A6E
22002231
74736574
3932203A
63203B37
49203A67
746C735F
3B67635F
3A706320
706D6320
5F64725F
5F317372
3B30786E
6E696220
3262203A
74220022
3A747365
38393220
6763203B
5F49203A
5F746C73
203B6763
203A7063
5F706D63
725F6472
6E5F3173
203B3078
3A6E6962
22336220
65742200
203A7473
3B393932
3A676320
735F4920
635F746C
63203B67
63203A70
725F706D
73725F64
786E5F31
62203B30
203A6E69
00223462
73657422
33203A74
203B3030
203A6763
6C735F49
67635F74
7063203B
6D63203A
64725F70
3173725F
30786E5F
6962203B
62203A6E
22002235
74736574
3033203A
63203B31
49203A67
746C735F
3B67635F
3A706320
706D6320
5F64725F
5F317372
3B30786E
6E696220
3662203A
74220022
3A747365
32303320
6763203B
5F49203A
5F746C73
203B6763
203A7063
5F706D63
725F6472
6E5F3173
203B3078
3A6E6962
22376220
65742200
203A7473
3B333033
3A676320
735F4920
635F746C
63203B67
63203A70
725F706D
73725F64
786E5F31
62203B30
203A6E69
00223862
73657422
33203A74
203B3430
203A6763
6C735F49
67635F74
7063203B
6D63203A
64725F70
3173725F
30786E5F
6962203B
62203A6E
22002239
74736574
3033203A
63203B35
49203A67
746C735F
3B67635F
3A706320
706D6320
5F64725F
5F317372
3B30786E
6E696220
3162203A
22002230
74736574
3033203A
63203B36
49203A67
746C735F
3B67635F
3A706320
706D6320
5F64725F
5F317372
3B30786E
6E696220
3162203A
22002231
74736574
3033203A
63203B37
49203A67
746C735F
3B67635F
3A706320
706D6320
5F64725F
5F317372
3B30786E
6E696220
3162203A
22002232
74736574
3033203A
63203B38
49203A67
746C735F
3B67635F
3A706320
706D6320
5F64725F
5F317372
3B30786E
6E696220
3162203A
22002233
74736574
3033203A
63203B39
49203A67
746C735F
3B67635F
3A706320
706D6320
5F64725F
5F317372
3B30786E
6E696220
3162203A
22002234
74736574
3133203A
63203B30
49203A67
746C735F
3B67635F
3A706320
706D6320
5F64725F
5F317372
3B30786E
6E696220
3162203A
22002235
74736574
3133203A
63203B31
49203A67
746C735F
3B67635F
3A706320
706D6320
5F64725F
5F317372
3B30786E
6E696220
3162203A
22002236
74736574
3133203A
63203B32
49203A67
746C735F
3B67635F
3A706320
706D6320
5F64725F
5F317372
3B30786E
6E696220
3162203A
22002237
74736574
3133203A
63203B33
49203A67
746C735F
3B67635F
3A706320
706D6320
5F64725F
5F317372
3B30786E
6E696220
3162203A
22002238
74736574
3133203A
63203B34
49203A67
746C735F
3B67635F
3A706320
706D6320
5F64725F
5F317372
3B30786E
6E696220
3162203A
22002239
74736574
3133203A
63203B35
49203A67
746C735F
3B67635F
3A706320
706D6320
5F64725F
5F317372
3B30786E
6E696220
3262203A
22002230
74736574
3133203A
63203B36
49203A67
746C735F
3B67635F
3A706320
706D6320
5F64725F
5F317372
3B30786E
6E696220
3262203A
22002231
74736574
3133203A
63203B37
49203A67
746C735F
3B67635F
3A706320
706D6320
5F64725F
5F317372
3B30786E
6E696220
3262203A
22002232
74736574
3133203A
63203B38
49203A67
746C735F
3B67635F
3A706320
706D6320
5F64725F
5F317372
3B30786E
6E696220
3262203A
22002233
74736574
3133203A
63203B39
49203A67
746C735F
3B67635F
3A706320
706D6320
5F64725F
5F317372
3B30786E
6E696220
3262203A
22002234
74736574
3233203A
63203B30
49203A67
746C735F
3B67635F
3A706320
706D6320
5F64725F
5F317372
3B30786E
6E696220
3262203A
22002235
74736574
3233203A
63203B31
49203A67
746C735F
3B67635F
3A706320
706D6320
5F64725F
5F317372
3B30786E
6E696220
3262203A
22002236
74736574
3233203A
63203B32
49203A67
746C735F
3B67635F
3A706320
706D6320
5F64725F
5F317372
3B30786E
6E696220
3262203A
22002237
74736574
3233203A
63203B33
49203A67
746C735F
3B67635F
3A706320
706D6320
5F64725F
5F317372
3B30786E
6E696220
3262203A
22002238
74736574
3233203A
63203B34
49203A67
746C735F
3B67635F
3A706320
706D6320
5F64725F
5F317372
3B30786E
6E696220
3262203A
22002239
74736574
3233203A
63203B35
49203A67
746C735F
3B67635F
3A706320
706D6320
5F64725F
5F317372
3B30786E
6E696220
3362203A
22002230
74736574
3233203A
63203B36
49203A67
746C735F
3B67635F
3A706320
706D6320
5F64725F
5F317372
3B30786E
6E696220
3362203A
22002231
74736574
3233203A
63203B37
49203A67
746C735F
3B67635F
3A706320
706D6320
5F64725F
5F327372
3B30786E
6E696220
3162203A
74220022
3A747365
38323320
6763203B
5F49203A
5F746C73
203B6763
203A7063
5F706D63
725F6472
6E5F3273
203B3078
3A6E6962
22326220
65742200
203A7473
3B393233
3A676320
735F4920
635F746C
63203B67
63203A70
725F706D
73725F64
786E5F32
62203B30
203A6E69
00223362
73657422
33203A74
203B3033
203A6763
6C735F49
67635F74
7063203B
6D63203A
64725F70
3273725F
30786E5F
6962203B
62203A6E
22002234
74736574
3333203A
63203B31
49203A67
746C735F
3B67635F
3A706320
706D6320
5F64725F
5F327372
3B30786E
6E696220
3562203A
74220022
3A747365
32333320
6763203B
5F49203A
5F746C73
203B6763
203A7063
5F706D63
725F6472
6E5F3273
203B3078
3A6E6962
22366220
65742200
203A7473
3B333333
3A676320
735F4920
635F746C
63203B67
63203A70
725F706D
73725F64
786E5F32
62203B30
203A6E69
00223762
73657422
33203A74
203B3433
203A6763
6C735F49
67635F74
7063203B
6D63203A
64725F70
3273725F
30786E5F
6962203B
62203A6E
22002238
74736574
3333203A
63203B35
49203A67
746C735F
3B67635F
3A706320
706D6320
5F64725F
5F327372
3B30786E
6E696220
3962203A
74220022
3A747365
36333320
6763203B
5F49203A
5F746C73
203B6763
203A7063
5F706D63
725F6472
6E5F3273
203B3078
3A6E6962
30316220
74220022
3A747365
37333320
6763203B
5F49203A
5F746C73
203B6763
203A7063
5F706D63
725F6472
6E5F3273
203B3078
3A6E6962
31316220
74220022
3A747365
38333320
6763203B
5F49203A
5F746C73
203B6763
203A7063
5F706D63
725F6472
6E5F3273
203B3078
3A6E6962
32316220
74220022
3A747365
39333320
6763203B
5F49203A
5F746C73
203B6763
203A7063
5F706D63
725F6472
6E5F3273
203B3078
3A6E6962
33316220
74220022
3A747365
30343320
6763203B
5F49203A
5F746C73
203B6763
203A7063
5F706D63
725F6472
6E5F3273
203B3078
3A6E6962
34316220
74220022
3A747365
31343320
6763203B
5F49203A
5F746C73
203B6763
203A7063
5F706D63
725F6472
6E5F3273
203B3078
3A6E6962
35316220
74220022
3A747365
32343320
6763203B
5F49203A
5F746C73
203B6763
203A7063
5F706D63
725F6472
6E5F3273
203B3078
3A6E6962
36316220
74220022
3A747365
33343320
6763203B
5F49203A
5F746C73
203B6763
203A7063
5F706D63
725F6472
6E5F3273
203B3078
3A6E6962
37316220
74220022
3A747365
34343320
6763203B
5F49203A
5F746C73
203B6763
203A7063
5F706D63
725F6472
6E5F3273
203B3078
3A6E6962
38316220
74220022
3A747365
35343320
6763203B
5F49203A
5F746C73
203B6763
203A7063
5F706D63
725F6472
6E5F3273
203B3078
3A6E6962
39316220
74220022
3A747365
36343320
6763203B
5F49203A
5F746C73
203B6763
203A7063
5F706D63
725F6472
6E5F3273
203B3078
3A6E6962
30326220
74220022
3A747365
37343320
6763203B
5F49203A
5F746C73
203B6763
203A7063
5F706D63
725F6472
6E5F3273
203B3078
3A6E6962
31326220
74220022
3A747365
38343320
6763203B
5F49203A
5F746C73
203B6763
203A7063
5F706D63
725F6472
6E5F3273
203B3078
3A6E6962
32326220
74220022
3A747365
39343320
6763203B
5F49203A
5F746C73
203B6763
203A7063
5F706D63
725F6472
6E5F3273
203B3078
3A6E6962
33326220
74220022
3A747365
30353320
6763203B
5F49203A
5F746C73
203B6763
203A7063
5F706D63
725F6472
6E5F3273
203B3078
3A6E6962
34326220
74220022
3A747365
31353320
6763203B
5F49203A
5F746C73
203B6763
203A7063
5F706D63
725F6472
6E5F3273
203B3078
3A6E6962
35326220
74220022
3A747365
32353320
6763203B
5F49203A
5F746C73
203B6763
203A7063
5F706D63
725F6472
6E5F3273
203B3078
3A6E6962
36326220
74220022
3A747365
33353320
6763203B
5F49203A
5F746C73
203B6763
203A7063
5F706D63
725F6472
6E5F3273
203B3078
3A6E6962
37326220
74220022
3A747365
34353320
6763203B
5F49203A
5F746C73
203B6763
203A7063
5F706D63
725F6472
6E5F3273
203B3078
3A6E6962
38326220
74220022
3A747365
35353320
6763203B
5F49203A
5F746C73
203B6763
203A7063
5F706D63
725F6472
6E5F3273
203B3078
3A6E6962
39326220
74220022
3A747365
36353320
6763203B
5F49203A
5F746C73
203B6763
203A7063
5F706D63
725F6472
6E5F3273
203B3078
3A6E6962
30336220
74220022
3A747365
37353320
6763203B
5F49203A
5F746C73
203B6763
203A7063
5F706D63
725F6472
6E5F3273
203B3078
3A6E6962
31336220
74220022
3A747365
38353320
6763203B
5F49203A
5F746C73
203B6763
203A7063
5F706D63
725F6472
725F3173
6E5F3273
203B3078
3A6E6962
22316220
65742200
203A7473
3B393533
3A676320
735F4920
635F746C
63203B67
63203A70
725F706D
73725F64
73725F31
786E5F32
62203B30
203A6E69
00223262
73657422
33203A74
203B3036
203A6763
6C735F49
67635F74
7063203B
6D63203A
64725F70
3173725F
3273725F
30786E5F
6962203B
62203A6E
22002233
74736574
3633203A
63203B31
49203A67
746C735F
3B67635F
3A706320
706D6320
5F64725F
5F317372
5F327372
3B30786E
6E696220
3462203A
74220022
3A747365
32363320
6763203B
5F49203A
5F746C73
203B6763
203A7063
5F706D63
725F6472
725F3173
6E5F3273
203B3078
3A6E6962
22356220
65742200
203A7473
3B333633
3A676320
735F4920
635F746C
63203B67
63203A70
725F706D
73725F64
73725F31
786E5F32
62203B30
203A6E69
00223662
73657422
33203A74
203B3436
203A6763
6C735F49
67635F74
7063203B
6D63203A
64725F70
3173725F
3273725F
30786E5F
6962203B
62203A6E
22002237
74736574
3633203A
63203B35
49203A67
746C735F
3B67635F
3A706320
706D6320
5F64725F
5F317372
5F327372
3B30786E
6E696220
3862203A
74220022
3A747365
36363320
6763203B
5F49203A
5F746C73
203B6763
203A7063
5F706D63
725F6472
725F3173
6E5F3273
203B3078
3A6E6962
22396220
65742200
203A7473
3B373633
3A676320
735F4920
635F746C
63203B67
63203A70
725F706D
73725F64
73725F31
786E5F32
62203B30
203A6E69
22303162
65742200
203A7473
3B383633
3A676320
735F4920
635F746C
63203B67
63203A70
725F706D
73725F64
73725F31
786E5F32
62203B30
203A6E69
22313162
65742200
203A7473
3B393633
3A676320
735F4920
635F746C
63203B67
63203A70
725F706D
73725F64
73725F31
786E5F32
62203B30
203A6E69
22323162
65742200
203A7473
3B303733
3A676320
735F4920
635F746C
63203B67
63203A70
725F706D
73725F64
73725F31
786E5F32
62203B30
203A6E69
22333162
65742200
203A7473
3B313733
3A676320
735F4920
635F746C
63203B67
63203A70
725F706D
73725F64
73725F31
786E5F32
62203B30
203A6E69
22343162
65742200
203A7473
3B323733
3A676320
735F4920
635F746C
63203B67
63203A70
725F706D
73725F64
73725F31
786E5F32
62203B30
203A6E69
22353162
65742200
203A7473
3B333733
3A676320
735F4920
635F746C
63203B67
63203A70
725F706D
73725F64
73725F31
786E5F32
62203B30
203A6E69
22363162
65742200
203A7473
3B343733
3A676320
735F4920
635F746C
63203B67
63203A70
725F706D
73725F64
73725F31
786E5F32
62203B30
203A6E69
22373162
65742200
203A7473
3B353733
3A676320
735F4920
635F746C
63203B67
63203A70
725F706D
73725F64
73725F31
786E5F32
62203B30
203A6E69
22383162
65742200
203A7473
3B363733
3A676320
735F4920
635F746C
63203B67
63203A70
725F706D
73725F64
73725F31
786E5F32
62203B30
203A6E69
22393162
65742200
203A7473
3B373733
3A676320
735F4920
635F746C
63203B67
63203A70
725F706D
73725F64
73725F31
786E5F32
62203B30
203A6E69
22303262
65742200
203A7473
3B383733
3A676320
735F4920
635F746C
63203B67
63203A70
725F706D
73725F64
73725F31
786E5F32
62203B30
203A6E69
22313262
65742200
203A7473
3B393733
3A676320
735F4920
635F746C
63203B67
63203A70
725F706D
73725F64
73725F31
786E5F32
62203B30
203A6E69
22323262
65742200
203A7473
3B303833
3A676320
735F4920
635F746C
63203B67
63203A70
725F706D
73725F64
73725F31
786E5F32
62203B30
203A6E69
22333262
65742200
203A7473
3B313833
3A676320
735F4920
635F746C
63203B67
63203A70
725F706D
73725F64
73725F31
786E5F32
62203B30
203A6E69
22343262
65742200
203A7473
3B323833
3A676320
735F4920
635F746C
63203B67
63203A70
725F706D
73725F64
73725F31
786E5F32
62203B30
203A6E69
22353262
65742200
203A7473
3B333833
3A676320
735F4920
635F746C
63203B67
63203A70
725F706D
73725F64
73725F31
786E5F32
62203B30
203A6E69
22363262
65742200
203A7473
3B343833
3A676320
735F4920
635F746C
63203B67
63203A70
725F706D
73725F64
73725F31
786E5F32
62203B30
203A6E69
22373262
65742200
203A7473
3B353833
3A676320
735F4920
635F746C
63203B67
63203A70
725F706D
73725F64
73725F31
786E5F32
62203B30
203A6E69
22383262
65742200
203A7473
3B363833
3A676320
735F4920
635F746C
63203B67
63203A70
725F706D
73725F64
73725F31
786E5F32
62203B30
203A6E69
22393262
65742200
203A7473
3B373833
3A676320
735F4920
635F746C
63203B67
63203A70
725F706D
73725F64
73725F31
786E5F32
62203B30
203A6E69
22303362
65742200
203A7473
3B383833
3A676320
735F4920
635F746C
63203B67
63203A70
725F706D
73725F64
73725F31
786E5F32
62203B30
203A6E69
22313362
00000000
00000000
BAAAAAAD
BAAAAAAD
BAAAAAAD
BAAAAAAD
BAAAAAAD
BAAAAAAD
BAAAAAAD
BAAAAAAD
BAAAAAAD
BAAAAAAD
BAAAAAAD
BAAAAAAD
BAAAAAAD
BAAAAAAD
BAAAAAAD
BAAAAAAD
BAAAAAAD
BAAAAAAD
BAAAAAAD
BAAAAAAD
BAAAAAAD
BAAAAAAD
BAAAAAAD
BAAAAAAD
BAAAAAAD
BAAAAAAD
BAAAAAAD
BAAAAAAD
BAAAAAAD
BAAAAAAD
BAAAAAAD
BAAAAAAD
BAAAAAAD
BAAAAAAD
BAAAAAAD
BAAAAAAD
BAAAAAAD
BAAAAAAD
BAAAAAAD
BAAAAAAD
BAAAAAAD
BAAAAAAD
BAAAAAAD
BAAAAAAD
BAAAAAAD
BAAAAAAD
BAAAAAAD
BAAAAAAD
BAAAAAAD
BAAAAAAD
BAAAAAAD
BAAAAAAD
BAAAAAAD
BAAAAAAD
BAAAAAAD
BAAAAAAD
BAAAAAAD
BAAAAAAD
BAAAAAAD
BAAAAAAD
BAAAAAAD
BAAAAAAD
BAAAAAAD
BAAAAAAD
FEEDF00D
BAAAAAAD
BAAAAAAD
BAAAAAAD
BAAAAAAD
BAAAAAAD
BAAAAAAD
BAAAAAAD
BAAAAAAD
BAAAAAAD
00000000
00000000
00000000
00000000
00000000
00000000
00000000
00000000
00000000
00000000
00000000
00000000
00000000
00000000
00000000
00000000
00000000
00000000
00000000
00000000
00000000
00000000
00000000
00000000
00000000
00000000
8000F5C0
8000F5E0
8000F5FA
8000F60F
8000F61B
8000F634
8000F647
8000F665
8000F67D
8000F69B
8000F6B9
8000F6D8
8000F6F6
8000F70E
8000F71F
8000F72E
8000F744
8000F751
8000F760
8000F770
8000F780
8000F79E
8000F7B5
8000F7CA
8000F7E6
8000F7FE
8000F81D
8000F844
8000F860
8000F878
8000F894
8000F8B8
8000F8D1
8000F8E9
8000F908
8000F92F
8000F94B
8000F970
8000F98C
8000F9A5
74736E49
74637572
206E6F69
72646461
20737365
6173696D
6E67696C
000A6465
74736E49
74637572
206E6F69
65636361
66207373
746C7561
6C49000A
6167656C
6E69206C
75727473
6F697463
42000A6E
6B616572
6E696F70
4C000A74
2064616F
72646461
20737365
6173696D
6E67696C
000A6465
64616F4C
63636120
20737365
6C756166
53000A74
65726F74
4F4D412F
64646120
73736572
73696D20
67696C61
0A64656E
6F745300
412F6572
61204F4D
73656363
61662073
0A746C75
766E4500
6E6F7269
746E656D
6C616320
7266206C
55206D6F
646F6D2D
45000A65
7269766E
656D6E6F
6320746E
206C6C61
6D6F7266
6D2D5320
0A65646F
766E4500
6E6F7269
746E656D
6C616320
7266206C
56206D6F
6F6D2D53
000A6564
69766E45
6D6E6F72
20746E65
6C6C6163
6F726620
2D4D206D
65646F6D
6E49000A
75727473
6F697463
6170206E
66206567
746C7561
6F4C000A
70206461
20656761
6C756166
52000A74
72657365
20646576
29343128
7453000A
2F65726F
204F4D41
65676170
75616620
000A746C
62756F44
7420656C
0A706172
73655200
65767265
31282064
000A2937
74666F53
65726177
65686320
000A6B63
64726148
65726177
72726520
000A726F
74736E49
74637572
206E6F69
73657567
61702D74
66206567
746C7561
6F4C000A
67206461
74736575
6761702D
61662065
0A746C75
72695600
6C617574
736E6920
63757274
6E6F6974
7453000A
2F65726F
204F4D41
73657567
61702D74
66206567
746C7561
6552000A
76726573
69206465
7265746E
74707572
29302820
7553000A
76726570
726F7369
666F7320
72617774
6E692065
72726574
0A747075
72695600
6C617574
70757320
69767265
20726F73
74666F73
65726177
746E6920
75727265
000A7470
6863614D
20656E69
74666F73
65726177
746E6920
75727265
000A7470
65736552
64657672
746E6920
75727265
28207470
000A2934
65707553
73697672
7420726F
72656D69
746E6920
75727265
000A7470
74726956
206C6175
65707573
73697672
7420726F
72656D69
746E6920
75727265
000A7470
6863614D
20656E69
656D6974
6E692072
72726574
0A747075
73655200
65767265
6E692064
72726574
20747075
0A293828
70755300
69767265
20726F73
65747865
6C616E72
746E6920
75727265
000A7470
74726956
206C6175
65707573
73697672
6520726F
72657478
206C616E
65746E69
70757272
4D000A74
69686361
6520656E
72657478
206C616E
65746E69
70757272
53000A74
72657075
6F736976
75672072
20747365
65747865
6C616E72
746E6920
75727265
000A7470
6E756F43
20726574
7265766F
776F6C66
746E6920
75727265
000A7470
65736552
64657672
746E6920
75727265
28207470
0A293431
73655200
65767265
6E692064
72726574
20747075
29353128
6E55000A
776F6E6B
75632F6E
6D6F7473
75616320
000A6573
4356520A
55532D50
52414D4D
54203A59
20545345
53534150
2D204445
73655420
69462074
2220656C
6C732D49
30302D74
0A22532E
520A000A
2D504356
4D4D5553
3A595241
53455420
41462054
44454C49
54202D20
20747365
656C6946
2D492220
2D746C73
532E3030
0A000A22
50435652
4544203A
20475542
4F464E49
54414D52
204E4F49
4C4C4F46
0A53574F
68542200
72742065
68207061
6C646E61
61207265
74726F62
74206465
74206568
20747365
6F666562
6E206572
616D726F
6F63206C
656C706D
6E6F6974
0A002221
50435652
7254203A
73207061
616E6769
65727574
65766F20
6F6C6672
6E692077
6C657320
68632D66
206B6365
65646F6D
5544202E
65672054
6172656E
20646574
206F6F74
796E616D
61727420
202E7370
20202020
5652000A
203A5043
74736554
666E4920
00203A6F
5652000A
203A5043
74736E49
74637572
3A6E6F69
56520020
203A5043
72707041
6D69786F
20657461
72646461
20737365
69616628
6572756C
79616D20
20656220
67696C73
796C7468
74666120
74207265
29736968
5200203A
3A504356
64644120
73736572
20666F20
74736E69
74637572
206E6F69
74616874
61727420
64657070
45582820
3A294350
56520020
203A5043
74736E49
74637572
206E6F69
74616874
61727420
64657070
5200203A
3A504356
50455820
20203A43
52002020
3A504356
41435820
3A455355
52002020
3A504356
56545820
203A4C41
52002020
3A504356
54535820
53555441
2200203A
70617254
756F6320
6D20746E
616D7369
2E686374
4D220022
616D7369
20686374
74206E69
20706172
6E676973
72757461
54202165
20706172
20736177
6E696562
61682067
656C646E
6E692064
4D2D4D20
2E65646F
4D220022
616D7369
20686374
74206E69
20706172
6E676973
72757461
54202165
20706172
20736177
6E696562
61682067
656C646E
6E692064
4D2D5320
2E65646F
4D220022
616D7369
20686374
74206E69
20706172
6E676973
72757461
54202165
20706172
20736177
6E696562
61682067
656C646E
6E692064
2D534820
65646F4D
2200222E
6D73694D
68637461
206E6920
70617274
67697320
7574616E
20216572
70617254
73617720
69656220
6820676E
6C646E61
69206465
5356206E
646F4D2D
00222E65
73694D22
6374616D
6E692068
61636D20
20657375
756C6176
54202165
20706172
20736177
6E696562
61682067
656C646E
6E692064
4D2D4D20
2E65646F
4D220022
616D7369
20686374
73206E69
73756163
61762065
2165756C
61725420
61772070
65622073
20676E69
646E6168
2064656C
53206E69
646F4D2D
00222E65
73694D22
6374616D
6E692068
61637320
20657375
756C6176
54202165
20706172
20736177
6E696562
61682067
656C646E
6E692064
2D534820
65646F4D
2200222E
6D73694D
68637461
206E6920
61637376
20657375
756C6176
54202165
20706172
20736177
6E696562
61682067
656C646E
6E692064
2D535620
65646F4D
2200222E
6D73694D
68637461
206E6920
6370656D
6C617620
20216575
70617254
73617720
69656220
6820676E
6C646E61
69206465
2D4D206E
65646F4D
2200222E
6D73694D
68637461
206E6920
63706573
6C617620
20216575
70617254
73617720
69656220
6820676E
6C646E61
69206465
2D53206E
65646F4D
2200222E
6D73694D
68637461
206E6920
63706573
6C617620
20216575
70617254
73617720
69656220
6820676E
6C646E61
69206465
5348206E
646F4D2D
00222E65
73694D22
6374616D
6E692068
65737620
76206370
65756C61
72542021
77207061
62207361
676E6965
6E616820
64656C64
206E6920
4D2D5356
2E65646F
4D220022
616D7369
20686374
6D206E69
6C617674
6C617620
20216575
70617254
73617720
69656220
6820676E
6C646E61
69206465
2D4D206E
65646F4D
2200222E
6D73694D
68637461
206E6920
61767473
6176206C
2165756C
61725420
61772070
65622073
20676E69
646E6168
2064656C
53206E69
646F4D2D
00222E65
73694D22
6374616D
6E692068
76747320
76206C61
65756C61
72542021
77207061
62207361
676E6965
6E616820
64656C64
206E6920
4D2D5348
2E65646F
4D220022
616D7369
20686374
76206E69
61767473
6176206C
2165756C
61725420
61772070
65622073
20676E69
646E6168
2064656C
56206E69
6F4D2D53
222E6564
694D2200
74616D73
69206863
746D206E
326C6176
6C617620
20216575
70617254
73617720
69656220
6820676E
6C646E61
69206465
2D4D206E
65646F4D
2200222E
6D73694D
68637461
206E6920
6E69746D
76207473
65756C61
72542021
77207061
62207361
676E6965
6E616820
64656C64
206E6920
6F4D2D4D
222E6564
694D2200
74616D73
69206863
696D206E
61762070
2165756C
61725420
61772070
65622073
20676E69
646E6168
2064656C
4D206E69
646F4D2D
00222E65
73694D22
6374616D
6E692068
70697320
6C617620
20216575
70617254
73617720
69656220
6820676E
6C646E61
69206465
2D53206E
65646F4D
2200222E
6D73694D
68637461
206E6920
20706968
756C6176
54202165
20706172
20736177
6E696562
61682067
656C646E
6E692064
2D534820
65646F4D
2200222E
6D73694D
68637461
206E6920
70697376
6C617620
20216575
70617254
73617720
69656220
6820676E
6C646E61
69206465
5356206E
646F4D2D
00222E65
73694D22
6374616D
6E692068
63616D20
656E6968
74786520
616E7265
6E69206C
72726574
20747075
20214449
70617254
73617720
69656220
6820676E
6C646E61
69206465
2D4D206E
65646F4D
2200222E
6D73694D
68637461
206E6920
65707573
73697672
6520726F
72657478
206C616E
65746E69
70757272
44492074
72542021
77207061
62207361
676E6965
6E616820
64656C64
206E6920
6F4D2D4D
222E6564
694D2200
74616D73
69206863
6976206E
61757472
7573206C
76726570
726F7369
74786520
616E7265
6E69206C
72726574
20747075
20214449
70617254
73617720
69656220
6820676E
6C646E61
69206465
2D4D206E
65646F4D
2200222E
6D73694D
68637461
206E6920
6863616D
20656E69
65747865
6C616E72
746E6920
75727265
49207470
54202144
20706172
20736177
6E696562
61682067
656C646E
6E692064
4D2D5320
2E65646F
4D220022
616D7369
20686374
73206E69
72657075
6F736976
78652072
6E726574
69206C61
7265746E
74707572
21444920
61725420
61772070
65622073
20676E69
646E6168
2064656C
53206E69
646F4D2D
00222E65
73694D22
6374616D
6E692068
72697620
6C617574
70757320
69767265
20726F73
65747865
6C616E72
746E6920
75727265
49207470
54202144
20706172
20736177
6E696562
61682067
656C646E
6E692064
4D2D5320
2E65646F
4D220022
616D7369
20686374
6D206E69
69686361
6520656E
72657478
206C616E
65746E69
70757272
44492074
72542021
77207061
62207361
676E6965
6E616820
64656C64
206E6920
4D2D5348
2E65646F
4D220022
616D7369
20686374
73206E69
72657075
6F736976
78652072
6E726574
69206C61
7265746E
74707572
21444920
61725420
61772070
65622073
20676E69
646E6168
2064656C
48206E69
6F4D2D53
222E6564
694D2200
74616D73
69206863
6976206E
61757472
7573206C
76726570
726F7369
74786520
616E7265
6E69206C
72726574
20747075
20214449
70617254
73617720
69656220
6820676E
6C646E61
69206465
5348206E
646F4D2D
00222E65
73694D22
6374616D
6E692068
63616D20
656E6968
74786520
616E7265
6E69206C
72726574
20747075
20214449
70617254
73617720
69656220
6820676E
6C646E61
69206465
5356206E
646F4D2D
00222E65
73694D22
6374616D
6E692068
70757320
69767265
20726F73
65747865
6C616E72
746E6920
75727265
49207470
54202144
20706172
20736177
6E696562
61682067
656C646E
6E692064
2D535620
65646F4D
2200222E
6D73694D
68637461
206E6920
74726976
206C6175
65707573
73697672
6520726F
72657478
206C616E
65746E69
70757272
44492074
72542021
77207061
62207361
676E6965
6E616820
64656C64
206E6920
4D2D5356
2E65646F
78760022
0A746173
43565200
52203A50
73696765
3A726574
56520020
203A5043
20646142
756C6156
20203A65
20202020
43565200
45203A50
63657078
20646574
756C6156
00203A65
50435652
7845203A
74636570
76206465
65756C61
616E7520
6C696176
656C6261
6572203A
736E6F63
63757274
20646574
6E676973
72757461
6F6C2065
69206461
6F6E2073
524C2074
202E4745
20776152
74736E69
74637572
3A6E6F69
56520020
203A5043
65707845
64657463
6C617620
75206575
6176616E
62616C69
203A656C
6F636572
7274736E
65746375
69732064
74616E67
20657275
6E696F70
20726574
69207369
6C61766E
202E6469
6E696F50
3A726574
56520020
203A5043
20444E45
4420464F
47554245
464E4920
414D524F
4E4F4954
66000A0A
67616C66
54000A73
63747365
20657361
6E676973
72757461
61632065
7972616E
73696D20
6374616D
52002168
3A504356
3D3D3D20
54203D3D
20504152
4C494146
20455255
47414944
54534F4E
20534349
3D3D3D3D
52000A3D
3A504356
69614620
6572756C
5200203A
3A504356
70784520
65746365
72742064
73207061
616E6769
65727574
74796220
6F632065
3A746E75
56520020
203A5043
75746341
74206C61
20706172
6E676973
72757461
79622065
63206574
746E756F
2020203A
20202020
43565200
44203A50
4E474149
5349534F
5544203A
65722054
64726F63
45206465
41525458
61727420
0A2E7370
43565200
44203A50
4E474149
5349534F
5544203A
65722054
64726F63
46206465
52455745
61727420
28207370
7373696D
20676E69
70617274
0A2E2973
43565200
54203A50
20706172
6E676973
72757461
79622065
64206574
65666669
636E6572
00203A65
50435652
4948203A
203A544E
72747845
72742061
20737061
2079616D
69646E69
65746163
7073203A
6F697275
69207375
7265746E
74707572
69202C73
726F636E
74636572
63786520
69747065
520A6E6F
3A504356
20202020
64202020
67656C65
6F697461
77202C6E
676E6F72
69727020
656C6976
6D206567
2065646F
69207461
7274736E
69746375
65206E6F
75636578
6E6F6974
726F202C
0A6E6120
50435652
2020203A
20202020
74736E69
74637572
206E6F69
73756163
20676E69
61662061
20746C75
74616874
6F687320
20646C75
20746F6E
6C756166
6E6F2074
69687420
55442073
000A2E54
50435652
4948203A
203A544E
7373694D
20676E69
70617274
616D2073
6E692079
61636964
203A6574
65637865
6F697470
6F6E206E
61722074
64657369
65687720
7865206E
74636570
0A2C6465
50435652
2020203A
20202020
6F636E69
63657272
53432074
74732052
20657461
76657270
69746E65
7420676E
20706172
672E6528
4978202E
69642045
6C626173
2C296465
61727420
56520A70
203A5043
20202020
65642020
6167656C
6E6F6974
75616320
676E6973
6E616820
72656C64
206E6920
6E6F7277
6F6D2067
202C6564
5020726F
702F504D
20656761
6C756166
696D2074
64657373
52000A2E
3A504356
61725420
61682070
656C646E
6F6D2072
203A6564
6D2D4D00
0A65646F
6D2D5300
0A65646F
2D534800
65646F6D
5356000A
646F6D2D
55000A65
6F6E6B6E
000A6E77
50435652
694D203A
74616D73
6E696863
69662067
3A646C65
65560020
726F7463
646F4D2B
74532B65
73757461
726F7720
74282064
20706172
6E676973
72757461
6F772065
30206472
58000A29
53554143
74282045
20706172
6E676973
72757461
6F772065
31206472
58000A29
20435045
61727428
69732070
74616E67
20657275
64726F77
0A293220
56545800
28204C41
70617274
67697320
7574616E
77206572
2064726F
000A2933
20504958
61727428
69732070
74616E67
20657275
64726F77
202C3220
65746E69
70757272
000A2974
4156544D
2820324C
70617274
67697320
7574616E
77206572
2064726F
68202C34
72657079
6F736976
000A2972
4E49544D
28205453
70617274
67697320
7574616E
77206572
2064726F
68202C35
72657079
6F736976
000A2972
65747845
6C616E72
746E4920
75727265
49207470
74282044
20706172
6E676973
72757461
6F772065
33206472
55000A29
6F6E6B6E
66206E77
646C6569
5652000A
203A5043
65707845
64657463
6C617620
203A6575
43565200
41203A50
61757463
6176206C
3A65756C
00202020
50435652
7845203A
74636570
63206465
65737561
5200203A
3A504356
74634120
206C6175
73756163
20203A65
56520020
203A5043
72727543
20746E65
4350454D
2020203A
43565200
55203A50
6365726E
696E676F
2064657A
70617274
69616620
6572756C
6E6F6320
74786574
7250202E
69746E69
6120676E
6C696176
656C6261
52534320
61747320
0A3A6574
43565200
48203A50
3A544E49
63655620
2B726F74
65646F4D
726F7720
696D2064
74616D73
6D206863
69207961
6369646E
3A657461
61727420
61682070
656C646E
6E692064
6F727720
520A676E
3A504356
20202020
70202020
69766972
6567656C
646F6D20
63282065
6B636568
64656D20
67656C65
64696D2F
67656C65
69202C29
726F636E
74636572
74736D20
73757461
65696620
0A73646C
50435652
2020203A
20202020
50504D28
5050532F
56504D2F
6F202C29
72772072
20676E6F
74636576
6465726F
746E6920
75727265
65207470
7972746E
52000A2E
3A504356
4E494820
58203A54
53554143
696D2045
74616D73
6D206863
736E6165
64206120
65666669
746E6572
63786520
69747065
6F206E6F
6E692072
72726574
20747075
65707974
73617720
4356520A
20203A50
20202020
73626F20
65767265
43202E64
6B636568
6E69203A
75727473
6F697463
6E65206E
69646F63
6320676E
6572726F
656E7463
202C7373
20525343
65636361
62697373
74696C69
56520A79
203A5043
20202020
74612020
72756320
746E6572
69727020
656C6976
202C6567
2F504D50
65676170
62617420
6320656C
69666E6F
61727567
6E6F6974
7865202C
736E6574
206E6F69
70707573
2E74726F
5652000A
203A5043
544E4948
4558203A
6D204350
616D7369
20686374
6E61656D
68742073
72742065
6F207061
72756363
20646572
61207461
66696420
65726566
6920746E
7274736E
69746375
0A2E6E6F
50435652
2020203A
20202020
73696854
756F6320
6920646C
6369646E
3A657461
66696420
65726566
6320746E
2065646F
6F79616C
28207475
6B6E696C
69207265
65757373
69202C29
7274736E
69746375
520A6E6F
3A504356
20202020
61202020
6E67696C
746E656D
66696420
65726566
2C65636E
20726F20
72702061
64656365
20676E69
74736E69
74637572
206E6F69
73756163
20676E69
75206E61
7078656E
65746365
72742064
0A2E7061
43565200
48203A50
3A544E49
56545820
6D204C41
616D7369
2E686374
726F4620
6C6C6920
6C616765
736E6920
63757274
6E6F6974
78202C73
6C617674
6F687320
20646C75
746E6F63
206E6961
0A656874
50435652
2020203A
20202020
74736E69
74637572
206E6F69
6F636E65
676E6964
726F2820
2E293020
726F4620
64646120
73736572
75616620
2C73746C
20746920
756F6873
6320646C
61746E6F
74206E69
520A6568
3A504356
20202020
66202020
746C7561
20676E69
72646461
2E737365
65684320
44206B63
73275455
76747820
72206C61
726F7065
676E6974
68656220
6F697661
000A2E72
50435652
4948203A
203A544E
20504958
6D73696D
68637461
61656D20
6920736E
7265746E
74707572
6E657020
676E6964
74696220
69642073
72656666
6843202E
3A6B6365
746E6920
75727265
520A7470
3A504356
20202020
63202020
72746E6F
656C6C6F
6F632072
6769666E
74617275
2C6E6F69
4D565220
4C45444F
746E6920
75727265
73207470
632F7465
7261656C
63616D20
2C736F72
6D697420
520A7265
3A504356
20202020
63202020
69666E6F
61727567
6E6F6974
746D2820
2F656D69
6D69746D
706D6365
61202C29
6420646E
67656C65
6F697461
6573206E
6E697474
0A2E7367
2D540A00
20494253
4F525245
72203A52
65757165
64657473
736E6920
63757274
6E6F6974
746F6E20
756F6620
6920646E
7374206E
695F6962
7274736E
6261745F
203A656C
00000000
00000000
00000000
6F5CA309
00000000
00000001
00000001
00000000
00000001
00000000
00000000
00000000
00000000
00000000
00000000
00000000
00000000
00000000
00000001
00000000
00000001
00000001
00000000
00000000
00000001
00000000
00000000
00000000
00000001
00000000
00000000
00000001
00000001
00000000
00000001
00000001
00000001
00000001
00000000
00000000
00000000
00000000
00000000
00000001
00000000
00000000
00000001
00000000
00000000
00000000
00000001
00000001
00000001
00000001
00000001
00000000
00000000
00000000
00000001
00000001
00000000
00000001
00000001
00000001
00000000
00000001
00000000
00000000
00000000
00000001
00000001
00000000
00000000
00000000
00000001
00000001
00000001
00000000
00000001
00000001
00000001
00000000
00000000
00000001
00000000
00000000
00000000
00000000
00000001
00000001
00000001
00000001
00000001
00000001
00000000
00000000
00000000
00000001
00000001
00000001
00000001
00000001
00000001
00000001
00000000
00000000
00000000
00000000
00000000
00000000
00000000
00000001
00000000
00000000
00000000
00000000
00000001
00000001
00000000
00000001
00000001
00000000
00000001
00000000
00000001
00000001
00000000
00000000
00000001
00000001
00000000
00000000
00000001
00000000
00000001
00000000
00000000
00000001
00000000
00000000
00000001
00000001
00000000
00000000
00000001
00000000
00000001
00000000
00000000
00000000
00000000
00000000
00000001
00000001
00000000
00000000
00000001
00000000
00000001
00000001
00000001
00000001
00000000
00000001
00000001
00000001
00000001
00000001
00000001
00000001
00000001
00000001
00000001
00000001
00000000
00000000
00000001
00000001
00000001
00000001
00000001
00000001
00000001
00000000
00000000
00000000
00000000
00000000
00000000
00000000
00000000
00000000
00000000
00000000
00000000
00000000
00000000
00000000
00000000
00000000
00000001
00000000
00000000
00000000
00000000
00000000
00000000
00000001
00000001
00000001
00000000
00000000
00000001
00000001
00000000
00000000
00000001
00000000
00000001
00000001
00000001
00000001
00000000
00000000
00000001
00000001
00000001
00000000
00000001
00000000
00000001
00000000
00000000
00000000
00000000
00000000
00000001
00000001
00000000
00000000
00000000
00000000
00000000
00000001
00000001
00000001
00000000
00000000
00000001
00000001
00000001
00000001
00000001
00000000
00000001
00000000
00000000
00000000
00000000
00000000
00000001
00000001
00000000
00000000
00000001
00000000
00000000
00000000
00000000
00000000
00000000
00000000
00000000
00000000
00000000
00000000
00000000
00000000
00000000
00000000
00000000
00000000
00000000
00000000
00000000
00000000
00000000
00000000
00000000
00000000
00000000
00000000
00000000
00000000
00000000
00000000
00000000
00000000
00000000
00000001
00000001
00000000
00000000
00000001
00000000
00000001
00000000
00000001
00000000
00000000
00000000
00000000
00000000
00000000
00000000
00000001
00000001
00000000
00000000
00000001
00000001
00000000
00000000
00000001
00000001
00000000
00000001
00000000
00000001
00000000
00000000
00000000
00000001
00000001
00000001
00000000
00000001
00000001
00000000
00000000
00000001
00000001
00000000
00000000
00000001
00000000
00000001
00000001
00000000
00000001
00000000
00000001
00000000
00000000
00000000
00000000
00000001
00000001
00000000
00000001
00000001
00000000
00000000
00000000
00000000
00000000
00000000
00000000
00000000
00000000
00000000
00000000
00000000
00000000
00000000
00000000
00000000
00000000
00000000
00000000
00000000
00000000
00000000
00000000
00000000
00000000
00000000
00000000
00000000
00000000
00000000
00000000
DEADBEEF
DEADBEEF
DEADBEEF
DEADBEEF
DEADBEEF
DEADBEEF
DEADBEEF
DEADBEEF
DEADBEEF
DEADBEEF
7A110FF5
00000000
D3A91F6C
DEADBEEF
DEADBEEF
DEADBEEF
DEADBEEF
DEADBEEF
DEADBEEF
DEADBEEF
DEADBEEF
DEADBEEF
DEADBEEF
DEADBEEF
DEADBEEF
DEADBEEF
DEADBEEF
DEADBEEF
DEADBEEF
DEADBEEF
DEADBEEF
DEADBEEF
DEADBEEF
DEADBEEF
DEADBEEF
DEADBEEF
DEADBEEF
DEADBEEF
DEADBEEF
DEADBEEF
DEADBEEF
DEADBEEF
DEADBEEF
DEADBEEF
DEADBEEF
DEADBEEF
DEADBEEF
DEADBEEF
DEADBEEF
DEADBEEF
DEADBEEF
DEADBEEF
DEADBEEF
DEADBEEF
DEADBEEF
DEADBEEF
DEADBEEF
DEADBEEF
DEADBEEF
DEADBEEF
DEADBEEF
DEADBEEF
DEADBEEF
DEADBEEF
DEADBEEF
DEADBEEF
DEADBEEF
DEADBEEF
DEADBEEF
DEADBEEF
DEADBEEF
DEADBEEF
DEADBEEF
DEADBEEF
DEADBEEF
DEADBEEF
DEADBEEF
DEADBEEF
DEADBEEF
DEADBEEF
DEADBEEF
DEADBEEF
DEADBEEF
DEADBEEF
DEADBEEF
DEADBEEF
DEADBEEF
DEADBEEF
DEADBEEF
DEADBEEF
DEADBEEF
DEADBEEF
DEADBEEF
DEADBEEF
DEADBEEF
DEADBEEF
DEADBEEF
DEADBEEF
DEADBEEF
DEADBEEF
DEADBEEF
DEADBEEF
DEADBEEF
DEADBEEF
DEADBEEF
DEADBEEF
DEADBEEF
DEADBEEF
DEADBEEF
DEADBEEF
DEADBEEF
DEADBEEF
DEADBEEF
DEADBEEF
DEADBEEF
DEADBEEF
DEADBEEF
DEADBEEF
DEADBEEF
DEADBEEF
DEADBEEF
DEADBEEF
DEADBEEF
DEADBEEF
DEADBEEF
DEADBEEF
DEADBEEF
DEADBEEF
DEADBEEF
DEADBEEF
DEADBEEF
DEADBEEF
DEADBEEF
DEADBEEF
DEADBEEF
DEADBEEF
DEADBEEF
DEADBEEF
DEADBEEF
DEADBEEF
DEADBEEF
DEADBEEF
DEADBEEF
DEADBEEF
DEADBEEF
DEADBEEF
DEADBEEF
DEADBEEF
DEADBEEF
DEADBEEF
DEADBEEF
DEADBEEF
DEADBEEF
DEADBEEF
DEADBEEF
DEADBEEF
DEADBEEF
DEADBEEF
DEADBEEF
DEADBEEF
DEADBEEF
DEADBEEF
DEADBEEF
DEADBEEF
DEADBEEF
DEADBEEF
DEADBEEF
DEADBEEF
DEADBEEF
DEADBEEF
DEADBEEF
DEADBEEF
DEADBEEF
DEADBEEF
DEADBEEF
DEADBEEF
DEADBEEF
DEADBEEF
DEADBEEF
DEADBEEF
DEADBEEF
DEADBEEF
DEADBEEF
DEADBEEF
DEADBEEF
DEADBEEF
DEADBEEF
DEADBEEF
DEADBEEF
DEADBEEF
DEADBEEF
DEADBEEF
DEADBEEF
DEADBEEF
DEADBEEF
DEADBEEF
DEADBEEF
DEADBEEF
DEADBEEF
DEADBEEF
DEADBEEF
DEADBEEF
DEADBEEF
DEADBEEF
DEADBEEF
DEADBEEF
DEADBEEF
DEADBEEF
DEADBEEF
DEADBEEF
DEADBEEF
DEADBEEF
DEADBEEF
DEADBEEF
DEADBEEF
DEADBEEF
DEADBEEF
DEADBEEF
DEADBEEF
DEADBEEF
DEADBEEF
DEADBEEF
DEADBEEF
DEADBEEF
DEADBEEF
DEADBEEF
DEADBEEF
DEADBEEF
DEADBEEF
DEADBEEF
DEADBEEF
DEADBEEF
DEADBEEF
DEADBEEF
DEADBEEF
DEADBEEF
DEADBEEF
DEADBEEF
DEADBEEF
DEADBEEF
DEADBEEF
DEADBEEF
DEADBEEF
DEADBEEF
DEADBEEF
DEADBEEF
DEADBEEF
DEADBEEF
DEADBEEF
DEADBEEF
DEADBEEF
DEADBEEF
DEADBEEF
DEADBEEF
DEADBEEF
DEADBEEF
DEADBEEF
DEADBEEF
DEADBEEF
DEADBEEF
DEADBEEF
DEADBEEF
DEADBEEF
DEADBEEF
DEADBEEF
DEADBEEF
DEADBEEF
DEADBEEF
DEADBEEF
DEADBEEF
DEADBEEF
DEADBEEF
DEADBEEF
DEADBEEF
DEADBEEF
DEADBEEF
DEADBEEF
DEADBEEF
DEADBEEF
DEADBEEF
DEADBEEF
DEADBEEF
DEADBEEF
DEADBEEF
DEADBEEF
DEADBEEF
DEADBEEF
DEADBEEF
DEADBEEF
DEADBEEF
DEADBEEF
DEADBEEF
DEADBEEF
DEADBEEF
DEADBEEF
DEADBEEF
DEADBEEF
DEADBEEF
DEADBEEF
DEADBEEF
DEADBEEF
DEADBEEF
DEADBEEF
DEADBEEF
DEADBEEF
DEADBEEF
DEADBEEF
DEADBEEF
DEADBEEF
DEADBEEF
DEADBEEF
DEADBEEF
DEADBEEF
DEADBEEF
DEADBEEF
DEADBEEF
DEADBEEF
DEADBEEF
DEADBEEF
DEADBEEF
DEADBEEF
DEADBEEF
DEADBEEF
DEADBEEF
DEADBEEF
DEADBEEF
DEADBEEF
DEADBEEF
DEADBEEF
DEADBEEF
DEADBEEF
DEADBEEF
DEADBEEF
DEADBEEF
DEADBEEF
DEADBEEF
DEADBEEF
DEADBEEF
DEADBEEF
DEADBEEF
DEADBEEF
DEADBEEF
DEADBEEF
DEADBEEF
DEADBEEF
DEADBEEF
DEADBEEF
DEADBEEF
DEADBEEF
DEADBEEF
DEADBEEF
DEADBEEF
DEADBEEF
DEADBEEF
DEADBEEF
DEADBEEF
DEADBEEF
DEADBEEF
DEADBEEF
DEADBEEF
DEADBEEF
DEADBEEF
DEADBEEF
DEADBEEF
DEADBEEF
DEADBEEF
DEADBEEF
DEADBEEF
DEADBEEF
DEADBEEF
DEADBEEF
DEADBEEF
DEADBEEF
DEADBEEF
DEADBEEF
DEADBEEF
DEADBEEF
DEADBEEF
DEADBEEF
DEADBEEF
DEADBEEF
DEADBEEF
DEADBEEF
DEADBEEF
DEADBEEF
DEADBEEF
DEADBEEF
DEADBEEF
DEADBEEF
DEADBEEF
DEADBEEF
DEADBEEF
DEADBEEF
DEADBEEF
DEADBEEF
DEADBEEF
DEADBEEF
DEADBEEF
DEADBEEF
DEADBEEF
DEADBEEF
DEADBEEF
DEADBEEF
DEADBEEF
DEADBEEF
DEADBEEF
DEADBEEF
DEADBEEF
DEADBEEF
DEADBEEF
DEADBEEF
DEADBEEF
DEADBEEF
DEADBEEF
DEADBEEF
DEADBEEF
DEADBEEF
DEADBEEF
DEADBEEF
DEADBEEF
DEADBEEF
DEADBEEF
DEADBEEF
DEADBEEF
DEADBEEF
DEADBEEF
DEADBEEF
DEADBEEF
DEADBEEF
DEADBEEF
DEADBEEF
DEADBEEF
DEADBEEF
DEADBEEF
DEADBEEF
DEADBEEF
DEADBEEF
DEADBEEF
DEADBEEF
DEADBEEF
DEADBEEF
DEADBEEF
DEADBEEF
DEADBEEF
DEADBEEF
DEADBEEF
DEADBEEF
DEADBEEF
DEADBEEF
DEADBEEF
DEADBEEF
DEADBEEF
DEADBEEF
DEADBEEF
DEADBEEF
DEADBEEF
DEADBEEF
DEADBEEF
DEADBEEF
DEADBEEF
DEADBEEF
DEADBEEF
DEADBEEF
DEADBEEF
DEADBEEF
DEADBEEF
DEADBEEF
DEADBEEF
DEADBEEF
DEADBEEF
DEADBEEF
DEADBEEF
DEADBEEF
DEADBEEF
DEADBEEF
DEADBEEF
DEADBEEF
DEADBEEF
DEADBEEF
DEADBEEF
DEADBEEF
DEADBEEF
DEADBEEF
DEADBEEF
DEADBEEF
DEADBEEF
DEADBEEF
DEADBEEF
DEADBEEF
DEADBEEF
DEADBEEF
DEADBEEF
DEADBEEF
DEADBEEF
DEADBEEF
DEADBEEF
DEADBEEF
DEADBEEF
DEADBEEF
DEADBEEF
DEADBEEF
DEADBEEF
DEADBEEF
DEADBEEF
DEADBEEF
DEADBEEF
DEADBEEF
DEADBEEF
DEADBEEF
DEADBEEF
DEADBEEF
DEADBEEF
DEADBEEF
DEADBEEF
DEADBEEF
DEADBEEF
DEADBEEF
DEADBEEF
DEADBEEF
DEADBEEF
DEADBEEF
DEADBEEF
DEADBEEF
DEADBEEF
DEADBEEF
DEADBEEF
DEADBEEF
DEADBEEF
DEADBEEF
DEADBEEF
DEADBEEF
DEADBEEF
DEADBEEF
DEADBEEF
DEADBEEF
DEADBEEF
DEADBEEF
DEADBEEF
DEADBEEF
DEADBEEF
DEADBEEF
DEADBEEF
DEADBEEF
DEADBEEF
DEADBEEF
DEADBEEF
DEADBEEF
DEADBEEF
DEADBEEF
DEADBEEF
DEADBEEF
DEADBEEF
DEADBEEF
DEADBEEF
DEADBEEF
DEADBEEF
DEADBEEF
DEADBEEF
DEADBEEF
DEADBEEF
DEADBEEF
DEADBEEF
DEADBEEF
DEADBEEF
DEADBEEF
DEADBEEF
DEADBEEF
DEADBEEF
DEADBEEF
DEADBEEF
DEADBEEF
DEADBEEF
DEADBEEF
DEADBEEF
DEADBEEF
DEADBEEF
DEADBEEF
DEADBEEF
DEADBEEF
DEADBEEF
DEADBEEF
DEADBEEF
DEADBEEF
DEADBEEF
DEADBEEF
DEADBEEF
DEADBEEF
DEADBEEF
DEADBEEF
DEADBEEF
DEADBEEF
DEADBEEF
DEADBEEF
DEADBEEF
DEADBEEF
DEADBEEF
DEADBEEF
DEADBEEF
DEADBEEF
DEADBEEF
DEADBEEF
DEADBEEF
DEADBEEF
DEADBEEF
DEADBEEF
DEADBEEF
DEADBEEF
DEADBEEF
DEADBEEF
DEADBEEF
DEADBEEF
DEADBEEF
DEADBEEF
DEADBEEF
DEADBEEF
DEADBEEF
DEADBEEF
DEADBEEF
DEADBEEF
DEADBEEF
DEADBEEF
DEADBEEF
DEADBEEF
DEADBEEF
DEADBEEF
DEADBEEF
DEADBEEF
DEADBEEF
DEADBEEF
DEADBEEF
DEADBEEF
DEADBEEF
DEADBEEF
DEADBEEF
DEADBEEF
DEADBEEF
DEADBEEF
DEADBEEF
DEADBEEF
DEADBEEF
DEADBEEF
DEADBEEF
DEADBEEF
DEADBEEF
DEADBEEF
DEADBEEF
DEADBEEF
DEADBEEF
DEADBEEF
DEADBEEF
DEADBEEF
DEADBEEF
DEADBEEF
DEADBEEF
DEADBEEF
DEADBEEF
DEADBEEF
DEADBEEF
DEADBEEF
DEADBEEF
DEADBEEF
DEADBEEF
DEADBEEF
DEADBEEF
DEADBEEF
DEADBEEF
DEADBEEF
DEADBEEF
DEADBEEF
DEADBEEF
DEADBEEF
DEADBEEF
DEADBEEF
DEADBEEF
DEADBEEF
DEADBEEF
DEADBEEF
DEADBEEF
DEADBEEF
DEADBEEF
DEADBEEF
DEADBEEF
DEADBEEF
DEADBEEF
DEADBEEF
DEADBEEF
DEADBEEF
DEADBEEF
DEADBEEF
DEADBEEF
DEADBEEF
DEADBEEF
DEADBEEF
DEADBEEF
DEADBEEF
DEADBEEF
DEADBEEF
DEADBEEF
DEADBEEF
DEADBEEF
DEADBEEF
DEADBEEF
DEADBEEF
DEADBEEF
DEADBEEF
DEADBEEF
DEADBEEF
DEADBEEF
DEADBEEF
DEADBEEF
DEADBEEF
DEADBEEF
DEADBEEF
DEADBEEF
DEADBEEF
DEADBEEF
DEADBEEF
DEADBEEF
DEADBEEF
DEADBEEF
DEADBEEF
DEADBEEF
DEADBEEF
DEADBEEF
DEADBEEF
DEADBEEF
DEADBEEF
DEADBEEF
DEADBEEF
DEADBEEF
DEADBEEF
DEADBEEF
DEADBEEF
DEADBEEF
DEADBEEF
DEADBEEF
DEADBEEF
DEADBEEF
DEADBEEF
DEADBEEF
DEADBEEF
DEADBEEF
DEADBEEF
DEADBEEF
DEADBEEF
DEADBEEF
DEADBEEF
DEADBEEF
DEADBEEF
DEADBEEF
DEADBEEF
DEADBEEF
DEADBEEF
DEADBEEF
DEADBEEF
DEADBEEF
DEADBEEF
DEADBEEF
DEADBEEF
DEADBEEF
DEADBEEF
DEADBEEF
DEADBEEF
DEADBEEF
DEADBEEF
DEADBEEF
DEADBEEF
DEADBEEF
DEADBEEF
DEADBEEF
DEADBEEF
DEADBEEF
DEADBEEF
DEADBEEF
DEADBEEF
DEADBEEF
DEADBEEF
DEADBEEF
DEADBEEF
DEADBEEF
DEADBEEF
DEADBEEF
DEADBEEF
DEADBEEF
DEADBEEF
DEADBEEF
DEADBEEF
DEADBEEF
DEADBEEF
DEADBEEF
DEADBEEF
DEADBEEF
DEADBEEF
DEADBEEF
DEADBEEF
DEADBEEF
DEADBEEF
DEADBEEF
DEADBEEF
DEADBEEF
DEADBEEF
DEADBEEF
DEADBEEF
DEADBEEF
DEADBEEF
DEADBEEF
DEADBEEF
DEADBEEF
DEADBEEF
DEADBEEF
DEADBEEF
DEADBEEF
DEADBEEF
DEADBEEF
DEADBEEF
DEADBEEF
DEADBEEF
DEADBEEF
DEADBEEF
DEADBEEF
DEADBEEF
DEADBEEF
DEADBEEF
DEADBEEF
DEADBEEF
DEADBEEF
DEADBEEF
DEADBEEF
DEADBEEF
DEADBEEF
DEADBEEF
DEADBEEF
DEADBEEF
DEADBEEF
DEADBEEF
DEADBEEF
DEADBEEF
DEADBEEF
DEADBEEF
DEADBEEF
DEADBEEF
DEADBEEF
DEADBEEF
DEADBEEF
DEADBEEF
DEADBEEF
DEADBEEF
DEADBEEF
DEADBEEF
DEADBEEF
DEADBEEF
DEADBEEF
DEADBEEF
DEADBEEF
DEADBEEF
DEADBEEF
DEADBEEF
DEADBEEF
DEADBEEF
DEADBEEF
DEADBEEF
DEADBEEF
DEADBEEF
DEADBEEF
DEADBEEF
DEADBEEF
DEADBEEF
DEADBEEF
DEADBEEF
DEADBEEF
DEADBEEF
DEADBEEF
DEADBEEF
DEADBEEF
DEADBEEF
DEADBEEF
DEADBEEF
DEADBEEF
DEADBEEF
DEADBEEF
DEADBEEF
DEADBEEF
DEADBEEF
DEADBEEF
DEADBEEF
DEADBEEF
DEADBEEF
DEADBEEF
DEADBEEF
DEADBEEF
DEADBEEF
DEADBEEF
DEADBEEF
DEADBEEF
DEADBEEF
DEADBEEF
DEADBEEF
DEADBEEF
DEADBEEF
DEADBEEF
DEADBEEF
DEADBEEF
DEADBEEF
DEADBEEF
DEADBEEF
DEADBEEF
DEADBEEF
DEADBEEF
DEADBEEF
DEADBEEF
DEADBEEF
DEADBEEF
DEADBEEF
DEADBEEF
DEADBEEF
DEADBEEF
DEADBEEF
DEADBEEF
DEADBEEF
DEADBEEF
DEADBEEF
DEADBEEF
DEADBEEF
DEADBEEF
DEADBEEF
DEADBEEF
DEADBEEF
DEADBEEF
DEADBEEF
DEADBEEF
DEADBEEF
DEADBEEF
DEADBEEF
DEADBEEF
DEADBEEF
DEADBEEF
DEADBEEF
DEADBEEF
DEADBEEF
DEADBEEF
DEADBEEF
DEADBEEF
DEADBEEF
DEADBEEF
DEADBEEF
DEADBEEF
DEADBEEF
DEADBEEF
DEADBEEF
DEADBEEF
DEADBEEF
DEADBEEF
DEADBEEF
DEADBEEF
DEADBEEF
DEADBEEF
DEADBEEF
DEADBEEF
DEADBEEF
DEADBEEF
DEADBEEF
DEADBEEF
DEADBEEF
DEADBEEF
DEADBEEF
DEADBEEF
DEADBEEF
DEADBEEF
DEADBEEF
DEADBEEF
DEADBEEF
DEADBEEF
DEADBEEF
DEADBEEF
DEADBEEF
DEADBEEF
DEADBEEF
DEADBEEF
DEADBEEF
DEADBEEF
DEADBEEF
DEADBEEF
DEADBEEF
DEADBEEF
DEADBEEF
DEADBEEF
DEADBEEF
DEADBEEF
DEADBEEF
DEADBEEF
DEADBEEF
DEADBEEF
DEADBEEF
DEADBEEF
DEADBEEF
DEADBEEF
DEADBEEF
DEADBEEF
DEADBEEF
DEADBEEF
DEADBEEF
DEADBEEF
DEADBEEF
DEADBEEF
DEADBEEF
DEADBEEF
DEADBEEF
DEADBEEF
DEADBEEF
DEADBEEF
DEADBEEF
DEADBEEF
DEADBEEF
DEADBEEF
DEADBEEF
DEADBEEF
DEADBEEF
DEADBEEF
DEADBEEF
DEADBEEF
DEADBEEF
DEADBEEF
DEADBEEF
DEADBEEF
DEADBEEF
DEADBEEF
DEADBEEF
DEADBEEF
DEADBEEF
DEADBEEF
DEADBEEF
DEADBEEF
DEADBEEF
DEADBEEF
DEADBEEF
DEADBEEF
DEADBEEF
DEADBEEF
DEADBEEF
DEADBEEF
DEADBEEF
DEADBEEF
DEADBEEF
DEADBEEF
DEADBEEF
DEADBEEF
DEADBEEF
DEADBEEF
DEADBEEF
DEADBEEF
DEADBEEF
DEADBEEF
DEADBEEF
DEADBEEF
DEADBEEF
DEADBEEF
DEADBEEF
DEADBEEF
DEADBEEF
DEADBEEF
DEADBEEF
DEADBEEF
DEADBEEF
DEADBEEF
DEADBEEF
DEADBEEF
DEADBEEF
DEADBEEF
DEADBEEF
DEADBEEF
DEADBEEF
DEADBEEF
DEADBEEF
DEADBEEF
DEADBEEF
DEADBEEF
DEADBEEF
DEADBEEF
DEADBEEF
DEADBEEF
DEADBEEF
DEADBEEF
DEADBEEF
DEADBEEF
DEADBEEF
DEADBEEF
DEADBEEF
DEADBEEF
DEADBEEF
DEADBEEF
DEADBEEF
DEADBEEF
DEADBEEF
DEADBEEF
DEADBEEF
DEADBEEF
DEADBEEF
DEADBEEF
DEADBEEF
DEADBEEF
DEADBEEF
DEADBEEF
DEADBEEF
DEADBEEF
DEADBEEF
DEADBEEF
DEADBEEF
DEADBEEF
DEADBEEF
DEADBEEF
DEADBEEF
DEADBEEF
DEADBEEF
DEADBEEF
DEADBEEF
DEADBEEF
DEADBEEF
DEADBEEF
DEADBEEF
DEADBEEF
DEADBEEF
DEADBEEF
DEADBEEF
DEADBEEF
DEADBEEF
DEADBEEF
DEADBEEF
DEADBEEF
DEADBEEF
DEADBEEF
DEADBEEF
DEADBEEF
DEADBEEF
DEADBEEF
DEADBEEF
DEADBEEF
DEADBEEF
DEADBEEF
DEADBEEF
DEADBEEF
DEADBEEF
DEADBEEF
DEADBEEF
DEADBEEF
DEADBEEF
DEADBEEF
DEADBEEF
DEADBEEF
DEADBEEF
DEADBEEF
DEADBEEF
DEADBEEF
DEADBEEF
DEADBEEF
DEADBEEF
DEADBEEF
DEADBEEF
DEADBEEF
DEADBEEF
DEADBEEF
DEADBEEF
DEADBEEF
DEADBEEF
DEADBEEF
DEADBEEF
DEADBEEF
DEADBEEF
DEADBEEF
DEADBEEF
DEADBEEF
DEADBEEF
DEADBEEF
DEADBEEF
DEADBEEF
DEADBEEF
DEADBEEF
DEADBEEF
DEADBEEF
DEADBEEF
DEADBEEF
DEADBEEF
DEADBEEF
DEADBEEF
DEADBEEF
DEADBEEF
DEADBEEF
DEADBEEF
DEADBEEF
DEADBEEF
DEADBEEF
DEADBEEF
DEADBEEF
DEADBEEF
DEADBEEF
DEADBEEF
DEADBEEF
DEADBEEF
DEADBEEF
DEADBEEF
DEADBEEF
DEADBEEF
DEADBEEF
DEADBEEF
DEADBEEF
DEADBEEF
DEADBEEF
DEADBEEF
DEADBEEF
DEADBEEF
DEADBEEF
DEADBEEF
DEADBEEF
DEADBEEF
DEADBEEF
DEADBEEF
DEADBEEF
DEADBEEF
DEADBEEF
DEADBEEF
DEADBEEF
DEADBEEF
DEADBEEF
DEADBEEF
DEADBEEF
DEADBEEF
DEADBEEF
DEADBEEF
DEADBEEF
DEADBEEF
DEADBEEF
DEADBEEF
DEADBEEF
DEADBEEF
DEADBEEF
DEADBEEF
DEADBEEF
DEADBEEF
DEADBEEF
DEADBEEF
DEADBEEF
DEADBEEF
DEADBEEF
DEADBEEF
DEADBEEF
DEADBEEF
DEADBEEF
DEADBEEF
DEADBEEF
DEADBEEF
DEADBEEF
DEADBEEF
DEADBEEF
DEADBEEF
DEADBEEF
DEADBEEF
DEADBEEF
DEADBEEF
DEADBEEF
DEADBEEF
DEADBEEF
DEADBEEF
DEADBEEF
DEADBEEF
DEADBEEF
DEADBEEF
DEADBEEF
DEADBEEF
DEADBEEF
DEADBEEF
DEADBEEF
DEADBEEF
DEADBEEF
DEADBEEF
DEADBEEF
DEADBEEF
DEADBEEF
DEADBEEF
DEADBEEF
DEADBEEF
DEADBEEF
DEADBEEF
DEADBEEF
DEADBEEF
DEADBEEF
DEADBEEF
DEADBEEF
DEADBEEF
DEADBEEF
DEADBEEF
DEADBEEF
DEADBEEF
DEADBEEF
DEADBEEF
DEADBEEF
DEADBEEF
DEADBEEF
DEADBEEF
DEADBEEF
DEADBEEF
DEADBEEF
DEADBEEF
DEADBEEF
DEADBEEF
DEADBEEF
DEADBEEF
DEADBEEF
DEADBEEF
DEADBEEF
DEADBEEF
DEADBEEF
DEADBEEF
DEADBEEF
DEADBEEF
DEADBEEF
DEADBEEF
DEADBEEF
DEADBEEF
DEADBEEF
DEADBEEF
DEADBEEF
DEADBEEF
DEADBEEF
DEADBEEF
DEADBEEF
DEADBEEF
DEADBEEF
DEADBEEF
DEADBEEF
DEADBEEF
DEADBEEF
DEADBEEF
DEADBEEF
DEADBEEF
DEADBEEF
DEADBEEF
DEADBEEF
DEADBEEF
DEADBEEF
DEADBEEF
DEADBEEF
DEADBEEF
DEADBEEF
DEADBEEF
DEADBEEF
DEADBEEF
DEADBEEF
DEADBEEF
DEADBEEF
DEADBEEF
DEADBEEF
DEADBEEF
DEADBEEF
DEADBEEF
DEADBEEF
DEADBEEF
DEADBEEF
DEADBEEF
DEADBEEF
DEADBEEF
DEADBEEF
DEADBEEF
DEADBEEF
DEADBEEF
DEADBEEF
DEADBEEF
DEADBEEF
DEADBEEF
DEADBEEF
DEADBEEF
DEADBEEF
DEADBEEF
DEADBEEF
DEADBEEF
DEADBEEF
DEADBEEF
DEADBEEF
DEADBEEF
DEADBEEF
DEADBEEF
DEADBEEF
DEADBEEF
DEADBEEF
DEADBEEF
DEADBEEF
DEADBEEF
DEADBEEF
DEADBEEF
DEADBEEF
DEADBEEF
DEADBEEF
DEADBEEF
DEADBEEF
DEADBEEF
DEADBEEF
DEADBEEF
DEADBEEF
DEADBEEF
DEADBEEF
DEADBEEF
DEADBEEF
DEADBEEF
DEADBEEF
DEADBEEF
DEADBEEF
DEADBEEF
DEADBEEF
DEADBEEF
DEADBEEF
DEADBEEF
DEADBEEF
DEADBEEF
DEADBEEF
DEADBEEF
DEADBEEF
DEADBEEF
DEADBEEF
DEADBEEF
DEADBEEF
DEADBEEF
DEADBEEF
DEADBEEF
DEADBEEF
DEADBEEF
DEADBEEF
DEADBEEF
DEADBEEF
DEADBEEF
DEADBEEF
DEADBEEF
DEADBEEF
DEADBEEF
DEADBEEF
DEADBEEF
DEADBEEF
DEADBEEF
DEADBEEF
DEADBEEF
DEADBEEF
DEADBEEF
DEADBEEF
DEADBEEF
DEADBEEF
DEADBEEF
DEADBEEF
DEADBEEF
DEADBEEF
DEADBEEF
DEADBEEF
DEADBEEF
DEADBEEF
DEADBEEF
DEADBEEF
DEADBEEF
DEADBEEF
DEADBEEF
DEADBEEF
DEADBEEF
DEADBEEF
DEADBEEF
DEADBEEF
DEADBEEF
DEADBEEF
DEADBEEF
DEADBEEF
DEADBEEF
DEADBEEF
DEADBEEF
DEADBEEF
DEADBEEF
DEADBEEF
DEADBEEF
DEADBEEF
DEADBEEF
DEADBEEF
DEADBEEF
DEADBEEF
DEADBEEF
DEADBEEF
DEADBEEF
DEADBEEF
DEADBEEF
DEADBEEF
DEADBEEF
DEADBEEF
DEADBEEF
DEADBEEF
DEADBEEF
DEADBEEF
DEADBEEF
DEADBEEF
DEADBEEF
DEADBEEF
DEADBEEF
DEADBEEF
DEADBEEF
DEADBEEF
DEADBEEF
DEADBEEF
DEADBEEF
DEADBEEF
DEADBEEF
DEADBEEF
DEADBEEF
DEADBEEF
DEADBEEF
DEADBEEF
DEADBEEF
DEADBEEF
DEADBEEF
DEADBEEF
DEADBEEF
DEADBEEF
DEADBEEF
DEADBEEF
DEADBEEF
DEADBEEF
DEADBEEF
DEADBEEF
DEADBEEF
DEADBEEF
DEADBEEF
DEADBEEF
DEADBEEF
DEADBEEF
DEADBEEF
DEADBEEF
DEADBEEF
DEADBEEF
DEADBEEF
DEADBEEF
DEADBEEF
DEADBEEF
DEADBEEF
DEADBEEF
DEADBEEF
DEADBEEF
DEADBEEF
DEADBEEF
DEADBEEF
DEADBEEF
DEADBEEF
DEADBEEF
DEADBEEF
DEADBEEF
DEADBEEF
DEADBEEF
DEADBEEF
DEADBEEF
DEADBEEF
DEADBEEF
DEADBEEF
DEADBEEF
DEADBEEF
DEADBEEF
DEADBEEF
DEADBEEF
DEADBEEF
DEADBEEF
DEADBEEF
DEADBEEF
DEADBEEF
DEADBEEF
DEADBEEF
DEADBEEF
DEADBEEF
DEADBEEF
DEADBEEF
DEADBEEF
DEADBEEF
DEADBEEF
DEADBEEF
DEADBEEF
DEADBEEF
DEADBEEF
DEADBEEF
DEADBEEF
DEADBEEF
DEADBEEF
DEADBEEF
DEADBEEF
DEADBEEF
DEADBEEF
DEADBEEF
DEADBEEF
DEADBEEF
DEADBEEF
DEADBEEF
DEADBEEF
DEADBEEF
DEADBEEF
DEADBEEF
DEADBEEF
DEADBEEF
DEADBEEF
DEADBEEF
DEADBEEF
DEADBEEF
DEADBEEF
DEADBEEF
DEADBEEF
DEADBEEF
DEADBEEF
DEADBEEF
DEADBEEF
DEADBEEF
DEADBEEF
DEADBEEF
DEADBEEF
DEADBEEF
DEADBEEF
DEADBEEF
DEADBEEF
DEADBEEF
DEADBEEF
DEADBEEF
DEADBEEF
DEADBEEF
DEADBEEF
DEADBEEF
DEADBEEF
DEADBEEF
DEADBEEF
DEADBEEF
DEADBEEF
DEADBEEF
DEADBEEF
DEADBEEF
DEADBEEF
DEADBEEF
DEADBEEF
DEADBEEF
DEADBEEF
DEADBEEF
DEADBEEF
DEADBEEF
DEADBEEF
DEADBEEF
DEADBEEF
DEADBEEF
DEADBEEF
DEADBEEF
DEADBEEF
DEADBEEF
DEADBEEF
DEADBEEF
DEADBEEF
DEADBEEF
DEADBEEF
DEADBEEF
DEADBEEF
DEADBEEF
DEADBEEF
DEADBEEF
DEADBEEF
DEADBEEF
DEADBEEF
DEADBEEF
DEADBEEF
DEADBEEF
DEADBEEF
DEADBEEF
DEADBEEF
DEADBEEF
DEADBEEF
DEADBEEF
DEADBEEF
DEADBEEF
DEADBEEF
DEADBEEF
DEADBEEF
DEADBEEF
DEADBEEF
DEADBEEF
DEADBEEF
DEADBEEF
DEADBEEF
DEADBEEF
DEADBEEF
DEADBEEF
DEADBEEF
DEADBEEF
DEADBEEF
DEADBEEF
DEADBEEF
DEADBEEF
DEADBEEF
DEADBEEF
DEADBEEF
DEADBEEF
DEADBEEF
DEADBEEF
DEADBEEF
DEADBEEF
DEADBEEF
DEADBEEF
DEADBEEF
DEADBEEF
DEADBEEF
DEADBEEF
DEADBEEF
DEADBEEF
DEADBEEF
DEADBEEF
DEADBEEF
DEADBEEF
DEADBEEF
DEADBEEF
DEADBEEF
DEADBEEF
DEADBEEF
DEADBEEF
DEADBEEF
DEADBEEF
DEADBEEF
DEADBEEF
DEADBEEF
DEADBEEF
DEADBEEF
DEADBEEF
DEADBEEF
DEADBEEF
DEADBEEF
DEADBEEF
DEADBEEF
DEADBEEF
DEADBEEF
DEADBEEF
DEADBEEF
DEADBEEF
DEADBEEF
DEADBEEF
DEADBEEF
DEADBEEF
DEADBEEF
DEADBEEF
DEADBEEF
DEADBEEF
DEADBEEF
DEADBEEF
DEADBEEF
DEADBEEF
DEADBEEF
DEADBEEF
DEADBEEF
DEADBEEF
DEADBEEF
DEADBEEF
DEADBEEF
DEADBEEF
DEADBEEF
DEADBEEF
DEADBEEF
DEADBEEF
DEADBEEF
DEADBEEF
DEADBEEF
DEADBEEF
DEADBEEF
DEADBEEF
DEADBEEF
DEADBEEF
DEADBEEF
DEADBEEF
DEADBEEF
DEADBEEF
DEADBEEF
DEADBEEF
DEADBEEF
DEADBEEF
DEADBEEF
DEADBEEF
DEADBEEF
DEADBEEF
DEADBEEF
DEADBEEF
DEADBEEF
DEADBEEF
DEADBEEF
DEADBEEF
DEADBEEF
DEADBEEF
DEADBEEF
DEADBEEF
DEADBEEF
DEADBEEF
DEADBEEF
DEADBEEF
DEADBEEF
DEADBEEF
DEADBEEF
DEADBEEF
DEADBEEF
DEADBEEF
DEADBEEF
DEADBEEF
DEADBEEF
DEADBEEF
DEADBEEF
DEADBEEF
DEADBEEF
DEADBEEF
DEADBEEF
DEADBEEF
DEADBEEF
DEADBEEF
DEADBEEF
DEADBEEF
DEADBEEF
DEADBEEF
DEADBEEF
DEADBEEF
DEADBEEF
DEADBEEF
DEADBEEF
DEADBEEF
DEADBEEF
DEADBEEF
DEADBEEF
DEADBEEF
DEADBEEF
DEADBEEF
DEADBEEF
DEADBEEF
DEADBEEF
DEADBEEF
DEADBEEF
DEADBEEF
DEADBEEF
DEADBEEF
DEADBEEF
DEADBEEF
DEADBEEF
DEADBEEF
DEADBEEF
DEADBEEF
DEADBEEF
DEADBEEF
DEADBEEF
DEADBEEF
DEADBEEF
DEADBEEF
DEADBEEF
DEADBEEF
DEADBEEF
DEADBEEF
DEADBEEF
DEADBEEF
DEADBEEF
DEADBEEF
DEADBEEF
DEADBEEF
DEADBEEF
DEADBEEF
DEADBEEF
DEADBEEF
DEADBEEF
DEADBEEF
DEADBEEF
DEADBEEF
DEADBEEF
DEADBEEF
DEADBEEF
DEADBEEF
DEADBEEF
DEADBEEF
DEADBEEF
DEADBEEF
DEADBEEF
DEADBEEF
DEADBEEF
DEADBEEF
DEADBEEF
DEADBEEF
DEADBEEF
DEADBEEF
DEADBEEF
DEADBEEF
DEADBEEF
DEADBEEF
DEADBEEF
DEADBEEF
DEADBEEF
DEADBEEF
DEADBEEF
DEADBEEF
DEADBEEF
DEADBEEF
DEADBEEF
DEADBEEF
DEADBEEF
DEADBEEF
DEADBEEF
DEADBEEF
DEADBEEF
DEADBEEF
DEADBEEF
DEADBEEF
DEADBEEF
DEADBEEF
DEADBEEF
DEADBEEF
DEADBEEF
DEADBEEF
DEADBEEF
DEADBEEF
DEADBEEF
DEADBEEF
DEADBEEF
DEADBEEF
DEADBEEF
DEADBEEF
DEADBEEF
DEADBEEF
DEADBEEF
DEADBEEF
DEADBEEF
DEADBEEF
DEADBEEF
DEADBEEF
DEADBEEF
DEADBEEF
DEADBEEF
DEADBEEF
DEADBEEF
DEADBEEF
DEADBEEF
DEADBEEF
DEADBEEF
DEADBEEF
DEADBEEF
DEADBEEF
DEADBEEF
DEADBEEF
DEADBEEF
DEADBEEF
DEADBEEF
DEADBEEF
DEADBEEF
DEADBEEF
DEADBEEF
DEADBEEF
DEADBEEF
DEADBEEF
DEADBEEF
DEADBEEF
DEADBEEF
DEADBEEF
DEADBEEF
DEADBEEF
DEADBEEF
DEADBEEF
DEADBEEF
DEADBEEF
DEADBEEF
DEADBEEF
DEADBEEF
DEADBEEF
DEADBEEF
DEADBEEF
DEADBEEF
DEADBEEF
DEADBEEF
DEADBEEF
DEADBEEF
DEADBEEF
DEADBEEF
DEADBEEF
DEADBEEF
DEADBEEF
DEADBEEF
DEADBEEF
DEADBEEF
DEADBEEF
DEADBEEF
DEADBEEF
DEADBEEF
DEADBEEF
DEADBEEF
DEADBEEF
DEADBEEF
DEADBEEF
DEADBEEF
DEADBEEF
DEADBEEF
DEADBEEF
DEADBEEF
DEADBEEF
DEADBEEF
DEADBEEF
DEADBEEF
DEADBEEF
DEADBEEF
DEADBEEF
DEADBEEF
DEADBEEF
DEADBEEF
DEADBEEF
DEADBEEF
DEADBEEF
DEADBEEF
DEADBEEF
DEADBEEF
DEADBEEF
DEADBEEF
DEADBEEF
DEADBEEF
DEADBEEF
DEADBEEF
DEADBEEF
DEADBEEF
DEADBEEF
DEADBEEF
DEADBEEF
DEADBEEF
DEADBEEF
DEADBEEF
DEADBEEF
DEADBEEF
DEADBEEF
DEADBEEF
DEADBEEF
DEADBEEF
DEADBEEF
DEADBEEF
DEADBEEF
DEADBEEF
DEADBEEF
DEADBEEF
DEADBEEF
DEADBEEF
DEADBEEF
DEADBEEF
DEADBEEF
DEADBEEF
DEADBEEF
DEADBEEF
DEADBEEF
DEADBEEF
DEADBEEF
DEADBEEF
DEADBEEF
DEADBEEF
DEADBEEF
DEADBEEF
DEADBEEF
DEADBEEF
DEADBEEF
DEADBEEF
DEADBEEF
DEADBEEF
DEADBEEF
DEADBEEF
DEADBEEF
DEADBEEF
DEADBEEF
DEADBEEF
DEADBEEF
DEADBEEF
DEADBEEF
DEADBEEF
DEADBEEF
DEADBEEF
DEADBEEF
DEADBEEF
DEADBEEF
DEADBEEF
DEADBEEF
DEADBEEF
DEADBEEF
DEADBEEF
DEADBEEF
DEADBEEF
DEADBEEF
DEADBEEF
DEADBEEF
DEADBEEF
DEADBEEF
DEADBEEF
DEADBEEF
DEADBEEF
DEADBEEF
DEADBEEF
DEADBEEF
DEADBEEF
DEADBEEF
DEADBEEF
DEADBEEF
DEADBEEF
DEADBEEF
DEADBEEF
DEADBEEF
DEADBEEF
DEADBEEF
DEADBEEF
DEADBEEF
DEADBEEF
DEADBEEF
DEADBEEF
DEADBEEF
DEADBEEF
DEADBEEF
DEADBEEF
DEADBEEF
DEADBEEF
DEADBEEF
DEADBEEF
DEADBEEF
DEADBEEF
DEADBEEF
DEADBEEF
DEADBEEF
DEADBEEF
DEADBEEF
DEADBEEF
DEADBEEF
DEADBEEF
DEADBEEF
DEADBEEF
DEADBEEF
DEADBEEF
DEADBEEF
DEADBEEF
DEADBEEF
DEADBEEF
DEADBEEF
DEADBEEF
DEADBEEF
DEADBEEF
DEADBEEF
DEADBEEF
DEADBEEF
DEADBEEF
DEADBEEF
DEADBEEF
DEADBEEF
DEADBEEF
DEADBEEF
DEADBEEF
DEADBEEF
DEADBEEF
DEADBEEF
DEADBEEF
DEADBEEF
DEADBEEF
DEADBEEF
DEADBEEF
DEADBEEF
DEADBEEF
DEADBEEF
DEADBEEF
DEADBEEF
DEADBEEF
DEADBEEF
DEADBEEF
DEADBEEF
DEADBEEF
DEADBEEF
DEADBEEF
DEADBEEF
DEADBEEF
DEADBEEF
DEADBEEF
DEADBEEF
DEADBEEF
DEADBEEF
DEADBEEF
DEADBEEF
DEADBEEF
DEADBEEF
DEADBEEF
DEADBEEF
DEADBEEF
DEADBEEF
DEADBEEF
DEADBEEF
DEADBEEF
DEADBEEF
DEADBEEF
DEADBEEF
DEADBEEF
DEADBEEF
DEADBEEF
DEADBEEF
DEADBEEF
DEADBEEF
DEADBEEF
DEADBEEF
DEADBEEF
DEADBEEF
DEADBEEF
DEADBEEF
DEADBEEF
DEADBEEF
DEADBEEF
DEADBEEF
DEADBEEF
DEADBEEF
DEADBEEF
DEADBEEF
DEADBEEF
DEADBEEF
DEADBEEF
DEADBEEF
DEADBEEF
DEADBEEF
DEADBEEF
DEADBEEF
DEADBEEF
DEADBEEF
DEADBEEF
DEADBEEF
DEADBEEF
DEADBEEF
DEADBEEF
DEADBEEF
DEADBEEF
DEADBEEF
DEADBEEF
DEADBEEF
DEADBEEF
DEADBEEF
DEADBEEF
DEADBEEF
DEADBEEF
DEADBEEF
DEADBEEF
DEADBEEF
DEADBEEF
DEADBEEF
DEADBEEF
DEADBEEF
DEADBEEF
DEADBEEF
DEADBEEF
DEADBEEF
DEADBEEF
DEADBEEF
DEADBEEF
DEADBEEF
DEADBEEF
DEADBEEF
DEADBEEF
DEADBEEF
DEADBEEF
DEADBEEF
DEADBEEF
DEADBEEF
DEADBEEF
DEADBEEF
DEADBEEF
DEADBEEF
DEADBEEF
DEADBEEF
DEADBEEF
DEADBEEF
DEADBEEF
DEADBEEF
DEADBEEF
DEADBEEF
DEADBEEF
DEADBEEF
DEADBEEF
DEADBEEF
DEADBEEF
DEADBEEF
DEADBEEF
DEADBEEF
DEADBEEF
DEADBEEF
DEADBEEF
DEADBEEF
DEADBEEF
DEADBEEF
DEADBEEF
DEADBEEF
DEADBEEF
DEADBEEF
DEADBEEF
DEADBEEF
DEADBEEF
DEADBEEF
DEADBEEF
DEADBEEF
DEADBEEF
DEADBEEF
DEADBEEF
DEADBEEF
DEADBEEF
DEADBEEF
DEADBEEF
DEADBEEF
DEADBEEF
DEADBEEF
DEADBEEF
DEADBEEF
DEADBEEF
DEADBEEF
DEADBEEF
DEADBEEF
DEADBEEF
DEADBEEF
DEADBEEF
DEADBEEF
DEADBEEF
DEADBEEF
DEADBEEF
DEADBEEF
DEADBEEF
DEADBEEF
DEADBEEF
DEADBEEF
DEADBEEF
DEADBEEF
DEADBEEF
DEADBEEF
DEADBEEF
DEADBEEF
DEADBEEF
DEADBEEF
DEADBEEF
DEADBEEF
DEADBEEF
DEADBEEF
DEADBEEF
DEADBEEF
DEADBEEF
DEADBEEF
DEADBEEF
DEADBEEF
DEADBEEF
DEADBEEF
DEADBEEF
DEADBEEF
DEADBEEF
DEADBEEF
DEADBEEF
DEADBEEF
DEADBEEF
DEADBEEF
DEADBEEF
DEADBEEF
DEADBEEF
DEADBEEF
DEADBEEF
DEADBEEF
DEADBEEF
DEADBEEF
DEADBEEF
DEADBEEF
DEADBEEF
DEADBEEF
DEADBEEF
DEADBEEF
DEADBEEF
DEADBEEF
DEADBEEF
DEADBEEF
DEADBEEF
DEADBEEF
DEADBEEF
DEADBEEF
DEADBEEF
DEADBEEF
DEADBEEF
DEADBEEF
DEADBEEF
DEADBEEF
DEADBEEF
DEADBEEF
DEADBEEF
DEADBEEF
DEADBEEF
DEADBEEF
DEADBEEF
DEADBEEF
DEADBEEF
DEADBEEF
DEADBEEF
DEADBEEF
DEADBEEF
DEADBEEF
DEADBEEF
DEADBEEF
DEADBEEF
DEADBEEF
DEADBEEF
DEADBEEF
DEADBEEF
DEADBEEF
DEADBEEF
DEADBEEF
DEADBEEF
DEADBEEF
DEADBEEF
DEADBEEF
DEADBEEF
DEADBEEF
DEADBEEF
DEADBEEF
DEADBEEF
DEADBEEF
DEADBEEF
DEADBEEF
DEADBEEF
DEADBEEF
DEADBEEF
DEADBEEF
DEADBEEF
DEADBEEF
DEADBEEF
DEADBEEF
DEADBEEF
DEADBEEF
DEADBEEF
DEADBEEF
DEADBEEF
DEADBEEF
DEADBEEF
DEADBEEF
DEADBEEF
DEADBEEF
DEADBEEF
DEADBEEF
DEADBEEF
DEADBEEF
DEADBEEF
DEADBEEF
DEADBEEF
DEADBEEF
DEADBEEF
DEADBEEF
DEADBEEF
DEADBEEF
DEADBEEF
DEADBEEF
DEADBEEF
DEADBEEF
DEADBEEF
DEADBEEF
DEADBEEF
DEADBEEF
DEADBEEF
DEADBEEF
DEADBEEF
DEADBEEF
DEADBEEF
DEADBEEF
DEADBEEF
DEADBEEF
DEADBEEF
DEADBEEF
DEADBEEF
DEADBEEF
DEADBEEF
DEADBEEF
DEADBEEF
DEADBEEF
DEADBEEF
DEADBEEF
DEADBEEF
DEADBEEF
DEADBEEF
DEADBEEF
DEADBEEF
DEADBEEF
DEADBEEF
DEADBEEF
DEADBEEF
DEADBEEF
DEADBEEF
DEADBEEF
DEADBEEF
DEADBEEF
DEADBEEF
DEADBEEF
DEADBEEF
DEADBEEF
DEADBEEF
DEADBEEF
DEADBEEF
DEADBEEF
DEADBEEF
DEADBEEF
DEADBEEF
DEADBEEF
DEADBEEF
DEADBEEF
DEADBEEF
DEADBEEF
DEADBEEF
DEADBEEF
DEADBEEF
DEADBEEF
DEADBEEF
DEADBEEF
DEADBEEF
DEADBEEF
DEADBEEF
DEADBEEF
DEADBEEF
DEADBEEF
DEADBEEF
DEADBEEF
DEADBEEF
DEADBEEF
DEADBEEF
DEADBEEF
DEADBEEF
DEADBEEF
DEADBEEF
DEADBEEF
DEADBEEF
DEADBEEF
DEADBEEF
DEADBEEF
DEADBEEF
DEADBEEF
DEADBEEF
DEADBEEF
DEADBEEF
DEADBEEF
DEADBEEF
DEADBEEF
DEADBEEF
DEADBEEF
DEADBEEF
DEADBEEF
DEADBEEF
DEADBEEF
DEADBEEF
DEADBEEF
DEADBEEF
DEADBEEF
DEADBEEF
DEADBEEF
DEADBEEF
DEADBEEF
DEADBEEF
DEADBEEF
DEADBEEF
DEADBEEF
DEADBEEF
DEADBEEF
DEADBEEF
DEADBEEF
DEADBEEF
DEADBEEF
DEADBEEF
DEADBEEF
DEADBEEF
DEADBEEF
DEADBEEF
DEADBEEF
DEADBEEF
DEADBEEF
DEADBEEF
DEADBEEF
DEADBEEF
DEADBEEF
DEADBEEF
DEADBEEF
DEADBEEF
DEADBEEF
DEADBEEF
DEADBEEF
DEADBEEF
DEADBEEF
DEADBEEF
DEADBEEF
DEADBEEF
DEADBEEF
DEADBEEF
DEADBEEF
DEADBEEF
DEADBEEF
DEADBEEF
DEADBEEF
DEADBEEF
DEADBEEF
DEADBEEF
DEADBEEF
DEADBEEF
DEADBEEF
DEADBEEF
DEADBEEF
DEADBEEF
DEADBEEF
DEADBEEF
DEADBEEF
DEADBEEF
DEADBEEF
DEADBEEF
DEADBEEF
DEADBEEF
DEADBEEF
DEADBEEF
DEADBEEF
DEADBEEF
DEADBEEF
DEADBEEF
DEADBEEF
DEADBEEF
DEADBEEF
DEADBEEF
DEADBEEF
DEADBEEF
DEADBEEF
DEADBEEF
DEADBEEF
DEADBEEF
DEADBEEF
DEADBEEF
DEADBEEF
DEADBEEF
DEADBEEF
DEADBEEF
DEADBEEF
DEADBEEF
DEADBEEF
DEADBEEF
DEADBEEF
DEADBEEF
DEADBEEF
DEADBEEF
DEADBEEF
DEADBEEF
DEADBEEF
DEADBEEF
DEADBEEF
DEADBEEF
DEADBEEF
DEADBEEF
DEADBEEF
DEADBEEF
DEADBEEF
DEADBEEF
DEADBEEF
DEADBEEF
DEADBEEF
DEADBEEF
DEADBEEF
DEADBEEF
DEADBEEF
DEADBEEF
DEADBEEF
DEADBEEF
DEADBEEF
DEADBEEF
DEADBEEF
DEADBEEF
DEADBEEF
DEADBEEF
DEADBEEF
DEADBEEF
DEADBEEF
DEADBEEF
DEADBEEF
DEADBEEF
DEADBEEF
DEADBEEF
DEADBEEF
DEADBEEF
DEADBEEF
DEADBEEF
DEADBEEF
DEADBEEF
DEADBEEF
DEADBEEF
DEADBEEF
DEADBEEF
DEADBEEF
DEADBEEF
DEADBEEF
DEADBEEF
DEADBEEF
DEADBEEF
DEADBEEF
DEADBEEF
DEADBEEF
DEADBEEF
DEADBEEF
DEADBEEF
DEADBEEF
DEADBEEF
DEADBEEF
DEADBEEF
DEADBEEF
DEADBEEF
DEADBEEF
DEADBEEF
DEADBEEF
DEADBEEF
DEADBEEF
DEADBEEF
DEADBEEF
DEADBEEF
DEADBEEF
DEADBEEF
DEADBEEF
DEADBEEF
DEADBEEF
DEADBEEF
DEADBEEF
DEADBEEF
DEADBEEF
DEADBEEF
DEADBEEF
DEADBEEF
DEADBEEF
DEADBEEF
DEADBEEF
DEADBEEF
DEADBEEF
DEADBEEF
DEADBEEF
DEADBEEF
DEADBEEF
DEADBEEF
DEADBEEF
DEADBEEF
DEADBEEF
DEADBEEF
DEADBEEF
DEADBEEF
DEADBEEF
DEADBEEF
DEADBEEF
DEADBEEF
DEADBEEF
DEADBEEF
DEADBEEF
DEADBEEF
DEADBEEF
DEADBEEF
DEADBEEF
DEADBEEF
DEADBEEF
DEADBEEF
DEADBEEF
DEADBEEF
DEADBEEF
DEADBEEF
DEADBEEF
DEADBEEF
DEADBEEF
DEADBEEF
DEADBEEF
DEADBEEF
DEADBEEF
DEADBEEF
DEADBEEF
DEADBEEF
DEADBEEF
DEADBEEF
DEADBEEF
DEADBEEF
DEADBEEF
DEADBEEF
DEADBEEF
DEADBEEF
DEADBEEF
DEADBEEF
DEADBEEF
DEADBEEF
DEADBEEF
DEADBEEF
DEADBEEF
DEADBEEF
DEADBEEF
DEADBEEF
DEADBEEF
DEADBEEF
DEADBEEF
DEADBEEF
DEADBEEF
DEADBEEF
DEADBEEF
DEADBEEF
DEADBEEF
DEADBEEF
DEADBEEF
DEADBEEF
DEADBEEF
DEADBEEF
DEADBEEF
DEADBEEF
DEADBEEF
DEADBEEF
DEADBEEF
DEADBEEF
DEADBEEF
DEADBEEF
DEADBEEF
DEADBEEF
DEADBEEF
DEADBEEF
DEADBEEF
DEADBEEF
DEADBEEF
DEADBEEF
DEADBEEF
DEADBEEF
DEADBEEF
DEADBEEF
DEADBEEF
DEADBEEF
DEADBEEF
DEADBEEF
DEADBEEF
DEADBEEF
DEADBEEF
DEADBEEF
DEADBEEF
DEADBEEF
DEADBEEF
DEADBEEF
DEADBEEF
DEADBEEF
DEADBEEF
DEADBEEF
DEADBEEF
DEADBEEF
DEADBEEF
DEADBEEF
DEADBEEF
DEADBEEF
DEADBEEF
DEADBEEF
DEADBEEF
DEADBEEF
DEADBEEF
DEADBEEF
DEADBEEF
DEADBEEF
DEADBEEF
DEADBEEF
DEADBEEF
DEADBEEF
DEADBEEF
DEADBEEF
DEADBEEF
DEADBEEF
DEADBEEF
DEADBEEF
DEADBEEF
DEADBEEF
DEADBEEF
DEADBEEF
DEADBEEF
DEADBEEF
DEADBEEF
DEADBEEF
DEADBEEF
DEADBEEF
DEADBEEF
DEADBEEF
DEADBEEF
DEADBEEF
DEADBEEF
DEADBEEF
DEADBEEF
DEADBEEF
DEADBEEF
DEADBEEF
DEADBEEF
DEADBEEF
DEADBEEF
DEADBEEF
DEADBEEF
DEADBEEF
DEADBEEF
DEADBEEF
DEADBEEF
DEADBEEF
DEADBEEF
DEADBEEF
DEADBEEF
DEADBEEF
DEADBEEF
DEADBEEF
DEADBEEF
DEADBEEF
DEADBEEF
DEADBEEF
DEADBEEF
DEADBEEF
DEADBEEF
DEADBEEF
DEADBEEF
DEADBEEF
DEADBEEF
DEADBEEF
DEADBEEF
DEADBEEF
DEADBEEF
DEADBEEF
DEADBEEF
DEADBEEF
DEADBEEF
DEADBEEF
DEADBEEF
DEADBEEF
DEADBEEF
DEADBEEF
DEADBEEF
DEADBEEF
DEADBEEF
DEADBEEF
DEADBEEF
DEADBEEF
DEADBEEF
DEADBEEF
DEADBEEF
DEADBEEF
DEADBEEF
DEADBEEF
DEADBEEF
DEADBEEF
DEADBEEF
DEADBEEF
DEADBEEF
DEADBEEF
DEADBEEF
DEADBEEF
DEADBEEF
DEADBEEF
DEADBEEF
DEADBEEF
DEADBEEF
DEADBEEF
DEADBEEF
DEADBEEF
DEADBEEF
DEADBEEF
DEADBEEF
DEADBEEF
DEADBEEF
DEADBEEF
DEADBEEF
DEADBEEF
DEADBEEF
DEADBEEF
DEADBEEF
DEADBEEF
DEADBEEF
DEADBEEF
DEADBEEF
DEADBEEF
DEADBEEF
DEADBEEF
DEADBEEF
DEADBEEF
DEADBEEF
DEADBEEF
DEADBEEF
DEADBEEF
DEADBEEF
DEADBEEF
DEADBEEF
DEADBEEF
DEADBEEF
DEADBEEF
DEADBEEF
DEADBEEF
DEADBEEF
DEADBEEF
DEADBEEF
DEADBEEF
DEADBEEF
DEADBEEF
DEADBEEF
DEADBEEF
DEADBEEF
DEADBEEF
DEADBEEF
DEADBEEF
DEADBEEF
DEADBEEF
DEADBEEF
DEADBEEF
DEADBEEF
DEADBEEF
DEADBEEF
DEADBEEF
DEADBEEF
DEADBEEF
DEADBEEF
DEADBEEF
DEADBEEF
DEADBEEF
DEADBEEF
DEADBEEF
DEADBEEF
DEADBEEF
DEADBEEF
DEADBEEF
DEADBEEF
DEADBEEF
DEADBEEF
DEADBEEF
DEADBEEF
DEADBEEF
DEADBEEF
DEADBEEF
DEADBEEF
DEADBEEF
DEADBEEF
DEADBEEF
DEADBEEF
DEADBEEF
DEADBEEF
DEADBEEF
DEADBEEF
DEADBEEF
DEADBEEF
DEADBEEF
DEADBEEF
DEADBEEF
DEADBEEF
DEADBEEF
DEADBEEF
DEADBEEF
DEADBEEF
DEADBEEF
DEADBEEF
DEADBEEF
DEADBEEF
DEADBEEF
DEADBEEF
DEADBEEF
DEADBEEF
DEADBEEF
DEADBEEF
DEADBEEF
DEADBEEF
DEADBEEF
DEADBEEF
DEADBEEF
DEADBEEF
DEADBEEF
DEADBEEF
DEADBEEF
DEADBEEF
DEADBEEF
DEADBEEF
DEADBEEF
DEADBEEF
DEADBEEF
DEADBEEF
DEADBEEF
DEADBEEF
DEADBEEF
DEADBEEF
DEADBEEF
DEADBEEF
DEADBEEF
DEADBEEF
DEADBEEF
DEADBEEF
DEADBEEF
DEADBEEF
DEADBEEF
DEADBEEF
DEADBEEF
DEADBEEF
DEADBEEF
DEADBEEF
DEADBEEF
DEADBEEF
DEADBEEF
DEADBEEF
DEADBEEF
DEADBEEF
DEADBEEF
DEADBEEF
DEADBEEF
DEADBEEF
DEADBEEF
DEADBEEF
DEADBEEF
DEADBEEF
DEADBEEF
DEADBEEF
DEADBEEF
DEADBEEF
DEADBEEF
DEADBEEF
DEADBEEF
DEADBEEF
DEADBEEF
DEADBEEF
DEADBEEF
DEADBEEF
DEADBEEF
DEADBEEF
DEADBEEF
DEADBEEF
DEADBEEF
DEADBEEF
DEADBEEF
DEADBEEF
DEADBEEF
DEADBEEF
DEADBEEF
DEADBEEF
DEADBEEF
DEADBEEF
DEADBEEF
DEADBEEF
DEADBEEF
DEADBEEF
DEADBEEF
DEADBEEF
DEADBEEF
DEADBEEF
DEADBEEF
DEADBEEF
DEADBEEF
DEADBEEF
DEADBEEF
DEADBEEF
DEADBEEF
DEADBEEF
DEADBEEF
DEADBEEF
DEADBEEF
DEADBEEF
DEADBEEF
DEADBEEF
DEADBEEF
DEADBEEF
DEADBEEF
DEADBEEF
DEADBEEF
DEADBEEF
DEADBEEF
DEADBEEF
DEADBEEF
DEADBEEF
DEADBEEF
DEADBEEF
DEADBEEF
DEADBEEF
DEADBEEF
DEADBEEF
DEADBEEF
DEADBEEF
DEADBEEF
DEADBEEF
DEADBEEF
DEADBEEF
DEADBEEF
DEADBEEF
DEADBEEF
DEADBEEF
DEADBEEF
DEADBEEF
DEADBEEF
DEADBEEF
DEADBEEF
DEADBEEF
DEADBEEF
DEADBEEF
DEADBEEF
DEADBEEF
DEADBEEF
DEADBEEF
DEADBEEF
DEADBEEF
DEADBEEF
DEADBEEF
DEADBEEF
DEADBEEF
DEADBEEF
DEADBEEF
DEADBEEF
DEADBEEF
DEADBEEF
DEADBEEF
DEADBEEF
DEADBEEF
DEADBEEF
DEADBEEF
DEADBEEF
DEADBEEF
DEADBEEF
DEADBEEF
DEADBEEF
DEADBEEF
DEADBEEF
DEADBEEF
DEADBEEF
DEADBEEF
DEADBEEF
DEADBEEF
DEADBEEF
DEADBEEF
DEADBEEF
DEADBEEF
DEADBEEF
DEADBEEF
DEADBEEF
DEADBEEF
DEADBEEF
DEADBEEF
DEADBEEF
DEADBEEF
DEADBEEF
DEADBEEF
DEADBEEF
DEADBEEF
DEADBEEF
DEADBEEF
DEADBEEF
DEADBEEF
DEADBEEF
DEADBEEF
DEADBEEF
DEADBEEF
DEADBEEF
DEADBEEF
DEADBEEF
DEADBEEF
DEADBEEF
DEADBEEF
DEADBEEF
DEADBEEF
DEADBEEF
DEADBEEF
DEADBEEF
DEADBEEF
DEADBEEF
DEADBEEF
DEADBEEF
DEADBEEF
DEADBEEF
DEADBEEF
DEADBEEF
DEADBEEF
DEADBEEF
DEADBEEF
DEADBEEF
DEADBEEF
DEADBEEF
DEADBEEF
DEADBEEF
DEADBEEF
DEADBEEF
DEADBEEF
DEADBEEF
DEADBEEF
DEADBEEF
DEADBEEF
DEADBEEF
DEADBEEF
DEADBEEF
DEADBEEF
DEADBEEF
DEADBEEF
DEADBEEF
DEADBEEF
DEADBEEF
DEADBEEF
DEADBEEF
DEADBEEF
DEADBEEF
DEADBEEF
DEADBEEF
DEADBEEF
DEADBEEF
DEADBEEF
DEADBEEF
DEADBEEF
DEADBEEF
DEADBEEF
DEADBEEF
DEADBEEF
DEADBEEF
DEADBEEF
DEADBEEF
DEADBEEF
DEADBEEF
DEADBEEF
DEADBEEF
DEADBEEF
DEADBEEF
DEADBEEF
DEADBEEF
DEADBEEF
DEADBEEF
DEADBEEF
DEADBEEF
DEADBEEF
DEADBEEF
DEADBEEF
DEADBEEF
DEADBEEF
DEADBEEF
DEADBEEF
DEADBEEF
DEADBEEF
DEADBEEF
DEADBEEF
DEADBEEF
DEADBEEF
DEADBEEF
DEADBEEF
DEADBEEF
DEADBEEF
DEADBEEF
DEADBEEF
DEADBEEF
DEADBEEF
DEADBEEF
DEADBEEF
DEADBEEF
DEADBEEF
DEADBEEF
DEADBEEF
DEADBEEF
DEADBEEF
DEADBEEF
DEADBEEF
DEADBEEF
DEADBEEF
DEADBEEF
DEADBEEF
DEADBEEF
DEADBEEF
DEADBEEF
DEADBEEF
DEADBEEF
DEADBEEF
DEADBEEF
DEADBEEF
DEADBEEF
DEADBEEF
DEADBEEF
DEADBEEF
DEADBEEF
DEADBEEF
DEADBEEF
DEADBEEF
DEADBEEF
DEADBEEF
DEADBEEF
DEADBEEF
DEADBEEF
DEADBEEF
DEADBEEF
DEADBEEF
DEADBEEF
DEADBEEF
DEADBEEF
DEADBEEF
DEADBEEF
DEADBEEF
DEADBEEF
DEADBEEF
DEADBEEF
DEADBEEF
DEADBEEF
DEADBEEF
DEADBEEF
DEADBEEF
DEADBEEF
DEADBEEF
DEADBEEF
DEADBEEF
DEADBEEF
DEADBEEF
DEADBEEF
DEADBEEF
DEADBEEF
DEADBEEF
DEADBEEF
DEADBEEF
DEADBEEF
DEADBEEF
DEADBEEF
DEADBEEF
DEADBEEF
DEADBEEF
DEADBEEF
DEADBEEF
DEADBEEF
DEADBEEF
DEADBEEF
DEADBEEF
DEADBEEF
DEADBEEF
DEADBEEF
DEADBEEF
DEADBEEF
DEADBEEF
DEADBEEF
DEADBEEF
DEADBEEF
DEADBEEF
DEADBEEF
DEADBEEF
DEADBEEF
DEADBEEF
DEADBEEF
DEADBEEF
DEADBEEF
DEADBEEF
DEADBEEF
DEADBEEF
DEADBEEF
DEADBEEF
DEADBEEF
DEADBEEF
DEADBEEF
DEADBEEF
DEADBEEF
DEADBEEF
DEADBEEF
DEADBEEF
DEADBEEF
DEADBEEF
DEADBEEF
DEADBEEF
DEADBEEF
DEADBEEF
DEADBEEF
DEADBEEF
DEADBEEF
DEADBEEF
DEADBEEF
DEADBEEF
DEADBEEF
DEADBEEF
DEADBEEF
DEADBEEF
DEADBEEF
DEADBEEF
DEADBEEF
DEADBEEF
DEADBEEF
DEADBEEF
DEADBEEF
DEADBEEF
DEADBEEF
DEADBEEF
DEADBEEF
DEADBEEF
DEADBEEF
DEADBEEF
DEADBEEF
DEADBEEF
DEADBEEF
DEADBEEF
DEADBEEF
DEADBEEF
DEADBEEF
DEADBEEF
DEADBEEF
DEADBEEF
DEADBEEF
DEADBEEF
DEADBEEF
DEADBEEF
DEADBEEF
DEADBEEF
DEADBEEF
DEADBEEF
DEADBEEF
DEADBEEF
DEADBEEF
DEADBEEF
DEADBEEF
DEADBEEF
DEADBEEF
DEADBEEF
DEADBEEF
DEADBEEF
DEADBEEF
DEADBEEF
DEADBEEF
DEADBEEF
DEADBEEF
DEADBEEF
DEADBEEF
DEADBEEF
DEADBEEF
DEADBEEF
DEADBEEF
DEADBEEF
DEADBEEF
DEADBEEF
DEADBEEF
DEADBEEF
DEADBEEF
DEADBEEF
DEADBEEF
DEADBEEF
DEADBEEF
DEADBEEF
DEADBEEF
DEADBEEF
DEADBEEF
DEADBEEF
DEADBEEF
DEADBEEF
DEADBEEF
DEADBEEF
DEADBEEF
DEADBEEF
DEADBEEF
DEADBEEF
DEADBEEF
DEADBEEF
DEADBEEF
DEADBEEF
DEADBEEF
DEADBEEF
DEADBEEF
DEADBEEF
DEADBEEF
DEADBEEF
DEADBEEF
DEADBEEF
DEADBEEF
DEADBEEF
DEADBEEF
DEADBEEF
DEADBEEF
DEADBEEF
DEADBEEF
DEADBEEF
DEADBEEF
DEADBEEF
DEADBEEF
DEADBEEF
DEADBEEF
DEADBEEF
DEADBEEF
DEADBEEF
DEADBEEF
DEADBEEF
DEADBEEF
DEADBEEF
DEADBEEF
DEADBEEF
DEADBEEF
DEADBEEF
DEADBEEF
DEADBEEF
DEADBEEF
DEADBEEF
DEADBEEF
DEADBEEF
DEADBEEF
DEADBEEF
DEADBEEF
DEADBEEF
DEADBEEF
DEADBEEF
DEADBEEF
DEADBEEF
DEADBEEF
DEADBEEF
DEADBEEF
DEADBEEF
DEADBEEF
DEADBEEF
DEADBEEF
DEADBEEF
DEADBEEF
DEADBEEF
DEADBEEF
DEADBEEF
DEADBEEF
DEADBEEF
DEADBEEF
DEADBEEF
DEADBEEF
DEADBEEF
DEADBEEF
DEADBEEF
DEADBEEF
DEADBEEF
DEADBEEF
DEADBEEF
DEADBEEF
DEADBEEF
DEADBEEF
DEADBEEF
DEADBEEF
DEADBEEF
DEADBEEF
DEADBEEF
DEADBEEF
DEADBEEF
DEADBEEF
DEADBEEF
DEADBEEF
DEADBEEF
DEADBEEF
DEADBEEF
DEADBEEF
DEADBEEF
DEADBEEF
DEADBEEF
DEADBEEF
DEADBEEF
DEADBEEF
DEADBEEF
DEADBEEF
DEADBEEF
DEADBEEF
DEADBEEF
DEADBEEF
DEADBEEF
DEADBEEF
DEADBEEF
DEADBEEF
DEADBEEF
DEADBEEF
DEADBEEF
DEADBEEF
DEADBEEF
DEADBEEF
DEADBEEF
DEADBEEF
DEADBEEF
DEADBEEF
DEADBEEF
DEADBEEF
DEADBEEF
DEADBEEF
DEADBEEF
DEADBEEF
DEADBEEF
DEADBEEF
DEADBEEF
DEADBEEF
DEADBEEF
DEADBEEF
DEADBEEF
DEADBEEF
DEADBEEF
DEADBEEF
DEADBEEF
DEADBEEF
DEADBEEF
DEADBEEF
DEADBEEF
DEADBEEF
DEADBEEF
DEADBEEF
DEADBEEF
DEADBEEF
DEADBEEF
DEADBEEF
DEADBEEF
DEADBEEF
DEADBEEF
DEADBEEF
DEADBEEF
DEADBEEF
DEADBEEF
DEADBEEF
DEADBEEF
DEADBEEF
DEADBEEF
DEADBEEF
DEADBEEF
DEADBEEF
DEADBEEF
DEADBEEF
DEADBEEF
DEADBEEF
DEADBEEF
DEADBEEF
DEADBEEF
DEADBEEF
DEADBEEF
DEADBEEF
DEADBEEF
DEADBEEF
DEADBEEF
DEADBEEF
DEADBEEF
DEADBEEF
DEADBEEF
DEADBEEF
DEADBEEF
DEADBEEF
DEADBEEF
DEADBEEF
DEADBEEF
DEADBEEF
DEADBEEF
DEADBEEF
DEADBEEF
DEADBEEF
DEADBEEF
DEADBEEF
DEADBEEF
DEADBEEF
DEADBEEF
DEADBEEF
DEADBEEF
DEADBEEF
DEADBEEF
DEADBEEF
DEADBEEF
DEADBEEF
DEADBEEF
DEADBEEF
DEADBEEF
DEADBEEF
DEADBEEF
DEADBEEF
DEADBEEF
DEADBEEF
DEADBEEF
DEADBEEF
DEADBEEF
DEADBEEF
DEADBEEF
DEADBEEF
DEADBEEF
DEADBEEF
DEADBEEF
DEADBEEF
DEADBEEF
DEADBEEF
DEADBEEF
DEADBEEF
DEADBEEF
DEADBEEF
DEADBEEF
DEADBEEF
DEADBEEF
DEADBEEF
DEADBEEF
DEADBEEF
DEADBEEF
DEADBEEF
DEADBEEF
DEADBEEF
DEADBEEF
DEADBEEF
DEADBEEF
DEADBEEF
DEADBEEF
DEADBEEF
DEADBEEF
DEADBEEF
DEADBEEF
DEADBEEF
DEADBEEF
DEADBEEF
DEADBEEF
DEADBEEF
DEADBEEF
DEADBEEF
DEADBEEF
DEADBEEF
DEADBEEF
DEADBEEF
DEADBEEF
DEADBEEF
DEADBEEF
DEADBEEF
DEADBEEF
DEADBEEF
DEADBEEF
DEADBEEF
DEADBEEF
DEADBEEF
DEADBEEF
DEADBEEF
DEADBEEF
DEADBEEF
DEADBEEF
DEADBEEF
DEADBEEF
DEADBEEF
DEADBEEF
DEADBEEF
DEADBEEF
DEADBEEF
DEADBEEF
DEADBEEF
DEADBEEF
DEADBEEF
DEADBEEF
DEADBEEF
DEADBEEF
DEADBEEF
DEADBEEF
DEADBEEF
DEADBEEF
DEADBEEF
DEADBEEF
DEADBEEF
DEADBEEF
DEADBEEF
DEADBEEF
DEADBEEF
DEADBEEF
DEADBEEF
DEADBEEF
DEADBEEF
DEADBEEF
DEADBEEF
DEADBEEF
DEADBEEF
DEADBEEF
DEADBEEF
DEADBEEF
DEADBEEF
DEADBEEF
DEADBEEF
DEADBEEF
DEADBEEF
DEADBEEF
DEADBEEF
DEADBEEF
DEADBEEF
DEADBEEF
DEADBEEF
DEADBEEF
DEADBEEF
DEADBEEF
DEADBEEF
DEADBEEF
DEADBEEF
DEADBEEF
DEADBEEF
DEADBEEF
DEADBEEF
DEADBEEF
DEADBEEF
DEADBEEF
DEADBEEF
DEADBEEF
DEADBEEF
DEADBEEF
DEADBEEF
DEADBEEF
DEADBEEF
DEADBEEF
DEADBEEF
DEADBEEF
DEADBEEF
DEADBEEF
DEADBEEF
DEADBEEF
DEADBEEF
DEADBEEF
DEADBEEF
DEADBEEF
DEADBEEF
DEADBEEF
DEADBEEF
DEADBEEF
DEADBEEF
DEADBEEF
DEADBEEF
DEADBEEF
DEADBEEF
DEADBEEF
DEADBEEF
DEADBEEF
DEADBEEF
DEADBEEF
DEADBEEF
DEADBEEF
DEADBEEF
DEADBEEF
DEADBEEF
DEADBEEF
DEADBEEF
DEADBEEF
DEADBEEF
DEADBEEF
DEADBEEF
DEADBEEF
DEADBEEF
DEADBEEF
DEADBEEF
DEADBEEF
DEADBEEF
DEADBEEF
DEADBEEF
DEADBEEF
DEADBEEF
DEADBEEF
DEADBEEF
DEADBEEF
DEADBEEF
DEADBEEF
DEADBEEF
DEADBEEF
DEADBEEF
DEADBEEF
DEADBEEF
DEADBEEF
DEADBEEF
DEADBEEF
DEADBEEF
DEADBEEF
DEADBEEF
DEADBEEF
DEADBEEF
DEADBEEF
DEADBEEF
DEADBEEF
DEADBEEF
DEADBEEF
DEADBEEF
DEADBEEF
DEADBEEF
DEADBEEF
DEADBEEF
DEADBEEF
DEADBEEF
DEADBEEF
DEADBEEF
DEADBEEF
DEADBEEF
DEADBEEF
DEADBEEF
DEADBEEF
DEADBEEF
DEADBEEF
DEADBEEF
DEADBEEF
DEADBEEF
DEADBEEF
DEADBEEF
DEADBEEF
DEADBEEF
DEADBEEF
DEADBEEF
DEADBEEF
DEADBEEF
DEADBEEF
DEADBEEF
DEADBEEF
DEADBEEF
DEADBEEF
DEADBEEF
DEADBEEF
DEADBEEF
DEADBEEF
DEADBEEF
DEADBEEF
DEADBEEF
DEADBEEF
DEADBEEF
DEADBEEF
DEADBEEF
DEADBEEF
DEADBEEF
DEADBEEF
DEADBEEF
DEADBEEF
DEADBEEF
DEADBEEF
DEADBEEF
DEADBEEF
DEADBEEF
DEADBEEF
DEADBEEF
DEADBEEF
DEADBEEF
DEADBEEF
DEADBEEF
DEADBEEF
DEADBEEF
DEADBEEF
DEADBEEF
DEADBEEF
DEADBEEF
DEADBEEF
DEADBEEF
DEADBEEF
DEADBEEF
DEADBEEF
DEADBEEF
DEADBEEF
DEADBEEF
DEADBEEF
DEADBEEF
DEADBEEF
DEADBEEF
DEADBEEF
DEADBEEF
DEADBEEF
DEADBEEF
DEADBEEF
DEADBEEF
DEADBEEF
DEADBEEF
DEADBEEF
DEADBEEF
DEADBEEF
DEADBEEF
DEADBEEF
DEADBEEF
DEADBEEF
DEADBEEF
DEADBEEF
DEADBEEF
DEADBEEF
DEADBEEF
DEADBEEF
DEADBEEF
DEADBEEF
DEADBEEF
DEADBEEF
DEADBEEF
DEADBEEF
DEADBEEF
DEADBEEF
DEADBEEF
DEADBEEF
DEADBEEF
DEADBEEF
DEADBEEF
DEADBEEF
DEADBEEF
DEADBEEF
DEADBEEF
DEADBEEF
DEADBEEF
DEADBEEF
DEADBEEF
DEADBEEF
DEADBEEF
DEADBEEF
DEADBEEF
DEADBEEF
DEADBEEF
DEADBEEF
DEADBEEF
DEADBEEF
DEADBEEF
DEADBEEF
DEADBEEF
DEADBEEF
DEADBEEF
DEADBEEF
DEADBEEF
DEADBEEF
DEADBEEF
DEADBEEF
DEADBEEF
DEADBEEF
DEADBEEF
DEADBEEF
DEADBEEF
DEADBEEF
DEADBEEF
DEADBEEF
DEADBEEF
DEADBEEF
DEADBEEF
DEADBEEF
DEADBEEF
DEADBEEF
DEADBEEF
DEADBEEF
DEADBEEF
DEADBEEF
DEADBEEF
DEADBEEF
DEADBEEF
DEADBEEF
DEADBEEF
DEADBEEF
DEADBEEF
DEADBEEF
DEADBEEF
DEADBEEF
DEADBEEF
DEADBEEF
DEADBEEF
DEADBEEF
DEADBEEF
DEADBEEF
DEADBEEF
DEADBEEF
DEADBEEF
DEADBEEF
DEADBEEF
DEADBEEF
DEADBEEF
DEADBEEF
DEADBEEF
DEADBEEF
DEADBEEF
DEADBEEF
DEADBEEF
DEADBEEF
DEADBEEF
DEADBEEF
DEADBEEF
DEADBEEF
DEADBEEF
DEADBEEF
DEADBEEF
DEADBEEF
DEADBEEF
DEADBEEF
DEADBEEF
DEADBEEF
DEADBEEF
DEADBEEF
DEADBEEF
DEADBEEF
DEADBEEF
DEADBEEF
DEADBEEF
DEADBEEF
DEADBEEF
DEADBEEF
DEADBEEF
DEADBEEF
DEADBEEF
DEADBEEF
DEADBEEF
DEADBEEF
DEADBEEF
DEADBEEF
DEADBEEF
DEADBEEF
DEADBEEF
DEADBEEF
DEADBEEF
DEADBEEF
DEADBEEF
DEADBEEF
DEADBEEF
DEADBEEF
DEADBEEF
DEADBEEF
DEADBEEF
DEADBEEF
DEADBEEF
DEADBEEF
DEADBEEF
DEADBEEF
DEADBEEF
DEADBEEF
DEADBEEF
DEADBEEF
DEADBEEF
DEADBEEF
DEADBEEF
DEADBEEF
DEADBEEF
DEADBEEF
DEADBEEF
DEADBEEF
DEADBEEF
DEADBEEF
DEADBEEF
DEADBEEF
DEADBEEF
DEADBEEF
DEADBEEF
DEADBEEF
DEADBEEF
DEADBEEF
DEADBEEF
DEADBEEF
DEADBEEF
DEADBEEF
DEADBEEF
DEADBEEF
DEADBEEF
DEADBEEF
DEADBEEF
DEADBEEF
DEADBEEF
DEADBEEF
DEADBEEF
DEADBEEF
DEADBEEF
DEADBEEF
DEADBEEF
DEADBEEF
DEADBEEF
DEADBEEF
DEADBEEF
DEADBEEF
DEADBEEF
DEADBEEF
DEADBEEF
DEADBEEF
DEADBEEF
DEADBEEF
DEADBEEF
DEADBEEF
DEADBEEF
DEADBEEF
DEADBEEF
DEADBEEF
DEADBEEF
DEADBEEF
DEADBEEF
DEADBEEF
DEADBEEF
DEADBEEF
DEADBEEF
DEADBEEF
DEADBEEF
DEADBEEF
DEADBEEF
DEADBEEF
DEADBEEF
DEADBEEF
DEADBEEF
DEADBEEF
DEADBEEF
DEADBEEF
DEADBEEF
DEADBEEF
DEADBEEF
DEADBEEF
DEADBEEF
DEADBEEF
DEADBEEF
DEADBEEF
DEADBEEF
DEADBEEF
DEADBEEF
DEADBEEF
DEADBEEF
DEADBEEF
DEADBEEF
DEADBEEF
DEADBEEF
DEADBEEF
DEADBEEF
DEADBEEF
DEADBEEF
DEADBEEF
DEADBEEF
DEADBEEF
DEADBEEF
DEADBEEF
DEADBEEF
DEADBEEF
DEADBEEF
DEADBEEF
DEADBEEF
DEADBEEF
DEADBEEF
DEADBEEF
DEADBEEF
DEADBEEF
DEADBEEF
DEADBEEF
DEADBEEF
DEADBEEF
DEADBEEF
DEADBEEF
DEADBEEF
DEADBEEF
DEADBEEF
DEADBEEF
DEADBEEF
DEADBEEF
DEADBEEF
DEADBEEF
DEADBEEF
DEADBEEF
DEADBEEF
DEADBEEF
DEADBEEF
DEADBEEF
DEADBEEF
DEADBEEF
DEADBEEF
DEADBEEF
DEADBEEF
DEADBEEF
DEADBEEF
DEADBEEF
DEADBEEF
DEADBEEF
DEADBEEF
DEADBEEF
DEADBEEF
DEADBEEF
DEADBEEF
DEADBEEF
DEADBEEF
DEADBEEF
DEADBEEF
DEADBEEF
DEADBEEF
DEADBEEF
DEADBEEF
DEADBEEF
DEADBEEF
DEADBEEF
DEADBEEF
DEADBEEF
DEADBEEF
DEADBEEF
DEADBEEF
DEADBEEF
DEADBEEF
DEADBEEF
DEADBEEF
DEADBEEF
DEADBEEF
DEADBEEF
DEADBEEF
DEADBEEF
DEADBEEF
DEADBEEF
DEADBEEF
DEADBEEF
DEADBEEF
DEADBEEF
DEADBEEF
DEADBEEF
DEADBEEF
DEADBEEF
DEADBEEF
DEADBEEF
DEADBEEF
DEADBEEF
DEADBEEF
DEADBEEF
DEADBEEF
DEADBEEF
DEADBEEF
DEADBEEF
DEADBEEF
DEADBEEF
DEADBEEF
DEADBEEF
DEADBEEF
DEADBEEF
DEADBEEF
DEADBEEF
DEADBEEF
DEADBEEF
DEADBEEF
DEADBEEF
DEADBEEF
DEADBEEF
DEADBEEF
DEADBEEF
DEADBEEF
DEADBEEF
DEADBEEF
DEADBEEF
DEADBEEF
DEADBEEF
DEADBEEF
DEADBEEF
DEADBEEF
DEADBEEF
DEADBEEF
DEADBEEF
DEADBEEF
DEADBEEF
DEADBEEF
DEADBEEF
DEADBEEF
DEADBEEF
DEADBEEF
DEADBEEF
DEADBEEF
DEADBEEF
DEADBEEF
DEADBEEF
DEADBEEF
DEADBEEF
DEADBEEF
DEADBEEF
DEADBEEF
DEADBEEF
DEADBEEF
DEADBEEF
DEADBEEF
DEADBEEF
DEADBEEF
DEADBEEF
DEADBEEF
DEADBEEF
DEADBEEF
DEADBEEF
DEADBEEF
DEADBEEF
DEADBEEF
DEADBEEF
DEADBEEF
DEADBEEF
DEADBEEF
DEADBEEF
DEADBEEF
DEADBEEF
DEADBEEF
DEADBEEF
DEADBEEF
DEADBEEF
DEADBEEF
DEADBEEF
DEADBEEF
DEADBEEF
DEADBEEF
DEADBEEF
DEADBEEF
DEADBEEF
DEADBEEF
DEADBEEF
DEADBEEF
DEADBEEF
DEADBEEF
DEADBEEF
DEADBEEF
DEADBEEF
DEADBEEF
DEADBEEF
DEADBEEF
DEADBEEF
DEADBEEF
DEADBEEF
DEADBEEF
DEADBEEF
DEADBEEF
DEADBEEF
DEADBEEF
DEADBEEF
DEADBEEF
DEADBEEF
DEADBEEF
DEADBEEF
DEADBEEF
DEADBEEF
DEADBEEF
DEADBEEF
DEADBEEF
DEADBEEF
DEADBEEF
DEADBEEF
DEADBEEF
DEADBEEF
DEADBEEF
DEADBEEF
DEADBEEF
DEADBEEF
DEADBEEF
DEADBEEF
DEADBEEF
DEADBEEF
DEADBEEF
DEADBEEF
DEADBEEF
DEADBEEF
DEADBEEF
DEADBEEF
DEADBEEF
DEADBEEF
DEADBEEF
DEADBEEF
DEADBEEF
DEADBEEF
DEADBEEF
DEADBEEF
DEADBEEF
DEADBEEF
DEADBEEF
DEADBEEF
DEADBEEF
DEADBEEF
DEADBEEF
DEADBEEF
DEADBEEF
DEADBEEF
DEADBEEF
DEADBEEF
DEADBEEF
DEADBEEF
DEADBEEF
DEADBEEF
DEADBEEF
DEADBEEF
DEADBEEF
DEADBEEF
DEADBEEF
DEADBEEF
DEADBEEF
DEADBEEF
DEADBEEF
DEADBEEF
DEADBEEF
DEADBEEF
DEADBEEF
DEADBEEF
DEADBEEF
DEADBEEF
DEADBEEF
DEADBEEF
DEADBEEF
DEADBEEF
DEADBEEF
DEADBEEF
DEADBEEF
DEADBEEF
DEADBEEF
DEADBEEF
DEADBEEF
DEADBEEF
DEADBEEF
DEADBEEF
DEADBEEF
DEADBEEF
DEADBEEF
DEADBEEF
DEADBEEF
DEADBEEF
DEADBEEF
DEADBEEF
DEADBEEF
DEADBEEF
DEADBEEF
DEADBEEF
DEADBEEF
DEADBEEF
DEADBEEF
DEADBEEF
DEADBEEF
DEADBEEF
DEADBEEF
DEADBEEF
DEADBEEF
DEADBEEF
DEADBEEF
DEADBEEF
DEADBEEF
DEADBEEF
DEADBEEF
DEADBEEF
DEADBEEF
DEADBEEF
DEADBEEF
DEADBEEF
DEADBEEF
DEADBEEF
DEADBEEF
DEADBEEF
DEADBEEF
DEADBEEF
DEADBEEF
DEADBEEF
DEADBEEF
DEADBEEF
DEADBEEF
DEADBEEF
DEADBEEF
DEADBEEF
DEADBEEF
DEADBEEF
DEADBEEF
DEADBEEF
DEADBEEF
DEADBEEF
DEADBEEF
DEADBEEF
DEADBEEF
DEADBEEF
DEADBEEF
DEADBEEF
DEADBEEF
DEADBEEF
DEADBEEF
DEADBEEF
DEADBEEF
DEADBEEF
DEADBEEF
DEADBEEF
DEADBEEF
DEADBEEF
DEADBEEF
DEADBEEF
DEADBEEF
DEADBEEF
DEADBEEF
DEADBEEF
DEADBEEF
DEADBEEF
DEADBEEF
DEADBEEF
DEADBEEF
DEADBEEF
DEADBEEF
DEADBEEF
DEADBEEF
DEADBEEF
DEADBEEF
DEADBEEF
DEADBEEF
DEADBEEF
DEADBEEF
DEADBEEF
DEADBEEF
DEADBEEF
DEADBEEF
DEADBEEF
DEADBEEF
DEADBEEF
DEADBEEF
DEADBEEF
DEADBEEF
DEADBEEF
DEADBEEF
DEADBEEF
DEADBEEF
DEADBEEF
DEADBEEF
DEADBEEF
DEADBEEF
DEADBEEF
DEADBEEF
DEADBEEF
DEADBEEF
DEADBEEF
DEADBEEF
DEADBEEF
DEADBEEF
DEADBEEF
DEADBEEF
DEADBEEF
DEADBEEF
DEADBEEF
DEADBEEF
DEADBEEF
DEADBEEF
DEADBEEF
DEADBEEF
DEADBEEF
DEADBEEF
DEADBEEF
DEADBEEF
DEADBEEF
DEADBEEF
DEADBEEF
DEADBEEF
DEADBEEF
DEADBEEF
DEADBEEF
DEADBEEF
DEADBEEF
DEADBEEF
DEADBEEF
DEADBEEF
DEADBEEF
DEADBEEF
DEADBEEF
DEADBEEF
DEADBEEF
DEADBEEF
DEADBEEF
DEADBEEF
DEADBEEF
DEADBEEF
DEADBEEF
DEADBEEF
DEADBEEF
DEADBEEF
DEADBEEF
DEADBEEF
DEADBEEF
DEADBEEF
DEADBEEF
DEADBEEF
DEADBEEF
DEADBEEF
DEADBEEF
DEADBEEF
DEADBEEF
DEADBEEF
DEADBEEF
DEADBEEF
DEADBEEF
DEADBEEF
DEADBEEF
DEADBEEF
DEADBEEF
DEADBEEF
DEADBEEF
DEADBEEF
DEADBEEF
DEADBEEF
DEADBEEF
DEADBEEF
DEADBEEF
DEADBEEF
DEADBEEF
DEADBEEF
DEADBEEF
DEADBEEF
DEADBEEF
DEADBEEF
DEADBEEF
DEADBEEF
DEADBEEF
DEADBEEF
DEADBEEF
DEADBEEF
DEADBEEF
DEADBEEF
DEADBEEF
DEADBEEF
DEADBEEF
DEADBEEF
DEADBEEF
DEADBEEF
DEADBEEF
DEADBEEF
DEADBEEF
DEADBEEF
DEADBEEF
DEADBEEF
DEADBEEF
DEADBEEF
DEADBEEF
DEADBEEF
DEADBEEF
DEADBEEF
DEADBEEF
DEADBEEF
DEADBEEF
DEADBEEF
DEADBEEF
DEADBEEF
DEADBEEF
DEADBEEF
DEADBEEF
DEADBEEF
DEADBEEF
DEADBEEF
DEADBEEF
DEADBEEF
DEADBEEF
DEADBEEF
DEADBEEF
DEADBEEF
DEADBEEF
DEADBEEF
DEADBEEF
DEADBEEF
DEADBEEF
DEADBEEF
DEADBEEF
DEADBEEF
DEADBEEF
DEADBEEF
DEADBEEF
DEADBEEF
DEADBEEF
DEADBEEF
DEADBEEF
DEADBEEF
DEADBEEF
DEADBEEF
DEADBEEF
DEADBEEF
DEADBEEF
DEADBEEF
DEADBEEF
DEADBEEF
DEADBEEF
DEADBEEF
DEADBEEF
DEADBEEF
DEADBEEF
DEADBEEF
DEADBEEF
DEADBEEF
DEADBEEF
DEADBEEF
DEADBEEF
DEADBEEF
DEADBEEF
DEADBEEF
DEADBEEF
DEADBEEF
DEADBEEF
DEADBEEF
DEADBEEF
DEADBEEF
DEADBEEF
DEADBEEF
DEADBEEF
DEADBEEF
DEADBEEF
DEADBEEF
DEADBEEF
DEADBEEF
DEADBEEF
DEADBEEF
DEADBEEF
DEADBEEF
DEADBEEF
DEADBEEF
DEADBEEF
DEADBEEF
DEADBEEF
DEADBEEF
DEADBEEF
DEADBEEF
DEADBEEF
DEADBEEF
DEADBEEF
DEADBEEF
DEADBEEF
DEADBEEF
DEADBEEF
DEADBEEF
DEADBEEF
DEADBEEF
DEADBEEF
DEADBEEF
DEADBEEF
DEADBEEF
DEADBEEF
DEADBEEF
DEADBEEF
DEADBEEF
DEADBEEF
DEADBEEF
DEADBEEF
DEADBEEF
DEADBEEF
DEADBEEF
DEADBEEF
DEADBEEF
DEADBEEF
DEADBEEF
DEADBEEF
DEADBEEF
DEADBEEF
DEADBEEF
DEADBEEF
DEADBEEF
DEADBEEF
DEADBEEF
DEADBEEF
DEADBEEF
DEADBEEF
DEADBEEF
DEADBEEF
DEADBEEF
DEADBEEF
DEADBEEF
DEADBEEF
DEADBEEF
DEADBEEF
DEADBEEF
DEADBEEF
DEADBEEF
DEADBEEF
DEADBEEF
DEADBEEF
DEADBEEF
DEADBEEF
DEADBEEF
DEADBEEF
DEADBEEF
DEADBEEF
DEADBEEF
DEADBEEF
DEADBEEF
DEADBEEF
DEADBEEF
DEADBEEF
DEADBEEF
DEADBEEF
DEADBEEF
DEADBEEF
DEADBEEF
DEADBEEF
DEADBEEF
DEADBEEF
DEADBEEF
DEADBEEF
DEADBEEF
DEADBEEF
DEADBEEF
DEADBEEF
DEADBEEF
DEADBEEF
DEADBEEF
DEADBEEF
DEADBEEF
DEADBEEF
DEADBEEF
DEADBEEF
DEADBEEF
DEADBEEF
DEADBEEF
DEADBEEF
DEADBEEF
DEADBEEF
DEADBEEF
DEADBEEF
DEADBEEF
DEADBEEF
DEADBEEF
DEADBEEF
DEADBEEF
DEADBEEF
DEADBEEF
DEADBEEF
DEADBEEF
DEADBEEF
DEADBEEF
DEADBEEF
DEADBEEF
DEADBEEF
DEADBEEF
DEADBEEF
DEADBEEF
DEADBEEF
DEADBEEF
DEADBEEF
DEADBEEF
DEADBEEF
DEADBEEF
DEADBEEF
DEADBEEF
DEADBEEF
DEADBEEF
DEADBEEF
DEADBEEF
DEADBEEF
DEADBEEF
DEADBEEF
DEADBEEF
DEADBEEF
DEADBEEF
DEADBEEF
DEADBEEF
DEADBEEF
DEADBEEF
DEADBEEF
DEADBEEF
DEADBEEF
DEADBEEF
DEADBEEF
DEADBEEF
DEADBEEF
DEADBEEF
DEADBEEF
DEADBEEF
DEADBEEF
DEADBEEF
DEADBEEF
DEADBEEF
DEADBEEF
DEADBEEF
DEADBEEF
DEADBEEF
DEADBEEF
DEADBEEF
DEADBEEF
DEADBEEF
DEADBEEF
DEADBEEF
DEADBEEF
DEADBEEF
DEADBEEF
DEADBEEF
DEADBEEF
DEADBEEF
DEADBEEF
DEADBEEF
DEADBEEF
DEADBEEF
DEADBEEF
DEADBEEF
DEADBEEF
DEADBEEF
DEADBEEF
DEADBEEF
DEADBEEF
DEADBEEF
DEADBEEF
DEADBEEF
DEADBEEF
DEADBEEF
DEADBEEF
DEADBEEF
DEADBEEF
DEADBEEF
DEADBEEF
DEADBEEF
DEADBEEF
DEADBEEF
DEADBEEF
DEADBEEF
DEADBEEF
DEADBEEF
DEADBEEF
DEADBEEF
DEADBEEF
DEADBEEF
DEADBEEF
DEADBEEF
DEADBEEF
DEADBEEF
DEADBEEF
DEADBEEF
DEADBEEF
DEADBEEF
DEADBEEF
DEADBEEF
DEADBEEF
DEADBEEF
DEADBEEF
DEADBEEF
DEADBEEF
DEADBEEF
DEADBEEF
DEADBEEF
DEADBEEF
DEADBEEF
DEADBEEF
DEADBEEF
DEADBEEF
DEADBEEF
DEADBEEF
DEADBEEF
DEADBEEF
DEADBEEF
DEADBEEF
DEADBEEF
DEADBEEF
DEADBEEF
DEADBEEF
DEADBEEF
DEADBEEF
DEADBEEF
DEADBEEF
DEADBEEF
DEADBEEF
DEADBEEF
DEADBEEF
DEADBEEF
DEADBEEF
DEADBEEF
DEADBEEF
DEADBEEF
DEADBEEF
DEADBEEF
DEADBEEF
DEADBEEF
DEADBEEF
DEADBEEF
DEADBEEF
DEADBEEF
DEADBEEF
DEADBEEF
DEADBEEF
DEADBEEF
DEADBEEF
DEADBEEF
DEADBEEF
DEADBEEF
DEADBEEF
DEADBEEF
DEADBEEF
DEADBEEF
DEADBEEF
DEADBEEF
DEADBEEF
DEADBEEF
DEADBEEF
DEADBEEF
DEADBEEF
DEADBEEF
DEADBEEF
DEADBEEF
DEADBEEF
DEADBEEF
DEADBEEF
DEADBEEF
DEADBEEF
DEADBEEF
DEADBEEF
DEADBEEF
DEADBEEF
DEADBEEF
DEADBEEF
DEADBEEF
DEADBEEF
DEADBEEF
DEADBEEF
DEADBEEF
DEADBEEF
DEADBEEF
DEADBEEF
DEADBEEF
DEADBEEF
DEADBEEF
DEADBEEF
DEADBEEF
DEADBEEF
DEADBEEF
DEADBEEF
DEADBEEF
DEADBEEF
DEADBEEF
DEADBEEF
DEADBEEF
DEADBEEF
DEADBEEF
DEADBEEF
DEADBEEF
DEADBEEF
DEADBEEF
DEADBEEF
DEADBEEF
DEADBEEF
DEADBEEF
DEADBEEF
DEADBEEF
DEADBEEF
DEADBEEF
DEADBEEF
DEADBEEF
DEADBEEF
DEADBEEF
DEADBEEF
DEADBEEF
DEADBEEF
DEADBEEF
DEADBEEF
DEADBEEF
DEADBEEF
DEADBEEF
DEADBEEF
DEADBEEF
DEADBEEF
DEADBEEF
DEADBEEF
DEADBEEF
DEADBEEF
DEADBEEF
DEADBEEF
DEADBEEF
DEADBEEF
DEADBEEF
DEADBEEF
DEADBEEF
DEADBEEF
DEADBEEF
DEADBEEF
DEADBEEF
DEADBEEF
DEADBEEF
DEADBEEF
DEADBEEF
DEADBEEF
DEADBEEF
DEADBEEF
DEADBEEF
DEADBEEF
DEADBEEF
DEADBEEF
DEADBEEF
DEADBEEF
DEADBEEF
DEADBEEF
DEADBEEF
DEADBEEF
DEADBEEF
DEADBEEF
DEADBEEF
DEADBEEF
DEADBEEF
DEADBEEF
DEADBEEF
DEADBEEF
DEADBEEF
DEADBEEF
DEADBEEF
DEADBEEF
DEADBEEF
DEADBEEF
DEADBEEF
DEADBEEF
DEADBEEF
DEADBEEF
DEADBEEF
DEADBEEF
DEADBEEF
DEADBEEF
DEADBEEF
DEADBEEF
DEADBEEF
DEADBEEF
DEADBEEF
DEADBEEF
DEADBEEF
DEADBEEF
DEADBEEF
DEADBEEF
DEADBEEF
DEADBEEF
DEADBEEF
DEADBEEF
DEADBEEF
DEADBEEF
DEADBEEF
DEADBEEF
DEADBEEF
DEADBEEF
DEADBEEF
DEADBEEF
DEADBEEF
DEADBEEF
DEADBEEF
DEADBEEF
DEADBEEF
DEADBEEF
DEADBEEF
DEADBEEF
DEADBEEF
DEADBEEF
DEADBEEF
DEADBEEF
DEADBEEF
DEADBEEF
DEADBEEF
DEADBEEF
DEADBEEF
DEADBEEF
DEADBEEF
DEADBEEF
DEADBEEF
DEADBEEF
DEADBEEF
DEADBEEF
DEADBEEF
DEADBEEF
DEADBEEF
DEADBEEF
DEADBEEF
DEADBEEF
DEADBEEF
DEADBEEF
DEADBEEF
DEADBEEF
DEADBEEF
DEADBEEF
DEADBEEF
DEADBEEF
DEADBEEF
DEADBEEF
DEADBEEF
DEADBEEF
DEADBEEF
DEADBEEF
DEADBEEF
DEADBEEF
DEADBEEF
DEADBEEF
DEADBEEF
DEADBEEF
DEADBEEF
DEADBEEF
DEADBEEF
DEADBEEF
DEADBEEF
DEADBEEF
DEADBEEF
DEADBEEF
DEADBEEF
DEADBEEF
DEADBEEF
DEADBEEF
DEADBEEF
DEADBEEF
DEADBEEF
DEADBEEF
DEADBEEF
DEADBEEF
DEADBEEF
DEADBEEF
DEADBEEF
DEADBEEF
DEADBEEF
DEADBEEF
DEADBEEF
DEADBEEF
DEADBEEF
DEADBEEF
DEADBEEF
DEADBEEF
DEADBEEF
DEADBEEF
DEADBEEF
DEADBEEF
DEADBEEF
DEADBEEF
DEADBEEF
DEADBEEF
DEADBEEF
DEADBEEF
DEADBEEF
DEADBEEF
DEADBEEF
DEADBEEF
DEADBEEF
DEADBEEF
DEADBEEF
DEADBEEF
DEADBEEF
DEADBEEF
DEADBEEF
DEADBEEF
DEADBEEF
DEADBEEF
DEADBEEF
DEADBEEF
DEADBEEF
DEADBEEF
DEADBEEF
DEADBEEF
DEADBEEF
DEADBEEF
DEADBEEF
DEADBEEF
DEADBEEF
DEADBEEF
DEADBEEF
DEADBEEF
DEADBEEF
DEADBEEF
DEADBEEF
DEADBEEF
DEADBEEF
DEADBEEF
DEADBEEF
DEADBEEF
DEADBEEF
DEADBEEF
DEADBEEF
DEADBEEF
DEADBEEF
DEADBEEF
DEADBEEF
DEADBEEF
DEADBEEF
DEADBEEF
DEADBEEF
DEADBEEF
DEADBEEF
DEADBEEF
DEADBEEF
DEADBEEF
DEADBEEF
DEADBEEF
DEADBEEF
DEADBEEF
DEADBEEF
DEADBEEF
DEADBEEF
DEADBEEF
DEADBEEF
DEADBEEF
DEADBEEF
DEADBEEF
DEADBEEF
DEADBEEF
DEADBEEF
DEADBEEF
DEADBEEF
DEADBEEF
DEADBEEF
DEADBEEF
DEADBEEF
DEADBEEF
DEADBEEF
DEADBEEF
DEADBEEF
DEADBEEF
DEADBEEF
DEADBEEF
DEADBEEF
DEADBEEF
DEADBEEF
DEADBEEF
DEADBEEF
DEADBEEF
DEADBEEF
DEADBEEF
DEADBEEF
DEADBEEF
DEADBEEF
DEADBEEF
DEADBEEF
DEADBEEF
DEADBEEF
DEADBEEF
DEADBEEF
DEADBEEF
DEADBEEF
DEADBEEF
DEADBEEF
DEADBEEF
DEADBEEF
DEADBEEF
DEADBEEF
DEADBEEF
DEADBEEF
DEADBEEF
DEADBEEF
DEADBEEF
DEADBEEF
DEADBEEF
DEADBEEF
DEADBEEF
DEADBEEF
DEADBEEF
DEADBEEF
DEADBEEF
DEADBEEF
DEADBEEF
DEADBEEF
DEADBEEF
DEADBEEF
DEADBEEF
DEADBEEF
DEADBEEF
DEADBEEF
DEADBEEF
DEADBEEF
DEADBEEF
DEADBEEF
DEADBEEF
DEADBEEF
DEADBEEF
DEADBEEF
DEADBEEF
DEADBEEF
DEADBEEF
DEADBEEF
DEADBEEF
DEADBEEF
DEADBEEF
DEADBEEF
DEADBEEF
DEADBEEF
DEADBEEF
DEADBEEF
DEADBEEF
DEADBEEF
DEADBEEF
DEADBEEF
DEADBEEF
DEADBEEF
DEADBEEF
DEADBEEF
DEADBEEF
DEADBEEF
DEADBEEF
DEADBEEF
DEADBEEF
DEADBEEF
DEADBEEF
DEADBEEF
DEADBEEF
DEADBEEF
DEADBEEF
DEADBEEF
DEADBEEF
DEADBEEF
DEADBEEF
DEADBEEF
DEADBEEF
DEADBEEF
DEADBEEF
DEADBEEF
DEADBEEF
DEADBEEF
DEADBEEF
DEADBEEF
DEADBEEF
DEADBEEF
DEADBEEF
DEADBEEF
DEADBEEF
DEADBEEF
DEADBEEF
DEADBEEF
DEADBEEF
DEADBEEF
DEADBEEF
DEADBEEF
DEADBEEF
DEADBEEF
DEADBEEF
DEADBEEF
DEADBEEF
DEADBEEF
DEADBEEF
DEADBEEF
DEADBEEF
DEADBEEF
DEADBEEF
DEADBEEF
DEADBEEF
DEADBEEF
DEADBEEF
DEADBEEF
DEADBEEF
DEADBEEF
DEADBEEF
DEADBEEF
DEADBEEF
DEADBEEF
DEADBEEF
DEADBEEF
DEADBEEF
DEADBEEF
DEADBEEF
DEADBEEF
DEADBEEF
DEADBEEF
DEADBEEF
DEADBEEF
DEADBEEF
DEADBEEF
DEADBEEF
DEADBEEF
DEADBEEF
DEADBEEF
DEADBEEF
DEADBEEF
DEADBEEF
DEADBEEF
DEADBEEF
DEADBEEF
DEADBEEF
DEADBEEF
DEADBEEF
DEADBEEF
DEADBEEF
DEADBEEF
DEADBEEF
DEADBEEF
DEADBEEF
DEADBEEF
DEADBEEF
DEADBEEF
DEADBEEF
DEADBEEF
DEADBEEF
DEADBEEF
DEADBEEF
DEADBEEF
DEADBEEF
DEADBEEF
DEADBEEF
DEADBEEF
DEADBEEF
DEADBEEF
DEADBEEF
DEADBEEF
DEADBEEF
DEADBEEF
DEADBEEF
DEADBEEF
DEADBEEF
DEADBEEF
DEADBEEF
DEADBEEF
DEADBEEF
DEADBEEF
DEADBEEF
DEADBEEF
DEADBEEF
DEADBEEF
DEADBEEF
DEADBEEF
DEADBEEF
DEADBEEF
DEADBEEF
DEADBEEF
DEADBEEF
DEADBEEF
DEADBEEF
DEADBEEF
DEADBEEF
DEADBEEF
DEADBEEF
DEADBEEF
DEADBEEF
DEADBEEF
DEADBEEF
DEADBEEF
DEADBEEF
DEADBEEF
DEADBEEF
DEADBEEF
DEADBEEF
DEADBEEF
DEADBEEF
DEADBEEF
DEADBEEF
DEADBEEF
DEADBEEF
DEADBEEF
DEADBEEF
DEADBEEF
DEADBEEF
DEADBEEF
DEADBEEF
DEADBEEF
DEADBEEF
DEADBEEF
DEADBEEF
DEADBEEF
DEADBEEF
DEADBEEF
DEADBEEF
DEADBEEF
DEADBEEF
DEADBEEF
DEADBEEF
DEADBEEF
DEADBEEF
DEADBEEF
DEADBEEF
DEADBEEF
DEADBEEF
DEADBEEF
DEADBEEF
DEADBEEF
DEADBEEF
DEADBEEF
DEADBEEF
DEADBEEF
DEADBEEF
DEADBEEF
DEADBEEF
DEADBEEF
DEADBEEF
DEADBEEF
DEADBEEF
DEADBEEF
DEADBEEF
DEADBEEF
DEADBEEF
DEADBEEF
DEADBEEF
DEADBEEF
DEADBEEF
DEADBEEF
DEADBEEF
DEADBEEF
DEADBEEF
DEADBEEF
DEADBEEF
DEADBEEF
DEADBEEF
DEADBEEF
DEADBEEF
DEADBEEF
DEADBEEF
DEADBEEF
DEADBEEF
DEADBEEF
DEADBEEF
DEADBEEF
DEADBEEF
DEADBEEF
DEADBEEF
DEADBEEF
DEADBEEF
DEADBEEF
DEADBEEF
DEADBEEF
DEADBEEF
DEADBEEF
DEADBEEF
DEADBEEF
DEADBEEF
DEADBEEF
DEADBEEF
DEADBEEF
DEADBEEF
DEADBEEF
DEADBEEF
DEADBEEF
DEADBEEF
DEADBEEF
DEADBEEF
DEADBEEF
DEADBEEF
DEADBEEF
DEADBEEF
DEADBEEF
DEADBEEF
DEADBEEF
DEADBEEF
DEADBEEF
DEADBEEF
DEADBEEF
DEADBEEF
DEADBEEF
DEADBEEF
DEADBEEF
DEADBEEF
DEADBEEF
DEADBEEF
DEADBEEF
DEADBEEF
DEADBEEF
DEADBEEF
DEADBEEF
DEADBEEF
DEADBEEF
DEADBEEF
DEADBEEF
DEADBEEF
DEADBEEF
DEADBEEF
DEADBEEF
DEADBEEF
DEADBEEF
DEADBEEF
DEADBEEF
DEADBEEF
DEADBEEF
DEADBEEF
DEADBEEF
DEADBEEF
DEADBEEF
DEADBEEF
DEADBEEF
DEADBEEF
DEADBEEF
DEADBEEF
DEADBEEF
DEADBEEF
DEADBEEF
DEADBEEF
DEADBEEF
DEADBEEF
DEADBEEF
DEADBEEF
DEADBEEF
DEADBEEF
DEADBEEF
DEADBEEF
DEADBEEF
DEADBEEF
DEADBEEF
DEADBEEF
DEADBEEF
DEADBEEF
DEADBEEF
DEADBEEF
DEADBEEF
DEADBEEF
DEADBEEF
DEADBEEF
DEADBEEF
DEADBEEF
DEADBEEF
DEADBEEF
DEADBEEF
DEADBEEF
DEADBEEF
DEADBEEF
DEADBEEF
DEADBEEF
DEADBEEF
DEADBEEF
DEADBEEF
DEADBEEF
DEADBEEF
DEADBEEF
DEADBEEF
DEADBEEF
DEADBEEF
DEADBEEF
DEADBEEF
DEADBEEF
DEADBEEF
DEADBEEF
DEADBEEF
DEADBEEF
DEADBEEF
DEADBEEF
DEADBEEF
DEADBEEF
DEADBEEF
DEADBEEF
DEADBEEF
DEADBEEF
DEADBEEF
DEADBEEF
DEADBEEF
DEADBEEF
DEADBEEF
DEADBEEF
DEADBEEF
DEADBEEF
DEADBEEF
DEADBEEF
DEADBEEF
DEADBEEF
DEADBEEF
DEADBEEF
DEADBEEF
DEADBEEF
DEADBEEF
DEADBEEF
DEADBEEF
DEADBEEF
DEADBEEF
DEADBEEF
DEADBEEF
DEADBEEF
DEADBEEF
DEADBEEF
DEADBEEF
DEADBEEF
DEADBEEF
DEADBEEF
DEADBEEF
DEADBEEF
DEADBEEF
DEADBEEF
DEADBEEF
DEADBEEF
DEADBEEF
DEADBEEF
DEADBEEF
DEADBEEF
DEADBEEF
DEADBEEF
DEADBEEF
DEADBEEF
DEADBEEF
DEADBEEF
DEADBEEF
DEADBEEF
DEADBEEF
DEADBEEF
DEADBEEF
DEADBEEF
DEADBEEF
DEADBEEF
DEADBEEF
DEADBEEF
DEADBEEF
DEADBEEF
DEADBEEF
DEADBEEF
DEADBEEF
DEADBEEF
DEADBEEF
DEADBEEF
DEADBEEF
DEADBEEF
DEADBEEF
DEADBEEF
DEADBEEF
DEADBEEF
DEADBEEF
DEADBEEF
DEADBEEF
DEADBEEF
DEADBEEF
DEADBEEF
DEADBEEF
DEADBEEF
DEADBEEF
DEADBEEF
DEADBEEF
DEADBEEF
DEADBEEF
DEADBEEF
DEADBEEF
DEADBEEF
DEADBEEF
DEADBEEF
DEADBEEF
DEADBEEF
DEADBEEF
DEADBEEF
DEADBEEF
DEADBEEF
DEADBEEF
DEADBEEF
DEADBEEF
DEADBEEF
DEADBEEF
DEADBEEF
DEADBEEF
DEADBEEF
DEADBEEF
DEADBEEF
DEADBEEF
DEADBEEF
DEADBEEF
DEADBEEF
DEADBEEF
DEADBEEF
DEADBEEF
DEADBEEF
DEADBEEF
DEADBEEF
DEADBEEF
DEADBEEF
DEADBEEF
DEADBEEF
DEADBEEF
DEADBEEF
DEADBEEF
DEADBEEF
DEADBEEF
DEADBEEF
DEADBEEF
DEADBEEF
DEADBEEF
DEADBEEF
DEADBEEF
DEADBEEF
DEADBEEF
DEADBEEF
DEADBEEF
DEADBEEF
DEADBEEF
DEADBEEF
DEADBEEF
DEADBEEF
DEADBEEF
DEADBEEF
DEADBEEF
DEADBEEF
DEADBEEF
DEADBEEF
DEADBEEF
DEADBEEF
DEADBEEF
DEADBEEF
DEADBEEF
DEADBEEF
DEADBEEF
DEADBEEF
DEADBEEF
DEADBEEF
DEADBEEF
DEADBEEF
DEADBEEF
DEADBEEF
DEADBEEF
DEADBEEF
DEADBEEF
DEADBEEF
DEADBEEF
DEADBEEF
DEADBEEF
DEADBEEF
DEADBEEF
DEADBEEF
DEADBEEF
DEADBEEF
DEADBEEF
DEADBEEF
DEADBEEF
DEADBEEF
DEADBEEF
DEADBEEF
DEADBEEF
DEADBEEF
DEADBEEF
DEADBEEF
DEADBEEF
DEADBEEF
DEADBEEF
DEADBEEF
DEADBEEF
DEADBEEF
DEADBEEF
DEADBEEF
DEADBEEF
DEADBEEF
DEADBEEF
DEADBEEF
DEADBEEF
DEADBEEF
DEADBEEF
DEADBEEF
DEADBEEF
DEADBEEF
DEADBEEF
DEADBEEF
DEADBEEF
DEADBEEF
DEADBEEF
DEADBEEF
DEADBEEF
DEADBEEF
DEADBEEF
DEADBEEF
DEADBEEF
DEADBEEF
DEADBEEF
DEADBEEF
DEADBEEF
DEADBEEF
DEADBEEF
DEADBEEF
DEADBEEF
DEADBEEF
DEADBEEF
DEADBEEF
DEADBEEF
DEADBEEF
DEADBEEF
DEADBEEF
DEADBEEF
DEADBEEF
DEADBEEF
DEADBEEF
DEADBEEF
DEADBEEF
DEADBEEF
DEADBEEF
DEADBEEF
DEADBEEF
DEADBEEF
DEADBEEF
DEADBEEF
DEADBEEF
DEADBEEF
DEADBEEF
DEADBEEF
DEADBEEF
DEADBEEF
DEADBEEF
DEADBEEF
DEADBEEF
DEADBEEF
DEADBEEF
DEADBEEF
DEADBEEF
DEADBEEF
DEADBEEF
DEADBEEF
DEADBEEF
DEADBEEF
DEADBEEF
DEADBEEF
DEADBEEF
DEADBEEF
DEADBEEF
DEADBEEF
DEADBEEF
DEADBEEF
DEADBEEF
DEADBEEF
DEADBEEF
DEADBEEF
DEADBEEF
DEADBEEF
DEADBEEF
DEADBEEF
DEADBEEF
DEADBEEF
DEADBEEF
DEADBEEF
DEADBEEF
DEADBEEF
DEADBEEF
DEADBEEF
DEADBEEF
DEADBEEF
DEADBEEF
DEADBEEF
DEADBEEF
DEADBEEF
DEADBEEF
DEADBEEF
DEADBEEF
DEADBEEF
DEADBEEF
DEADBEEF
DEADBEEF
DEADBEEF
DEADBEEF
DEADBEEF
DEADBEEF
DEADBEEF
DEADBEEF
DEADBEEF
DEADBEEF
DEADBEEF
DEADBEEF
DEADBEEF
DEADBEEF
DEADBEEF
DEADBEEF
DEADBEEF
DEADBEEF
DEADBEEF
DEADBEEF
DEADBEEF
DEADBEEF
DEADBEEF
DEADBEEF
DEADBEEF
DEADBEEF
DEADBEEF
DEADBEEF
DEADBEEF
DEADBEEF
DEADBEEF
DEADBEEF
DEADBEEF
DEADBEEF
DEADBEEF
DEADBEEF
DEADBEEF
DEADBEEF
DEADBEEF
DEADBEEF
DEADBEEF
DEADBEEF
DEADBEEF
DEADBEEF
DEADBEEF
DEADBEEF
DEADBEEF
DEADBEEF
DEADBEEF
DEADBEEF
DEADBEEF
DEADBEEF
DEADBEEF
DEADBEEF
DEADBEEF
DEADBEEF
DEADBEEF
DEADBEEF
DEADBEEF
DEADBEEF
DEADBEEF
DEADBEEF
DEADBEEF
DEADBEEF
DEADBEEF
DEADBEEF
DEADBEEF
DEADBEEF
DEADBEEF
DEADBEEF
DEADBEEF
DEADBEEF
DEADBEEF
DEADBEEF
DEADBEEF
DEADBEEF
DEADBEEF
DEADBEEF
DEADBEEF
DEADBEEF
DEADBEEF
DEADBEEF
DEADBEEF
DEADBEEF
DEADBEEF
DEADBEEF
DEADBEEF
DEADBEEF
DEADBEEF
DEADBEEF
DEADBEEF
DEADBEEF
DEADBEEF
DEADBEEF
DEADBEEF
DEADBEEF
DEADBEEF
DEADBEEF
DEADBEEF
DEADBEEF
DEADBEEF
DEADBEEF
DEADBEEF
DEADBEEF
DEADBEEF
DEADBEEF
DEADBEEF
DEADBEEF
DEADBEEF
DEADBEEF
DEADBEEF
DEADBEEF
DEADBEEF
DEADBEEF
DEADBEEF
DEADBEEF
DEADBEEF
DEADBEEF
DEADBEEF
DEADBEEF
DEADBEEF
DEADBEEF
DEADBEEF
DEADBEEF
DEADBEEF
DEADBEEF
DEADBEEF
DEADBEEF
DEADBEEF
DEADBEEF
DEADBEEF
DEADBEEF
DEADBEEF
DEADBEEF
DEADBEEF
DEADBEEF
DEADBEEF
DEADBEEF
DEADBEEF
DEADBEEF
DEADBEEF
DEADBEEF
DEADBEEF
DEADBEEF
DEADBEEF
DEADBEEF
DEADBEEF
DEADBEEF
DEADBEEF
DEADBEEF
DEADBEEF
DEADBEEF
DEADBEEF
DEADBEEF
DEADBEEF
DEADBEEF
DEADBEEF
DEADBEEF
DEADBEEF
DEADBEEF
DEADBEEF
DEADBEEF
DEADBEEF
DEADBEEF
DEADBEEF
DEADBEEF
DEADBEEF
DEADBEEF
DEADBEEF
DEADBEEF
DEADBEEF
DEADBEEF
DEADBEEF
DEADBEEF
DEADBEEF
DEADBEEF
DEADBEEF
DEADBEEF
DEADBEEF
DEADBEEF
DEADBEEF
DEADBEEF
DEADBEEF
DEADBEEF
DEADBEEF
DEADBEEF
DEADBEEF
DEADBEEF
DEADBEEF
DEADBEEF
DEADBEEF
DEADBEEF
DEADBEEF
DEADBEEF
DEADBEEF
DEADBEEF
DEADBEEF
DEADBEEF
DEADBEEF
DEADBEEF
DEADBEEF
DEADBEEF
DEADBEEF
DEADBEEF
DEADBEEF
DEADBEEF
DEADBEEF
DEADBEEF
DEADBEEF
DEADBEEF
DEADBEEF
DEADBEEF
DEADBEEF
DEADBEEF
DEADBEEF
DEADBEEF
DEADBEEF
DEADBEEF
DEADBEEF
DEADBEEF
DEADBEEF
DEADBEEF
DEADBEEF
DEADBEEF
DEADBEEF
DEADBEEF
DEADBEEF
DEADBEEF
DEADBEEF
DEADBEEF
DEADBEEF
DEADBEEF
DEADBEEF
DEADBEEF
DEADBEEF
DEADBEEF
DEADBEEF
DEADBEEF
DEADBEEF
DEADBEEF
DEADBEEF
DEADBEEF
DEADBEEF
DEADBEEF
DEADBEEF
DEADBEEF
DEADBEEF
DEADBEEF
DEADBEEF
DEADBEEF
DEADBEEF
DEADBEEF
DEADBEEF
DEADBEEF
DEADBEEF
DEADBEEF
DEADBEEF
DEADBEEF
DEADBEEF
DEADBEEF
DEADBEEF
DEADBEEF
DEADBEEF
DEADBEEF
DEADBEEF
DEADBEEF
DEADBEEF
DEADBEEF
DEADBEEF
DEADBEEF
DEADBEEF
DEADBEEF
DEADBEEF
DEADBEEF
DEADBEEF
DEADBEEF
DEADBEEF
DEADBEEF
DEADBEEF
DEADBEEF
DEADBEEF
DEADBEEF
DEADBEEF
DEADBEEF
DEADBEEF
DEADBEEF
DEADBEEF
DEADBEEF
DEADBEEF
DEADBEEF
DEADBEEF
DEADBEEF
DEADBEEF
DEADBEEF
DEADBEEF
DEADBEEF
DEADBEEF
DEADBEEF
DEADBEEF
DEADBEEF
DEADBEEF
DEADBEEF
DEADBEEF
DEADBEEF
DEADBEEF
DEADBEEF
DEADBEEF
DEADBEEF
DEADBEEF
DEADBEEF
DEADBEEF
DEADBEEF
DEADBEEF
DEADBEEF
DEADBEEF
DEADBEEF
DEADBEEF
DEADBEEF
DEADBEEF
DEADBEEF
DEADBEEF
DEADBEEF
DEADBEEF
DEADBEEF
DEADBEEF
DEADBEEF
DEADBEEF
DEADBEEF
DEADBEEF
DEADBEEF
DEADBEEF
DEADBEEF
DEADBEEF
DEADBEEF
DEADBEEF
DEADBEEF
DEADBEEF
DEADBEEF
DEADBEEF
DEADBEEF
DEADBEEF
DEADBEEF
DEADBEEF
DEADBEEF
DEADBEEF
DEADBEEF
DEADBEEF
DEADBEEF
DEADBEEF
DEADBEEF
DEADBEEF
DEADBEEF
DEADBEEF
DEADBEEF
DEADBEEF
DEADBEEF
DEADBEEF
DEADBEEF
DEADBEEF
DEADBEEF
DEADBEEF
DEADBEEF
DEADBEEF
DEADBEEF
DEADBEEF
DEADBEEF
DEADBEEF
DEADBEEF
DEADBEEF
DEADBEEF
DEADBEEF
DEADBEEF
DEADBEEF
DEADBEEF
DEADBEEF
DEADBEEF
DEADBEEF
DEADBEEF
DEADBEEF
DEADBEEF
DEADBEEF
DEADBEEF
DEADBEEF
DEADBEEF
DEADBEEF
DEADBEEF
DEADBEEF
DEADBEEF
DEADBEEF
DEADBEEF
DEADBEEF
DEADBEEF
DEADBEEF
DEADBEEF
DEADBEEF
DEADBEEF
DEADBEEF
DEADBEEF
DEADBEEF
DEADBEEF
DEADBEEF
DEADBEEF
DEADBEEF
DEADBEEF
DEADBEEF
DEADBEEF
DEADBEEF
DEADBEEF
DEADBEEF
DEADBEEF
DEADBEEF
DEADBEEF
DEADBEEF
DEADBEEF
DEADBEEF
DEADBEEF
DEADBEEF
DEADBEEF
DEADBEEF
DEADBEEF
DEADBEEF
DEADBEEF
DEADBEEF
DEADBEEF
DEADBEEF
DEADBEEF
DEADBEEF
DEADBEEF
DEADBEEF
DEADBEEF
DEADBEEF
DEADBEEF
DEADBEEF
DEADBEEF
DEADBEEF
DEADBEEF
DEADBEEF
DEADBEEF
DEADBEEF
DEADBEEF
DEADBEEF
DEADBEEF
DEADBEEF
DEADBEEF
DEADBEEF
DEADBEEF
DEADBEEF
DEADBEEF
DEADBEEF
DEADBEEF
DEADBEEF
DEADBEEF
DEADBEEF
DEADBEEF
DEADBEEF
DEADBEEF
DEADBEEF
DEADBEEF
DEADBEEF
DEADBEEF
DEADBEEF
DEADBEEF
DEADBEEF
DEADBEEF
DEADBEEF
DEADBEEF
DEADBEEF
DEADBEEF
DEADBEEF
DEADBEEF
DEADBEEF
DEADBEEF
DEADBEEF
DEADBEEF
DEADBEEF
DEADBEEF
DEADBEEF
DEADBEEF
DEADBEEF
DEADBEEF
DEADBEEF
DEADBEEF
DEADBEEF
DEADBEEF
DEADBEEF
DEADBEEF
DEADBEEF
DEADBEEF
DEADBEEF
DEADBEEF
DEADBEEF
DEADBEEF
DEADBEEF
DEADBEEF
DEADBEEF
DEADBEEF
DEADBEEF
DEADBEEF
DEADBEEF
DEADBEEF
DEADBEEF
DEADBEEF
DEADBEEF
DEADBEEF
DEADBEEF
DEADBEEF
DEADBEEF
DEADBEEF
DEADBEEF
DEADBEEF
DEADBEEF
DEADBEEF
DEADBEEF
DEADBEEF
DEADBEEF
DEADBEEF
DEADBEEF
DEADBEEF
DEADBEEF
DEADBEEF
DEADBEEF
DEADBEEF
DEADBEEF
DEADBEEF
DEADBEEF
DEADBEEF
DEADBEEF
DEADBEEF
DEADBEEF
DEADBEEF
DEADBEEF
DEADBEEF
DEADBEEF
DEADBEEF
DEADBEEF
DEADBEEF
DEADBEEF
DEADBEEF
DEADBEEF
DEADBEEF
DEADBEEF
DEADBEEF
DEADBEEF
DEADBEEF
DEADBEEF
DEADBEEF
DEADBEEF
DEADBEEF
DEADBEEF
DEADBEEF
DEADBEEF
DEADBEEF
DEADBEEF
DEADBEEF
DEADBEEF
DEADBEEF
DEADBEEF
DEADBEEF
DEADBEEF
DEADBEEF
DEADBEEF
DEADBEEF
DEADBEEF
DEADBEEF
DEADBEEF
DEADBEEF
DEADBEEF
DEADBEEF
DEADBEEF
DEADBEEF
DEADBEEF
DEADBEEF
DEADBEEF
DEADBEEF
DEADBEEF
DEADBEEF
DEADBEEF
DEADBEEF
DEADBEEF
DEADBEEF
DEADBEEF
DEADBEEF
DEADBEEF
DEADBEEF
DEADBEEF
DEADBEEF
DEADBEEF
DEADBEEF
DEADBEEF
DEADBEEF
DEADBEEF
DEADBEEF
DEADBEEF
DEADBEEF
DEADBEEF
DEADBEEF
DEADBEEF
DEADBEEF
DEADBEEF
DEADBEEF
DEADBEEF
DEADBEEF
DEADBEEF
DEADBEEF
DEADBEEF
DEADBEEF
DEADBEEF
DEADBEEF
DEADBEEF
DEADBEEF
DEADBEEF
DEADBEEF
DEADBEEF
DEADBEEF
DEADBEEF
DEADBEEF
DEADBEEF
DEADBEEF
DEADBEEF
DEADBEEF
DEADBEEF
DEADBEEF
DEADBEEF
DEADBEEF
DEADBEEF
DEADBEEF
DEADBEEF
DEADBEEF
DEADBEEF
DEADBEEF
DEADBEEF
DEADBEEF
DEADBEEF
DEADBEEF
DEADBEEF
DEADBEEF
DEADBEEF
DEADBEEF
DEADBEEF
DEADBEEF
DEADBEEF
DEADBEEF
DEADBEEF
DEADBEEF
DEADBEEF
DEADBEEF
DEADBEEF
DEADBEEF
DEADBEEF
DEADBEEF
DEADBEEF
DEADBEEF
DEADBEEF
DEADBEEF
DEADBEEF
DEADBEEF
DEADBEEF
DEADBEEF
DEADBEEF
DEADBEEF
DEADBEEF
DEADBEEF
DEADBEEF
DEADBEEF
DEADBEEF
DEADBEEF
DEADBEEF
DEADBEEF
DEADBEEF
DEADBEEF
DEADBEEF
DEADBEEF
DEADBEEF
DEADBEEF
DEADBEEF
DEADBEEF
DEADBEEF
DEADBEEF
DEADBEEF
DEADBEEF
DEADBEEF
DEADBEEF
DEADBEEF
DEADBEEF
DEADBEEF
DEADBEEF
DEADBEEF
DEADBEEF
DEADBEEF
DEADBEEF
DEADBEEF
DEADBEEF
DEADBEEF
DEADBEEF
DEADBEEF
DEADBEEF
DEADBEEF
DEADBEEF
DEADBEEF
DEADBEEF
DEADBEEF
DEADBEEF
DEADBEEF
DEADBEEF
DEADBEEF
DEADBEEF
DEADBEEF
DEADBEEF
DEADBEEF
DEADBEEF
DEADBEEF
DEADBEEF
DEADBEEF
DEADBEEF
DEADBEEF
DEADBEEF
DEADBEEF
DEADBEEF
DEADBEEF
DEADBEEF
DEADBEEF
DEADBEEF
DEADBEEF
DEADBEEF
DEADBEEF
DEADBEEF
DEADBEEF
DEADBEEF
DEADBEEF
DEADBEEF
DEADBEEF
DEADBEEF
DEADBEEF
DEADBEEF
DEADBEEF
DEADBEEF
DEADBEEF
DEADBEEF
DEADBEEF
DEADBEEF
DEADBEEF
DEADBEEF
DEADBEEF
DEADBEEF
DEADBEEF
DEADBEEF
DEADBEEF
DEADBEEF
DEADBEEF
DEADBEEF
DEADBEEF
DEADBEEF
DEADBEEF
DEADBEEF
DEADBEEF
DEADBEEF
DEADBEEF
DEADBEEF
DEADBEEF
DEADBEEF
DEADBEEF
DEADBEEF
DEADBEEF
DEADBEEF
DEADBEEF
DEADBEEF
DEADBEEF
DEADBEEF
DEADBEEF
DEADBEEF
DEADBEEF
DEADBEEF
DEADBEEF
DEADBEEF
DEADBEEF
DEADBEEF
DEADBEEF
DEADBEEF
DEADBEEF
DEADBEEF
DEADBEEF
DEADBEEF
DEADBEEF
DEADBEEF
DEADBEEF
DEADBEEF
DEADBEEF
DEADBEEF
DEADBEEF
DEADBEEF
DEADBEEF
DEADBEEF
DEADBEEF
DEADBEEF
DEADBEEF
DEADBEEF
DEADBEEF
DEADBEEF
DEADBEEF
DEADBEEF
DEADBEEF
DEADBEEF
DEADBEEF
DEADBEEF
DEADBEEF
DEADBEEF
DEADBEEF
DEADBEEF
DEADBEEF
DEADBEEF
DEADBEEF
DEADBEEF
DEADBEEF
DEADBEEF
DEADBEEF
DEADBEEF
DEADBEEF
DEADBEEF
DEADBEEF
DEADBEEF
DEADBEEF
DEADBEEF
DEADBEEF
DEADBEEF
DEADBEEF
DEADBEEF
DEADBEEF
DEADBEEF
DEADBEEF
DEADBEEF
DEADBEEF
DEADBEEF
DEADBEEF
DEADBEEF
DEADBEEF
DEADBEEF
DEADBEEF
DEADBEEF
DEADBEEF
DEADBEEF
DEADBEEF
DEADBEEF
DEADBEEF
DEADBEEF
DEADBEEF
DEADBEEF
DEADBEEF
DEADBEEF
DEADBEEF
DEADBEEF
DEADBEEF
DEADBEEF
DEADBEEF
DEADBEEF
DEADBEEF
DEADBEEF
DEADBEEF
DEADBEEF
DEADBEEF
DEADBEEF
DEADBEEF
DEADBEEF
DEADBEEF
DEADBEEF
DEADBEEF
DEADBEEF
DEADBEEF
DEADBEEF
DEADBEEF
DEADBEEF
DEADBEEF
DEADBEEF
DEADBEEF
DEADBEEF
DEADBEEF
DEADBEEF
DEADBEEF
DEADBEEF
DEADBEEF
DEADBEEF
DEADBEEF
DEADBEEF
DEADBEEF
DEADBEEF
DEADBEEF
DEADBEEF
DEADBEEF
DEADBEEF
DEADBEEF
DEADBEEF
DEADBEEF
DEADBEEF
DEADBEEF
DEADBEEF
DEADBEEF
DEADBEEF
DEADBEEF
DEADBEEF
DEADBEEF
DEADBEEF
DEADBEEF
DEADBEEF
DEADBEEF
DEADBEEF
DEADBEEF
DEADBEEF
DEADBEEF
DEADBEEF
DEADBEEF
DEADBEEF
DEADBEEF
DEADBEEF
DEADBEEF
DEADBEEF
DEADBEEF
DEADBEEF
DEADBEEF
DEADBEEF
DEADBEEF
DEADBEEF
DEADBEEF
DEADBEEF
DEADBEEF
DEADBEEF
DEADBEEF
DEADBEEF
DEADBEEF
DEADBEEF
DEADBEEF
DEADBEEF
DEADBEEF
DEADBEEF
DEADBEEF
DEADBEEF
DEADBEEF
DEADBEEF
DEADBEEF
DEADBEEF
DEADBEEF
DEADBEEF
DEADBEEF
DEADBEEF
DEADBEEF
DEADBEEF
DEADBEEF
DEADBEEF
DEADBEEF
DEADBEEF
DEADBEEF
DEADBEEF
DEADBEEF
DEADBEEF
DEADBEEF
DEADBEEF
DEADBEEF
DEADBEEF
DEADBEEF
DEADBEEF
DEADBEEF
DEADBEEF
DEADBEEF
DEADBEEF
DEADBEEF
DEADBEEF
DEADBEEF
DEADBEEF
DEADBEEF
DEADBEEF
DEADBEEF
DEADBEEF
DEADBEEF
DEADBEEF
DEADBEEF
DEADBEEF
DEADBEEF
DEADBEEF
DEADBEEF
DEADBEEF
DEADBEEF
DEADBEEF
DEADBEEF
DEADBEEF
DEADBEEF
DEADBEEF
DEADBEEF
DEADBEEF
DEADBEEF
DEADBEEF
DEADBEEF
DEADBEEF
DEADBEEF
DEADBEEF
DEADBEEF
DEADBEEF
DEADBEEF
DEADBEEF
DEADBEEF
DEADBEEF
DEADBEEF
DEADBEEF
DEADBEEF
DEADBEEF
DEADBEEF
DEADBEEF
DEADBEEF
DEADBEEF
DEADBEEF
DEADBEEF
DEADBEEF
DEADBEEF
DEADBEEF
DEADBEEF
DEADBEEF
DEADBEEF
DEADBEEF
DEADBEEF
DEADBEEF
DEADBEEF
DEADBEEF
DEADBEEF
DEADBEEF
DEADBEEF
DEADBEEF
DEADBEEF
DEADBEEF
DEADBEEF
DEADBEEF
DEADBEEF
DEADBEEF
DEADBEEF
DEADBEEF
DEADBEEF
DEADBEEF
DEADBEEF
DEADBEEF
DEADBEEF
DEADBEEF
DEADBEEF
DEADBEEF
DEADBEEF
DEADBEEF
DEADBEEF
DEADBEEF
DEADBEEF
DEADBEEF
DEADBEEF
DEADBEEF
DEADBEEF
DEADBEEF
DEADBEEF
DEADBEEF
DEADBEEF
DEADBEEF
DEADBEEF
DEADBEEF
DEADBEEF
DEADBEEF
DEADBEEF
DEADBEEF
DEADBEEF
DEADBEEF
DEADBEEF
DEADBEEF
DEADBEEF
DEADBEEF
DEADBEEF
DEADBEEF
DEADBEEF
DEADBEEF
DEADBEEF
DEADBEEF
DEADBEEF
DEADBEEF
DEADBEEF
DEADBEEF
DEADBEEF
DEADBEEF
DEADBEEF
DEADBEEF
DEADBEEF
DEADBEEF
DEADBEEF
DEADBEEF
DEADBEEF
DEADBEEF
DEADBEEF
DEADBEEF
DEADBEEF
DEADBEEF
DEADBEEF
DEADBEEF
DEADBEEF
DEADBEEF
DEADBEEF
DEADBEEF
DEADBEEF
DEADBEEF
DEADBEEF
DEADBEEF
DEADBEEF
DEADBEEF
DEADBEEF
DEADBEEF
DEADBEEF
DEADBEEF
DEADBEEF
DEADBEEF
DEADBEEF
DEADBEEF
DEADBEEF
DEADBEEF
DEADBEEF
DEADBEEF
DEADBEEF
DEADBEEF
DEADBEEF
DEADBEEF
DEADBEEF
DEADBEEF
DEADBEEF
DEADBEEF
DEADBEEF
DEADBEEF
DEADBEEF
DEADBEEF
DEADBEEF
DEADBEEF
DEADBEEF
DEADBEEF
DEADBEEF
DEADBEEF
DEADBEEF
DEADBEEF
DEADBEEF
DEADBEEF
DEADBEEF
DEADBEEF
DEADBEEF
DEADBEEF
DEADBEEF
DEADBEEF
DEADBEEF
DEADBEEF
DEADBEEF
DEADBEEF
DEADBEEF
DEADBEEF
DEADBEEF
DEADBEEF
DEADBEEF
DEADBEEF
DEADBEEF
DEADBEEF
DEADBEEF
DEADBEEF
DEADBEEF
DEADBEEF
DEADBEEF
DEADBEEF
DEADBEEF
DEADBEEF
DEADBEEF
DEADBEEF
DEADBEEF
DEADBEEF
DEADBEEF
DEADBEEF
DEADBEEF
DEADBEEF
DEADBEEF
DEADBEEF
DEADBEEF
DEADBEEF
DEADBEEF
DEADBEEF
DEADBEEF
DEADBEEF
DEADBEEF
DEADBEEF
DEADBEEF
DEADBEEF
DEADBEEF
DEADBEEF
DEADBEEF
DEADBEEF
DEADBEEF
DEADBEEF
DEADBEEF
DEADBEEF
DEADBEEF
DEADBEEF
DEADBEEF
DEADBEEF
DEADBEEF
DEADBEEF
DEADBEEF
DEADBEEF
DEADBEEF
DEADBEEF
DEADBEEF
DEADBEEF
DEADBEEF
DEADBEEF
DEADBEEF
DEADBEEF
DEADBEEF
DEADBEEF
DEADBEEF
DEADBEEF
DEADBEEF
DEADBEEF
DEADBEEF
DEADBEEF
DEADBEEF
DEADBEEF
DEADBEEF
DEADBEEF
DEADBEEF
DEADBEEF
DEADBEEF
DEADBEEF
DEADBEEF
DEADBEEF
DEADBEEF
DEADBEEF
DEADBEEF
DEADBEEF
DEADBEEF
DEADBEEF
DEADBEEF
DEADBEEF
DEADBEEF
DEADBEEF
DEADBEEF
DEADBEEF
DEADBEEF
DEADBEEF
DEADBEEF
DEADBEEF
DEADBEEF
DEADBEEF
DEADBEEF
DEADBEEF
DEADBEEF
DEADBEEF
DEADBEEF
DEADBEEF
DEADBEEF
DEADBEEF
DEADBEEF
DEADBEEF
DEADBEEF
DEADBEEF
DEADBEEF
DEADBEEF
DEADBEEF
DEADBEEF
DEADBEEF
DEADBEEF
DEADBEEF
DEADBEEF
DEADBEEF
DEADBEEF
DEADBEEF
DEADBEEF
DEADBEEF
DEADBEEF
DEADBEEF
DEADBEEF
DEADBEEF
DEADBEEF
DEADBEEF
DEADBEEF
DEADBEEF
DEADBEEF
DEADBEEF
DEADBEEF
DEADBEEF
DEADBEEF
DEADBEEF
DEADBEEF
DEADBEEF
DEADBEEF
DEADBEEF
DEADBEEF
DEADBEEF
DEADBEEF
DEADBEEF
DEADBEEF
DEADBEEF
DEADBEEF
DEADBEEF
DEADBEEF
DEADBEEF
DEADBEEF
DEADBEEF
DEADBEEF
DEADBEEF
DEADBEEF
DEADBEEF
DEADBEEF
DEADBEEF
DEADBEEF
DEADBEEF
DEADBEEF
DEADBEEF
DEADBEEF
DEADBEEF
DEADBEEF
DEADBEEF
DEADBEEF
DEADBEEF
DEADBEEF
DEADBEEF
DEADBEEF
DEADBEEF
DEADBEEF
DEADBEEF
DEADBEEF
DEADBEEF
DEADBEEF
DEADBEEF
DEADBEEF
DEADBEEF
DEADBEEF
DEADBEEF
DEADBEEF
DEADBEEF
DEADBEEF
DEADBEEF
DEADBEEF
DEADBEEF
DEADBEEF
DEADBEEF
DEADBEEF
DEADBEEF
DEADBEEF
DEADBEEF
DEADBEEF
DEADBEEF
DEADBEEF
DEADBEEF
DEADBEEF
DEADBEEF
DEADBEEF
DEADBEEF
DEADBEEF
DEADBEEF
DEADBEEF
DEADBEEF
DEADBEEF
DEADBEEF
DEADBEEF
DEADBEEF
DEADBEEF
DEADBEEF
DEADBEEF
DEADBEEF
DEADBEEF
DEADBEEF
DEADBEEF
DEADBEEF
DEADBEEF
DEADBEEF
DEADBEEF
DEADBEEF
DEADBEEF
DEADBEEF
DEADBEEF
DEADBEEF
DEADBEEF
DEADBEEF
DEADBEEF
DEADBEEF
DEADBEEF
DEADBEEF
DEADBEEF
DEADBEEF
DEADBEEF
DEADBEEF
DEADBEEF
DEADBEEF
DEADBEEF
DEADBEEF
DEADBEEF
DEADBEEF
DEADBEEF
DEADBEEF
DEADBEEF
DEADBEEF
DEADBEEF
DEADBEEF
DEADBEEF
DEADBEEF
DEADBEEF
DEADBEEF
DEADBEEF
DEADBEEF
DEADBEEF
DEADBEEF
DEADBEEF
DEADBEEF
DEADBEEF
DEADBEEF
DEADBEEF
DEADBEEF
DEADBEEF
DEADBEEF
DEADBEEF
DEADBEEF
DEADBEEF
DEADBEEF
DEADBEEF
DEADBEEF
DEADBEEF
DEADBEEF
DEADBEEF
DEADBEEF
DEADBEEF
DEADBEEF
DEADBEEF
DEADBEEF
DEADBEEF
DEADBEEF
DEADBEEF
DEADBEEF
DEADBEEF
DEADBEEF
DEADBEEF
DEADBEEF
DEADBEEF
DEADBEEF
DEADBEEF
DEADBEEF
DEADBEEF
DEADBEEF
DEADBEEF
DEADBEEF
DEADBEEF
DEADBEEF
DEADBEEF
DEADBEEF
DEADBEEF
DEADBEEF
DEADBEEF
DEADBEEF
DEADBEEF
DEADBEEF
DEADBEEF
DEADBEEF
DEADBEEF
DEADBEEF
DEADBEEF
DEADBEEF
DEADBEEF
DEADBEEF
DEADBEEF
DEADBEEF
DEADBEEF
DEADBEEF
DEADBEEF
DEADBEEF
DEADBEEF
DEADBEEF
DEADBEEF
DEADBEEF
DEADBEEF
DEADBEEF
DEADBEEF
DEADBEEF
DEADBEEF
DEADBEEF
DEADBEEF
DEADBEEF
DEADBEEF
DEADBEEF
DEADBEEF
DEADBEEF
DEADBEEF
DEADBEEF
DEADBEEF
DEADBEEF
DEADBEEF
DEADBEEF
DEADBEEF
DEADBEEF
DEADBEEF
DEADBEEF
DEADBEEF
DEADBEEF
DEADBEEF
DEADBEEF
DEADBEEF
DEADBEEF
DEADBEEF
DEADBEEF
DEADBEEF
DEADBEEF
DEADBEEF
DEADBEEF
DEADBEEF
DEADBEEF
DEADBEEF
DEADBEEF
DEADBEEF
DEADBEEF
DEADBEEF
DEADBEEF
DEADBEEF
DEADBEEF
DEADBEEF
DEADBEEF
DEADBEEF
DEADBEEF
DEADBEEF
DEADBEEF
DEADBEEF
DEADBEEF
DEADBEEF
DEADBEEF
DEADBEEF
DEADBEEF
DEADBEEF
DEADBEEF
DEADBEEF
DEADBEEF
DEADBEEF
DEADBEEF
DEADBEEF
DEADBEEF
DEADBEEF
DEADBEEF
DEADBEEF
DEADBEEF
DEADBEEF
DEADBEEF
DEADBEEF
DEADBEEF
DEADBEEF
DEADBEEF
DEADBEEF
DEADBEEF
DEADBEEF
DEADBEEF
DEADBEEF
DEADBEEF
DEADBEEF
DEADBEEF
DEADBEEF
DEADBEEF
DEADBEEF
DEADBEEF
DEADBEEF
DEADBEEF
DEADBEEF
DEADBEEF
DEADBEEF
DEADBEEF
DEADBEEF
DEADBEEF
DEADBEEF
DEADBEEF
DEADBEEF
DEADBEEF
DEADBEEF
DEADBEEF
DEADBEEF
DEADBEEF
DEADBEEF
DEADBEEF
DEADBEEF
DEADBEEF
DEADBEEF
DEADBEEF
DEADBEEF
DEADBEEF
DEADBEEF
DEADBEEF
DEADBEEF
DEADBEEF
DEADBEEF
DEADBEEF
DEADBEEF
DEADBEEF
DEADBEEF
DEADBEEF
DEADBEEF
DEADBEEF
DEADBEEF
DEADBEEF
DEADBEEF
DEADBEEF
DEADBEEF
DEADBEEF
DEADBEEF
DEADBEEF
DEADBEEF
DEADBEEF
DEADBEEF
DEADBEEF
DEADBEEF
DEADBEEF
DEADBEEF
DEADBEEF
DEADBEEF
DEADBEEF
DEADBEEF
DEADBEEF
DEADBEEF
DEADBEEF
DEADBEEF
DEADBEEF
DEADBEEF
DEADBEEF
DEADBEEF
DEADBEEF
DEADBEEF
DEADBEEF
DEADBEEF
DEADBEEF
DEADBEEF
DEADBEEF
DEADBEEF
DEADBEEF
DEADBEEF
DEADBEEF
DEADBEEF
DEADBEEF
DEADBEEF
DEADBEEF
DEADBEEF
DEADBEEF
DEADBEEF
DEADBEEF
DEADBEEF
DEADBEEF
DEADBEEF
DEADBEEF
DEADBEEF
DEADBEEF
DEADBEEF
DEADBEEF
DEADBEEF
DEADBEEF
DEADBEEF
DEADBEEF
DEADBEEF
DEADBEEF
DEADBEEF
DEADBEEF
DEADBEEF
DEADBEEF
DEADBEEF
DEADBEEF
DEADBEEF
DEADBEEF
DEADBEEF
DEADBEEF
DEADBEEF
DEADBEEF
DEADBEEF
DEADBEEF
DEADBEEF
DEADBEEF
DEADBEEF
DEADBEEF
DEADBEEF
DEADBEEF
DEADBEEF
DEADBEEF
DEADBEEF
DEADBEEF
DEADBEEF
DEADBEEF
DEADBEEF
DEADBEEF
DEADBEEF
DEADBEEF
DEADBEEF
DEADBEEF
DEADBEEF
DEADBEEF
DEADBEEF
DEADBEEF
DEADBEEF
DEADBEEF
DEADBEEF
DEADBEEF
DEADBEEF
DEADBEEF
DEADBEEF
DEADBEEF
DEADBEEF
DEADBEEF
DEADBEEF
DEADBEEF
DEADBEEF
DEADBEEF
DEADBEEF
DEADBEEF
DEADBEEF
DEADBEEF
DEADBEEF
DEADBEEF
DEADBEEF
DEADBEEF
DEADBEEF
DEADBEEF
DEADBEEF
DEADBEEF
DEADBEEF
DEADBEEF
DEADBEEF
DEADBEEF
DEADBEEF
DEADBEEF
DEADBEEF
DEADBEEF
DEADBEEF
DEADBEEF
DEADBEEF
DEADBEEF
DEADBEEF
DEADBEEF
DEADBEEF
DEADBEEF
DEADBEEF
DEADBEEF
DEADBEEF
DEADBEEF
DEADBEEF
DEADBEEF
DEADBEEF
DEADBEEF
DEADBEEF
DEADBEEF
DEADBEEF
DEADBEEF
DEADBEEF
DEADBEEF
DEADBEEF
DEADBEEF
DEADBEEF
DEADBEEF
DEADBEEF
DEADBEEF
DEADBEEF
DEADBEEF
DEADBEEF
DEADBEEF
DEADBEEF
DEADBEEF
DEADBEEF
DEADBEEF
DEADBEEF
DEADBEEF
DEADBEEF
DEADBEEF
DEADBEEF
DEADBEEF
DEADBEEF
DEADBEEF
DEADBEEF
DEADBEEF
DEADBEEF
DEADBEEF
DEADBEEF
DEADBEEF
DEADBEEF
DEADBEEF
DEADBEEF
DEADBEEF
DEADBEEF
DEADBEEF
DEADBEEF
DEADBEEF
DEADBEEF
DEADBEEF
DEADBEEF
DEADBEEF
DEADBEEF
DEADBEEF
DEADBEEF
DEADBEEF
DEADBEEF
DEADBEEF
DEADBEEF
DEADBEEF
DEADBEEF
DEADBEEF
DEADBEEF
DEADBEEF
DEADBEEF
DEADBEEF
DEADBEEF
DEADBEEF
DEADBEEF
DEADBEEF
DEADBEEF
DEADBEEF
DEADBEEF
DEADBEEF
DEADBEEF
DEADBEEF
DEADBEEF
DEADBEEF
DEADBEEF
DEADBEEF
DEADBEEF
DEADBEEF
DEADBEEF
DEADBEEF
DEADBEEF
DEADBEEF
DEADBEEF
DEADBEEF
DEADBEEF
DEADBEEF
DEADBEEF
DEADBEEF
DEADBEEF
DEADBEEF
DEADBEEF
DEADBEEF
DEADBEEF
DEADBEEF
DEADBEEF
DEADBEEF
DEADBEEF
DEADBEEF
DEADBEEF
DEADBEEF
DEADBEEF
DEADBEEF
DEADBEEF
DEADBEEF
DEADBEEF
DEADBEEF
DEADBEEF
DEADBEEF
DEADBEEF
DEADBEEF
DEADBEEF
DEADBEEF
DEADBEEF
DEADBEEF
DEADBEEF
DEADBEEF
DEADBEEF
DEADBEEF
DEADBEEF
DEADBEEF
DEADBEEF
DEADBEEF
DEADBEEF
DEADBEEF
DEADBEEF
DEADBEEF
DEADBEEF
DEADBEEF
DEADBEEF
DEADBEEF
DEADBEEF
DEADBEEF
DEADBEEF
DEADBEEF
DEADBEEF
DEADBEEF
DEADBEEF
DEADBEEF
DEADBEEF
DEADBEEF
DEADBEEF
DEADBEEF
DEADBEEF
DEADBEEF
DEADBEEF
DEADBEEF
DEADBEEF
DEADBEEF
DEADBEEF
DEADBEEF
DEADBEEF
DEADBEEF
DEADBEEF
DEADBEEF
DEADBEEF
DEADBEEF
DEADBEEF
DEADBEEF
DEADBEEF
DEADBEEF
DEADBEEF
DEADBEEF
DEADBEEF
DEADBEEF
DEADBEEF
DEADBEEF
DEADBEEF
DEADBEEF
DEADBEEF
DEADBEEF
DEADBEEF
DEADBEEF
DEADBEEF
DEADBEEF
DEADBEEF
DEADBEEF
DEADBEEF
DEADBEEF
DEADBEEF
DEADBEEF
DEADBEEF
DEADBEEF
DEADBEEF
DEADBEEF
DEADBEEF
DEADBEEF
DEADBEEF
DEADBEEF
DEADBEEF
DEADBEEF
DEADBEEF
DEADBEEF
DEADBEEF
DEADBEEF
DEADBEEF
DEADBEEF
DEADBEEF
DEADBEEF
DEADBEEF
DEADBEEF
DEADBEEF
DEADBEEF
DEADBEEF
DEADBEEF
DEADBEEF
DEADBEEF
DEADBEEF
DEADBEEF
DEADBEEF
DEADBEEF
DEADBEEF
DEADBEEF
DEADBEEF
DEADBEEF
DEADBEEF
DEADBEEF
DEADBEEF
DEADBEEF
DEADBEEF
DEADBEEF
DEADBEEF
DEADBEEF
DEADBEEF
DEADBEEF
DEADBEEF
DEADBEEF
DEADBEEF
DEADBEEF
DEADBEEF
DEADBEEF
DEADBEEF
DEADBEEF
DEADBEEF
DEADBEEF
DEADBEEF
DEADBEEF
DEADBEEF
DEADBEEF
DEADBEEF
DEADBEEF
DEADBEEF
DEADBEEF
DEADBEEF
DEADBEEF
DEADBEEF
DEADBEEF
DEADBEEF
DEADBEEF
DEADBEEF
DEADBEEF
DEADBEEF
DEADBEEF
DEADBEEF
DEADBEEF
DEADBEEF
DEADBEEF
DEADBEEF
DEADBEEF
DEADBEEF
DEADBEEF
DEADBEEF
DEADBEEF
DEADBEEF
DEADBEEF
DEADBEEF
DEADBEEF
DEADBEEF
DEADBEEF
DEADBEEF
DEADBEEF
DEADBEEF
DEADBEEF
DEADBEEF
DEADBEEF
DEADBEEF
DEADBEEF
DEADBEEF
DEADBEEF
DEADBEEF
DEADBEEF
DEADBEEF
DEADBEEF
DEADBEEF
DEADBEEF
DEADBEEF
DEADBEEF
DEADBEEF
DEADBEEF
DEADBEEF
DEADBEEF
DEADBEEF
DEADBEEF
DEADBEEF
DEADBEEF
DEADBEEF
DEADBEEF
DEADBEEF
DEADBEEF
DEADBEEF
DEADBEEF
DEADBEEF
DEADBEEF
DEADBEEF
DEADBEEF
DEADBEEF
DEADBEEF
DEADBEEF
DEADBEEF
DEADBEEF
DEADBEEF
DEADBEEF
DEADBEEF
DEADBEEF
DEADBEEF
DEADBEEF
DEADBEEF
DEADBEEF
DEADBEEF
DEADBEEF
DEADBEEF
DEADBEEF
DEADBEEF
DEADBEEF
DEADBEEF
DEADBEEF
DEADBEEF
DEADBEEF
DEADBEEF
DEADBEEF
DEADBEEF
DEADBEEF
DEADBEEF
DEADBEEF
DEADBEEF
DEADBEEF
DEADBEEF
DEADBEEF
DEADBEEF
DEADBEEF
DEADBEEF
DEADBEEF
DEADBEEF
DEADBEEF
DEADBEEF
DEADBEEF
DEADBEEF
DEADBEEF
DEADBEEF
DEADBEEF
DEADBEEF
DEADBEEF
DEADBEEF
DEADBEEF
DEADBEEF
DEADBEEF
DEADBEEF
DEADBEEF
DEADBEEF
DEADBEEF
DEADBEEF
DEADBEEF
DEADBEEF
DEADBEEF
DEADBEEF
DEADBEEF
DEADBEEF
DEADBEEF
DEADBEEF
DEADBEEF
DEADBEEF
DEADBEEF
DEADBEEF
DEADBEEF
DEADBEEF
DEADBEEF
DEADBEEF
DEADBEEF
DEADBEEF
DEADBEEF
DEADBEEF
DEADBEEF
DEADBEEF
DEADBEEF
DEADBEEF
DEADBEEF
DEADBEEF
DEADBEEF
DEADBEEF
DEADBEEF
DEADBEEF
DEADBEEF
DEADBEEF
DEADBEEF
DEADBEEF
DEADBEEF
DEADBEEF
DEADBEEF
DEADBEEF
DEADBEEF
DEADBEEF
DEADBEEF
DEADBEEF
DEADBEEF
DEADBEEF
DEADBEEF
DEADBEEF
DEADBEEF
DEADBEEF
DEADBEEF
DEADBEEF
DEADBEEF
DEADBEEF
DEADBEEF
DEADBEEF
DEADBEEF
DEADBEEF
DEADBEEF
DEADBEEF
DEADBEEF
DEADBEEF
DEADBEEF
DEADBEEF
DEADBEEF
DEADBEEF
DEADBEEF
DEADBEEF
DEADBEEF
DEADBEEF
DEADBEEF
DEADBEEF
DEADBEEF
DEADBEEF
DEADBEEF
DEADBEEF
DEADBEEF
DEADBEEF
DEADBEEF
DEADBEEF
DEADBEEF
DEADBEEF
DEADBEEF
DEADBEEF
DEADBEEF
DEADBEEF
DEADBEEF
DEADBEEF
DEADBEEF
DEADBEEF
DEADBEEF
DEADBEEF
DEADBEEF
DEADBEEF
DEADBEEF
DEADBEEF
DEADBEEF
DEADBEEF
DEADBEEF
DEADBEEF
DEADBEEF
DEADBEEF
DEADBEEF
DEADBEEF
DEADBEEF
DEADBEEF
DEADBEEF
DEADBEEF
DEADBEEF
DEADBEEF
DEADBEEF
DEADBEEF
DEADBEEF
DEADBEEF
DEADBEEF
DEADBEEF
DEADBEEF
DEADBEEF
DEADBEEF
DEADBEEF
DEADBEEF
DEADBEEF
DEADBEEF
DEADBEEF
DEADBEEF
DEADBEEF
DEADBEEF
DEADBEEF
DEADBEEF
DEADBEEF
DEADBEEF
DEADBEEF
DEADBEEF
DEADBEEF
DEADBEEF
DEADBEEF
DEADBEEF
DEADBEEF
DEADBEEF
DEADBEEF
DEADBEEF
DEADBEEF
DEADBEEF
DEADBEEF
DEADBEEF
DEADBEEF
DEADBEEF
DEADBEEF
DEADBEEF
DEADBEEF
DEADBEEF
DEADBEEF
DEADBEEF
DEADBEEF
DEADBEEF
DEADBEEF
DEADBEEF
DEADBEEF
DEADBEEF
DEADBEEF
DEADBEEF
DEADBEEF
DEADBEEF
DEADBEEF
DEADBEEF
DEADBEEF
DEADBEEF
DEADBEEF
DEADBEEF
DEADBEEF
DEADBEEF
DEADBEEF
DEADBEEF
DEADBEEF
DEADBEEF
DEADBEEF
DEADBEEF
DEADBEEF
DEADBEEF
DEADBEEF
DEADBEEF
DEADBEEF
DEADBEEF
DEADBEEF
DEADBEEF
DEADBEEF
DEADBEEF
DEADBEEF
DEADBEEF
DEADBEEF
DEADBEEF
DEADBEEF
DEADBEEF
DEADBEEF
DEADBEEF
DEADBEEF
DEADBEEF
DEADBEEF
DEADBEEF
DEADBEEF
DEADBEEF
DEADBEEF
DEADBEEF
DEADBEEF
DEADBEEF
DEADBEEF
DEADBEEF
DEADBEEF
DEADBEEF
DEADBEEF
DEADBEEF
DEADBEEF
DEADBEEF
DEADBEEF
DEADBEEF
DEADBEEF
DEADBEEF
DEADBEEF
DEADBEEF
DEADBEEF
DEADBEEF
DEADBEEF
DEADBEEF
DEADBEEF
DEADBEEF
DEADBEEF
DEADBEEF
DEADBEEF
DEADBEEF
DEADBEEF
DEADBEEF
DEADBEEF
DEADBEEF
DEADBEEF
DEADBEEF
DEADBEEF
DEADBEEF
DEADBEEF
DEADBEEF
DEADBEEF
DEADBEEF
DEADBEEF
DEADBEEF
DEADBEEF
DEADBEEF
DEADBEEF
DEADBEEF
DEADBEEF
DEADBEEF
DEADBEEF
DEADBEEF
DEADBEEF
DEADBEEF
DEADBEEF
DEADBEEF
DEADBEEF
DEADBEEF
DEADBEEF
DEADBEEF
DEADBEEF
DEADBEEF
DEADBEEF
DEADBEEF
DEADBEEF
DEADBEEF
DEADBEEF
DEADBEEF
DEADBEEF
DEADBEEF
DEADBEEF
DEADBEEF
DEADBEEF
DEADBEEF
DEADBEEF
DEADBEEF
DEADBEEF
DEADBEEF
DEADBEEF
DEADBEEF
DEADBEEF
DEADBEEF
DEADBEEF
DEADBEEF
DEADBEEF
DEADBEEF
DEADBEEF
DEADBEEF
DEADBEEF
DEADBEEF
DEADBEEF
DEADBEEF
DEADBEEF
DEADBEEF
DEADBEEF
DEADBEEF
DEADBEEF
DEADBEEF
DEADBEEF
DEADBEEF
DEADBEEF
DEADBEEF
DEADBEEF
DEADBEEF
DEADBEEF
DEADBEEF
DEADBEEF
DEADBEEF
DEADBEEF
DEADBEEF
DEADBEEF
DEADBEEF
DEADBEEF
DEADBEEF
DEADBEEF
DEADBEEF
DEADBEEF
DEADBEEF
DEADBEEF
DEADBEEF
DEADBEEF
DEADBEEF
DEADBEEF
DEADBEEF
DEADBEEF
DEADBEEF
DEADBEEF
DEADBEEF
DEADBEEF
DEADBEEF
DEADBEEF
DEADBEEF
DEADBEEF
DEADBEEF
DEADBEEF
DEADBEEF
DEADBEEF
DEADBEEF
DEADBEEF
DEADBEEF
DEADBEEF
DEADBEEF
DEADBEEF
DEADBEEF
DEADBEEF
DEADBEEF
DEADBEEF
DEADBEEF
DEADBEEF
DEADBEEF
DEADBEEF
DEADBEEF
DEADBEEF
DEADBEEF
DEADBEEF
DEADBEEF
DEADBEEF
DEADBEEF
DEADBEEF
DEADBEEF
DEADBEEF
DEADBEEF
DEADBEEF
DEADBEEF
DEADBEEF
DEADBEEF
DEADBEEF
DEADBEEF
DEADBEEF
DEADBEEF
DEADBEEF
DEADBEEF
DEADBEEF
DEADBEEF
DEADBEEF
DEADBEEF
DEADBEEF
DEADBEEF
DEADBEEF
DEADBEEF
DEADBEEF
DEADBEEF
DEADBEEF
DEADBEEF
DEADBEEF
DEADBEEF
DEADBEEF
DEADBEEF
DEADBEEF
DEADBEEF
DEADBEEF
DEADBEEF
DEADBEEF
DEADBEEF
DEADBEEF
DEADBEEF
DEADBEEF
DEADBEEF
DEADBEEF
DEADBEEF
DEADBEEF
DEADBEEF
DEADBEEF
DEADBEEF
DEADBEEF
DEADBEEF
DEADBEEF
DEADBEEF
DEADBEEF
DEADBEEF
DEADBEEF
DEADBEEF
DEADBEEF
DEADBEEF
DEADBEEF
DEADBEEF
DEADBEEF
DEADBEEF
DEADBEEF
DEADBEEF
DEADBEEF
DEADBEEF
DEADBEEF
DEADBEEF
DEADBEEF
DEADBEEF
DEADBEEF
DEADBEEF
DEADBEEF
DEADBEEF
DEADBEEF
DEADBEEF
DEADBEEF
DEADBEEF
DEADBEEF
DEADBEEF
DEADBEEF
DEADBEEF
DEADBEEF
DEADBEEF
DEADBEEF
DEADBEEF
DEADBEEF
DEADBEEF
DEADBEEF
DEADBEEF
DEADBEEF
DEADBEEF
DEADBEEF
DEADBEEF
DEADBEEF
DEADBEEF
DEADBEEF
DEADBEEF
DEADBEEF
DEADBEEF
DEADBEEF
DEADBEEF
DEADBEEF
DEADBEEF
DEADBEEF
DEADBEEF
DEADBEEF
DEADBEEF
DEADBEEF
DEADBEEF
DEADBEEF
DEADBEEF
DEADBEEF
DEADBEEF
DEADBEEF
DEADBEEF
DEADBEEF
DEADBEEF
DEADBEEF
DEADBEEF
DEADBEEF
DEADBEEF
DEADBEEF
DEADBEEF
DEADBEEF
DEADBEEF
DEADBEEF
DEADBEEF
DEADBEEF
DEADBEEF
DEADBEEF
DEADBEEF
DEADBEEF
DEADBEEF
DEADBEEF
DEADBEEF
DEADBEEF
DEADBEEF
DEADBEEF
DEADBEEF
DEADBEEF
DEADBEEF
DEADBEEF
DEADBEEF
DEADBEEF
DEADBEEF
DEADBEEF
DEADBEEF
DEADBEEF
DEADBEEF
DEADBEEF
DEADBEEF
DEADBEEF
DEADBEEF
DEADBEEF
DEADBEEF
DEADBEEF
DEADBEEF
DEADBEEF
DEADBEEF
DEADBEEF
DEADBEEF
DEADBEEF
DEADBEEF
DEADBEEF
DEADBEEF
DEADBEEF
DEADBEEF
DEADBEEF
DEADBEEF
DEADBEEF
DEADBEEF
DEADBEEF
DEADBEEF
DEADBEEF
DEADBEEF
DEADBEEF
DEADBEEF
DEADBEEF
DEADBEEF
DEADBEEF
DEADBEEF
DEADBEEF
DEADBEEF
DEADBEEF
DEADBEEF
DEADBEEF
DEADBEEF
DEADBEEF
DEADBEEF
DEADBEEF
DEADBEEF
DEADBEEF
DEADBEEF
DEADBEEF
DEADBEEF
DEADBEEF
DEADBEEF
DEADBEEF
DEADBEEF
DEADBEEF
DEADBEEF
DEADBEEF
DEADBEEF
DEADBEEF
DEADBEEF
DEADBEEF
DEADBEEF
DEADBEEF
DEADBEEF
DEADBEEF
DEADBEEF
DEADBEEF
DEADBEEF
DEADBEEF
DEADBEEF
DEADBEEF
DEADBEEF
DEADBEEF
DEADBEEF
DEADBEEF
DEADBEEF
DEADBEEF
DEADBEEF
DEADBEEF
DEADBEEF
DEADBEEF
DEADBEEF
DEADBEEF
DEADBEEF
DEADBEEF
DEADBEEF
DEADBEEF
DEADBEEF
DEADBEEF
DEADBEEF
DEADBEEF
DEADBEEF
DEADBEEF
DEADBEEF
DEADBEEF
DEADBEEF
DEADBEEF
DEADBEEF
DEADBEEF
DEADBEEF
DEADBEEF
DEADBEEF
DEADBEEF
DEADBEEF
DEADBEEF
DEADBEEF
DEADBEEF
DEADBEEF
DEADBEEF
DEADBEEF
DEADBEEF
DEADBEEF
DEADBEEF
DEADBEEF
DEADBEEF
DEADBEEF
DEADBEEF
DEADBEEF
DEADBEEF
DEADBEEF
DEADBEEF
DEADBEEF
DEADBEEF
DEADBEEF
DEADBEEF
DEADBEEF
DEADBEEF
DEADBEEF
DEADBEEF
DEADBEEF
DEADBEEF
DEADBEEF
DEADBEEF
DEADBEEF
DEADBEEF
DEADBEEF
DEADBEEF
DEADBEEF
DEADBEEF
DEADBEEF
DEADBEEF
DEADBEEF
DEADBEEF
DEADBEEF
DEADBEEF
DEADBEEF
DEADBEEF
DEADBEEF
DEADBEEF
DEADBEEF
DEADBEEF
DEADBEEF
DEADBEEF
DEADBEEF
DEADBEEF
DEADBEEF
DEADBEEF
DEADBEEF
DEADBEEF
DEADBEEF
DEADBEEF
DEADBEEF
DEADBEEF
DEADBEEF
DEADBEEF
DEADBEEF
DEADBEEF
DEADBEEF
DEADBEEF
DEADBEEF
DEADBEEF
DEADBEEF
DEADBEEF
DEADBEEF
DEADBEEF
DEADBEEF
DEADBEEF
DEADBEEF
DEADBEEF
DEADBEEF
DEADBEEF
DEADBEEF
DEADBEEF
DEADBEEF
DEADBEEF
DEADBEEF
DEADBEEF
DEADBEEF
DEADBEEF
DEADBEEF
DEADBEEF
DEADBEEF
DEADBEEF
DEADBEEF
DEADBEEF
DEADBEEF
DEADBEEF
DEADBEEF
DEADBEEF
DEADBEEF
DEADBEEF
DEADBEEF
DEADBEEF
DEADBEEF
DEADBEEF
DEADBEEF
DEADBEEF
DEADBEEF
DEADBEEF
DEADBEEF
DEADBEEF
DEADBEEF
DEADBEEF
DEADBEEF
DEADBEEF
DEADBEEF
DEADBEEF
DEADBEEF
DEADBEEF
DEADBEEF
DEADBEEF
DEADBEEF
DEADBEEF
DEADBEEF
DEADBEEF
DEADBEEF
DEADBEEF
DEADBEEF
DEADBEEF
DEADBEEF
DEADBEEF
DEADBEEF
DEADBEEF
DEADBEEF
DEADBEEF
DEADBEEF
DEADBEEF
DEADBEEF
DEADBEEF
DEADBEEF
DEADBEEF
DEADBEEF
DEADBEEF
DEADBEEF
DEADBEEF
DEADBEEF
DEADBEEF
DEADBEEF
DEADBEEF
DEADBEEF
DEADBEEF
DEADBEEF
DEADBEEF
DEADBEEF
DEADBEEF
DEADBEEF
DEADBEEF
DEADBEEF
DEADBEEF
DEADBEEF
DEADBEEF
DEADBEEF
DEADBEEF
DEADBEEF
DEADBEEF
DEADBEEF
DEADBEEF
DEADBEEF
DEADBEEF
DEADBEEF
DEADBEEF
DEADBEEF
DEADBEEF
DEADBEEF
DEADBEEF
DEADBEEF
DEADBEEF
DEADBEEF
DEADBEEF
DEADBEEF
DEADBEEF
DEADBEEF
DEADBEEF
DEADBEEF
DEADBEEF
DEADBEEF
DEADBEEF
DEADBEEF
DEADBEEF
DEADBEEF
DEADBEEF
DEADBEEF
DEADBEEF
DEADBEEF
DEADBEEF
DEADBEEF
DEADBEEF
DEADBEEF
DEADBEEF
DEADBEEF
DEADBEEF
DEADBEEF
DEADBEEF
DEADBEEF
DEADBEEF
DEADBEEF
DEADBEEF
DEADBEEF
DEADBEEF
DEADBEEF
DEADBEEF
DEADBEEF
DEADBEEF
DEADBEEF
DEADBEEF
DEADBEEF
DEADBEEF
DEADBEEF
DEADBEEF
DEADBEEF
DEADBEEF
DEADBEEF
DEADBEEF
DEADBEEF
DEADBEEF
DEADBEEF
DEADBEEF
DEADBEEF
DEADBEEF
DEADBEEF
DEADBEEF
DEADBEEF
DEADBEEF
DEADBEEF
DEADBEEF
DEADBEEF
DEADBEEF
DEADBEEF
DEADBEEF
DEADBEEF
DEADBEEF
DEADBEEF
DEADBEEF
DEADBEEF
DEADBEEF
DEADBEEF
DEADBEEF
DEADBEEF
DEADBEEF
DEADBEEF
DEADBEEF
DEADBEEF
DEADBEEF
DEADBEEF
DEADBEEF
DEADBEEF
DEADBEEF
DEADBEEF
DEADBEEF
DEADBEEF
DEADBEEF
DEADBEEF
DEADBEEF
DEADBEEF
DEADBEEF
DEADBEEF
DEADBEEF
DEADBEEF
DEADBEEF
DEADBEEF
DEADBEEF
DEADBEEF
DEADBEEF
DEADBEEF
DEADBEEF
DEADBEEF
DEADBEEF
DEADBEEF
DEADBEEF
DEADBEEF
DEADBEEF
DEADBEEF
DEADBEEF
DEADBEEF
DEADBEEF
DEADBEEF
DEADBEEF
DEADBEEF
DEADBEEF
DEADBEEF
DEADBEEF
DEADBEEF
DEADBEEF
DEADBEEF
DEADBEEF
DEADBEEF
DEADBEEF
DEADBEEF
DEADBEEF
DEADBEEF
DEADBEEF
DEADBEEF
DEADBEEF
DEADBEEF
DEADBEEF
DEADBEEF
DEADBEEF
DEADBEEF
DEADBEEF
DEADBEEF
DEADBEEF
DEADBEEF
DEADBEEF
DEADBEEF
DEADBEEF
DEADBEEF
DEADBEEF
DEADBEEF
DEADBEEF
DEADBEEF
DEADBEEF
DEADBEEF
DEADBEEF
DEADBEEF
DEADBEEF
DEADBEEF
DEADBEEF
DEADBEEF
DEADBEEF
DEADBEEF
DEADBEEF
DEADBEEF
DEADBEEF
DEADBEEF
DEADBEEF
DEADBEEF
DEADBEEF
DEADBEEF
DEADBEEF
DEADBEEF
DEADBEEF
DEADBEEF
DEADBEEF
DEADBEEF
DEADBEEF
DEADBEEF
DEADBEEF
DEADBEEF
DEADBEEF
DEADBEEF
DEADBEEF
DEADBEEF
DEADBEEF
DEADBEEF
DEADBEEF
DEADBEEF
DEADBEEF
DEADBEEF
DEADBEEF
DEADBEEF
DEADBEEF
DEADBEEF
DEADBEEF
DEADBEEF
DEADBEEF
DEADBEEF
DEADBEEF
DEADBEEF
DEADBEEF
DEADBEEF
DEADBEEF
DEADBEEF
DEADBEEF
DEADBEEF
DEADBEEF
DEADBEEF
DEADBEEF
DEADBEEF
DEADBEEF
DEADBEEF
DEADBEEF
DEADBEEF
DEADBEEF
DEADBEEF
DEADBEEF
DEADBEEF
DEADBEEF
DEADBEEF
DEADBEEF
DEADBEEF
DEADBEEF
DEADBEEF
DEADBEEF
DEADBEEF
DEADBEEF
DEADBEEF
DEADBEEF
DEADBEEF
DEADBEEF
DEADBEEF
DEADBEEF
DEADBEEF
DEADBEEF
DEADBEEF
DEADBEEF
DEADBEEF
DEADBEEF
DEADBEEF
DEADBEEF
DEADBEEF
DEADBEEF
DEADBEEF
DEADBEEF
DEADBEEF
DEADBEEF
DEADBEEF
DEADBEEF
DEADBEEF
DEADBEEF
DEADBEEF
DEADBEEF
DEADBEEF
DEADBEEF
DEADBEEF
DEADBEEF
DEADBEEF
DEADBEEF
DEADBEEF
DEADBEEF
DEADBEEF
DEADBEEF
DEADBEEF
DEADBEEF
DEADBEEF
DEADBEEF
DEADBEEF
DEADBEEF
DEADBEEF
DEADBEEF
DEADBEEF
DEADBEEF
DEADBEEF
DEADBEEF
DEADBEEF
DEADBEEF
DEADBEEF
DEADBEEF
DEADBEEF
DEADBEEF
DEADBEEF
DEADBEEF
DEADBEEF
DEADBEEF
DEADBEEF
DEADBEEF
DEADBEEF
DEADBEEF
DEADBEEF
DEADBEEF
DEADBEEF
DEADBEEF
DEADBEEF
DEADBEEF
DEADBEEF
DEADBEEF
DEADBEEF
DEADBEEF
DEADBEEF
DEADBEEF
DEADBEEF
DEADBEEF
DEADBEEF
DEADBEEF
DEADBEEF
DEADBEEF
DEADBEEF
DEADBEEF
DEADBEEF
DEADBEEF
DEADBEEF
DEADBEEF
DEADBEEF
DEADBEEF
DEADBEEF
DEADBEEF
DEADBEEF
DEADBEEF
DEADBEEF
DEADBEEF
DEADBEEF
DEADBEEF
DEADBEEF
DEADBEEF
DEADBEEF
DEADBEEF
DEADBEEF
DEADBEEF
DEADBEEF
DEADBEEF
DEADBEEF
DEADBEEF
DEADBEEF
DEADBEEF
DEADBEEF
DEADBEEF
DEADBEEF
DEADBEEF
DEADBEEF
DEADBEEF
DEADBEEF
DEADBEEF
DEADBEEF
DEADBEEF
DEADBEEF
DEADBEEF
DEADBEEF
DEADBEEF
DEADBEEF
DEADBEEF
DEADBEEF
DEADBEEF
DEADBEEF
DEADBEEF
DEADBEEF
DEADBEEF
DEADBEEF
DEADBEEF
DEADBEEF
DEADBEEF
DEADBEEF
DEADBEEF
DEADBEEF
DEADBEEF
DEADBEEF
DEADBEEF
DEADBEEF
DEADBEEF
DEADBEEF
DEADBEEF
DEADBEEF
DEADBEEF
DEADBEEF
DEADBEEF
DEADBEEF
DEADBEEF
DEADBEEF
DEADBEEF
DEADBEEF
DEADBEEF
DEADBEEF
DEADBEEF
DEADBEEF
DEADBEEF
DEADBEEF
DEADBEEF
DEADBEEF
DEADBEEF
DEADBEEF
DEADBEEF
DEADBEEF
DEADBEEF
DEADBEEF
DEADBEEF
DEADBEEF
DEADBEEF
DEADBEEF
DEADBEEF
DEADBEEF
DEADBEEF
DEADBEEF
DEADBEEF
DEADBEEF
DEADBEEF
DEADBEEF
DEADBEEF
DEADBEEF
DEADBEEF
DEADBEEF
DEADBEEF
DEADBEEF
DEADBEEF
DEADBEEF
DEADBEEF
DEADBEEF
DEADBEEF
DEADBEEF
DEADBEEF
DEADBEEF
DEADBEEF
DEADBEEF
DEADBEEF
DEADBEEF
DEADBEEF
DEADBEEF
DEADBEEF
DEADBEEF
DEADBEEF
DEADBEEF
DEADBEEF
DEADBEEF
DEADBEEF
DEADBEEF
DEADBEEF
DEADBEEF
DEADBEEF
DEADBEEF
DEADBEEF
DEADBEEF
DEADBEEF
DEADBEEF
DEADBEEF
DEADBEEF
DEADBEEF
DEADBEEF
DEADBEEF
DEADBEEF
DEADBEEF
DEADBEEF
DEADBEEF
DEADBEEF
DEADBEEF
DEADBEEF
DEADBEEF
DEADBEEF
DEADBEEF
DEADBEEF
DEADBEEF
DEADBEEF
DEADBEEF
DEADBEEF
DEADBEEF
DEADBEEF
DEADBEEF
DEADBEEF
DEADBEEF
DEADBEEF
DEADBEEF
DEADBEEF
DEADBEEF
DEADBEEF
DEADBEEF
DEADBEEF
DEADBEEF
DEADBEEF
DEADBEEF
DEADBEEF
DEADBEEF
DEADBEEF
DEADBEEF
DEADBEEF
DEADBEEF
DEADBEEF
DEADBEEF
DEADBEEF
DEADBEEF
DEADBEEF
DEADBEEF
DEADBEEF
DEADBEEF
DEADBEEF
DEADBEEF
DEADBEEF
DEADBEEF
DEADBEEF
DEADBEEF
DEADBEEF
DEADBEEF
DEADBEEF
DEADBEEF
DEADBEEF
DEADBEEF
DEADBEEF
DEADBEEF
DEADBEEF
DEADBEEF
DEADBEEF
DEADBEEF
DEADBEEF
DEADBEEF
DEADBEEF
DEADBEEF
DEADBEEF
DEADBEEF
DEADBEEF
DEADBEEF
DEADBEEF
DEADBEEF
DEADBEEF
DEADBEEF
DEADBEEF
DEADBEEF
DEADBEEF
DEADBEEF
DEADBEEF
DEADBEEF
DEADBEEF
DEADBEEF
DEADBEEF
DEADBEEF
DEADBEEF
DEADBEEF
DEADBEEF
DEADBEEF
DEADBEEF
DEADBEEF
DEADBEEF
DEADBEEF
DEADBEEF
DEADBEEF
DEADBEEF
DEADBEEF
DEADBEEF
DEADBEEF
DEADBEEF
DEADBEEF
DEADBEEF
DEADBEEF
DEADBEEF
DEADBEEF
DEADBEEF
DEADBEEF
DEADBEEF
DEADBEEF
DEADBEEF
DEADBEEF
DEADBEEF
DEADBEEF
DEADBEEF
DEADBEEF
DEADBEEF
DEADBEEF
DEADBEEF
DEADBEEF
DEADBEEF
DEADBEEF
DEADBEEF
DEADBEEF
DEADBEEF
DEADBEEF
DEADBEEF
DEADBEEF
DEADBEEF
DEADBEEF
DEADBEEF
DEADBEEF
DEADBEEF
DEADBEEF
DEADBEEF
DEADBEEF
DEADBEEF
DEADBEEF
DEADBEEF
DEADBEEF
DEADBEEF
DEADBEEF
DEADBEEF
DEADBEEF
DEADBEEF
DEADBEEF
DEADBEEF
DEADBEEF
DEADBEEF
DEADBEEF
DEADBEEF
DEADBEEF
DEADBEEF
DEADBEEF
DEADBEEF
DEADBEEF
DEADBEEF
DEADBEEF
DEADBEEF
DEADBEEF
DEADBEEF
DEADBEEF
DEADBEEF
DEADBEEF
DEADBEEF
DEADBEEF
DEADBEEF
DEADBEEF
DEADBEEF
DEADBEEF
DEADBEEF
DEADBEEF
DEADBEEF
DEADBEEF
DEADBEEF
DEADBEEF
DEADBEEF
DEADBEEF
DEADBEEF
DEADBEEF
DEADBEEF
DEADBEEF
DEADBEEF
DEADBEEF
DEADBEEF
DEADBEEF
DEADBEEF
DEADBEEF
DEADBEEF
DEADBEEF
DEADBEEF
DEADBEEF
DEADBEEF
DEADBEEF
DEADBEEF
DEADBEEF
DEADBEEF
DEADBEEF
DEADBEEF
DEADBEEF
DEADBEEF
DEADBEEF
DEADBEEF
DEADBEEF
DEADBEEF
DEADBEEF
DEADBEEF
DEADBEEF
DEADBEEF
DEADBEEF
DEADBEEF
DEADBEEF
DEADBEEF
DEADBEEF
DEADBEEF
DEADBEEF
DEADBEEF
DEADBEEF
DEADBEEF
DEADBEEF
DEADBEEF
DEADBEEF
DEADBEEF
DEADBEEF
DEADBEEF
DEADBEEF
DEADBEEF
DEADBEEF
DEADBEEF
DEADBEEF
DEADBEEF
DEADBEEF
DEADBEEF
DEADBEEF
DEADBEEF
DEADBEEF
DEADBEEF
DEADBEEF
DEADBEEF
DEADBEEF
DEADBEEF
DEADBEEF
DEADBEEF
DEADBEEF
DEADBEEF
DEADBEEF
DEADBEEF
DEADBEEF
DEADBEEF
DEADBEEF
DEADBEEF
DEADBEEF
DEADBEEF
DEADBEEF
DEADBEEF
DEADBEEF
DEADBEEF
DEADBEEF
DEADBEEF
DEADBEEF
DEADBEEF
DEADBEEF
DEADBEEF
DEADBEEF
DEADBEEF
DEADBEEF
DEADBEEF
DEADBEEF
DEADBEEF
DEADBEEF
DEADBEEF
DEADBEEF
DEADBEEF
DEADBEEF
DEADBEEF
DEADBEEF
DEADBEEF
DEADBEEF
DEADBEEF
DEADBEEF
DEADBEEF
DEADBEEF
DEADBEEF
DEADBEEF
DEADBEEF
DEADBEEF
DEADBEEF
DEADBEEF
DEADBEEF
DEADBEEF
DEADBEEF
DEADBEEF
DEADBEEF
DEADBEEF
DEADBEEF
DEADBEEF
DEADBEEF
DEADBEEF
DEADBEEF
DEADBEEF
DEADBEEF
DEADBEEF
DEADBEEF
DEADBEEF
DEADBEEF
DEADBEEF
DEADBEEF
DEADBEEF
DEADBEEF
DEADBEEF
DEADBEEF
DEADBEEF
DEADBEEF
DEADBEEF
DEADBEEF
DEADBEEF
DEADBEEF
DEADBEEF
DEADBEEF
DEADBEEF
DEADBEEF
DEADBEEF
DEADBEEF
DEADBEEF
DEADBEEF
DEADBEEF
DEADBEEF
DEADBEEF
DEADBEEF
DEADBEEF
DEADBEEF
DEADBEEF
DEADBEEF
DEADBEEF
DEADBEEF
DEADBEEF
DEADBEEF
DEADBEEF
DEADBEEF
DEADBEEF
DEADBEEF
DEADBEEF
DEADBEEF
DEADBEEF
DEADBEEF
DEADBEEF
DEADBEEF
DEADBEEF
DEADBEEF
DEADBEEF
DEADBEEF
DEADBEEF
DEADBEEF
DEADBEEF
DEADBEEF
DEADBEEF
DEADBEEF
DEADBEEF
DEADBEEF
DEADBEEF
DEADBEEF
DEADBEEF
DEADBEEF
DEADBEEF
DEADBEEF
DEADBEEF
DEADBEEF
DEADBEEF
DEADBEEF
DEADBEEF
DEADBEEF
DEADBEEF
DEADBEEF
DEADBEEF
DEADBEEF
DEADBEEF
DEADBEEF
DEADBEEF
DEADBEEF
DEADBEEF
DEADBEEF
DEADBEEF
DEADBEEF
DEADBEEF
DEADBEEF
DEADBEEF
DEADBEEF
DEADBEEF
DEADBEEF
DEADBEEF
DEADBEEF
DEADBEEF
DEADBEEF
DEADBEEF
DEADBEEF
DEADBEEF
DEADBEEF
DEADBEEF
DEADBEEF
DEADBEEF
DEADBEEF
DEADBEEF
DEADBEEF
DEADBEEF
DEADBEEF
DEADBEEF
DEADBEEF
DEADBEEF
DEADBEEF
DEADBEEF
DEADBEEF
DEADBEEF
DEADBEEF
DEADBEEF
DEADBEEF
DEADBEEF
DEADBEEF
DEADBEEF
DEADBEEF
DEADBEEF
DEADBEEF
DEADBEEF
DEADBEEF
DEADBEEF
DEADBEEF
DEADBEEF
DEADBEEF
DEADBEEF
DEADBEEF
DEADBEEF
DEADBEEF
DEADBEEF
DEADBEEF
DEADBEEF
DEADBEEF
DEADBEEF
DEADBEEF
DEADBEEF
DEADBEEF
DEADBEEF
DEADBEEF
DEADBEEF
DEADBEEF
DEADBEEF
DEADBEEF
DEADBEEF
DEADBEEF
DEADBEEF
DEADBEEF
DEADBEEF
DEADBEEF
DEADBEEF
DEADBEEF
DEADBEEF
DEADBEEF
DEADBEEF
DEADBEEF
DEADBEEF
DEADBEEF
DEADBEEF
DEADBEEF
DEADBEEF
DEADBEEF
DEADBEEF
DEADBEEF
DEADBEEF
DEADBEEF
DEADBEEF
DEADBEEF
DEADBEEF
DEADBEEF
DEADBEEF
DEADBEEF
DEADBEEF
DEADBEEF
DEADBEEF
DEADBEEF
DEADBEEF
DEADBEEF
DEADBEEF
DEADBEEF
DEADBEEF
DEADBEEF
DEADBEEF
DEADBEEF
DEADBEEF
DEADBEEF
DEADBEEF
DEADBEEF
DEADBEEF
DEADBEEF
DEADBEEF
DEADBEEF
DEADBEEF
DEADBEEF
DEADBEEF
DEADBEEF
DEADBEEF
DEADBEEF
DEADBEEF
DEADBEEF
DEADBEEF
DEADBEEF
DEADBEEF
DEADBEEF
DEADBEEF
DEADBEEF
DEADBEEF
DEADBEEF
DEADBEEF
DEADBEEF
DEADBEEF
DEADBEEF
DEADBEEF
DEADBEEF
DEADBEEF
DEADBEEF
DEADBEEF
DEADBEEF
DEADBEEF
DEADBEEF
DEADBEEF
DEADBEEF
DEADBEEF
DEADBEEF
DEADBEEF
DEADBEEF
DEADBEEF
DEADBEEF
DEADBEEF
DEADBEEF
DEADBEEF
DEADBEEF
DEADBEEF
DEADBEEF
DEADBEEF
DEADBEEF
DEADBEEF
DEADBEEF
DEADBEEF
DEADBEEF
DEADBEEF
DEADBEEF
DEADBEEF
DEADBEEF
DEADBEEF
DEADBEEF
DEADBEEF
DEADBEEF
DEADBEEF
DEADBEEF
DEADBEEF
DEADBEEF
DEADBEEF
DEADBEEF
DEADBEEF
DEADBEEF
DEADBEEF
DEADBEEF
DEADBEEF
DEADBEEF
DEADBEEF
DEADBEEF
DEADBEEF
DEADBEEF
DEADBEEF
DEADBEEF
DEADBEEF
DEADBEEF
DEADBEEF
DEADBEEF
DEADBEEF
DEADBEEF
DEADBEEF
DEADBEEF
DEADBEEF
DEADBEEF
DEADBEEF
DEADBEEF
DEADBEEF
DEADBEEF
DEADBEEF
DEADBEEF
DEADBEEF
DEADBEEF
DEADBEEF
DEADBEEF
DEADBEEF
DEADBEEF
DEADBEEF
DEADBEEF
DEADBEEF
DEADBEEF
DEADBEEF
DEADBEEF
DEADBEEF
DEADBEEF
DEADBEEF
DEADBEEF
DEADBEEF
DEADBEEF
DEADBEEF
DEADBEEF
DEADBEEF
DEADBEEF
DEADBEEF
DEADBEEF
DEADBEEF
DEADBEEF
DEADBEEF
DEADBEEF
DEADBEEF
DEADBEEF
DEADBEEF
DEADBEEF
DEADBEEF
DEADBEEF
DEADBEEF
DEADBEEF
DEADBEEF
DEADBEEF
DEADBEEF
DEADBEEF
DEADBEEF
DEADBEEF
DEADBEEF
DEADBEEF
DEADBEEF
DEADBEEF
DEADBEEF
DEADBEEF
DEADBEEF
DEADBEEF
DEADBEEF
DEADBEEF
DEADBEEF
DEADBEEF
DEADBEEF
DEADBEEF
DEADBEEF
DEADBEEF
DEADBEEF
DEADBEEF
DEADBEEF
DEADBEEF
DEADBEEF
DEADBEEF
DEADBEEF
DEADBEEF
DEADBEEF
DEADBEEF
DEADBEEF
DEADBEEF
DEADBEEF
DEADBEEF
DEADBEEF
DEADBEEF
DEADBEEF
DEADBEEF
DEADBEEF
DEADBEEF
DEADBEEF
DEADBEEF
DEADBEEF
DEADBEEF
DEADBEEF
DEADBEEF
DEADBEEF
DEADBEEF
DEADBEEF
DEADBEEF
DEADBEEF
DEADBEEF
DEADBEEF
DEADBEEF
DEADBEEF
DEADBEEF
DEADBEEF
DEADBEEF
DEADBEEF
DEADBEEF
DEADBEEF
DEADBEEF
DEADBEEF
DEADBEEF
DEADBEEF
DEADBEEF
DEADBEEF
DEADBEEF
DEADBEEF
DEADBEEF
DEADBEEF
DEADBEEF
DEADBEEF
DEADBEEF
DEADBEEF
DEADBEEF
DEADBEEF
DEADBEEF
DEADBEEF
DEADBEEF
DEADBEEF
DEADBEEF
DEADBEEF
DEADBEEF
DEADBEEF
DEADBEEF
DEADBEEF
DEADBEEF
DEADBEEF
DEADBEEF
DEADBEEF
DEADBEEF
DEADBEEF
DEADBEEF
DEADBEEF
DEADBEEF
DEADBEEF
DEADBEEF
DEADBEEF
DEADBEEF
DEADBEEF
DEADBEEF
DEADBEEF
DEADBEEF
DEADBEEF
DEADBEEF
DEADBEEF
DEADBEEF
DEADBEEF
DEADBEEF
DEADBEEF
DEADBEEF
DEADBEEF
DEADBEEF
DEADBEEF
DEADBEEF
DEADBEEF
DEADBEEF
DEADBEEF
DEADBEEF
DEADBEEF
DEADBEEF
DEADBEEF
DEADBEEF
DEADBEEF
DEADBEEF
DEADBEEF
DEADBEEF
DEADBEEF
DEADBEEF
DEADBEEF
DEADBEEF
DEADBEEF
DEADBEEF
DEADBEEF
DEADBEEF
DEADBEEF
DEADBEEF
DEADBEEF
DEADBEEF
DEADBEEF
DEADBEEF
DEADBEEF
DEADBEEF
DEADBEEF
DEADBEEF
DEADBEEF
DEADBEEF
DEADBEEF
DEADBEEF
DEADBEEF
DEADBEEF
DEADBEEF
DEADBEEF
DEADBEEF
DEADBEEF
DEADBEEF
DEADBEEF
DEADBEEF
DEADBEEF
DEADBEEF
DEADBEEF
DEADBEEF
DEADBEEF
DEADBEEF
DEADBEEF
DEADBEEF
DEADBEEF
DEADBEEF
DEADBEEF
DEADBEEF
DEADBEEF
DEADBEEF
DEADBEEF
DEADBEEF
DEADBEEF
DEADBEEF
DEADBEEF
DEADBEEF
DEADBEEF
DEADBEEF
DEADBEEF
DEADBEEF
DEADBEEF
DEADBEEF
DEADBEEF
DEADBEEF
DEADBEEF
DEADBEEF
DEADBEEF
DEADBEEF
DEADBEEF
DEADBEEF
DEADBEEF
DEADBEEF
DEADBEEF
DEADBEEF
DEADBEEF
DEADBEEF
DEADBEEF
DEADBEEF
DEADBEEF
DEADBEEF
DEADBEEF
DEADBEEF
DEADBEEF
DEADBEEF
DEADBEEF
DEADBEEF
DEADBEEF
DEADBEEF
DEADBEEF
DEADBEEF
DEADBEEF
DEADBEEF
DEADBEEF
DEADBEEF
DEADBEEF
DEADBEEF
DEADBEEF
DEADBEEF
DEADBEEF
DEADBEEF
DEADBEEF
DEADBEEF
DEADBEEF
DEADBEEF
DEADBEEF
DEADBEEF
DEADBEEF
DEADBEEF
DEADBEEF
DEADBEEF
DEADBEEF
DEADBEEF
DEADBEEF
DEADBEEF
DEADBEEF
DEADBEEF
DEADBEEF
DEADBEEF
DEADBEEF
DEADBEEF
DEADBEEF
DEADBEEF
DEADBEEF
DEADBEEF
DEADBEEF
DEADBEEF
DEADBEEF
DEADBEEF
DEADBEEF
DEADBEEF
DEADBEEF
DEADBEEF
DEADBEEF
DEADBEEF
DEADBEEF
DEADBEEF
DEADBEEF
DEADBEEF
DEADBEEF
DEADBEEF
DEADBEEF
DEADBEEF
DEADBEEF
DEADBEEF
DEADBEEF
DEADBEEF
DEADBEEF
DEADBEEF
DEADBEEF
DEADBEEF
DEADBEEF
DEADBEEF
DEADBEEF
DEADBEEF
DEADBEEF
DEADBEEF
DEADBEEF
DEADBEEF
DEADBEEF
DEADBEEF
DEADBEEF
DEADBEEF
DEADBEEF
DEADBEEF
DEADBEEF
DEADBEEF
DEADBEEF
DEADBEEF
DEADBEEF
DEADBEEF
DEADBEEF
DEADBEEF
DEADBEEF
DEADBEEF
DEADBEEF
DEADBEEF
DEADBEEF
DEADBEEF
DEADBEEF
DEADBEEF
DEADBEEF
DEADBEEF
DEADBEEF
DEADBEEF
DEADBEEF
DEADBEEF
DEADBEEF
DEADBEEF
DEADBEEF
DEADBEEF
DEADBEEF
DEADBEEF
DEADBEEF
DEADBEEF
DEADBEEF
DEADBEEF
DEADBEEF
DEADBEEF
DEADBEEF
DEADBEEF
DEADBEEF
DEADBEEF
DEADBEEF
DEADBEEF
DEADBEEF
DEADBEEF
DEADBEEF
DEADBEEF
DEADBEEF
DEADBEEF
DEADBEEF
DEADBEEF
DEADBEEF
DEADBEEF
DEADBEEF
DEADBEEF
DEADBEEF
DEADBEEF
DEADBEEF
DEADBEEF
DEADBEEF
DEADBEEF
DEADBEEF
DEADBEEF
DEADBEEF
DEADBEEF
DEADBEEF
DEADBEEF
DEADBEEF
DEADBEEF
DEADBEEF
DEADBEEF
DEADBEEF
DEADBEEF
DEADBEEF
DEADBEEF
DEADBEEF
DEADBEEF
DEADBEEF
DEADBEEF
DEADBEEF
DEADBEEF
DEADBEEF
DEADBEEF
DEADBEEF
DEADBEEF
DEADBEEF
DEADBEEF
DEADBEEF
DEADBEEF
DEADBEEF
DEADBEEF
DEADBEEF
DEADBEEF
DEADBEEF
DEADBEEF
DEADBEEF
DEADBEEF
DEADBEEF
DEADBEEF
DEADBEEF
DEADBEEF
DEADBEEF
DEADBEEF
DEADBEEF
DEADBEEF
DEADBEEF
DEADBEEF
DEADBEEF
DEADBEEF
DEADBEEF
DEADBEEF
DEADBEEF
DEADBEEF
DEADBEEF
DEADBEEF
DEADBEEF
DEADBEEF
DEADBEEF
DEADBEEF
DEADBEEF
DEADBEEF
DEADBEEF
DEADBEEF
DEADBEEF
DEADBEEF
DEADBEEF
DEADBEEF
DEADBEEF
DEADBEEF
DEADBEEF
DEADBEEF
DEADBEEF
DEADBEEF
DEADBEEF
DEADBEEF
DEADBEEF
DEADBEEF
DEADBEEF
DEADBEEF
DEADBEEF
DEADBEEF
DEADBEEF
DEADBEEF
DEADBEEF
DEADBEEF
DEADBEEF
DEADBEEF
DEADBEEF
DEADBEEF
DEADBEEF
DEADBEEF
DEADBEEF
DEADBEEF
DEADBEEF
DEADBEEF
DEADBEEF
DEADBEEF
DEADBEEF
DEADBEEF
DEADBEEF
DEADBEEF
DEADBEEF
DEADBEEF
DEADBEEF
DEADBEEF
DEADBEEF
DEADBEEF
DEADBEEF
DEADBEEF
DEADBEEF
DEADBEEF
DEADBEEF
DEADBEEF
DEADBEEF
DEADBEEF
DEADBEEF
DEADBEEF
DEADBEEF
DEADBEEF
DEADBEEF
DEADBEEF
DEADBEEF
DEADBEEF
DEADBEEF
DEADBEEF
DEADBEEF
DEADBEEF
DEADBEEF
DEADBEEF
DEADBEEF
DEADBEEF
DEADBEEF
DEADBEEF
DEADBEEF
DEADBEEF
DEADBEEF
DEADBEEF
DEADBEEF
DEADBEEF
DEADBEEF
DEADBEEF
DEADBEEF
DEADBEEF
DEADBEEF
DEADBEEF
DEADBEEF
DEADBEEF
DEADBEEF
DEADBEEF
DEADBEEF
DEADBEEF
DEADBEEF
DEADBEEF
DEADBEEF
DEADBEEF
DEADBEEF
DEADBEEF
DEADBEEF
DEADBEEF
DEADBEEF
DEADBEEF
DEADBEEF
DEADBEEF
DEADBEEF
DEADBEEF
DEADBEEF
DEADBEEF
DEADBEEF
DEADBEEF
DEADBEEF
DEADBEEF
DEADBEEF
DEADBEEF
DEADBEEF
DEADBEEF
DEADBEEF
DEADBEEF
DEADBEEF
DEADBEEF
DEADBEEF
DEADBEEF
DEADBEEF
DEADBEEF
DEADBEEF
DEADBEEF
DEADBEEF
DEADBEEF
DEADBEEF
DEADBEEF
DEADBEEF
DEADBEEF
DEADBEEF
DEADBEEF
DEADBEEF
DEADBEEF
DEADBEEF
DEADBEEF
DEADBEEF
DEADBEEF
DEADBEEF
DEADBEEF
DEADBEEF
DEADBEEF
DEADBEEF
DEADBEEF
DEADBEEF
DEADBEEF
DEADBEEF
DEADBEEF
DEADBEEF
DEADBEEF
DEADBEEF
DEADBEEF
DEADBEEF
DEADBEEF
DEADBEEF
DEADBEEF
DEADBEEF
DEADBEEF
DEADBEEF
DEADBEEF
DEADBEEF
DEADBEEF
DEADBEEF
DEADBEEF
DEADBEEF
DEADBEEF
DEADBEEF
DEADBEEF
DEADBEEF
DEADBEEF
DEADBEEF
DEADBEEF
DEADBEEF
DEADBEEF
DEADBEEF
DEADBEEF
DEADBEEF
DEADBEEF
DEADBEEF
DEADBEEF
DEADBEEF
DEADBEEF
DEADBEEF
DEADBEEF
DEADBEEF
DEADBEEF
DEADBEEF
DEADBEEF
DEADBEEF
DEADBEEF
DEADBEEF
DEADBEEF
DEADBEEF
DEADBEEF
DEADBEEF
DEADBEEF
DEADBEEF
DEADBEEF
DEADBEEF
DEADBEEF
DEADBEEF
DEADBEEF
DEADBEEF
DEADBEEF
DEADBEEF
DEADBEEF
DEADBEEF
DEADBEEF
DEADBEEF
DEADBEEF
DEADBEEF
DEADBEEF
DEADBEEF
DEADBEEF
DEADBEEF
DEADBEEF
DEADBEEF
DEADBEEF
DEADBEEF
DEADBEEF
DEADBEEF
DEADBEEF
DEADBEEF
DEADBEEF
DEADBEEF
DEADBEEF
DEADBEEF
DEADBEEF
DEADBEEF
DEADBEEF
DEADBEEF
DEADBEEF
DEADBEEF
DEADBEEF
DEADBEEF
DEADBEEF
DEADBEEF
DEADBEEF
DEADBEEF
DEADBEEF
DEADBEEF
DEADBEEF
DEADBEEF
DEADBEEF
DEADBEEF
DEADBEEF
DEADBEEF
DEADBEEF
DEADBEEF
DEADBEEF
DEADBEEF
DEADBEEF
DEADBEEF
DEADBEEF
DEADBEEF
DEADBEEF
DEADBEEF
DEADBEEF
DEADBEEF
DEADBEEF
DEADBEEF
DEADBEEF
DEADBEEF
DEADBEEF
DEADBEEF
DEADBEEF
DEADBEEF
DEADBEEF
DEADBEEF
DEADBEEF
DEADBEEF
DEADBEEF
DEADBEEF
DEADBEEF
DEADBEEF
DEADBEEF
DEADBEEF
DEADBEEF
DEADBEEF
DEADBEEF
DEADBEEF
DEADBEEF
DEADBEEF
DEADBEEF
DEADBEEF
DEADBEEF
DEADBEEF
DEADBEEF
DEADBEEF
DEADBEEF
DEADBEEF
DEADBEEF
DEADBEEF
DEADBEEF
DEADBEEF
DEADBEEF
DEADBEEF
DEADBEEF
DEADBEEF
DEADBEEF
DEADBEEF
DEADBEEF
DEADBEEF
DEADBEEF
DEADBEEF
DEADBEEF
DEADBEEF
DEADBEEF
DEADBEEF
DEADBEEF
DEADBEEF
DEADBEEF
DEADBEEF
DEADBEEF
DEADBEEF
DEADBEEF
DEADBEEF
DEADBEEF
DEADBEEF
DEADBEEF
DEADBEEF
DEADBEEF
DEADBEEF
DEADBEEF
DEADBEEF
DEADBEEF
DEADBEEF
DEADBEEF
DEADBEEF
DEADBEEF
DEADBEEF
DEADBEEF
DEADBEEF
DEADBEEF
DEADBEEF
DEADBEEF
DEADBEEF
DEADBEEF
DEADBEEF
DEADBEEF
DEADBEEF
DEADBEEF
DEADBEEF
DEADBEEF
DEADBEEF
DEADBEEF
DEADBEEF
DEADBEEF
DEADBEEF
DEADBEEF
DEADBEEF
DEADBEEF
DEADBEEF
DEADBEEF
DEADBEEF
DEADBEEF
DEADBEEF
DEADBEEF
DEADBEEF
DEADBEEF
DEADBEEF
DEADBEEF
DEADBEEF
DEADBEEF
DEADBEEF
DEADBEEF
DEADBEEF
DEADBEEF
DEADBEEF
DEADBEEF
DEADBEEF
DEADBEEF
DEADBEEF
DEADBEEF
DEADBEEF
DEADBEEF
DEADBEEF
DEADBEEF
DEADBEEF
DEADBEEF
DEADBEEF
DEADBEEF
DEADBEEF
DEADBEEF
DEADBEEF
DEADBEEF
DEADBEEF
DEADBEEF
DEADBEEF
DEADBEEF
DEADBEEF
DEADBEEF
DEADBEEF
DEADBEEF
DEADBEEF
DEADBEEF
DEADBEEF
DEADBEEF
DEADBEEF
DEADBEEF
DEADBEEF
DEADBEEF
DEADBEEF
DEADBEEF
DEADBEEF
DEADBEEF
DEADBEEF
DEADBEEF
DEADBEEF
DEADBEEF
DEADBEEF
DEADBEEF
DEADBEEF
DEADBEEF
DEADBEEF
DEADBEEF
DEADBEEF
DEADBEEF
DEADBEEF
DEADBEEF
DEADBEEF
DEADBEEF
DEADBEEF
DEADBEEF
DEADBEEF
DEADBEEF
DEADBEEF
DEADBEEF
DEADBEEF
DEADBEEF
DEADBEEF
DEADBEEF
DEADBEEF
DEADBEEF
DEADBEEF
DEADBEEF
DEADBEEF
DEADBEEF
DEADBEEF
DEADBEEF
DEADBEEF
DEADBEEF
DEADBEEF
DEADBEEF
DEADBEEF
DEADBEEF
DEADBEEF
DEADBEEF
DEADBEEF
DEADBEEF
DEADBEEF
DEADBEEF
DEADBEEF
DEADBEEF
DEADBEEF
DEADBEEF
DEADBEEF
DEADBEEF
DEADBEEF
DEADBEEF
DEADBEEF
DEADBEEF
DEADBEEF
DEADBEEF
DEADBEEF
DEADBEEF
DEADBEEF
DEADBEEF
DEADBEEF
DEADBEEF
DEADBEEF
DEADBEEF
DEADBEEF
DEADBEEF
DEADBEEF
DEADBEEF
DEADBEEF
DEADBEEF
DEADBEEF
DEADBEEF
DEADBEEF
DEADBEEF
DEADBEEF
DEADBEEF
DEADBEEF
DEADBEEF
DEADBEEF
DEADBEEF
DEADBEEF
DEADBEEF
DEADBEEF
DEADBEEF
DEADBEEF
DEADBEEF
DEADBEEF
DEADBEEF
DEADBEEF
DEADBEEF
DEADBEEF
DEADBEEF
DEADBEEF
DEADBEEF
DEADBEEF
DEADBEEF
DEADBEEF
DEADBEEF
DEADBEEF
DEADBEEF
DEADBEEF
DEADBEEF
DEADBEEF
DEADBEEF
DEADBEEF
DEADBEEF
DEADBEEF
DEADBEEF
DEADBEEF
DEADBEEF
DEADBEEF
DEADBEEF
DEADBEEF
DEADBEEF
DEADBEEF
DEADBEEF
DEADBEEF
DEADBEEF
DEADBEEF
DEADBEEF
DEADBEEF
DEADBEEF
DEADBEEF
DEADBEEF
DEADBEEF
DEADBEEF
DEADBEEF
DEADBEEF
DEADBEEF
DEADBEEF
DEADBEEF
DEADBEEF
DEADBEEF
DEADBEEF
DEADBEEF
DEADBEEF
DEADBEEF
DEADBEEF
DEADBEEF
DEADBEEF
DEADBEEF
DEADBEEF
DEADBEEF
DEADBEEF
DEADBEEF
DEADBEEF
DEADBEEF
DEADBEEF
DEADBEEF
DEADBEEF
DEADBEEF
DEADBEEF
DEADBEEF
DEADBEEF
DEADBEEF
DEADBEEF
DEADBEEF
DEADBEEF
DEADBEEF
DEADBEEF
DEADBEEF
DEADBEEF
DEADBEEF
DEADBEEF
DEADBEEF
DEADBEEF
DEADBEEF
DEADBEEF
DEADBEEF
DEADBEEF
DEADBEEF
DEADBEEF
DEADBEEF
DEADBEEF
DEADBEEF
DEADBEEF
DEADBEEF
DEADBEEF
DEADBEEF
DEADBEEF
DEADBEEF
DEADBEEF
DEADBEEF
DEADBEEF
DEADBEEF
DEADBEEF
DEADBEEF
DEADBEEF
DEADBEEF
DEADBEEF
DEADBEEF
DEADBEEF
DEADBEEF
DEADBEEF
DEADBEEF
DEADBEEF
DEADBEEF
DEADBEEF
DEADBEEF
DEADBEEF
DEADBEEF
DEADBEEF
DEADBEEF
DEADBEEF
DEADBEEF
DEADBEEF
DEADBEEF
DEADBEEF
DEADBEEF
DEADBEEF
DEADBEEF
DEADBEEF
DEADBEEF
DEADBEEF
DEADBEEF
DEADBEEF
DEADBEEF
DEADBEEF
DEADBEEF
DEADBEEF
DEADBEEF
DEADBEEF
DEADBEEF
DEADBEEF
DEADBEEF
DEADBEEF
DEADBEEF
DEADBEEF
DEADBEEF
DEADBEEF
DEADBEEF
DEADBEEF
DEADBEEF
DEADBEEF
DEADBEEF
DEADBEEF
DEADBEEF
DEADBEEF
DEADBEEF
DEADBEEF
DEADBEEF
DEADBEEF
DEADBEEF
DEADBEEF
DEADBEEF
DEADBEEF
DEADBEEF
DEADBEEF
DEADBEEF
DEADBEEF
DEADBEEF
DEADBEEF
DEADBEEF
DEADBEEF
DEADBEEF
DEADBEEF
DEADBEEF
DEADBEEF
DEADBEEF
DEADBEEF
DEADBEEF
DEADBEEF
DEADBEEF
DEADBEEF
DEADBEEF
DEADBEEF
DEADBEEF
DEADBEEF
DEADBEEF
DEADBEEF
DEADBEEF
DEADBEEF
DEADBEEF
DEADBEEF
DEADBEEF
DEADBEEF
DEADBEEF
DEADBEEF
DEADBEEF
DEADBEEF
DEADBEEF
DEADBEEF
DEADBEEF
DEADBEEF
DEADBEEF
DEADBEEF
DEADBEEF
DEADBEEF
DEADBEEF
DEADBEEF
DEADBEEF
DEADBEEF
DEADBEEF
DEADBEEF
DEADBEEF
DEADBEEF
DEADBEEF
DEADBEEF
DEADBEEF
DEADBEEF
DEADBEEF
DEADBEEF
DEADBEEF
DEADBEEF
DEADBEEF
DEADBEEF
DEADBEEF
DEADBEEF
DEADBEEF
DEADBEEF
DEADBEEF
DEADBEEF
DEADBEEF
DEADBEEF
DEADBEEF
DEADBEEF
DEADBEEF
DEADBEEF
DEADBEEF
DEADBEEF
DEADBEEF
DEADBEEF
DEADBEEF
DEADBEEF
DEADBEEF
DEADBEEF
DEADBEEF
DEADBEEF
DEADBEEF
DEADBEEF
DEADBEEF
DEADBEEF
DEADBEEF
DEADBEEF
DEADBEEF
DEADBEEF
DEADBEEF
DEADBEEF
DEADBEEF
DEADBEEF
DEADBEEF
DEADBEEF
DEADBEEF
DEADBEEF
DEADBEEF
DEADBEEF
DEADBEEF
DEADBEEF
DEADBEEF
DEADBEEF
DEADBEEF
DEADBEEF
DEADBEEF
DEADBEEF
DEADBEEF
DEADBEEF
DEADBEEF
DEADBEEF
DEADBEEF
DEADBEEF
DEADBEEF
DEADBEEF
DEADBEEF
DEADBEEF
DEADBEEF
DEADBEEF
DEADBEEF
DEADBEEF
DEADBEEF
DEADBEEF
DEADBEEF
DEADBEEF
DEADBEEF
DEADBEEF
DEADBEEF
DEADBEEF
DEADBEEF
DEADBEEF
DEADBEEF
DEADBEEF
DEADBEEF
DEADBEEF
DEADBEEF
DEADBEEF
DEADBEEF
DEADBEEF
DEADBEEF
DEADBEEF
DEADBEEF
DEADBEEF
DEADBEEF
DEADBEEF
DEADBEEF
DEADBEEF
DEADBEEF
DEADBEEF
DEADBEEF
DEADBEEF
DEADBEEF
DEADBEEF
DEADBEEF
DEADBEEF
DEADBEEF
DEADBEEF
DEADBEEF
DEADBEEF
DEADBEEF
DEADBEEF
DEADBEEF
DEADBEEF
DEADBEEF
DEADBEEF
DEADBEEF
DEADBEEF
DEADBEEF
DEADBEEF
DEADBEEF
DEADBEEF
DEADBEEF
DEADBEEF
DEADBEEF
DEADBEEF
DEADBEEF
DEADBEEF
DEADBEEF
DEADBEEF
DEADBEEF
DEADBEEF
DEADBEEF
DEADBEEF
DEADBEEF
DEADBEEF
DEADBEEF
DEADBEEF
DEADBEEF
DEADBEEF
DEADBEEF
DEADBEEF
DEADBEEF
DEADBEEF
DEADBEEF
DEADBEEF
DEADBEEF
DEADBEEF
DEADBEEF
DEADBEEF
DEADBEEF
DEADBEEF
DEADBEEF
DEADBEEF
DEADBEEF
DEADBEEF
DEADBEEF
DEADBEEF
DEADBEEF
DEADBEEF
DEADBEEF
DEADBEEF
DEADBEEF
DEADBEEF
DEADBEEF
DEADBEEF
DEADBEEF
DEADBEEF
DEADBEEF
DEADBEEF
DEADBEEF
DEADBEEF
DEADBEEF
DEADBEEF
DEADBEEF
DEADBEEF
DEADBEEF
DEADBEEF
DEADBEEF
DEADBEEF
DEADBEEF
DEADBEEF
DEADBEEF
DEADBEEF
DEADBEEF
DEADBEEF
DEADBEEF
DEADBEEF
DEADBEEF
DEADBEEF
DEADBEEF
DEADBEEF
DEADBEEF
DEADBEEF
DEADBEEF
DEADBEEF
DEADBEEF
DEADBEEF
DEADBEEF
DEADBEEF
DEADBEEF
DEADBEEF
DEADBEEF
DEADBEEF
DEADBEEF
DEADBEEF
DEADBEEF
DEADBEEF
DEADBEEF
DEADBEEF
DEADBEEF
DEADBEEF
DEADBEEF
DEADBEEF
DEADBEEF
DEADBEEF
DEADBEEF
DEADBEEF
DEADBEEF
DEADBEEF
DEADBEEF
DEADBEEF
DEADBEEF
DEADBEEF
DEADBEEF
DEADBEEF
DEADBEEF
DEADBEEF
DEADBEEF
DEADBEEF
DEADBEEF
DEADBEEF
DEADBEEF
DEADBEEF
DEADBEEF
DEADBEEF
DEADBEEF
DEADBEEF
DEADBEEF
DEADBEEF
DEADBEEF
DEADBEEF
DEADBEEF
DEADBEEF
DEADBEEF
DEADBEEF
DEADBEEF
DEADBEEF
DEADBEEF
DEADBEEF
DEADBEEF
DEADBEEF
DEADBEEF
DEADBEEF
DEADBEEF
DEADBEEF
DEADBEEF
DEADBEEF
DEADBEEF
DEADBEEF
DEADBEEF
DEADBEEF
DEADBEEF
DEADBEEF
DEADBEEF
DEADBEEF
DEADBEEF
DEADBEEF
DEADBEEF
DEADBEEF
DEADBEEF
DEADBEEF
DEADBEEF
DEADBEEF
DEADBEEF
DEADBEEF
DEADBEEF
DEADBEEF
DEADBEEF
DEADBEEF
DEADBEEF
DEADBEEF
DEADBEEF
DEADBEEF
DEADBEEF
DEADBEEF
DEADBEEF
DEADBEEF
DEADBEEF
DEADBEEF
DEADBEEF
DEADBEEF
DEADBEEF
DEADBEEF
DEADBEEF
DEADBEEF
DEADBEEF
DEADBEEF
DEADBEEF
DEADBEEF
DEADBEEF
DEADBEEF
DEADBEEF
DEADBEEF
DEADBEEF
DEADBEEF
DEADBEEF
DEADBEEF
DEADBEEF
DEADBEEF
DEADBEEF
DEADBEEF
DEADBEEF
DEADBEEF
DEADBEEF
DEADBEEF
DEADBEEF
DEADBEEF
DEADBEEF
DEADBEEF
DEADBEEF
DEADBEEF
DEADBEEF
DEADBEEF
DEADBEEF
DEADBEEF
DEADBEEF
DEADBEEF
DEADBEEF
DEADBEEF
DEADBEEF
DEADBEEF
DEADBEEF
DEADBEEF
DEADBEEF
DEADBEEF
DEADBEEF
DEADBEEF
DEADBEEF
DEADBEEF
DEADBEEF
DEADBEEF
DEADBEEF
DEADBEEF
DEADBEEF
DEADBEEF
DEADBEEF
DEADBEEF
DEADBEEF
DEADBEEF
DEADBEEF
DEADBEEF
DEADBEEF
DEADBEEF
DEADBEEF
DEADBEEF
DEADBEEF
DEADBEEF
DEADBEEF
DEADBEEF
DEADBEEF
DEADBEEF
DEADBEEF
DEADBEEF
DEADBEEF
DEADBEEF
DEADBEEF
DEADBEEF
DEADBEEF
DEADBEEF
DEADBEEF
DEADBEEF
DEADBEEF
DEADBEEF
DEADBEEF
DEADBEEF
DEADBEEF
DEADBEEF
DEADBEEF
DEADBEEF
DEADBEEF
DEADBEEF
DEADBEEF
DEADBEEF
DEADBEEF
DEADBEEF
DEADBEEF
DEADBEEF
DEADBEEF
DEADBEEF
DEADBEEF
DEADBEEF
DEADBEEF
DEADBEEF
DEADBEEF
DEADBEEF
DEADBEEF
DEADBEEF
DEADBEEF
DEADBEEF
DEADBEEF
DEADBEEF
DEADBEEF
DEADBEEF
DEADBEEF
DEADBEEF
DEADBEEF
DEADBEEF
DEADBEEF
DEADBEEF
DEADBEEF
DEADBEEF
DEADBEEF
DEADBEEF
DEADBEEF
DEADBEEF
DEADBEEF
DEADBEEF
DEADBEEF
DEADBEEF
DEADBEEF
DEADBEEF
DEADBEEF
DEADBEEF
DEADBEEF
DEADBEEF
DEADBEEF
DEADBEEF
DEADBEEF
DEADBEEF
DEADBEEF
DEADBEEF
DEADBEEF
DEADBEEF
DEADBEEF
DEADBEEF
DEADBEEF
DEADBEEF
DEADBEEF
DEADBEEF
DEADBEEF
DEADBEEF
DEADBEEF
DEADBEEF
DEADBEEF
DEADBEEF
DEADBEEF
DEADBEEF
DEADBEEF
DEADBEEF
DEADBEEF
DEADBEEF
DEADBEEF
DEADBEEF
DEADBEEF
DEADBEEF
DEADBEEF
DEADBEEF
DEADBEEF
DEADBEEF
DEADBEEF
DEADBEEF
DEADBEEF
DEADBEEF
DEADBEEF
DEADBEEF
DEADBEEF
DEADBEEF
DEADBEEF
DEADBEEF
DEADBEEF
DEADBEEF
DEADBEEF
DEADBEEF
DEADBEEF
DEADBEEF
DEADBEEF
DEADBEEF
DEADBEEF
DEADBEEF
DEADBEEF
DEADBEEF
DEADBEEF
DEADBEEF
DEADBEEF
DEADBEEF
DEADBEEF
DEADBEEF
DEADBEEF
DEADBEEF
DEADBEEF
DEADBEEF
DEADBEEF
DEADBEEF
DEADBEEF
DEADBEEF
DEADBEEF
DEADBEEF
DEADBEEF
DEADBEEF
DEADBEEF
DEADBEEF
DEADBEEF
DEADBEEF
DEADBEEF
DEADBEEF
DEADBEEF
DEADBEEF
DEADBEEF
DEADBEEF
DEADBEEF
DEADBEEF
DEADBEEF
DEADBEEF
DEADBEEF
DEADBEEF
DEADBEEF
DEADBEEF
DEADBEEF
DEADBEEF
DEADBEEF
DEADBEEF
DEADBEEF
DEADBEEF
DEADBEEF
DEADBEEF
DEADBEEF
DEADBEEF
DEADBEEF
DEADBEEF
DEADBEEF
DEADBEEF
DEADBEEF
DEADBEEF
DEADBEEF
DEADBEEF
DEADBEEF
DEADBEEF
DEADBEEF
DEADBEEF
DEADBEEF
DEADBEEF
DEADBEEF
DEADBEEF
DEADBEEF
DEADBEEF
DEADBEEF
DEADBEEF
DEADBEEF
DEADBEEF
DEADBEEF
DEADBEEF
DEADBEEF
DEADBEEF
DEADBEEF
DEADBEEF
DEADBEEF
DEADBEEF
DEADBEEF
DEADBEEF
DEADBEEF
DEADBEEF
DEADBEEF
DEADBEEF
DEADBEEF
DEADBEEF
DEADBEEF
DEADBEEF
DEADBEEF
DEADBEEF
DEADBEEF
DEADBEEF
DEADBEEF
DEADBEEF
DEADBEEF
DEADBEEF
DEADBEEF
DEADBEEF
DEADBEEF
DEADBEEF
DEADBEEF
DEADBEEF
DEADBEEF
DEADBEEF
DEADBEEF
DEADBEEF
DEADBEEF
DEADBEEF
DEADBEEF
DEADBEEF
DEADBEEF
DEADBEEF
DEADBEEF
DEADBEEF
DEADBEEF
DEADBEEF
DEADBEEF
DEADBEEF
DEADBEEF
DEADBEEF
DEADBEEF
DEADBEEF
DEADBEEF
DEADBEEF
DEADBEEF
DEADBEEF
DEADBEEF
DEADBEEF
DEADBEEF
DEADBEEF
DEADBEEF
DEADBEEF
DEADBEEF
DEADBEEF
DEADBEEF
DEADBEEF
DEADBEEF
DEADBEEF
DEADBEEF
DEADBEEF
DEADBEEF
DEADBEEF
DEADBEEF
DEADBEEF
DEADBEEF
DEADBEEF
DEADBEEF
DEADBEEF
DEADBEEF
DEADBEEF
DEADBEEF
DEADBEEF
DEADBEEF
DEADBEEF
DEADBEEF
DEADBEEF
DEADBEEF
DEADBEEF
DEADBEEF
DEADBEEF
DEADBEEF
DEADBEEF
DEADBEEF
DEADBEEF
DEADBEEF
DEADBEEF
DEADBEEF
DEADBEEF
DEADBEEF
DEADBEEF
DEADBEEF
DEADBEEF
DEADBEEF
DEADBEEF
DEADBEEF
DEADBEEF
DEADBEEF
DEADBEEF
DEADBEEF
DEADBEEF
DEADBEEF
DEADBEEF
DEADBEEF
DEADBEEF
DEADBEEF
DEADBEEF
DEADBEEF
DEADBEEF
DEADBEEF
DEADBEEF
DEADBEEF
DEADBEEF
DEADBEEF
DEADBEEF
DEADBEEF
DEADBEEF
DEADBEEF
DEADBEEF
DEADBEEF
DEADBEEF
DEADBEEF
DEADBEEF
DEADBEEF
DEADBEEF
DEADBEEF
DEADBEEF
DEADBEEF
DEADBEEF
DEADBEEF
DEADBEEF
DEADBEEF
DEADBEEF
DEADBEEF
DEADBEEF
DEADBEEF
DEADBEEF
DEADBEEF
DEADBEEF
DEADBEEF
DEADBEEF
DEADBEEF
DEADBEEF
DEADBEEF
DEADBEEF
DEADBEEF
DEADBEEF
DEADBEEF
DEADBEEF
DEADBEEF
DEADBEEF
DEADBEEF
DEADBEEF
DEADBEEF
DEADBEEF
DEADBEEF
DEADBEEF
DEADBEEF
DEADBEEF
DEADBEEF
DEADBEEF
DEADBEEF
DEADBEEF
DEADBEEF
DEADBEEF
DEADBEEF
DEADBEEF
DEADBEEF
DEADBEEF
DEADBEEF
DEADBEEF
DEADBEEF
DEADBEEF
DEADBEEF
DEADBEEF
DEADBEEF
DEADBEEF
DEADBEEF
DEADBEEF
DEADBEEF
DEADBEEF
DEADBEEF
DEADBEEF
DEADBEEF
DEADBEEF
DEADBEEF
DEADBEEF
DEADBEEF
DEADBEEF
DEADBEEF
DEADBEEF
DEADBEEF
DEADBEEF
DEADBEEF
DEADBEEF
DEADBEEF
DEADBEEF
DEADBEEF
DEADBEEF
DEADBEEF
DEADBEEF
DEADBEEF
DEADBEEF
DEADBEEF
DEADBEEF
DEADBEEF
DEADBEEF
DEADBEEF
DEADBEEF
DEADBEEF
DEADBEEF
DEADBEEF
DEADBEEF
DEADBEEF
DEADBEEF
DEADBEEF
DEADBEEF
DEADBEEF
DEADBEEF
DEADBEEF
DEADBEEF
DEADBEEF
DEADBEEF
DEADBEEF
DEADBEEF
DEADBEEF
DEADBEEF
DEADBEEF
DEADBEEF
DEADBEEF
DEADBEEF
DEADBEEF
DEADBEEF
DEADBEEF
DEADBEEF
DEADBEEF
DEADBEEF
DEADBEEF
DEADBEEF
DEADBEEF
DEADBEEF
DEADBEEF
DEADBEEF
DEADBEEF
DEADBEEF
DEADBEEF
DEADBEEF
DEADBEEF
DEADBEEF
DEADBEEF
DEADBEEF
DEADBEEF
DEADBEEF
DEADBEEF
DEADBEEF
DEADBEEF
DEADBEEF
DEADBEEF
DEADBEEF
DEADBEEF
DEADBEEF
DEADBEEF
DEADBEEF
DEADBEEF
DEADBEEF
DEADBEEF
DEADBEEF
DEADBEEF
DEADBEEF
DEADBEEF
DEADBEEF
DEADBEEF
DEADBEEF
DEADBEEF
DEADBEEF
DEADBEEF
DEADBEEF
DEADBEEF
DEADBEEF
DEADBEEF
DEADBEEF
DEADBEEF
DEADBEEF
DEADBEEF
DEADBEEF
DEADBEEF
DEADBEEF
DEADBEEF
DEADBEEF
DEADBEEF
DEADBEEF
DEADBEEF
DEADBEEF
DEADBEEF
DEADBEEF
DEADBEEF
DEADBEEF
DEADBEEF
DEADBEEF
DEADBEEF
DEADBEEF
DEADBEEF
DEADBEEF
DEADBEEF
DEADBEEF
DEADBEEF
DEADBEEF
DEADBEEF
DEADBEEF
DEADBEEF
DEADBEEF
DEADBEEF
DEADBEEF
DEADBEEF
DEADBEEF
DEADBEEF
DEADBEEF
DEADBEEF
DEADBEEF
DEADBEEF
DEADBEEF
DEADBEEF
DEADBEEF
DEADBEEF
DEADBEEF
DEADBEEF
DEADBEEF
DEADBEEF
DEADBEEF
DEADBEEF
DEADBEEF
DEADBEEF
DEADBEEF
DEADBEEF
DEADBEEF
DEADBEEF
DEADBEEF
DEADBEEF
DEADBEEF
DEADBEEF
DEADBEEF
DEADBEEF
DEADBEEF
DEADBEEF
DEADBEEF
DEADBEEF
DEADBEEF
DEADBEEF
DEADBEEF
DEADBEEF
DEADBEEF
DEADBEEF
DEADBEEF
DEADBEEF
DEADBEEF
DEADBEEF
DEADBEEF
DEADBEEF
DEADBEEF
DEADBEEF
DEADBEEF
DEADBEEF
DEADBEEF
DEADBEEF
DEADBEEF
DEADBEEF
DEADBEEF
DEADBEEF
DEADBEEF
DEADBEEF
DEADBEEF
DEADBEEF
DEADBEEF
DEADBEEF
DEADBEEF
DEADBEEF
DEADBEEF
DEADBEEF
DEADBEEF
DEADBEEF
DEADBEEF
DEADBEEF
DEADBEEF
DEADBEEF
DEADBEEF
DEADBEEF
DEADBEEF
DEADBEEF
DEADBEEF
DEADBEEF
DEADBEEF
DEADBEEF
DEADBEEF
DEADBEEF
DEADBEEF
DEADBEEF
DEADBEEF
DEADBEEF
DEADBEEF
DEADBEEF
DEADBEEF
DEADBEEF
DEADBEEF
DEADBEEF
DEADBEEF
DEADBEEF
DEADBEEF
DEADBEEF
DEADBEEF
DEADBEEF
DEADBEEF
DEADBEEF
DEADBEEF
DEADBEEF
DEADBEEF
DEADBEEF
DEADBEEF
DEADBEEF
DEADBEEF
DEADBEEF
DEADBEEF
DEADBEEF
DEADBEEF
DEADBEEF
DEADBEEF
DEADBEEF
DEADBEEF
DEADBEEF
DEADBEEF
DEADBEEF
DEADBEEF
DEADBEEF
DEADBEEF
DEADBEEF
DEADBEEF
DEADBEEF
DEADBEEF
DEADBEEF
DEADBEEF
DEADBEEF
DEADBEEF
DEADBEEF
DEADBEEF
DEADBEEF
DEADBEEF
DEADBEEF
DEADBEEF
DEADBEEF
DEADBEEF
DEADBEEF
DEADBEEF
DEADBEEF
DEADBEEF
DEADBEEF
DEADBEEF
DEADBEEF
DEADBEEF
DEADBEEF
DEADBEEF
DEADBEEF
DEADBEEF
DEADBEEF
DEADBEEF
DEADBEEF
DEADBEEF
DEADBEEF
DEADBEEF
DEADBEEF
DEADBEEF
DEADBEEF
DEADBEEF
DEADBEEF
DEADBEEF
DEADBEEF
DEADBEEF
DEADBEEF
DEADBEEF
DEADBEEF
DEADBEEF
DEADBEEF
DEADBEEF
DEADBEEF
DEADBEEF
DEADBEEF
DEADBEEF
DEADBEEF
DEADBEEF
DEADBEEF
DEADBEEF
DEADBEEF
DEADBEEF
DEADBEEF
DEADBEEF
DEADBEEF
DEADBEEF
DEADBEEF
DEADBEEF
DEADBEEF
DEADBEEF
DEADBEEF
DEADBEEF
DEADBEEF
DEADBEEF
DEADBEEF
DEADBEEF
DEADBEEF
DEADBEEF
DEADBEEF
DEADBEEF
DEADBEEF
DEADBEEF
DEADBEEF
DEADBEEF
DEADBEEF
DEADBEEF
DEADBEEF
DEADBEEF
DEADBEEF
DEADBEEF
DEADBEEF
DEADBEEF
DEADBEEF
DEADBEEF
DEADBEEF
DEADBEEF
DEADBEEF
DEADBEEF
DEADBEEF
DEADBEEF
DEADBEEF
DEADBEEF
DEADBEEF
DEADBEEF
DEADBEEF
DEADBEEF
DEADBEEF
DEADBEEF
DEADBEEF
DEADBEEF
DEADBEEF
DEADBEEF
DEADBEEF
DEADBEEF
DEADBEEF
DEADBEEF
DEADBEEF
DEADBEEF
DEADBEEF
DEADBEEF
DEADBEEF
DEADBEEF
DEADBEEF
DEADBEEF
DEADBEEF
DEADBEEF
DEADBEEF
DEADBEEF
DEADBEEF
DEADBEEF
DEADBEEF
DEADBEEF
DEADBEEF
DEADBEEF
DEADBEEF
DEADBEEF
DEADBEEF
DEADBEEF
DEADBEEF
DEADBEEF
DEADBEEF
DEADBEEF
DEADBEEF
DEADBEEF
DEADBEEF
DEADBEEF
DEADBEEF
DEADBEEF
DEADBEEF
DEADBEEF
DEADBEEF
DEADBEEF
DEADBEEF
DEADBEEF
DEADBEEF
DEADBEEF
DEADBEEF
DEADBEEF
DEADBEEF
DEADBEEF
DEADBEEF
DEADBEEF
DEADBEEF
DEADBEEF
DEADBEEF
DEADBEEF
DEADBEEF
DEADBEEF
DEADBEEF
DEADBEEF
DEADBEEF
DEADBEEF
DEADBEEF
DEADBEEF
DEADBEEF
DEADBEEF
DEADBEEF
DEADBEEF
DEADBEEF
DEADBEEF
DEADBEEF
DEADBEEF
DEADBEEF
DEADBEEF
DEADBEEF
DEADBEEF
DEADBEEF
DEADBEEF
DEADBEEF
DEADBEEF
DEADBEEF
DEADBEEF
DEADBEEF
DEADBEEF
DEADBEEF
DEADBEEF
DEADBEEF
DEADBEEF
DEADBEEF
DEADBEEF
DEADBEEF
DEADBEEF
DEADBEEF
DEADBEEF
DEADBEEF
DEADBEEF
DEADBEEF
DEADBEEF
DEADBEEF
DEADBEEF
DEADBEEF
DEADBEEF
DEADBEEF
DEADBEEF
DEADBEEF
DEADBEEF
DEADBEEF
DEADBEEF
DEADBEEF
DEADBEEF
DEADBEEF
DEADBEEF
DEADBEEF
DEADBEEF
DEADBEEF
DEADBEEF
DEADBEEF
DEADBEEF
DEADBEEF
DEADBEEF
DEADBEEF
DEADBEEF
DEADBEEF
DEADBEEF
DEADBEEF
DEADBEEF
DEADBEEF
DEADBEEF
DEADBEEF
DEADBEEF
DEADBEEF
DEADBEEF
DEADBEEF
DEADBEEF
DEADBEEF
DEADBEEF
DEADBEEF
DEADBEEF
DEADBEEF
DEADBEEF
DEADBEEF
DEADBEEF
DEADBEEF
DEADBEEF
DEADBEEF
DEADBEEF
DEADBEEF
DEADBEEF
DEADBEEF
DEADBEEF
DEADBEEF
DEADBEEF
DEADBEEF
DEADBEEF
DEADBEEF
DEADBEEF
DEADBEEF
DEADBEEF
DEADBEEF
DEADBEEF
DEADBEEF
DEADBEEF
DEADBEEF
DEADBEEF
DEADBEEF
DEADBEEF
DEADBEEF
DEADBEEF
DEADBEEF
DEADBEEF
DEADBEEF
DEADBEEF
DEADBEEF
DEADBEEF
DEADBEEF
DEADBEEF
DEADBEEF
DEADBEEF
DEADBEEF
DEADBEEF
DEADBEEF
DEADBEEF
DEADBEEF
DEADBEEF
DEADBEEF
DEADBEEF
DEADBEEF
DEADBEEF
DEADBEEF
DEADBEEF
DEADBEEF
DEADBEEF
DEADBEEF
DEADBEEF
DEADBEEF
DEADBEEF
DEADBEEF
DEADBEEF
DEADBEEF
DEADBEEF
DEADBEEF
DEADBEEF
DEADBEEF
DEADBEEF
DEADBEEF
DEADBEEF
DEADBEEF
DEADBEEF
DEADBEEF
DEADBEEF
DEADBEEF
DEADBEEF
DEADBEEF
DEADBEEF
DEADBEEF
DEADBEEF
DEADBEEF
DEADBEEF
DEADBEEF
DEADBEEF
DEADBEEF
DEADBEEF
DEADBEEF
DEADBEEF
DEADBEEF
DEADBEEF
DEADBEEF
DEADBEEF
DEADBEEF
DEADBEEF
DEADBEEF
DEADBEEF
DEADBEEF
DEADBEEF
DEADBEEF
DEADBEEF
DEADBEEF
DEADBEEF
DEADBEEF
DEADBEEF
DEADBEEF
DEADBEEF
DEADBEEF
DEADBEEF
DEADBEEF
DEADBEEF
DEADBEEF
DEADBEEF
DEADBEEF
DEADBEEF
DEADBEEF
DEADBEEF
DEADBEEF
DEADBEEF
DEADBEEF
DEADBEEF
DEADBEEF
DEADBEEF
DEADBEEF
DEADBEEF
DEADBEEF
DEADBEEF
DEADBEEF
DEADBEEF
DEADBEEF
DEADBEEF
DEADBEEF
DEADBEEF
DEADBEEF
DEADBEEF
DEADBEEF
DEADBEEF
DEADBEEF
DEADBEEF
DEADBEEF
DEADBEEF
DEADBEEF
DEADBEEF
DEADBEEF
DEADBEEF
DEADBEEF
DEADBEEF
DEADBEEF
DEADBEEF
DEADBEEF
DEADBEEF
DEADBEEF
DEADBEEF
DEADBEEF
DEADBEEF
DEADBEEF
DEADBEEF
DEADBEEF
DEADBEEF
DEADBEEF
DEADBEEF
DEADBEEF
DEADBEEF
DEADBEEF
DEADBEEF
DEADBEEF
DEADBEEF
DEADBEEF
DEADBEEF
DEADBEEF
DEADBEEF
DEADBEEF
DEADBEEF
DEADBEEF
DEADBEEF
DEADBEEF
DEADBEEF
DEADBEEF
DEADBEEF
DEADBEEF
DEADBEEF
DEADBEEF
DEADBEEF
DEADBEEF
DEADBEEF
DEADBEEF
DEADBEEF
DEADBEEF
DEADBEEF
DEADBEEF
DEADBEEF
DEADBEEF
DEADBEEF
DEADBEEF
DEADBEEF
DEADBEEF
DEADBEEF
DEADBEEF
DEADBEEF
DEADBEEF
DEADBEEF
DEADBEEF
DEADBEEF
DEADBEEF
DEADBEEF
DEADBEEF
DEADBEEF
DEADBEEF
DEADBEEF
DEADBEEF
DEADBEEF
DEADBEEF
DEADBEEF
DEADBEEF
DEADBEEF
DEADBEEF
DEADBEEF
DEADBEEF
DEADBEEF
DEADBEEF
DEADBEEF
DEADBEEF
DEADBEEF
DEADBEEF
DEADBEEF
DEADBEEF
DEADBEEF
DEADBEEF
DEADBEEF
DEADBEEF
DEADBEEF
DEADBEEF
DEADBEEF
DEADBEEF
DEADBEEF
DEADBEEF
DEADBEEF
DEADBEEF
DEADBEEF
DEADBEEF
DEADBEEF
DEADBEEF
DEADBEEF
DEADBEEF
DEADBEEF
DEADBEEF
DEADBEEF
DEADBEEF
DEADBEEF
DEADBEEF
DEADBEEF
DEADBEEF
DEADBEEF
DEADBEEF
DEADBEEF
DEADBEEF
DEADBEEF
DEADBEEF
DEADBEEF
DEADBEEF
DEADBEEF
DEADBEEF
DEADBEEF
DEADBEEF
DEADBEEF
DEADBEEF
DEADBEEF
DEADBEEF
DEADBEEF
DEADBEEF
DEADBEEF
DEADBEEF
DEADBEEF
DEADBEEF
DEADBEEF
DEADBEEF
DEADBEEF
DEADBEEF
DEADBEEF
DEADBEEF
DEADBEEF
DEADBEEF
DEADBEEF
DEADBEEF
DEADBEEF
DEADBEEF
DEADBEEF
DEADBEEF
DEADBEEF
DEADBEEF
DEADBEEF
DEADBEEF
DEADBEEF
DEADBEEF
DEADBEEF
DEADBEEF
DEADBEEF
DEADBEEF
DEADBEEF
DEADBEEF
DEADBEEF
DEADBEEF
DEADBEEF
DEADBEEF
DEADBEEF
DEADBEEF
DEADBEEF
DEADBEEF
DEADBEEF
DEADBEEF
DEADBEEF
DEADBEEF
DEADBEEF
DEADBEEF
DEADBEEF
DEADBEEF
DEADBEEF
DEADBEEF
DEADBEEF
DEADBEEF
DEADBEEF
DEADBEEF
DEADBEEF
DEADBEEF
DEADBEEF
DEADBEEF
DEADBEEF
DEADBEEF
DEADBEEF
DEADBEEF
DEADBEEF
DEADBEEF
DEADBEEF
DEADBEEF
DEADBEEF
DEADBEEF
DEADBEEF
DEADBEEF
DEADBEEF
DEADBEEF
DEADBEEF
DEADBEEF
DEADBEEF
DEADBEEF
DEADBEEF
DEADBEEF
DEADBEEF
DEADBEEF
DEADBEEF
DEADBEEF
DEADBEEF
DEADBEEF
DEADBEEF
DEADBEEF
DEADBEEF
DEADBEEF
DEADBEEF
DEADBEEF
DEADBEEF
DEADBEEF
DEADBEEF
DEADBEEF
DEADBEEF
DEADBEEF
DEADBEEF
DEADBEEF
DEADBEEF
DEADBEEF
DEADBEEF
DEADBEEF
DEADBEEF
DEADBEEF
DEADBEEF
DEADBEEF
DEADBEEF
DEADBEEF
DEADBEEF
DEADBEEF
DEADBEEF
DEADBEEF
DEADBEEF
DEADBEEF
DEADBEEF
DEADBEEF
DEADBEEF
DEADBEEF
DEADBEEF
DEADBEEF
DEADBEEF
DEADBEEF
DEADBEEF
DEADBEEF
DEADBEEF
DEADBEEF
DEADBEEF
DEADBEEF
DEADBEEF
DEADBEEF
DEADBEEF
DEADBEEF
DEADBEEF
DEADBEEF
DEADBEEF
DEADBEEF
DEADBEEF
DEADBEEF
DEADBEEF
DEADBEEF
DEADBEEF
DEADBEEF
DEADBEEF
DEADBEEF
DEADBEEF
DEADBEEF
DEADBEEF
DEADBEEF
DEADBEEF
DEADBEEF
DEADBEEF
DEADBEEF
DEADBEEF
DEADBEEF
DEADBEEF
DEADBEEF
DEADBEEF
DEADBEEF
DEADBEEF
DEADBEEF
DEADBEEF
DEADBEEF
DEADBEEF
DEADBEEF
DEADBEEF
DEADBEEF
DEADBEEF
DEADBEEF
DEADBEEF
DEADBEEF
DEADBEEF
DEADBEEF
DEADBEEF
DEADBEEF
DEADBEEF
DEADBEEF
DEADBEEF
DEADBEEF
DEADBEEF
DEADBEEF
DEADBEEF
DEADBEEF
DEADBEEF
DEADBEEF
DEADBEEF
DEADBEEF
DEADBEEF
DEADBEEF
DEADBEEF
DEADBEEF
DEADBEEF
DEADBEEF
DEADBEEF
DEADBEEF
DEADBEEF
DEADBEEF
DEADBEEF
DEADBEEF
DEADBEEF
DEADBEEF
DEADBEEF
DEADBEEF
DEADBEEF
DEADBEEF
DEADBEEF
DEADBEEF
DEADBEEF
DEADBEEF
DEADBEEF
DEADBEEF
DEADBEEF
DEADBEEF
DEADBEEF
DEADBEEF
DEADBEEF
DEADBEEF
DEADBEEF
DEADBEEF
DEADBEEF
DEADBEEF
DEADBEEF
DEADBEEF
DEADBEEF
DEADBEEF
DEADBEEF
DEADBEEF
DEADBEEF
DEADBEEF
DEADBEEF
DEADBEEF
DEADBEEF
DEADBEEF
DEADBEEF
DEADBEEF
DEADBEEF
DEADBEEF
DEADBEEF
DEADBEEF
DEADBEEF
DEADBEEF
DEADBEEF
DEADBEEF
DEADBEEF
DEADBEEF
DEADBEEF
DEADBEEF
DEADBEEF
DEADBEEF
DEADBEEF
DEADBEEF
DEADBEEF
DEADBEEF
DEADBEEF
DEADBEEF
DEADBEEF
DEADBEEF
DEADBEEF
DEADBEEF
DEADBEEF
DEADBEEF
DEADBEEF
DEADBEEF
DEADBEEF
DEADBEEF
DEADBEEF
DEADBEEF
DEADBEEF
DEADBEEF
DEADBEEF
DEADBEEF
DEADBEEF
DEADBEEF
DEADBEEF
DEADBEEF
DEADBEEF
DEADBEEF
DEADBEEF
DEADBEEF
DEADBEEF
DEADBEEF
DEADBEEF
DEADBEEF
DEADBEEF
DEADBEEF
DEADBEEF
DEADBEEF
DEADBEEF
DEADBEEF
DEADBEEF
DEADBEEF
DEADBEEF
DEADBEEF
DEADBEEF
DEADBEEF
DEADBEEF
DEADBEEF
DEADBEEF
DEADBEEF
DEADBEEF
DEADBEEF
DEADBEEF
DEADBEEF
DEADBEEF
DEADBEEF
DEADBEEF
DEADBEEF
DEADBEEF
DEADBEEF
DEADBEEF
DEADBEEF
DEADBEEF
DEADBEEF
DEADBEEF
DEADBEEF
DEADBEEF
DEADBEEF
DEADBEEF
DEADBEEF
DEADBEEF
DEADBEEF
DEADBEEF
DEADBEEF
DEADBEEF
DEADBEEF
DEADBEEF
DEADBEEF
DEADBEEF
DEADBEEF
DEADBEEF
DEADBEEF
DEADBEEF
DEADBEEF
DEADBEEF
DEADBEEF
DEADBEEF
DEADBEEF
DEADBEEF
DEADBEEF
DEADBEEF
DEADBEEF
DEADBEEF
DEADBEEF
DEADBEEF
DEADBEEF
DEADBEEF
DEADBEEF
DEADBEEF
DEADBEEF
DEADBEEF
DEADBEEF
DEADBEEF
DEADBEEF
DEADBEEF
DEADBEEF
DEADBEEF
DEADBEEF
DEADBEEF
DEADBEEF
DEADBEEF
DEADBEEF
DEADBEEF
DEADBEEF
DEADBEEF
DEADBEEF
DEADBEEF
DEADBEEF
DEADBEEF
DEADBEEF
DEADBEEF
DEADBEEF
DEADBEEF
DEADBEEF
DEADBEEF
DEADBEEF
DEADBEEF
DEADBEEF
DEADBEEF
DEADBEEF
DEADBEEF
DEADBEEF
DEADBEEF
DEADBEEF
DEADBEEF
DEADBEEF
DEADBEEF
DEADBEEF
DEADBEEF
DEADBEEF
DEADBEEF
DEADBEEF
DEADBEEF
DEADBEEF
DEADBEEF
DEADBEEF
DEADBEEF
DEADBEEF
DEADBEEF
DEADBEEF
DEADBEEF
DEADBEEF
DEADBEEF
DEADBEEF
DEADBEEF
DEADBEEF
DEADBEEF
DEADBEEF
DEADBEEF
DEADBEEF
DEADBEEF
DEADBEEF
DEADBEEF
DEADBEEF
DEADBEEF
DEADBEEF
DEADBEEF
DEADBEEF
DEADBEEF
DEADBEEF
DEADBEEF
DEADBEEF
DEADBEEF
DEADBEEF
DEADBEEF
DEADBEEF
DEADBEEF
DEADBEEF
DEADBEEF
DEADBEEF
DEADBEEF
DEADBEEF
DEADBEEF
DEADBEEF
DEADBEEF
DEADBEEF
DEADBEEF
DEADBEEF
DEADBEEF
DEADBEEF
DEADBEEF
DEADBEEF
DEADBEEF
DEADBEEF
DEADBEEF
DEADBEEF
DEADBEEF
DEADBEEF
DEADBEEF
DEADBEEF
DEADBEEF
DEADBEEF
DEADBEEF
DEADBEEF
DEADBEEF
DEADBEEF
DEADBEEF
DEADBEEF
DEADBEEF
DEADBEEF
DEADBEEF
DEADBEEF
DEADBEEF
DEADBEEF
DEADBEEF
DEADBEEF
DEADBEEF
DEADBEEF
DEADBEEF
DEADBEEF
DEADBEEF
DEADBEEF
DEADBEEF
DEADBEEF
DEADBEEF
DEADBEEF
DEADBEEF
DEADBEEF
DEADBEEF
DEADBEEF
DEADBEEF
DEADBEEF
DEADBEEF
DEADBEEF
DEADBEEF
DEADBEEF
DEADBEEF
DEADBEEF
DEADBEEF
DEADBEEF
DEADBEEF
DEADBEEF
DEADBEEF
DEADBEEF
DEADBEEF
DEADBEEF
DEADBEEF
DEADBEEF
DEADBEEF
DEADBEEF
DEADBEEF
DEADBEEF
DEADBEEF
DEADBEEF
DEADBEEF
DEADBEEF
DEADBEEF
DEADBEEF
DEADBEEF
DEADBEEF
DEADBEEF
DEADBEEF
DEADBEEF
DEADBEEF
DEADBEEF
DEADBEEF
DEADBEEF
DEADBEEF
DEADBEEF
DEADBEEF
DEADBEEF
DEADBEEF
DEADBEEF
DEADBEEF
DEADBEEF
DEADBEEF
DEADBEEF
DEADBEEF
DEADBEEF
DEADBEEF
DEADBEEF
DEADBEEF
DEADBEEF
DEADBEEF
DEADBEEF
DEADBEEF
DEADBEEF
DEADBEEF
DEADBEEF
DEADBEEF
DEADBEEF
DEADBEEF
DEADBEEF
DEADBEEF
DEADBEEF
DEADBEEF
DEADBEEF
DEADBEEF
DEADBEEF
DEADBEEF
DEADBEEF
DEADBEEF
DEADBEEF
DEADBEEF
DEADBEEF
DEADBEEF
DEADBEEF
DEADBEEF
DEADBEEF
DEADBEEF
DEADBEEF
DEADBEEF
DEADBEEF
DEADBEEF
DEADBEEF
DEADBEEF
DEADBEEF
DEADBEEF
DEADBEEF
DEADBEEF
DEADBEEF
DEADBEEF
DEADBEEF
DEADBEEF
DEADBEEF
DEADBEEF
DEADBEEF
DEADBEEF
DEADBEEF
DEADBEEF
DEADBEEF
DEADBEEF
DEADBEEF
DEADBEEF
DEADBEEF
DEADBEEF
DEADBEEF
DEADBEEF
DEADBEEF
DEADBEEF
DEADBEEF
DEADBEEF
DEADBEEF
DEADBEEF
DEADBEEF
DEADBEEF
DEADBEEF
DEADBEEF
DEADBEEF
DEADBEEF
DEADBEEF
DEADBEEF
DEADBEEF
DEADBEEF
DEADBEEF
DEADBEEF
DEADBEEF
DEADBEEF
DEADBEEF
DEADBEEF
DEADBEEF
DEADBEEF
DEADBEEF
DEADBEEF
DEADBEEF
DEADBEEF
DEADBEEF
DEADBEEF
DEADBEEF
DEADBEEF
DEADBEEF
DEADBEEF
DEADBEEF
DEADBEEF
DEADBEEF
DEADBEEF
DEADBEEF
DEADBEEF
DEADBEEF
DEADBEEF
DEADBEEF
DEADBEEF
DEADBEEF
DEADBEEF
DEADBEEF
DEADBEEF
DEADBEEF
DEADBEEF
DEADBEEF
DEADBEEF
DEADBEEF
DEADBEEF
DEADBEEF
DEADBEEF
DEADBEEF
DEADBEEF
DEADBEEF
DEADBEEF
DEADBEEF
DEADBEEF
DEADBEEF
DEADBEEF
DEADBEEF
DEADBEEF
DEADBEEF
DEADBEEF
DEADBEEF
DEADBEEF
DEADBEEF
DEADBEEF
DEADBEEF
DEADBEEF
DEADBEEF
DEADBEEF
DEADBEEF
DEADBEEF
DEADBEEF
DEADBEEF
DEADBEEF
DEADBEEF
DEADBEEF
DEADBEEF
DEADBEEF
DEADBEEF
DEADBEEF
DEADBEEF
DEADBEEF
DEADBEEF
DEADBEEF
DEADBEEF
DEADBEEF
DEADBEEF
DEADBEEF
DEADBEEF
DEADBEEF
DEADBEEF
DEADBEEF
DEADBEEF
DEADBEEF
DEADBEEF
DEADBEEF
DEADBEEF
DEADBEEF
DEADBEEF
DEADBEEF
DEADBEEF
DEADBEEF
DEADBEEF
DEADBEEF
DEADBEEF
DEADBEEF
DEADBEEF
DEADBEEF
DEADBEEF
DEADBEEF
DEADBEEF
DEADBEEF
DEADBEEF
DEADBEEF
DEADBEEF
DEADBEEF
DEADBEEF
DEADBEEF
DEADBEEF
DEADBEEF
DEADBEEF
DEADBEEF
DEADBEEF
DEADBEEF
DEADBEEF
DEADBEEF
DEADBEEF
DEADBEEF
DEADBEEF
DEADBEEF
DEADBEEF
DEADBEEF
DEADBEEF
DEADBEEF
DEADBEEF
DEADBEEF
DEADBEEF
DEADBEEF
DEADBEEF
DEADBEEF
DEADBEEF
DEADBEEF
DEADBEEF
DEADBEEF
DEADBEEF
DEADBEEF
DEADBEEF
DEADBEEF
DEADBEEF
DEADBEEF
DEADBEEF
DEADBEEF
DEADBEEF
DEADBEEF
DEADBEEF
DEADBEEF
DEADBEEF
DEADBEEF
DEADBEEF
DEADBEEF
DEADBEEF
DEADBEEF
DEADBEEF
DEADBEEF
DEADBEEF
DEADBEEF
DEADBEEF
DEADBEEF
DEADBEEF
DEADBEEF
DEADBEEF
DEADBEEF
DEADBEEF
DEADBEEF
DEADBEEF
DEADBEEF
DEADBEEF
DEADBEEF
DEADBEEF
DEADBEEF
DEADBEEF
DEADBEEF
DEADBEEF
DEADBEEF
DEADBEEF
DEADBEEF
DEADBEEF
DEADBEEF
DEADBEEF
DEADBEEF
DEADBEEF
DEADBEEF
DEADBEEF
DEADBEEF
DEADBEEF
DEADBEEF
DEADBEEF
DEADBEEF
DEADBEEF
DEADBEEF
DEADBEEF
DEADBEEF
DEADBEEF
DEADBEEF
DEADBEEF
DEADBEEF
DEADBEEF
DEADBEEF
DEADBEEF
DEADBEEF
DEADBEEF
DEADBEEF
DEADBEEF
DEADBEEF
DEADBEEF
DEADBEEF
DEADBEEF
DEADBEEF
DEADBEEF
DEADBEEF
DEADBEEF
DEADBEEF
DEADBEEF
DEADBEEF
DEADBEEF
DEADBEEF
DEADBEEF
DEADBEEF
DEADBEEF
DEADBEEF
DEADBEEF
DEADBEEF
DEADBEEF
DEADBEEF
DEADBEEF
DEADBEEF
DEADBEEF
DEADBEEF
DEADBEEF
DEADBEEF
DEADBEEF
DEADBEEF
DEADBEEF
DEADBEEF
DEADBEEF
DEADBEEF
DEADBEEF
DEADBEEF
DEADBEEF
DEADBEEF
DEADBEEF
DEADBEEF
DEADBEEF
DEADBEEF
DEADBEEF
DEADBEEF
DEADBEEF
DEADBEEF
DEADBEEF
DEADBEEF
DEADBEEF
DEADBEEF
DEADBEEF
DEADBEEF
DEADBEEF
DEADBEEF
DEADBEEF
DEADBEEF
DEADBEEF
DEADBEEF
DEADBEEF
DEADBEEF
DEADBEEF
DEADBEEF
DEADBEEF
DEADBEEF
DEADBEEF
DEADBEEF
DEADBEEF
DEADBEEF
DEADBEEF
DEADBEEF
DEADBEEF
DEADBEEF
DEADBEEF
DEADBEEF
DEADBEEF
DEADBEEF
DEADBEEF
DEADBEEF
DEADBEEF
DEADBEEF
DEADBEEF
DEADBEEF
DEADBEEF
DEADBEEF
DEADBEEF
DEADBEEF
DEADBEEF
DEADBEEF
DEADBEEF
DEADBEEF
DEADBEEF
DEADBEEF
DEADBEEF
DEADBEEF
DEADBEEF
DEADBEEF
DEADBEEF
DEADBEEF
DEADBEEF
DEADBEEF
DEADBEEF
DEADBEEF
DEADBEEF
DEADBEEF
DEADBEEF
DEADBEEF
DEADBEEF
DEADBEEF
DEADBEEF
DEADBEEF
DEADBEEF
DEADBEEF
DEADBEEF
DEADBEEF
DEADBEEF
DEADBEEF
DEADBEEF
DEADBEEF
DEADBEEF
DEADBEEF
DEADBEEF
DEADBEEF
DEADBEEF
DEADBEEF
DEADBEEF
DEADBEEF
DEADBEEF
DEADBEEF
DEADBEEF
DEADBEEF
DEADBEEF
DEADBEEF
DEADBEEF
DEADBEEF
DEADBEEF
DEADBEEF
DEADBEEF
DEADBEEF
DEADBEEF
DEADBEEF
DEADBEEF
DEADBEEF
DEADBEEF
DEADBEEF
DEADBEEF
DEADBEEF
DEADBEEF
DEADBEEF
DEADBEEF
DEADBEEF
DEADBEEF
DEADBEEF
DEADBEEF
DEADBEEF
DEADBEEF
DEADBEEF
DEADBEEF
DEADBEEF
DEADBEEF
DEADBEEF
DEADBEEF
DEADBEEF
DEADBEEF
DEADBEEF
DEADBEEF
DEADBEEF
DEADBEEF
DEADBEEF
DEADBEEF
DEADBEEF
DEADBEEF
DEADBEEF
DEADBEEF
DEADBEEF
DEADBEEF
DEADBEEF
DEADBEEF
DEADBEEF
DEADBEEF
DEADBEEF
DEADBEEF
DEADBEEF
DEADBEEF
DEADBEEF
DEADBEEF
DEADBEEF
DEADBEEF
DEADBEEF
DEADBEEF
DEADBEEF
DEADBEEF
DEADBEEF
DEADBEEF
DEADBEEF
DEADBEEF
DEADBEEF
DEADBEEF
DEADBEEF
DEADBEEF
DEADBEEF
DEADBEEF
DEADBEEF
DEADBEEF
DEADBEEF
DEADBEEF
DEADBEEF
DEADBEEF
DEADBEEF
DEADBEEF
DEADBEEF
DEADBEEF
DEADBEEF
DEADBEEF
DEADBEEF
DEADBEEF
DEADBEEF
DEADBEEF
DEADBEEF
DEADBEEF
DEADBEEF
DEADBEEF
DEADBEEF
DEADBEEF
DEADBEEF
DEADBEEF
DEADBEEF
DEADBEEF
DEADBEEF
DEADBEEF
DEADBEEF
DEADBEEF
DEADBEEF
DEADBEEF
DEADBEEF
DEADBEEF
DEADBEEF
DEADBEEF
DEADBEEF
DEADBEEF
DEADBEEF
DEADBEEF
DEADBEEF
DEADBEEF
DEADBEEF
DEADBEEF
DEADBEEF
DEADBEEF
DEADBEEF
DEADBEEF
DEADBEEF
DEADBEEF
DEADBEEF
DEADBEEF
DEADBEEF
DEADBEEF
DEADBEEF
DEADBEEF
DEADBEEF
DEADBEEF
DEADBEEF
DEADBEEF
DEADBEEF
DEADBEEF
DEADBEEF
DEADBEEF
DEADBEEF
DEADBEEF
DEADBEEF
DEADBEEF
DEADBEEF
DEADBEEF
DEADBEEF
DEADBEEF
DEADBEEF
DEADBEEF
DEADBEEF
DEADBEEF
DEADBEEF
DEADBEEF
DEADBEEF
DEADBEEF
DEADBEEF
DEADBEEF
DEADBEEF
DEADBEEF
DEADBEEF
DEADBEEF
DEADBEEF
DEADBEEF
DEADBEEF
DEADBEEF
DEADBEEF
DEADBEEF
DEADBEEF
DEADBEEF
DEADBEEF
DEADBEEF
DEADBEEF
DEADBEEF
DEADBEEF
DEADBEEF
DEADBEEF
DEADBEEF
DEADBEEF
DEADBEEF
DEADBEEF
DEADBEEF
DEADBEEF
DEADBEEF
DEADBEEF
DEADBEEF
DEADBEEF
DEADBEEF
DEADBEEF
DEADBEEF
DEADBEEF
DEADBEEF
DEADBEEF
DEADBEEF
DEADBEEF
DEADBEEF
DEADBEEF
DEADBEEF
DEADBEEF
DEADBEEF
DEADBEEF
DEADBEEF
DEADBEEF
DEADBEEF
DEADBEEF
DEADBEEF
DEADBEEF
DEADBEEF
DEADBEEF
DEADBEEF
DEADBEEF
DEADBEEF
DEADBEEF
DEADBEEF
DEADBEEF
DEADBEEF
DEADBEEF
DEADBEEF
DEADBEEF
DEADBEEF
DEADBEEF
DEADBEEF
DEADBEEF
DEADBEEF
DEADBEEF
DEADBEEF
DEADBEEF
DEADBEEF
DEADBEEF
DEADBEEF
DEADBEEF
DEADBEEF
DEADBEEF
DEADBEEF
DEADBEEF
DEADBEEF
DEADBEEF
DEADBEEF
DEADBEEF
DEADBEEF
DEADBEEF
DEADBEEF
DEADBEEF
DEADBEEF
DEADBEEF
DEADBEEF
DEADBEEF
DEADBEEF
DEADBEEF
DEADBEEF
DEADBEEF
DEADBEEF
DEADBEEF
DEADBEEF
DEADBEEF
DEADBEEF
DEADBEEF
DEADBEEF
DEADBEEF
DEADBEEF
DEADBEEF
DEADBEEF
DEADBEEF
DEADBEEF
DEADBEEF
DEADBEEF
DEADBEEF
DEADBEEF
DEADBEEF
DEADBEEF
DEADBEEF
DEADBEEF
DEADBEEF
DEADBEEF
DEADBEEF
DEADBEEF
DEADBEEF
DEADBEEF
DEADBEEF
DEADBEEF
DEADBEEF
DEADBEEF
DEADBEEF
DEADBEEF
DEADBEEF
DEADBEEF
DEADBEEF
DEADBEEF
DEADBEEF
DEADBEEF
DEADBEEF
DEADBEEF
DEADBEEF
DEADBEEF
DEADBEEF
DEADBEEF
DEADBEEF
DEADBEEF
DEADBEEF
DEADBEEF
DEADBEEF
DEADBEEF
DEADBEEF
DEADBEEF
DEADBEEF
DEADBEEF
DEADBEEF
DEADBEEF
DEADBEEF
DEADBEEF
DEADBEEF
DEADBEEF
DEADBEEF
DEADBEEF
DEADBEEF
DEADBEEF
DEADBEEF
DEADBEEF
DEADBEEF
DEADBEEF
DEADBEEF
DEADBEEF
DEADBEEF
DEADBEEF
DEADBEEF
DEADBEEF
DEADBEEF
DEADBEEF
DEADBEEF
DEADBEEF
DEADBEEF
DEADBEEF
DEADBEEF
DEADBEEF
DEADBEEF
DEADBEEF
DEADBEEF
DEADBEEF
DEADBEEF
DEADBEEF
DEADBEEF
DEADBEEF
DEADBEEF
DEADBEEF
DEADBEEF
DEADBEEF
DEADBEEF
DEADBEEF
DEADBEEF
DEADBEEF
DEADBEEF
DEADBEEF
DEADBEEF
DEADBEEF
DEADBEEF
DEADBEEF
DEADBEEF
DEADBEEF
DEADBEEF
DEADBEEF
DEADBEEF
DEADBEEF
DEADBEEF
DEADBEEF
DEADBEEF
DEADBEEF
DEADBEEF
DEADBEEF
DEADBEEF
DEADBEEF
DEADBEEF
DEADBEEF
DEADBEEF
DEADBEEF
DEADBEEF
DEADBEEF
DEADBEEF
DEADBEEF
DEADBEEF
DEADBEEF
DEADBEEF
DEADBEEF
DEADBEEF
DEADBEEF
DEADBEEF
DEADBEEF
DEADBEEF
DEADBEEF
DEADBEEF
DEADBEEF
DEADBEEF
DEADBEEF
DEADBEEF
DEADBEEF
DEADBEEF
DEADBEEF
DEADBEEF
DEADBEEF
DEADBEEF
DEADBEEF
DEADBEEF
DEADBEEF
DEADBEEF
DEADBEEF
DEADBEEF
DEADBEEF
DEADBEEF
DEADBEEF
DEADBEEF
DEADBEEF
DEADBEEF
DEADBEEF
DEADBEEF
DEADBEEF
DEADBEEF
DEADBEEF
DEADBEEF
DEADBEEF
DEADBEEF
DEADBEEF
DEADBEEF
DEADBEEF
DEADBEEF
DEADBEEF
DEADBEEF
DEADBEEF
DEADBEEF
DEADBEEF
DEADBEEF
DEADBEEF
DEADBEEF
DEADBEEF
DEADBEEF
DEADBEEF
DEADBEEF
DEADBEEF
DEADBEEF
DEADBEEF
DEADBEEF
DEADBEEF
DEADBEEF
DEADBEEF
DEADBEEF
DEADBEEF
DEADBEEF
DEADBEEF
DEADBEEF
DEADBEEF
DEADBEEF
DEADBEEF
DEADBEEF
DEADBEEF
DEADBEEF
DEADBEEF
DEADBEEF
DEADBEEF
DEADBEEF
DEADBEEF
DEADBEEF
DEADBEEF
DEADBEEF
DEADBEEF
DEADBEEF
DEADBEEF
DEADBEEF
DEADBEEF
DEADBEEF
DEADBEEF
DEADBEEF
DEADBEEF
DEADBEEF
DEADBEEF
DEADBEEF
DEADBEEF
DEADBEEF
DEADBEEF
DEADBEEF
DEADBEEF
DEADBEEF
DEADBEEF
DEADBEEF
DEADBEEF
DEADBEEF
DEADBEEF
DEADBEEF
DEADBEEF
DEADBEEF
DEADBEEF
DEADBEEF
DEADBEEF
DEADBEEF
DEADBEEF
DEADBEEF
DEADBEEF
DEADBEEF
DEADBEEF
DEADBEEF
DEADBEEF
DEADBEEF
DEADBEEF
DEADBEEF
DEADBEEF
DEADBEEF
DEADBEEF
DEADBEEF
DEADBEEF
DEADBEEF
DEADBEEF
DEADBEEF
DEADBEEF
DEADBEEF
DEADBEEF
DEADBEEF
DEADBEEF
DEADBEEF
DEADBEEF
DEADBEEF
DEADBEEF
DEADBEEF
DEADBEEF
DEADBEEF
DEADBEEF
DEADBEEF
DEADBEEF
DEADBEEF
DEADBEEF
DEADBEEF
DEADBEEF
DEADBEEF
DEADBEEF
DEADBEEF
DEADBEEF
DEADBEEF
DEADBEEF
DEADBEEF
DEADBEEF
DEADBEEF
DEADBEEF
DEADBEEF
DEADBEEF
DEADBEEF
DEADBEEF
DEADBEEF
DEADBEEF
DEADBEEF
DEADBEEF
DEADBEEF
DEADBEEF
DEADBEEF
DEADBEEF
DEADBEEF
DEADBEEF
DEADBEEF
DEADBEEF
DEADBEEF
DEADBEEF
DEADBEEF
DEADBEEF
DEADBEEF
DEADBEEF
DEADBEEF
DEADBEEF
DEADBEEF
DEADBEEF
DEADBEEF
DEADBEEF
DEADBEEF
DEADBEEF
DEADBEEF
DEADBEEF
DEADBEEF
DEADBEEF
DEADBEEF
DEADBEEF
DEADBEEF
DEADBEEF
DEADBEEF
DEADBEEF
DEADBEEF
DEADBEEF
DEADBEEF
DEADBEEF
DEADBEEF
DEADBEEF
DEADBEEF
DEADBEEF
DEADBEEF
DEADBEEF
DEADBEEF
DEADBEEF
DEADBEEF
DEADBEEF
DEADBEEF
DEADBEEF
DEADBEEF
DEADBEEF
DEADBEEF
DEADBEEF
DEADBEEF
DEADBEEF
DEADBEEF
DEADBEEF
DEADBEEF
DEADBEEF
DEADBEEF
DEADBEEF
DEADBEEF
DEADBEEF
DEADBEEF
DEADBEEF
DEADBEEF
DEADBEEF
DEADBEEF
DEADBEEF
DEADBEEF
DEADBEEF
DEADBEEF
DEADBEEF
DEADBEEF
DEADBEEF
DEADBEEF
DEADBEEF
DEADBEEF
DEADBEEF
DEADBEEF
DEADBEEF
DEADBEEF
DEADBEEF
DEADBEEF
DEADBEEF
DEADBEEF
DEADBEEF
DEADBEEF
DEADBEEF
DEADBEEF
DEADBEEF
DEADBEEF
DEADBEEF
DEADBEEF
DEADBEEF
DEADBEEF
DEADBEEF
DEADBEEF
DEADBEEF
DEADBEEF
DEADBEEF
DEADBEEF
DEADBEEF
DEADBEEF
DEADBEEF
DEADBEEF
DEADBEEF
DEADBEEF
DEADBEEF
DEADBEEF
DEADBEEF
DEADBEEF
DEADBEEF
DEADBEEF
DEADBEEF
DEADBEEF
DEADBEEF
DEADBEEF
DEADBEEF
DEADBEEF
DEADBEEF
DEADBEEF
DEADBEEF
DEADBEEF
DEADBEEF
DEADBEEF
DEADBEEF
DEADBEEF
DEADBEEF
DEADBEEF
DEADBEEF
DEADBEEF
DEADBEEF
DEADBEEF
DEADBEEF
DEADBEEF
DEADBEEF
DEADBEEF
DEADBEEF
DEADBEEF
DEADBEEF
DEADBEEF
DEADBEEF
DEADBEEF
DEADBEEF
DEADBEEF
DEADBEEF
DEADBEEF
DEADBEEF
DEADBEEF
DEADBEEF
DEADBEEF
DEADBEEF
DEADBEEF
DEADBEEF
DEADBEEF
DEADBEEF
DEADBEEF
DEADBEEF
DEADBEEF
DEADBEEF
DEADBEEF
DEADBEEF
DEADBEEF
DEADBEEF
DEADBEEF
DEADBEEF
DEADBEEF
DEADBEEF
DEADBEEF
DEADBEEF
DEADBEEF
DEADBEEF
DEADBEEF
DEADBEEF
DEADBEEF
DEADBEEF
DEADBEEF
DEADBEEF
DEADBEEF
DEADBEEF
DEADBEEF
DEADBEEF
DEADBEEF
DEADBEEF
DEADBEEF
DEADBEEF
DEADBEEF
DEADBEEF
DEADBEEF
DEADBEEF
DEADBEEF
DEADBEEF
DEADBEEF
DEADBEEF
DEADBEEF
DEADBEEF
DEADBEEF
DEADBEEF
DEADBEEF
DEADBEEF
DEADBEEF
DEADBEEF
DEADBEEF
DEADBEEF
DEADBEEF
DEADBEEF
DEADBEEF
DEADBEEF
DEADBEEF
DEADBEEF
DEADBEEF
DEADBEEF
DEADBEEF
DEADBEEF
DEADBEEF
DEADBEEF
DEADBEEF
DEADBEEF
DEADBEEF
DEADBEEF
DEADBEEF
DEADBEEF
DEADBEEF
DEADBEEF
DEADBEEF
DEADBEEF
DEADBEEF
DEADBEEF
DEADBEEF
DEADBEEF
DEADBEEF
DEADBEEF
DEADBEEF
DEADBEEF
DEADBEEF
DEADBEEF
DEADBEEF
DEADBEEF
DEADBEEF
DEADBEEF
DEADBEEF
DEADBEEF
DEADBEEF
DEADBEEF
DEADBEEF
DEADBEEF
DEADBEEF
DEADBEEF
DEADBEEF
DEADBEEF
DEADBEEF
DEADBEEF
DEADBEEF
DEADBEEF
DEADBEEF
DEADBEEF
DEADBEEF
DEADBEEF
DEADBEEF
DEADBEEF
DEADBEEF
DEADBEEF
DEADBEEF
DEADBEEF
DEADBEEF
DEADBEEF
DEADBEEF
DEADBEEF
DEADBEEF
DEADBEEF
DEADBEEF
DEADBEEF
DEADBEEF
DEADBEEF
DEADBEEF
DEADBEEF
DEADBEEF
DEADBEEF
DEADBEEF
DEADBEEF
DEADBEEF
DEADBEEF
DEADBEEF
DEADBEEF
DEADBEEF
DEADBEEF
DEADBEEF
DEADBEEF
DEADBEEF
DEADBEEF
DEADBEEF
DEADBEEF
DEADBEEF
DEADBEEF
DEADBEEF
DEADBEEF
DEADBEEF
DEADBEEF
DEADBEEF
DEADBEEF
DEADBEEF
DEADBEEF
DEADBEEF
DEADBEEF
DEADBEEF
DEADBEEF
DEADBEEF
DEADBEEF
DEADBEEF
DEADBEEF
DEADBEEF
DEADBEEF
DEADBEEF
DEADBEEF
DEADBEEF
DEADBEEF
DEADBEEF
DEADBEEF
DEADBEEF
DEADBEEF
DEADBEEF
DEADBEEF
DEADBEEF
DEADBEEF
DEADBEEF
DEADBEEF
DEADBEEF
DEADBEEF
DEADBEEF
DEADBEEF
DEADBEEF
DEADBEEF
DEADBEEF
DEADBEEF
DEADBEEF
DEADBEEF
DEADBEEF
DEADBEEF
DEADBEEF
DEADBEEF
DEADBEEF
DEADBEEF
DEADBEEF
DEADBEEF
DEADBEEF
DEADBEEF
DEADBEEF
DEADBEEF
DEADBEEF
DEADBEEF
DEADBEEF
DEADBEEF
DEADBEEF
DEADBEEF
DEADBEEF
DEADBEEF
DEADBEEF
DEADBEEF
DEADBEEF
DEADBEEF
DEADBEEF
DEADBEEF
DEADBEEF
DEADBEEF
DEADBEEF
DEADBEEF
DEADBEEF
DEADBEEF
DEADBEEF
DEADBEEF
DEADBEEF
DEADBEEF
DEADBEEF
DEADBEEF
DEADBEEF
DEADBEEF
DEADBEEF
DEADBEEF
DEADBEEF
DEADBEEF
DEADBEEF
DEADBEEF
DEADBEEF
DEADBEEF
DEADBEEF
DEADBEEF
DEADBEEF
DEADBEEF
DEADBEEF
DEADBEEF
DEADBEEF
DEADBEEF
DEADBEEF
DEADBEEF
DEADBEEF
DEADBEEF
DEADBEEF
DEADBEEF
DEADBEEF
DEADBEEF
DEADBEEF
DEADBEEF
DEADBEEF
DEADBEEF
DEADBEEF
DEADBEEF
DEADBEEF
DEADBEEF
DEADBEEF
DEADBEEF
DEADBEEF
DEADBEEF
DEADBEEF
DEADBEEF
DEADBEEF
DEADBEEF
DEADBEEF
DEADBEEF
DEADBEEF
DEADBEEF
DEADBEEF
DEADBEEF
DEADBEEF
DEADBEEF
DEADBEEF
DEADBEEF
DEADBEEF
DEADBEEF
DEADBEEF
DEADBEEF
DEADBEEF
DEADBEEF
DEADBEEF
DEADBEEF
DEADBEEF
DEADBEEF
DEADBEEF
DEADBEEF
DEADBEEF
DEADBEEF
DEADBEEF
DEADBEEF
DEADBEEF
DEADBEEF
DEADBEEF
DEADBEEF
DEADBEEF
DEADBEEF
DEADBEEF
DEADBEEF
DEADBEEF
DEADBEEF
DEADBEEF
DEADBEEF
DEADBEEF
DEADBEEF
DEADBEEF
DEADBEEF
DEADBEEF
DEADBEEF
DEADBEEF
DEADBEEF
DEADBEEF
DEADBEEF
DEADBEEF
DEADBEEF
DEADBEEF
DEADBEEF
DEADBEEF
DEADBEEF
DEADBEEF
DEADBEEF
DEADBEEF
DEADBEEF
DEADBEEF
DEADBEEF
DEADBEEF
DEADBEEF
DEADBEEF
DEADBEEF
DEADBEEF
DEADBEEF
DEADBEEF
DEADBEEF
DEADBEEF
DEADBEEF
DEADBEEF
DEADBEEF
DEADBEEF
DEADBEEF
DEADBEEF
DEADBEEF
DEADBEEF
DEADBEEF
DEADBEEF
DEADBEEF
DEADBEEF
DEADBEEF
DEADBEEF
DEADBEEF
DEADBEEF
DEADBEEF
DEADBEEF
DEADBEEF
DEADBEEF
DEADBEEF
DEADBEEF
DEADBEEF
DEADBEEF
DEADBEEF
DEADBEEF
DEADBEEF
DEADBEEF
DEADBEEF
DEADBEEF
DEADBEEF
DEADBEEF
DEADBEEF
DEADBEEF
DEADBEEF
DEADBEEF
DEADBEEF
DEADBEEF
DEADBEEF
DEADBEEF
DEADBEEF
DEADBEEF
DEADBEEF
DEADBEEF
DEADBEEF
DEADBEEF
DEADBEEF
DEADBEEF
DEADBEEF
DEADBEEF
DEADBEEF
DEADBEEF
DEADBEEF
DEADBEEF
DEADBEEF
DEADBEEF
DEADBEEF
DEADBEEF
DEADBEEF
DEADBEEF
DEADBEEF
DEADBEEF
DEADBEEF
DEADBEEF
DEADBEEF
DEADBEEF
DEADBEEF
DEADBEEF
DEADBEEF
DEADBEEF
DEADBEEF
DEADBEEF
DEADBEEF
DEADBEEF
DEADBEEF
DEADBEEF
DEADBEEF
DEADBEEF
DEADBEEF
DEADBEEF
DEADBEEF
DEADBEEF
DEADBEEF
DEADBEEF
DEADBEEF
DEADBEEF
DEADBEEF
DEADBEEF
DEADBEEF
DEADBEEF
DEADBEEF
DEADBEEF
DEADBEEF
DEADBEEF
DEADBEEF
DEADBEEF
DEADBEEF
DEADBEEF
DEADBEEF
DEADBEEF
DEADBEEF
DEADBEEF
DEADBEEF
DEADBEEF
DEADBEEF
DEADBEEF
DEADBEEF
DEADBEEF
DEADBEEF
DEADBEEF
DEADBEEF
DEADBEEF
DEADBEEF
DEADBEEF
DEADBEEF
DEADBEEF
DEADBEEF
DEADBEEF
DEADBEEF
DEADBEEF
DEADBEEF
DEADBEEF
DEADBEEF
DEADBEEF
DEADBEEF
DEADBEEF
DEADBEEF
DEADBEEF
DEADBEEF
DEADBEEF
DEADBEEF
DEADBEEF
DEADBEEF
DEADBEEF
DEADBEEF
DEADBEEF
DEADBEEF
DEADBEEF
DEADBEEF
DEADBEEF
DEADBEEF
DEADBEEF
DEADBEEF
DEADBEEF
DEADBEEF
DEADBEEF
DEADBEEF
DEADBEEF
DEADBEEF
DEADBEEF
DEADBEEF
DEADBEEF
DEADBEEF
DEADBEEF
DEADBEEF
DEADBEEF
DEADBEEF
DEADBEEF
DEADBEEF
DEADBEEF
DEADBEEF
DEADBEEF
DEADBEEF
DEADBEEF
DEADBEEF
DEADBEEF
DEADBEEF
DEADBEEF
DEADBEEF
DEADBEEF
DEADBEEF
DEADBEEF
DEADBEEF
DEADBEEF
DEADBEEF
DEADBEEF
DEADBEEF
DEADBEEF
DEADBEEF
DEADBEEF
DEADBEEF
DEADBEEF
DEADBEEF
DEADBEEF
DEADBEEF
DEADBEEF
DEADBEEF
DEADBEEF
DEADBEEF
DEADBEEF
DEADBEEF
DEADBEEF
DEADBEEF
DEADBEEF
DEADBEEF
DEADBEEF
DEADBEEF
DEADBEEF
DEADBEEF
DEADBEEF
DEADBEEF
DEADBEEF
DEADBEEF
DEADBEEF
DEADBEEF
DEADBEEF
DEADBEEF
DEADBEEF
DEADBEEF
DEADBEEF
DEADBEEF
DEADBEEF
DEADBEEF
DEADBEEF
DEADBEEF
DEADBEEF
DEADBEEF
DEADBEEF
DEADBEEF
DEADBEEF
DEADBEEF
DEADBEEF
DEADBEEF
DEADBEEF
DEADBEEF
DEADBEEF
DEADBEEF
DEADBEEF
DEADBEEF
DEADBEEF
DEADBEEF
DEADBEEF
DEADBEEF
DEADBEEF
DEADBEEF
DEADBEEF
DEADBEEF
DEADBEEF
DEADBEEF
DEADBEEF
DEADBEEF
DEADBEEF
DEADBEEF
DEADBEEF
DEADBEEF
DEADBEEF
DEADBEEF
DEADBEEF
DEADBEEF
DEADBEEF
DEADBEEF
DEADBEEF
DEADBEEF
DEADBEEF
DEADBEEF
DEADBEEF
DEADBEEF
DEADBEEF
DEADBEEF
DEADBEEF
DEADBEEF
DEADBEEF
DEADBEEF
DEADBEEF
DEADBEEF
DEADBEEF
DEADBEEF
DEADBEEF
DEADBEEF
DEADBEEF
DEADBEEF
DEADBEEF
DEADBEEF
DEADBEEF
DEADBEEF
DEADBEEF
DEADBEEF
DEADBEEF
DEADBEEF
DEADBEEF
DEADBEEF
DEADBEEF
DEADBEEF
DEADBEEF
DEADBEEF
DEADBEEF
DEADBEEF
DEADBEEF
DEADBEEF
DEADBEEF
DEADBEEF
DEADBEEF
DEADBEEF
DEADBEEF
DEADBEEF
DEADBEEF
DEADBEEF
DEADBEEF
DEADBEEF
DEADBEEF
DEADBEEF
DEADBEEF
DEADBEEF
DEADBEEF
DEADBEEF
DEADBEEF
DEADBEEF
DEADBEEF
DEADBEEF
DEADBEEF
DEADBEEF
DEADBEEF
DEADBEEF
DEADBEEF
DEADBEEF
DEADBEEF
DEADBEEF
DEADBEEF
DEADBEEF
DEADBEEF
DEADBEEF
DEADBEEF
DEADBEEF
DEADBEEF
DEADBEEF
DEADBEEF
DEADBEEF
DEADBEEF
DEADBEEF
DEADBEEF
DEADBEEF
DEADBEEF
DEADBEEF
DEADBEEF
DEADBEEF
DEADBEEF
DEADBEEF
DEADBEEF
DEADBEEF
DEADBEEF
DEADBEEF
DEADBEEF
DEADBEEF
DEADBEEF
DEADBEEF
DEADBEEF
DEADBEEF
DEADBEEF
DEADBEEF
DEADBEEF
DEADBEEF
DEADBEEF
DEADBEEF
DEADBEEF
DEADBEEF
DEADBEEF
DEADBEEF
DEADBEEF
DEADBEEF
DEADBEEF
DEADBEEF
DEADBEEF
DEADBEEF
DEADBEEF
DEADBEEF
DEADBEEF
DEADBEEF
DEADBEEF
DEADBEEF
DEADBEEF
DEADBEEF
DEADBEEF
DEADBEEF
DEADBEEF
DEADBEEF
DEADBEEF
DEADBEEF
DEADBEEF
DEADBEEF
DEADBEEF
DEADBEEF
DEADBEEF
DEADBEEF
DEADBEEF
DEADBEEF
DEADBEEF
DEADBEEF
DEADBEEF
DEADBEEF
DEADBEEF
DEADBEEF
DEADBEEF
DEADBEEF
DEADBEEF
DEADBEEF
DEADBEEF
DEADBEEF
DEADBEEF
DEADBEEF
DEADBEEF
DEADBEEF
DEADBEEF
DEADBEEF
DEADBEEF
DEADBEEF
DEADBEEF
DEADBEEF
DEADBEEF
DEADBEEF
DEADBEEF
DEADBEEF
DEADBEEF
DEADBEEF
DEADBEEF
DEADBEEF
DEADBEEF
DEADBEEF
DEADBEEF
6F5CA309
00000000

00000000
00000000
00000000
00000000

02000737
00072023
FFFC4397
19C38393
00038067
FFF00713
020043B7
00E3A023
00E3A223
FFFC4397
18038393
00038067
10000737
000700A3
0C200737
00470713
00072383
00772023
0C002737
00072023
FFFC4397
15438393
00038067
00200393
3443B073
0200C737
00072023
FFFC4397
13838393
00038067
FFFC4397
12C38393
00038067
20000413
34443073
34402473
00001337
80030313
00647433
02830463
10000737
000700A3
0C201737
00470713
00072383
00772023
0C002737
08070713
00072023
FFFC4397
0E038393
00038067
FFFC3317
30830313
00030067
FFFC4397
0C838393
00038067
FFFC3317
2F030313
00030067
FFFC4397
0B038393
00038067
FFFC3317
2D830313
00030067
FFFC4397
09838393
00038067
10000337
00330313
00300393
00730023
30401073
34401073
34101073
34301073
34201073
00000013
FFFC7317
FD030313
00000013
00000013
00000013
00000013
00000013
00000013
34031473
24832823
FFF00393
020044B7
0074A023
0074A223
00000013
00000393
22732C23
30502473
24832423
00347393
FFC3F393
23032483
E2848493
0074E3B3
24732023
30539073
30502773
0E770C63
30541073
0A040863
24832023
FFC47393
1D838413
00030113
00000013
00000013
00000013
00000013
00000013
00000013
00000717
04C70713
00000013
00000013
00000013
00000013
00000013
00000013
00000797
0A478793
00000013
00000013
00000013
00000013
00000013
00000013
00F3F663
00877463
03C0006F
0003A783
00F32023
0004A703
00E3A023
0003A783
00E79A63
00438393
00430313
00448493
FC741EE3
00000013
34002373
22932823
04740263
00038413
00000013
00000013
00000013
00000013
00000013
00000013
FFFC3797
16878793
00000013
00000013
00000013
00000013
00000013
00000013
00078067
00000013
000022B7
80028293
30029073
31001073
0F000293
30A29073
31A01073
32001073
32301073
32401073
32501073
32601073
32701073
32801073
32901073
32A01073
32B01073
32C01073
32D01073
32E01073
32F01073
33001073
33101073
33201073
33301073
33401073
33501073
33601073
33701073
33801073
33901073
33A01073
33B01073
33C01073
33D01073
33E01073
33F01073
FFF00293
30629073
00300513
00000073
00000013
00000013
00000013
00000013
00000013
FFFC7317
DA830313
00000013
00000013
00000013
00000013
00000013
00000013
00032023
FEEDC0B7
EAD08093
01909793
0070D113
00F16133
01911793
00715193
00F1E1B3
01919793
0071D213
00F26233
01921793
00725293
00F2E2B3
01929793
0072D313
00F36333
01931793
00735393
00F3E3B3
01939793
0073D413
00F46433
01941793
00745493
00F4E4B3
01949793
0074D513
00F56533
01951793
00755593
00F5E5B3
01959793
0075D613
00F66633
01961793
00765693
00F6E6B3
01969793
0076D713
00F76733
FAB807B7
BB678793
7D5C0837
DDB80813
01981793
00785893
00F8E8B3
01989793
0078D913
00F96933
01991793
00795993
00F9E9B3
01999793
0079DA13
00FA6A33
019A1793
007A5A93
00FAEAB3
019A9793
007ADB13
00FB6B33
019B1793
007B5B93
00FBEBB3
019B9793
007BDC13
00FC6C33
019C1793
007C5C93
00FCECB3
019C9793
007CDD13
00FD6D33
019D1793
007D5D93
00FDEDB3
019D9793
007DDE13
00FE6E33
019E1793
007E5E93
00FEEEB3
019E9793
007EDF13
00FF6F33
019F1793
007F5F93
00FFEFB3
00000013
00000013
00000013
00000013
00000013
FFFD0117
BD010113
00000013
00000013
00000013
00000013
00000013
00000013
6F5CA337
30930313
00000013
00000013
00000013
00000013
00000013
00000013
FFFC4197
F6818193
00000013
00000013
00000013
00000013
00000013
00000013
00012203
00620863
000182E7
80041520
80010673
00410113
00000013
00000013
FFFC7197
E3018193
00000013
00000013
00000013
00000013
00000013
00000013
FFFBF317
AA030313
00000013
00000013
00000013
00000013
00000013
00000013
00030067
00054303
02030463
100003B7
00538393
0003C403
02047413
FE040CE3
100003B7
00638023
00150513
FD9FF06F
00008067
FF010113
00112023
00812223
00000097
FC4080E7
00412403
00012083
01010113
00008067
00100093
FFFDF297
B6428293
0012A023
0002A223
0000006F
0000006F
00300093
FFFDF297
B4828293
0012A023
0002A223
0000006F
0000006F
00100513
020005B7
00A5A023
00008067
020005B7
0005A023
00008067
00700513
0C0005B7
02A5A423
40000513
0C0025B7
00A5A023
0C2005B7
0005A023
00200513
100005B7
00A580A3
00008067
100005B7
000580A3
0C2005B7
00458593
0005A503
00A5A023
0C0025B7
0005A023
00008067
00000013
00000013
00000013
00000013
00000013
00000013
00000013
00000013
