@0
00041097
11808093
00000013
00000013
00000013
00000013
00000013
00000013
000080E7
00000013
00000013
00000013
00000013
00000013
00000013
00000013
@40
0001A003
00418193
F5003C13
00012203
01820863
494042EF
80000048
80008968
00410113
0001A083
00418193
2F70BC13
00012203
01820863
470042EF
8000006C
80008997
00410113
00010A13
0001A103
00418193
4D613E13
000A2203
01C20863
448042EF
80000094
800089C6
004A0A13
00018093
0000A183
00408093
D5C1B513
000A2203
00A20863
420042EF
800000BC
800089F5
004A0A13
00020393
00028413
0000A203
00408093
3E723F13
000A2383
01E38863
40C0446F
800000E8
80008A24
004A0A13
0000A283
00408093
BE32B793
000A2383
00F38863
3E80446F
8000010C
80008A53
004A0A13
0000A303
00408093
68B33B13
000A2383
01638863
3C40446F
80000130
80008A82
004A0A13
00038213
00040293
0000A383
00408093
B8E3BC13
000A2203
01820863
380042EF
8000015C
80008AB1
004A0A13
0000A403
00408093
C1743D93
000A2203
01B20863
35C042EF
80000180
80008AE0
004A0A13
0000A483
00408093
1704BE13
000A2203
01C20863
338042EF
800001A4
80008B0F
004A0A13
0000A503
00408093
51C53C13
000A2203
01820863
314042EF
800001C8
80008B3F
004A0A13
0000A583
00408093
4365BF13
000A2203
01E20863
2F0042EF
800001EC
80008B70
004A0A13
0000A603
00408093
D8463993
000A2203
01320863
2CC042EF
80000210
80008BA1
004A0A13
0000A683
00408093
9BE6B893
000A2203
01120863
2A8042EF
80000234
80008BD2
004A0A13
0000A703
00408093
12073393
000A2203
00720863
284042EF
80000258
80008C03
004A0A13
0000A783
00408093
F147BE13
000A2203
01C20863
260042EF
8000027C
80008C34
004A0A13
0000A803
00408093
97183793
000A2203
00F20863
23C042EF
800002A0
80008C65
004A0A13
0000A883
00408093
99D8B413
000A2203
00820863
218042EF
800002C4
80008C96
004A0A13
0000A903
00408093
67093D93
000A2203
01B20863
1F4042EF
800002E8
80008CC7
004A0A13
0000A983
00408093
D439BD93
000A2203
01B20863
1D0042EF
8000030C
80008CF8
004A0A13
000A0993
0000AA03
00408093
DC2A3513
0009A203
00A20863
1A8042EF
80000334
80008D29
00498993
0000AA83
00408093
0EDAB913
0009A203
01220863
184042EF
80000358
80008D5A
00498993
0000AB03
00408093
FDFB3893
0009A203
01120863
160042EF
8000037C
80008D8B
00498993
0000AB83
00408093
936BBA13
0009A203
01420863
13C042EF
800003A0
80008DBC
00498993
0000AC03
00408093
8ABC3D13
0009A203
01A20863
118042EF
800003C4
80008DED
00498993
0000AC83
00408093
487CB893
0009A203
01120863
0F4042EF
800003E8
80008E1E
00498993
0000AD03
00408093
C46D3693
0009A203
00D20863
0D0042EF
8000040C
80008E4F
00498993
0000AD83
00408093
C99DB513
0009A203
00A20863
0AC042EF
80000430
80008E80
00498993
0000AE03
00408093
5C1E3713
0009A203
00E20863
088042EF
80000454
80008EB1
00498993
0000AE83
00408093
29FEBC13
0009A203
01820863
064042EF
80000478
80008EE2
00498993
0000AF03
00408093
A78F3A93
0009A203
01520863
040042EF
8000049C
80008F13
00498993
0000AF83
00408093
8FAFB793
0009A203
00F20863
01C042EF
800004C0
80008F44
00498993
00008E13
000E2B03
004E0E13
242B3093
0009A203
00120863
7F5032EF
800004E8
80008F75
00498993
000E2903
004E0E13
F2593113
0009A203
00220863
7D1032EF
8000050C
80008FA8
00498993
000E2F03
004E0E13
737F3193
0009A203
00320863
7AD032EF
80000530
80008FDB
00498993
00020393
00028413
000E2683
004E0E13
A4F6B213
0009A383
00438863
7990346F
8000055C
8000900E
00498993
000E2703
004E0E13
E5973293
0009A383
00538863
7750346F
80000580
80009041
00498993
000E2083
004E0E13
4DF0B313
0009A383
00638863
7510346F
800005A4
80009074
00498993
00038213
00040293
000E2183
004E0E13
4CA1B393
0009A203
00720863
70D032EF
800005D0
800090A7
00498993
000E2103
004E0E13
57713413
0009A203
00820863
6E9032EF
800005F4
800090DA
00498993
000E2403
004E0E13
8DD43493
0009A203
00920863
6C5032EF
80000618
8000910D
00498993
000E2F83
004E0E13
073FB513
0009A203
00A20863
6A1032EF
8000063C
80009140
00498993
000E2F83
004E0E13
A6BFB593
0009A203
00B20863
67D032EF
80000660
80009174
00498993
000E2083
004E0E13
6770B613
0009A203
00C20863
659032EF
80000684
800091A8
00498993
000E2583
004E0E13
2B45B693
0009A203
00D20863
635032EF
800006A8
800091DC
00498993
000E2103
004E0E13
4BF13713
0009A203
00E20863
611032EF
800006CC
80009210
00498993
000E2403
004E0E13
12E43793
0009A203
00F20863
5ED032EF
800006F0
80009244
00498993
000E2B03
004E0E13
2CDB3813
0009A203
01020863
5C9032EF
80000714
80009278
00498993
000E2E83
004E0E13
AA6EB893
0009A203
01120863
5A5032EF
80000738
800092AC
00498993
000E2483
004E0E13
CEF4B913
0009A203
01220863
581032EF
8000075C
800092E0
00498993
00098A93
000E2803
004E0E13
C9583993
000AA203
01320863
559032EF
80000784
80009314
004A8A93
000E2983
004E0E13
71C9BA13
000AA203
01420863
535032EF
800007A8
80009348
004A8A93
000A8E93
000E2903
004E0E13
9B293A93
000EA203
01520863
50D032EF
800007D0
8000937C
004E8E93
000E2503
004E0E13
DB153B13
000EA203
01620863
4E9032EF
800007F4
800093B0
004E8E93
000E2003
004E0E13
EAA03B93
000EA203
01720863
4C5032EF
80000818
800093E4
004E8E93
000E2803
004E0E13
1E383C13
000EA203
01820863
4A1032EF
8000083C
80009418
004E8E93
000E2003
004E0E13
75503C93
000EA203
01920863
47D032EF
80000860
8000944C
004E8E93
000E2A03
004E0E13
5D3A3D13
000EA203
01A20863
459032EF
80000884
80009480
004E8E93
000E2C03
004E0E13
81CC3D93
000EA203
01B20863
435032EF
800008A8
800094B4
004E8E93
000E0513
00052B83
00450513
391BBE13
000EA203
01C20863
40D032EF
800008D0
800094E8
004E8E93
000E8F13
00052D83
00450513
7C4DBE93
000F2203
01D20863
3E5032EF
800008F8
8000951C
004F0F13
000F0313
00052583
00450513
99A5BF13
00032203
01E20863
3BD032EF
80000920
80009550
00430313
00052A03
00450513
4D8A3F93
00032203
01F20863
399032EF
80000944
80009584
00430313
00052B83
00450513
18CBB893
00032203
01120863
375032EF
80000968
800095B8
00430313
00052603
00450513
34B63F93
00032203
01F20863
351032EF
8000098C
800095EF
00430313
00052B83
00450513
D82BB413
00032203
00820863
32D032EF
800009B0
80009626
00430313
00052683
00450513
34F6BA13
00032203
01420863
309032EF
800009D4
8000965D
00430313
00052B83
00450513
F3CBBE13
00032203
01C20863
2E5032EF
800009F8
8000969B
00430313
00052C03
00450513
2ADC3C93
00032203
01920863
2C1032EF
80000A1C
800096D9
00430313
00052A83
00450513
E76AB993
00032203
01320863
29D032EF
80000A40
80009717
00430313
00052483
00450513
0744BE93
00032203
01D20863
279032EF
80000A64
80009755
00430313
00052A03
00450513
9DAA3E13
00032203
01C20863
255032EF
80000A88
80009793
00430313
00052683
00450513
B1B6B093
00032203
00120863
231032EF
80000AAC
800097D1
00430313
00052D83
00450513
15FDBC93
00032203
01920863
20D032EF
80000AD0
8000980F
00430313
00052803
00450513
FBA83D93
00032203
01B20863
1E9032EF
80000AF4
8000984D
00430313
00052103
00450513
00013613
00032203
00C20863
1C5032EF
80000B18
8000988B
00430313
00052803
00450513
00183193
00032203
00320863
1A1032EF
80000B3C
800098D9
00430313
00052E03
00450513
002E3993
00032203
01320863
17D032EF
80000B60
80009927
00430313
00052883
00450513
0038BC13
00032203
01820863
159032EF
80000B84
80009975
00430313
00052683
00450513
0046B813
00032203
01020863
135032EF
80000BA8
800099C3
00430313
00052403
00450513
00843A13
00032203
01420863
111032EF
80000BCC
80009A11
00430313
00052903
00450513
01093D13
00032203
01A20863
0ED032EF
80000BF0
80009A5F
00430313
00052B03
00450513
020B3E13
00032203
01C20863
0C9032EF
80000C14
80009AAE
00430313
00052E03
00450513
040E3C93
00032203
01920863
0A5032EF
80000C38
80009AFD
00430313
00052C83
00450513
080CBE13
00032203
01C20863
081032EF
80000C5C
80009B4C
00430313
00052183
00450513
1001BE93
00032203
01D20863
05D032EF
80000C80
80009B9B
00430313
00052B83
00450513
200BB493
00032203
00920863
039032EF
80000CA4
80009BEB
00430313
00052983
00450513
3FF9B393
00032203
00720863
015032EF
80000CC8
80009C3B
00430313
00052103
00450513
40013493
00032203
00920863
7F0032EF
80000CEC
80009C8B
00430313
00052603
00450513
70363493
00032203
00920863
7CC032EF
80000D10
80009CDB
00430313
00052483
00450513
7FF4B413
00032203
00820863
7A8032EF
80000D34
80009D2B
00430313
00052883
00450513
8008B813
00032203
01020863
784032EF
80000D58
80009D7B
00430313
00052383
00450513
8013B813
00032203
01020863
760032EF
80000D7C
80009DCC
00430313
00052903
00450513
FFE93093
00032203
00120863
73C032EF
80000DA0
80009E1D
00430313
00052103
00450513
FFF13913
00032203
01220863
718032EF
80000DC4
80009E6C
00430313
00052883
00450513
0008B393
00032203
00720863
6F4032EF
80000DE8
80009EBB
00430313
00052803
00450513
00183893
00032203
01120863
6D0032EF
80000E0C
80009F09
00430313
00052603
00450513
00263093
00032203
00120863
6AC032EF
80000E30
80009F57
00430313
00052683
00450513
0036B793
00032203
00F20863
688032EF
80000E54
80009FA5
00430313
00052083
00450513
0040B893
00032203
01120863
664032EF
80000E78
80009FF3
00430313
00052A03
00450513
008A3593
00032203
00B20863
640032EF
80000E9C
8000A042
00430313
00052903
00450513
01093E93
00032203
01D20863
61C032EF
80000EC0
8000A091
00430313
00052783
00450513
0207BF13
00032203
01E20863
5F8032EF
80000EE4
8000A0E1
00430313
00052E03
00450513
040E3693
00032203
00D20863
5D4032EF
80000F08
8000A131
00430313
00052903
00450513
08093813
00032203
01020863
5B0032EF
80000F2C
8000A181
00430313
00052683
00450513
1006BD93
00032203
01B20863
58C032EF
80000F50
8000A1D1
00430313
00052903
00450513
20093E13
00032203
01C20863
568032EF
80000F74
8000A222
00430313
00052A83
00450513
3FFAB813
00032203
01020863
544032EF
80000F98
8000A273
00430313
00052803
00450513
40083A13
00032203
01420863
520032EF
80000FBC
8000A2C4
00430313
00052F83
00450513
703FBD93
00032203
01B20863
4FC032EF
80000FE0
8000A315
00430313
00052B83
00450513
7FFBBC93
00032203
01920863
4D8032EF
80001004
8000A366
00430313
00052603
00450513
80063A93
00032203
01520863
4B4032EF
80001028
8000A3B7
00430313
00052983
00450513
8019B393
00032203
00720863
490032EF
8000104C
8000A409
00430313
00052803
00450513
FFE83B13
00032203
01620863
46C032EF
80001070
8000A45B
00430313
00052D83
00450513
FFFDBE13
00032203
01C20863
448032EF
80001094
8000A4AB
00430313
00052883
00450513
0008BC13
00032203
01820863
424032EF
800010B8
8000A4FB
00430313
00052103
00450513
00113813
00032203
01020863
400032EF
800010DC
8000A54A
00430313
00052103
00450513
00213413
00032203
00820863
3DC032EF
80001100
8000A599
00430313
00052383
00450513
0033B893
00032203
01120863
3B8032EF
80001124
8000A5E8
00430313
00052C03
00450513
004C3D13
00032203
01A20863
394032EF
80001148
8000A637
00430313
00052383
00450513
0083B913
00032203
01220863
370032EF
8000116C
8000A686
00430313
00052083
00450513
0100BF93
00032203
01F20863
34C032EF
80001190
8000A6D5
00430313
00052083
00450513
0200B693
00032203
00D20863
328032EF
800011B4
8000A725
00430313
00052983
00450513
0409BA93
00032203
01520863
304032EF
800011D8
8000A775
00430313
00052A83
00450513
080ABB13
00032203
01620863
2E0032EF
800011FC
8000A7C5
00430313
00052383
00450513
1003BD93
00032203
01B20863
2BC032EF
80001220
8000A815
00430313
00052D83
00450513
200DBC93
00032203
01920863
298032EF
80001244
8000A866
00430313
00052803
00450513
3FF83A13
00032203
01420863
274032EF
80001268
8000A8B7
00430313
00052103
00450513
40013B13
00032203
01620863
250032EF
8000128C
8000A908
00430313
00052A83
00450513
703AB113
00032203
00220863
22C032EF
800012B0
8000A959
00430313
00052B03
00450513
7FFB3F93
00032203
01F20863
208032EF
800012D4
8000A9AA
00430313
00052683
00450513
8006BC93
00032203
01920863
1E4032EF
800012F8
8000A9FB
00430313
00052603
00450513
80163F93
00032203
01F20863
1C0032EF
8000131C
8000AA4D
00430313
00052103
00450513
FFE13813
00032203
01020863
19C032EF
80001340
8000AA9F
00430313
00052983
00450513
FFF9BA93
00032203
01520863
178032EF
80001364
8000AAEF
00430313
00052E03
00450513
000E3693
00032203
00D20863
154032EF
80001388
8000AB3F
00430313
00052903
00450513
00193B93
00032203
01720863
130032EF
800013AC
8000AB95
00430313
00052D83
00450513
002DB713
00032203
00E20863
10C032EF
800013D0
8000ABEB
00430313
00052D03
00450513
003D3F13
00032203
01E20863
0E8032EF
800013F4
8000AC41
00430313
00052483
00450513
0044BD13
00032203
01A20863
0C4032EF
80001418
8000AC97
00430313
00052403
00450513
00843793
00032203
00F20863
0A0032EF
8000143C
8000ACED
00430313
00052403
00450513
01043F13
00032203
01E20863
07C032EF
80001460
8000AD43
00430313
00052803
00450513
02083093
00032203
00120863
058032EF
80001484
8000AD9A
00430313
00052183
00450513
0401BF93
00032203
01F20863
034032EF
800014A8
8000ADF1
00430313
00052703
00450513
08073D13
00032203
01A20863
010032EF
800014CC
8000AE48
00430313
00052403
00450513
10043B13
00032203
01620863
7ED022EF
800014F0
8000AE9F
00430313
00052B83
00450513
200BB793
00032203
00F20863
7C9022EF
80001514
8000AEF7
00430313
00052D03
00450513
3FFD3E93
00032203
01D20863
7A5022EF
80001538
8000AF4F
00430313
00052403
00450513
40043A93
00032203
01520863
781022EF
8000155C
8000AFA7
00430313
00052B83
00450513
703BB413
00032203
00820863
75D022EF
80001580
8000AFFF
00430313
00052803
00450513
7FF83613
00032203
00C20863
739022EF
800015A4
8000B057
00430313
00052783
00450513
8007B993
00032203
01320863
715022EF
800015C8
8000B0AF
00430313
00052883
00450513
8018BF93
00032203
01F20863
6F1022EF
800015EC
8000B108
00430313
00052E03
00450513
FFEE3593
00032203
00B20863
6CD022EF
80001610
8000B161
00430313
00052C03
00450513
FFFC3B13
00032203
01620863
6A9022EF
80001634
8000B1B8
00430313
00052183
00450513
0001BE93
00032203
01D20863
685022EF
80001658
8000B20F
00430313
00052703
00450513
00173413
00032203
00820863
661022EF
8000167C
8000B265
00430313
00052483
00450513
0024BE93
00032203
01D20863
63D022EF
800016A0
8000B2BB
00430313
00052D83
00450513
003DBF13
00032203
01E20863
619022EF
800016C4
8000B311
00430313
00052E03
00450513
004E3D13
00032203
01A20863
5F5022EF
800016E8
8000B367
00430313
00052D03
00450513
008D3593
00032203
00B20863
5D1022EF
8000170C
8000B3BD
00430313
00052183
00450513
0101B993
00032203
01320863
5AD022EF
80001730
8000B413
00430313
00052783
00450513
0207B093
00032203
00120863
589022EF
80001754
8000B46A
00430313
00052B83
00450513
040BBE93
00032203
01D20863
565022EF
80001778
8000B4C1
00430313
00052883
00450513
0808BB13
00032203
01620863
541022EF
8000179C
8000B518
00430313
00052E03
00450513
100E3693
00032203
00D20863
51D022EF
800017C0
8000B56F
00430313
00052D03
00450513
200D3913
00032203
01220863
4F9022EF
800017E4
8000B5C7
00430313
00052783
00450513
3FF7B613
00032203
00C20863
4D5022EF
80001808
8000B61F
00430313
00052783
00450513
4007B913
00032203
01220863
4B1022EF
8000182C
8000B677
00430313
00052383
00450513
7033B893
00032203
01120863
48D022EF
80001850
8000B6CF
00430313
00052783
00450513
7FF7BB93
00032203
01720863
469022EF
80001874
8000B727
00430313
00052883
00450513
8008B793
00032203
00F20863
445022EF
80001898
8000B77F
00430313
00052D03
00450513
801D3793
00032203
00F20863
421022EF
800018BC
8000B7D8
00430313
00052803
00450513
FFE83B13
00032203
01620863
3FD022EF
800018E0
8000B831
00430313
00052A83
00450513
FFFABB93
00032203
01720863
3D9022EF
80001904
8000B888
00430313
00052B03
00450513
000B3593
00032203
00B20863
3B5022EF
80001928
8000B8DF
00430313
00052683
00450513
0016BC93
00032203
01920863
391022EF
8000194C
8000B935
00430313
00052603
00450513
00263113
00032203
00220863
36D022EF
80001970
8000B98B
00430313
00052603
00450513
00363813
00032203
01020863
349022EF
80001994
8000B9E1
00430313
00052F83
00450513
004FB393
00032203
00720863
325022EF
800019B8
8000BA37
00430313
00052E03
00450513
008E3193
00032203
00320863
301022EF
800019DC
8000BA8D
00430313
00052B83
00450513
010BB993
00032203
01320863
2DD022EF
80001A00
8000BAE3
00430313
00052A83
00450513
020AB793
00032203
00F20863
2B9022EF
80001A24
8000BB3A
00430313
00052F03
00450513
040F3893
00032203
01120863
295022EF
80001A48
8000BB91
00430313
00052183
00450513
0801B413
00032203
00820863
271022EF
80001A6C
8000BBE8
00430313
00052B83
00450513
100BB113
00032203
00220863
24D022EF
80001A90
8000BC3F
00430313
00052983
00450513
2009B113
00032203
00220863
229022EF
80001AB4
8000BC97
00430313
00052A83
00450513
3FFAB113
00032203
00220863
205022EF
80001AD8
8000BCEF
00430313
00052083
00450513
4000BC93
00032203
01920863
1E1022EF
80001AFC
8000BD47
00430313
00052C83
00450513
703CBA13
00032203
01420863
1BD022EF
80001B20
8000BD9F
00430313
00052603
00450513
7FF63593
00032203
00B20863
199022EF
80001B44
8000BDF7
00430313
00052703
00450513
80073093
00032203
00120863
175022EF
80001B68
8000BE4F
00430313
00052C83
00450513
801CB913
00032203
01220863
151022EF
80001B8C
8000BEA8
00430313
00052F83
00450513
FFEFB913
00032203
01220863
12D022EF
80001BB0
8000BF01
00430313
00052683
00450513
FFF6BA93
00032203
01520863
109022EF
80001BD4
8000BF58
00430313
00052E83
00450513
000EB693
00032203
00D20863
0E5022EF
80001BF8
8000BFAF
00430313
00052F03
00450513
001F3893
00032203
01120863
0C1022EF
80001C1C
8000C005
00430313
00052903
00450513
00293393
00032203
00720863
09D022EF
80001C40
8000C05B
00430313
00052183
00450513
0031BF93
00032203
01F20863
079022EF
80001C64
8000C0B1
00430313
00052C03
00450513
004C3193
00032203
00320863
055022EF
80001C88
8000C107
00430313
00052C83
00450513
008CBB13
00032203
01620863
031022EF
80001CAC
8000C15D
00430313
00052E83
00450513
010EBB13
00032203
01620863
00D022EF
80001CD0
8000C1B3
00430313
00052603
00450513
02063793
00032203
00F20863
7E8022EF
80001CF4
8000C20A
00430313
00052783
00450513
0407B093
00032203
00120863
7C4022EF
80001D18
8000C261
00430313
00052183
00450513
0801BD13
00032203
01A20863
7A0022EF
80001D3C
8000C2B8
00430313
00052D83
00450513
100DBE13
00032203
01C20863
77C022EF
80001D60
8000C30F
00430313
00052583
00450513
2005B793
00032203
00F20863
758022EF
80001D84
8000C367
00430313
00052C83
00450513
3FFCBE93
00032203
01D20863
734022EF
80001DA8
8000C3BF
00430313
00052183
00450513
4001BB13
00032203
01620863
710022EF
80001DCC
8000C417
00430313
00052483
00450513
7034BF93
00032203
01F20863
6EC022EF
80001DF0
8000C46F
00430313
00052803
00450513
7FF83D13
00032203
01A20863
6C8022EF
80001E14
8000C4C7
00430313
00052683
00450513
8006B993
00032203
01320863
6A4022EF
80001E38
8000C51F
00430313
00052A83
00450513
801ABA13
00032203
01420863
680022EF
80001E5C
8000C578
00430313
00052783
00450513
FFE7B493
00032203
00920863
65C022EF
80001E80
8000C5D1
00430313
00052083
00450513
FFF0B993
00032203
01320863
638022EF
80001EA4
8000C628
00430313
00052D83
00450513
000DBB13
00032203
01620863
614022EF
80001EC8
8000C67F
00430313
00052683
00450513
0016BE13
00032203
01C20863
5F0022EF
80001EEC
8000C6D5
00430313
00052783
00450513
0027B593
00032203
00B20863
5CC022EF
80001F10
8000C72B
00430313
00052903
00450513
00393893
00032203
01120863
5A8022EF
80001F34
8000C781
00430313
00052083
00450513
0040BC93
00032203
01920863
584022EF
80001F58
8000C7D7
00430313
00052703
00450513
00873793
00032203
00F20863
560022EF
80001F7C
8000C82D
00430313
00052B83
00450513
010BB913
00032203
01220863
53C022EF
80001FA0
8000C883
00430313
00052383
00450513
0203B113
00032203
00220863
518022EF
80001FC4
8000C8DA
00430313
00052F03
00450513
040F3713
00032203
00E20863
4F4022EF
80001FE8
8000C931
00430313
00052583
00450513
0805B613
00032203
00C20863
4D0022EF
8000200C
8000C988
00430313
00052883
00450513
1008B913
00032203
01220863
4AC022EF
80002030
8000C9DF
00430313
00052B03
00450513
200B3D93
00032203
01B20863
488022EF
80002054
8000CA37
00430313
00052883
00450513
3FF8B113
00032203
00220863
464022EF
80002078
8000CA8F
00430313
00052103
00450513
40013F93
00032203
01F20863
440022EF
8000209C
8000CAE7
00430313
00052483
00450513
7034B593
00032203
00B20863
41C022EF
800020C0
8000CB3F
00430313
00052803
00450513
7FF83893
00032203
01120863
3F8022EF
800020E4
8000CB97
00430313
00052383
00450513
8003B613
00032203
00C20863
3D4022EF
80002108
8000CBEF
00430313
00052483
00450513
8014BB93
00032203
01720863
3B0022EF
8000212C
8000CC48
00430313
00052483
00450513
FFE4B413
00032203
00820863
38C022EF
80002150
8000CCA1
00430313
00052803
00450513
FFF83993
00032203
01320863
368022EF
80002174
8000CCF8
00430313
00052103
00450513
00013A93
00032203
01520863
344022EF
80002198
8000CD4F
00430313
00052C83
00450513
001CB893
00032203
01120863
320022EF
800021BC
8000CDA5
00430313
00052683
00450513
0026BE13
00032203
01C20863
2FC022EF
800021E0
8000CDFB
00430313
00052383
00450513
0033BC93
00032203
01920863
2D8022EF
80002204
8000CE51
00430313
00052403
00450513
00443693
00032203
00D20863
2B4022EF
80002228
8000CEA7
00430313
00052903
00450513
00893F93
00032203
01F20863
290022EF
8000224C
8000CEFD
00430313
00052C83
00450513
010CB093
00032203
00120863
26C022EF
80002270
8000CF53
00430313
00052903
00450513
02093193
00032203
00320863
248022EF
80002294
8000CFAA
00430313
00052103
00450513
04013C93
00032203
01920863
224022EF
800022B8
8000D001
00430313
00052A83
00450513
080ABF93
00032203
01F20863
200022EF
800022DC
8000D058
00430313
00052783
00450513
1007B993
00032203
01320863
1DC022EF
80002300
8000D0AF
00430313
00052C83
00450513
200CB913
00032203
01220863
1B8022EF
80002324
8000D107
00430313
00052783
00450513
3FF7BD93
00032203
01B20863
194022EF
80002348
8000D15F
00430313
00052603
00450513
40063893
00032203
01120863
170022EF
8000236C
8000D1B7
00430313
00052D03
00450513
703D3613
00032203
00C20863
14C022EF
80002390
8000D20F
00430313
00052703
00450513
7FF73413
00032203
00820863
128022EF
800023B4
8000D267
00430313
00052A03
00450513
800A3E93
00032203
01D20863
104022EF
800023D8
8000D2BF
00430313
00052F83
00450513
801FB393
00032203
00720863
0E0022EF
800023FC
8000D318
00430313
00052083
00450513
FFE0BD13
00032203
01A20863
0BC022EF
80002420
8000D371
00430313
00052403
00450513
FFF43393
00032203
00720863
098022EF
80002444
8000D3C8
00430313
00052603
00450513
00063913
00032203
01220863
074022EF
80002468
8000D41F
00430313
00052D83
00450513
001DB913
00032203
01220863
050022EF
8000248C
8000D475
00430313
00052483
00450513
0024B593
00032203
00B20863
02C022EF
800024B0
8000D4CB
00430313
00052483
00450513
0034B193
00032203
00320863
008022EF
800024D4
8000D521
00430313
00052183
00450513
0041BE93
00032203
01D20863
7E5012EF
800024F8
8000D577
00430313
00052603
00450513
00863F93
00032203
01F20863
7C1012EF
8000251C
8000D5CD
00430313
00052B83
00450513
010BB713
00032203
00E20863
79D012EF
80002540
8000D623
00430313
00052703
00450513
02073693
00032203
00D20863
779012EF
80002564
8000D67A
00430313
00052583
00450513
0405B793
00032203
00F20863
755012EF
80002588
8000D6D1
00430313
00052903
00450513
08093693
00032203
00D20863
731012EF
800025AC
8000D728
00430313
00052B03
00450513
100B3C13
00032203
01820863
70D012EF
800025D0
8000D77F
00430313
00052803
00450513
20083993
00032203
01320863
6E9012EF
800025F4
8000D7D7
00430313
00052903
00450513
3FF93A13
00032203
01420863
6C5012EF
80002618
8000D82F
00430313
00052803
00450513
40083A13
00032203
01420863
6A1012EF
8000263C
8000D887
00430313
00052103
00450513
70313093
00032203
00120863
67D012EF
80002660
8000D8DF
00430313
00052F83
00450513
7FFFB793
00032203
00F20863
659012EF
80002684
8000D937
00430313
00052883
00450513
8008B693
00032203
00D20863
635012EF
800026A8
8000D98F
00430313
00052E03
00450513
801E3B13
00032203
01620863
611012EF
800026CC
8000D9E8
00430313
00052383
00450513
FFE3B713
00032203
00E20863
5ED012EF
800026F0
8000DA41
00430313
00052B83
00450513
FFFBB793
00032203
00F20863
5C9012EF
80002714
8000DA98
00430313
00052E03
00450513
000E3D13
00032203
01A20863
5A5012EF
80002738
8000DAEF
00430313
00052603
00450513
00163193
00032203
00320863
581012EF
8000275C
8000DB45
00430313
00052483
00450513
0024B993
00032203
01320863
55D012EF
80002780
8000DB9B
00430313
00052803
00450513
00383713
00032203
00E20863
539012EF
800027A4
8000DBF1
00430313
00052B83
00450513
004BB993
00032203
01320863
515012EF
800027C8
8000DC47
00430313
00052803
00450513
00883B93
00032203
01720863
4F1012EF
800027EC
8000DC9D
00430313
00052B03
00450513
010B3193
00032203
00320863
4CD012EF
80002810
8000DCF3
00430313
00052083
00450513
0200B413
00032203
00820863
4A9012EF
80002834
8000DD4A
00430313
00052E83
00450513
040EBB13
00032203
01620863
485012EF
80002858
8000DDA1
00430313
00052583
00450513
0805B493
00032203
00920863
461012EF
8000287C
8000DDF8
00430313
00052983
00450513
1009B593
00032203
00B20863
43D012EF
800028A0
8000DE4F
00430313
00052E83
00450513
200EBB13
00032203
01620863
419012EF
800028C4
8000DEA7
00430313
00052483
00450513
3FF4B693
00032203
00D20863
3F5012EF
800028E8
8000DEFF
00430313
00052D03
00450513
400D3B13
00032203
01620863
3D1012EF
8000290C
8000DF57
00430313
00052A83
00450513
703AB893
00032203
01120863
3AD012EF
80002930
8000DFAF
00430313
00052C03
00450513
7FFC3113
00032203
00220863
389012EF
80002954
8000E007
00430313
00052C03
00450513
800C3393
00032203
00720863
365012EF
80002978
8000E05F
00430313
00052103
00450513
80113493
00032203
00920863
341012EF
8000299C
8000E0B8
00430313
00052B83
00450513
FFEBBC13
00032203
01820863
31D012EF
800029C0
8000E111
00430313
00052883
00450513
FFF8BB93
00032203
01720863
2F9012EF
800029E4
8000E168
00430313
00052083
00450513
0000BA93
00032203
01520863
2D5012EF
80002A08
8000E1BF
00430313
00052B83
00450513
001BBE13
00032203
01C20863
2B1012EF
80002A2C
8000E215
00430313
00052983
00450513
0029BE93
00032203
01D20863
28D012EF
80002A50
8000E26B
00430313
00052C03
00450513
003C3713
00032203
00E20863
269012EF
80002A74
8000E2C1
00430313
00052983
00450513
0049B593
00032203
00B20863
245012EF
80002A98
8000E317
00430313
00052103
00450513
00813D13
00032203
01A20863
221012EF
80002ABC
8000E36D
00430313
00052183
00450513
0101B613
00032203
00C20863
1FD012EF
80002AE0
8000E3C3
00430313
00052783
00450513
0207BC13
00032203
01820863
1D9012EF
80002B04
8000E41A
00430313
00052E83
00450513
040EBD13
00032203
01A20863
1B5012EF
80002B28
8000E471
00430313
00052A03
00450513
080A3E93
00032203
01D20863
191012EF
80002B4C
8000E4C8
00430313
00052783
00450513
1007B993
00032203
01320863
16D012EF
80002B70
8000E51F
00430313
00052D83
00450513
200DB093
00032203
00120863
149012EF
80002B94
8000E577
00430313
00052983
00450513
3FF9BC13
00032203
01820863
125012EF
80002BB8
8000E5CF
00430313
00052F03
00450513
400F3C13
00032203
01820863
101012EF
80002BDC
8000E627
00430313
00052883
00450513
7038B093
00032203
00120863
0DD012EF
80002C00
8000E67F
00430313
00052983
00450513
7FF9B613
00032203
00C20863
0B9012EF
80002C24
8000E6D7
00430313
00052D83
00450513
800DB393
00032203
00720863
095012EF
80002C48
8000E72F
00430313
00052083
00450513
8010BE13
00032203
01C20863
071012EF
80002C6C
8000E788
00430313
00052883
00450513
FFE8BD93
00032203
01B20863
04D012EF
80002C90
8000E7E1
00430313
00052703
00450513
FFF73993
00032203
01320863
029012EF
80002CB4
8000E838
00430313
00052083
00450513
2C60B093
00032203
00120863
005012EF
80002CD8
8000E88F
00430313
00052103
00450513
D1313113
00032203
00220863
7E0012EF
80002CFC
8000E8C8
00430313
00052183
00450513
E4C1B193
00032203
00320863
7BC012EF
80002D20
8000E901
00430313
00020693
00028713
00052203
00450513
3F223213
00032683
00468863
7D00176F
80002D4C
8000E93A
00430313
00052283
00450513
1EB2B293
00032683
00568863
7AC0176F
80002D70
8000E973
00430313
00030493
00052303
00450513
34033313
0004A683
00668863
7840176F
80002D98
8000E9AC
00448493
00052383
00450513
DE03B393
0004A683
00768863
7600176F
80002DBC
8000E9E5
00448493
00052403
00450513
39343413
0004A683
00868863
73C0176F
80002DE0
8000EA1E
00448493
00048E93
00052483
00450513
6964B493
000EA683
00968863
7140176F
80002E08
8000EA57
004E8E93
00050F13
000F2503
004F0F13
D5753513
000EA683
00A68863
6EC0176F
80002E30
8000EA90
004E8E93
000F2583
004F0F13
BFC5B593
000EA683
00B68863
6C80176F
80002E54
8000EACA
004E8E93
000F2603
004F0F13
42863613
000EA683
00C68863
6A40176F
80002E78
8000EB04
004E8E93
00068393
00070413
000F2683
004F0F13
24C6B693
000EA383
00D38863
6500146F
80002EA4
8000EB3E
004E8E93
000F2703
004F0F13
65C73713
000EA383
00E38863
62C0146F
80002EC8
8000EB78
004E8E93
000F2783
004F0F13
1067B793
000EA383
00F38863
6080146F
80002EEC
8000EBB2
004E8E93
000F2803
004F0F13
3F883813
000EA383
01038863
5E40146F
80002F10
8000EBEC
004E8E93
000F2883
004F0F13
99D8B893
000EA383
01138863
5C00146F
80002F34
8000EC26
004E8E93
000F2903
004F0F13
40F93913
000EA383
01238863
59C0146F
80002F58
8000EC60
004E8E93
000F2983
004F0F13
B9F9B993
000EA383
01338863
5780146F
80002F7C
8000EC9A
004E8E93
000F2A03
004F0F13
845A3A13
000EA383
01438863
5540146F
80002FA0
8000ECD4
004E8E93
000F2A83
004F0F13
2D7ABA93
000EA383
01538863
5300146F
80002FC4
8000ED0E
004E8E93
000F2B03
004F0F13
6C4B3B13
000EA383
01638863
50C0146F
80002FE8
8000ED48
004E8E93
000F2B83
004F0F13
0C7BBB93
000EA383
01738863
4E80146F
8000300C
8000ED82
004E8E93
000F2C03
004F0F13
167C3C13
000EA383
01838863
4C40146F
80003030
8000EDBC
004E8E93
000F2C83
004F0F13
CE6CBC93
000EA383
01938863
4A00146F
80003054
8000EDF6
004E8E93
000F2D03
004F0F13
202D3D13
000EA383
01A38863
47C0146F
80003078
8000EE30
004E8E93
000F2D83
004F0F13
653DBD93
000EA383
01B38863
4580146F
8000309C
8000EE6A
004E8E93
000F2E03
004F0F13
DB5E3E13
000EA383
01C38863
4340146F
800030C0
8000EEA4
004E8E93
000E8613
000F2E83
004F0F13
1CAEBE93
00062383
01D38863
40C0146F
800030E8
8000EEDE
00460613
000F0E93
000EAF03
004E8E93
FFBF3F13
00062383
01E38863
3E40146F
80003110
8000EF18
00460613
000EAF83
004E8E93
B57FBF93
00062383
01F38863
3C00146F
80003134
8000EF52
00460613
000EAE03
004E8E93
000E3193
00062383
00338863
39C0146F
80003158
8000EF8C
00460613
000EAD03
004E8E93
001D3B13
00062383
01638863
3780146F
8000317C
8000EFC4
00460613
000EA183
004E8E93
0021BB13
00062383
01638863
3540146F
800031A0
8000EFFC
00460613
000EA103
004E8E93
00313513
00062383
00A38863
3300146F
800031C4
8000F034
00460613
000EAF83
004E8E93
004FBB13
00062383
01638863
30C0146F
800031E8
8000F06C
00460613
000EAC03
004E8E93
008C3093
00062383
00138863
2E80146F
8000320C
8000F0A4
00460613
000EA703
004E8E93
01073213
00062383
00438863
2C40146F
80003230
8000F0DC
00460613
000EAA03
004E8E93
020A3313
00062383
00638863
2A00146F
80003254
8000F115
00460613
000EA183
004E8E93
0401B793
00062383
00F38863
27C0146F
80003278
8000F14E
00460613
000EA303
004E8E93
08033213
00062383
00438863
2580146F
8000329C
8000F187
00460613
000EAA03
004E8E93
100A3813
00062383
01038863
2340146F
800032C0
8000F1C0
00460613
000EA883
004E8E93
2008B693
00062383
00D38863
2100146F
800032E4
8000F1FA
00460613
000EA483
004E8E93
3FF4BD13
00062383
01A38863
1EC0146F
80003308
8000F234
00460613
000EA203
004E8E93
40023993
00062383
01338863
1C80146F
8000332C
8000F26E
00460613
000EAA03
004E8E93
703A3F93
00062383
01F38863
1A40146F
80003350
8000F2A8
00460613
000EAA83
004E8E93
7FFABE13
00062383
01C38863
1800146F
80003374
8000F2E2
00460613
000EAA83
004E8E93
800AB093
00062383
00138863
15C0146F
80003398
8000F31C
00460613
000EA583
004E8E93
8015BD93
00062383
01B38863
1380146F
800033BC
8000F357
00460613
000EAD03
004E8E93
FFED3D93
00062383
01B38863
1140146F
800033E0
8000F392
00460613
000EA503
004E8E93
FFF53B13
00062383
01638863
0F00146F
80003404
8000F3CB
00460613
00060113
00000513
00000073
FFF00513
1D800413
34002373
23832383
23C32483
22032383
25032483
34049073
24832483
305493F3
FFC4F493
FFC3F393
00749E63
00030493
0004A783
00F3A023
00438393
00448493
FE83C8E3
00000013
00000013
00000497
29048493
00000013
00000013
00000013
00000013
00000013
00000013
10E49863
00000013
00000013
00000013
00000013
00000013
00000013
00000013
0000C517
5CC50513
00000013
00000013
00000013
00000013
00000013
00000013
0003E097
0E4080E7
00000013
00000013
00000013
00000013
00000013
00000013
0000C517
5C350513
00000013
00000013
00000013
00000013
00000013
00000013
0003E097
0A4080E7
00000013
00000013
00000013
00000013
00000013
00000013
0000C517
5E350513
00000013
00000013
00000013
00000013
00000013
00000013
0003E097
064080E7
00000013
00000013
00000013
00000013
00000013
00000013
0000D517
14E50513
00000013
00000013
00000013
00000013
00000013
00000013
0003E097
024080E7
0003E097
08C080E7
00000013
00000013
00000013
00000013
00005317
D6830313
00000013
00000013
00000013
00000013
00000013
00000013
00032303
00000013
00000013
00000013
00000013
00000013
00000013
00000013
0000E397
14038393
00000013
00000013
00000013
00000013
00000013
00000013
40730333
00000013
00000013
00000013
00000013
00000013
00000013
00000013
0000E417
0F840413
00000013
00000013
00000013
00000013
00000013
00000013
00042203
00620863
6E9003EF
800035B0
8000FC77
BAD0E4B7
EAD48493
00E49A63
6D1003EF
80003744
8000FAE5
00000341
00000013
00000013
00000013
00000013
0000C517
3B450513
00000013
00000013
00000013
00000013
00000013
00000013
0003E097
F04080E7
0003E097
F50080E7
00000013
00000013
00000013
00000013
0000C517
3AC50513
00000013
00000013
00000013
00000013
00000013
00000013
0003E097
EC4080E7
0003E097
F2C080E7
00000013
00000013
00000013
00000013
00000717
FF070713
00000013
00000013
00000013
00000013
00000013
00000013
CE5FF06F
BAD0E737
EAD70713
CD9FF06F
00000013
00000013
00000013
00000013
00000013
00000013
00000013
00000013
00000013
00000013
00000013
00000013
0800006F
0880006F
0900006F
0980006F
0A00006F
0A80006F
0B00006F
0B80006F
0C00006F
0C80006F
0D00006F
0D80006F
0E00006F
0E80006F
0F00006F
0F80006F
1000006F
1080006F
1100006F
1180006F
1200006F
1280006F
1300006F
1380006F
1400006F
13C0006F
1380006F
1340006F
1300006F
12C0006F
1280006F
1240006F
34011173
26F12823
13C007EF
34011173
26F12823
130007EF
34011173
26F12823
124007EF
34011173
26F12823
118007EF
34011173
26F12823
10C007EF
34011173
26F12823
100007EF
34011173
26F12823
0F4007EF
34011173
26F12823
0E8007EF
34011173
26F12823
0DC007EF
34011173
26F12823
0D0007EF
34011173
26F12823
0C4007EF
34011173
26F12823
0B8007EF
34011173
26F12823
0AC007EF
34011173
26F12823
0A0007EF
34011173
26F12823
094007EF
34011173
26F12823
088007EF
34011173
26F12823
07C007EF
34011173
26F12823
070007EF
34011173
26F12823
064007EF
34011173
26F12823
058007EF
34011173
26F12823
04C007EF
34011173
26F12823
040007EF
34011173
26F12823
034007EF
34011173
26F12823
028007EF
00000317
B5C30313
00000013
00000013
00000013
00000013
00000013
00000013
00030067
26E12623
34011773
26E12A23
23012703
00070067
26912423
26812223
26712023
24612E23
00000013
00000013
00000013
00000013
00000013
00000013
00004317
78830313
00000013
00000013
00000013
00000013
00000013
00000013
00032383
00138393
00732023
34202773
800014B7
FFF48493
00E4F4B3
FFE48413
00041663
2A050AE3
58C0006F
FF848413
00245413
58041063
2A0500E3
FFF50493
00500393
0274E063
07300393
00750463
0800006F
34102573
00450413
34141073
7E40006F
341024F3
00448493
34149073
00100393
00750E63
00200393
02750263
00300393
02750C63
FFF00513
7B80006F
000024B7
80048493
3004A073
7A80006F
000024B7
80048493
3004B073
000014B7
80048493
3004A073
78C0006F
000024B7
80048493
3004B073
77C0006F
00000013
00000013
00000013
00000013
00000013
00000397
17038393
00000013
00000013
00000013
00000013
00000013
00000013
0003A403
00A40863
04040863
00838393
FF1FF06F
00008493
00000013
00000013
00000097
02408093
00000013
00000013
00000013
00000013
00000013
00000013
00038067
00048093
34102473
00440413
34141073
6F00006F
00050493
00000013
0000D517
60550513
00000013
00000013
00000013
00000013
00000013
00000013
0003E097
AA4080E7
00048513
02000593
4C8020EF
00000013
00000013
00000013
0000C517
A3850513
00000013
00000013
00000013
00000013
00000013
00000013
0003E097
A64080E7
00000013
00000013
00000013
00000013
00000013
00000013
0000C517
00C50513
00000013
00000013
00000013
00000013
00000013
00000013
0003E097
A24080E7
00000013
00000013
00000013
00000013
00000013
00000013
0000C517
ECC50513
00000013
00000013
00000013
00000013
00000013
00000013
0003E097
9E4080E7
0003E097
A4C080E7
30002573
00008067
30059073
00008067
3005A073
00008067
3005B073
00008067
30402573
00008067
30459073
00008067
3045A073
00008067
3045B073
00008067
30602573
00008067
30659073
00008067
3065A073
00008067
3065B073
00008067
30A02573
00008067
30A59073
00008067
30A5A073
00008067
30A5B073
00008067
34402573
00008067
34459073
00008067
3445A073
00008067
3445B073
00008067
74702573
00008067
74759073
00008067
7475A073
00008067
7475B073
00008067
32002573
00008067
32059073
00008067
3205A073
00008067
3205B073
00008067
B0002573
00008067
B0059073
00008067
B005A073
00008067
B005B073
00008067
B0202573
00008067
B0259073
00008067
B025A073
00008067
B025B073
00008067
10002573
00008067
10059073
00008067
1005A073
00008067
1005B073
00008067
10402573
00008067
10459073
00008067
1045A073
00008067
1045B073
00008067
10602573
00008067
10659073
00008067
1065A073
00008067
1065B073
00008067
10A02573
00008067
10A59073
00008067
10A5A073
00008067
10A5B073
00008067
14402573
00008067
14459073
00008067
1445A073
00008067
1445B073
00008067
14D02573
00008067
14D59073
00008067
14D5A073
00008067
14D5B073
00008067
18002573
00008067
18059073
00008067
1805A073
00008067
1805B073
00008067
7A002573
00008067
7A059073
00008067
7A05A073
00008067
7A05B073
00008067
7A102573
00008067
7A159073
00008067
7A15A073
00008067
7A15B073
00008067
7A202573
00008067
7A259073
00008067
7A25A073
00008067
7A25B073
00008067
7A302573
00008067
7A359073
00008067
7A35A073
00008067
7A35B073
00008067
7A402573
00008067
7A459073
00008067
7A45A073
00008067
7A45B073
00008067
7A502573
00008067
7A559073
00008067
7A55A073
00008067
7A55B073
00008067
7A802573
00008067
7A859073
00008067
7A85A073
00008067
7A85B073
00008067
7AA02573
00008067
7AA59073
00008067
7AA5A073
00008067
7AA5B073
00008067
5A802573
00008067
5A859073
00008067
5A85A073
00008067
5A85B073
00008067
6A802573
00008067
6A859073
00008067
6A85A073
00008067
6A85B073
00008067
0005A503
00008067
0045A503
00008067
00C5A023
00008067
00C5A223
00008067
00000000
01000393
00075C63
00171413
FF240413
00045663
00C00393
0040006F
D6810113
4B012303
007304B3
4A912823
49012403
40830333
29810113
1F812403
00830333
34102473
00000013
00000013
0000B497
5B848493
00000013
00000013
00000013
00000013
00000013
00000013
0084A023
00E4A423
34302473
0084A823
30002473
0084AC23
00000013
00000013
0001C417
1CC40413
00000013
00000013
00000013
00000013
00000013
00000013
007304B3
F0946663
24012403
408787B3
00179493
009787B3
0057D793
00679793
0077E7B3
00378793
02075A63
00F00413
00877433
304024F3
0084D4B3
0014F493
00B49493
0097E7B3
344024F3
0084D4B3
0014F493
00C49493
0097E7B3
300023F3
00F39393
0023D393
0021A437
FE540413
FFF44413
0083F433
0087E433
310024F3
1C04F493
00849493
00946433
00032483
00848E63
00040313
00048213
4B4003EF
80004008
8000FC8E
00000341
00070413
00432483
00848E63
00040313
00048213
490003EF
800040AC
8000FD90
00000341
12074A63
34102473
00010493
0040006F
00000393
04740863
00238393
04740463
04040263
2084A383
2104A783
007787B3
00F47463
02747663
1D84A383
1E04A783
007787B3
00F47463
00747C63
1E84A383
1F04A783
007787B3
E0F47E63
E0746C63
40740433
00832483
00848E63
00040313
00048213
40C003EF
80004134
8000FE8B
00000341
34102473
342023F3
00C00793
00F38A63
00100793
00F38663
01400793
00F39663
34109073
0340006F
300027F3
000E03B7
3003A073
00045383
30079073
0033F393
00138393
0023D393
00138393
00139393
00740433
34141073
34302473
00C32483
00848E63
00040313
00048213
390003EF
800041B0
8000FF7E
00000341
30102473
01841413
00045263
10000393
05C0006F
25C12303
26012383
26412403
26812483
26C12703
27012783
27412103
30200073
00100413
01F77393
00741433
304434F3
34443473
00832483
00848E63
00040313
00048213
328003EF
80004218
800100F1
00000341
00000393
00000417
03C40413
00740433
00371393
00740433
FF847413
00042403
00040A63
01F41393
0003D863
00145413
F6870EE3
CD8FF06F
00040067
00000013
00000000
00000000
00000001
00000000
00000001
00000000
80041000
00000000
00000000
00000000
00000001
00000000
00000001
00000000
80041014
00000000
00000000
00000000
00000001
00000000
00000001
00000000
80041030
00000000
00000001
00000000
00000001
00000000
00000001
00000000
00000001
00000000
00000001
00000000
00000001
00000000
00000001
00000000
00000001
00000000
00000001
00000000
00000001
00000000
00000001
00000000
00000001
00000000
00000000
00000000
00000000
00000000
00000000
00000000
00000000
00000000
00000000
00000000
00000000
00000000
00000000
00000000
00000000
00000000
00000001
00000000
00000003
00000000
00000005
00000000
00000007
00000000
00000009
00000000
0000000B
00000000
0000000D
00000000
0000000F
00000000
00000011
00000000
00000013
00000000
00000015
00000000
00000017
00000000
00000019
00000000
0000001B
00000000
0000001D
00000000
0000001F
00000000
00000021
00000000
00000023
00000000
00000025
00000000
00000027
00000000
00000029
00000000
0000002B
00000000
0000002D
00000000
0000002F
00000000
00000000
00000000
00000000
00000000
00000000
00000000
00000000
00000000
00000000
00000000
00000000
00000000
00000000
00000000
00000000
00000000
300023F3
00B3D493
0034F493
FFD48413
341023F3
00000493
02040C63
29810113
310023F3
01839393
0003DA63
29810113
47012783
D6810113
0080006F
F4012783
341023F3
40F383B3
D6810113
1D812483
007483B3
25C12303
26412403
26812483
26C12703
27012783
27412103
00438067
0000B217
F2820213
02522423
00122423
00022023
0880006F
0000B397
F1038393
0483A023
0243A023
0253A423
0013A423
0003A023
00038213
00040293
0600006F
0000B697
EE868693
06E6A823
0246A023
0256A423
0016A423
0006A023
00068213
00070293
0380006F
0000B497
EC048493
0674A423
0244A023
0254A423
0014A423
00300093
0014A023
1064A823
1044AC23
00048213
00038293
0040006F
00222823
00322C23
02622823
02722C23
04822023
04922423
04A22823
04B22C23
06C22023
06D22423
06E22823
06F22C23
09022023
09122423
09222823
09322C23
0B422023
0B522423
0B622823
0B722C23
0D822023
0D922423
0DA22823
0DB22C23
0FC22023
0FD22423
0FE22823
0FF22C23
0000B497
E1C4A483
00300513
18A48663
FFA2D303
FF82D383
01031313
00736333
00F35393
01F3F393
01435413
01F47413
10822223
00341313
00620333
00032303
10622823
FF62D303
FF42D383
01031313
00736333
00030513
07F37413
00300493
0C941063
00C35413
00747413
00200493
0A941863
41435393
00F35313
01F37313
00331313
00620333
00032303
00730333
00337413
0C041263
00000013
00000013
00000013
00000013
00000013
0000D417
AB040413
00000013
00000013
00000013
00000013
00000013
00000013
08836663
00000013
00000013
00000013
00000013
00000013
00000013
00000013
0001C417
AD040413
00000013
00000013
00000013
00000013
00000013
00000013
FFC40413
04646463
00032303
10622C23
3700006F
00100413
00000013
00000013
0000B497
E1848493
00000013
00000013
00000013
00000013
00000013
00000013
0084A023
10A22C23
3380006F
00200413
00000013
00000013
00000013
00000013
0000B497
DD848493
00000013
00000013
00000013
00000013
00000013
00000013
0084A023
10622C23
2F80006F
0042A303
0000B817
DB880813
00682023
0002A303
10622423
0000B817
DA480813
00082303
0000B397
4C738393
28730463
00000413
0000B817
D8080813
00882023
0000B397
4C238393
00731863
00100413
00000493
2740006F
0000B397
5AC38393
00731863
00200413
00000493
25C0006F
0000B397
68F38393
00731863
00300413
00000493
2440006F
0000B397
76A38393
00731863
00400413
00000493
22C0006F
0000C397
8C538393
00731863
00500413
00000493
2140006F
0000C397
83138393
00731863
00600413
00000493
1FC0006F
0000C397
85738393
00731863
00700413
00000493
1E40006F
0000B397
45A38393
00731863
00100413
00100493
1CC0006F
0000B397
54238393
00731863
00200413
00100493
1B40006F
0000B397
62338393
00731863
00300413
00100493
19C0006F
0000B397
6FF38393
00731863
00400413
00100493
1840006F
0000C397
85838393
00731863
00500413
00100493
16C0006F
0000B397
42238393
00731863
00100413
00200493
1540006F
0000B397
50838393
00731863
00200413
00200493
13C0006F
0000B397
5E738393
00731863
00300413
00200493
1240006F
0000B397
6C438393
00731863
00400413
00200493
10C0006F
0000C397
81B38393
00731863
00500413
00200493
0F40006F
0000B397
3EB38393
00731863
00100413
00300493
0DC0006F
0000B397
4CF38393
00731863
00200413
00300493
0C40006F
0000B397
5AC38393
00731863
00300413
00300493
0AC0006F
0000B397
68A38393
00731863
00400413
00300493
0940006F
0000B397
7DF38393
00731863
00500413
00300493
07C0006F
0000C397
80438393
00731863
00800413
00000493
0640006F
0000C397
83B38393
00731863
00800413
00000493
04C0006F
0000C397
91E38393
00731863
00800413
00100493
0340006F
0000C397
A0238393
00731863
00800413
00200493
01C0006F
0340006F
00900413
0000B817
AFC80813
00882023
0300006F
0000B817
AEC80813
00882023
0000B817
AE480813
00982023
0140006F
0000B817
AD080813
00082023
0040006F
0002A303
10622423
00035383
0033F413
00300493
00941863
00235403
01041413
0083E3B3
10722023
0042A303
12622023
00000013
00000013
00000013
00000013
0000B517
FCC50513
00000013
00000013
00000013
00000013
00000013
00000013
0003D097
AE4080E7
00000013
00000013
00000013
00000013
00000013
00000013
0000B517
FC350513
00000013
00000013
00000013
00000013
00000013
00000013
0003D097
AA4080E7
00000013
00000013
00000013
00000013
00000013
00000013
0000B517
03A50513
00000013
00000013
00000013
00000013
00000013
00000013
0003D097
A64080E7
0000B517
9C852503
0003D097
A54080E7
00000013
00000013
0000B517
00C50513
00000013
00000013
00000013
00000013
00000013
00000013
0003D097
A24080E7
0000B517
86852503
00300593
52B50C63
00000013
00000013
0000B517
FCE50513
00000013
00000013
00000013
00000013
00000013
00000013
0003D097
9E4080E7
0000B517
92852503
02000593
00357613
00300693
00D60463
01000593
3F4010EF
00000013
00000013
00000013
00000013
00000013
00000013
0000B517
95850513
00000013
00000013
00000013
00000013
00000013
00000013
0003D097
984080E7
00000013
00000013
00000013
00000013
00000013
00000013
0000B517
F4250513
00000013
00000013
00000013
00000013
00000013
00000013
0003D097
944080E7
0000B517
89052503
02000593
364010EF
00000013
00000013
0000B517
8D850513
00000013
00000013
00000013
00000013
00000013
00000013
0003D097
904080E7
00000013
00000013
00000013
00000013
00000013
00000013
0000C517
8F950513
00000013
00000013
00000013
00000013
00000013
00000013
0003D097
8C4080E7
0000A517
70852503
00050663
00300593
04B51063
07800593
0000B617
85860613
00000013
00000013
00000013
00000013
00000013
00000013
00B60023
00160613
0000A517
7CC52503
324010EF
1180006F
00100593
04B50863
00400593
08B50A63
00500593
0CB50663
00000013
00000013
00000013
00000013
0000C517
96F50513
00000013
00000013
00000013
00000013
00000013
00000013
0003D097
824080E7
1000006F
06600593
00000013
00000013
00000013
00000013
0000A617
7B860613
00000013
00000013
00000013
00000013
00000013
00000013
00B60023
00160613
0000A517
72C52503
284010EF
0780006F
07600593
00000013
0000A617
77860613
00000013
00000013
00000013
00000013
00000013
00000013
00B60023
00160613
0000A517
6EC52503
244010EF
0380006F
00000013
00000013
0000B517
79250513
00000013
00000013
00000013
00000013
00000013
00000013
0003C097
764080E7
0400006F
00000013
00000013
00000013
00000013
00000013
0000A517
6F850513
00000013
00000013
00000013
00000013
00000013
00000013
0003C097
724080E7
00000013
00000013
00000013
00000013
00000013
00000013
0000B517
72A50513
00000013
00000013
00000013
00000013
00000013
00000013
0003C097
6E4080E7
0000A517
52852503
00100593
00B51C63
0000A517
62852503
02000593
0F4010EF
0140006F
0000A517
61452503
02000593
0E0010EF
00000013
0000A517
65850513
00000013
00000013
00000013
00000013
00000013
00000013
0003C097
684080E7
0000A517
5F052503
08051E63
00000013
00000013
00000013
0000B517
6A150513
00000013
00000013
00000013
00000013
00000013
00000013
0003C097
644080E7
0000A517
48852503
00100593
00B51C63
0000A517
59052503
02000593
054010EF
0140006F
0000A517
57C52503
02000593
040010EF
00000013
0000A517
5B850513
00000013
00000013
00000013
00000013
00000013
00000013
0003C097
5E4080E7
5BD0006F
00100593
06B51E63
00000013
00000013
00000013
0000B517
61850513
00000013
00000013
00000013
00000013
00000013
00000013
0003C097
5A4080E7
0000A517
50052503
02000593
7C5000EF
00000013
00000013
0000A517
53850513
00000013
00000013
00000013
00000013
00000013
00000013
0003C097
564080E7
53D0006F
00000013
00000013
00000013
00000013
00000013
0000B517
5F650513
00000013
00000013
00000013
00000013
00000013
00000013
0003C097
524080E7
0000A517
48052503
02000593
745000EF
00000013
00000013
0000A517
4B850513
00000013
00000013
00000013
00000013
00000013
00000013
0003C097
4E4080E7
4BD0006F
0000A417
45442403
00900493
0A940C63
00000013
0000B517
61B50513
00000013
00000013
00000013
00000013
00000013
00000013
0003C097
4A4080E7
00000013
00000013
00000013
00000013
00000013
00000013
0000B517
60750513
00000013
00000013
00000013
00000013
00000013
00000013
0003C097
464080E7
0000A817
3E080813
00082503
0003C097
450080E7
00000013
0000B517
A0C50513
00000013
00000013
00000013
00000013
00000013
00000013
0003C097
424080E7
280404E3
3400006F
00000013
00000013
00000013
00000013
0000B517
59750513
00000013
00000013
00000013
00000013
00000013
00000013
0003C097
3E4080E7
0000A517
34052503
02000593
605000EF
00000013
00000013
0000A517
37850513
00000013
00000013
00000013
00000013
00000013
00000013
0003C097
3A4080E7
00000013
00000013
00000013
00000013
00000013
00000013
0000B517
54250513
00000013
00000013
00000013
00000013
00000013
00000013
0003C097
364080E7
0000A517
2B852503
02000593
585000EF
00000013
00000013
0000A517
2F850513
00000013
00000013
00000013
00000013
00000013
00000013
0003C097
324080E7
0000A317
27832303
0000A397
2783A383
10736A63
00000013
0000B517
4F150513
00000013
00000013
00000013
00000013
00000013
00000013
0003C097
2E4080E7
00000013
00000013
00000013
00000013
00000013
00000013
0000B517
51950513
00000013
00000013
00000013
00000013
00000013
00000013
0003C097
2A4080E7
0000A317
1F832303
0000A397
1F83A383
40730533
02000593
4B9000EF
00000013
00000013
00000013
00000013
00000013
00000013
00000013
0000A517
21850513
00000013
00000013
00000013
00000013
00000013
00000013
0003C097
244080E7
00000013
00000013
00000013
00000013
00000013
00000013
0000B517
4A050513
00000013
00000013
00000013
00000013
00000013
00000013
0003C097
204080E7
1DD0006F
00000013
00000013
00000013
00000013
00000013
0000B517
3FD50513
00000013
00000013
00000013
00000013
00000013
00000013
0003C097
1C4080E7
00000013
00000013
00000013
00000013
00000013
00000013
0000B517
3F950513
00000013
00000013
00000013
00000013
00000013
00000013
0003C097
184080E7
0000A317
0E032303
0000A397
0D03A383
40730533
02000593
399000EF
00000013
00000013
00000013
00000013
00000013
00000013
00000013
0000A517
0F850513
00000013
00000013
00000013
00000013
00000013
00000013
0003C097
124080E7
00000013
00000013
00000013
00000013
00000013
00000013
0000B517
46850513
00000013
00000013
00000013
00000013
00000013
00000013
0003C097
0E4080E7
0BD0006F
00000013
00000013
00000013
00000013
00000013
0000B517
50F50513
00000013
00000013
00000013
00000013
00000013
00000013
0003C097
0A4080E7
0000A517
01C52503
04050A63
00100593
08B50663
00200593
0CB50263
00300593
0EB50E63
00000013
00000013
00000013
00000013
00000013
0000B517
4EB50513
00000013
00000013
00000013
00000013
00000013
00000013
1000006F
00000013
00000013
00000013
00000013
00000013
00000013
00000013
0000B517
48950513
00000013
00000013
00000013
00000013
00000013
00000013
0C00006F
00000013
00000013
00000013
00000013
00000013
00000013
00000013
0000B517
45150513
00000013
00000013
00000013
00000013
00000013
00000013
0800006F
00000013
00000013
00000013
00000013
00000013
00000013
00000013
0000B517
41950513
00000013
00000013
00000013
00000013
00000013
00000013
0400006F
00000013
00000013
00000013
00000013
00000013
00000013
00000013
0000B517
3E250513
00000013
00000013
00000013
00000013
00000013
00000013
0003C097
F44080E7
00000013
00000013
00000013
00000013
00000013
00000013
0000B517
3B450513
00000013
00000013
00000013
00000013
00000013
00000013
0003C097
F04080E7
0000A517
E7852503
00100593
06B50863
00200593
0AB50463
00300593
0EB50063
00400593
10B50C63
00500593
14B50863
00600593
18B50463
00700593
1CB50063
00800593
1EB50C63
00000013
00000013
00000013
00000013
0000B517
48B50513
00000013
00000013
00000013
00000013
00000013
00000013
2000006F
00000013
00000013
00000013
00000013
00000013
00000013
00000013
0000B517
30E50513
00000013
00000013
00000013
00000013
00000013
00000013
1C00006F
00000013
00000013
00000013
00000013
00000013
00000013
00000013
0000B517
2FF50513
00000013
00000013
00000013
00000013
00000013
00000013
1800006F
00000013
00000013
00000013
00000013
00000013
00000013
00000013
0000B517
2DF50513
00000013
00000013
00000013
00000013
00000013
00000013
1400006F
00000013
00000013
00000013
00000013
00000013
00000013
00000013
0000B517
2BD50513
00000013
00000013
00000013
00000013
00000013
00000013
1000006F
00000013
00000013
00000013
00000013
00000013
00000013
00000013
0000B517
29C50513
00000013
00000013
00000013
00000013
00000013
00000013
0C00006F
00000013
00000013
00000013
00000013
00000013
00000013
00000013
0000B517
28450513
00000013
00000013
00000013
00000013
00000013
00000013
0800006F
00000013
00000013
00000013
00000013
00000013
00000013
00000013
0000B517
27050513
00000013
00000013
00000013
00000013
00000013
00000013
0400006F
00000013
00000013
00000013
00000013
00000013
00000013
00000013
0000B517
25C50513
00000013
00000013
00000013
00000013
00000013
00000013
0003C097
C84080E7
00000013
00000013
00000013
00000013
00000013
00000013
0000B517
25A50513
00000013
00000013
00000013
00000013
00000013
00000013
0003C097
C44080E7
0000A517
BA052503
02000593
664000EF
00000013
00000013
0000A517
BD850513
00000013
00000013
00000013
00000013
00000013
00000013
0003C097
C04080E7
00000013
00000013
00000013
00000013
00000013
00000013
0000B517
1F150513
00000013
00000013
00000013
00000013
00000013
00000013
0003C097
BC4080E7
0000A517
B1852503
02000593
5E4000EF
00000013
00000013
0000A517
B5850513
00000013
00000013
00000013
00000013
00000013
00000013
0003C097
B84080E7
0000A517
AF852503
00200593
08B51463
00000013
00000013
0000B517
18850513
00000013
00000013
00000013
00000013
00000013
00000013
0003C097
B44080E7
0000A517
AA052503
284000EF
0003C097
B30080E7
00000013
0000B517
15F50513
00000013
00000013
00000013
00000013
00000013
00000013
0003C097
B04080E7
0000A517
A5852503
244000EF
0003C097
AF0080E7
00000097
314080E7
0000A517
A5C52503
00100593
02B51E63
00000013
00000013
00000013
0000B517
17550513
00000013
00000013
00000013
00000013
00000013
00000013
0003C097
AA4080E7
27C0006F
00200593
02B51E63
00000013
00000013
00000013
0000B517
20B50513
00000013
00000013
00000013
00000013
00000013
00000013
0003C097
A64080E7
23C0006F
00300593
02B51E63
00000013
00000013
00000013
0000B517
2BE50513
00000013
00000013
00000013
00000013
00000013
00000013
0003C097
A24080E7
1FC0006F
00400593
02B51E63
00000013
00000013
00000013
0000B517
37950513
00000013
00000013
00000013
00000013
00000013
00000013
0003C097
9E4080E7
1BC0006F
00500593
02B51E63
00000013
00000013
00000013
0000B517
42050513
00000013
00000013
00000013
00000013
00000013
00000013
0003C097
9A4080E7
17C0006F
1780006F
00000013
00000013
00000013
00000013
0000B517
FED50513
00000013
00000013
00000013
00000013
00000013
00000013
0003C097
964080E7
0000A617
8F062603
00000013
00000013
00000013
00000013
0000A517
F9650513
00000013
00000013
00000013
00000013
00000013
00000013
0003C097
924080E7
00065503
01000593
00357413
00300493
00941A63
00265403
01041413
00856533
02000593
32C000EF
00000013
00000013
00000013
00000013
0000A517
89850513
00000013
00000013
00000013
00000013
00000013
00000013
0003C097
8C4080E7
00000097
0E8080E7
0940006F
02054263
01800593
04B55463
0000A597
88058593
00251613
00C585B3
0005A503
00008067
00100593
01F59593
00B54533
01000593
00B55E63
0000A597
8B458593
00251613
00C585B3
0005A503
00008067
00000013
00000013
00000013
00000013
00000013
00000013
00000013
0000A517
CBE50513
00000013
00000013
00000013
00000013
00000013
00000013
00008067
00000013
00000013
00000013
00000013
00000013
00000013
00000013
0000B517
90E50513
00000013
00000013
00000013
00000013
00000013
00000013
0003B097
7E4080E7
0003C097
84C080E7
00009617
76060613
00162023
00000013
0000A517
E3750513
00000013
00000013
00000013
00000013
00000013
00000013
0003B097
7A4080E7
00009517
73052503
02000593
1C4000EF
00000013
00000013
00009517
73850513
00000013
00000013
00000013
00000013
00000013
00000013
0003B097
764080E7
00000013
00000013
00000013
00000013
00000013
00000013
0000A517
DC750513
00000013
00000013
00000013
00000013
00000013
00000013
0003B097
724080E7
00009517
6B852503
02000593
144000EF
00000013
00000013
00009517
6B850513
00000013
00000013
00000013
00000013
00000013
00000013
0003B097
6E4080E7
00000013
00000013
00000013
00000013
00000013
00000013
0000A517
D5750513
00000013
00000013
00000013
00000013
00000013
00000013
0003B097
6A4080E7
00009517
64052503
02000593
0C4000EF
00000013
00000013
00009517
63850513
00000013
00000013
00000013
00000013
00000013
00000013
0003B097
664080E7
00000013
00000013
00000013
00000013
00000013
00000013
0000A517
CE750513
00000013
00000013
00000013
00000013
00000013
00000013
0003B097
624080E7
00009517
5C852503
02000593
044000EF
00000013
00000013
00009517
5B850513
00000013
00000013
00000013
00000013
00000013
00000013
0003B097
5E4080E7
00009617
56860613
00062083
00008067
00000013
00000013
00009617
57860613
00000013
00000013
00000013
00000013
00000013
00000013
03000693
00D60023
07800693
00D600A3
00260613
00058693
FFC68693
00D55733
00F77713
00A00793
00F74663
05770713
0080006F
03070713
00E60023
00160613
FC069CE3
00A00693
00D60023
000600A3
00008067
00A00693
02D54663
FF650513
03100713
00D54C63
FF650513
03200713
00D54663
FF650513
03300713
00E60023
00160613
03050513
00A60023
00A00693
00D600A3
00060123
00008067
00000013
@00008000
FFFEBEEF
DEAD0001
FFFDBEEF
DEAD0002
FFFCBEEF
DEAD0003
FFFBBEEF
DEAD0004
FFFABEEF
DEAD0005
FFF9BEEF
DEAD0006
FFF8BEEF
DEAD0007
FFF7BEEF
DEAD0008
FFF6BEEF
DEAD0009
FFF5BEEF
DEAD000A
FFF4BEEF
DEAD000B
FFF3BEEF
DEAD000C
FFF2BEEF
DEAD000D
FFF1BEEF
DEAD000E
FFF0BEEF
DEAD000F
FFEFBEEF
DEAD0010
FFEEBEEF
DEAD0011
FFEDBEEF
DEAD0012
FFECBEEF
DEAD0013
FFEBBEEF
DEAD0014
FFEABEEF
DEAD0015
FFE9BEEF
DEAD0016
FFE8BEEF
DEAD0017
FFE7BEEF
DEAD0018
FFE6BEEF
DEAD0019
FFE5BEEF
DEAD001A
FFE4BEEF
DEAD001B
FFE3BEEF
DEAD001C
FFE2BEEF
DEAD001D
FFE1BEEF
DEAD001E
FFE0BEEF
DEAD001F
FFDFBEEF
DEAD0020
FFDEBEEF
DEAD0021
00000000
00000000
0000006F
0000006F
0000006F
0000006F
0000006F
0000006F
0000006F
0000006F
0000006F
0000006F
0000006F
0000006F
0000006F
0000006F
0000006F
0000006F
0000006F
0000006F
0000006F
0000006F
0000006F
0000006F
0000006F
0000006F
0000006F
0000006F
0000006F
0000006F
0000006F
0000006F
0000006F
0000006F
0000006F
0000006F
0000006F
0000006F
0000006F
0000006F
0000006F
0000006F
0000006F
0000006F
0000006F
0000006F
0000006F
0000006F
0000006F
0000006F
0000006F
0000006F
0000006F
0000006F
0000006F
0000006F
0000006F
0000006F
0000006F
0000006F
0000006F
0000006F
0000006F
0000006F
0000006F
0000006F
0000006F
0000006F
0000006F
0000006F
0000006F
0000006F
0000006F
0000006F
0000006F
0000006F
0000006F
0000006F
0000006F
0000006F
0000006F
0000006F
0000006F
0000006F
0000006F
0000006F
0000006F
0000006F
0000006F
0000006F
0000006F
0000006F
0000006F
0000006F
0000006F
0000006F
0000006F
0000006F
0000006F
0000006F
0000006F
0000006F
0000006F
0000006F
0000006F
0000006F
0000006F
0000006F
0000006F
0000006F
0000006F
0000006F
0000006F
0000006F
0000006F
0000006F
0000006F
0000006F
0000006F
0000006F
80000040
00000000
000033E4
00000000
800083B0
00000000
00008D99
00000000
80011150
00000000
0000F060
00000000
80000040
00000000
000033E4
00000000
80011740
00000000
00000000
00000000
00000000
00000000
80003958
00000000
00000000
00000000
00000000
00000000
00000000
00000000
00000000
00000000
DEADBEEF
DEADBEEF
DEADBEEF
DEADBEEF
DEADBEEF
DEADBEEF
DEADBEEF
DEADBEEF
DEADBEEF
DEADBEEF
DEADBEEF
DEADBEEF
DEADBEEF
DEADBEEF
DEADBEEF
DEADBEEF
00000000
00000000
CA1D6EA7
C1E796A9
298259D3
D518127C
254C4A76
883A6091
42DC77C0
7FA51180
C49996BC
FB9EFB75
EEF6C945
DA459775
56FDA1F0
7796BC7B
AA604D53
E02E2995
4EC1E5BC
79D6E4ED
CCA2D58A
EA3E0FE6
8BE1A001
50451747
F80DBB4A
F8F39A1A
CBABABED
01418510
93B91CD0
1EDD43CD
F36DA2C7
6F89140B
935500F3
647A2819
A02CAD46
10AF6EAE
28930E9F
D0C0882A
6412BD88
4B7F54EE
3DE6D033
5EE74DBF
BA13652B
CB738265
C2930453
941D7FB7
F6E953E5
767F6F4C
E870E16C
37464295
E782C044
70DA41D7
4BF93415
EE18255C
CAD86200
9AE0B24D
BDA288E3
751B02AB
C6D14D92
71A1AAC4
EFBF6C39
AD84CBFC
B767AB2B
D84D9D93
4BF89703
00000000
00000001
00000002
80000000
80000001
7FFFFFFF
7FFFFFFE
FFFFFFFF
FFFFFFFE
5BBC8872
AAAAAAAA
55555555
00000000
00000000
00000000
00000000
00000000
00000000
00000000
00000000
00000000
00000000
00000000
00000000
00000000
00000000
00000000
00000000
00000000
00000000
00000000
00000000
00000001
00000001
00000001
00000001
00000001
00000001
00000001
00000001
00000001
00000001
00000001
00000001
00000001
00000001
00000001
00000001
00000001
00000001
00000001
00000001
00000002
00000002
00000002
00000002
00000002
00000002
00000002
00000002
00000002
00000002
00000002
00000002
00000002
00000002
00000002
00000002
00000002
00000002
00000002
00000002
80000000
80000000
80000000
80000000
80000000
80000000
80000000
80000000
80000000
80000000
80000000
80000000
80000000
80000000
80000000
80000000
80000000
80000000
80000000
80000000
80000001
80000001
80000001
80000001
80000001
80000001
80000001
80000001
80000001
80000001
80000001
80000001
80000001
80000001
80000001
80000001
80000001
80000001
80000001
80000001
7FFFFFFF
7FFFFFFF
7FFFFFFF
7FFFFFFF
7FFFFFFF
7FFFFFFF
7FFFFFFF
7FFFFFFF
7FFFFFFF
7FFFFFFF
7FFFFFFF
7FFFFFFF
7FFFFFFF
7FFFFFFF
7FFFFFFF
7FFFFFFF
7FFFFFFF
7FFFFFFF
7FFFFFFF
7FFFFFFF
7FFFFFFE
7FFFFFFE
7FFFFFFE
7FFFFFFE
7FFFFFFE
7FFFFFFE
7FFFFFFE
7FFFFFFE
7FFFFFFE
7FFFFFFE
7FFFFFFE
7FFFFFFE
7FFFFFFE
7FFFFFFE
7FFFFFFE
7FFFFFFE
7FFFFFFE
7FFFFFFE
7FFFFFFE
7FFFFFFE
FFFFFFFF
FFFFFFFF
FFFFFFFF
FFFFFFFF
FFFFFFFF
FFFFFFFF
FFFFFFFF
FFFFFFFF
FFFFFFFF
FFFFFFFF
FFFFFFFF
FFFFFFFF
FFFFFFFF
FFFFFFFF
FFFFFFFF
FFFFFFFF
FFFFFFFF
FFFFFFFF
FFFFFFFF
FFFFFFFF
FFFFFFFE
FFFFFFFE
FFFFFFFE
FFFFFFFE
FFFFFFFE
FFFFFFFE
FFFFFFFE
FFFFFFFE
FFFFFFFE
FFFFFFFE
FFFFFFFE
FFFFFFFE
FFFFFFFE
FFFFFFFE
FFFFFFFE
FFFFFFFE
FFFFFFFE
FFFFFFFE
FFFFFFFE
FFFFFFFE
5BBC8872
5BBC8872
5BBC8872
5BBC8872
5BBC8872
5BBC8872
5BBC8872
5BBC8872
5BBC8872
5BBC8872
5BBC8872
5BBC8872
5BBC8872
5BBC8872
5BBC8872
5BBC8872
5BBC8872
5BBC8872
5BBC8872
5BBC8872
AAAAAAAA
AAAAAAAA
AAAAAAAA
AAAAAAAA
AAAAAAAA
AAAAAAAA
AAAAAAAA
AAAAAAAA
AAAAAAAA
AAAAAAAA
AAAAAAAA
AAAAAAAA
AAAAAAAA
AAAAAAAA
AAAAAAAA
AAAAAAAA
AAAAAAAA
AAAAAAAA
AAAAAAAA
AAAAAAAA
55555555
55555555
55555555
55555555
55555555
55555555
55555555
55555555
55555555
55555555
55555555
55555555
55555555
55555555
55555555
55555555
55555555
55555555
55555555
55555555
1140EA99
983988C4
76A392F9
E8C72083
C9EAEB1C
ABB1D4E2
D874D715
C9477680
C349D525
971FA6AE
F545C27E
1C0059E3
24C357B7
5B5E761C
0777269B
A2619D3C
0BF975C1
C852CE13
BBA9BF45
7E4519AA
1410EDB9
16ED4E03
9135B475
037524FC
2B509881
988FDA1A
E792925F
39279DAD
0780F230
266DE5A5
7236BFA2
40098E00
A3D8AC2D
CEE61C09
034EFE4E
4431C8E5
B29A403F
52D6211A
8D8C0637
9AA10EDD
F88579DA
9A2785FD
34177ACD
B51EEFD2
C7A9D5FE
103E153C
5BDA1C2B
4B03A6D5
503E96D3
F080F921
2B1B57E4
73657422
31203A74
6763203B
5F49203A
69746C73
67635F75
7063203B
7063203A
3173725F
6962203B
62203A6E
22002230
74736574
3B32203A
3A676320
735F4920
7569746C
3B67635F
3A706320
5F706320
3B317372
6E696220
3162203A
74220022
3A747365
203B3320
203A6763
6C735F49
5F756974
203B6763
203A7063
725F7063
203B3173
3A6E6962
22326220
65742200
203A7473
63203B34
49203A67
746C735F
635F7569
63203B67
63203A70
73725F70
62203B31
203A6E69
00223362
73657422
35203A74
6763203B
5F49203A
69746C73
67635F75
7063203B
7063203A
3173725F
6962203B
62203A6E
22002234
74736574
3B36203A
3A676320
735F4920
7569746C
3B67635F
3A706320
5F706320
3B317372
6E696220
3562203A
74220022
3A747365
203B3720
203A6763
6C735F49
5F756974
203B6763
203A7063
725F7063
203B3173
3A6E6962
22366220
65742200
203A7473
63203B38
49203A67
746C735F
635F7569
63203B67
63203A70
73725F70
62203B31
203A6E69
00223762
73657422
39203A74
6763203B
5F49203A
69746C73
67635F75
7063203B
7063203A
3173725F
6962203B
62203A6E
22002238
74736574
3031203A
6763203B
5F49203A
69746C73
67635F75
7063203B
7063203A
3173725F
6962203B
62203A6E
22002239
74736574
3131203A
6763203B
5F49203A
69746C73
67635F75
7063203B
7063203A
3173725F
6962203B
62203A6E
00223031
73657422
31203A74
63203B32
49203A67
746C735F
635F7569
63203B67
63203A70
73725F70
62203B31
203A6E69
22313162
65742200
203A7473
203B3331
203A6763
6C735F49
5F756974
203B6763
203A7063
725F7063
203B3173
3A6E6962
32316220
74220022
3A747365
3B343120
3A676320
735F4920
7569746C
3B67635F
3A706320
5F706320
3B317372
6E696220
3162203A
22002233
74736574
3531203A
6763203B
5F49203A
69746C73
67635F75
7063203B
7063203A
3173725F
6962203B
62203A6E
00223431
73657422
31203A74
63203B36
49203A67
746C735F
635F7569
63203B67
63203A70
73725F70
62203B31
203A6E69
22353162
65742200
203A7473
203B3731
203A6763
6C735F49
5F756974
203B6763
203A7063
725F7063
203B3173
3A6E6962
36316220
74220022
3A747365
3B383120
3A676320
735F4920
7569746C
3B67635F
3A706320
5F706320
3B317372
6E696220
3162203A
22002237
74736574
3931203A
6763203B
5F49203A
69746C73
67635F75
7063203B
7063203A
3173725F
6962203B
62203A6E
00223831
73657422
32203A74
63203B30
49203A67
746C735F
635F7569
63203B67
63203A70
73725F70
62203B31
203A6E69
22393162
65742200
203A7473
203B3132
203A6763
6C735F49
5F756974
203B6763
203A7063
725F7063
203B3173
3A6E6962
30326220
74220022
3A747365
3B323220
3A676320
735F4920
7569746C
3B67635F
3A706320
5F706320
3B317372
6E696220
3262203A
22002231
74736574
3332203A
6763203B
5F49203A
69746C73
67635F75
7063203B
7063203A
3173725F
6962203B
62203A6E
00223232
73657422
32203A74
63203B34
49203A67
746C735F
635F7569
63203B67
63203A70
73725F70
62203B31
203A6E69
22333262
65742200
203A7473
203B3532
203A6763
6C735F49
5F756974
203B6763
203A7063
725F7063
203B3173
3A6E6962
34326220
74220022
3A747365
3B363220
3A676320
735F4920
7569746C
3B67635F
3A706320
5F706320
3B317372
6E696220
3262203A
22002235
74736574
3732203A
6763203B
5F49203A
69746C73
67635F75
7063203B
7063203A
3173725F
6962203B
62203A6E
00223632
73657422
32203A74
63203B38
49203A67
746C735F
635F7569
63203B67
63203A70
73725F70
62203B31
203A6E69
22373262
65742200
203A7473
203B3932
203A6763
6C735F49
5F756974
203B6763
203A7063
725F7063
203B3173
3A6E6962
38326220
74220022
3A747365
3B303320
3A676320
735F4920
7569746C
3B67635F
3A706320
5F706320
3B317372
6E696220
3262203A
22002239
74736574
3133203A
6763203B
5F49203A
69746C73
67635F75
7063203B
7063203A
3173725F
6962203B
62203A6E
00223033
73657422
33203A74
63203B32
49203A67
746C735F
635F7569
63203B67
63203A70
73725F70
62203B31
203A6E69
22313362
65742200
203A7473
203B3333
203A6763
6C735F49
5F756974
203B6763
203A7063
725F7063
786E5F64
62203B30
203A6E69
00223162
73657422
33203A74
63203B34
49203A67
746C735F
635F7569
63203B67
63203A70
64725F70
30786E5F
6962203B
62203A6E
22002232
74736574
3533203A
6763203B
5F49203A
69746C73
67635F75
7063203B
7063203A
5F64725F
3B30786E
6E696220
3362203A
74220022
3A747365
3B363320
3A676320
735F4920
7569746C
3B67635F
3A706320
5F706320
6E5F6472
203B3078
3A6E6962
22346220
65742200
203A7473
203B3733
203A6763
6C735F49
5F756974
203B6763
203A7063
725F7063
786E5F64
62203B30
203A6E69
00223562
73657422
33203A74
63203B38
49203A67
746C735F
635F7569
63203B67
63203A70
64725F70
30786E5F
6962203B
62203A6E
22002236
74736574
3933203A
6763203B
5F49203A
69746C73
67635F75
7063203B
7063203A
5F64725F
3B30786E
6E696220
3762203A
74220022
3A747365
3B303420
3A676320
735F4920
7569746C
3B67635F
3A706320
5F706320
6E5F6472
203B3078
3A6E6962
22386220
65742200
203A7473
203B3134
203A6763
6C735F49
5F756974
203B6763
203A7063
725F7063
786E5F64
62203B30
203A6E69
00223962
73657422
34203A74
63203B32
49203A67
746C735F
635F7569
63203B67
63203A70
64725F70
30786E5F
6962203B
62203A6E
00223031
73657422
34203A74
63203B33
49203A67
746C735F
635F7569
63203B67
63203A70
64725F70
30786E5F
6962203B
62203A6E
00223131
73657422
34203A74
63203B34
49203A67
746C735F
635F7569
63203B67
63203A70
64725F70
30786E5F
6962203B
62203A6E
00223231
73657422
34203A74
63203B35
49203A67
746C735F
635F7569
63203B67
63203A70
64725F70
30786E5F
6962203B
62203A6E
00223331
73657422
34203A74
63203B36
49203A67
746C735F
635F7569
63203B67
63203A70
64725F70
30786E5F
6962203B
62203A6E
00223431
73657422
34203A74
63203B37
49203A67
746C735F
635F7569
63203B67
63203A70
64725F70
30786E5F
6962203B
62203A6E
00223531
73657422
34203A74
63203B38
49203A67
746C735F
635F7569
63203B67
63203A70
64725F70
30786E5F
6962203B
62203A6E
00223631
73657422
34203A74
63203B39
49203A67
746C735F
635F7569
63203B67
63203A70
64725F70
30786E5F
6962203B
62203A6E
00223731
73657422
35203A74
63203B30
49203A67
746C735F
635F7569
63203B67
63203A70
64725F70
30786E5F
6962203B
62203A6E
00223831
73657422
35203A74
63203B31
49203A67
746C735F
635F7569
63203B67
63203A70
64725F70
30786E5F
6962203B
62203A6E
00223931
73657422
35203A74
63203B32
49203A67
746C735F
635F7569
63203B67
63203A70
64725F70
30786E5F
6962203B
62203A6E
00223032
73657422
35203A74
63203B33
49203A67
746C735F
635F7569
63203B67
63203A70
64725F70
30786E5F
6962203B
62203A6E
00223132
73657422
35203A74
63203B34
49203A67
746C735F
635F7569
63203B67
63203A70
64725F70
30786E5F
6962203B
62203A6E
00223232
73657422
35203A74
63203B35
49203A67
746C735F
635F7569
63203B67
63203A70
64725F70
30786E5F
6962203B
62203A6E
00223332
73657422
35203A74
63203B36
49203A67
746C735F
635F7569
63203B67
63203A70
64725F70
30786E5F
6962203B
62203A6E
00223432
73657422
35203A74
63203B37
49203A67
746C735F
635F7569
63203B67
63203A70
64725F70
30786E5F
6962203B
62203A6E
00223532
73657422
35203A74
63203B38
49203A67
746C735F
635F7569
63203B67
63203A70
64725F70
30786E5F
6962203B
62203A6E
00223632
73657422
35203A74
63203B39
49203A67
746C735F
635F7569
63203B67
63203A70
64725F70
30786E5F
6962203B
62203A6E
00223732
73657422
36203A74
63203B30
49203A67
746C735F
635F7569
63203B67
63203A70
64725F70
30786E5F
6962203B
62203A6E
00223832
73657422
36203A74
63203B31
49203A67
746C735F
635F7569
63203B67
63203A70
64725F70
30786E5F
6962203B
62203A6E
00223932
73657422
36203A74
63203B32
49203A67
746C735F
635F7569
63203B67
63203A70
64725F70
30786E5F
6962203B
62203A6E
00223033
73657422
36203A74
63203B33
49203A67
746C735F
635F7569
63203B67
63203A70
64725F70
30786E5F
6962203B
62203A6E
00223133
73657422
36203A74
63203B34
49203A67
746C735F
635F7569
63203B67
63203A70
73725F70
64655F31
3B736567
6E696220
7830203A
22002230
74736574
3536203A
6763203B
5F49203A
69746C73
67635F75
7063203B
7063203A
3173725F
6764655F
203B7365
3A6E6962
31783020
74220022
3A747365
3B363620
3A676320
735F4920
7569746C
3B67635F
3A706320
5F706320
5F317372
65676465
62203B73
203A6E69
22327830
65742200
203A7473
203B3736
203A6763
6C735F49
5F756974
203B6763
203A7063
725F7063
655F3173
73656764
6962203B
30203A6E
30303878
30303030
22002230
74736574
3836203A
6763203B
5F49203A
69746C73
67635F75
7063203B
7063203A
3173725F
6764655F
203B7365
3A6E6962
38783020
30303030
22313030
65742200
203A7473
203B3936
203A6763
6C735F49
5F756974
203B6763
203A7063
725F7063
655F3173
73656764
6962203B
30203A6E
66663778
66666666
22002266
74736574
3037203A
6763203B
5F49203A
69746C73
67635F75
7063203B
7063203A
3173725F
6764655F
203B7365
3A6E6962
37783020
66666666
22656666
65742200
203A7473
203B3137
203A6763
6C735F49
5F756974
203B6763
203A7063
725F7063
655F3173
73656764
6962203B
30203A6E
66666678
66666666
22002266
74736574
3237203A
6763203B
5F49203A
69746C73
67635F75
7063203B
7063203A
3173725F
6764655F
203B7365
3A6E6962
66783020
66666666
22656666
65742200
203A7473
203B3337
203A6763
6C735F49
5F756974
203B6763
203A7063
725F7063
655F3173
73656764
6962203B
30203A6E
62623578
37383863
22002232
74736574
3437203A
6763203B
5F49203A
69746C73
67635F75
7063203B
7063203A
3173725F
6764655F
203B7365
3A6E6962
61783020
61616161
22616161
65742200
203A7473
203B3537
203A6763
6C735F49
5F756974
203B6763
203A7063
725F7063
655F3173
73656764
6962203B
30203A6E
35353578
35353535
22002235
74736574
3637203A
6763203B
5F49203A
69746C73
67635F75
7063203B
7263203A
3173725F
6D6D695F
6764655F
203B7365
3A6E6962
31737220
3D6C6176
2C307830
6D6D6920
3D6C6176
22307830
65742200
203A7473
203B3737
203A6763
6C735F49
5F756974
203B6763
203A7063
725F7263
695F3173
655F6D6D
73656764
6962203B
72203A6E
61763173
78303D6C
69202C30
61766D6D
78303D6C
22002231
74736574
3837203A
6763203B
5F49203A
69746C73
67635F75
7063203B
7263203A
3173725F
6D6D695F
6764655F
203B7365
3A6E6962
31737220
3D6C6176
2C307830
6D6D6920
3D6C6176
22327830
65742200
203A7473
203B3937
203A6763
6C735F49
5F756974
203B6763
203A7063
725F7263
695F3173
655F6D6D
73656764
6962203B
72203A6E
61763173
78303D6C
69202C30
61766D6D
78303D6C
22002233
74736574
3038203A
6763203B
5F49203A
69746C73
67635F75
7063203B
7263203A
3173725F
6D6D695F
6764655F
203B7365
3A6E6962
31737220
3D6C6176
2C307830
6D6D6920
3D6C6176
22347830
65742200
203A7473
203B3138
203A6763
6C735F49
5F756974
203B6763
203A7063
725F7263
695F3173
655F6D6D
73656764
6962203B
72203A6E
61763173
78303D6C
69202C30
61766D6D
78303D6C
22002238
74736574
3238203A
6763203B
5F49203A
69746C73
67635F75
7063203B
7263203A
3173725F
6D6D695F
6764655F
203B7365
3A6E6962
31737220
3D6C6176
2C307830
6D6D6920
3D6C6176
30317830
74220022
3A747365
3B333820
3A676320
735F4920
7569746C
3B67635F
3A706320
5F726320
5F317372
5F6D6D69
65676465
62203B73
203A6E69
76317372
303D6C61
202C3078
766D6D69
303D6C61
22303278
65742200
203A7473
203B3438
203A6763
6C735F49
5F756974
203B6763
203A7063
725F7263
695F3173
655F6D6D
73656764
6962203B
72203A6E
61763173
78303D6C
69202C30
61766D6D
78303D6C
00223034
73657422
38203A74
63203B35
49203A67
746C735F
635F7569
63203B67
63203A70
73725F72
6D695F31
64655F6D
3B736567
6E696220
7372203A
6C617631
3078303D
6D69202C
6C61766D
3878303D
22002230
74736574
3638203A
6763203B
5F49203A
69746C73
67635F75
7063203B
7263203A
3173725F
6D6D695F
6764655F
203B7365
3A6E6962
31737220
3D6C6176
2C307830
6D6D6920
3D6C6176
30317830
22002230
74736574
3738203A
6763203B
5F49203A
69746C73
67635F75
7063203B
7263203A
3173725F
6D6D695F
6764655F
203B7365
3A6E6962
31737220
3D6C6176
2C307830
6D6D6920
3D6C6176
30327830
22002230
74736574
3838203A
6763203B
5F49203A
69746C73
67635F75
7063203B
7263203A
3173725F
6D6D695F
6764655F
203B7365
3A6E6962
31737220
3D6C6176
2C307830
6D6D6920
3D6C6176
66337830
22002266
74736574
3938203A
6763203B
5F49203A
69746C73
67635F75
7063203B
7263203A
3173725F
6D6D695F
6764655F
203B7365
3A6E6962
31737220
3D6C6176
2C307830
6D6D6920
3D6C6176
30347830
22002230
74736574
3039203A
6763203B
5F49203A
69746C73
67635F75
7063203B
7263203A
3173725F
6D6D695F
6764655F
203B7365
3A6E6962
31737220
3D6C6176
2C307830
6D6D6920
3D6C6176
30377830
22002233
74736574
3139203A
6763203B
5F49203A
69746C73
67635F75
7063203B
7263203A
3173725F
6D6D695F
6764655F
203B7365
3A6E6962
31737220
3D6C6176
2C307830
6D6D6920
3D6C6176
66377830
22002266
74736574
3239203A
6763203B
5F49203A
69746C73
67635F75
7063203B
7263203A
3173725F
6D6D695F
6764655F
203B7365
3A6E6962
31737220
3D6C6176
2C307830
6D6D6920
3D6C6176
3878302D
00223030
73657422
39203A74
63203B33
49203A67
746C735F
635F7569
63203B67
63203A70
73725F72
6D695F31
64655F6D
3B736567
6E696220
7372203A
6C617631
3078303D
6D69202C
6C61766D
78302D3D
22666637
65742200
203A7473
203B3439
203A6763
6C735F49
5F756974
203B6763
203A7063
725F7263
695F3173
655F6D6D
73656764
6962203B
72203A6E
61763173
78303D6C
69202C30
61766D6D
302D3D6C
00223278
73657422
39203A74
63203B35
49203A67
746C735F
635F7569
63203B67
63203A70
73725F72
6D695F31
64655F6D
3B736567
6E696220
7372203A
6C617631
3078303D
6D69202C
6C61766D
78302D3D
22002231
74736574
3639203A
6763203B
5F49203A
69746C73
67635F75
7063203B
7263203A
3173725F
6D6D695F
6764655F
203B7365
3A6E6962
31737220
3D6C6176
2C317830
6D6D6920
3D6C6176
22307830
65742200
203A7473
203B3739
203A6763
6C735F49
5F756974
203B6763
203A7063
725F7263
695F3173
655F6D6D
73656764
6962203B
72203A6E
61763173
78303D6C
69202C31
61766D6D
78303D6C
22002231
74736574
3839203A
6763203B
5F49203A
69746C73
67635F75
7063203B
7263203A
3173725F
6D6D695F
6764655F
203B7365
3A6E6962
31737220
3D6C6176
2C317830
6D6D6920
3D6C6176
22327830
65742200
203A7473
203B3939
203A6763
6C735F49
5F756974
203B6763
203A7063
725F7263
695F3173
655F6D6D
73656764
6962203B
72203A6E
61763173
78303D6C
69202C31
61766D6D
78303D6C
22002233
74736574
3031203A
63203B30
49203A67
746C735F
635F7569
63203B67
63203A70
73725F72
6D695F31
64655F6D
3B736567
6E696220
7372203A
6C617631
3178303D
6D69202C
6C61766D
3478303D
74220022
3A747365
31303120
6763203B
5F49203A
69746C73
67635F75
7063203B
7263203A
3173725F
6D6D695F
6764655F
203B7365
3A6E6962
31737220
3D6C6176
2C317830
6D6D6920
3D6C6176
22387830
65742200
203A7473
3B323031
3A676320
735F4920
7569746C
3B67635F
3A706320
5F726320
5F317372
5F6D6D69
65676465
62203B73
203A6E69
76317372
303D6C61
202C3178
766D6D69
303D6C61
22303178
65742200
203A7473
3B333031
3A676320
735F4920
7569746C
3B67635F
3A706320
5F726320
5F317372
5F6D6D69
65676465
62203B73
203A6E69
76317372
303D6C61
202C3178
766D6D69
303D6C61
22303278
65742200
203A7473
3B343031
3A676320
735F4920
7569746C
3B67635F
3A706320
5F726320
5F317372
5F6D6D69
65676465
62203B73
203A6E69
76317372
303D6C61
202C3178
766D6D69
303D6C61
22303478
65742200
203A7473
3B353031
3A676320
735F4920
7569746C
3B67635F
3A706320
5F726320
5F317372
5F6D6D69
65676465
62203B73
203A6E69
76317372
303D6C61
202C3178
766D6D69
303D6C61
22303878
65742200
203A7473
3B363031
3A676320
735F4920
7569746C
3B67635F
3A706320
5F726320
5F317372
5F6D6D69
65676465
62203B73
203A6E69
76317372
303D6C61
202C3178
766D6D69
303D6C61
30303178
74220022
3A747365
37303120
6763203B
5F49203A
69746C73
67635F75
7063203B
7263203A
3173725F
6D6D695F
6764655F
203B7365
3A6E6962
31737220
3D6C6176
2C317830
6D6D6920
3D6C6176
30327830
22002230
74736574
3031203A
63203B38
49203A67
746C735F
635F7569
63203B67
63203A70
73725F72
6D695F31
64655F6D
3B736567
6E696220
7372203A
6C617631
3178303D
6D69202C
6C61766D
3378303D
00226666
73657422
31203A74
203B3930
203A6763
6C735F49
5F756974
203B6763
203A7063
725F7263
695F3173
655F6D6D
73656764
6962203B
72203A6E
61763173
78303D6C
69202C31
61766D6D
78303D6C
22303034
65742200
203A7473
3B303131
3A676320
735F4920
7569746C
3B67635F
3A706320
5F726320
5F317372
5F6D6D69
65676465
62203B73
203A6E69
76317372
303D6C61
202C3178
766D6D69
303D6C61
33303778
74220022
3A747365
31313120
6763203B
5F49203A
69746C73
67635F75
7063203B
7263203A
3173725F
6D6D695F
6764655F
203B7365
3A6E6962
31737220
3D6C6176
2C317830
6D6D6920
3D6C6176
66377830
22002266
74736574
3131203A
63203B32
49203A67
746C735F
635F7569
63203B67
63203A70
73725F72
6D695F31
64655F6D
3B736567
6E696220
7372203A
6C617631
3178303D
6D69202C
6C61766D
78302D3D
22303038
65742200
203A7473
3B333131
3A676320
735F4920
7569746C
3B67635F
3A706320
5F726320
5F317372
5F6D6D69
65676465
62203B73
203A6E69
76317372
303D6C61
202C3178
766D6D69
2D3D6C61
66377830
22002266
74736574
3131203A
63203B34
49203A67
746C735F
635F7569
63203B67
63203A70
73725F72
6D695F31
64655F6D
3B736567
6E696220
7372203A
6C617631
3178303D
6D69202C
6C61766D
78302D3D
22002232
74736574
3131203A
63203B35
49203A67
746C735F
635F7569
63203B67
63203A70
73725F72
6D695F31
64655F6D
3B736567
6E696220
7372203A
6C617631
3178303D
6D69202C
6C61766D
78302D3D
22002231
74736574
3131203A
63203B36
49203A67
746C735F
635F7569
63203B67
63203A70
73725F72
6D695F31
64655F6D
3B736567
6E696220
7372203A
6C617631
3278303D
6D69202C
6C61766D
3078303D
74220022
3A747365
37313120
6763203B
5F49203A
69746C73
67635F75
7063203B
7263203A
3173725F
6D6D695F
6764655F
203B7365
3A6E6962
31737220
3D6C6176
2C327830
6D6D6920
3D6C6176
22317830
65742200
203A7473
3B383131
3A676320
735F4920
7569746C
3B67635F
3A706320
5F726320
5F317372
5F6D6D69
65676465
62203B73
203A6E69
76317372
303D6C61
202C3278
766D6D69
303D6C61
00223278
73657422
31203A74
203B3931
203A6763
6C735F49
5F756974
203B6763
203A7063
725F7263
695F3173
655F6D6D
73656764
6962203B
72203A6E
61763173
78303D6C
69202C32
61766D6D
78303D6C
22002233
74736574
3231203A
63203B30
49203A67
746C735F
635F7569
63203B67
63203A70
73725F72
6D695F31
64655F6D
3B736567
6E696220
7372203A
6C617631
3278303D
6D69202C
6C61766D
3478303D
74220022
3A747365
31323120
6763203B
5F49203A
69746C73
67635F75
7063203B
7263203A
3173725F
6D6D695F
6764655F
203B7365
3A6E6962
31737220
3D6C6176
2C327830
6D6D6920
3D6C6176
22387830
65742200
203A7473
3B323231
3A676320
735F4920
7569746C
3B67635F
3A706320
5F726320
5F317372
5F6D6D69
65676465
62203B73
203A6E69
76317372
303D6C61
202C3278
766D6D69
303D6C61
22303178
65742200
203A7473
3B333231
3A676320
735F4920
7569746C
3B67635F
3A706320
5F726320
5F317372
5F6D6D69
65676465
62203B73
203A6E69
76317372
303D6C61
202C3278
766D6D69
303D6C61
22303278
65742200
203A7473
3B343231
3A676320
735F4920
7569746C
3B67635F
3A706320
5F726320
5F317372
5F6D6D69
65676465
62203B73
203A6E69
76317372
303D6C61
202C3278
766D6D69
303D6C61
22303478
65742200
203A7473
3B353231
3A676320
735F4920
7569746C
3B67635F
3A706320
5F726320
5F317372
5F6D6D69
65676465
62203B73
203A6E69
76317372
303D6C61
202C3278
766D6D69
303D6C61
22303878
65742200
203A7473
3B363231
3A676320
735F4920
7569746C
3B67635F
3A706320
5F726320
5F317372
5F6D6D69
65676465
62203B73
203A6E69
76317372
303D6C61
202C3278
766D6D69
303D6C61
30303178
74220022
3A747365
37323120
6763203B
5F49203A
69746C73
67635F75
7063203B
7263203A
3173725F
6D6D695F
6764655F
203B7365
3A6E6962
31737220
3D6C6176
2C327830
6D6D6920
3D6C6176
30327830
22002230
74736574
3231203A
63203B38
49203A67
746C735F
635F7569
63203B67
63203A70
73725F72
6D695F31
64655F6D
3B736567
6E696220
7372203A
6C617631
3278303D
6D69202C
6C61766D
3378303D
00226666
73657422
31203A74
203B3932
203A6763
6C735F49
5F756974
203B6763
203A7063
725F7263
695F3173
655F6D6D
73656764
6962203B
72203A6E
61763173
78303D6C
69202C32
61766D6D
78303D6C
22303034
65742200
203A7473
3B303331
3A676320
735F4920
7569746C
3B67635F
3A706320
5F726320
5F317372
5F6D6D69
65676465
62203B73
203A6E69
76317372
303D6C61
202C3278
766D6D69
303D6C61
33303778
74220022
3A747365
31333120
6763203B
5F49203A
69746C73
67635F75
7063203B
7263203A
3173725F
6D6D695F
6764655F
203B7365
3A6E6962
31737220
3D6C6176
2C327830
6D6D6920
3D6C6176
66377830
22002266
74736574
3331203A
63203B32
49203A67
746C735F
635F7569
63203B67
63203A70
73725F72
6D695F31
64655F6D
3B736567
6E696220
7372203A
6C617631
3278303D
6D69202C
6C61766D
78302D3D
22303038
65742200
203A7473
3B333331
3A676320
735F4920
7569746C
3B67635F
3A706320
5F726320
5F317372
5F6D6D69
65676465
62203B73
203A6E69
76317372
303D6C61
202C3278
766D6D69
2D3D6C61
66377830
22002266
74736574
3331203A
63203B34
49203A67
746C735F
635F7569
63203B67
63203A70
73725F72
6D695F31
64655F6D
3B736567
6E696220
7372203A
6C617631
3278303D
6D69202C
6C61766D
78302D3D
22002232
74736574
3331203A
63203B35
49203A67
746C735F
635F7569
63203B67
63203A70
73725F72
6D695F31
64655F6D
3B736567
6E696220
7372203A
6C617631
3278303D
6D69202C
6C61766D
78302D3D
22002231
74736574
3331203A
63203B36
49203A67
746C735F
635F7569
63203B67
63203A70
73725F72
6D695F31
64655F6D
3B736567
6E696220
7372203A
6C617631
3878303D
30303030
2C303030
6D6D6920
3D6C6176
22307830
65742200
203A7473
3B373331
3A676320
735F4920
7569746C
3B67635F
3A706320
5F726320
5F317372
5F6D6D69
65676465
62203B73
203A6E69
76317372
303D6C61
30303878
30303030
69202C30
61766D6D
78303D6C
22002231
74736574
3331203A
63203B38
49203A67
746C735F
635F7569
63203B67
63203A70
73725F72
6D695F31
64655F6D
3B736567
6E696220
7372203A
6C617631
3878303D
30303030
2C303030
6D6D6920
3D6C6176
22327830
65742200
203A7473
3B393331
3A676320
735F4920
7569746C
3B67635F
3A706320
5F726320
5F317372
5F6D6D69
65676465
62203B73
203A6E69
76317372
303D6C61
30303878
30303030
69202C30
61766D6D
78303D6C
22002233
74736574
3431203A
63203B30
49203A67
746C735F
635F7569
63203B67
63203A70
73725F72
6D695F31
64655F6D
3B736567
6E696220
7372203A
6C617631
3878303D
30303030
2C303030
6D6D6920
3D6C6176
22347830
65742200
203A7473
3B313431
3A676320
735F4920
7569746C
3B67635F
3A706320
5F726320
5F317372
5F6D6D69
65676465
62203B73
203A6E69
76317372
303D6C61
30303878
30303030
69202C30
61766D6D
78303D6C
22002238
74736574
3431203A
63203B32
49203A67
746C735F
635F7569
63203B67
63203A70
73725F72
6D695F31
64655F6D
3B736567
6E696220
7372203A
6C617631
3878303D
30303030
2C303030
6D6D6920
3D6C6176
30317830
74220022
3A747365
33343120
6763203B
5F49203A
69746C73
67635F75
7063203B
7263203A
3173725F
6D6D695F
6764655F
203B7365
3A6E6962
31737220
3D6C6176
30387830
30303030
202C3030
766D6D69
303D6C61
22303278
65742200
203A7473
3B343431
3A676320
735F4920
7569746C
3B67635F
3A706320
5F726320
5F317372
5F6D6D69
65676465
62203B73
203A6E69
76317372
303D6C61
30303878
30303030
69202C30
61766D6D
78303D6C
00223034
73657422
31203A74
203B3534
203A6763
6C735F49
5F756974
203B6763
203A7063
725F7263
695F3173
655F6D6D
73656764
6962203B
72203A6E
61763173
78303D6C
30303038
30303030
6D69202C
6C61766D
3878303D
22002230
74736574
3431203A
63203B36
49203A67
746C735F
635F7569
63203B67
63203A70
73725F72
6D695F31
64655F6D
3B736567
6E696220
7372203A
6C617631
3878303D
30303030
2C303030
6D6D6920
3D6C6176
30317830
22002230
74736574
3431203A
63203B37
49203A67
746C735F
635F7569
63203B67
63203A70
73725F72
6D695F31
64655F6D
3B736567
6E696220
7372203A
6C617631
3878303D
30303030
2C303030
6D6D6920
3D6C6176
30327830
22002230
74736574
3431203A
63203B38
49203A67
746C735F
635F7569
63203B67
63203A70
73725F72
6D695F31
64655F6D
3B736567
6E696220
7372203A
6C617631
3878303D
30303030
2C303030
6D6D6920
3D6C6176
66337830
22002266
74736574
3431203A
63203B39
49203A67
746C735F
635F7569
63203B67
63203A70
73725F72
6D695F31
64655F6D
3B736567
6E696220
7372203A
6C617631
3878303D
30303030
2C303030
6D6D6920
3D6C6176
30347830
22002230
74736574
3531203A
63203B30
49203A67
746C735F
635F7569
63203B67
63203A70
73725F72
6D695F31
64655F6D
3B736567
6E696220
7372203A
6C617631
3878303D
30303030
2C303030
6D6D6920
3D6C6176
30377830
22002233
74736574
3531203A
63203B31
49203A67
746C735F
635F7569
63203B67
63203A70
73725F72
6D695F31
64655F6D
3B736567
6E696220
7372203A
6C617631
3878303D
30303030
2C303030
6D6D6920
3D6C6176
66377830
22002266
74736574
3531203A
63203B32
49203A67
746C735F
635F7569
63203B67
63203A70
73725F72
6D695F31
64655F6D
3B736567
6E696220
7372203A
6C617631
3878303D
30303030
2C303030
6D6D6920
3D6C6176
3878302D
00223030
73657422
31203A74
203B3335
203A6763
6C735F49
5F756974
203B6763
203A7063
725F7263
695F3173
655F6D6D
73656764
6962203B
72203A6E
61763173
78303D6C
30303038
30303030
6D69202C
6C61766D
78302D3D
22666637
65742200
203A7473
3B343531
3A676320
735F4920
7569746C
3B67635F
3A706320
5F726320
5F317372
5F6D6D69
65676465
62203B73
203A6E69
76317372
303D6C61
30303878
30303030
69202C30
61766D6D
302D3D6C
00223278
73657422
31203A74
203B3535
203A6763
6C735F49
5F756974
203B6763
203A7063
725F7263
695F3173
655F6D6D
73656764
6962203B
72203A6E
61763173
78303D6C
30303038
30303030
6D69202C
6C61766D
78302D3D
22002231
74736574
3531203A
63203B36
49203A67
746C735F
635F7569
63203B67
63203A70
73725F72
6D695F31
64655F6D
3B736567
6E696220
7372203A
6C617631
3878303D
30303030
2C313030
6D6D6920
3D6C6176
22307830
65742200
203A7473
3B373531
3A676320
735F4920
7569746C
3B67635F
3A706320
5F726320
5F317372
5F6D6D69
65676465
62203B73
203A6E69
76317372
303D6C61
30303878
30303030
69202C31
61766D6D
78303D6C
22002231
74736574
3531203A
63203B38
49203A67
746C735F
635F7569
63203B67
63203A70
73725F72
6D695F31
64655F6D
3B736567
6E696220
7372203A
6C617631
3878303D
30303030
2C313030
6D6D6920
3D6C6176
22327830
65742200
203A7473
3B393531
3A676320
735F4920
7569746C
3B67635F
3A706320
5F726320
5F317372
5F6D6D69
65676465
62203B73
203A6E69
76317372
303D6C61
30303878
30303030
69202C31
61766D6D
78303D6C
22002233
74736574
3631203A
63203B30
49203A67
746C735F
635F7569
63203B67
63203A70
73725F72
6D695F31
64655F6D
3B736567
6E696220
7372203A
6C617631
3878303D
30303030
2C313030
6D6D6920
3D6C6176
22347830
65742200
203A7473
3B313631
3A676320
735F4920
7569746C
3B67635F
3A706320
5F726320
5F317372
5F6D6D69
65676465
62203B73
203A6E69
76317372
303D6C61
30303878
30303030
69202C31
61766D6D
78303D6C
22002238
74736574
3631203A
63203B32
49203A67
746C735F
635F7569
63203B67
63203A70
73725F72
6D695F31
64655F6D
3B736567
6E696220
7372203A
6C617631
3878303D
30303030
2C313030
6D6D6920
3D6C6176
30317830
74220022
3A747365
33363120
6763203B
5F49203A
69746C73
67635F75
7063203B
7263203A
3173725F
6D6D695F
6764655F
203B7365
3A6E6962
31737220
3D6C6176
30387830
30303030
202C3130
766D6D69
303D6C61
22303278
65742200
203A7473
3B343631
3A676320
735F4920
7569746C
3B67635F
3A706320
5F726320
5F317372
5F6D6D69
65676465
62203B73
203A6E69
76317372
303D6C61
30303878
30303030
69202C31
61766D6D
78303D6C
00223034
73657422
31203A74
203B3536
203A6763
6C735F49
5F756974
203B6763
203A7063
725F7263
695F3173
655F6D6D
73656764
6962203B
72203A6E
61763173
78303D6C
30303038
31303030
6D69202C
6C61766D
3878303D
22002230
74736574
3631203A
63203B36
49203A67
746C735F
635F7569
63203B67
63203A70
73725F72
6D695F31
64655F6D
3B736567
6E696220
7372203A
6C617631
3878303D
30303030
2C313030
6D6D6920
3D6C6176
30317830
22002230
74736574
3631203A
63203B37
49203A67
746C735F
635F7569
63203B67
63203A70
73725F72
6D695F31
64655F6D
3B736567
6E696220
7372203A
6C617631
3878303D
30303030
2C313030
6D6D6920
3D6C6176
30327830
22002230
74736574
3631203A
63203B38
49203A67
746C735F
635F7569
63203B67
63203A70
73725F72
6D695F31
64655F6D
3B736567
6E696220
7372203A
6C617631
3878303D
30303030
2C313030
6D6D6920
3D6C6176
66337830
22002266
74736574
3631203A
63203B39
49203A67
746C735F
635F7569
63203B67
63203A70
73725F72
6D695F31
64655F6D
3B736567
6E696220
7372203A
6C617631
3878303D
30303030
2C313030
6D6D6920
3D6C6176
30347830
22002230
74736574
3731203A
63203B30
49203A67
746C735F
635F7569
63203B67
63203A70
73725F72
6D695F31
64655F6D
3B736567
6E696220
7372203A
6C617631
3878303D
30303030
2C313030
6D6D6920
3D6C6176
30377830
22002233
74736574
3731203A
63203B31
49203A67
746C735F
635F7569
63203B67
63203A70
73725F72
6D695F31
64655F6D
3B736567
6E696220
7372203A
6C617631
3878303D
30303030
2C313030
6D6D6920
3D6C6176
66377830
22002266
74736574
3731203A
63203B32
49203A67
746C735F
635F7569
63203B67
63203A70
73725F72
6D695F31
64655F6D
3B736567
6E696220
7372203A
6C617631
3878303D
30303030
2C313030
6D6D6920
3D6C6176
3878302D
00223030
73657422
31203A74
203B3337
203A6763
6C735F49
5F756974
203B6763
203A7063
725F7263
695F3173
655F6D6D
73656764
6962203B
72203A6E
61763173
78303D6C
30303038
31303030
6D69202C
6C61766D
78302D3D
22666637
65742200
203A7473
3B343731
3A676320
735F4920
7569746C
3B67635F
3A706320
5F726320
5F317372
5F6D6D69
65676465
62203B73
203A6E69
76317372
303D6C61
30303878
30303030
69202C31
61766D6D
302D3D6C
00223278
73657422
31203A74
203B3537
203A6763
6C735F49
5F756974
203B6763
203A7063
725F7263
695F3173
655F6D6D
73656764
6962203B
72203A6E
61763173
78303D6C
30303038
31303030
6D69202C
6C61766D
78302D3D
22002231
74736574
3731203A
63203B36
49203A67
746C735F
635F7569
63203B67
63203A70
73725F72
6D695F31
64655F6D
3B736567
6E696220
7372203A
6C617631
3778303D
66666666
2C666666
6D6D6920
3D6C6176
22307830
65742200
203A7473
3B373731
3A676320
735F4920
7569746C
3B67635F
3A706320
5F726320
5F317372
5F6D6D69
65676465
62203B73
203A6E69
76317372
303D6C61
66663778
66666666
69202C66
61766D6D
78303D6C
22002231
74736574
3731203A
63203B38
49203A67
746C735F
635F7569
63203B67
63203A70
73725F72
6D695F31
64655F6D
3B736567
6E696220
7372203A
6C617631
3778303D
66666666
2C666666
6D6D6920
3D6C6176
22327830
65742200
203A7473
3B393731
3A676320
735F4920
7569746C
3B67635F
3A706320
5F726320
5F317372
5F6D6D69
65676465
62203B73
203A6E69
76317372
303D6C61
66663778
66666666
69202C66
61766D6D
78303D6C
22002233
74736574
3831203A
63203B30
49203A67
746C735F
635F7569
63203B67
63203A70
73725F72
6D695F31
64655F6D
3B736567
6E696220
7372203A
6C617631
3778303D
66666666
2C666666
6D6D6920
3D6C6176
22347830
65742200
203A7473
3B313831
3A676320
735F4920
7569746C
3B67635F
3A706320
5F726320
5F317372
5F6D6D69
65676465
62203B73
203A6E69
76317372
303D6C61
66663778
66666666
69202C66
61766D6D
78303D6C
22002238
74736574
3831203A
63203B32
49203A67
746C735F
635F7569
63203B67
63203A70
73725F72
6D695F31
64655F6D
3B736567
6E696220
7372203A
6C617631
3778303D
66666666
2C666666
6D6D6920
3D6C6176
30317830
74220022
3A747365
33383120
6763203B
5F49203A
69746C73
67635F75
7063203B
7263203A
3173725F
6D6D695F
6764655F
203B7365
3A6E6962
31737220
3D6C6176
66377830
66666666
202C6666
766D6D69
303D6C61
22303278
65742200
203A7473
3B343831
3A676320
735F4920
7569746C
3B67635F
3A706320
5F726320
5F317372
5F6D6D69
65676465
62203B73
203A6E69
76317372
303D6C61
66663778
66666666
69202C66
61766D6D
78303D6C
00223034
73657422
31203A74
203B3538
203A6763
6C735F49
5F756974
203B6763
203A7063
725F7263
695F3173
655F6D6D
73656764
6962203B
72203A6E
61763173
78303D6C
66666637
66666666
6D69202C
6C61766D
3878303D
22002230
74736574
3831203A
63203B36
49203A67
746C735F
635F7569
63203B67
63203A70
73725F72
6D695F31
64655F6D
3B736567
6E696220
7372203A
6C617631
3778303D
66666666
2C666666
6D6D6920
3D6C6176
30317830
22002230
74736574
3831203A
63203B37
49203A67
746C735F
635F7569
63203B67
63203A70
73725F72
6D695F31
64655F6D
3B736567
6E696220
7372203A
6C617631
3778303D
66666666
2C666666
6D6D6920
3D6C6176
30327830
22002230
74736574
3831203A
63203B38
49203A67
746C735F
635F7569
63203B67
63203A70
73725F72
6D695F31
64655F6D
3B736567
6E696220
7372203A
6C617631
3778303D
66666666
2C666666
6D6D6920
3D6C6176
66337830
22002266
74736574
3831203A
63203B39
49203A67
746C735F
635F7569
63203B67
63203A70
73725F72
6D695F31
64655F6D
3B736567
6E696220
7372203A
6C617631
3778303D
66666666
2C666666
6D6D6920
3D6C6176
30347830
22002230
74736574
3931203A
63203B30
49203A67
746C735F
635F7569
63203B67
63203A70
73725F72
6D695F31
64655F6D
3B736567
6E696220
7372203A
6C617631
3778303D
66666666
2C666666
6D6D6920
3D6C6176
30377830
22002233
74736574
3931203A
63203B31
49203A67
746C735F
635F7569
63203B67
63203A70
73725F72
6D695F31
64655F6D
3B736567
6E696220
7372203A
6C617631
3778303D
66666666
2C666666
6D6D6920
3D6C6176
66377830
22002266
74736574
3931203A
63203B32
49203A67
746C735F
635F7569
63203B67
63203A70
73725F72
6D695F31
64655F6D
3B736567
6E696220
7372203A
6C617631
3778303D
66666666
2C666666
6D6D6920
3D6C6176
3878302D
00223030
73657422
31203A74
203B3339
203A6763
6C735F49
5F756974
203B6763
203A7063
725F7263
695F3173
655F6D6D
73656764
6962203B
72203A6E
61763173
78303D6C
66666637
66666666
6D69202C
6C61766D
78302D3D
22666637
65742200
203A7473
3B343931
3A676320
735F4920
7569746C
3B67635F
3A706320
5F726320
5F317372
5F6D6D69
65676465
62203B73
203A6E69
76317372
303D6C61
66663778
66666666
69202C66
61766D6D
302D3D6C
00223278
73657422
31203A74
203B3539
203A6763
6C735F49
5F756974
203B6763
203A7063
725F7263
695F3173
655F6D6D
73656764
6962203B
72203A6E
61763173
78303D6C
66666637
66666666
6D69202C
6C61766D
78302D3D
22002231
74736574
3931203A
63203B36
49203A67
746C735F
635F7569
63203B67
63203A70
73725F72
6D695F31
64655F6D
3B736567
6E696220
7372203A
6C617631
3778303D
66666666
2C656666
6D6D6920
3D6C6176
22307830
65742200
203A7473
3B373931
3A676320
735F4920
7569746C
3B67635F
3A706320
5F726320
5F317372
5F6D6D69
65676465
62203B73
203A6E69
76317372
303D6C61
66663778
66666666
69202C65
61766D6D
78303D6C
22002231
74736574
3931203A
63203B38
49203A67
746C735F
635F7569
63203B67
63203A70
73725F72
6D695F31
64655F6D
3B736567
6E696220
7372203A
6C617631
3778303D
66666666
2C656666
6D6D6920
3D6C6176
22327830
65742200
203A7473
3B393931
3A676320
735F4920
7569746C
3B67635F
3A706320
5F726320
5F317372
5F6D6D69
65676465
62203B73
203A6E69
76317372
303D6C61
66663778
66666666
69202C65
61766D6D
78303D6C
22002233
74736574
3032203A
63203B30
49203A67
746C735F
635F7569
63203B67
63203A70
73725F72
6D695F31
64655F6D
3B736567
6E696220
7372203A
6C617631
3778303D
66666666
2C656666
6D6D6920
3D6C6176
22347830
65742200
203A7473
3B313032
3A676320
735F4920
7569746C
3B67635F
3A706320
5F726320
5F317372
5F6D6D69
65676465
62203B73
203A6E69
76317372
303D6C61
66663778
66666666
69202C65
61766D6D
78303D6C
22002238
74736574
3032203A
63203B32
49203A67
746C735F
635F7569
63203B67
63203A70
73725F72
6D695F31
64655F6D
3B736567
6E696220
7372203A
6C617631
3778303D
66666666
2C656666
6D6D6920
3D6C6176
30317830
74220022
3A747365
33303220
6763203B
5F49203A
69746C73
67635F75
7063203B
7263203A
3173725F
6D6D695F
6764655F
203B7365
3A6E6962
31737220
3D6C6176
66377830
66666666
202C6566
766D6D69
303D6C61
22303278
65742200
203A7473
3B343032
3A676320
735F4920
7569746C
3B67635F
3A706320
5F726320
5F317372
5F6D6D69
65676465
62203B73
203A6E69
76317372
303D6C61
66663778
66666666
69202C65
61766D6D
78303D6C
00223034
73657422
32203A74
203B3530
203A6763
6C735F49
5F756974
203B6763
203A7063
725F7263
695F3173
655F6D6D
73656764
6962203B
72203A6E
61763173
78303D6C
66666637
65666666
6D69202C
6C61766D
3878303D
22002230
74736574
3032203A
63203B36
49203A67
746C735F
635F7569
63203B67
63203A70
73725F72
6D695F31
64655F6D
3B736567
6E696220
7372203A
6C617631
3778303D
66666666
2C656666
6D6D6920
3D6C6176
30317830
22002230
74736574
3032203A
63203B37
49203A67
746C735F
635F7569
63203B67
63203A70
73725F72
6D695F31
64655F6D
3B736567
6E696220
7372203A
6C617631
3778303D
66666666
2C656666
6D6D6920
3D6C6176
30327830
22002230
74736574
3032203A
63203B38
49203A67
746C735F
635F7569
63203B67
63203A70
73725F72
6D695F31
64655F6D
3B736567
6E696220
7372203A
6C617631
3778303D
66666666
2C656666
6D6D6920
3D6C6176
66337830
22002266
74736574
3032203A
63203B39
49203A67
746C735F
635F7569
63203B67
63203A70
73725F72
6D695F31
64655F6D
3B736567
6E696220
7372203A
6C617631
3778303D
66666666
2C656666
6D6D6920
3D6C6176
30347830
22002230
74736574
3132203A
63203B30
49203A67
746C735F
635F7569
63203B67
63203A70
73725F72
6D695F31
64655F6D
3B736567
6E696220
7372203A
6C617631
3778303D
66666666
2C656666
6D6D6920
3D6C6176
30377830
22002233
74736574
3132203A
63203B31
49203A67
746C735F
635F7569
63203B67
63203A70
73725F72
6D695F31
64655F6D
3B736567
6E696220
7372203A
6C617631
3778303D
66666666
2C656666
6D6D6920
3D6C6176
66377830
22002266
74736574
3132203A
63203B32
49203A67
746C735F
635F7569
63203B67
63203A70
73725F72
6D695F31
64655F6D
3B736567
6E696220
7372203A
6C617631
3778303D
66666666
2C656666
6D6D6920
3D6C6176
3878302D
00223030
73657422
32203A74
203B3331
203A6763
6C735F49
5F756974
203B6763
203A7063
725F7263
695F3173
655F6D6D
73656764
6962203B
72203A6E
61763173
78303D6C
66666637
65666666
6D69202C
6C61766D
78302D3D
22666637
65742200
203A7473
3B343132
3A676320
735F4920
7569746C
3B67635F
3A706320
5F726320
5F317372
5F6D6D69
65676465
62203B73
203A6E69
76317372
303D6C61
66663778
66666666
69202C65
61766D6D
302D3D6C
00223278
73657422
32203A74
203B3531
203A6763
6C735F49
5F756974
203B6763
203A7063
725F7263
695F3173
655F6D6D
73656764
6962203B
72203A6E
61763173
78303D6C
66666637
65666666
6D69202C
6C61766D
78302D3D
22002231
74736574
3132203A
63203B36
49203A67
746C735F
635F7569
63203B67
63203A70
73725F72
6D695F31
64655F6D
3B736567
6E696220
7372203A
6C617631
6678303D
66666666
2C666666
6D6D6920
3D6C6176
22307830
65742200
203A7473
3B373132
3A676320
735F4920
7569746C
3B67635F
3A706320
5F726320
5F317372
5F6D6D69
65676465
62203B73
203A6E69
76317372
303D6C61
66666678
66666666
69202C66
61766D6D
78303D6C
22002231
74736574
3132203A
63203B38
49203A67
746C735F
635F7569
63203B67
63203A70
73725F72
6D695F31
64655F6D
3B736567
6E696220
7372203A
6C617631
6678303D
66666666
2C666666
6D6D6920
3D6C6176
22327830
65742200
203A7473
3B393132
3A676320
735F4920
7569746C
3B67635F
3A706320
5F726320
5F317372
5F6D6D69
65676465
62203B73
203A6E69
76317372
303D6C61
66666678
66666666
69202C66
61766D6D
78303D6C
22002233
74736574
3232203A
63203B30
49203A67
746C735F
635F7569
63203B67
63203A70
73725F72
6D695F31
64655F6D
3B736567
6E696220
7372203A
6C617631
6678303D
66666666
2C666666
6D6D6920
3D6C6176
22347830
65742200
203A7473
3B313232
3A676320
735F4920
7569746C
3B67635F
3A706320
5F726320
5F317372
5F6D6D69
65676465
62203B73
203A6E69
76317372
303D6C61
66666678
66666666
69202C66
61766D6D
78303D6C
22002238
74736574
3232203A
63203B32
49203A67
746C735F
635F7569
63203B67
63203A70
73725F72
6D695F31
64655F6D
3B736567
6E696220
7372203A
6C617631
6678303D
66666666
2C666666
6D6D6920
3D6C6176
30317830
74220022
3A747365
33323220
6763203B
5F49203A
69746C73
67635F75
7063203B
7263203A
3173725F
6D6D695F
6764655F
203B7365
3A6E6962
31737220
3D6C6176
66667830
66666666
202C6666
766D6D69
303D6C61
22303278
65742200
203A7473
3B343232
3A676320
735F4920
7569746C
3B67635F
3A706320
5F726320
5F317372
5F6D6D69
65676465
62203B73
203A6E69
76317372
303D6C61
66666678
66666666
69202C66
61766D6D
78303D6C
00223034
73657422
32203A74
203B3532
203A6763
6C735F49
5F756974
203B6763
203A7063
725F7263
695F3173
655F6D6D
73656764
6962203B
72203A6E
61763173
78303D6C
66666666
66666666
6D69202C
6C61766D
3878303D
22002230
74736574
3232203A
63203B36
49203A67
746C735F
635F7569
63203B67
63203A70
73725F72
6D695F31
64655F6D
3B736567
6E696220
7372203A
6C617631
6678303D
66666666
2C666666
6D6D6920
3D6C6176
30317830
22002230
74736574
3232203A
63203B37
49203A67
746C735F
635F7569
63203B67
63203A70
73725F72
6D695F31
64655F6D
3B736567
6E696220
7372203A
6C617631
6678303D
66666666
2C666666
6D6D6920
3D6C6176
30327830
22002230
74736574
3232203A
63203B38
49203A67
746C735F
635F7569
63203B67
63203A70
73725F72
6D695F31
64655F6D
3B736567
6E696220
7372203A
6C617631
6678303D
66666666
2C666666
6D6D6920
3D6C6176
66337830
22002266
74736574
3232203A
63203B39
49203A67
746C735F
635F7569
63203B67
63203A70
73725F72
6D695F31
64655F6D
3B736567
6E696220
7372203A
6C617631
6678303D
66666666
2C666666
6D6D6920
3D6C6176
30347830
22002230
74736574
3332203A
63203B30
49203A67
746C735F
635F7569
63203B67
63203A70
73725F72
6D695F31
64655F6D
3B736567
6E696220
7372203A
6C617631
6678303D
66666666
2C666666
6D6D6920
3D6C6176
30377830
22002233
74736574
3332203A
63203B31
49203A67
746C735F
635F7569
63203B67
63203A70
73725F72
6D695F31
64655F6D
3B736567
6E696220
7372203A
6C617631
6678303D
66666666
2C666666
6D6D6920
3D6C6176
66377830
22002266
74736574
3332203A
63203B32
49203A67
746C735F
635F7569
63203B67
63203A70
73725F72
6D695F31
64655F6D
3B736567
6E696220
7372203A
6C617631
6678303D
66666666
2C666666
6D6D6920
3D6C6176
3878302D
00223030
73657422
32203A74
203B3333
203A6763
6C735F49
5F756974
203B6763
203A7063
725F7263
695F3173
655F6D6D
73656764
6962203B
72203A6E
61763173
78303D6C
66666666
66666666
6D69202C
6C61766D
78302D3D
22666637
65742200
203A7473
3B343332
3A676320
735F4920
7569746C
3B67635F
3A706320
5F726320
5F317372
5F6D6D69
65676465
62203B73
203A6E69
76317372
303D6C61
66666678
66666666
69202C66
61766D6D
302D3D6C
00223278
73657422
32203A74
203B3533
203A6763
6C735F49
5F756974
203B6763
203A7063
725F7263
695F3173
655F6D6D
73656764
6962203B
72203A6E
61763173
78303D6C
66666666
66666666
6D69202C
6C61766D
78302D3D
22002231
74736574
3332203A
63203B36
49203A67
746C735F
635F7569
63203B67
63203A70
73725F72
6D695F31
64655F6D
3B736567
6E696220
7372203A
6C617631
6678303D
66666666
2C656666
6D6D6920
3D6C6176
22307830
65742200
203A7473
3B373332
3A676320
735F4920
7569746C
3B67635F
3A706320
5F726320
5F317372
5F6D6D69
65676465
62203B73
203A6E69
76317372
303D6C61
66666678
66666666
69202C65
61766D6D
78303D6C
22002231
74736574
3332203A
63203B38
49203A67
746C735F
635F7569
63203B67
63203A70
73725F72
6D695F31
64655F6D
3B736567
6E696220
7372203A
6C617631
6678303D
66666666
2C656666
6D6D6920
3D6C6176
22327830
65742200
203A7473
3B393332
3A676320
735F4920
7569746C
3B67635F
3A706320
5F726320
5F317372
5F6D6D69
65676465
62203B73
203A6E69
76317372
303D6C61
66666678
66666666
69202C65
61766D6D
78303D6C
22002233
74736574
3432203A
63203B30
49203A67
746C735F
635F7569
63203B67
63203A70
73725F72
6D695F31
64655F6D
3B736567
6E696220
7372203A
6C617631
6678303D
66666666
2C656666
6D6D6920
3D6C6176
22347830
65742200
203A7473
3B313432
3A676320
735F4920
7569746C
3B67635F
3A706320
5F726320
5F317372
5F6D6D69
65676465
62203B73
203A6E69
76317372
303D6C61
66666678
66666666
69202C65
61766D6D
78303D6C
22002238
74736574
3432203A
63203B32
49203A67
746C735F
635F7569
63203B67
63203A70
73725F72
6D695F31
64655F6D
3B736567
6E696220
7372203A
6C617631
6678303D
66666666
2C656666
6D6D6920
3D6C6176
30317830
74220022
3A747365
33343220
6763203B
5F49203A
69746C73
67635F75
7063203B
7263203A
3173725F
6D6D695F
6764655F
203B7365
3A6E6962
31737220
3D6C6176
66667830
66666666
202C6566
766D6D69
303D6C61
22303278
65742200
203A7473
3B343432
3A676320
735F4920
7569746C
3B67635F
3A706320
5F726320
5F317372
5F6D6D69
65676465
62203B73
203A6E69
76317372
303D6C61
66666678
66666666
69202C65
61766D6D
78303D6C
00223034
73657422
32203A74
203B3534
203A6763
6C735F49
5F756974
203B6763
203A7063
725F7263
695F3173
655F6D6D
73656764
6962203B
72203A6E
61763173
78303D6C
66666666
65666666
6D69202C
6C61766D
3878303D
22002230
74736574
3432203A
63203B36
49203A67
746C735F
635F7569
63203B67
63203A70
73725F72
6D695F31
64655F6D
3B736567
6E696220
7372203A
6C617631
6678303D
66666666
2C656666
6D6D6920
3D6C6176
30317830
22002230
74736574
3432203A
63203B37
49203A67
746C735F
635F7569
63203B67
63203A70
73725F72
6D695F31
64655F6D
3B736567
6E696220
7372203A
6C617631
6678303D
66666666
2C656666
6D6D6920
3D6C6176
30327830
22002230
74736574
3432203A
63203B38
49203A67
746C735F
635F7569
63203B67
63203A70
73725F72
6D695F31
64655F6D
3B736567
6E696220
7372203A
6C617631
6678303D
66666666
2C656666
6D6D6920
3D6C6176
66337830
22002266
74736574
3432203A
63203B39
49203A67
746C735F
635F7569
63203B67
63203A70
73725F72
6D695F31
64655F6D
3B736567
6E696220
7372203A
6C617631
6678303D
66666666
2C656666
6D6D6920
3D6C6176
30347830
22002230
74736574
3532203A
63203B30
49203A67
746C735F
635F7569
63203B67
63203A70
73725F72
6D695F31
64655F6D
3B736567
6E696220
7372203A
6C617631
6678303D
66666666
2C656666
6D6D6920
3D6C6176
30377830
22002233
74736574
3532203A
63203B31
49203A67
746C735F
635F7569
63203B67
63203A70
73725F72
6D695F31
64655F6D
3B736567
6E696220
7372203A
6C617631
6678303D
66666666
2C656666
6D6D6920
3D6C6176
66377830
22002266
74736574
3532203A
63203B32
49203A67
746C735F
635F7569
63203B67
63203A70
73725F72
6D695F31
64655F6D
3B736567
6E696220
7372203A
6C617631
6678303D
66666666
2C656666
6D6D6920
3D6C6176
3878302D
00223030
73657422
32203A74
203B3335
203A6763
6C735F49
5F756974
203B6763
203A7063
725F7263
695F3173
655F6D6D
73656764
6962203B
72203A6E
61763173
78303D6C
66666666
65666666
6D69202C
6C61766D
78302D3D
22666637
65742200
203A7473
3B343532
3A676320
735F4920
7569746C
3B67635F
3A706320
5F726320
5F317372
5F6D6D69
65676465
62203B73
203A6E69
76317372
303D6C61
66666678
66666666
69202C65
61766D6D
302D3D6C
00223278
73657422
32203A74
203B3535
203A6763
6C735F49
5F756974
203B6763
203A7063
725F7263
695F3173
655F6D6D
73656764
6962203B
72203A6E
61763173
78303D6C
66666666
65666666
6D69202C
6C61766D
78302D3D
22002231
74736574
3532203A
63203B36
49203A67
746C735F
635F7569
63203B67
63203A70
73725F72
6D695F31
64655F6D
3B736567
6E696220
7372203A
6C617631
3578303D
38636262
2C323738
6D6D6920
3D6C6176
22307830
65742200
203A7473
3B373532
3A676320
735F4920
7569746C
3B67635F
3A706320
5F726320
5F317372
5F6D6D69
65676465
62203B73
203A6E69
76317372
303D6C61
62623578
37383863
69202C32
61766D6D
78303D6C
22002231
74736574
3532203A
63203B38
49203A67
746C735F
635F7569
63203B67
63203A70
73725F72
6D695F31
64655F6D
3B736567
6E696220
7372203A
6C617631
3578303D
38636262
2C323738
6D6D6920
3D6C6176
22327830
65742200
203A7473
3B393532
3A676320
735F4920
7569746C
3B67635F
3A706320
5F726320
5F317372
5F6D6D69
65676465
62203B73
203A6E69
76317372
303D6C61
62623578
37383863
69202C32
61766D6D
78303D6C
22002233
74736574
3632203A
63203B30
49203A67
746C735F
635F7569
63203B67
63203A70
73725F72
6D695F31
64655F6D
3B736567
6E696220
7372203A
6C617631
3578303D
38636262
2C323738
6D6D6920
3D6C6176
22347830
65742200
203A7473
3B313632
3A676320
735F4920
7569746C
3B67635F
3A706320
5F726320
5F317372
5F6D6D69
65676465
62203B73
203A6E69
76317372
303D6C61
62623578
37383863
69202C32
61766D6D
78303D6C
22002238
74736574
3632203A
63203B32
49203A67
746C735F
635F7569
63203B67
63203A70
73725F72
6D695F31
64655F6D
3B736567
6E696220
7372203A
6C617631
3578303D
38636262
2C323738
6D6D6920
3D6C6176
30317830
74220022
3A747365
33363220
6763203B
5F49203A
69746C73
67635F75
7063203B
7263203A
3173725F
6D6D695F
6764655F
203B7365
3A6E6962
31737220
3D6C6176
62357830
38386362
202C3237
766D6D69
303D6C61
22303278
65742200
203A7473
3B343632
3A676320
735F4920
7569746C
3B67635F
3A706320
5F726320
5F317372
5F6D6D69
65676465
62203B73
203A6E69
76317372
303D6C61
62623578
37383863
69202C32
61766D6D
78303D6C
00223034
73657422
32203A74
203B3536
203A6763
6C735F49
5F756974
203B6763
203A7063
725F7263
695F3173
655F6D6D
73656764
6962203B
72203A6E
61763173
78303D6C
63626235
32373838
6D69202C
6C61766D
3878303D
22002230
74736574
3632203A
63203B36
49203A67
746C735F
635F7569
63203B67
63203A70
73725F72
6D695F31
64655F6D
3B736567
6E696220
7372203A
6C617631
3578303D
38636262
2C323738
6D6D6920
3D6C6176
30317830
22002230
74736574
3632203A
63203B37
49203A67
746C735F
635F7569
63203B67
63203A70
73725F72
6D695F31
64655F6D
3B736567
6E696220
7372203A
6C617631
3578303D
38636262
2C323738
6D6D6920
3D6C6176
30327830
22002230
74736574
3632203A
63203B38
49203A67
746C735F
635F7569
63203B67
63203A70
73725F72
6D695F31
64655F6D
3B736567
6E696220
7372203A
6C617631
3578303D
38636262
2C323738
6D6D6920
3D6C6176
66337830
22002266
74736574
3632203A
63203B39
49203A67
746C735F
635F7569
63203B67
63203A70
73725F72
6D695F31
64655F6D
3B736567
6E696220
7372203A
6C617631
3578303D
38636262
2C323738
6D6D6920
3D6C6176
30347830
22002230
74736574
3732203A
63203B30
49203A67
746C735F
635F7569
63203B67
63203A70
73725F72
6D695F31
64655F6D
3B736567
6E696220
7372203A
6C617631
3578303D
38636262
2C323738
6D6D6920
3D6C6176
30377830
22002233
74736574
3732203A
63203B31
49203A67
746C735F
635F7569
63203B67
63203A70
73725F72
6D695F31
64655F6D
3B736567
6E696220
7372203A
6C617631
3578303D
38636262
2C323738
6D6D6920
3D6C6176
66377830
22002266
74736574
3732203A
63203B32
49203A67
746C735F
635F7569
63203B67
63203A70
73725F72
6D695F31
64655F6D
3B736567
6E696220
7372203A
6C617631
3578303D
38636262
2C323738
6D6D6920
3D6C6176
3878302D
00223030
73657422
32203A74
203B3337
203A6763
6C735F49
5F756974
203B6763
203A7063
725F7263
695F3173
655F6D6D
73656764
6962203B
72203A6E
61763173
78303D6C
63626235
32373838
6D69202C
6C61766D
78302D3D
22666637
65742200
203A7473
3B343732
3A676320
735F4920
7569746C
3B67635F
3A706320
5F726320
5F317372
5F6D6D69
65676465
62203B73
203A6E69
76317372
303D6C61
62623578
37383863
69202C32
61766D6D
302D3D6C
00223278
73657422
32203A74
203B3537
203A6763
6C735F49
5F756974
203B6763
203A7063
725F7263
695F3173
655F6D6D
73656764
6962203B
72203A6E
61763173
78303D6C
63626235
32373838
6D69202C
6C61766D
78302D3D
22002231
74736574
3732203A
63203B36
49203A67
746C735F
635F7569
63203B67
63203A70
73725F72
6D695F31
64655F6D
3B736567
6E696220
7372203A
6C617631
6178303D
61616161
2C616161
6D6D6920
3D6C6176
22307830
65742200
203A7473
3B373732
3A676320
735F4920
7569746C
3B67635F
3A706320
5F726320
5F317372
5F6D6D69
65676465
62203B73
203A6E69
76317372
303D6C61
61616178
61616161
69202C61
61766D6D
78303D6C
22002231
74736574
3732203A
63203B38
49203A67
746C735F
635F7569
63203B67
63203A70
73725F72
6D695F31
64655F6D
3B736567
6E696220
7372203A
6C617631
6178303D
61616161
2C616161
6D6D6920
3D6C6176
22327830
65742200
203A7473
3B393732
3A676320
735F4920
7569746C
3B67635F
3A706320
5F726320
5F317372
5F6D6D69
65676465
62203B73
203A6E69
76317372
303D6C61
61616178
61616161
69202C61
61766D6D
78303D6C
22002233
74736574
3832203A
63203B30
49203A67
746C735F
635F7569
63203B67
63203A70
73725F72
6D695F31
64655F6D
3B736567
6E696220
7372203A
6C617631
6178303D
61616161
2C616161
6D6D6920
3D6C6176
22347830
65742200
203A7473
3B313832
3A676320
735F4920
7569746C
3B67635F
3A706320
5F726320
5F317372
5F6D6D69
65676465
62203B73
203A6E69
76317372
303D6C61
61616178
61616161
69202C61
61766D6D
78303D6C
22002238
74736574
3832203A
63203B32
49203A67
746C735F
635F7569
63203B67
63203A70
73725F72
6D695F31
64655F6D
3B736567
6E696220
7372203A
6C617631
6178303D
61616161
2C616161
6D6D6920
3D6C6176
30317830
74220022
3A747365
33383220
6763203B
5F49203A
69746C73
67635F75
7063203B
7263203A
3173725F
6D6D695F
6764655F
203B7365
3A6E6962
31737220
3D6C6176
61617830
61616161
202C6161
766D6D69
303D6C61
22303278
65742200
203A7473
3B343832
3A676320
735F4920
7569746C
3B67635F
3A706320
5F726320
5F317372
5F6D6D69
65676465
62203B73
203A6E69
76317372
303D6C61
61616178
61616161
69202C61
61766D6D
78303D6C
00223034
73657422
32203A74
203B3538
203A6763
6C735F49
5F756974
203B6763
203A7063
725F7263
695F3173
655F6D6D
73656764
6962203B
72203A6E
61763173
78303D6C
61616161
61616161
6D69202C
6C61766D
3878303D
22002230
74736574
3832203A
63203B36
49203A67
746C735F
635F7569
63203B67
63203A70
73725F72
6D695F31
64655F6D
3B736567
6E696220
7372203A
6C617631
6178303D
61616161
2C616161
6D6D6920
3D6C6176
30317830
22002230
74736574
3832203A
63203B37
49203A67
746C735F
635F7569
63203B67
63203A70
73725F72
6D695F31
64655F6D
3B736567
6E696220
7372203A
6C617631
6178303D
61616161
2C616161
6D6D6920
3D6C6176
30327830
22002230
74736574
3832203A
63203B38
49203A67
746C735F
635F7569
63203B67
63203A70
73725F72
6D695F31
64655F6D
3B736567
6E696220
7372203A
6C617631
6178303D
61616161
2C616161
6D6D6920
3D6C6176
66337830
22002266
74736574
3832203A
63203B39
49203A67
746C735F
635F7569
63203B67
63203A70
73725F72
6D695F31
64655F6D
3B736567
6E696220
7372203A
6C617631
6178303D
61616161
2C616161
6D6D6920
3D6C6176
30347830
22002230
74736574
3932203A
63203B30
49203A67
746C735F
635F7569
63203B67
63203A70
73725F72
6D695F31
64655F6D
3B736567
6E696220
7372203A
6C617631
6178303D
61616161
2C616161
6D6D6920
3D6C6176
30377830
22002233
74736574
3932203A
63203B31
49203A67
746C735F
635F7569
63203B67
63203A70
73725F72
6D695F31
64655F6D
3B736567
6E696220
7372203A
6C617631
6178303D
61616161
2C616161
6D6D6920
3D6C6176
66377830
22002266
74736574
3932203A
63203B32
49203A67
746C735F
635F7569
63203B67
63203A70
73725F72
6D695F31
64655F6D
3B736567
6E696220
7372203A
6C617631
6178303D
61616161
2C616161
6D6D6920
3D6C6176
3878302D
00223030
73657422
32203A74
203B3339
203A6763
6C735F49
5F756974
203B6763
203A7063
725F7263
695F3173
655F6D6D
73656764
6962203B
72203A6E
61763173
78303D6C
61616161
61616161
6D69202C
6C61766D
78302D3D
22666637
65742200
203A7473
3B343932
3A676320
735F4920
7569746C
3B67635F
3A706320
5F726320
5F317372
5F6D6D69
65676465
62203B73
203A6E69
76317372
303D6C61
61616178
61616161
69202C61
61766D6D
302D3D6C
00223278
73657422
32203A74
203B3539
203A6763
6C735F49
5F756974
203B6763
203A7063
725F7263
695F3173
655F6D6D
73656764
6962203B
72203A6E
61763173
78303D6C
61616161
61616161
6D69202C
6C61766D
78302D3D
22002231
74736574
3932203A
63203B36
49203A67
746C735F
635F7569
63203B67
63203A70
73725F72
6D695F31
64655F6D
3B736567
6E696220
7372203A
6C617631
3578303D
35353535
2C353535
6D6D6920
3D6C6176
22307830
65742200
203A7473
3B373932
3A676320
735F4920
7569746C
3B67635F
3A706320
5F726320
5F317372
5F6D6D69
65676465
62203B73
203A6E69
76317372
303D6C61
35353578
35353535
69202C35
61766D6D
78303D6C
22002231
74736574
3932203A
63203B38
49203A67
746C735F
635F7569
63203B67
63203A70
73725F72
6D695F31
64655F6D
3B736567
6E696220
7372203A
6C617631
3578303D
35353535
2C353535
6D6D6920
3D6C6176
22327830
65742200
203A7473
3B393932
3A676320
735F4920
7569746C
3B67635F
3A706320
5F726320
5F317372
5F6D6D69
65676465
62203B73
203A6E69
76317372
303D6C61
35353578
35353535
69202C35
61766D6D
78303D6C
22002233
74736574
3033203A
63203B30
49203A67
746C735F
635F7569
63203B67
63203A70
73725F72
6D695F31
64655F6D
3B736567
6E696220
7372203A
6C617631
3578303D
35353535
2C353535
6D6D6920
3D6C6176
22347830
65742200
203A7473
3B313033
3A676320
735F4920
7569746C
3B67635F
3A706320
5F726320
5F317372
5F6D6D69
65676465
62203B73
203A6E69
76317372
303D6C61
35353578
35353535
69202C35
61766D6D
78303D6C
22002238
74736574
3033203A
63203B32
49203A67
746C735F
635F7569
63203B67
63203A70
73725F72
6D695F31
64655F6D
3B736567
6E696220
7372203A
6C617631
3578303D
35353535
2C353535
6D6D6920
3D6C6176
30317830
74220022
3A747365
33303320
6763203B
5F49203A
69746C73
67635F75
7063203B
7263203A
3173725F
6D6D695F
6764655F
203B7365
3A6E6962
31737220
3D6C6176
35357830
35353535
202C3535
766D6D69
303D6C61
22303278
65742200
203A7473
3B343033
3A676320
735F4920
7569746C
3B67635F
3A706320
5F726320
5F317372
5F6D6D69
65676465
62203B73
203A6E69
76317372
303D6C61
35353578
35353535
69202C35
61766D6D
78303D6C
00223034
73657422
33203A74
203B3530
203A6763
6C735F49
5F756974
203B6763
203A7063
725F7263
695F3173
655F6D6D
73656764
6962203B
72203A6E
61763173
78303D6C
35353535
35353535
6D69202C
6C61766D
3878303D
22002230
74736574
3033203A
63203B36
49203A67
746C735F
635F7569
63203B67
63203A70
73725F72
6D695F31
64655F6D
3B736567
6E696220
7372203A
6C617631
3578303D
35353535
2C353535
6D6D6920
3D6C6176
30317830
22002230
74736574
3033203A
63203B37
49203A67
746C735F
635F7569
63203B67
63203A70
73725F72
6D695F31
64655F6D
3B736567
6E696220
7372203A
6C617631
3578303D
35353535
2C353535
6D6D6920
3D6C6176
30327830
22002230
74736574
3033203A
63203B38
49203A67
746C735F
635F7569
63203B67
63203A70
73725F72
6D695F31
64655F6D
3B736567
6E696220
7372203A
6C617631
3578303D
35353535
2C353535
6D6D6920
3D6C6176
66337830
22002266
74736574
3033203A
63203B39
49203A67
746C735F
635F7569
63203B67
63203A70
73725F72
6D695F31
64655F6D
3B736567
6E696220
7372203A
6C617631
3578303D
35353535
2C353535
6D6D6920
3D6C6176
30347830
22002230
74736574
3133203A
63203B30
49203A67
746C735F
635F7569
63203B67
63203A70
73725F72
6D695F31
64655F6D
3B736567
6E696220
7372203A
6C617631
3578303D
35353535
2C353535
6D6D6920
3D6C6176
30377830
22002233
74736574
3133203A
63203B31
49203A67
746C735F
635F7569
63203B67
63203A70
73725F72
6D695F31
64655F6D
3B736567
6E696220
7372203A
6C617631
3578303D
35353535
2C353535
6D6D6920
3D6C6176
66377830
22002266
74736574
3133203A
63203B32
49203A67
746C735F
635F7569
63203B67
63203A70
73725F72
6D695F31
64655F6D
3B736567
6E696220
7372203A
6C617631
3578303D
35353535
2C353535
6D6D6920
3D6C6176
3878302D
00223030
73657422
33203A74
203B3331
203A6763
6C735F49
5F756974
203B6763
203A7063
725F7263
695F3173
655F6D6D
73656764
6962203B
72203A6E
61763173
78303D6C
35353535
35353535
6D69202C
6C61766D
78302D3D
22666637
65742200
203A7473
3B343133
3A676320
735F4920
7569746C
3B67635F
3A706320
5F726320
5F317372
5F6D6D69
65676465
62203B73
203A6E69
76317372
303D6C61
35353578
35353535
69202C35
61766D6D
302D3D6C
00223278
73657422
33203A74
203B3531
203A6763
6C735F49
5F756974
203B6763
203A7063
725F7263
695F3173
655F6D6D
73656764
6962203B
72203A6E
61763173
78303D6C
35353535
35353535
6D69202C
6C61766D
78302D3D
22002231
74736574
3133203A
63203B36
49203A67
746C735F
635F7569
63203B67
63203A70
725F706D
73725F64
786E5F31
62203B30
203A6E69
00223162
73657422
33203A74
203B3731
203A6763
6C735F49
5F756974
203B6763
203A7063
5F706D63
725F6472
6E5F3173
203B3078
3A6E6962
22326220
65742200
203A7473
3B383133
3A676320
735F4920
7569746C
3B67635F
3A706320
706D6320
5F64725F
5F317372
3B30786E
6E696220
3362203A
74220022
3A747365
39313320
6763203B
5F49203A
69746C73
67635F75
7063203B
6D63203A
64725F70
3173725F
30786E5F
6962203B
62203A6E
22002234
74736574
3233203A
63203B30
49203A67
746C735F
635F7569
63203B67
63203A70
725F706D
73725F64
786E5F31
62203B30
203A6E69
00223562
73657422
33203A74
203B3132
203A6763
6C735F49
5F756974
203B6763
203A7063
5F706D63
725F6472
6E5F3173
203B3078
3A6E6962
22366220
65742200
203A7473
3B323233
3A676320
735F4920
7569746C
3B67635F
3A706320
706D6320
5F64725F
5F317372
3B30786E
6E696220
3762203A
74220022
3A747365
33323320
6763203B
5F49203A
69746C73
67635F75
7063203B
6D63203A
64725F70
3173725F
30786E5F
6962203B
62203A6E
22002238
74736574
3233203A
63203B34
49203A67
746C735F
635F7569
63203B67
63203A70
725F706D
73725F64
786E5F31
62203B30
203A6E69
00223962
73657422
33203A74
203B3532
203A6763
6C735F49
5F756974
203B6763
203A7063
5F706D63
725F6472
6E5F3173
203B3078
3A6E6962
30316220
74220022
3A747365
36323320
6763203B
5F49203A
69746C73
67635F75
7063203B
6D63203A
64725F70
3173725F
30786E5F
6962203B
62203A6E
00223131
73657422
33203A74
203B3732
203A6763
6C735F49
5F756974
203B6763
203A7063
5F706D63
725F6472
6E5F3173
203B3078
3A6E6962
32316220
74220022
3A747365
38323320
6763203B
5F49203A
69746C73
67635F75
7063203B
6D63203A
64725F70
3173725F
30786E5F
6962203B
62203A6E
00223331
73657422
33203A74
203B3932
203A6763
6C735F49
5F756974
203B6763
203A7063
5F706D63
725F6472
6E5F3173
203B3078
3A6E6962
34316220
74220022
3A747365
30333320
6763203B
5F49203A
69746C73
67635F75
7063203B
6D63203A
64725F70
3173725F
30786E5F
6962203B
62203A6E
00223531
73657422
33203A74
203B3133
203A6763
6C735F49
5F756974
203B6763
203A7063
5F706D63
725F6472
6E5F3173
203B3078
3A6E6962
36316220
74220022
3A747365
32333320
6763203B
5F49203A
69746C73
67635F75
7063203B
6D63203A
64725F70
3173725F
30786E5F
6962203B
62203A6E
00223731
73657422
33203A74
203B3333
203A6763
6C735F49
5F756974
203B6763
203A7063
5F706D63
725F6472
6E5F3173
203B3078
3A6E6962
38316220
74220022
3A747365
34333320
6763203B
5F49203A
69746C73
67635F75
7063203B
6D63203A
64725F70
3173725F
30786E5F
6962203B
62203A6E
00223931
73657422
33203A74
203B3533
203A6763
6C735F49
5F756974
203B6763
203A7063
5F706D63
725F6472
6E5F3173
203B3078
3A6E6962
30326220
74220022
3A747365
36333320
6763203B
5F49203A
69746C73
67635F75
7063203B
6D63203A
64725F70
3173725F
30786E5F
6962203B
62203A6E
00223132
73657422
33203A74
203B3733
203A6763
6C735F49
5F756974
203B6763
203A7063
5F706D63
725F6472
6E5F3173
203B3078
3A6E6962
32326220
74220022
3A747365
38333320
6763203B
5F49203A
69746C73
67635F75
7063203B
6D63203A
64725F70
3173725F
30786E5F
6962203B
62203A6E
00223332
73657422
33203A74
203B3933
203A6763
6C735F49
5F756974
203B6763
203A7063
5F706D63
725F6472
6E5F3173
203B3078
3A6E6962
34326220
74220022
3A747365
30343320
6763203B
5F49203A
69746C73
67635F75
7063203B
6D63203A
64725F70
3173725F
30786E5F
6962203B
62203A6E
00223532
73657422
33203A74
203B3134
203A6763
6C735F49
5F756974
203B6763
203A7063
5F706D63
725F6472
6E5F3173
203B3078
3A6E6962
36326220
74220022
3A747365
32343320
6763203B
5F49203A
69746C73
67635F75
7063203B
6D63203A
64725F70
3173725F
30786E5F
6962203B
62203A6E
00223732
73657422
33203A74
203B3334
203A6763
6C735F49
5F756974
203B6763
203A7063
5F706D63
725F6472
6E5F3173
203B3078
3A6E6962
38326220
74220022
3A747365
34343320
6763203B
5F49203A
69746C73
67635F75
7063203B
6D63203A
64725F70
3173725F
30786E5F
6962203B
62203A6E
00223932
73657422
33203A74
203B3534
203A6763
6C735F49
5F756974
203B6763
203A7063
5F706D63
725F6472
6E5F3173
203B3078
3A6E6962
30336220
74220022
3A747365
36343320
6763203B
5F49203A
69746C73
67635F75
7063203B
6D63203A
64725F70
3173725F
30786E5F
6962203B
62203A6E
00223133
73657422
33203A74
203B3734
203A6763
6C735F49
5F756974
203B6763
203A7063
695F7063
655F6D6D
73656764
6962203B
30203A6E
00223078
73657422
33203A74
203B3834
203A6763
6C735F49
5F756974
203B6763
203A7063
695F7063
655F6D6D
73656764
6962203B
30203A6E
00223178
73657422
33203A74
203B3934
203A6763
6C735F49
5F756974
203B6763
203A7063
695F7063
655F6D6D
73656764
6962203B
30203A6E
00223278
73657422
33203A74
203B3035
203A6763
6C735F49
5F756974
203B6763
203A7063
695F7063
655F6D6D
73656764
6962203B
30203A6E
00223378
73657422
33203A74
203B3135
203A6763
6C735F49
5F756974
203B6763
203A7063
695F7063
655F6D6D
73656764
6962203B
30203A6E
00223478
73657422
33203A74
203B3235
203A6763
6C735F49
5F756974
203B6763
203A7063
695F7063
655F6D6D
73656764
6962203B
30203A6E
00223878
73657422
33203A74
203B3335
203A6763
6C735F49
5F756974
203B6763
203A7063
695F7063
655F6D6D
73656764
6962203B
30203A6E
22303178
65742200
203A7473
3B343533
3A676320
735F4920
7569746C
3B67635F
3A706320
5F706320
5F6D6D69
65676465
62203B73
203A6E69
30327830
74220022
3A747365
35353320
6763203B
5F49203A
69746C73
67635F75
7063203B
7063203A
6D6D695F
6764655F
203B7365
3A6E6962
34783020
22002230
74736574
3533203A
63203B36
49203A67
746C735F
635F7569
63203B67
63203A70
6D695F70
64655F6D
3B736567
6E696220
7830203A
00223038
73657422
33203A74
203B3735
203A6763
6C735F49
5F756974
203B6763
203A7063
695F7063
655F6D6D
73656764
6962203B
30203A6E
30303178
74220022
3A747365
38353320
6763203B
5F49203A
69746C73
67635F75
7063203B
7063203A
6D6D695F
6764655F
203B7365
3A6E6962
32783020
00223030
73657422
33203A74
203B3935
203A6763
6C735F49
5F756974
203B6763
203A7063
695F7063
655F6D6D
73656764
6962203B
30203A6E
66663378
74220022
3A747365
30363320
6763203B
5F49203A
69746C73
67635F75
7063203B
7063203A
6D6D695F
6764655F
203B7365
3A6E6962
34783020
00223030
73657422
33203A74
203B3136
203A6763
6C735F49
5F756974
203B6763
203A7063
695F7063
655F6D6D
73656764
6962203B
30203A6E
33303778
74220022
3A747365
32363320
6763203B
5F49203A
69746C73
67635F75
7063203B
7063203A
6D6D695F
6764655F
203B7365
3A6E6962
37783020
00226666
73657422
33203A74
203B3336
203A6763
6C735F49
5F756974
203B6763
203A7063
695F7063
655F6D6D
73656764
6962203B
2D203A6E
30387830
22002230
74736574
3633203A
63203B34
49203A67
746C735F
635F7569
63203B67
63203A70
6D695F70
64655F6D
3B736567
6E696220
302D203A
66663778
74220022
3A747365
35363320
6763203B
5F49203A
69746C73
67635F75
7063203B
7063203A
6D6D695F
6764655F
203B7365
3A6E6962
78302D20
22002232
74736574
3633203A
63203B36
49203A67
746C735F
635F7569
63203B67
63203A70
6D695F70
64655F6D
3B736567
6E696220
302D203A
00223178
00000000
00000000
00000000
BAAAAAAD
BAAAAAAD
BAAAAAAD
BAAAAAAD
BAAAAAAD
BAAAAAAD
BAAAAAAD
BAAAAAAD
BAAAAAAD
BAAAAAAD
BAAAAAAD
BAAAAAAD
BAAAAAAD
BAAAAAAD
BAAAAAAD
BAAAAAAD
BAAAAAAD
BAAAAAAD
BAAAAAAD
BAAAAAAD
BAAAAAAD
BAAAAAAD
BAAAAAAD
BAAAAAAD
BAAAAAAD
BAAAAAAD
BAAAAAAD
BAAAAAAD
BAAAAAAD
BAAAAAAD
BAAAAAAD
BAAAAAAD
BAAAAAAD
BAAAAAAD
BAAAAAAD
BAAAAAAD
BAAAAAAD
BAAAAAAD
BAAAAAAD
BAAAAAAD
BAAAAAAD
BAAAAAAD
BAAAAAAD
BAAAAAAD
BAAAAAAD
BAAAAAAD
BAAAAAAD
BAAAAAAD
BAAAAAAD
BAAAAAAD
BAAAAAAD
BAAAAAAD
BAAAAAAD
BAAAAAAD
BAAAAAAD
BAAAAAAD
BAAAAAAD
BAAAAAAD
BAAAAAAD
BAAAAAAD
BAAAAAAD
BAAAAAAD
BAAAAAAD
BAAAAAAD
FEEDF00D
BAAAAAAD
BAAAAAAD
BAAAAAAD
BAAAAAAD
BAAAAAAD
BAAAAAAD
BAAAAAAD
BAAAAAAD
BAAAAAAD
00000000
00000000
00000000
00000000
00000000
00000000
00000000
00000000
00000000
00000000
00000000
00000000
00000000
00000000
00000000
00000000
00000000
00000000
00000000
00000000
00000000
00000000
00000000
00000000
00000000
00000000
8000F640
8000F660
8000F67A
8000F68F
8000F69B
8000F6B4
8000F6C7
8000F6E5
8000F6FD
8000F71B
8000F739
8000F758
8000F776
8000F78E
8000F79F
8000F7AE
8000F7C4
8000F7D1
8000F7E0
8000F7F0
8000F800
8000F81E
8000F835
8000F84A
8000F866
8000F87E
8000F89D
8000F8C4
8000F8E0
8000F8F8
8000F914
8000F938
8000F951
8000F969
8000F988
8000F9AF
8000F9CB
8000F9F0
8000FA0C
8000FA25
74736E49
74637572
206E6F69
72646461
20737365
6173696D
6E67696C
000A6465
74736E49
74637572
206E6F69
65636361
66207373
746C7561
6C49000A
6167656C
6E69206C
75727473
6F697463
42000A6E
6B616572
6E696F70
4C000A74
2064616F
72646461
20737365
6173696D
6E67696C
000A6465
64616F4C
63636120
20737365
6C756166
53000A74
65726F74
4F4D412F
64646120
73736572
73696D20
67696C61
0A64656E
6F745300
412F6572
61204F4D
73656363
61662073
0A746C75
766E4500
6E6F7269
746E656D
6C616320
7266206C
55206D6F
646F6D2D
45000A65
7269766E
656D6E6F
6320746E
206C6C61
6D6F7266
6D2D5320
0A65646F
766E4500
6E6F7269
746E656D
6C616320
7266206C
56206D6F
6F6D2D53
000A6564
69766E45
6D6E6F72
20746E65
6C6C6163
6F726620
2D4D206D
65646F6D
6E49000A
75727473
6F697463
6170206E
66206567
746C7561
6F4C000A
70206461
20656761
6C756166
52000A74
72657365
20646576
29343128
7453000A
2F65726F
204F4D41
65676170
75616620
000A746C
62756F44
7420656C
0A706172
73655200
65767265
31282064
000A2937
74666F53
65726177
65686320
000A6B63
64726148
65726177
72726520
000A726F
74736E49
74637572
206E6F69
73657567
61702D74
66206567
746C7561
6F4C000A
67206461
74736575
6761702D
61662065
0A746C75
72695600
6C617574
736E6920
63757274
6E6F6974
7453000A
2F65726F
204F4D41
73657567
61702D74
66206567
746C7561
6552000A
76726573
69206465
7265746E
74707572
29302820
7553000A
76726570
726F7369
666F7320
72617774
6E692065
72726574
0A747075
72695600
6C617574
70757320
69767265
20726F73
74666F73
65726177
746E6920
75727265
000A7470
6863614D
20656E69
74666F73
65726177
746E6920
75727265
000A7470
65736552
64657672
746E6920
75727265
28207470
000A2934
65707553
73697672
7420726F
72656D69
746E6920
75727265
000A7470
74726956
206C6175
65707573
73697672
7420726F
72656D69
746E6920
75727265
000A7470
6863614D
20656E69
656D6974
6E692072
72726574
0A747075
73655200
65767265
6E692064
72726574
20747075
0A293828
70755300
69767265
20726F73
65747865
6C616E72
746E6920
75727265
000A7470
74726956
206C6175
65707573
73697672
6520726F
72657478
206C616E
65746E69
70757272
4D000A74
69686361
6520656E
72657478
206C616E
65746E69
70757272
53000A74
72657075
6F736976
75672072
20747365
65747865
6C616E72
746E6920
75727265
000A7470
6E756F43
20726574
7265766F
776F6C66
746E6920
75727265
000A7470
65736552
64657672
746E6920
75727265
28207470
0A293431
73655200
65767265
6E692064
72726574
20747075
29353128
6E55000A
776F6E6B
75632F6E
6D6F7473
75616320
000A6573
4356520A
55532D50
52414D4D
54203A59
20545345
53534150
2D204445
73655420
69462074
2220656C
6C732D49
2D756974
532E3030
000A0A22
4356520A
55532D50
52414D4D
54203A59
20545345
4C494146
2D204445
73655420
69462074
2220656C
6C732D49
2D756974
532E3030
0A000A22
50435652
4544203A
20475542
4F464E49
54414D52
204E4F49
4C4C4F46
0A53574F
68542200
72742065
68207061
6C646E61
61207265
74726F62
74206465
74206568
20747365
6F666562
6E206572
616D726F
6F63206C
656C706D
6E6F6974
0A002221
50435652
7254203A
73207061
616E6769
65727574
65766F20
6F6C6672
6E692077
6C657320
68632D66
206B6365
65646F6D
5544202E
65672054
6172656E
20646574
206F6F74
796E616D
61727420
202E7370
20202020
5652000A
203A5043
74736554
666E4920
00203A6F
5652000A
203A5043
74736E49
74637572
3A6E6F69
56520020
203A5043
72707041
6D69786F
20657461
72646461
20737365
69616628
6572756C
79616D20
20656220
67696C73
796C7468
74666120
74207265
29736968
5200203A
3A504356
64644120
73736572
20666F20
74736E69
74637572
206E6F69
74616874
61727420
64657070
45582820
3A294350
56520020
203A5043
74736E49
74637572
206E6F69
74616874
61727420
64657070
5200203A
3A504356
50455820
20203A43
52002020
3A504356
41435820
3A455355
52002020
3A504356
56545820
203A4C41
52002020
3A504356
54535820
53555441
2200203A
70617254
756F6320
6D20746E
616D7369
2E686374
4D220022
616D7369
20686374
74206E69
20706172
6E676973
72757461
54202165
20706172
20736177
6E696562
61682067
656C646E
6E692064
4D2D4D20
2E65646F
4D220022
616D7369
20686374
74206E69
20706172
6E676973
72757461
54202165
20706172
20736177
6E696562
61682067
656C646E
6E692064
4D2D5320
2E65646F
4D220022
616D7369
20686374
74206E69
20706172
6E676973
72757461
54202165
20706172
20736177
6E696562
61682067
656C646E
6E692064
2D534820
65646F4D
2200222E
6D73694D
68637461
206E6920
70617274
67697320
7574616E
20216572
70617254
73617720
69656220
6820676E
6C646E61
69206465
5356206E
646F4D2D
00222E65
73694D22
6374616D
6E692068
61636D20
20657375
756C6176
54202165
20706172
20736177
6E696562
61682067
656C646E
6E692064
4D2D4D20
2E65646F
4D220022
616D7369
20686374
73206E69
73756163
61762065
2165756C
61725420
61772070
65622073
20676E69
646E6168
2064656C
53206E69
646F4D2D
00222E65
73694D22
6374616D
6E692068
61637320
20657375
756C6176
54202165
20706172
20736177
6E696562
61682067
656C646E
6E692064
2D534820
65646F4D
2200222E
6D73694D
68637461
206E6920
61637376
20657375
756C6176
54202165
20706172
20736177
6E696562
61682067
656C646E
6E692064
2D535620
65646F4D
2200222E
6D73694D
68637461
206E6920
6370656D
6C617620
20216575
70617254
73617720
69656220
6820676E
6C646E61
69206465
2D4D206E
65646F4D
2200222E
6D73694D
68637461
206E6920
63706573
6C617620
20216575
70617254
73617720
69656220
6820676E
6C646E61
69206465
2D53206E
65646F4D
2200222E
6D73694D
68637461
206E6920
63706573
6C617620
20216575
70617254
73617720
69656220
6820676E
6C646E61
69206465
5348206E
646F4D2D
00222E65
73694D22
6374616D
6E692068
65737620
76206370
65756C61
72542021
77207061
62207361
676E6965
6E616820
64656C64
206E6920
4D2D5356
2E65646F
4D220022
616D7369
20686374
6D206E69
6C617674
6C617620
20216575
70617254
73617720
69656220
6820676E
6C646E61
69206465
2D4D206E
65646F4D
2200222E
6D73694D
68637461
206E6920
61767473
6176206C
2165756C
61725420
61772070
65622073
20676E69
646E6168
2064656C
53206E69
646F4D2D
00222E65
73694D22
6374616D
6E692068
76747320
76206C61
65756C61
72542021
77207061
62207361
676E6965
6E616820
64656C64
206E6920
4D2D5348
2E65646F
4D220022
616D7369
20686374
76206E69
61767473
6176206C
2165756C
61725420
61772070
65622073
20676E69
646E6168
2064656C
56206E69
6F4D2D53
222E6564
694D2200
74616D73
69206863
746D206E
326C6176
6C617620
20216575
70617254
73617720
69656220
6820676E
6C646E61
69206465
2D4D206E
65646F4D
2200222E
6D73694D
68637461
206E6920
6E69746D
76207473
65756C61
72542021
77207061
62207361
676E6965
6E616820
64656C64
206E6920
6F4D2D4D
222E6564
694D2200
74616D73
69206863
696D206E
61762070
2165756C
61725420
61772070
65622073
20676E69
646E6168
2064656C
4D206E69
646F4D2D
00222E65
73694D22
6374616D
6E692068
70697320
6C617620
20216575
70617254
73617720
69656220
6820676E
6C646E61
69206465
2D53206E
65646F4D
2200222E
6D73694D
68637461
206E6920
20706968
756C6176
54202165
20706172
20736177
6E696562
61682067
656C646E
6E692064
2D534820
65646F4D
2200222E
6D73694D
68637461
206E6920
70697376
6C617620
20216575
70617254
73617720
69656220
6820676E
6C646E61
69206465
5356206E
646F4D2D
00222E65
73694D22
6374616D
6E692068
63616D20
656E6968
74786520
616E7265
6E69206C
72726574
20747075
20214449
70617254
73617720
69656220
6820676E
6C646E61
69206465
2D4D206E
65646F4D
2200222E
6D73694D
68637461
206E6920
65707573
73697672
6520726F
72657478
206C616E
65746E69
70757272
44492074
72542021
77207061
62207361
676E6965
6E616820
64656C64
206E6920
6F4D2D4D
222E6564
694D2200
74616D73
69206863
6976206E
61757472
7573206C
76726570
726F7369
74786520
616E7265
6E69206C
72726574
20747075
20214449
70617254
73617720
69656220
6820676E
6C646E61
69206465
2D4D206E
65646F4D
2200222E
6D73694D
68637461
206E6920
6863616D
20656E69
65747865
6C616E72
746E6920
75727265
49207470
54202144
20706172
20736177
6E696562
61682067
656C646E
6E692064
4D2D5320
2E65646F
4D220022
616D7369
20686374
73206E69
72657075
6F736976
78652072
6E726574
69206C61
7265746E
74707572
21444920
61725420
61772070
65622073
20676E69
646E6168
2064656C
53206E69
646F4D2D
00222E65
73694D22
6374616D
6E692068
72697620
6C617574
70757320
69767265
20726F73
65747865
6C616E72
746E6920
75727265
49207470
54202144
20706172
20736177
6E696562
61682067
656C646E
6E692064
4D2D5320
2E65646F
4D220022
616D7369
20686374
6D206E69
69686361
6520656E
72657478
206C616E
65746E69
70757272
44492074
72542021
77207061
62207361
676E6965
6E616820
64656C64
206E6920
4D2D5348
2E65646F
4D220022
616D7369
20686374
73206E69
72657075
6F736976
78652072
6E726574
69206C61
7265746E
74707572
21444920
61725420
61772070
65622073
20676E69
646E6168
2064656C
48206E69
6F4D2D53
222E6564
694D2200
74616D73
69206863
6976206E
61757472
7573206C
76726570
726F7369
74786520
616E7265
6E69206C
72726574
20747075
20214449
70617254
73617720
69656220
6820676E
6C646E61
69206465
5348206E
646F4D2D
00222E65
73694D22
6374616D
6E692068
63616D20
656E6968
74786520
616E7265
6E69206C
72726574
20747075
20214449
70617254
73617720
69656220
6820676E
6C646E61
69206465
5356206E
646F4D2D
00222E65
73694D22
6374616D
6E692068
70757320
69767265
20726F73
65747865
6C616E72
746E6920
75727265
49207470
54202144
20706172
20736177
6E696562
61682067
656C646E
6E692064
2D535620
65646F4D
2200222E
6D73694D
68637461
206E6920
74726976
206C6175
65707573
73697672
6520726F
72657478
206C616E
65746E69
70757272
44492074
72542021
77207061
62207361
676E6965
6E616820
64656C64
206E6920
4D2D5356
2E65646F
78760022
0A746173
43565200
52203A50
73696765
3A726574
56520020
203A5043
20646142
756C6156
20203A65
20202020
43565200
45203A50
63657078
20646574
756C6156
00203A65
50435652
7845203A
74636570
76206465
65756C61
616E7520
6C696176
656C6261
6572203A
736E6F63
63757274
20646574
6E676973
72757461
6F6C2065
69206461
6F6E2073
524C2074
202E4745
20776152
74736E69
74637572
3A6E6F69
56520020
203A5043
65707845
64657463
6C617620
75206575
6176616E
62616C69
203A656C
6F636572
7274736E
65746375
69732064
74616E67
20657275
6E696F70
20726574
69207369
6C61766E
202E6469
6E696F50
3A726574
56520020
203A5043
20444E45
4420464F
47554245
464E4920
414D524F
4E4F4954
66000A0A
67616C66
54000A73
63747365
20657361
6E676973
72757461
61632065
7972616E
73696D20
6374616D
52002168
3A504356
3D3D3D20
54203D3D
20504152
4C494146
20455255
47414944
54534F4E
20534349
3D3D3D3D
52000A3D
3A504356
69614620
6572756C
5200203A
3A504356
70784520
65746365
72742064
73207061
616E6769
65727574
74796220
6F632065
3A746E75
56520020
203A5043
75746341
74206C61
20706172
6E676973
72757461
79622065
63206574
746E756F
2020203A
20202020
43565200
44203A50
4E474149
5349534F
5544203A
65722054
64726F63
45206465
41525458
61727420
0A2E7370
43565200
44203A50
4E474149
5349534F
5544203A
65722054
64726F63
46206465
52455745
61727420
28207370
7373696D
20676E69
70617274
0A2E2973
43565200
54203A50
20706172
6E676973
72757461
79622065
64206574
65666669
636E6572
00203A65
50435652
4948203A
203A544E
72747845
72742061
20737061
2079616D
69646E69
65746163
7073203A
6F697275
69207375
7265746E
74707572
69202C73
726F636E
74636572
63786520
69747065
520A6E6F
3A504356
20202020
64202020
67656C65
6F697461
77202C6E
676E6F72
69727020
656C6976
6D206567
2065646F
69207461
7274736E
69746375
65206E6F
75636578
6E6F6974
726F202C
0A6E6120
50435652
2020203A
20202020
74736E69
74637572
206E6F69
73756163
20676E69
61662061
20746C75
74616874
6F687320
20646C75
20746F6E
6C756166
6E6F2074
69687420
55442073
000A2E54
50435652
4948203A
203A544E
7373694D
20676E69
70617274
616D2073
6E692079
61636964
203A6574
65637865
6F697470
6F6E206E
61722074
64657369
65687720
7865206E
74636570
0A2C6465
50435652
2020203A
20202020
6F636E69
63657272
53432074
74732052
20657461
76657270
69746E65
7420676E
20706172
672E6528
4978202E
69642045
6C626173
2C296465
61727420
56520A70
203A5043
20202020
65642020
6167656C
6E6F6974
75616320
676E6973
6E616820
72656C64
206E6920
6E6F7277
6F6D2067
202C6564
5020726F
702F504D
20656761
6C756166
696D2074
64657373
52000A2E
3A504356
61725420
61682070
656C646E
6F6D2072
203A6564
6D2D4D00
0A65646F
6D2D5300
0A65646F
2D534800
65646F6D
5356000A
646F6D2D
55000A65
6F6E6B6E
000A6E77
50435652
694D203A
74616D73
6E696863
69662067
3A646C65
65560020
726F7463
646F4D2B
74532B65
73757461
726F7720
74282064
20706172
6E676973
72757461
6F772065
30206472
58000A29
53554143
74282045
20706172
6E676973
72757461
6F772065
31206472
58000A29
20435045
61727428
69732070
74616E67
20657275
64726F77
0A293220
56545800
28204C41
70617274
67697320
7574616E
77206572
2064726F
000A2933
20504958
61727428
69732070
74616E67
20657275
64726F77
202C3220
65746E69
70757272
000A2974
4156544D
2820324C
70617274
67697320
7574616E
77206572
2064726F
68202C34
72657079
6F736976
000A2972
4E49544D
28205453
70617274
67697320
7574616E
77206572
2064726F
68202C35
72657079
6F736976
000A2972
65747845
6C616E72
746E4920
75727265
49207470
74282044
20706172
6E676973
72757461
6F772065
33206472
55000A29
6F6E6B6E
66206E77
646C6569
5652000A
203A5043
65707845
64657463
6C617620
203A6575
43565200
41203A50
61757463
6176206C
3A65756C
00202020
50435652
7845203A
74636570
63206465
65737561
5200203A
3A504356
74634120
206C6175
73756163
20203A65
56520020
203A5043
72727543
20746E65
4350454D
2020203A
43565200
55203A50
6365726E
696E676F
2064657A
70617274
69616620
6572756C
6E6F6320
74786574
7250202E
69746E69
6120676E
6C696176
656C6261
52534320
61747320
0A3A6574
43565200
48203A50
3A544E49
63655620
2B726F74
65646F4D
726F7720
696D2064
74616D73
6D206863
69207961
6369646E
3A657461
61727420
61682070
656C646E
6E692064
6F727720
520A676E
3A504356
20202020
70202020
69766972
6567656C
646F6D20
63282065
6B636568
64656D20
67656C65
64696D2F
67656C65
69202C29
726F636E
74636572
74736D20
73757461
65696620
0A73646C
50435652
2020203A
20202020
50504D28
5050532F
56504D2F
6F202C29
72772072
20676E6F
74636576
6465726F
746E6920
75727265
65207470
7972746E
52000A2E
3A504356
4E494820
58203A54
53554143
696D2045
74616D73
6D206863
736E6165
64206120
65666669
746E6572
63786520
69747065
6F206E6F
6E692072
72726574
20747075
65707974
73617720
4356520A
20203A50
20202020
73626F20
65767265
43202E64
6B636568
6E69203A
75727473
6F697463
6E65206E
69646F63
6320676E
6572726F
656E7463
202C7373
20525343
65636361
62697373
74696C69
56520A79
203A5043
20202020
74612020
72756320
746E6572
69727020
656C6976
202C6567
2F504D50
65676170
62617420
6320656C
69666E6F
61727567
6E6F6974
7865202C
736E6574
206E6F69
70707573
2E74726F
5652000A
203A5043
544E4948
4558203A
6D204350
616D7369
20686374
6E61656D
68742073
72742065
6F207061
72756363
20646572
61207461
66696420
65726566
6920746E
7274736E
69746375
0A2E6E6F
50435652
2020203A
20202020
73696854
756F6320
6920646C
6369646E
3A657461
66696420
65726566
6320746E
2065646F
6F79616C
28207475
6B6E696C
69207265
65757373
69202C29
7274736E
69746375
520A6E6F
3A504356
20202020
61202020
6E67696C
746E656D
66696420
65726566
2C65636E
20726F20
72702061
64656365
20676E69
74736E69
74637572
206E6F69
73756163
20676E69
75206E61
7078656E
65746365
72742064
0A2E7061
43565200
48203A50
3A544E49
56545820
6D204C41
616D7369
2E686374
726F4620
6C6C6920
6C616765
736E6920
63757274
6E6F6974
78202C73
6C617674
6F687320
20646C75
746E6F63
206E6961
0A656874
50435652
2020203A
20202020
74736E69
74637572
206E6F69
6F636E65
676E6964
726F2820
2E293020
726F4620
64646120
73736572
75616620
2C73746C
20746920
756F6873
6320646C
61746E6F
74206E69
520A6568
3A504356
20202020
66202020
746C7561
20676E69
72646461
2E737365
65684320
44206B63
73275455
76747820
72206C61
726F7065
676E6974
68656220
6F697661
000A2E72
50435652
4948203A
203A544E
20504958
6D73696D
68637461
61656D20
6920736E
7265746E
74707572
6E657020
676E6964
74696220
69642073
72656666
6843202E
3A6B6365
746E6920
75727265
520A7470
3A504356
20202020
63202020
72746E6F
656C6C6F
6F632072
6769666E
74617275
2C6E6F69
4D565220
4C45444F
746E6920
75727265
73207470
632F7465
7261656C
63616D20
2C736F72
6D697420
520A7265
3A504356
20202020
63202020
69666E6F
61727567
6E6F6974
746D2820
2F656D69
6D69746D
706D6365
61202C29
6420646E
67656C65
6F697461
6573206E
6E697474
0A2E7367
2D540A00
20494253
4F525245
72203A52
65757165
64657473
736E6920
63757274
6E6F6974
746F6E20
756F6620
6920646E
7374206E
695F6962
7274736E
6261745F
203A656C
00000000
00000000
6F5CA309
00000001
00000000
00000000
00000001
00000000
00000001
00000000
00000001
00000001
00000000
00000000
00000000
00000001
00000001
00000000
00000001
00000001
00000001
00000000
00000001
00000001
00000000
00000001
00000001
00000001
00000000
00000001
00000001
00000000
00000000
00000001
00000001
00000000
00000001
00000000
00000001
00000001
00000000
00000000
00000000
00000001
00000000
00000001
00000000
00000000
00000000
00000000
00000000
00000001
00000001
00000001
00000000
00000001
00000001
00000001
00000000
00000001
00000000
00000001
00000000
00000000
00000001
00000000
00000001
00000001
00000001
00000000
00000001
00000000
00000001
00000000
00000000
00000001
00000000
00000001
00000000
00000001
00000001
00000001
00000001
00000001
00000001
00000001
00000001
00000001
00000001
00000001
00000001
00000001
00000001
00000001
00000001
00000001
00000001
00000001
00000000
00000000
00000001
00000001
00000001
00000001
00000001
00000001
00000001
00000001
00000001
00000001
00000001
00000001
00000001
00000001
00000001
00000001
00000001
00000001
00000000
00000000
00000000
00000001
00000001
00000001
00000001
00000001
00000001
00000001
00000001
00000001
00000001
00000001
00000001
00000001
00000001
00000001
00000001
00000001
00000000
00000000
00000000
00000000
00000000
00000000
00000000
00000000
00000000
00000000
00000000
00000000
00000000
00000000
00000000
00000000
00000001
00000001
00000001
00000001
00000000
00000000
00000000
00000000
00000000
00000000
00000000
00000000
00000000
00000000
00000000
00000000
00000000
00000000
00000000
00000000
00000001
00000001
00000001
00000001
00000000
00000000
00000000
00000000
00000000
00000000
00000000
00000000
00000000
00000000
00000000
00000000
00000000
00000000
00000000
00000000
00000001
00000001
00000001
00000001
00000000
00000000
00000000
00000000
00000000
00000000
00000000
00000000
00000000
00000000
00000000
00000000
00000000
00000000
00000000
00000000
00000001
00000001
00000001
00000001
00000000
00000000
00000000
00000000
00000000
00000000
00000000
00000000
00000000
00000000
00000000
00000000
00000000
00000000
00000000
00000000
00000000
00000000
00000000
00000000
00000000
00000000
00000000
00000000
00000000
00000000
00000000
00000000
00000000
00000000
00000000
00000000
00000000
00000000
00000000
00000000
00000000
00000000
00000000
00000001
00000000
00000000
00000000
00000000
00000000
00000000
00000000
00000000
00000000
00000000
00000000
00000000
00000000
00000000
00000000
00000000
00000001
00000001
00000001
00000001
00000000
00000000
00000000
00000000
00000000
00000000
00000000
00000000
00000000
00000000
00000000
00000000
00000000
00000000
00000000
00000000
00000001
00000001
00000001
00000001
00000000
00000000
00000000
00000000
00000000
00000000
00000000
00000000
00000000
00000000
00000000
00000000
00000000
00000000
00000000
00000000
00000001
00000001
00000001
00000001
00000000
00000001
00000001
00000000
00000000
00000000
00000001
00000000
00000000
00000001
00000001
00000000
00000000
00000000
00000000
00000000
00000001
00000000
00000001
00000001
00000000
00000000
00000000
00000000
00000001
00000000
00000000
00000001
00000000
00000001
00000001
00000000
00000000
00000000
00000000
00000000
00000000
00000000
00000000
00000000
00000000
00000000
00000000
00000000
00000000
00000000
00000000
00000001
00000001
00000001
00000001
DEADBEEF
DEADBEEF
DEADBEEF
DEADBEEF
DEADBEEF
DEADBEEF
DEADBEEF
DEADBEEF
DEADBEEF
DEADBEEF
7A110FF5
00000000
D3A91F6C
DEADBEEF
DEADBEEF
DEADBEEF
DEADBEEF
DEADBEEF
DEADBEEF
DEADBEEF
DEADBEEF
DEADBEEF
DEADBEEF
DEADBEEF
DEADBEEF
DEADBEEF
DEADBEEF
DEADBEEF
DEADBEEF
DEADBEEF
DEADBEEF
DEADBEEF
DEADBEEF
DEADBEEF
DEADBEEF
DEADBEEF
DEADBEEF
DEADBEEF
DEADBEEF
DEADBEEF
DEADBEEF
DEADBEEF
DEADBEEF
DEADBEEF
DEADBEEF
DEADBEEF
DEADBEEF
DEADBEEF
DEADBEEF
DEADBEEF
DEADBEEF
DEADBEEF
DEADBEEF
DEADBEEF
DEADBEEF
DEADBEEF
DEADBEEF
DEADBEEF
DEADBEEF
DEADBEEF
DEADBEEF
DEADBEEF
DEADBEEF
DEADBEEF
DEADBEEF
DEADBEEF
DEADBEEF
DEADBEEF
DEADBEEF
DEADBEEF
DEADBEEF
DEADBEEF
DEADBEEF
DEADBEEF
DEADBEEF
DEADBEEF
DEADBEEF
DEADBEEF
DEADBEEF
DEADBEEF
DEADBEEF
DEADBEEF
DEADBEEF
DEADBEEF
DEADBEEF
DEADBEEF
DEADBEEF
DEADBEEF
DEADBEEF
DEADBEEF
DEADBEEF
DEADBEEF
DEADBEEF
DEADBEEF
DEADBEEF
DEADBEEF
DEADBEEF
DEADBEEF
DEADBEEF
DEADBEEF
DEADBEEF
DEADBEEF
DEADBEEF
DEADBEEF
DEADBEEF
DEADBEEF
DEADBEEF
DEADBEEF
DEADBEEF
DEADBEEF
DEADBEEF
DEADBEEF
DEADBEEF
DEADBEEF
DEADBEEF
DEADBEEF
DEADBEEF
DEADBEEF
DEADBEEF
DEADBEEF
DEADBEEF
DEADBEEF
DEADBEEF
DEADBEEF
DEADBEEF
DEADBEEF
DEADBEEF
DEADBEEF
DEADBEEF
DEADBEEF
DEADBEEF
DEADBEEF
DEADBEEF
DEADBEEF
DEADBEEF
DEADBEEF
DEADBEEF
DEADBEEF
DEADBEEF
DEADBEEF
DEADBEEF
DEADBEEF
DEADBEEF
DEADBEEF
DEADBEEF
DEADBEEF
DEADBEEF
DEADBEEF
DEADBEEF
DEADBEEF
DEADBEEF
DEADBEEF
DEADBEEF
DEADBEEF
DEADBEEF
DEADBEEF
DEADBEEF
DEADBEEF
DEADBEEF
DEADBEEF
DEADBEEF
DEADBEEF
DEADBEEF
DEADBEEF
DEADBEEF
DEADBEEF
DEADBEEF
DEADBEEF
DEADBEEF
DEADBEEF
DEADBEEF
DEADBEEF
DEADBEEF
DEADBEEF
DEADBEEF
DEADBEEF
DEADBEEF
DEADBEEF
DEADBEEF
DEADBEEF
DEADBEEF
DEADBEEF
DEADBEEF
DEADBEEF
DEADBEEF
DEADBEEF
DEADBEEF
DEADBEEF
DEADBEEF
DEADBEEF
DEADBEEF
DEADBEEF
DEADBEEF
DEADBEEF
DEADBEEF
DEADBEEF
DEADBEEF
DEADBEEF
DEADBEEF
DEADBEEF
DEADBEEF
DEADBEEF
DEADBEEF
DEADBEEF
DEADBEEF
DEADBEEF
DEADBEEF
DEADBEEF
DEADBEEF
DEADBEEF
DEADBEEF
DEADBEEF
DEADBEEF
DEADBEEF
DEADBEEF
DEADBEEF
DEADBEEF
DEADBEEF
DEADBEEF
DEADBEEF
DEADBEEF
DEADBEEF
DEADBEEF
DEADBEEF
DEADBEEF
DEADBEEF
DEADBEEF
DEADBEEF
DEADBEEF
DEADBEEF
DEADBEEF
DEADBEEF
DEADBEEF
DEADBEEF
DEADBEEF
DEADBEEF
DEADBEEF
DEADBEEF
DEADBEEF
DEADBEEF
DEADBEEF
DEADBEEF
DEADBEEF
DEADBEEF
DEADBEEF
DEADBEEF
DEADBEEF
DEADBEEF
DEADBEEF
DEADBEEF
DEADBEEF
DEADBEEF
DEADBEEF
DEADBEEF
DEADBEEF
DEADBEEF
DEADBEEF
DEADBEEF
DEADBEEF
DEADBEEF
DEADBEEF
DEADBEEF
DEADBEEF
DEADBEEF
DEADBEEF
DEADBEEF
DEADBEEF
DEADBEEF
DEADBEEF
DEADBEEF
DEADBEEF
DEADBEEF
DEADBEEF
DEADBEEF
DEADBEEF
DEADBEEF
DEADBEEF
DEADBEEF
DEADBEEF
DEADBEEF
DEADBEEF
DEADBEEF
DEADBEEF
DEADBEEF
DEADBEEF
DEADBEEF
DEADBEEF
DEADBEEF
DEADBEEF
DEADBEEF
DEADBEEF
DEADBEEF
DEADBEEF
DEADBEEF
DEADBEEF
DEADBEEF
DEADBEEF
DEADBEEF
DEADBEEF
DEADBEEF
DEADBEEF
DEADBEEF
DEADBEEF
DEADBEEF
DEADBEEF
DEADBEEF
DEADBEEF
DEADBEEF
DEADBEEF
DEADBEEF
DEADBEEF
DEADBEEF
DEADBEEF
DEADBEEF
DEADBEEF
DEADBEEF
DEADBEEF
DEADBEEF
DEADBEEF
DEADBEEF
DEADBEEF
DEADBEEF
DEADBEEF
DEADBEEF
DEADBEEF
DEADBEEF
DEADBEEF
DEADBEEF
DEADBEEF
DEADBEEF
DEADBEEF
DEADBEEF
DEADBEEF
DEADBEEF
DEADBEEF
DEADBEEF
DEADBEEF
DEADBEEF
DEADBEEF
DEADBEEF
DEADBEEF
DEADBEEF
DEADBEEF
DEADBEEF
DEADBEEF
DEADBEEF
DEADBEEF
DEADBEEF
DEADBEEF
DEADBEEF
DEADBEEF
DEADBEEF
DEADBEEF
DEADBEEF
DEADBEEF
DEADBEEF
DEADBEEF
DEADBEEF
DEADBEEF
DEADBEEF
DEADBEEF
DEADBEEF
DEADBEEF
DEADBEEF
DEADBEEF
DEADBEEF
DEADBEEF
DEADBEEF
DEADBEEF
DEADBEEF
DEADBEEF
DEADBEEF
DEADBEEF
DEADBEEF
DEADBEEF
DEADBEEF
DEADBEEF
DEADBEEF
DEADBEEF
DEADBEEF
DEADBEEF
DEADBEEF
DEADBEEF
DEADBEEF
DEADBEEF
DEADBEEF
DEADBEEF
DEADBEEF
DEADBEEF
DEADBEEF
DEADBEEF
DEADBEEF
DEADBEEF
DEADBEEF
DEADBEEF
DEADBEEF
DEADBEEF
DEADBEEF
DEADBEEF
DEADBEEF
DEADBEEF
DEADBEEF
DEADBEEF
DEADBEEF
DEADBEEF
DEADBEEF
DEADBEEF
DEADBEEF
DEADBEEF
DEADBEEF
DEADBEEF
DEADBEEF
DEADBEEF
DEADBEEF
DEADBEEF
DEADBEEF
DEADBEEF
DEADBEEF
DEADBEEF
DEADBEEF
DEADBEEF
DEADBEEF
DEADBEEF
DEADBEEF
DEADBEEF
DEADBEEF
DEADBEEF
DEADBEEF
DEADBEEF
DEADBEEF
DEADBEEF
DEADBEEF
DEADBEEF
DEADBEEF
DEADBEEF
DEADBEEF
DEADBEEF
DEADBEEF
DEADBEEF
DEADBEEF
DEADBEEF
DEADBEEF
DEADBEEF
DEADBEEF
DEADBEEF
DEADBEEF
DEADBEEF
DEADBEEF
DEADBEEF
DEADBEEF
DEADBEEF
DEADBEEF
DEADBEEF
DEADBEEF
DEADBEEF
DEADBEEF
DEADBEEF
DEADBEEF
DEADBEEF
DEADBEEF
DEADBEEF
DEADBEEF
DEADBEEF
DEADBEEF
DEADBEEF
DEADBEEF
DEADBEEF
DEADBEEF
DEADBEEF
DEADBEEF
DEADBEEF
DEADBEEF
DEADBEEF
DEADBEEF
DEADBEEF
DEADBEEF
DEADBEEF
DEADBEEF
DEADBEEF
DEADBEEF
DEADBEEF
DEADBEEF
DEADBEEF
DEADBEEF
DEADBEEF
DEADBEEF
DEADBEEF
DEADBEEF
DEADBEEF
DEADBEEF
DEADBEEF
DEADBEEF
DEADBEEF
DEADBEEF
DEADBEEF
DEADBEEF
DEADBEEF
DEADBEEF
DEADBEEF
DEADBEEF
DEADBEEF
DEADBEEF
DEADBEEF
DEADBEEF
DEADBEEF
DEADBEEF
DEADBEEF
DEADBEEF
DEADBEEF
DEADBEEF
DEADBEEF
DEADBEEF
DEADBEEF
DEADBEEF
DEADBEEF
DEADBEEF
DEADBEEF
DEADBEEF
DEADBEEF
DEADBEEF
DEADBEEF
DEADBEEF
DEADBEEF
DEADBEEF
DEADBEEF
DEADBEEF
DEADBEEF
DEADBEEF
DEADBEEF
DEADBEEF
DEADBEEF
DEADBEEF
DEADBEEF
DEADBEEF
DEADBEEF
DEADBEEF
DEADBEEF
DEADBEEF
DEADBEEF
DEADBEEF
DEADBEEF
DEADBEEF
DEADBEEF
DEADBEEF
DEADBEEF
DEADBEEF
DEADBEEF
DEADBEEF
DEADBEEF
DEADBEEF
DEADBEEF
DEADBEEF
DEADBEEF
DEADBEEF
DEADBEEF
DEADBEEF
DEADBEEF
DEADBEEF
DEADBEEF
DEADBEEF
DEADBEEF
DEADBEEF
DEADBEEF
DEADBEEF
DEADBEEF
DEADBEEF
DEADBEEF
DEADBEEF
DEADBEEF
DEADBEEF
DEADBEEF
DEADBEEF
DEADBEEF
DEADBEEF
DEADBEEF
DEADBEEF
DEADBEEF
DEADBEEF
DEADBEEF
DEADBEEF
DEADBEEF
DEADBEEF
DEADBEEF
DEADBEEF
DEADBEEF
DEADBEEF
DEADBEEF
DEADBEEF
DEADBEEF
DEADBEEF
DEADBEEF
DEADBEEF
DEADBEEF
DEADBEEF
DEADBEEF
DEADBEEF
DEADBEEF
DEADBEEF
DEADBEEF
DEADBEEF
DEADBEEF
DEADBEEF
DEADBEEF
DEADBEEF
DEADBEEF
DEADBEEF
DEADBEEF
DEADBEEF
DEADBEEF
DEADBEEF
DEADBEEF
DEADBEEF
DEADBEEF
DEADBEEF
DEADBEEF
DEADBEEF
DEADBEEF
DEADBEEF
DEADBEEF
DEADBEEF
DEADBEEF
DEADBEEF
DEADBEEF
DEADBEEF
DEADBEEF
DEADBEEF
DEADBEEF
DEADBEEF
DEADBEEF
DEADBEEF
DEADBEEF
DEADBEEF
DEADBEEF
DEADBEEF
DEADBEEF
DEADBEEF
DEADBEEF
DEADBEEF
DEADBEEF
DEADBEEF
DEADBEEF
DEADBEEF
DEADBEEF
DEADBEEF
DEADBEEF
DEADBEEF
DEADBEEF
DEADBEEF
DEADBEEF
DEADBEEF
DEADBEEF
DEADBEEF
DEADBEEF
DEADBEEF
DEADBEEF
DEADBEEF
DEADBEEF
DEADBEEF
DEADBEEF
DEADBEEF
DEADBEEF
DEADBEEF
DEADBEEF
DEADBEEF
DEADBEEF
DEADBEEF
DEADBEEF
DEADBEEF
DEADBEEF
DEADBEEF
DEADBEEF
DEADBEEF
DEADBEEF
DEADBEEF
DEADBEEF
DEADBEEF
DEADBEEF
DEADBEEF
DEADBEEF
DEADBEEF
DEADBEEF
DEADBEEF
DEADBEEF
DEADBEEF
DEADBEEF
DEADBEEF
DEADBEEF
DEADBEEF
DEADBEEF
DEADBEEF
DEADBEEF
DEADBEEF
DEADBEEF
DEADBEEF
DEADBEEF
DEADBEEF
DEADBEEF
DEADBEEF
DEADBEEF
DEADBEEF
DEADBEEF
DEADBEEF
DEADBEEF
DEADBEEF
DEADBEEF
DEADBEEF
DEADBEEF
DEADBEEF
DEADBEEF
DEADBEEF
DEADBEEF
DEADBEEF
DEADBEEF
DEADBEEF
DEADBEEF
DEADBEEF
DEADBEEF
DEADBEEF
DEADBEEF
DEADBEEF
DEADBEEF
DEADBEEF
DEADBEEF
DEADBEEF
DEADBEEF
DEADBEEF
DEADBEEF
DEADBEEF
DEADBEEF
DEADBEEF
DEADBEEF
DEADBEEF
DEADBEEF
DEADBEEF
DEADBEEF
DEADBEEF
DEADBEEF
DEADBEEF
DEADBEEF
DEADBEEF
DEADBEEF
DEADBEEF
DEADBEEF
DEADBEEF
DEADBEEF
DEADBEEF
DEADBEEF
DEADBEEF
DEADBEEF
DEADBEEF
DEADBEEF
DEADBEEF
DEADBEEF
DEADBEEF
DEADBEEF
DEADBEEF
DEADBEEF
DEADBEEF
DEADBEEF
DEADBEEF
DEADBEEF
DEADBEEF
DEADBEEF
DEADBEEF
DEADBEEF
DEADBEEF
DEADBEEF
DEADBEEF
DEADBEEF
DEADBEEF
DEADBEEF
DEADBEEF
DEADBEEF
DEADBEEF
DEADBEEF
DEADBEEF
DEADBEEF
DEADBEEF
DEADBEEF
DEADBEEF
DEADBEEF
DEADBEEF
DEADBEEF
DEADBEEF
DEADBEEF
DEADBEEF
DEADBEEF
DEADBEEF
DEADBEEF
DEADBEEF
DEADBEEF
DEADBEEF
DEADBEEF
DEADBEEF
DEADBEEF
DEADBEEF
DEADBEEF
DEADBEEF
DEADBEEF
DEADBEEF
DEADBEEF
DEADBEEF
DEADBEEF
DEADBEEF
DEADBEEF
DEADBEEF
DEADBEEF
DEADBEEF
DEADBEEF
DEADBEEF
DEADBEEF
DEADBEEF
DEADBEEF
DEADBEEF
DEADBEEF
DEADBEEF
DEADBEEF
DEADBEEF
DEADBEEF
DEADBEEF
DEADBEEF
DEADBEEF
DEADBEEF
DEADBEEF
DEADBEEF
DEADBEEF
DEADBEEF
DEADBEEF
DEADBEEF
DEADBEEF
DEADBEEF
DEADBEEF
DEADBEEF
DEADBEEF
DEADBEEF
DEADBEEF
DEADBEEF
DEADBEEF
DEADBEEF
DEADBEEF
DEADBEEF
DEADBEEF
DEADBEEF
DEADBEEF
DEADBEEF
DEADBEEF
DEADBEEF
DEADBEEF
DEADBEEF
DEADBEEF
DEADBEEF
DEADBEEF
DEADBEEF
DEADBEEF
DEADBEEF
DEADBEEF
DEADBEEF
DEADBEEF
DEADBEEF
DEADBEEF
DEADBEEF
DEADBEEF
DEADBEEF
DEADBEEF
DEADBEEF
DEADBEEF
DEADBEEF
DEADBEEF
DEADBEEF
DEADBEEF
DEADBEEF
DEADBEEF
DEADBEEF
DEADBEEF
DEADBEEF
DEADBEEF
DEADBEEF
DEADBEEF
DEADBEEF
DEADBEEF
DEADBEEF
DEADBEEF
DEADBEEF
DEADBEEF
DEADBEEF
DEADBEEF
DEADBEEF
DEADBEEF
DEADBEEF
DEADBEEF
DEADBEEF
DEADBEEF
DEADBEEF
DEADBEEF
DEADBEEF
DEADBEEF
DEADBEEF
DEADBEEF
DEADBEEF
DEADBEEF
DEADBEEF
DEADBEEF
DEADBEEF
DEADBEEF
DEADBEEF
DEADBEEF
DEADBEEF
DEADBEEF
DEADBEEF
DEADBEEF
DEADBEEF
DEADBEEF
DEADBEEF
DEADBEEF
DEADBEEF
DEADBEEF
DEADBEEF
DEADBEEF
DEADBEEF
DEADBEEF
DEADBEEF
DEADBEEF
DEADBEEF
DEADBEEF
DEADBEEF
DEADBEEF
DEADBEEF
DEADBEEF
DEADBEEF
DEADBEEF
DEADBEEF
DEADBEEF
DEADBEEF
DEADBEEF
DEADBEEF
DEADBEEF
DEADBEEF
DEADBEEF
DEADBEEF
DEADBEEF
DEADBEEF
DEADBEEF
DEADBEEF
DEADBEEF
DEADBEEF
DEADBEEF
DEADBEEF
DEADBEEF
DEADBEEF
DEADBEEF
DEADBEEF
DEADBEEF
DEADBEEF
DEADBEEF
DEADBEEF
DEADBEEF
DEADBEEF
DEADBEEF
DEADBEEF
DEADBEEF
DEADBEEF
DEADBEEF
DEADBEEF
DEADBEEF
DEADBEEF
DEADBEEF
DEADBEEF
DEADBEEF
DEADBEEF
DEADBEEF
DEADBEEF
DEADBEEF
DEADBEEF
DEADBEEF
DEADBEEF
DEADBEEF
DEADBEEF
DEADBEEF
DEADBEEF
DEADBEEF
DEADBEEF
DEADBEEF
DEADBEEF
DEADBEEF
DEADBEEF
DEADBEEF
DEADBEEF
DEADBEEF
DEADBEEF
DEADBEEF
DEADBEEF
DEADBEEF
DEADBEEF
DEADBEEF
DEADBEEF
DEADBEEF
DEADBEEF
DEADBEEF
DEADBEEF
DEADBEEF
DEADBEEF
DEADBEEF
DEADBEEF
DEADBEEF
DEADBEEF
DEADBEEF
DEADBEEF
DEADBEEF
DEADBEEF
DEADBEEF
DEADBEEF
DEADBEEF
DEADBEEF
DEADBEEF
DEADBEEF
DEADBEEF
DEADBEEF
DEADBEEF
DEADBEEF
DEADBEEF
DEADBEEF
DEADBEEF
DEADBEEF
DEADBEEF
DEADBEEF
DEADBEEF
DEADBEEF
DEADBEEF
DEADBEEF
DEADBEEF
DEADBEEF
DEADBEEF
DEADBEEF
DEADBEEF
DEADBEEF
DEADBEEF
DEADBEEF
DEADBEEF
DEADBEEF
DEADBEEF
DEADBEEF
DEADBEEF
DEADBEEF
DEADBEEF
DEADBEEF
DEADBEEF
DEADBEEF
DEADBEEF
DEADBEEF
DEADBEEF
DEADBEEF
DEADBEEF
DEADBEEF
DEADBEEF
DEADBEEF
DEADBEEF
DEADBEEF
DEADBEEF
DEADBEEF
DEADBEEF
DEADBEEF
DEADBEEF
DEADBEEF
DEADBEEF
DEADBEEF
DEADBEEF
DEADBEEF
DEADBEEF
DEADBEEF
DEADBEEF
DEADBEEF
DEADBEEF
DEADBEEF
DEADBEEF
DEADBEEF
DEADBEEF
DEADBEEF
DEADBEEF
DEADBEEF
DEADBEEF
DEADBEEF
DEADBEEF
DEADBEEF
DEADBEEF
DEADBEEF
DEADBEEF
DEADBEEF
DEADBEEF
DEADBEEF
DEADBEEF
DEADBEEF
DEADBEEF
DEADBEEF
DEADBEEF
DEADBEEF
DEADBEEF
DEADBEEF
DEADBEEF
DEADBEEF
DEADBEEF
DEADBEEF
DEADBEEF
DEADBEEF
DEADBEEF
DEADBEEF
DEADBEEF
DEADBEEF
DEADBEEF
DEADBEEF
DEADBEEF
DEADBEEF
DEADBEEF
DEADBEEF
DEADBEEF
DEADBEEF
DEADBEEF
DEADBEEF
DEADBEEF
DEADBEEF
DEADBEEF
DEADBEEF
DEADBEEF
DEADBEEF
DEADBEEF
DEADBEEF
DEADBEEF
DEADBEEF
DEADBEEF
DEADBEEF
DEADBEEF
DEADBEEF
DEADBEEF
DEADBEEF
DEADBEEF
DEADBEEF
DEADBEEF
DEADBEEF
DEADBEEF
DEADBEEF
DEADBEEF
DEADBEEF
DEADBEEF
DEADBEEF
DEADBEEF
DEADBEEF
DEADBEEF
DEADBEEF
DEADBEEF
DEADBEEF
DEADBEEF
DEADBEEF
DEADBEEF
DEADBEEF
DEADBEEF
DEADBEEF
DEADBEEF
DEADBEEF
DEADBEEF
DEADBEEF
DEADBEEF
DEADBEEF
DEADBEEF
DEADBEEF
DEADBEEF
DEADBEEF
DEADBEEF
DEADBEEF
DEADBEEF
DEADBEEF
DEADBEEF
DEADBEEF
DEADBEEF
DEADBEEF
DEADBEEF
DEADBEEF
DEADBEEF
DEADBEEF
DEADBEEF
DEADBEEF
DEADBEEF
DEADBEEF
DEADBEEF
DEADBEEF
DEADBEEF
DEADBEEF
DEADBEEF
DEADBEEF
DEADBEEF
DEADBEEF
DEADBEEF
DEADBEEF
DEADBEEF
DEADBEEF
DEADBEEF
DEADBEEF
DEADBEEF
DEADBEEF
DEADBEEF
DEADBEEF
DEADBEEF
DEADBEEF
DEADBEEF
DEADBEEF
DEADBEEF
DEADBEEF
DEADBEEF
DEADBEEF
DEADBEEF
DEADBEEF
DEADBEEF
DEADBEEF
DEADBEEF
DEADBEEF
DEADBEEF
DEADBEEF
DEADBEEF
DEADBEEF
DEADBEEF
DEADBEEF
DEADBEEF
DEADBEEF
DEADBEEF
DEADBEEF
DEADBEEF
DEADBEEF
DEADBEEF
DEADBEEF
DEADBEEF
DEADBEEF
DEADBEEF
DEADBEEF
DEADBEEF
DEADBEEF
DEADBEEF
DEADBEEF
DEADBEEF
DEADBEEF
DEADBEEF
DEADBEEF
DEADBEEF
DEADBEEF
DEADBEEF
DEADBEEF
DEADBEEF
DEADBEEF
DEADBEEF
DEADBEEF
DEADBEEF
DEADBEEF
DEADBEEF
DEADBEEF
DEADBEEF
DEADBEEF
DEADBEEF
DEADBEEF
DEADBEEF
DEADBEEF
DEADBEEF
DEADBEEF
DEADBEEF
DEADBEEF
DEADBEEF
DEADBEEF
DEADBEEF
DEADBEEF
DEADBEEF
DEADBEEF
DEADBEEF
DEADBEEF
DEADBEEF
DEADBEEF
DEADBEEF
DEADBEEF
DEADBEEF
DEADBEEF
DEADBEEF
DEADBEEF
DEADBEEF
DEADBEEF
DEADBEEF
DEADBEEF
DEADBEEF
DEADBEEF
DEADBEEF
DEADBEEF
DEADBEEF
DEADBEEF
DEADBEEF
DEADBEEF
DEADBEEF
DEADBEEF
DEADBEEF
DEADBEEF
DEADBEEF
DEADBEEF
DEADBEEF
DEADBEEF
DEADBEEF
DEADBEEF
DEADBEEF
DEADBEEF
DEADBEEF
DEADBEEF
DEADBEEF
DEADBEEF
DEADBEEF
DEADBEEF
DEADBEEF
DEADBEEF
DEADBEEF
DEADBEEF
DEADBEEF
DEADBEEF
DEADBEEF
DEADBEEF
DEADBEEF
DEADBEEF
DEADBEEF
DEADBEEF
DEADBEEF
DEADBEEF
DEADBEEF
DEADBEEF
DEADBEEF
DEADBEEF
DEADBEEF
DEADBEEF
DEADBEEF
DEADBEEF
DEADBEEF
DEADBEEF
DEADBEEF
DEADBEEF
DEADBEEF
DEADBEEF
DEADBEEF
DEADBEEF
DEADBEEF
DEADBEEF
DEADBEEF
DEADBEEF
DEADBEEF
DEADBEEF
DEADBEEF
DEADBEEF
DEADBEEF
DEADBEEF
DEADBEEF
DEADBEEF
DEADBEEF
DEADBEEF
DEADBEEF
DEADBEEF
DEADBEEF
DEADBEEF
DEADBEEF
DEADBEEF
DEADBEEF
DEADBEEF
DEADBEEF
DEADBEEF
DEADBEEF
DEADBEEF
DEADBEEF
DEADBEEF
DEADBEEF
DEADBEEF
DEADBEEF
DEADBEEF
DEADBEEF
DEADBEEF
DEADBEEF
DEADBEEF
DEADBEEF
DEADBEEF
DEADBEEF
DEADBEEF
DEADBEEF
DEADBEEF
DEADBEEF
DEADBEEF
DEADBEEF
DEADBEEF
DEADBEEF
DEADBEEF
DEADBEEF
DEADBEEF
DEADBEEF
DEADBEEF
DEADBEEF
DEADBEEF
DEADBEEF
DEADBEEF
DEADBEEF
DEADBEEF
DEADBEEF
DEADBEEF
DEADBEEF
DEADBEEF
DEADBEEF
DEADBEEF
DEADBEEF
DEADBEEF
DEADBEEF
DEADBEEF
DEADBEEF
DEADBEEF
DEADBEEF
DEADBEEF
DEADBEEF
DEADBEEF
DEADBEEF
DEADBEEF
DEADBEEF
DEADBEEF
DEADBEEF
DEADBEEF
DEADBEEF
DEADBEEF
DEADBEEF
DEADBEEF
DEADBEEF
DEADBEEF
DEADBEEF
DEADBEEF
DEADBEEF
DEADBEEF
DEADBEEF
DEADBEEF
DEADBEEF
DEADBEEF
DEADBEEF
DEADBEEF
DEADBEEF
DEADBEEF
DEADBEEF
DEADBEEF
DEADBEEF
DEADBEEF
DEADBEEF
DEADBEEF
DEADBEEF
DEADBEEF
DEADBEEF
DEADBEEF
DEADBEEF
DEADBEEF
DEADBEEF
DEADBEEF
DEADBEEF
DEADBEEF
DEADBEEF
DEADBEEF
DEADBEEF
DEADBEEF
DEADBEEF
DEADBEEF
DEADBEEF
DEADBEEF
DEADBEEF
DEADBEEF
DEADBEEF
DEADBEEF
DEADBEEF
DEADBEEF
DEADBEEF
DEADBEEF
DEADBEEF
DEADBEEF
DEADBEEF
DEADBEEF
DEADBEEF
DEADBEEF
DEADBEEF
DEADBEEF
DEADBEEF
DEADBEEF
DEADBEEF
DEADBEEF
DEADBEEF
DEADBEEF
DEADBEEF
DEADBEEF
DEADBEEF
DEADBEEF
DEADBEEF
DEADBEEF
DEADBEEF
DEADBEEF
DEADBEEF
DEADBEEF
DEADBEEF
DEADBEEF
DEADBEEF
DEADBEEF
DEADBEEF
DEADBEEF
DEADBEEF
DEADBEEF
DEADBEEF
DEADBEEF
DEADBEEF
DEADBEEF
DEADBEEF
DEADBEEF
DEADBEEF
DEADBEEF
DEADBEEF
DEADBEEF
DEADBEEF
DEADBEEF
DEADBEEF
DEADBEEF
DEADBEEF
DEADBEEF
DEADBEEF
DEADBEEF
DEADBEEF
DEADBEEF
DEADBEEF
DEADBEEF
DEADBEEF
DEADBEEF
DEADBEEF
DEADBEEF
DEADBEEF
DEADBEEF
DEADBEEF
DEADBEEF
DEADBEEF
DEADBEEF
DEADBEEF
DEADBEEF
DEADBEEF
DEADBEEF
DEADBEEF
DEADBEEF
DEADBEEF
DEADBEEF
DEADBEEF
DEADBEEF
DEADBEEF
DEADBEEF
DEADBEEF
DEADBEEF
DEADBEEF
DEADBEEF
DEADBEEF
DEADBEEF
DEADBEEF
DEADBEEF
DEADBEEF
DEADBEEF
DEADBEEF
DEADBEEF
DEADBEEF
DEADBEEF
DEADBEEF
DEADBEEF
DEADBEEF
DEADBEEF
DEADBEEF
DEADBEEF
DEADBEEF
DEADBEEF
DEADBEEF
DEADBEEF
DEADBEEF
DEADBEEF
DEADBEEF
DEADBEEF
DEADBEEF
DEADBEEF
DEADBEEF
DEADBEEF
DEADBEEF
DEADBEEF
DEADBEEF
DEADBEEF
DEADBEEF
DEADBEEF
DEADBEEF
DEADBEEF
DEADBEEF
DEADBEEF
DEADBEEF
DEADBEEF
DEADBEEF
DEADBEEF
DEADBEEF
DEADBEEF
DEADBEEF
DEADBEEF
DEADBEEF
DEADBEEF
DEADBEEF
DEADBEEF
DEADBEEF
DEADBEEF
DEADBEEF
DEADBEEF
DEADBEEF
DEADBEEF
DEADBEEF
DEADBEEF
DEADBEEF
DEADBEEF
DEADBEEF
DEADBEEF
DEADBEEF
DEADBEEF
DEADBEEF
DEADBEEF
DEADBEEF
DEADBEEF
DEADBEEF
DEADBEEF
DEADBEEF
DEADBEEF
DEADBEEF
DEADBEEF
DEADBEEF
DEADBEEF
DEADBEEF
DEADBEEF
DEADBEEF
DEADBEEF
DEADBEEF
DEADBEEF
DEADBEEF
DEADBEEF
DEADBEEF
DEADBEEF
DEADBEEF
DEADBEEF
DEADBEEF
DEADBEEF
DEADBEEF
DEADBEEF
DEADBEEF
DEADBEEF
DEADBEEF
DEADBEEF
DEADBEEF
DEADBEEF
DEADBEEF
DEADBEEF
DEADBEEF
DEADBEEF
DEADBEEF
DEADBEEF
DEADBEEF
DEADBEEF
DEADBEEF
DEADBEEF
DEADBEEF
DEADBEEF
DEADBEEF
DEADBEEF
DEADBEEF
DEADBEEF
DEADBEEF
DEADBEEF
DEADBEEF
DEADBEEF
DEADBEEF
DEADBEEF
DEADBEEF
DEADBEEF
DEADBEEF
DEADBEEF
DEADBEEF
DEADBEEF
DEADBEEF
DEADBEEF
DEADBEEF
DEADBEEF
DEADBEEF
DEADBEEF
DEADBEEF
DEADBEEF
DEADBEEF
DEADBEEF
DEADBEEF
DEADBEEF
DEADBEEF
DEADBEEF
DEADBEEF
DEADBEEF
DEADBEEF
DEADBEEF
DEADBEEF
DEADBEEF
DEADBEEF
DEADBEEF
DEADBEEF
DEADBEEF
DEADBEEF
DEADBEEF
DEADBEEF
DEADBEEF
DEADBEEF
DEADBEEF
DEADBEEF
DEADBEEF
DEADBEEF
DEADBEEF
DEADBEEF
DEADBEEF
DEADBEEF
DEADBEEF
DEADBEEF
DEADBEEF
DEADBEEF
DEADBEEF
DEADBEEF
DEADBEEF
DEADBEEF
DEADBEEF
DEADBEEF
DEADBEEF
DEADBEEF
DEADBEEF
DEADBEEF
DEADBEEF
DEADBEEF
DEADBEEF
DEADBEEF
DEADBEEF
DEADBEEF
DEADBEEF
DEADBEEF
DEADBEEF
DEADBEEF
DEADBEEF
DEADBEEF
DEADBEEF
DEADBEEF
DEADBEEF
DEADBEEF
DEADBEEF
DEADBEEF
DEADBEEF
DEADBEEF
DEADBEEF
DEADBEEF
DEADBEEF
DEADBEEF
DEADBEEF
DEADBEEF
DEADBEEF
DEADBEEF
DEADBEEF
DEADBEEF
DEADBEEF
DEADBEEF
DEADBEEF
DEADBEEF
DEADBEEF
DEADBEEF
DEADBEEF
DEADBEEF
DEADBEEF
DEADBEEF
DEADBEEF
DEADBEEF
DEADBEEF
DEADBEEF
DEADBEEF
DEADBEEF
DEADBEEF
DEADBEEF
DEADBEEF
DEADBEEF
DEADBEEF
DEADBEEF
DEADBEEF
DEADBEEF
DEADBEEF
DEADBEEF
DEADBEEF
DEADBEEF
DEADBEEF
DEADBEEF
DEADBEEF
DEADBEEF
DEADBEEF
DEADBEEF
DEADBEEF
DEADBEEF
DEADBEEF
DEADBEEF
DEADBEEF
DEADBEEF
DEADBEEF
DEADBEEF
DEADBEEF
DEADBEEF
DEADBEEF
DEADBEEF
DEADBEEF
DEADBEEF
DEADBEEF
DEADBEEF
DEADBEEF
DEADBEEF
DEADBEEF
DEADBEEF
DEADBEEF
DEADBEEF
DEADBEEF
DEADBEEF
DEADBEEF
DEADBEEF
DEADBEEF
DEADBEEF
DEADBEEF
DEADBEEF
DEADBEEF
DEADBEEF
DEADBEEF
DEADBEEF
DEADBEEF
DEADBEEF
DEADBEEF
DEADBEEF
DEADBEEF
DEADBEEF
DEADBEEF
DEADBEEF
DEADBEEF
DEADBEEF
DEADBEEF
DEADBEEF
DEADBEEF
DEADBEEF
DEADBEEF
DEADBEEF
DEADBEEF
DEADBEEF
DEADBEEF
DEADBEEF
DEADBEEF
DEADBEEF
DEADBEEF
DEADBEEF
DEADBEEF
DEADBEEF
DEADBEEF
DEADBEEF
DEADBEEF
DEADBEEF
DEADBEEF
DEADBEEF
DEADBEEF
DEADBEEF
DEADBEEF
DEADBEEF
DEADBEEF
DEADBEEF
DEADBEEF
DEADBEEF
DEADBEEF
DEADBEEF
DEADBEEF
DEADBEEF
DEADBEEF
DEADBEEF
DEADBEEF
DEADBEEF
DEADBEEF
DEADBEEF
DEADBEEF
DEADBEEF
DEADBEEF
DEADBEEF
DEADBEEF
DEADBEEF
DEADBEEF
DEADBEEF
DEADBEEF
DEADBEEF
DEADBEEF
DEADBEEF
DEADBEEF
DEADBEEF
DEADBEEF
DEADBEEF
DEADBEEF
DEADBEEF
DEADBEEF
DEADBEEF
DEADBEEF
DEADBEEF
DEADBEEF
DEADBEEF
DEADBEEF
DEADBEEF
DEADBEEF
DEADBEEF
DEADBEEF
DEADBEEF
DEADBEEF
DEADBEEF
DEADBEEF
DEADBEEF
DEADBEEF
DEADBEEF
DEADBEEF
DEADBEEF
DEADBEEF
DEADBEEF
DEADBEEF
DEADBEEF
DEADBEEF
DEADBEEF
DEADBEEF
DEADBEEF
DEADBEEF
DEADBEEF
DEADBEEF
DEADBEEF
DEADBEEF
DEADBEEF
DEADBEEF
DEADBEEF
DEADBEEF
DEADBEEF
DEADBEEF
DEADBEEF
DEADBEEF
DEADBEEF
DEADBEEF
DEADBEEF
DEADBEEF
DEADBEEF
DEADBEEF
DEADBEEF
DEADBEEF
DEADBEEF
DEADBEEF
DEADBEEF
DEADBEEF
DEADBEEF
DEADBEEF
DEADBEEF
DEADBEEF
DEADBEEF
DEADBEEF
DEADBEEF
DEADBEEF
DEADBEEF
DEADBEEF
DEADBEEF
DEADBEEF
DEADBEEF
DEADBEEF
DEADBEEF
DEADBEEF
DEADBEEF
DEADBEEF
DEADBEEF
DEADBEEF
DEADBEEF
DEADBEEF
DEADBEEF
DEADBEEF
DEADBEEF
DEADBEEF
DEADBEEF
DEADBEEF
DEADBEEF
DEADBEEF
DEADBEEF
DEADBEEF
DEADBEEF
DEADBEEF
DEADBEEF
DEADBEEF
DEADBEEF
DEADBEEF
DEADBEEF
DEADBEEF
DEADBEEF
DEADBEEF
DEADBEEF
DEADBEEF
DEADBEEF
DEADBEEF
DEADBEEF
DEADBEEF
DEADBEEF
DEADBEEF
DEADBEEF
DEADBEEF
DEADBEEF
DEADBEEF
DEADBEEF
DEADBEEF
DEADBEEF
DEADBEEF
DEADBEEF
DEADBEEF
DEADBEEF
DEADBEEF
DEADBEEF
DEADBEEF
DEADBEEF
DEADBEEF
DEADBEEF
DEADBEEF
DEADBEEF
DEADBEEF
DEADBEEF
DEADBEEF
DEADBEEF
DEADBEEF
DEADBEEF
DEADBEEF
DEADBEEF
DEADBEEF
DEADBEEF
DEADBEEF
DEADBEEF
DEADBEEF
DEADBEEF
DEADBEEF
DEADBEEF
DEADBEEF
DEADBEEF
DEADBEEF
DEADBEEF
DEADBEEF
DEADBEEF
DEADBEEF
DEADBEEF
DEADBEEF
DEADBEEF
DEADBEEF
DEADBEEF
DEADBEEF
DEADBEEF
DEADBEEF
DEADBEEF
DEADBEEF
DEADBEEF
DEADBEEF
DEADBEEF
DEADBEEF
DEADBEEF
DEADBEEF
DEADBEEF
DEADBEEF
DEADBEEF
DEADBEEF
DEADBEEF
DEADBEEF
DEADBEEF
DEADBEEF
DEADBEEF
DEADBEEF
DEADBEEF
DEADBEEF
DEADBEEF
DEADBEEF
DEADBEEF
DEADBEEF
DEADBEEF
DEADBEEF
DEADBEEF
DEADBEEF
DEADBEEF
DEADBEEF
DEADBEEF
DEADBEEF
DEADBEEF
DEADBEEF
DEADBEEF
DEADBEEF
DEADBEEF
DEADBEEF
DEADBEEF
DEADBEEF
DEADBEEF
DEADBEEF
DEADBEEF
DEADBEEF
DEADBEEF
DEADBEEF
DEADBEEF
DEADBEEF
DEADBEEF
DEADBEEF
DEADBEEF
DEADBEEF
DEADBEEF
DEADBEEF
DEADBEEF
DEADBEEF
DEADBEEF
DEADBEEF
DEADBEEF
DEADBEEF
DEADBEEF
DEADBEEF
DEADBEEF
DEADBEEF
DEADBEEF
DEADBEEF
DEADBEEF
DEADBEEF
DEADBEEF
DEADBEEF
DEADBEEF
DEADBEEF
DEADBEEF
DEADBEEF
DEADBEEF
DEADBEEF
DEADBEEF
DEADBEEF
DEADBEEF
DEADBEEF
DEADBEEF
DEADBEEF
DEADBEEF
DEADBEEF
DEADBEEF
DEADBEEF
DEADBEEF
DEADBEEF
DEADBEEF
DEADBEEF
DEADBEEF
DEADBEEF
DEADBEEF
DEADBEEF
DEADBEEF
DEADBEEF
DEADBEEF
DEADBEEF
DEADBEEF
DEADBEEF
DEADBEEF
DEADBEEF
DEADBEEF
DEADBEEF
DEADBEEF
DEADBEEF
DEADBEEF
DEADBEEF
DEADBEEF
DEADBEEF
DEADBEEF
DEADBEEF
DEADBEEF
DEADBEEF
DEADBEEF
DEADBEEF
DEADBEEF
DEADBEEF
DEADBEEF
DEADBEEF
DEADBEEF
DEADBEEF
DEADBEEF
DEADBEEF
DEADBEEF
DEADBEEF
DEADBEEF
DEADBEEF
DEADBEEF
DEADBEEF
DEADBEEF
DEADBEEF
DEADBEEF
DEADBEEF
DEADBEEF
DEADBEEF
DEADBEEF
DEADBEEF
DEADBEEF
DEADBEEF
DEADBEEF
DEADBEEF
DEADBEEF
DEADBEEF
DEADBEEF
DEADBEEF
DEADBEEF
DEADBEEF
DEADBEEF
DEADBEEF
DEADBEEF
DEADBEEF
DEADBEEF
DEADBEEF
DEADBEEF
DEADBEEF
DEADBEEF
DEADBEEF
DEADBEEF
DEADBEEF
DEADBEEF
DEADBEEF
DEADBEEF
DEADBEEF
DEADBEEF
DEADBEEF
DEADBEEF
DEADBEEF
DEADBEEF
DEADBEEF
DEADBEEF
DEADBEEF
DEADBEEF
DEADBEEF
DEADBEEF
DEADBEEF
DEADBEEF
DEADBEEF
DEADBEEF
DEADBEEF
DEADBEEF
DEADBEEF
DEADBEEF
DEADBEEF
DEADBEEF
DEADBEEF
DEADBEEF
DEADBEEF
DEADBEEF
DEADBEEF
DEADBEEF
DEADBEEF
DEADBEEF
DEADBEEF
DEADBEEF
DEADBEEF
DEADBEEF
DEADBEEF
DEADBEEF
DEADBEEF
DEADBEEF
DEADBEEF
DEADBEEF
DEADBEEF
DEADBEEF
DEADBEEF
DEADBEEF
DEADBEEF
DEADBEEF
DEADBEEF
DEADBEEF
DEADBEEF
DEADBEEF
DEADBEEF
DEADBEEF
DEADBEEF
DEADBEEF
DEADBEEF
DEADBEEF
DEADBEEF
DEADBEEF
DEADBEEF
DEADBEEF
DEADBEEF
DEADBEEF
DEADBEEF
DEADBEEF
DEADBEEF
DEADBEEF
DEADBEEF
DEADBEEF
DEADBEEF
DEADBEEF
DEADBEEF
DEADBEEF
DEADBEEF
DEADBEEF
DEADBEEF
DEADBEEF
DEADBEEF
DEADBEEF
DEADBEEF
DEADBEEF
DEADBEEF
DEADBEEF
DEADBEEF
DEADBEEF
DEADBEEF
DEADBEEF
DEADBEEF
DEADBEEF
DEADBEEF
DEADBEEF
DEADBEEF
DEADBEEF
DEADBEEF
DEADBEEF
DEADBEEF
DEADBEEF
DEADBEEF
DEADBEEF
DEADBEEF
DEADBEEF
DEADBEEF
DEADBEEF
DEADBEEF
DEADBEEF
DEADBEEF
DEADBEEF
DEADBEEF
DEADBEEF
DEADBEEF
DEADBEEF
DEADBEEF
DEADBEEF
DEADBEEF
DEADBEEF
DEADBEEF
DEADBEEF
DEADBEEF
DEADBEEF
DEADBEEF
DEADBEEF
DEADBEEF
DEADBEEF
DEADBEEF
DEADBEEF
DEADBEEF
DEADBEEF
DEADBEEF
DEADBEEF
DEADBEEF
DEADBEEF
DEADBEEF
DEADBEEF
DEADBEEF
DEADBEEF
DEADBEEF
DEADBEEF
DEADBEEF
DEADBEEF
DEADBEEF
DEADBEEF
DEADBEEF
DEADBEEF
DEADBEEF
DEADBEEF
DEADBEEF
DEADBEEF
DEADBEEF
DEADBEEF
DEADBEEF
DEADBEEF
DEADBEEF
DEADBEEF
DEADBEEF
DEADBEEF
DEADBEEF
DEADBEEF
DEADBEEF
DEADBEEF
DEADBEEF
DEADBEEF
DEADBEEF
DEADBEEF
DEADBEEF
DEADBEEF
DEADBEEF
DEADBEEF
DEADBEEF
DEADBEEF
DEADBEEF
DEADBEEF
DEADBEEF
DEADBEEF
DEADBEEF
DEADBEEF
DEADBEEF
DEADBEEF
DEADBEEF
DEADBEEF
DEADBEEF
DEADBEEF
DEADBEEF
DEADBEEF
DEADBEEF
DEADBEEF
DEADBEEF
DEADBEEF
DEADBEEF
DEADBEEF
DEADBEEF
DEADBEEF
DEADBEEF
DEADBEEF
DEADBEEF
DEADBEEF
DEADBEEF
DEADBEEF
DEADBEEF
DEADBEEF
DEADBEEF
DEADBEEF
DEADBEEF
DEADBEEF
DEADBEEF
DEADBEEF
DEADBEEF
DEADBEEF
DEADBEEF
DEADBEEF
DEADBEEF
DEADBEEF
DEADBEEF
DEADBEEF
DEADBEEF
DEADBEEF
DEADBEEF
DEADBEEF
DEADBEEF
DEADBEEF
DEADBEEF
DEADBEEF
DEADBEEF
DEADBEEF
DEADBEEF
DEADBEEF
DEADBEEF
DEADBEEF
DEADBEEF
DEADBEEF
DEADBEEF
DEADBEEF
DEADBEEF
DEADBEEF
DEADBEEF
DEADBEEF
DEADBEEF
DEADBEEF
DEADBEEF
DEADBEEF
DEADBEEF
DEADBEEF
DEADBEEF
DEADBEEF
DEADBEEF
DEADBEEF
DEADBEEF
DEADBEEF
DEADBEEF
DEADBEEF
DEADBEEF
DEADBEEF
DEADBEEF
DEADBEEF
DEADBEEF
DEADBEEF
DEADBEEF
DEADBEEF
DEADBEEF
DEADBEEF
DEADBEEF
DEADBEEF
DEADBEEF
DEADBEEF
DEADBEEF
DEADBEEF
DEADBEEF
DEADBEEF
DEADBEEF
DEADBEEF
DEADBEEF
DEADBEEF
DEADBEEF
DEADBEEF
DEADBEEF
DEADBEEF
DEADBEEF
DEADBEEF
DEADBEEF
DEADBEEF
DEADBEEF
DEADBEEF
DEADBEEF
DEADBEEF
DEADBEEF
DEADBEEF
DEADBEEF
DEADBEEF
DEADBEEF
DEADBEEF
DEADBEEF
DEADBEEF
DEADBEEF
DEADBEEF
DEADBEEF
DEADBEEF
DEADBEEF
DEADBEEF
DEADBEEF
DEADBEEF
DEADBEEF
DEADBEEF
DEADBEEF
DEADBEEF
DEADBEEF
DEADBEEF
DEADBEEF
DEADBEEF
DEADBEEF
DEADBEEF
DEADBEEF
DEADBEEF
DEADBEEF
DEADBEEF
DEADBEEF
DEADBEEF
DEADBEEF
DEADBEEF
DEADBEEF
DEADBEEF
DEADBEEF
DEADBEEF
DEADBEEF
DEADBEEF
DEADBEEF
DEADBEEF
DEADBEEF
DEADBEEF
DEADBEEF
DEADBEEF
DEADBEEF
DEADBEEF
DEADBEEF
DEADBEEF
DEADBEEF
DEADBEEF
DEADBEEF
DEADBEEF
DEADBEEF
DEADBEEF
DEADBEEF
DEADBEEF
DEADBEEF
DEADBEEF
DEADBEEF
DEADBEEF
DEADBEEF
DEADBEEF
DEADBEEF
DEADBEEF
DEADBEEF
DEADBEEF
DEADBEEF
DEADBEEF
DEADBEEF
DEADBEEF
DEADBEEF
DEADBEEF
DEADBEEF
DEADBEEF
DEADBEEF
DEADBEEF
DEADBEEF
DEADBEEF
DEADBEEF
DEADBEEF
DEADBEEF
DEADBEEF
DEADBEEF
DEADBEEF
DEADBEEF
DEADBEEF
DEADBEEF
DEADBEEF
DEADBEEF
DEADBEEF
DEADBEEF
DEADBEEF
DEADBEEF
DEADBEEF
DEADBEEF
DEADBEEF
DEADBEEF
DEADBEEF
DEADBEEF
DEADBEEF
DEADBEEF
DEADBEEF
DEADBEEF
DEADBEEF
DEADBEEF
DEADBEEF
DEADBEEF
DEADBEEF
DEADBEEF
DEADBEEF
DEADBEEF
DEADBEEF
DEADBEEF
DEADBEEF
DEADBEEF
DEADBEEF
DEADBEEF
DEADBEEF
DEADBEEF
DEADBEEF
DEADBEEF
DEADBEEF
DEADBEEF
DEADBEEF
DEADBEEF
DEADBEEF
DEADBEEF
DEADBEEF
DEADBEEF
DEADBEEF
DEADBEEF
DEADBEEF
DEADBEEF
DEADBEEF
DEADBEEF
DEADBEEF
DEADBEEF
DEADBEEF
DEADBEEF
DEADBEEF
DEADBEEF
DEADBEEF
DEADBEEF
DEADBEEF
DEADBEEF
DEADBEEF
DEADBEEF
DEADBEEF
DEADBEEF
DEADBEEF
DEADBEEF
DEADBEEF
DEADBEEF
DEADBEEF
DEADBEEF
DEADBEEF
DEADBEEF
DEADBEEF
DEADBEEF
DEADBEEF
DEADBEEF
DEADBEEF
DEADBEEF
DEADBEEF
DEADBEEF
DEADBEEF
DEADBEEF
DEADBEEF
DEADBEEF
DEADBEEF
DEADBEEF
DEADBEEF
DEADBEEF
DEADBEEF
DEADBEEF
DEADBEEF
DEADBEEF
DEADBEEF
DEADBEEF
DEADBEEF
DEADBEEF
DEADBEEF
DEADBEEF
DEADBEEF
DEADBEEF
DEADBEEF
DEADBEEF
DEADBEEF
DEADBEEF
DEADBEEF
DEADBEEF
DEADBEEF
DEADBEEF
DEADBEEF
DEADBEEF
DEADBEEF
DEADBEEF
DEADBEEF
DEADBEEF
DEADBEEF
DEADBEEF
DEADBEEF
DEADBEEF
DEADBEEF
DEADBEEF
DEADBEEF
DEADBEEF
DEADBEEF
DEADBEEF
DEADBEEF
DEADBEEF
DEADBEEF
DEADBEEF
DEADBEEF
DEADBEEF
DEADBEEF
DEADBEEF
DEADBEEF
DEADBEEF
DEADBEEF
DEADBEEF
DEADBEEF
DEADBEEF
DEADBEEF
DEADBEEF
DEADBEEF
DEADBEEF
DEADBEEF
DEADBEEF
DEADBEEF
DEADBEEF
DEADBEEF
DEADBEEF
DEADBEEF
DEADBEEF
DEADBEEF
DEADBEEF
DEADBEEF
DEADBEEF
DEADBEEF
DEADBEEF
DEADBEEF
DEADBEEF
DEADBEEF
DEADBEEF
DEADBEEF
DEADBEEF
DEADBEEF
DEADBEEF
DEADBEEF
DEADBEEF
DEADBEEF
DEADBEEF
DEADBEEF
DEADBEEF
DEADBEEF
DEADBEEF
DEADBEEF
DEADBEEF
DEADBEEF
DEADBEEF
DEADBEEF
DEADBEEF
DEADBEEF
DEADBEEF
DEADBEEF
DEADBEEF
DEADBEEF
DEADBEEF
DEADBEEF
DEADBEEF
DEADBEEF
DEADBEEF
DEADBEEF
DEADBEEF
DEADBEEF
DEADBEEF
DEADBEEF
DEADBEEF
DEADBEEF
DEADBEEF
DEADBEEF
DEADBEEF
DEADBEEF
DEADBEEF
DEADBEEF
DEADBEEF
DEADBEEF
DEADBEEF
DEADBEEF
DEADBEEF
DEADBEEF
DEADBEEF
DEADBEEF
DEADBEEF
DEADBEEF
DEADBEEF
DEADBEEF
DEADBEEF
DEADBEEF
DEADBEEF
DEADBEEF
DEADBEEF
DEADBEEF
DEADBEEF
DEADBEEF
DEADBEEF
DEADBEEF
DEADBEEF
DEADBEEF
DEADBEEF
DEADBEEF
DEADBEEF
DEADBEEF
DEADBEEF
DEADBEEF
DEADBEEF
DEADBEEF
DEADBEEF
DEADBEEF
DEADBEEF
DEADBEEF
DEADBEEF
DEADBEEF
DEADBEEF
DEADBEEF
DEADBEEF
DEADBEEF
DEADBEEF
DEADBEEF
DEADBEEF
DEADBEEF
DEADBEEF
DEADBEEF
DEADBEEF
DEADBEEF
DEADBEEF
DEADBEEF
DEADBEEF
DEADBEEF
DEADBEEF
DEADBEEF
DEADBEEF
DEADBEEF
DEADBEEF
DEADBEEF
DEADBEEF
DEADBEEF
DEADBEEF
DEADBEEF
DEADBEEF
DEADBEEF
DEADBEEF
DEADBEEF
DEADBEEF
DEADBEEF
DEADBEEF
DEADBEEF
DEADBEEF
DEADBEEF
DEADBEEF
DEADBEEF
DEADBEEF
DEADBEEF
DEADBEEF
DEADBEEF
DEADBEEF
DEADBEEF
DEADBEEF
DEADBEEF
DEADBEEF
DEADBEEF
DEADBEEF
DEADBEEF
DEADBEEF
DEADBEEF
DEADBEEF
DEADBEEF
DEADBEEF
DEADBEEF
DEADBEEF
DEADBEEF
DEADBEEF
DEADBEEF
DEADBEEF
DEADBEEF
DEADBEEF
DEADBEEF
DEADBEEF
DEADBEEF
DEADBEEF
DEADBEEF
DEADBEEF
DEADBEEF
DEADBEEF
DEADBEEF
DEADBEEF
DEADBEEF
DEADBEEF
DEADBEEF
DEADBEEF
DEADBEEF
DEADBEEF
DEADBEEF
DEADBEEF
DEADBEEF
DEADBEEF
DEADBEEF
DEADBEEF
DEADBEEF
DEADBEEF
DEADBEEF
DEADBEEF
DEADBEEF
DEADBEEF
DEADBEEF
DEADBEEF
DEADBEEF
DEADBEEF
DEADBEEF
DEADBEEF
DEADBEEF
DEADBEEF
DEADBEEF
DEADBEEF
DEADBEEF
DEADBEEF
DEADBEEF
DEADBEEF
DEADBEEF
DEADBEEF
DEADBEEF
DEADBEEF
DEADBEEF
DEADBEEF
DEADBEEF
DEADBEEF
DEADBEEF
DEADBEEF
DEADBEEF
DEADBEEF
DEADBEEF
DEADBEEF
DEADBEEF
DEADBEEF
DEADBEEF
DEADBEEF
DEADBEEF
DEADBEEF
DEADBEEF
DEADBEEF
DEADBEEF
DEADBEEF
DEADBEEF
DEADBEEF
DEADBEEF
DEADBEEF
DEADBEEF
DEADBEEF
DEADBEEF
DEADBEEF
DEADBEEF
DEADBEEF
DEADBEEF
DEADBEEF
DEADBEEF
DEADBEEF
DEADBEEF
DEADBEEF
DEADBEEF
DEADBEEF
DEADBEEF
DEADBEEF
DEADBEEF
DEADBEEF
DEADBEEF
DEADBEEF
DEADBEEF
DEADBEEF
DEADBEEF
DEADBEEF
DEADBEEF
DEADBEEF
DEADBEEF
DEADBEEF
DEADBEEF
DEADBEEF
DEADBEEF
DEADBEEF
DEADBEEF
DEADBEEF
DEADBEEF
DEADBEEF
DEADBEEF
DEADBEEF
DEADBEEF
DEADBEEF
DEADBEEF
DEADBEEF
DEADBEEF
DEADBEEF
DEADBEEF
DEADBEEF
DEADBEEF
DEADBEEF
DEADBEEF
DEADBEEF
DEADBEEF
DEADBEEF
DEADBEEF
DEADBEEF
DEADBEEF
DEADBEEF
DEADBEEF
DEADBEEF
DEADBEEF
DEADBEEF
DEADBEEF
DEADBEEF
DEADBEEF
DEADBEEF
DEADBEEF
DEADBEEF
DEADBEEF
DEADBEEF
DEADBEEF
DEADBEEF
DEADBEEF
DEADBEEF
DEADBEEF
DEADBEEF
DEADBEEF
DEADBEEF
DEADBEEF
DEADBEEF
DEADBEEF
DEADBEEF
DEADBEEF
DEADBEEF
DEADBEEF
DEADBEEF
DEADBEEF
DEADBEEF
DEADBEEF
DEADBEEF
DEADBEEF
DEADBEEF
DEADBEEF
DEADBEEF
DEADBEEF
DEADBEEF
DEADBEEF
DEADBEEF
DEADBEEF
DEADBEEF
DEADBEEF
DEADBEEF
DEADBEEF
DEADBEEF
DEADBEEF
DEADBEEF
DEADBEEF
DEADBEEF
DEADBEEF
DEADBEEF
DEADBEEF
DEADBEEF
DEADBEEF
DEADBEEF
DEADBEEF
DEADBEEF
DEADBEEF
DEADBEEF
DEADBEEF
DEADBEEF
DEADBEEF
DEADBEEF
DEADBEEF
DEADBEEF
DEADBEEF
DEADBEEF
DEADBEEF
DEADBEEF
DEADBEEF
DEADBEEF
DEADBEEF
DEADBEEF
DEADBEEF
DEADBEEF
DEADBEEF
DEADBEEF
DEADBEEF
DEADBEEF
DEADBEEF
DEADBEEF
DEADBEEF
DEADBEEF
DEADBEEF
DEADBEEF
DEADBEEF
DEADBEEF
DEADBEEF
DEADBEEF
DEADBEEF
DEADBEEF
DEADBEEF
DEADBEEF
DEADBEEF
DEADBEEF
DEADBEEF
DEADBEEF
DEADBEEF
DEADBEEF
DEADBEEF
DEADBEEF
DEADBEEF
DEADBEEF
DEADBEEF
DEADBEEF
DEADBEEF
DEADBEEF
DEADBEEF
DEADBEEF
DEADBEEF
DEADBEEF
DEADBEEF
DEADBEEF
DEADBEEF
DEADBEEF
DEADBEEF
DEADBEEF
DEADBEEF
DEADBEEF
DEADBEEF
DEADBEEF
DEADBEEF
DEADBEEF
DEADBEEF
DEADBEEF
DEADBEEF
DEADBEEF
DEADBEEF
DEADBEEF
DEADBEEF
DEADBEEF
DEADBEEF
DEADBEEF
DEADBEEF
DEADBEEF
DEADBEEF
DEADBEEF
DEADBEEF
DEADBEEF
DEADBEEF
DEADBEEF
DEADBEEF
DEADBEEF
DEADBEEF
DEADBEEF
DEADBEEF
DEADBEEF
DEADBEEF
DEADBEEF
DEADBEEF
DEADBEEF
DEADBEEF
DEADBEEF
DEADBEEF
DEADBEEF
DEADBEEF
DEADBEEF
DEADBEEF
DEADBEEF
DEADBEEF
DEADBEEF
DEADBEEF
DEADBEEF
DEADBEEF
DEADBEEF
DEADBEEF
DEADBEEF
DEADBEEF
DEADBEEF
DEADBEEF
DEADBEEF
DEADBEEF
DEADBEEF
DEADBEEF
DEADBEEF
DEADBEEF
DEADBEEF
DEADBEEF
DEADBEEF
DEADBEEF
DEADBEEF
DEADBEEF
DEADBEEF
DEADBEEF
DEADBEEF
DEADBEEF
DEADBEEF
DEADBEEF
DEADBEEF
DEADBEEF
DEADBEEF
DEADBEEF
DEADBEEF
DEADBEEF
DEADBEEF
DEADBEEF
DEADBEEF
DEADBEEF
DEADBEEF
DEADBEEF
DEADBEEF
DEADBEEF
DEADBEEF
DEADBEEF
DEADBEEF
DEADBEEF
DEADBEEF
DEADBEEF
DEADBEEF
DEADBEEF
DEADBEEF
DEADBEEF
DEADBEEF
DEADBEEF
DEADBEEF
DEADBEEF
DEADBEEF
DEADBEEF
DEADBEEF
DEADBEEF
DEADBEEF
DEADBEEF
DEADBEEF
DEADBEEF
DEADBEEF
DEADBEEF
DEADBEEF
DEADBEEF
DEADBEEF
DEADBEEF
DEADBEEF
DEADBEEF
DEADBEEF
DEADBEEF
DEADBEEF
DEADBEEF
DEADBEEF
DEADBEEF
DEADBEEF
DEADBEEF
DEADBEEF
DEADBEEF
DEADBEEF
DEADBEEF
DEADBEEF
DEADBEEF
DEADBEEF
DEADBEEF
DEADBEEF
DEADBEEF
DEADBEEF
DEADBEEF
DEADBEEF
DEADBEEF
DEADBEEF
DEADBEEF
DEADBEEF
DEADBEEF
DEADBEEF
DEADBEEF
DEADBEEF
DEADBEEF
DEADBEEF
DEADBEEF
DEADBEEF
DEADBEEF
DEADBEEF
DEADBEEF
DEADBEEF
DEADBEEF
DEADBEEF
DEADBEEF
DEADBEEF
DEADBEEF
DEADBEEF
DEADBEEF
DEADBEEF
DEADBEEF
DEADBEEF
DEADBEEF
DEADBEEF
DEADBEEF
DEADBEEF
DEADBEEF
DEADBEEF
DEADBEEF
DEADBEEF
DEADBEEF
DEADBEEF
DEADBEEF
DEADBEEF
DEADBEEF
DEADBEEF
DEADBEEF
DEADBEEF
DEADBEEF
DEADBEEF
DEADBEEF
DEADBEEF
DEADBEEF
DEADBEEF
DEADBEEF
DEADBEEF
DEADBEEF
DEADBEEF
DEADBEEF
DEADBEEF
DEADBEEF
DEADBEEF
DEADBEEF
DEADBEEF
DEADBEEF
DEADBEEF
DEADBEEF
DEADBEEF
DEADBEEF
DEADBEEF
DEADBEEF
DEADBEEF
DEADBEEF
DEADBEEF
DEADBEEF
DEADBEEF
DEADBEEF
DEADBEEF
DEADBEEF
DEADBEEF
DEADBEEF
DEADBEEF
DEADBEEF
DEADBEEF
DEADBEEF
DEADBEEF
DEADBEEF
DEADBEEF
DEADBEEF
DEADBEEF
DEADBEEF
DEADBEEF
DEADBEEF
DEADBEEF
DEADBEEF
DEADBEEF
DEADBEEF
DEADBEEF
DEADBEEF
DEADBEEF
DEADBEEF
DEADBEEF
DEADBEEF
DEADBEEF
DEADBEEF
DEADBEEF
DEADBEEF
DEADBEEF
DEADBEEF
DEADBEEF
DEADBEEF
DEADBEEF
DEADBEEF
DEADBEEF
DEADBEEF
DEADBEEF
DEADBEEF
DEADBEEF
DEADBEEF
DEADBEEF
DEADBEEF
DEADBEEF
DEADBEEF
DEADBEEF
DEADBEEF
DEADBEEF
DEADBEEF
DEADBEEF
DEADBEEF
DEADBEEF
DEADBEEF
DEADBEEF
DEADBEEF
DEADBEEF
DEADBEEF
DEADBEEF
DEADBEEF
DEADBEEF
DEADBEEF
DEADBEEF
DEADBEEF
DEADBEEF
DEADBEEF
DEADBEEF
DEADBEEF
DEADBEEF
DEADBEEF
DEADBEEF
DEADBEEF
DEADBEEF
DEADBEEF
DEADBEEF
DEADBEEF
DEADBEEF
DEADBEEF
DEADBEEF
DEADBEEF
DEADBEEF
DEADBEEF
DEADBEEF
DEADBEEF
DEADBEEF
DEADBEEF
DEADBEEF
DEADBEEF
DEADBEEF
DEADBEEF
DEADBEEF
DEADBEEF
DEADBEEF
DEADBEEF
DEADBEEF
DEADBEEF
DEADBEEF
DEADBEEF
DEADBEEF
DEADBEEF
DEADBEEF
DEADBEEF
DEADBEEF
DEADBEEF
DEADBEEF
DEADBEEF
DEADBEEF
DEADBEEF
DEADBEEF
DEADBEEF
DEADBEEF
DEADBEEF
DEADBEEF
DEADBEEF
DEADBEEF
DEADBEEF
DEADBEEF
DEADBEEF
DEADBEEF
DEADBEEF
DEADBEEF
DEADBEEF
DEADBEEF
DEADBEEF
DEADBEEF
DEADBEEF
DEADBEEF
DEADBEEF
DEADBEEF
DEADBEEF
DEADBEEF
DEADBEEF
DEADBEEF
DEADBEEF
DEADBEEF
DEADBEEF
DEADBEEF
DEADBEEF
DEADBEEF
DEADBEEF
DEADBEEF
DEADBEEF
DEADBEEF
DEADBEEF
DEADBEEF
DEADBEEF
DEADBEEF
DEADBEEF
DEADBEEF
DEADBEEF
DEADBEEF
DEADBEEF
DEADBEEF
DEADBEEF
DEADBEEF
DEADBEEF
DEADBEEF
DEADBEEF
DEADBEEF
DEADBEEF
DEADBEEF
DEADBEEF
DEADBEEF
DEADBEEF
DEADBEEF
DEADBEEF
DEADBEEF
DEADBEEF
DEADBEEF
DEADBEEF
DEADBEEF
DEADBEEF
DEADBEEF
DEADBEEF
DEADBEEF
DEADBEEF
DEADBEEF
DEADBEEF
DEADBEEF
DEADBEEF
DEADBEEF
DEADBEEF
DEADBEEF
DEADBEEF
DEADBEEF
DEADBEEF
DEADBEEF
DEADBEEF
DEADBEEF
DEADBEEF
DEADBEEF
DEADBEEF
DEADBEEF
DEADBEEF
DEADBEEF
DEADBEEF
DEADBEEF
DEADBEEF
DEADBEEF
DEADBEEF
DEADBEEF
DEADBEEF
DEADBEEF
DEADBEEF
DEADBEEF
DEADBEEF
DEADBEEF
DEADBEEF
DEADBEEF
DEADBEEF
DEADBEEF
DEADBEEF
DEADBEEF
DEADBEEF
DEADBEEF
DEADBEEF
DEADBEEF
DEADBEEF
DEADBEEF
DEADBEEF
DEADBEEF
DEADBEEF
DEADBEEF
DEADBEEF
DEADBEEF
DEADBEEF
DEADBEEF
DEADBEEF
DEADBEEF
DEADBEEF
DEADBEEF
DEADBEEF
DEADBEEF
DEADBEEF
DEADBEEF
DEADBEEF
DEADBEEF
DEADBEEF
DEADBEEF
DEADBEEF
DEADBEEF
DEADBEEF
DEADBEEF
DEADBEEF
DEADBEEF
DEADBEEF
DEADBEEF
DEADBEEF
DEADBEEF
DEADBEEF
DEADBEEF
DEADBEEF
DEADBEEF
DEADBEEF
DEADBEEF
DEADBEEF
DEADBEEF
DEADBEEF
DEADBEEF
DEADBEEF
DEADBEEF
DEADBEEF
DEADBEEF
DEADBEEF
DEADBEEF
DEADBEEF
DEADBEEF
DEADBEEF
DEADBEEF
DEADBEEF
DEADBEEF
DEADBEEF
DEADBEEF
DEADBEEF
DEADBEEF
DEADBEEF
DEADBEEF
DEADBEEF
DEADBEEF
DEADBEEF
DEADBEEF
DEADBEEF
DEADBEEF
DEADBEEF
DEADBEEF
DEADBEEF
DEADBEEF
DEADBEEF
DEADBEEF
DEADBEEF
DEADBEEF
DEADBEEF
DEADBEEF
DEADBEEF
DEADBEEF
DEADBEEF
DEADBEEF
DEADBEEF
DEADBEEF
DEADBEEF
DEADBEEF
DEADBEEF
DEADBEEF
DEADBEEF
DEADBEEF
DEADBEEF
DEADBEEF
DEADBEEF
DEADBEEF
DEADBEEF
DEADBEEF
DEADBEEF
DEADBEEF
DEADBEEF
DEADBEEF
DEADBEEF
DEADBEEF
DEADBEEF
DEADBEEF
DEADBEEF
DEADBEEF
DEADBEEF
DEADBEEF
DEADBEEF
DEADBEEF
DEADBEEF
DEADBEEF
DEADBEEF
DEADBEEF
DEADBEEF
DEADBEEF
DEADBEEF
DEADBEEF
DEADBEEF
DEADBEEF
DEADBEEF
DEADBEEF
DEADBEEF
DEADBEEF
DEADBEEF
DEADBEEF
DEADBEEF
DEADBEEF
DEADBEEF
DEADBEEF
DEADBEEF
DEADBEEF
DEADBEEF
DEADBEEF
DEADBEEF
DEADBEEF
DEADBEEF
DEADBEEF
DEADBEEF
DEADBEEF
DEADBEEF
DEADBEEF
DEADBEEF
DEADBEEF
DEADBEEF
DEADBEEF
DEADBEEF
DEADBEEF
DEADBEEF
DEADBEEF
DEADBEEF
DEADBEEF
DEADBEEF
DEADBEEF
DEADBEEF
DEADBEEF
DEADBEEF
DEADBEEF
DEADBEEF
DEADBEEF
DEADBEEF
DEADBEEF
DEADBEEF
DEADBEEF
DEADBEEF
DEADBEEF
DEADBEEF
DEADBEEF
DEADBEEF
DEADBEEF
DEADBEEF
DEADBEEF
DEADBEEF
DEADBEEF
DEADBEEF
DEADBEEF
DEADBEEF
DEADBEEF
DEADBEEF
DEADBEEF
DEADBEEF
DEADBEEF
DEADBEEF
DEADBEEF
DEADBEEF
DEADBEEF
DEADBEEF
DEADBEEF
DEADBEEF
DEADBEEF
DEADBEEF
DEADBEEF
DEADBEEF
DEADBEEF
DEADBEEF
DEADBEEF
DEADBEEF
DEADBEEF
DEADBEEF
DEADBEEF
DEADBEEF
DEADBEEF
DEADBEEF
DEADBEEF
DEADBEEF
DEADBEEF
DEADBEEF
DEADBEEF
DEADBEEF
DEADBEEF
DEADBEEF
DEADBEEF
DEADBEEF
DEADBEEF
DEADBEEF
DEADBEEF
DEADBEEF
DEADBEEF
DEADBEEF
DEADBEEF
DEADBEEF
DEADBEEF
DEADBEEF
DEADBEEF
DEADBEEF
DEADBEEF
DEADBEEF
DEADBEEF
DEADBEEF
DEADBEEF
DEADBEEF
DEADBEEF
DEADBEEF
DEADBEEF
DEADBEEF
DEADBEEF
DEADBEEF
DEADBEEF
DEADBEEF
DEADBEEF
DEADBEEF
DEADBEEF
DEADBEEF
DEADBEEF
DEADBEEF
DEADBEEF
DEADBEEF
DEADBEEF
DEADBEEF
DEADBEEF
DEADBEEF
DEADBEEF
DEADBEEF
DEADBEEF
DEADBEEF
DEADBEEF
DEADBEEF
DEADBEEF
DEADBEEF
DEADBEEF
DEADBEEF
DEADBEEF
DEADBEEF
DEADBEEF
DEADBEEF
DEADBEEF
DEADBEEF
DEADBEEF
DEADBEEF
DEADBEEF
DEADBEEF
DEADBEEF
DEADBEEF
DEADBEEF
DEADBEEF
DEADBEEF
DEADBEEF
DEADBEEF
DEADBEEF
DEADBEEF
DEADBEEF
DEADBEEF
DEADBEEF
DEADBEEF
DEADBEEF
DEADBEEF
DEADBEEF
DEADBEEF
DEADBEEF
DEADBEEF
DEADBEEF
DEADBEEF
DEADBEEF
DEADBEEF
DEADBEEF
DEADBEEF
DEADBEEF
DEADBEEF
DEADBEEF
DEADBEEF
DEADBEEF
DEADBEEF
DEADBEEF
DEADBEEF
DEADBEEF
DEADBEEF
DEADBEEF
DEADBEEF
DEADBEEF
DEADBEEF
DEADBEEF
DEADBEEF
DEADBEEF
DEADBEEF
DEADBEEF
DEADBEEF
DEADBEEF
DEADBEEF
DEADBEEF
DEADBEEF
DEADBEEF
DEADBEEF
DEADBEEF
DEADBEEF
DEADBEEF
DEADBEEF
DEADBEEF
DEADBEEF
DEADBEEF
DEADBEEF
DEADBEEF
DEADBEEF
DEADBEEF
DEADBEEF
DEADBEEF
DEADBEEF
DEADBEEF
DEADBEEF
DEADBEEF
DEADBEEF
DEADBEEF
DEADBEEF
DEADBEEF
DEADBEEF
DEADBEEF
DEADBEEF
DEADBEEF
DEADBEEF
DEADBEEF
DEADBEEF
DEADBEEF
DEADBEEF
DEADBEEF
DEADBEEF
DEADBEEF
DEADBEEF
DEADBEEF
DEADBEEF
DEADBEEF
DEADBEEF
DEADBEEF
DEADBEEF
DEADBEEF
DEADBEEF
DEADBEEF
DEADBEEF
DEADBEEF
DEADBEEF
DEADBEEF
DEADBEEF
DEADBEEF
DEADBEEF
DEADBEEF
DEADBEEF
DEADBEEF
DEADBEEF
DEADBEEF
DEADBEEF
DEADBEEF
DEADBEEF
DEADBEEF
DEADBEEF
DEADBEEF
DEADBEEF
DEADBEEF
DEADBEEF
DEADBEEF
DEADBEEF
DEADBEEF
DEADBEEF
DEADBEEF
DEADBEEF
DEADBEEF
DEADBEEF
DEADBEEF
DEADBEEF
DEADBEEF
DEADBEEF
DEADBEEF
DEADBEEF
DEADBEEF
DEADBEEF
DEADBEEF
DEADBEEF
DEADBEEF
DEADBEEF
DEADBEEF
DEADBEEF
DEADBEEF
DEADBEEF
DEADBEEF
DEADBEEF
DEADBEEF
DEADBEEF
DEADBEEF
DEADBEEF
DEADBEEF
DEADBEEF
DEADBEEF
DEADBEEF
DEADBEEF
DEADBEEF
DEADBEEF
DEADBEEF
DEADBEEF
DEADBEEF
DEADBEEF
DEADBEEF
DEADBEEF
DEADBEEF
DEADBEEF
DEADBEEF
DEADBEEF
DEADBEEF
DEADBEEF
DEADBEEF
DEADBEEF
DEADBEEF
DEADBEEF
DEADBEEF
DEADBEEF
DEADBEEF
DEADBEEF
DEADBEEF
DEADBEEF
DEADBEEF
DEADBEEF
DEADBEEF
DEADBEEF
DEADBEEF
DEADBEEF
DEADBEEF
DEADBEEF
DEADBEEF
DEADBEEF
DEADBEEF
DEADBEEF
DEADBEEF
DEADBEEF
DEADBEEF
DEADBEEF
DEADBEEF
DEADBEEF
DEADBEEF
DEADBEEF
DEADBEEF
DEADBEEF
DEADBEEF
DEADBEEF
DEADBEEF
DEADBEEF
DEADBEEF
DEADBEEF
DEADBEEF
DEADBEEF
DEADBEEF
DEADBEEF
DEADBEEF
DEADBEEF
DEADBEEF
DEADBEEF
DEADBEEF
DEADBEEF
DEADBEEF
DEADBEEF
DEADBEEF
DEADBEEF
DEADBEEF
DEADBEEF
DEADBEEF
DEADBEEF
DEADBEEF
DEADBEEF
DEADBEEF
DEADBEEF
DEADBEEF
DEADBEEF
DEADBEEF
DEADBEEF
DEADBEEF
DEADBEEF
DEADBEEF
DEADBEEF
DEADBEEF
DEADBEEF
DEADBEEF
DEADBEEF
DEADBEEF
DEADBEEF
DEADBEEF
DEADBEEF
DEADBEEF
DEADBEEF
DEADBEEF
DEADBEEF
DEADBEEF
DEADBEEF
DEADBEEF
DEADBEEF
DEADBEEF
DEADBEEF
DEADBEEF
DEADBEEF
DEADBEEF
DEADBEEF
DEADBEEF
DEADBEEF
DEADBEEF
DEADBEEF
DEADBEEF
DEADBEEF
DEADBEEF
DEADBEEF
DEADBEEF
DEADBEEF
DEADBEEF
DEADBEEF
DEADBEEF
DEADBEEF
DEADBEEF
DEADBEEF
DEADBEEF
DEADBEEF
DEADBEEF
DEADBEEF
DEADBEEF
DEADBEEF
DEADBEEF
DEADBEEF
DEADBEEF
DEADBEEF
DEADBEEF
DEADBEEF
DEADBEEF
DEADBEEF
DEADBEEF
DEADBEEF
DEADBEEF
DEADBEEF
DEADBEEF
DEADBEEF
DEADBEEF
DEADBEEF
DEADBEEF
DEADBEEF
DEADBEEF
DEADBEEF
DEADBEEF
DEADBEEF
DEADBEEF
DEADBEEF
DEADBEEF
DEADBEEF
DEADBEEF
DEADBEEF
DEADBEEF
DEADBEEF
DEADBEEF
DEADBEEF
DEADBEEF
DEADBEEF
DEADBEEF
DEADBEEF
DEADBEEF
DEADBEEF
DEADBEEF
DEADBEEF
DEADBEEF
DEADBEEF
DEADBEEF
DEADBEEF
DEADBEEF
DEADBEEF
DEADBEEF
DEADBEEF
DEADBEEF
DEADBEEF
DEADBEEF
DEADBEEF
DEADBEEF
DEADBEEF
DEADBEEF
DEADBEEF
DEADBEEF
DEADBEEF
DEADBEEF
DEADBEEF
DEADBEEF
DEADBEEF
DEADBEEF
DEADBEEF
DEADBEEF
DEADBEEF
DEADBEEF
DEADBEEF
DEADBEEF
DEADBEEF
DEADBEEF
DEADBEEF
DEADBEEF
DEADBEEF
DEADBEEF
DEADBEEF
DEADBEEF
DEADBEEF
DEADBEEF
DEADBEEF
DEADBEEF
DEADBEEF
DEADBEEF
DEADBEEF
DEADBEEF
DEADBEEF
DEADBEEF
DEADBEEF
DEADBEEF
DEADBEEF
DEADBEEF
DEADBEEF
DEADBEEF
DEADBEEF
DEADBEEF
DEADBEEF
DEADBEEF
DEADBEEF
DEADBEEF
DEADBEEF
DEADBEEF
DEADBEEF
DEADBEEF
DEADBEEF
DEADBEEF
DEADBEEF
DEADBEEF
DEADBEEF
DEADBEEF
DEADBEEF
DEADBEEF
DEADBEEF
DEADBEEF
DEADBEEF
DEADBEEF
DEADBEEF
DEADBEEF
DEADBEEF
DEADBEEF
DEADBEEF
DEADBEEF
DEADBEEF
DEADBEEF
DEADBEEF
DEADBEEF
DEADBEEF
DEADBEEF
DEADBEEF
DEADBEEF
DEADBEEF
DEADBEEF
DEADBEEF
DEADBEEF
DEADBEEF
DEADBEEF
DEADBEEF
DEADBEEF
DEADBEEF
DEADBEEF
DEADBEEF
DEADBEEF
DEADBEEF
DEADBEEF
DEADBEEF
DEADBEEF
DEADBEEF
DEADBEEF
DEADBEEF
DEADBEEF
DEADBEEF
DEADBEEF
DEADBEEF
DEADBEEF
DEADBEEF
DEADBEEF
DEADBEEF
DEADBEEF
DEADBEEF
DEADBEEF
DEADBEEF
DEADBEEF
DEADBEEF
DEADBEEF
DEADBEEF
DEADBEEF
DEADBEEF
DEADBEEF
DEADBEEF
DEADBEEF
DEADBEEF
DEADBEEF
DEADBEEF
DEADBEEF
DEADBEEF
DEADBEEF
DEADBEEF
DEADBEEF
DEADBEEF
DEADBEEF
DEADBEEF
DEADBEEF
DEADBEEF
DEADBEEF
DEADBEEF
DEADBEEF
DEADBEEF
DEADBEEF
DEADBEEF
DEADBEEF
DEADBEEF
DEADBEEF
DEADBEEF
DEADBEEF
DEADBEEF
DEADBEEF
DEADBEEF
DEADBEEF
DEADBEEF
DEADBEEF
DEADBEEF
DEADBEEF
DEADBEEF
DEADBEEF
DEADBEEF
DEADBEEF
DEADBEEF
DEADBEEF
DEADBEEF
DEADBEEF
DEADBEEF
DEADBEEF
DEADBEEF
DEADBEEF
DEADBEEF
DEADBEEF
DEADBEEF
DEADBEEF
DEADBEEF
DEADBEEF
DEADBEEF
DEADBEEF
DEADBEEF
DEADBEEF
DEADBEEF
DEADBEEF
DEADBEEF
DEADBEEF
DEADBEEF
DEADBEEF
DEADBEEF
DEADBEEF
DEADBEEF
DEADBEEF
DEADBEEF
DEADBEEF
DEADBEEF
DEADBEEF
DEADBEEF
DEADBEEF
DEADBEEF
DEADBEEF
DEADBEEF
DEADBEEF
DEADBEEF
DEADBEEF
DEADBEEF
DEADBEEF
DEADBEEF
DEADBEEF
DEADBEEF
DEADBEEF
DEADBEEF
DEADBEEF
DEADBEEF
DEADBEEF
DEADBEEF
DEADBEEF
DEADBEEF
DEADBEEF
DEADBEEF
DEADBEEF
DEADBEEF
DEADBEEF
DEADBEEF
DEADBEEF
DEADBEEF
DEADBEEF
DEADBEEF
DEADBEEF
DEADBEEF
DEADBEEF
DEADBEEF
DEADBEEF
DEADBEEF
DEADBEEF
DEADBEEF
DEADBEEF
DEADBEEF
DEADBEEF
DEADBEEF
DEADBEEF
DEADBEEF
DEADBEEF
DEADBEEF
DEADBEEF
DEADBEEF
DEADBEEF
DEADBEEF
DEADBEEF
DEADBEEF
DEADBEEF
DEADBEEF
DEADBEEF
DEADBEEF
DEADBEEF
DEADBEEF
DEADBEEF
DEADBEEF
DEADBEEF
DEADBEEF
DEADBEEF
DEADBEEF
DEADBEEF
DEADBEEF
DEADBEEF
DEADBEEF
DEADBEEF
DEADBEEF
DEADBEEF
DEADBEEF
DEADBEEF
DEADBEEF
DEADBEEF
DEADBEEF
DEADBEEF
DEADBEEF
DEADBEEF
DEADBEEF
DEADBEEF
DEADBEEF
DEADBEEF
DEADBEEF
DEADBEEF
DEADBEEF
DEADBEEF
DEADBEEF
DEADBEEF
DEADBEEF
DEADBEEF
DEADBEEF
DEADBEEF
DEADBEEF
DEADBEEF
DEADBEEF
DEADBEEF
DEADBEEF
DEADBEEF
DEADBEEF
DEADBEEF
DEADBEEF
DEADBEEF
DEADBEEF
DEADBEEF
DEADBEEF
DEADBEEF
DEADBEEF
DEADBEEF
DEADBEEF
DEADBEEF
DEADBEEF
DEADBEEF
DEADBEEF
DEADBEEF
DEADBEEF
DEADBEEF
DEADBEEF
DEADBEEF
DEADBEEF
DEADBEEF
DEADBEEF
DEADBEEF
DEADBEEF
DEADBEEF
DEADBEEF
DEADBEEF
DEADBEEF
DEADBEEF
DEADBEEF
DEADBEEF
DEADBEEF
DEADBEEF
DEADBEEF
DEADBEEF
DEADBEEF
DEADBEEF
DEADBEEF
DEADBEEF
DEADBEEF
DEADBEEF
DEADBEEF
DEADBEEF
DEADBEEF
DEADBEEF
DEADBEEF
DEADBEEF
DEADBEEF
DEADBEEF
DEADBEEF
DEADBEEF
DEADBEEF
DEADBEEF
DEADBEEF
DEADBEEF
DEADBEEF
DEADBEEF
DEADBEEF
DEADBEEF
DEADBEEF
DEADBEEF
DEADBEEF
DEADBEEF
DEADBEEF
DEADBEEF
DEADBEEF
DEADBEEF
DEADBEEF
DEADBEEF
DEADBEEF
DEADBEEF
DEADBEEF
DEADBEEF
DEADBEEF
DEADBEEF
DEADBEEF
DEADBEEF
DEADBEEF
DEADBEEF
DEADBEEF
DEADBEEF
DEADBEEF
DEADBEEF
DEADBEEF
DEADBEEF
DEADBEEF
DEADBEEF
DEADBEEF
DEADBEEF
DEADBEEF
DEADBEEF
DEADBEEF
DEADBEEF
DEADBEEF
DEADBEEF
DEADBEEF
DEADBEEF
DEADBEEF
DEADBEEF
DEADBEEF
DEADBEEF
DEADBEEF
DEADBEEF
DEADBEEF
DEADBEEF
DEADBEEF
DEADBEEF
DEADBEEF
DEADBEEF
DEADBEEF
DEADBEEF
DEADBEEF
DEADBEEF
DEADBEEF
DEADBEEF
DEADBEEF
DEADBEEF
DEADBEEF
DEADBEEF
DEADBEEF
DEADBEEF
DEADBEEF
DEADBEEF
DEADBEEF
DEADBEEF
DEADBEEF
DEADBEEF
DEADBEEF
DEADBEEF
DEADBEEF
DEADBEEF
DEADBEEF
DEADBEEF
DEADBEEF
DEADBEEF
DEADBEEF
DEADBEEF
DEADBEEF
DEADBEEF
DEADBEEF
DEADBEEF
DEADBEEF
DEADBEEF
DEADBEEF
DEADBEEF
DEADBEEF
DEADBEEF
DEADBEEF
DEADBEEF
DEADBEEF
DEADBEEF
DEADBEEF
DEADBEEF
DEADBEEF
DEADBEEF
DEADBEEF
DEADBEEF
DEADBEEF
DEADBEEF
DEADBEEF
DEADBEEF
DEADBEEF
DEADBEEF
DEADBEEF
DEADBEEF
DEADBEEF
DEADBEEF
DEADBEEF
DEADBEEF
DEADBEEF
DEADBEEF
DEADBEEF
DEADBEEF
DEADBEEF
DEADBEEF
DEADBEEF
DEADBEEF
DEADBEEF
DEADBEEF
DEADBEEF
DEADBEEF
DEADBEEF
DEADBEEF
DEADBEEF
DEADBEEF
DEADBEEF
DEADBEEF
DEADBEEF
DEADBEEF
DEADBEEF
DEADBEEF
DEADBEEF
DEADBEEF
DEADBEEF
DEADBEEF
DEADBEEF
DEADBEEF
DEADBEEF
DEADBEEF
DEADBEEF
DEADBEEF
DEADBEEF
DEADBEEF
DEADBEEF
DEADBEEF
DEADBEEF
DEADBEEF
DEADBEEF
DEADBEEF
DEADBEEF
DEADBEEF
DEADBEEF
DEADBEEF
DEADBEEF
DEADBEEF
DEADBEEF
DEADBEEF
DEADBEEF
DEADBEEF
DEADBEEF
DEADBEEF
DEADBEEF
DEADBEEF
DEADBEEF
DEADBEEF
DEADBEEF
DEADBEEF
DEADBEEF
DEADBEEF
DEADBEEF
DEADBEEF
DEADBEEF
DEADBEEF
DEADBEEF
DEADBEEF
DEADBEEF
DEADBEEF
DEADBEEF
DEADBEEF
DEADBEEF
DEADBEEF
DEADBEEF
DEADBEEF
DEADBEEF
DEADBEEF
DEADBEEF
DEADBEEF
DEADBEEF
DEADBEEF
DEADBEEF
DEADBEEF
DEADBEEF
DEADBEEF
DEADBEEF
DEADBEEF
DEADBEEF
DEADBEEF
DEADBEEF
DEADBEEF
DEADBEEF
DEADBEEF
DEADBEEF
DEADBEEF
DEADBEEF
DEADBEEF
DEADBEEF
DEADBEEF
DEADBEEF
DEADBEEF
DEADBEEF
DEADBEEF
DEADBEEF
DEADBEEF
DEADBEEF
DEADBEEF
DEADBEEF
DEADBEEF
DEADBEEF
DEADBEEF
DEADBEEF
DEADBEEF
DEADBEEF
DEADBEEF
DEADBEEF
DEADBEEF
DEADBEEF
DEADBEEF
DEADBEEF
DEADBEEF
DEADBEEF
DEADBEEF
DEADBEEF
DEADBEEF
DEADBEEF
DEADBEEF
DEADBEEF
DEADBEEF
DEADBEEF
DEADBEEF
DEADBEEF
DEADBEEF
DEADBEEF
DEADBEEF
DEADBEEF
DEADBEEF
DEADBEEF
DEADBEEF
DEADBEEF
DEADBEEF
DEADBEEF
DEADBEEF
DEADBEEF
DEADBEEF
DEADBEEF
DEADBEEF
DEADBEEF
DEADBEEF
DEADBEEF
DEADBEEF
DEADBEEF
DEADBEEF
DEADBEEF
DEADBEEF
DEADBEEF
DEADBEEF
DEADBEEF
DEADBEEF
DEADBEEF
DEADBEEF
DEADBEEF
DEADBEEF
DEADBEEF
DEADBEEF
DEADBEEF
DEADBEEF
DEADBEEF
DEADBEEF
DEADBEEF
DEADBEEF
DEADBEEF
DEADBEEF
DEADBEEF
DEADBEEF
DEADBEEF
DEADBEEF
DEADBEEF
DEADBEEF
DEADBEEF
DEADBEEF
DEADBEEF
DEADBEEF
DEADBEEF
DEADBEEF
DEADBEEF
DEADBEEF
DEADBEEF
DEADBEEF
DEADBEEF
DEADBEEF
DEADBEEF
DEADBEEF
DEADBEEF
DEADBEEF
DEADBEEF
DEADBEEF
DEADBEEF
DEADBEEF
DEADBEEF
DEADBEEF
DEADBEEF
DEADBEEF
DEADBEEF
DEADBEEF
DEADBEEF
DEADBEEF
DEADBEEF
DEADBEEF
DEADBEEF
DEADBEEF
DEADBEEF
DEADBEEF
DEADBEEF
DEADBEEF
DEADBEEF
DEADBEEF
DEADBEEF
DEADBEEF
DEADBEEF
DEADBEEF
DEADBEEF
DEADBEEF
DEADBEEF
DEADBEEF
DEADBEEF
DEADBEEF
DEADBEEF
DEADBEEF
DEADBEEF
DEADBEEF
DEADBEEF
DEADBEEF
DEADBEEF
DEADBEEF
DEADBEEF
DEADBEEF
DEADBEEF
DEADBEEF
DEADBEEF
DEADBEEF
DEADBEEF
DEADBEEF
DEADBEEF
DEADBEEF
DEADBEEF
DEADBEEF
DEADBEEF
DEADBEEF
DEADBEEF
DEADBEEF
DEADBEEF
DEADBEEF
DEADBEEF
DEADBEEF
DEADBEEF
DEADBEEF
DEADBEEF
DEADBEEF
DEADBEEF
DEADBEEF
DEADBEEF
DEADBEEF
DEADBEEF
DEADBEEF
DEADBEEF
DEADBEEF
DEADBEEF
DEADBEEF
DEADBEEF
DEADBEEF
DEADBEEF
DEADBEEF
DEADBEEF
DEADBEEF
DEADBEEF
DEADBEEF
DEADBEEF
DEADBEEF
DEADBEEF
DEADBEEF
DEADBEEF
DEADBEEF
DEADBEEF
DEADBEEF
DEADBEEF
DEADBEEF
DEADBEEF
DEADBEEF
DEADBEEF
DEADBEEF
DEADBEEF
DEADBEEF
DEADBEEF
DEADBEEF
DEADBEEF
DEADBEEF
DEADBEEF
DEADBEEF
DEADBEEF
DEADBEEF
DEADBEEF
DEADBEEF
DEADBEEF
DEADBEEF
DEADBEEF
DEADBEEF
DEADBEEF
DEADBEEF
DEADBEEF
DEADBEEF
DEADBEEF
DEADBEEF
DEADBEEF
DEADBEEF
DEADBEEF
DEADBEEF
DEADBEEF
DEADBEEF
DEADBEEF
DEADBEEF
DEADBEEF
DEADBEEF
DEADBEEF
DEADBEEF
DEADBEEF
DEADBEEF
DEADBEEF
DEADBEEF
DEADBEEF
DEADBEEF
DEADBEEF
DEADBEEF
DEADBEEF
DEADBEEF
DEADBEEF
DEADBEEF
DEADBEEF
DEADBEEF
DEADBEEF
DEADBEEF
DEADBEEF
DEADBEEF
DEADBEEF
DEADBEEF
DEADBEEF
DEADBEEF
DEADBEEF
DEADBEEF
DEADBEEF
DEADBEEF
DEADBEEF
DEADBEEF
DEADBEEF
DEADBEEF
DEADBEEF
DEADBEEF
DEADBEEF
DEADBEEF
DEADBEEF
DEADBEEF
DEADBEEF
DEADBEEF
DEADBEEF
DEADBEEF
DEADBEEF
DEADBEEF
DEADBEEF
DEADBEEF
DEADBEEF
DEADBEEF
DEADBEEF
DEADBEEF
DEADBEEF
DEADBEEF
DEADBEEF
DEADBEEF
DEADBEEF
DEADBEEF
DEADBEEF
DEADBEEF
DEADBEEF
DEADBEEF
DEADBEEF
DEADBEEF
DEADBEEF
DEADBEEF
DEADBEEF
DEADBEEF
DEADBEEF
DEADBEEF
DEADBEEF
DEADBEEF
DEADBEEF
DEADBEEF
DEADBEEF
DEADBEEF
DEADBEEF
DEADBEEF
DEADBEEF
DEADBEEF
DEADBEEF
DEADBEEF
DEADBEEF
DEADBEEF
DEADBEEF
DEADBEEF
DEADBEEF
DEADBEEF
DEADBEEF
DEADBEEF
DEADBEEF
DEADBEEF
DEADBEEF
DEADBEEF
DEADBEEF
DEADBEEF
DEADBEEF
DEADBEEF
DEADBEEF
DEADBEEF
DEADBEEF
DEADBEEF
DEADBEEF
DEADBEEF
DEADBEEF
DEADBEEF
DEADBEEF
DEADBEEF
DEADBEEF
DEADBEEF
DEADBEEF
DEADBEEF
DEADBEEF
DEADBEEF
DEADBEEF
DEADBEEF
DEADBEEF
DEADBEEF
DEADBEEF
DEADBEEF
DEADBEEF
DEADBEEF
DEADBEEF
DEADBEEF
DEADBEEF
DEADBEEF
DEADBEEF
DEADBEEF
DEADBEEF
DEADBEEF
DEADBEEF
DEADBEEF
DEADBEEF
DEADBEEF
DEADBEEF
DEADBEEF
DEADBEEF
DEADBEEF
DEADBEEF
DEADBEEF
DEADBEEF
DEADBEEF
DEADBEEF
DEADBEEF
DEADBEEF
DEADBEEF
DEADBEEF
DEADBEEF
DEADBEEF
DEADBEEF
DEADBEEF
DEADBEEF
DEADBEEF
DEADBEEF
DEADBEEF
DEADBEEF
DEADBEEF
DEADBEEF
DEADBEEF
DEADBEEF
DEADBEEF
DEADBEEF
DEADBEEF
DEADBEEF
DEADBEEF
DEADBEEF
DEADBEEF
DEADBEEF
DEADBEEF
DEADBEEF
DEADBEEF
DEADBEEF
DEADBEEF
DEADBEEF
DEADBEEF
DEADBEEF
DEADBEEF
DEADBEEF
DEADBEEF
DEADBEEF
DEADBEEF
DEADBEEF
DEADBEEF
DEADBEEF
DEADBEEF
DEADBEEF
DEADBEEF
DEADBEEF
DEADBEEF
DEADBEEF
DEADBEEF
DEADBEEF
DEADBEEF
DEADBEEF
DEADBEEF
DEADBEEF
DEADBEEF
DEADBEEF
DEADBEEF
DEADBEEF
DEADBEEF
DEADBEEF
DEADBEEF
DEADBEEF
DEADBEEF
DEADBEEF
DEADBEEF
DEADBEEF
DEADBEEF
DEADBEEF
DEADBEEF
DEADBEEF
DEADBEEF
DEADBEEF
DEADBEEF
DEADBEEF
DEADBEEF
DEADBEEF
DEADBEEF
DEADBEEF
DEADBEEF
DEADBEEF
DEADBEEF
DEADBEEF
DEADBEEF
DEADBEEF
DEADBEEF
DEADBEEF
DEADBEEF
DEADBEEF
DEADBEEF
DEADBEEF
DEADBEEF
DEADBEEF
DEADBEEF
DEADBEEF
DEADBEEF
DEADBEEF
DEADBEEF
DEADBEEF
DEADBEEF
DEADBEEF
DEADBEEF
DEADBEEF
DEADBEEF
DEADBEEF
DEADBEEF
DEADBEEF
DEADBEEF
DEADBEEF
DEADBEEF
DEADBEEF
DEADBEEF
DEADBEEF
DEADBEEF
DEADBEEF
DEADBEEF
DEADBEEF
DEADBEEF
DEADBEEF
DEADBEEF
DEADBEEF
DEADBEEF
DEADBEEF
DEADBEEF
DEADBEEF
DEADBEEF
DEADBEEF
DEADBEEF
DEADBEEF
DEADBEEF
DEADBEEF
DEADBEEF
DEADBEEF
DEADBEEF
DEADBEEF
DEADBEEF
DEADBEEF
DEADBEEF
DEADBEEF
DEADBEEF
DEADBEEF
DEADBEEF
DEADBEEF
DEADBEEF
DEADBEEF
DEADBEEF
DEADBEEF
DEADBEEF
DEADBEEF
DEADBEEF
DEADBEEF
DEADBEEF
DEADBEEF
DEADBEEF
DEADBEEF
DEADBEEF
DEADBEEF
DEADBEEF
DEADBEEF
DEADBEEF
DEADBEEF
DEADBEEF
DEADBEEF
DEADBEEF
DEADBEEF
DEADBEEF
DEADBEEF
DEADBEEF
DEADBEEF
DEADBEEF
DEADBEEF
DEADBEEF
DEADBEEF
DEADBEEF
DEADBEEF
DEADBEEF
DEADBEEF
DEADBEEF
DEADBEEF
DEADBEEF
DEADBEEF
DEADBEEF
DEADBEEF
DEADBEEF
DEADBEEF
DEADBEEF
DEADBEEF
DEADBEEF
DEADBEEF
DEADBEEF
DEADBEEF
DEADBEEF
DEADBEEF
DEADBEEF
DEADBEEF
DEADBEEF
DEADBEEF
DEADBEEF
DEADBEEF
DEADBEEF
DEADBEEF
DEADBEEF
DEADBEEF
DEADBEEF
DEADBEEF
DEADBEEF
DEADBEEF
DEADBEEF
DEADBEEF
DEADBEEF
DEADBEEF
DEADBEEF
DEADBEEF
DEADBEEF
DEADBEEF
DEADBEEF
DEADBEEF
DEADBEEF
DEADBEEF
DEADBEEF
DEADBEEF
DEADBEEF
DEADBEEF
DEADBEEF
DEADBEEF
DEADBEEF
DEADBEEF
DEADBEEF
DEADBEEF
DEADBEEF
DEADBEEF
DEADBEEF
DEADBEEF
DEADBEEF
DEADBEEF
DEADBEEF
DEADBEEF
DEADBEEF
DEADBEEF
DEADBEEF
DEADBEEF
DEADBEEF
DEADBEEF
DEADBEEF
DEADBEEF
DEADBEEF
DEADBEEF
DEADBEEF
DEADBEEF
DEADBEEF
DEADBEEF
DEADBEEF
DEADBEEF
DEADBEEF
DEADBEEF
DEADBEEF
DEADBEEF
DEADBEEF
DEADBEEF
DEADBEEF
DEADBEEF
DEADBEEF
DEADBEEF
DEADBEEF
DEADBEEF
DEADBEEF
DEADBEEF
DEADBEEF
DEADBEEF
DEADBEEF
DEADBEEF
DEADBEEF
DEADBEEF
DEADBEEF
DEADBEEF
DEADBEEF
DEADBEEF
DEADBEEF
DEADBEEF
DEADBEEF
DEADBEEF
DEADBEEF
DEADBEEF
DEADBEEF
DEADBEEF
DEADBEEF
DEADBEEF
DEADBEEF
DEADBEEF
DEADBEEF
DEADBEEF
DEADBEEF
DEADBEEF
DEADBEEF
DEADBEEF
DEADBEEF
DEADBEEF
DEADBEEF
DEADBEEF
DEADBEEF
DEADBEEF
DEADBEEF
DEADBEEF
DEADBEEF
DEADBEEF
DEADBEEF
DEADBEEF
DEADBEEF
DEADBEEF
DEADBEEF
DEADBEEF
DEADBEEF
DEADBEEF
DEADBEEF
DEADBEEF
DEADBEEF
DEADBEEF
DEADBEEF
DEADBEEF
DEADBEEF
DEADBEEF
DEADBEEF
DEADBEEF
DEADBEEF
DEADBEEF
DEADBEEF
DEADBEEF
DEADBEEF
DEADBEEF
DEADBEEF
DEADBEEF
DEADBEEF
DEADBEEF
DEADBEEF
DEADBEEF
DEADBEEF
DEADBEEF
DEADBEEF
DEADBEEF
DEADBEEF
DEADBEEF
DEADBEEF
DEADBEEF
DEADBEEF
DEADBEEF
DEADBEEF
DEADBEEF
DEADBEEF
DEADBEEF
DEADBEEF
DEADBEEF
DEADBEEF
DEADBEEF
DEADBEEF
DEADBEEF
DEADBEEF
DEADBEEF
DEADBEEF
DEADBEEF
DEADBEEF
DEADBEEF
DEADBEEF
DEADBEEF
DEADBEEF
DEADBEEF
DEADBEEF
DEADBEEF
DEADBEEF
DEADBEEF
DEADBEEF
DEADBEEF
DEADBEEF
DEADBEEF
DEADBEEF
DEADBEEF
DEADBEEF
DEADBEEF
DEADBEEF
DEADBEEF
DEADBEEF
DEADBEEF
DEADBEEF
DEADBEEF
DEADBEEF
DEADBEEF
DEADBEEF
DEADBEEF
DEADBEEF
DEADBEEF
DEADBEEF
DEADBEEF
DEADBEEF
DEADBEEF
DEADBEEF
DEADBEEF
DEADBEEF
DEADBEEF
DEADBEEF
DEADBEEF
DEADBEEF
DEADBEEF
DEADBEEF
DEADBEEF
DEADBEEF
DEADBEEF
DEADBEEF
DEADBEEF
DEADBEEF
DEADBEEF
DEADBEEF
DEADBEEF
DEADBEEF
DEADBEEF
DEADBEEF
DEADBEEF
DEADBEEF
DEADBEEF
DEADBEEF
DEADBEEF
DEADBEEF
DEADBEEF
DEADBEEF
DEADBEEF
DEADBEEF
DEADBEEF
DEADBEEF
DEADBEEF
DEADBEEF
DEADBEEF
DEADBEEF
DEADBEEF
DEADBEEF
DEADBEEF
DEADBEEF
DEADBEEF
DEADBEEF
DEADBEEF
DEADBEEF
DEADBEEF
DEADBEEF
DEADBEEF
DEADBEEF
DEADBEEF
DEADBEEF
DEADBEEF
DEADBEEF
DEADBEEF
DEADBEEF
DEADBEEF
DEADBEEF
DEADBEEF
DEADBEEF
DEADBEEF
DEADBEEF
DEADBEEF
DEADBEEF
DEADBEEF
DEADBEEF
DEADBEEF
DEADBEEF
DEADBEEF
DEADBEEF
DEADBEEF
DEADBEEF
DEADBEEF
DEADBEEF
DEADBEEF
DEADBEEF
DEADBEEF
DEADBEEF
DEADBEEF
DEADBEEF
DEADBEEF
DEADBEEF
DEADBEEF
DEADBEEF
DEADBEEF
DEADBEEF
DEADBEEF
DEADBEEF
DEADBEEF
DEADBEEF
DEADBEEF
DEADBEEF
DEADBEEF
DEADBEEF
DEADBEEF
DEADBEEF
DEADBEEF
DEADBEEF
DEADBEEF
DEADBEEF
DEADBEEF
DEADBEEF
DEADBEEF
DEADBEEF
DEADBEEF
DEADBEEF
DEADBEEF
DEADBEEF
DEADBEEF
DEADBEEF
DEADBEEF
DEADBEEF
DEADBEEF
DEADBEEF
DEADBEEF
DEADBEEF
DEADBEEF
DEADBEEF
DEADBEEF
DEADBEEF
DEADBEEF
DEADBEEF
DEADBEEF
DEADBEEF
DEADBEEF
DEADBEEF
DEADBEEF
DEADBEEF
DEADBEEF
DEADBEEF
DEADBEEF
DEADBEEF
DEADBEEF
DEADBEEF
DEADBEEF
DEADBEEF
DEADBEEF
DEADBEEF
DEADBEEF
DEADBEEF
DEADBEEF
DEADBEEF
DEADBEEF
DEADBEEF
DEADBEEF
DEADBEEF
DEADBEEF
DEADBEEF
DEADBEEF
DEADBEEF
DEADBEEF
DEADBEEF
DEADBEEF
DEADBEEF
DEADBEEF
DEADBEEF
DEADBEEF
DEADBEEF
DEADBEEF
DEADBEEF
DEADBEEF
DEADBEEF
DEADBEEF
DEADBEEF
DEADBEEF
DEADBEEF
DEADBEEF
DEADBEEF
DEADBEEF
DEADBEEF
DEADBEEF
DEADBEEF
DEADBEEF
DEADBEEF
DEADBEEF
DEADBEEF
DEADBEEF
DEADBEEF
DEADBEEF
DEADBEEF
DEADBEEF
DEADBEEF
DEADBEEF
DEADBEEF
DEADBEEF
DEADBEEF
DEADBEEF
DEADBEEF
DEADBEEF
DEADBEEF
DEADBEEF
DEADBEEF
DEADBEEF
DEADBEEF
DEADBEEF
DEADBEEF
DEADBEEF
DEADBEEF
DEADBEEF
DEADBEEF
DEADBEEF
DEADBEEF
DEADBEEF
DEADBEEF
DEADBEEF
DEADBEEF
DEADBEEF
DEADBEEF
DEADBEEF
DEADBEEF
DEADBEEF
DEADBEEF
DEADBEEF
DEADBEEF
DEADBEEF
DEADBEEF
DEADBEEF
DEADBEEF
DEADBEEF
DEADBEEF
DEADBEEF
DEADBEEF
DEADBEEF
DEADBEEF
DEADBEEF
DEADBEEF
DEADBEEF
DEADBEEF
DEADBEEF
DEADBEEF
DEADBEEF
DEADBEEF
DEADBEEF
DEADBEEF
DEADBEEF
DEADBEEF
DEADBEEF
DEADBEEF
DEADBEEF
DEADBEEF
DEADBEEF
DEADBEEF
DEADBEEF
DEADBEEF
DEADBEEF
DEADBEEF
DEADBEEF
DEADBEEF
DEADBEEF
DEADBEEF
DEADBEEF
DEADBEEF
DEADBEEF
DEADBEEF
DEADBEEF
DEADBEEF
DEADBEEF
DEADBEEF
DEADBEEF
DEADBEEF
DEADBEEF
DEADBEEF
DEADBEEF
DEADBEEF
DEADBEEF
DEADBEEF
DEADBEEF
DEADBEEF
DEADBEEF
DEADBEEF
DEADBEEF
DEADBEEF
DEADBEEF
DEADBEEF
DEADBEEF
DEADBEEF
DEADBEEF
DEADBEEF
DEADBEEF
DEADBEEF
DEADBEEF
DEADBEEF
DEADBEEF
DEADBEEF
DEADBEEF
DEADBEEF
DEADBEEF
DEADBEEF
DEADBEEF
DEADBEEF
DEADBEEF
DEADBEEF
DEADBEEF
DEADBEEF
DEADBEEF
DEADBEEF
DEADBEEF
DEADBEEF
DEADBEEF
DEADBEEF
DEADBEEF
DEADBEEF
DEADBEEF
DEADBEEF
DEADBEEF
DEADBEEF
DEADBEEF
DEADBEEF
DEADBEEF
DEADBEEF
DEADBEEF
DEADBEEF
DEADBEEF
DEADBEEF
DEADBEEF
DEADBEEF
DEADBEEF
DEADBEEF
DEADBEEF
DEADBEEF
DEADBEEF
DEADBEEF
DEADBEEF
DEADBEEF
DEADBEEF
DEADBEEF
DEADBEEF
DEADBEEF
DEADBEEF
DEADBEEF
DEADBEEF
DEADBEEF
DEADBEEF
DEADBEEF
DEADBEEF
DEADBEEF
DEADBEEF
DEADBEEF
DEADBEEF
DEADBEEF
DEADBEEF
DEADBEEF
DEADBEEF
DEADBEEF
DEADBEEF
DEADBEEF
DEADBEEF
DEADBEEF
DEADBEEF
DEADBEEF
DEADBEEF
DEADBEEF
DEADBEEF
DEADBEEF
DEADBEEF
DEADBEEF
DEADBEEF
DEADBEEF
DEADBEEF
DEADBEEF
DEADBEEF
DEADBEEF
DEADBEEF
DEADBEEF
DEADBEEF
DEADBEEF
DEADBEEF
DEADBEEF
DEADBEEF
DEADBEEF
DEADBEEF
DEADBEEF
DEADBEEF
DEADBEEF
DEADBEEF
DEADBEEF
DEADBEEF
DEADBEEF
DEADBEEF
DEADBEEF
DEADBEEF
DEADBEEF
DEADBEEF
DEADBEEF
DEADBEEF
DEADBEEF
DEADBEEF
DEADBEEF
DEADBEEF
DEADBEEF
DEADBEEF
DEADBEEF
DEADBEEF
DEADBEEF
DEADBEEF
DEADBEEF
DEADBEEF
DEADBEEF
DEADBEEF
DEADBEEF
DEADBEEF
DEADBEEF
DEADBEEF
DEADBEEF
DEADBEEF
DEADBEEF
DEADBEEF
DEADBEEF
DEADBEEF
DEADBEEF
DEADBEEF
DEADBEEF
DEADBEEF
DEADBEEF
DEADBEEF
DEADBEEF
DEADBEEF
DEADBEEF
DEADBEEF
DEADBEEF
DEADBEEF
DEADBEEF
DEADBEEF
DEADBEEF
DEADBEEF
DEADBEEF
DEADBEEF
DEADBEEF
DEADBEEF
DEADBEEF
DEADBEEF
DEADBEEF
DEADBEEF
DEADBEEF
DEADBEEF
DEADBEEF
DEADBEEF
DEADBEEF
DEADBEEF
DEADBEEF
DEADBEEF
DEADBEEF
DEADBEEF
DEADBEEF
DEADBEEF
DEADBEEF
DEADBEEF
DEADBEEF
DEADBEEF
DEADBEEF
DEADBEEF
DEADBEEF
DEADBEEF
DEADBEEF
DEADBEEF
DEADBEEF
DEADBEEF
DEADBEEF
DEADBEEF
DEADBEEF
DEADBEEF
DEADBEEF
DEADBEEF
DEADBEEF
DEADBEEF
DEADBEEF
DEADBEEF
DEADBEEF
DEADBEEF
DEADBEEF
DEADBEEF
DEADBEEF
DEADBEEF
DEADBEEF
DEADBEEF
DEADBEEF
DEADBEEF
DEADBEEF
DEADBEEF
DEADBEEF
DEADBEEF
DEADBEEF
DEADBEEF
DEADBEEF
DEADBEEF
DEADBEEF
DEADBEEF
DEADBEEF
DEADBEEF
DEADBEEF
DEADBEEF
DEADBEEF
DEADBEEF
DEADBEEF
DEADBEEF
DEADBEEF
DEADBEEF
DEADBEEF
DEADBEEF
DEADBEEF
DEADBEEF
DEADBEEF
DEADBEEF
DEADBEEF
DEADBEEF
DEADBEEF
DEADBEEF
DEADBEEF
DEADBEEF
DEADBEEF
DEADBEEF
DEADBEEF
DEADBEEF
DEADBEEF
DEADBEEF
DEADBEEF
DEADBEEF
DEADBEEF
DEADBEEF
DEADBEEF
DEADBEEF
DEADBEEF
DEADBEEF
DEADBEEF
DEADBEEF
DEADBEEF
DEADBEEF
DEADBEEF
DEADBEEF
DEADBEEF
DEADBEEF
DEADBEEF
DEADBEEF
DEADBEEF
DEADBEEF
DEADBEEF
DEADBEEF
DEADBEEF
DEADBEEF
DEADBEEF
DEADBEEF
DEADBEEF
DEADBEEF
DEADBEEF
DEADBEEF
DEADBEEF
DEADBEEF
DEADBEEF
DEADBEEF
DEADBEEF
DEADBEEF
DEADBEEF
DEADBEEF
DEADBEEF
DEADBEEF
DEADBEEF
DEADBEEF
DEADBEEF
DEADBEEF
DEADBEEF
DEADBEEF
DEADBEEF
DEADBEEF
DEADBEEF
DEADBEEF
DEADBEEF
DEADBEEF
DEADBEEF
DEADBEEF
DEADBEEF
DEADBEEF
DEADBEEF
DEADBEEF
DEADBEEF
DEADBEEF
DEADBEEF
DEADBEEF
DEADBEEF
DEADBEEF
DEADBEEF
DEADBEEF
DEADBEEF
DEADBEEF
DEADBEEF
DEADBEEF
DEADBEEF
DEADBEEF
DEADBEEF
DEADBEEF
DEADBEEF
DEADBEEF
DEADBEEF
DEADBEEF
DEADBEEF
DEADBEEF
DEADBEEF
DEADBEEF
DEADBEEF
DEADBEEF
DEADBEEF
DEADBEEF
DEADBEEF
DEADBEEF
DEADBEEF
DEADBEEF
DEADBEEF
DEADBEEF
DEADBEEF
DEADBEEF
DEADBEEF
DEADBEEF
DEADBEEF
DEADBEEF
DEADBEEF
DEADBEEF
DEADBEEF
DEADBEEF
DEADBEEF
DEADBEEF
DEADBEEF
DEADBEEF
DEADBEEF
DEADBEEF
DEADBEEF
DEADBEEF
DEADBEEF
DEADBEEF
DEADBEEF
DEADBEEF
DEADBEEF
DEADBEEF
DEADBEEF
DEADBEEF
DEADBEEF
DEADBEEF
DEADBEEF
DEADBEEF
DEADBEEF
DEADBEEF
DEADBEEF
DEADBEEF
DEADBEEF
DEADBEEF
DEADBEEF
DEADBEEF
DEADBEEF
DEADBEEF
DEADBEEF
DEADBEEF
DEADBEEF
DEADBEEF
DEADBEEF
DEADBEEF
DEADBEEF
DEADBEEF
DEADBEEF
DEADBEEF
DEADBEEF
DEADBEEF
DEADBEEF
DEADBEEF
DEADBEEF
DEADBEEF
DEADBEEF
DEADBEEF
DEADBEEF
DEADBEEF
DEADBEEF
DEADBEEF
DEADBEEF
DEADBEEF
DEADBEEF
DEADBEEF
DEADBEEF
DEADBEEF
DEADBEEF
DEADBEEF
DEADBEEF
DEADBEEF
DEADBEEF
DEADBEEF
DEADBEEF
DEADBEEF
DEADBEEF
DEADBEEF
DEADBEEF
DEADBEEF
DEADBEEF
DEADBEEF
DEADBEEF
DEADBEEF
DEADBEEF
DEADBEEF
DEADBEEF
DEADBEEF
DEADBEEF
DEADBEEF
DEADBEEF
DEADBEEF
DEADBEEF
DEADBEEF
DEADBEEF
DEADBEEF
DEADBEEF
DEADBEEF
DEADBEEF
DEADBEEF
DEADBEEF
DEADBEEF
DEADBEEF
DEADBEEF
DEADBEEF
DEADBEEF
DEADBEEF
DEADBEEF
DEADBEEF
DEADBEEF
DEADBEEF
DEADBEEF
DEADBEEF
DEADBEEF
DEADBEEF
DEADBEEF
DEADBEEF
DEADBEEF
DEADBEEF
DEADBEEF
DEADBEEF
DEADBEEF
DEADBEEF
DEADBEEF
DEADBEEF
DEADBEEF
DEADBEEF
DEADBEEF
DEADBEEF
DEADBEEF
DEADBEEF
DEADBEEF
DEADBEEF
DEADBEEF
DEADBEEF
DEADBEEF
DEADBEEF
DEADBEEF
DEADBEEF
DEADBEEF
DEADBEEF
DEADBEEF
DEADBEEF
DEADBEEF
DEADBEEF
DEADBEEF
DEADBEEF
DEADBEEF
DEADBEEF
DEADBEEF
DEADBEEF
DEADBEEF
DEADBEEF
DEADBEEF
DEADBEEF
DEADBEEF
DEADBEEF
DEADBEEF
DEADBEEF
DEADBEEF
DEADBEEF
DEADBEEF
DEADBEEF
DEADBEEF
DEADBEEF
DEADBEEF
DEADBEEF
DEADBEEF
DEADBEEF
DEADBEEF
DEADBEEF
DEADBEEF
DEADBEEF
DEADBEEF
DEADBEEF
DEADBEEF
DEADBEEF
DEADBEEF
DEADBEEF
DEADBEEF
DEADBEEF
DEADBEEF
DEADBEEF
DEADBEEF
DEADBEEF
DEADBEEF
DEADBEEF
DEADBEEF
DEADBEEF
DEADBEEF
DEADBEEF
DEADBEEF
DEADBEEF
DEADBEEF
DEADBEEF
DEADBEEF
DEADBEEF
DEADBEEF
DEADBEEF
DEADBEEF
DEADBEEF
DEADBEEF
DEADBEEF
DEADBEEF
DEADBEEF
DEADBEEF
DEADBEEF
DEADBEEF
DEADBEEF
DEADBEEF
DEADBEEF
DEADBEEF
DEADBEEF
DEADBEEF
DEADBEEF
DEADBEEF
DEADBEEF
DEADBEEF
DEADBEEF
DEADBEEF
DEADBEEF
DEADBEEF
DEADBEEF
DEADBEEF
DEADBEEF
DEADBEEF
DEADBEEF
DEADBEEF
DEADBEEF
DEADBEEF
DEADBEEF
DEADBEEF
DEADBEEF
DEADBEEF
DEADBEEF
DEADBEEF
DEADBEEF
DEADBEEF
DEADBEEF
DEADBEEF
DEADBEEF
DEADBEEF
DEADBEEF
DEADBEEF
DEADBEEF
DEADBEEF
DEADBEEF
DEADBEEF
DEADBEEF
DEADBEEF
DEADBEEF
DEADBEEF
DEADBEEF
DEADBEEF
DEADBEEF
DEADBEEF
DEADBEEF
DEADBEEF
DEADBEEF
DEADBEEF
DEADBEEF
DEADBEEF
DEADBEEF
DEADBEEF
DEADBEEF
DEADBEEF
DEADBEEF
DEADBEEF
DEADBEEF
DEADBEEF
DEADBEEF
DEADBEEF
DEADBEEF
DEADBEEF
DEADBEEF
DEADBEEF
DEADBEEF
DEADBEEF
DEADBEEF
DEADBEEF
DEADBEEF
DEADBEEF
DEADBEEF
DEADBEEF
DEADBEEF
DEADBEEF
DEADBEEF
DEADBEEF
DEADBEEF
DEADBEEF
DEADBEEF
DEADBEEF
DEADBEEF
DEADBEEF
DEADBEEF
DEADBEEF
DEADBEEF
DEADBEEF
DEADBEEF
DEADBEEF
DEADBEEF
DEADBEEF
DEADBEEF
DEADBEEF
DEADBEEF
DEADBEEF
DEADBEEF
DEADBEEF
DEADBEEF
DEADBEEF
DEADBEEF
DEADBEEF
DEADBEEF
DEADBEEF
DEADBEEF
DEADBEEF
DEADBEEF
DEADBEEF
DEADBEEF
DEADBEEF
DEADBEEF
DEADBEEF
DEADBEEF
DEADBEEF
DEADBEEF
DEADBEEF
DEADBEEF
DEADBEEF
DEADBEEF
DEADBEEF
DEADBEEF
DEADBEEF
DEADBEEF
DEADBEEF
DEADBEEF
DEADBEEF
DEADBEEF
DEADBEEF
DEADBEEF
DEADBEEF
DEADBEEF
DEADBEEF
DEADBEEF
DEADBEEF
DEADBEEF
DEADBEEF
DEADBEEF
DEADBEEF
DEADBEEF
DEADBEEF
DEADBEEF
DEADBEEF
DEADBEEF
DEADBEEF
DEADBEEF
DEADBEEF
DEADBEEF
DEADBEEF
DEADBEEF
DEADBEEF
DEADBEEF
DEADBEEF
DEADBEEF
DEADBEEF
DEADBEEF
DEADBEEF
DEADBEEF
DEADBEEF
DEADBEEF
DEADBEEF
DEADBEEF
DEADBEEF
DEADBEEF
DEADBEEF
DEADBEEF
DEADBEEF
DEADBEEF
DEADBEEF
DEADBEEF
DEADBEEF
DEADBEEF
DEADBEEF
DEADBEEF
DEADBEEF
DEADBEEF
DEADBEEF
DEADBEEF
DEADBEEF
DEADBEEF
DEADBEEF
DEADBEEF
DEADBEEF
DEADBEEF
DEADBEEF
DEADBEEF
DEADBEEF
DEADBEEF
DEADBEEF
DEADBEEF
DEADBEEF
DEADBEEF
DEADBEEF
DEADBEEF
DEADBEEF
DEADBEEF
DEADBEEF
DEADBEEF
DEADBEEF
DEADBEEF
DEADBEEF
DEADBEEF
DEADBEEF
DEADBEEF
DEADBEEF
DEADBEEF
DEADBEEF
DEADBEEF
DEADBEEF
DEADBEEF
DEADBEEF
DEADBEEF
DEADBEEF
DEADBEEF
DEADBEEF
DEADBEEF
DEADBEEF
DEADBEEF
DEADBEEF
DEADBEEF
DEADBEEF
DEADBEEF
DEADBEEF
DEADBEEF
DEADBEEF
DEADBEEF
DEADBEEF
DEADBEEF
DEADBEEF
DEADBEEF
DEADBEEF
DEADBEEF
DEADBEEF
DEADBEEF
DEADBEEF
DEADBEEF
DEADBEEF
DEADBEEF
DEADBEEF
DEADBEEF
DEADBEEF
DEADBEEF
DEADBEEF
DEADBEEF
DEADBEEF
DEADBEEF
DEADBEEF
DEADBEEF
DEADBEEF
DEADBEEF
DEADBEEF
DEADBEEF
DEADBEEF
DEADBEEF
DEADBEEF
DEADBEEF
DEADBEEF
DEADBEEF
DEADBEEF
DEADBEEF
DEADBEEF
DEADBEEF
DEADBEEF
DEADBEEF
DEADBEEF
DEADBEEF
DEADBEEF
DEADBEEF
DEADBEEF
DEADBEEF
DEADBEEF
DEADBEEF
DEADBEEF
DEADBEEF
DEADBEEF
DEADBEEF
DEADBEEF
DEADBEEF
DEADBEEF
DEADBEEF
DEADBEEF
DEADBEEF
DEADBEEF
DEADBEEF
DEADBEEF
DEADBEEF
DEADBEEF
DEADBEEF
DEADBEEF
DEADBEEF
DEADBEEF
DEADBEEF
DEADBEEF
DEADBEEF
DEADBEEF
DEADBEEF
DEADBEEF
DEADBEEF
DEADBEEF
DEADBEEF
DEADBEEF
DEADBEEF
DEADBEEF
DEADBEEF
DEADBEEF
DEADBEEF
DEADBEEF
DEADBEEF
DEADBEEF
DEADBEEF
DEADBEEF
DEADBEEF
DEADBEEF
DEADBEEF
DEADBEEF
DEADBEEF
DEADBEEF
DEADBEEF
DEADBEEF
DEADBEEF
DEADBEEF
DEADBEEF
DEADBEEF
DEADBEEF
DEADBEEF
DEADBEEF
DEADBEEF
DEADBEEF
DEADBEEF
DEADBEEF
DEADBEEF
DEADBEEF
DEADBEEF
DEADBEEF
DEADBEEF
DEADBEEF
DEADBEEF
DEADBEEF
DEADBEEF
DEADBEEF
DEADBEEF
DEADBEEF
DEADBEEF
DEADBEEF
DEADBEEF
DEADBEEF
DEADBEEF
DEADBEEF
DEADBEEF
DEADBEEF
DEADBEEF
DEADBEEF
DEADBEEF
DEADBEEF
DEADBEEF
DEADBEEF
DEADBEEF
DEADBEEF
DEADBEEF
DEADBEEF
DEADBEEF
DEADBEEF
DEADBEEF
DEADBEEF
DEADBEEF
DEADBEEF
DEADBEEF
DEADBEEF
DEADBEEF
DEADBEEF
DEADBEEF
DEADBEEF
DEADBEEF
DEADBEEF
DEADBEEF
DEADBEEF
DEADBEEF
DEADBEEF
DEADBEEF
DEADBEEF
DEADBEEF
DEADBEEF
DEADBEEF
DEADBEEF
DEADBEEF
DEADBEEF
DEADBEEF
DEADBEEF
DEADBEEF
DEADBEEF
DEADBEEF
DEADBEEF
DEADBEEF
DEADBEEF
DEADBEEF
DEADBEEF
DEADBEEF
DEADBEEF
DEADBEEF
DEADBEEF
DEADBEEF
DEADBEEF
DEADBEEF
DEADBEEF
DEADBEEF
DEADBEEF
DEADBEEF
DEADBEEF
DEADBEEF
DEADBEEF
DEADBEEF
DEADBEEF
DEADBEEF
DEADBEEF
DEADBEEF
DEADBEEF
DEADBEEF
DEADBEEF
DEADBEEF
DEADBEEF
DEADBEEF
DEADBEEF
DEADBEEF
DEADBEEF
DEADBEEF
DEADBEEF
DEADBEEF
DEADBEEF
DEADBEEF
DEADBEEF
DEADBEEF
DEADBEEF
DEADBEEF
DEADBEEF
DEADBEEF
DEADBEEF
DEADBEEF
DEADBEEF
DEADBEEF
DEADBEEF
DEADBEEF
DEADBEEF
DEADBEEF
DEADBEEF
DEADBEEF
DEADBEEF
DEADBEEF
DEADBEEF
DEADBEEF
DEADBEEF
DEADBEEF
DEADBEEF
DEADBEEF
DEADBEEF
DEADBEEF
DEADBEEF
DEADBEEF
DEADBEEF
DEADBEEF
DEADBEEF
DEADBEEF
DEADBEEF
DEADBEEF
DEADBEEF
DEADBEEF
DEADBEEF
DEADBEEF
DEADBEEF
DEADBEEF
DEADBEEF
DEADBEEF
DEADBEEF
DEADBEEF
DEADBEEF
DEADBEEF
DEADBEEF
DEADBEEF
DEADBEEF
DEADBEEF
DEADBEEF
DEADBEEF
DEADBEEF
DEADBEEF
DEADBEEF
DEADBEEF
DEADBEEF
DEADBEEF
DEADBEEF
DEADBEEF
DEADBEEF
DEADBEEF
DEADBEEF
DEADBEEF
DEADBEEF
DEADBEEF
DEADBEEF
DEADBEEF
DEADBEEF
DEADBEEF
DEADBEEF
DEADBEEF
DEADBEEF
DEADBEEF
DEADBEEF
DEADBEEF
DEADBEEF
DEADBEEF
DEADBEEF
DEADBEEF
DEADBEEF
DEADBEEF
DEADBEEF
DEADBEEF
DEADBEEF
DEADBEEF
DEADBEEF
DEADBEEF
DEADBEEF
DEADBEEF
DEADBEEF
DEADBEEF
DEADBEEF
DEADBEEF
DEADBEEF
DEADBEEF
DEADBEEF
DEADBEEF
DEADBEEF
DEADBEEF
DEADBEEF
DEADBEEF
DEADBEEF
DEADBEEF
DEADBEEF
DEADBEEF
DEADBEEF
DEADBEEF
DEADBEEF
DEADBEEF
DEADBEEF
DEADBEEF
DEADBEEF
DEADBEEF
DEADBEEF
DEADBEEF
DEADBEEF
DEADBEEF
DEADBEEF
DEADBEEF
DEADBEEF
DEADBEEF
DEADBEEF
DEADBEEF
DEADBEEF
DEADBEEF
DEADBEEF
DEADBEEF
DEADBEEF
DEADBEEF
DEADBEEF
DEADBEEF
DEADBEEF
DEADBEEF
DEADBEEF
DEADBEEF
DEADBEEF
DEADBEEF
DEADBEEF
DEADBEEF
DEADBEEF
DEADBEEF
DEADBEEF
DEADBEEF
DEADBEEF
DEADBEEF
DEADBEEF
DEADBEEF
DEADBEEF
DEADBEEF
DEADBEEF
DEADBEEF
DEADBEEF
DEADBEEF
DEADBEEF
DEADBEEF
DEADBEEF
DEADBEEF
DEADBEEF
DEADBEEF
DEADBEEF
DEADBEEF
DEADBEEF
DEADBEEF
DEADBEEF
DEADBEEF
DEADBEEF
DEADBEEF
DEADBEEF
DEADBEEF
DEADBEEF
DEADBEEF
DEADBEEF
DEADBEEF
DEADBEEF
DEADBEEF
DEADBEEF
DEADBEEF
DEADBEEF
DEADBEEF
DEADBEEF
DEADBEEF
DEADBEEF
DEADBEEF
DEADBEEF
DEADBEEF
DEADBEEF
DEADBEEF
DEADBEEF
DEADBEEF
DEADBEEF
DEADBEEF
DEADBEEF
DEADBEEF
DEADBEEF
DEADBEEF
DEADBEEF
DEADBEEF
DEADBEEF
DEADBEEF
DEADBEEF
DEADBEEF
DEADBEEF
DEADBEEF
DEADBEEF
DEADBEEF
DEADBEEF
DEADBEEF
DEADBEEF
DEADBEEF
DEADBEEF
DEADBEEF
DEADBEEF
DEADBEEF
DEADBEEF
DEADBEEF
DEADBEEF
DEADBEEF
DEADBEEF
DEADBEEF
DEADBEEF
DEADBEEF
DEADBEEF
DEADBEEF
DEADBEEF
DEADBEEF
DEADBEEF
DEADBEEF
DEADBEEF
DEADBEEF
DEADBEEF
DEADBEEF
DEADBEEF
DEADBEEF
DEADBEEF
DEADBEEF
DEADBEEF
DEADBEEF
DEADBEEF
DEADBEEF
DEADBEEF
DEADBEEF
DEADBEEF
DEADBEEF
DEADBEEF
DEADBEEF
DEADBEEF
DEADBEEF
DEADBEEF
DEADBEEF
DEADBEEF
DEADBEEF
DEADBEEF
DEADBEEF
DEADBEEF
DEADBEEF
DEADBEEF
DEADBEEF
DEADBEEF
DEADBEEF
DEADBEEF
DEADBEEF
DEADBEEF
DEADBEEF
DEADBEEF
DEADBEEF
DEADBEEF
DEADBEEF
DEADBEEF
DEADBEEF
DEADBEEF
DEADBEEF
DEADBEEF
DEADBEEF
DEADBEEF
DEADBEEF
DEADBEEF
DEADBEEF
DEADBEEF
DEADBEEF
DEADBEEF
DEADBEEF
DEADBEEF
DEADBEEF
DEADBEEF
DEADBEEF
DEADBEEF
DEADBEEF
DEADBEEF
DEADBEEF
DEADBEEF
DEADBEEF
DEADBEEF
DEADBEEF
DEADBEEF
DEADBEEF
DEADBEEF
DEADBEEF
DEADBEEF
DEADBEEF
DEADBEEF
DEADBEEF
DEADBEEF
DEADBEEF
DEADBEEF
DEADBEEF
DEADBEEF
DEADBEEF
DEADBEEF
DEADBEEF
DEADBEEF
DEADBEEF
DEADBEEF
DEADBEEF
DEADBEEF
DEADBEEF
DEADBEEF
DEADBEEF
DEADBEEF
DEADBEEF
DEADBEEF
DEADBEEF
DEADBEEF
DEADBEEF
DEADBEEF
DEADBEEF
DEADBEEF
DEADBEEF
DEADBEEF
DEADBEEF
DEADBEEF
DEADBEEF
DEADBEEF
DEADBEEF
DEADBEEF
DEADBEEF
DEADBEEF
DEADBEEF
DEADBEEF
DEADBEEF
DEADBEEF
DEADBEEF
DEADBEEF
DEADBEEF
DEADBEEF
DEADBEEF
DEADBEEF
DEADBEEF
DEADBEEF
DEADBEEF
DEADBEEF
DEADBEEF
DEADBEEF
DEADBEEF
DEADBEEF
DEADBEEF
DEADBEEF
DEADBEEF
DEADBEEF
DEADBEEF
DEADBEEF
DEADBEEF
DEADBEEF
DEADBEEF
DEADBEEF
DEADBEEF
DEADBEEF
DEADBEEF
DEADBEEF
DEADBEEF
DEADBEEF
DEADBEEF
DEADBEEF
DEADBEEF
DEADBEEF
DEADBEEF
DEADBEEF
DEADBEEF
DEADBEEF
DEADBEEF
DEADBEEF
DEADBEEF
DEADBEEF
DEADBEEF
DEADBEEF
DEADBEEF
DEADBEEF
DEADBEEF
DEADBEEF
DEADBEEF
DEADBEEF
DEADBEEF
DEADBEEF
DEADBEEF
DEADBEEF
DEADBEEF
DEADBEEF
DEADBEEF
DEADBEEF
DEADBEEF
DEADBEEF
DEADBEEF
DEADBEEF
DEADBEEF
DEADBEEF
DEADBEEF
DEADBEEF
DEADBEEF
DEADBEEF
DEADBEEF
DEADBEEF
DEADBEEF
DEADBEEF
DEADBEEF
DEADBEEF
DEADBEEF
DEADBEEF
DEADBEEF
DEADBEEF
DEADBEEF
DEADBEEF
DEADBEEF
DEADBEEF
DEADBEEF
DEADBEEF
DEADBEEF
DEADBEEF
DEADBEEF
DEADBEEF
DEADBEEF
DEADBEEF
DEADBEEF
DEADBEEF
DEADBEEF
DEADBEEF
DEADBEEF
DEADBEEF
DEADBEEF
DEADBEEF
DEADBEEF
DEADBEEF
DEADBEEF
DEADBEEF
DEADBEEF
DEADBEEF
DEADBEEF
DEADBEEF
DEADBEEF
DEADBEEF
DEADBEEF
DEADBEEF
DEADBEEF
DEADBEEF
DEADBEEF
DEADBEEF
DEADBEEF
DEADBEEF
DEADBEEF
DEADBEEF
DEADBEEF
DEADBEEF
DEADBEEF
DEADBEEF
DEADBEEF
DEADBEEF
DEADBEEF
DEADBEEF
DEADBEEF
DEADBEEF
DEADBEEF
DEADBEEF
DEADBEEF
DEADBEEF
DEADBEEF
DEADBEEF
DEADBEEF
DEADBEEF
DEADBEEF
DEADBEEF
DEADBEEF
DEADBEEF
DEADBEEF
DEADBEEF
DEADBEEF
DEADBEEF
DEADBEEF
DEADBEEF
DEADBEEF
DEADBEEF
DEADBEEF
DEADBEEF
DEADBEEF
DEADBEEF
DEADBEEF
DEADBEEF
DEADBEEF
DEADBEEF
DEADBEEF
DEADBEEF
DEADBEEF
DEADBEEF
DEADBEEF
DEADBEEF
DEADBEEF
DEADBEEF
DEADBEEF
DEADBEEF
DEADBEEF
DEADBEEF
DEADBEEF
DEADBEEF
DEADBEEF
DEADBEEF
DEADBEEF
DEADBEEF
DEADBEEF
DEADBEEF
DEADBEEF
DEADBEEF
DEADBEEF
DEADBEEF
DEADBEEF
DEADBEEF
DEADBEEF
DEADBEEF
DEADBEEF
DEADBEEF
DEADBEEF
DEADBEEF
DEADBEEF
DEADBEEF
DEADBEEF
DEADBEEF
DEADBEEF
DEADBEEF
DEADBEEF
DEADBEEF
DEADBEEF
DEADBEEF
DEADBEEF
DEADBEEF
DEADBEEF
DEADBEEF
DEADBEEF
DEADBEEF
DEADBEEF
DEADBEEF
DEADBEEF
DEADBEEF
DEADBEEF
DEADBEEF
DEADBEEF
DEADBEEF
DEADBEEF
DEADBEEF
DEADBEEF
DEADBEEF
DEADBEEF
DEADBEEF
DEADBEEF
DEADBEEF
DEADBEEF
DEADBEEF
DEADBEEF
DEADBEEF
DEADBEEF
DEADBEEF
DEADBEEF
DEADBEEF
DEADBEEF
DEADBEEF
DEADBEEF
DEADBEEF
DEADBEEF
DEADBEEF
DEADBEEF
DEADBEEF
DEADBEEF
DEADBEEF
DEADBEEF
DEADBEEF
DEADBEEF
DEADBEEF
DEADBEEF
DEADBEEF
DEADBEEF
DEADBEEF
DEADBEEF
DEADBEEF
DEADBEEF
DEADBEEF
DEADBEEF
DEADBEEF
DEADBEEF
DEADBEEF
DEADBEEF
DEADBEEF
DEADBEEF
DEADBEEF
DEADBEEF
DEADBEEF
DEADBEEF
DEADBEEF
DEADBEEF
DEADBEEF
DEADBEEF
DEADBEEF
DEADBEEF
DEADBEEF
DEADBEEF
DEADBEEF
DEADBEEF
DEADBEEF
DEADBEEF
DEADBEEF
DEADBEEF
DEADBEEF
DEADBEEF
DEADBEEF
DEADBEEF
DEADBEEF
DEADBEEF
DEADBEEF
DEADBEEF
DEADBEEF
DEADBEEF
DEADBEEF
DEADBEEF
DEADBEEF
DEADBEEF
DEADBEEF
DEADBEEF
DEADBEEF
DEADBEEF
DEADBEEF
DEADBEEF
DEADBEEF
DEADBEEF
DEADBEEF
DEADBEEF
DEADBEEF
DEADBEEF
DEADBEEF
DEADBEEF
DEADBEEF
DEADBEEF
DEADBEEF
DEADBEEF
DEADBEEF
DEADBEEF
DEADBEEF
DEADBEEF
DEADBEEF
DEADBEEF
DEADBEEF
DEADBEEF
DEADBEEF
DEADBEEF
DEADBEEF
DEADBEEF
DEADBEEF
DEADBEEF
DEADBEEF
DEADBEEF
DEADBEEF
DEADBEEF
DEADBEEF
DEADBEEF
DEADBEEF
DEADBEEF
DEADBEEF
DEADBEEF
DEADBEEF
DEADBEEF
DEADBEEF
DEADBEEF
DEADBEEF
DEADBEEF
DEADBEEF
DEADBEEF
DEADBEEF
DEADBEEF
DEADBEEF
DEADBEEF
DEADBEEF
DEADBEEF
DEADBEEF
DEADBEEF
DEADBEEF
DEADBEEF
DEADBEEF
DEADBEEF
DEADBEEF
DEADBEEF
DEADBEEF
DEADBEEF
DEADBEEF
DEADBEEF
DEADBEEF
DEADBEEF
DEADBEEF
DEADBEEF
DEADBEEF
DEADBEEF
DEADBEEF
DEADBEEF
DEADBEEF
DEADBEEF
DEADBEEF
DEADBEEF
DEADBEEF
DEADBEEF
DEADBEEF
DEADBEEF
DEADBEEF
DEADBEEF
DEADBEEF
DEADBEEF
DEADBEEF
DEADBEEF
DEADBEEF
DEADBEEF
DEADBEEF
DEADBEEF
DEADBEEF
DEADBEEF
DEADBEEF
DEADBEEF
DEADBEEF
DEADBEEF
DEADBEEF
DEADBEEF
DEADBEEF
DEADBEEF
DEADBEEF
DEADBEEF
DEADBEEF
DEADBEEF
DEADBEEF
DEADBEEF
DEADBEEF
DEADBEEF
DEADBEEF
DEADBEEF
DEADBEEF
DEADBEEF
DEADBEEF
DEADBEEF
DEADBEEF
DEADBEEF
DEADBEEF
DEADBEEF
DEADBEEF
DEADBEEF
DEADBEEF
DEADBEEF
DEADBEEF
DEADBEEF
DEADBEEF
DEADBEEF
DEADBEEF
DEADBEEF
DEADBEEF
DEADBEEF
DEADBEEF
DEADBEEF
DEADBEEF
DEADBEEF
DEADBEEF
DEADBEEF
DEADBEEF
DEADBEEF
DEADBEEF
DEADBEEF
DEADBEEF
DEADBEEF
DEADBEEF
DEADBEEF
DEADBEEF
DEADBEEF
DEADBEEF
DEADBEEF
DEADBEEF
DEADBEEF
DEADBEEF
DEADBEEF
DEADBEEF
DEADBEEF
DEADBEEF
DEADBEEF
DEADBEEF
DEADBEEF
DEADBEEF
DEADBEEF
DEADBEEF
DEADBEEF
DEADBEEF
DEADBEEF
DEADBEEF
DEADBEEF
DEADBEEF
DEADBEEF
DEADBEEF
DEADBEEF
DEADBEEF
DEADBEEF
DEADBEEF
DEADBEEF
DEADBEEF
DEADBEEF
DEADBEEF
DEADBEEF
DEADBEEF
DEADBEEF
DEADBEEF
DEADBEEF
DEADBEEF
DEADBEEF
DEADBEEF
DEADBEEF
DEADBEEF
DEADBEEF
DEADBEEF
DEADBEEF
DEADBEEF
DEADBEEF
DEADBEEF
DEADBEEF
DEADBEEF
DEADBEEF
DEADBEEF
DEADBEEF
DEADBEEF
DEADBEEF
DEADBEEF
DEADBEEF
DEADBEEF
DEADBEEF
DEADBEEF
DEADBEEF
DEADBEEF
DEADBEEF
DEADBEEF
DEADBEEF
DEADBEEF
DEADBEEF
DEADBEEF
DEADBEEF
DEADBEEF
DEADBEEF
DEADBEEF
DEADBEEF
DEADBEEF
DEADBEEF
DEADBEEF
DEADBEEF
DEADBEEF
DEADBEEF
DEADBEEF
DEADBEEF
DEADBEEF
DEADBEEF
DEADBEEF
DEADBEEF
DEADBEEF
DEADBEEF
DEADBEEF
DEADBEEF
DEADBEEF
DEADBEEF
DEADBEEF
DEADBEEF
DEADBEEF
DEADBEEF
DEADBEEF
DEADBEEF
DEADBEEF
DEADBEEF
DEADBEEF
DEADBEEF
DEADBEEF
DEADBEEF
DEADBEEF
DEADBEEF
DEADBEEF
DEADBEEF
DEADBEEF
DEADBEEF
DEADBEEF
DEADBEEF
DEADBEEF
DEADBEEF
DEADBEEF
DEADBEEF
DEADBEEF
DEADBEEF
DEADBEEF
DEADBEEF
DEADBEEF
DEADBEEF
DEADBEEF
DEADBEEF
DEADBEEF
DEADBEEF
DEADBEEF
DEADBEEF
DEADBEEF
DEADBEEF
DEADBEEF
DEADBEEF
DEADBEEF
DEADBEEF
DEADBEEF
DEADBEEF
DEADBEEF
DEADBEEF
DEADBEEF
DEADBEEF
DEADBEEF
DEADBEEF
DEADBEEF
DEADBEEF
DEADBEEF
DEADBEEF
DEADBEEF
DEADBEEF
DEADBEEF
DEADBEEF
DEADBEEF
DEADBEEF
DEADBEEF
DEADBEEF
DEADBEEF
DEADBEEF
DEADBEEF
DEADBEEF
DEADBEEF
DEADBEEF
DEADBEEF
DEADBEEF
DEADBEEF
DEADBEEF
DEADBEEF
DEADBEEF
DEADBEEF
DEADBEEF
DEADBEEF
DEADBEEF
DEADBEEF
DEADBEEF
DEADBEEF
DEADBEEF
DEADBEEF
DEADBEEF
DEADBEEF
DEADBEEF
DEADBEEF
DEADBEEF
DEADBEEF
DEADBEEF
DEADBEEF
DEADBEEF
DEADBEEF
DEADBEEF
DEADBEEF
DEADBEEF
DEADBEEF
DEADBEEF
DEADBEEF
DEADBEEF
DEADBEEF
DEADBEEF
DEADBEEF
DEADBEEF
DEADBEEF
DEADBEEF
DEADBEEF
DEADBEEF
DEADBEEF
DEADBEEF
DEADBEEF
DEADBEEF
DEADBEEF
DEADBEEF
DEADBEEF
DEADBEEF
DEADBEEF
DEADBEEF
DEADBEEF
DEADBEEF
DEADBEEF
DEADBEEF
DEADBEEF
DEADBEEF
DEADBEEF
DEADBEEF
DEADBEEF
DEADBEEF
DEADBEEF
DEADBEEF
DEADBEEF
DEADBEEF
DEADBEEF
DEADBEEF
DEADBEEF
DEADBEEF
DEADBEEF
DEADBEEF
DEADBEEF
DEADBEEF
DEADBEEF
DEADBEEF
DEADBEEF
DEADBEEF
DEADBEEF
DEADBEEF
DEADBEEF
DEADBEEF
DEADBEEF
DEADBEEF
DEADBEEF
DEADBEEF
DEADBEEF
DEADBEEF
DEADBEEF
DEADBEEF
DEADBEEF
DEADBEEF
DEADBEEF
DEADBEEF
DEADBEEF
DEADBEEF
DEADBEEF
DEADBEEF
DEADBEEF
DEADBEEF
DEADBEEF
DEADBEEF
DEADBEEF
DEADBEEF
DEADBEEF
DEADBEEF
DEADBEEF
DEADBEEF
DEADBEEF
DEADBEEF
DEADBEEF
DEADBEEF
DEADBEEF
DEADBEEF
DEADBEEF
DEADBEEF
DEADBEEF
DEADBEEF
DEADBEEF
DEADBEEF
DEADBEEF
DEADBEEF
DEADBEEF
DEADBEEF
DEADBEEF
DEADBEEF
DEADBEEF
DEADBEEF
DEADBEEF
DEADBEEF
DEADBEEF
DEADBEEF
DEADBEEF
DEADBEEF
DEADBEEF
DEADBEEF
DEADBEEF
DEADBEEF
DEADBEEF
DEADBEEF
DEADBEEF
DEADBEEF
DEADBEEF
DEADBEEF
DEADBEEF
DEADBEEF
DEADBEEF
DEADBEEF
DEADBEEF
DEADBEEF
DEADBEEF
DEADBEEF
DEADBEEF
DEADBEEF
DEADBEEF
DEADBEEF
DEADBEEF
DEADBEEF
DEADBEEF
DEADBEEF
DEADBEEF
DEADBEEF
DEADBEEF
DEADBEEF
DEADBEEF
DEADBEEF
DEADBEEF
DEADBEEF
DEADBEEF
DEADBEEF
DEADBEEF
DEADBEEF
DEADBEEF
DEADBEEF
DEADBEEF
DEADBEEF
DEADBEEF
DEADBEEF
DEADBEEF
DEADBEEF
DEADBEEF
DEADBEEF
DEADBEEF
DEADBEEF
DEADBEEF
DEADBEEF
DEADBEEF
DEADBEEF
DEADBEEF
DEADBEEF
DEADBEEF
DEADBEEF
DEADBEEF
DEADBEEF
DEADBEEF
DEADBEEF
DEADBEEF
DEADBEEF
DEADBEEF
DEADBEEF
DEADBEEF
DEADBEEF
DEADBEEF
DEADBEEF
DEADBEEF
DEADBEEF
DEADBEEF
DEADBEEF
DEADBEEF
DEADBEEF
DEADBEEF
DEADBEEF
DEADBEEF
DEADBEEF
DEADBEEF
DEADBEEF
DEADBEEF
DEADBEEF
DEADBEEF
DEADBEEF
DEADBEEF
DEADBEEF
DEADBEEF
DEADBEEF
DEADBEEF
DEADBEEF
DEADBEEF
DEADBEEF
DEADBEEF
DEADBEEF
DEADBEEF
DEADBEEF
DEADBEEF
DEADBEEF
DEADBEEF
DEADBEEF
DEADBEEF
DEADBEEF
DEADBEEF
DEADBEEF
DEADBEEF
DEADBEEF
DEADBEEF
DEADBEEF
DEADBEEF
DEADBEEF
DEADBEEF
DEADBEEF
DEADBEEF
DEADBEEF
DEADBEEF
DEADBEEF
DEADBEEF
DEADBEEF
DEADBEEF
DEADBEEF
DEADBEEF
DEADBEEF
DEADBEEF
DEADBEEF
DEADBEEF
DEADBEEF
DEADBEEF
DEADBEEF
DEADBEEF
DEADBEEF
DEADBEEF
DEADBEEF
DEADBEEF
DEADBEEF
DEADBEEF
DEADBEEF
DEADBEEF
DEADBEEF
DEADBEEF
DEADBEEF
DEADBEEF
DEADBEEF
DEADBEEF
DEADBEEF
DEADBEEF
DEADBEEF
DEADBEEF
DEADBEEF
DEADBEEF
DEADBEEF
DEADBEEF
DEADBEEF
DEADBEEF
DEADBEEF
DEADBEEF
DEADBEEF
DEADBEEF
DEADBEEF
DEADBEEF
DEADBEEF
DEADBEEF
DEADBEEF
DEADBEEF
DEADBEEF
DEADBEEF
DEADBEEF
DEADBEEF
DEADBEEF
DEADBEEF
DEADBEEF
DEADBEEF
DEADBEEF
DEADBEEF
DEADBEEF
DEADBEEF
DEADBEEF
DEADBEEF
DEADBEEF
DEADBEEF
DEADBEEF
DEADBEEF
DEADBEEF
DEADBEEF
DEADBEEF
DEADBEEF
DEADBEEF
DEADBEEF
DEADBEEF
DEADBEEF
DEADBEEF
DEADBEEF
DEADBEEF
DEADBEEF
DEADBEEF
DEADBEEF
DEADBEEF
DEADBEEF
DEADBEEF
DEADBEEF
DEADBEEF
DEADBEEF
DEADBEEF
DEADBEEF
DEADBEEF
DEADBEEF
DEADBEEF
DEADBEEF
DEADBEEF
DEADBEEF
DEADBEEF
DEADBEEF
DEADBEEF
DEADBEEF
DEADBEEF
DEADBEEF
DEADBEEF
DEADBEEF
DEADBEEF
DEADBEEF
DEADBEEF
DEADBEEF
DEADBEEF
DEADBEEF
DEADBEEF
DEADBEEF
DEADBEEF
DEADBEEF
DEADBEEF
DEADBEEF
DEADBEEF
DEADBEEF
DEADBEEF
DEADBEEF
DEADBEEF
DEADBEEF
DEADBEEF
DEADBEEF
DEADBEEF
DEADBEEF
DEADBEEF
DEADBEEF
DEADBEEF
DEADBEEF
DEADBEEF
DEADBEEF
DEADBEEF
DEADBEEF
DEADBEEF
DEADBEEF
DEADBEEF
DEADBEEF
DEADBEEF
DEADBEEF
DEADBEEF
DEADBEEF
DEADBEEF
DEADBEEF
DEADBEEF
DEADBEEF
DEADBEEF
DEADBEEF
DEADBEEF
DEADBEEF
DEADBEEF
DEADBEEF
DEADBEEF
DEADBEEF
DEADBEEF
DEADBEEF
DEADBEEF
DEADBEEF
DEADBEEF
DEADBEEF
DEADBEEF
DEADBEEF
DEADBEEF
DEADBEEF
DEADBEEF
DEADBEEF
DEADBEEF
DEADBEEF
DEADBEEF
DEADBEEF
DEADBEEF
DEADBEEF
DEADBEEF
DEADBEEF
DEADBEEF
DEADBEEF
DEADBEEF
DEADBEEF
DEADBEEF
DEADBEEF
DEADBEEF
DEADBEEF
DEADBEEF
DEADBEEF
DEADBEEF
DEADBEEF
DEADBEEF
DEADBEEF
DEADBEEF
DEADBEEF
DEADBEEF
DEADBEEF
DEADBEEF
DEADBEEF
DEADBEEF
DEADBEEF
DEADBEEF
DEADBEEF
DEADBEEF
DEADBEEF
DEADBEEF
DEADBEEF
DEADBEEF
DEADBEEF
DEADBEEF
DEADBEEF
DEADBEEF
DEADBEEF
DEADBEEF
DEADBEEF
DEADBEEF
DEADBEEF
DEADBEEF
DEADBEEF
DEADBEEF
DEADBEEF
DEADBEEF
DEADBEEF
DEADBEEF
DEADBEEF
DEADBEEF
DEADBEEF
DEADBEEF
DEADBEEF
DEADBEEF
DEADBEEF
DEADBEEF
DEADBEEF
DEADBEEF
DEADBEEF
DEADBEEF
DEADBEEF
DEADBEEF
DEADBEEF
DEADBEEF
DEADBEEF
DEADBEEF
DEADBEEF
DEADBEEF
DEADBEEF
DEADBEEF
DEADBEEF
DEADBEEF
DEADBEEF
DEADBEEF
DEADBEEF
DEADBEEF
DEADBEEF
DEADBEEF
DEADBEEF
DEADBEEF
DEADBEEF
DEADBEEF
DEADBEEF
DEADBEEF
DEADBEEF
DEADBEEF
DEADBEEF
DEADBEEF
DEADBEEF
DEADBEEF
DEADBEEF
DEADBEEF
DEADBEEF
DEADBEEF
DEADBEEF
DEADBEEF
DEADBEEF
DEADBEEF
DEADBEEF
DEADBEEF
DEADBEEF
DEADBEEF
DEADBEEF
DEADBEEF
DEADBEEF
DEADBEEF
DEADBEEF
DEADBEEF
DEADBEEF
DEADBEEF
DEADBEEF
DEADBEEF
DEADBEEF
DEADBEEF
DEADBEEF
DEADBEEF
DEADBEEF
DEADBEEF
DEADBEEF
DEADBEEF
DEADBEEF
DEADBEEF
DEADBEEF
DEADBEEF
DEADBEEF
DEADBEEF
DEADBEEF
DEADBEEF
DEADBEEF
DEADBEEF
DEADBEEF
DEADBEEF
DEADBEEF
DEADBEEF
DEADBEEF
DEADBEEF
DEADBEEF
DEADBEEF
DEADBEEF
DEADBEEF
DEADBEEF
DEADBEEF
DEADBEEF
DEADBEEF
DEADBEEF
DEADBEEF
DEADBEEF
DEADBEEF
DEADBEEF
DEADBEEF
DEADBEEF
DEADBEEF
DEADBEEF
DEADBEEF
DEADBEEF
DEADBEEF
DEADBEEF
DEADBEEF
DEADBEEF
DEADBEEF
DEADBEEF
DEADBEEF
DEADBEEF
DEADBEEF
DEADBEEF
DEADBEEF
DEADBEEF
DEADBEEF
DEADBEEF
DEADBEEF
DEADBEEF
DEADBEEF
DEADBEEF
DEADBEEF
DEADBEEF
DEADBEEF
DEADBEEF
DEADBEEF
DEADBEEF
DEADBEEF
DEADBEEF
DEADBEEF
DEADBEEF
DEADBEEF
DEADBEEF
DEADBEEF
DEADBEEF
DEADBEEF
DEADBEEF
DEADBEEF
DEADBEEF
DEADBEEF
DEADBEEF
DEADBEEF
DEADBEEF
DEADBEEF
DEADBEEF
DEADBEEF
DEADBEEF
DEADBEEF
DEADBEEF
DEADBEEF
DEADBEEF
DEADBEEF
DEADBEEF
DEADBEEF
DEADBEEF
DEADBEEF
DEADBEEF
DEADBEEF
DEADBEEF
DEADBEEF
DEADBEEF
DEADBEEF
DEADBEEF
DEADBEEF
DEADBEEF
DEADBEEF
DEADBEEF
DEADBEEF
DEADBEEF
DEADBEEF
DEADBEEF
DEADBEEF
DEADBEEF
DEADBEEF
DEADBEEF
DEADBEEF
DEADBEEF
DEADBEEF
DEADBEEF
DEADBEEF
DEADBEEF
DEADBEEF
DEADBEEF
DEADBEEF
DEADBEEF
DEADBEEF
DEADBEEF
DEADBEEF
DEADBEEF
DEADBEEF
DEADBEEF
DEADBEEF
DEADBEEF
DEADBEEF
DEADBEEF
DEADBEEF
DEADBEEF
DEADBEEF
DEADBEEF
DEADBEEF
DEADBEEF
DEADBEEF
DEADBEEF
DEADBEEF
DEADBEEF
DEADBEEF
DEADBEEF
DEADBEEF
DEADBEEF
DEADBEEF
DEADBEEF
DEADBEEF
DEADBEEF
DEADBEEF
DEADBEEF
DEADBEEF
DEADBEEF
DEADBEEF
DEADBEEF
DEADBEEF
DEADBEEF
DEADBEEF
DEADBEEF
DEADBEEF
DEADBEEF
DEADBEEF
DEADBEEF
DEADBEEF
DEADBEEF
DEADBEEF
DEADBEEF
DEADBEEF
DEADBEEF
DEADBEEF
DEADBEEF
DEADBEEF
DEADBEEF
DEADBEEF
DEADBEEF
DEADBEEF
DEADBEEF
DEADBEEF
DEADBEEF
DEADBEEF
DEADBEEF
DEADBEEF
DEADBEEF
DEADBEEF
DEADBEEF
DEADBEEF
DEADBEEF
DEADBEEF
DEADBEEF
DEADBEEF
DEADBEEF
DEADBEEF
DEADBEEF
DEADBEEF
DEADBEEF
DEADBEEF
DEADBEEF
DEADBEEF
DEADBEEF
DEADBEEF
DEADBEEF
DEADBEEF
DEADBEEF
DEADBEEF
DEADBEEF
DEADBEEF
DEADBEEF
DEADBEEF
DEADBEEF
DEADBEEF
DEADBEEF
DEADBEEF
DEADBEEF
DEADBEEF
DEADBEEF
DEADBEEF
DEADBEEF
DEADBEEF
DEADBEEF
DEADBEEF
DEADBEEF
DEADBEEF
DEADBEEF
DEADBEEF
DEADBEEF
DEADBEEF
DEADBEEF
DEADBEEF
DEADBEEF
DEADBEEF
DEADBEEF
DEADBEEF
DEADBEEF
DEADBEEF
DEADBEEF
DEADBEEF
DEADBEEF
DEADBEEF
DEADBEEF
DEADBEEF
DEADBEEF
DEADBEEF
DEADBEEF
DEADBEEF
DEADBEEF
DEADBEEF
DEADBEEF
DEADBEEF
DEADBEEF
DEADBEEF
DEADBEEF
DEADBEEF
DEADBEEF
DEADBEEF
DEADBEEF
DEADBEEF
DEADBEEF
DEADBEEF
DEADBEEF
DEADBEEF
DEADBEEF
DEADBEEF
DEADBEEF
DEADBEEF
DEADBEEF
DEADBEEF
DEADBEEF
DEADBEEF
DEADBEEF
DEADBEEF
DEADBEEF
DEADBEEF
DEADBEEF
DEADBEEF
DEADBEEF
DEADBEEF
DEADBEEF
DEADBEEF
DEADBEEF
DEADBEEF
DEADBEEF
DEADBEEF
DEADBEEF
DEADBEEF
DEADBEEF
DEADBEEF
DEADBEEF
DEADBEEF
DEADBEEF
DEADBEEF
DEADBEEF
DEADBEEF
DEADBEEF
DEADBEEF
DEADBEEF
DEADBEEF
DEADBEEF
DEADBEEF
DEADBEEF
DEADBEEF
DEADBEEF
DEADBEEF
DEADBEEF
DEADBEEF
DEADBEEF
DEADBEEF
DEADBEEF
DEADBEEF
DEADBEEF
DEADBEEF
DEADBEEF
DEADBEEF
DEADBEEF
DEADBEEF
DEADBEEF
DEADBEEF
DEADBEEF
DEADBEEF
DEADBEEF
DEADBEEF
DEADBEEF
DEADBEEF
DEADBEEF
DEADBEEF
DEADBEEF
DEADBEEF
DEADBEEF
DEADBEEF
DEADBEEF
DEADBEEF
DEADBEEF
DEADBEEF
DEADBEEF
DEADBEEF
DEADBEEF
DEADBEEF
DEADBEEF
DEADBEEF
DEADBEEF
DEADBEEF
DEADBEEF
DEADBEEF
DEADBEEF
DEADBEEF
DEADBEEF
DEADBEEF
DEADBEEF
DEADBEEF
DEADBEEF
DEADBEEF
DEADBEEF
DEADBEEF
DEADBEEF
DEADBEEF
DEADBEEF
DEADBEEF
DEADBEEF
DEADBEEF
DEADBEEF
DEADBEEF
DEADBEEF
DEADBEEF
DEADBEEF
DEADBEEF
DEADBEEF
DEADBEEF
DEADBEEF
DEADBEEF
DEADBEEF
DEADBEEF
DEADBEEF
DEADBEEF
DEADBEEF
DEADBEEF
DEADBEEF
DEADBEEF
DEADBEEF
DEADBEEF
DEADBEEF
DEADBEEF
DEADBEEF
DEADBEEF
DEADBEEF
DEADBEEF
DEADBEEF
DEADBEEF
DEADBEEF
DEADBEEF
DEADBEEF
DEADBEEF
DEADBEEF
DEADBEEF
DEADBEEF
DEADBEEF
DEADBEEF
DEADBEEF
DEADBEEF
DEADBEEF
DEADBEEF
DEADBEEF
DEADBEEF
DEADBEEF
DEADBEEF
DEADBEEF
DEADBEEF
DEADBEEF
DEADBEEF
DEADBEEF
DEADBEEF
DEADBEEF
DEADBEEF
DEADBEEF
DEADBEEF
DEADBEEF
DEADBEEF
DEADBEEF
DEADBEEF
DEADBEEF
DEADBEEF
DEADBEEF
DEADBEEF
DEADBEEF
DEADBEEF
DEADBEEF
DEADBEEF
DEADBEEF
DEADBEEF
DEADBEEF
DEADBEEF
DEADBEEF
DEADBEEF
DEADBEEF
DEADBEEF
DEADBEEF
DEADBEEF
DEADBEEF
DEADBEEF
DEADBEEF
DEADBEEF
DEADBEEF
DEADBEEF
DEADBEEF
DEADBEEF
DEADBEEF
DEADBEEF
DEADBEEF
DEADBEEF
DEADBEEF
DEADBEEF
DEADBEEF
DEADBEEF
DEADBEEF
DEADBEEF
DEADBEEF
DEADBEEF
DEADBEEF
DEADBEEF
DEADBEEF
DEADBEEF
DEADBEEF
DEADBEEF
DEADBEEF
DEADBEEF
DEADBEEF
DEADBEEF
DEADBEEF
DEADBEEF
DEADBEEF
DEADBEEF
DEADBEEF
DEADBEEF
DEADBEEF
DEADBEEF
DEADBEEF
DEADBEEF
DEADBEEF
DEADBEEF
DEADBEEF
DEADBEEF
DEADBEEF
DEADBEEF
DEADBEEF
DEADBEEF
DEADBEEF
DEADBEEF
DEADBEEF
DEADBEEF
DEADBEEF
DEADBEEF
DEADBEEF
DEADBEEF
DEADBEEF
DEADBEEF
DEADBEEF
DEADBEEF
DEADBEEF
DEADBEEF
DEADBEEF
DEADBEEF
DEADBEEF
DEADBEEF
DEADBEEF
DEADBEEF
DEADBEEF
DEADBEEF
DEADBEEF
DEADBEEF
DEADBEEF
DEADBEEF
DEADBEEF
DEADBEEF
DEADBEEF
DEADBEEF
DEADBEEF
DEADBEEF
DEADBEEF
DEADBEEF
DEADBEEF
DEADBEEF
DEADBEEF
DEADBEEF
DEADBEEF
DEADBEEF
DEADBEEF
DEADBEEF
DEADBEEF
DEADBEEF
DEADBEEF
DEADBEEF
DEADBEEF
DEADBEEF
DEADBEEF
DEADBEEF
DEADBEEF
DEADBEEF
DEADBEEF
DEADBEEF
DEADBEEF
DEADBEEF
DEADBEEF
DEADBEEF
DEADBEEF
DEADBEEF
DEADBEEF
DEADBEEF
DEADBEEF
DEADBEEF
DEADBEEF
DEADBEEF
DEADBEEF
DEADBEEF
DEADBEEF
DEADBEEF
DEADBEEF
DEADBEEF
DEADBEEF
DEADBEEF
DEADBEEF
DEADBEEF
DEADBEEF
DEADBEEF
DEADBEEF
DEADBEEF
DEADBEEF
DEADBEEF
DEADBEEF
DEADBEEF
DEADBEEF
DEADBEEF
DEADBEEF
DEADBEEF
DEADBEEF
DEADBEEF
DEADBEEF
DEADBEEF
DEADBEEF
DEADBEEF
DEADBEEF
DEADBEEF
DEADBEEF
DEADBEEF
DEADBEEF
DEADBEEF
DEADBEEF
DEADBEEF
DEADBEEF
DEADBEEF
DEADBEEF
DEADBEEF
DEADBEEF
DEADBEEF
DEADBEEF
DEADBEEF
DEADBEEF
DEADBEEF
DEADBEEF
DEADBEEF
DEADBEEF
DEADBEEF
DEADBEEF
DEADBEEF
DEADBEEF
DEADBEEF
DEADBEEF
DEADBEEF
DEADBEEF
DEADBEEF
DEADBEEF
DEADBEEF
DEADBEEF
DEADBEEF
DEADBEEF
DEADBEEF
DEADBEEF
DEADBEEF
DEADBEEF
DEADBEEF
DEADBEEF
DEADBEEF
DEADBEEF
DEADBEEF
DEADBEEF
DEADBEEF
DEADBEEF
DEADBEEF
DEADBEEF
DEADBEEF
DEADBEEF
DEADBEEF
DEADBEEF
DEADBEEF
DEADBEEF
DEADBEEF
DEADBEEF
DEADBEEF
DEADBEEF
DEADBEEF
DEADBEEF
DEADBEEF
DEADBEEF
DEADBEEF
DEADBEEF
DEADBEEF
DEADBEEF
DEADBEEF
DEADBEEF
DEADBEEF
DEADBEEF
DEADBEEF
DEADBEEF
DEADBEEF
DEADBEEF
DEADBEEF
DEADBEEF
DEADBEEF
DEADBEEF
DEADBEEF
DEADBEEF
DEADBEEF
DEADBEEF
DEADBEEF
DEADBEEF
DEADBEEF
DEADBEEF
DEADBEEF
DEADBEEF
DEADBEEF
DEADBEEF
DEADBEEF
DEADBEEF
DEADBEEF
DEADBEEF
DEADBEEF
DEADBEEF
DEADBEEF
DEADBEEF
DEADBEEF
DEADBEEF
DEADBEEF
DEADBEEF
DEADBEEF
DEADBEEF
DEADBEEF
DEADBEEF
DEADBEEF
DEADBEEF
DEADBEEF
DEADBEEF
DEADBEEF
DEADBEEF
DEADBEEF
DEADBEEF
DEADBEEF
DEADBEEF
DEADBEEF
DEADBEEF
DEADBEEF
DEADBEEF
DEADBEEF
DEADBEEF
DEADBEEF
DEADBEEF
DEADBEEF
DEADBEEF
DEADBEEF
DEADBEEF
DEADBEEF
DEADBEEF
DEADBEEF
DEADBEEF
DEADBEEF
DEADBEEF
DEADBEEF
DEADBEEF
DEADBEEF
DEADBEEF
DEADBEEF
DEADBEEF
DEADBEEF
DEADBEEF
DEADBEEF
DEADBEEF
DEADBEEF
DEADBEEF
DEADBEEF
DEADBEEF
DEADBEEF
DEADBEEF
DEADBEEF
DEADBEEF
DEADBEEF
DEADBEEF
DEADBEEF
DEADBEEF
DEADBEEF
DEADBEEF
DEADBEEF
DEADBEEF
DEADBEEF
DEADBEEF
DEADBEEF
DEADBEEF
DEADBEEF
DEADBEEF
DEADBEEF
DEADBEEF
DEADBEEF
DEADBEEF
DEADBEEF
DEADBEEF
DEADBEEF
DEADBEEF
DEADBEEF
DEADBEEF
DEADBEEF
DEADBEEF
DEADBEEF
DEADBEEF
DEADBEEF
DEADBEEF
DEADBEEF
DEADBEEF
DEADBEEF
DEADBEEF
DEADBEEF
DEADBEEF
DEADBEEF
DEADBEEF
DEADBEEF
DEADBEEF
DEADBEEF
DEADBEEF
DEADBEEF
DEADBEEF
DEADBEEF
DEADBEEF
DEADBEEF
DEADBEEF
DEADBEEF
DEADBEEF
DEADBEEF
DEADBEEF
DEADBEEF
DEADBEEF
DEADBEEF
DEADBEEF
DEADBEEF
DEADBEEF
DEADBEEF
DEADBEEF
DEADBEEF
DEADBEEF
DEADBEEF
DEADBEEF
DEADBEEF
DEADBEEF
DEADBEEF
DEADBEEF
DEADBEEF
DEADBEEF
DEADBEEF
DEADBEEF
DEADBEEF
DEADBEEF
DEADBEEF
DEADBEEF
DEADBEEF
DEADBEEF
DEADBEEF
DEADBEEF
DEADBEEF
DEADBEEF
DEADBEEF
DEADBEEF
DEADBEEF
DEADBEEF
DEADBEEF
DEADBEEF
DEADBEEF
DEADBEEF
DEADBEEF
DEADBEEF
DEADBEEF
DEADBEEF
DEADBEEF
DEADBEEF
DEADBEEF
DEADBEEF
DEADBEEF
DEADBEEF
DEADBEEF
DEADBEEF
DEADBEEF
DEADBEEF
DEADBEEF
DEADBEEF
DEADBEEF
DEADBEEF
DEADBEEF
DEADBEEF
DEADBEEF
DEADBEEF
DEADBEEF
DEADBEEF
DEADBEEF
DEADBEEF
DEADBEEF
DEADBEEF
DEADBEEF
DEADBEEF
DEADBEEF
DEADBEEF
DEADBEEF
DEADBEEF
DEADBEEF
DEADBEEF
DEADBEEF
DEADBEEF
DEADBEEF
DEADBEEF
DEADBEEF
DEADBEEF
DEADBEEF
DEADBEEF
DEADBEEF
DEADBEEF
DEADBEEF
DEADBEEF
DEADBEEF
DEADBEEF
DEADBEEF
DEADBEEF
DEADBEEF
DEADBEEF
DEADBEEF
DEADBEEF
DEADBEEF
DEADBEEF
DEADBEEF
DEADBEEF
DEADBEEF
DEADBEEF
DEADBEEF
DEADBEEF
DEADBEEF
DEADBEEF
DEADBEEF
DEADBEEF
DEADBEEF
DEADBEEF
DEADBEEF
DEADBEEF
DEADBEEF
DEADBEEF
DEADBEEF
DEADBEEF
DEADBEEF
DEADBEEF
DEADBEEF
DEADBEEF
DEADBEEF
DEADBEEF
DEADBEEF
DEADBEEF
DEADBEEF
DEADBEEF
DEADBEEF
DEADBEEF
DEADBEEF
DEADBEEF
DEADBEEF
DEADBEEF
DEADBEEF
DEADBEEF
DEADBEEF
DEADBEEF
DEADBEEF
DEADBEEF
DEADBEEF
DEADBEEF
DEADBEEF
DEADBEEF
DEADBEEF
DEADBEEF
DEADBEEF
DEADBEEF
DEADBEEF
DEADBEEF
DEADBEEF
DEADBEEF
DEADBEEF
DEADBEEF
DEADBEEF
DEADBEEF
DEADBEEF
DEADBEEF
DEADBEEF
DEADBEEF
DEADBEEF
DEADBEEF
DEADBEEF
DEADBEEF
DEADBEEF
DEADBEEF
DEADBEEF
DEADBEEF
DEADBEEF
DEADBEEF
DEADBEEF
DEADBEEF
DEADBEEF
DEADBEEF
DEADBEEF
DEADBEEF
DEADBEEF
DEADBEEF
DEADBEEF
DEADBEEF
DEADBEEF
DEADBEEF
DEADBEEF
DEADBEEF
DEADBEEF
DEADBEEF
DEADBEEF
DEADBEEF
DEADBEEF
DEADBEEF
DEADBEEF
DEADBEEF
DEADBEEF
DEADBEEF
DEADBEEF
DEADBEEF
DEADBEEF
DEADBEEF
DEADBEEF
DEADBEEF
DEADBEEF
DEADBEEF
DEADBEEF
DEADBEEF
DEADBEEF
DEADBEEF
DEADBEEF
DEADBEEF
DEADBEEF
DEADBEEF
DEADBEEF
DEADBEEF
DEADBEEF
DEADBEEF
DEADBEEF
DEADBEEF
DEADBEEF
DEADBEEF
DEADBEEF
DEADBEEF
DEADBEEF
DEADBEEF
DEADBEEF
DEADBEEF
DEADBEEF
DEADBEEF
DEADBEEF
DEADBEEF
DEADBEEF
DEADBEEF
DEADBEEF
DEADBEEF
DEADBEEF
DEADBEEF
DEADBEEF
DEADBEEF
DEADBEEF
DEADBEEF
DEADBEEF
DEADBEEF
DEADBEEF
DEADBEEF
DEADBEEF
DEADBEEF
DEADBEEF
DEADBEEF
DEADBEEF
DEADBEEF
DEADBEEF
DEADBEEF
DEADBEEF
DEADBEEF
DEADBEEF
DEADBEEF
DEADBEEF
DEADBEEF
DEADBEEF
DEADBEEF
DEADBEEF
DEADBEEF
DEADBEEF
DEADBEEF
DEADBEEF
DEADBEEF
DEADBEEF
DEADBEEF
DEADBEEF
DEADBEEF
DEADBEEF
DEADBEEF
DEADBEEF
DEADBEEF
DEADBEEF
DEADBEEF
DEADBEEF
DEADBEEF
DEADBEEF
DEADBEEF
DEADBEEF
DEADBEEF
DEADBEEF
DEADBEEF
DEADBEEF
DEADBEEF
DEADBEEF
DEADBEEF
DEADBEEF
DEADBEEF
DEADBEEF
DEADBEEF
DEADBEEF
DEADBEEF
DEADBEEF
DEADBEEF
DEADBEEF
DEADBEEF
DEADBEEF
DEADBEEF
DEADBEEF
DEADBEEF
DEADBEEF
DEADBEEF
DEADBEEF
DEADBEEF
DEADBEEF
DEADBEEF
DEADBEEF
DEADBEEF
DEADBEEF
DEADBEEF
DEADBEEF
DEADBEEF
DEADBEEF
DEADBEEF
DEADBEEF
DEADBEEF
DEADBEEF
DEADBEEF
DEADBEEF
DEADBEEF
DEADBEEF
DEADBEEF
DEADBEEF
DEADBEEF
DEADBEEF
DEADBEEF
DEADBEEF
DEADBEEF
DEADBEEF
DEADBEEF
DEADBEEF
DEADBEEF
DEADBEEF
DEADBEEF
DEADBEEF
DEADBEEF
DEADBEEF
DEADBEEF
DEADBEEF
DEADBEEF
DEADBEEF
DEADBEEF
DEADBEEF
DEADBEEF
DEADBEEF
DEADBEEF
DEADBEEF
DEADBEEF
DEADBEEF
DEADBEEF
DEADBEEF
DEADBEEF
DEADBEEF
DEADBEEF
DEADBEEF
DEADBEEF
DEADBEEF
DEADBEEF
DEADBEEF
DEADBEEF
DEADBEEF
DEADBEEF
DEADBEEF
DEADBEEF
DEADBEEF
DEADBEEF
DEADBEEF
DEADBEEF
DEADBEEF
DEADBEEF
DEADBEEF
DEADBEEF
DEADBEEF
DEADBEEF
DEADBEEF
DEADBEEF
DEADBEEF
DEADBEEF
DEADBEEF
DEADBEEF
DEADBEEF
DEADBEEF
DEADBEEF
DEADBEEF
DEADBEEF
DEADBEEF
DEADBEEF
DEADBEEF
DEADBEEF
DEADBEEF
DEADBEEF
DEADBEEF
DEADBEEF
DEADBEEF
DEADBEEF
DEADBEEF
DEADBEEF
DEADBEEF
DEADBEEF
DEADBEEF
DEADBEEF
DEADBEEF
DEADBEEF
DEADBEEF
DEADBEEF
DEADBEEF
DEADBEEF
DEADBEEF
DEADBEEF
DEADBEEF
DEADBEEF
DEADBEEF
DEADBEEF
DEADBEEF
DEADBEEF
DEADBEEF
DEADBEEF
DEADBEEF
DEADBEEF
DEADBEEF
DEADBEEF
DEADBEEF
DEADBEEF
DEADBEEF
DEADBEEF
DEADBEEF
DEADBEEF
DEADBEEF
DEADBEEF
DEADBEEF
DEADBEEF
DEADBEEF
DEADBEEF
DEADBEEF
DEADBEEF
DEADBEEF
DEADBEEF
DEADBEEF
DEADBEEF
DEADBEEF
DEADBEEF
DEADBEEF
DEADBEEF
DEADBEEF
DEADBEEF
DEADBEEF
DEADBEEF
DEADBEEF
DEADBEEF
DEADBEEF
DEADBEEF
DEADBEEF
DEADBEEF
DEADBEEF
DEADBEEF
DEADBEEF
DEADBEEF
DEADBEEF
DEADBEEF
DEADBEEF
DEADBEEF
DEADBEEF
DEADBEEF
DEADBEEF
DEADBEEF
DEADBEEF
DEADBEEF
DEADBEEF
DEADBEEF
DEADBEEF
DEADBEEF
DEADBEEF
DEADBEEF
DEADBEEF
DEADBEEF
DEADBEEF
DEADBEEF
DEADBEEF
DEADBEEF
DEADBEEF
DEADBEEF
DEADBEEF
DEADBEEF
DEADBEEF
DEADBEEF
DEADBEEF
DEADBEEF
DEADBEEF
DEADBEEF
DEADBEEF
DEADBEEF
DEADBEEF
DEADBEEF
DEADBEEF
DEADBEEF
DEADBEEF
DEADBEEF
DEADBEEF
DEADBEEF
DEADBEEF
DEADBEEF
DEADBEEF
DEADBEEF
DEADBEEF
DEADBEEF
DEADBEEF
DEADBEEF
DEADBEEF
DEADBEEF
DEADBEEF
DEADBEEF
DEADBEEF
DEADBEEF
DEADBEEF
DEADBEEF
DEADBEEF
DEADBEEF
DEADBEEF
DEADBEEF
DEADBEEF
DEADBEEF
DEADBEEF
DEADBEEF
DEADBEEF
DEADBEEF
DEADBEEF
DEADBEEF
DEADBEEF
DEADBEEF
DEADBEEF
DEADBEEF
DEADBEEF
DEADBEEF
DEADBEEF
DEADBEEF
DEADBEEF
DEADBEEF
DEADBEEF
DEADBEEF
DEADBEEF
DEADBEEF
DEADBEEF
DEADBEEF
DEADBEEF
DEADBEEF
DEADBEEF
DEADBEEF
DEADBEEF
DEADBEEF
DEADBEEF
DEADBEEF
DEADBEEF
DEADBEEF
DEADBEEF
DEADBEEF
DEADBEEF
DEADBEEF
DEADBEEF
DEADBEEF
DEADBEEF
DEADBEEF
DEADBEEF
DEADBEEF
DEADBEEF
DEADBEEF
DEADBEEF
DEADBEEF
DEADBEEF
DEADBEEF
DEADBEEF
DEADBEEF
DEADBEEF
DEADBEEF
DEADBEEF
DEADBEEF
DEADBEEF
DEADBEEF
DEADBEEF
DEADBEEF
DEADBEEF
DEADBEEF
DEADBEEF
DEADBEEF
DEADBEEF
DEADBEEF
DEADBEEF
DEADBEEF
DEADBEEF
DEADBEEF
DEADBEEF
DEADBEEF
DEADBEEF
DEADBEEF
DEADBEEF
DEADBEEF
DEADBEEF
DEADBEEF
DEADBEEF
DEADBEEF
DEADBEEF
DEADBEEF
DEADBEEF
DEADBEEF
DEADBEEF
DEADBEEF
DEADBEEF
DEADBEEF
DEADBEEF
DEADBEEF
DEADBEEF
DEADBEEF
DEADBEEF
DEADBEEF
DEADBEEF
DEADBEEF
DEADBEEF
DEADBEEF
DEADBEEF
DEADBEEF
DEADBEEF
DEADBEEF
DEADBEEF
DEADBEEF
DEADBEEF
DEADBEEF
DEADBEEF
DEADBEEF
DEADBEEF
DEADBEEF
DEADBEEF
DEADBEEF
DEADBEEF
DEADBEEF
DEADBEEF
DEADBEEF
DEADBEEF
DEADBEEF
DEADBEEF
DEADBEEF
DEADBEEF
DEADBEEF
DEADBEEF
DEADBEEF
DEADBEEF
DEADBEEF
DEADBEEF
DEADBEEF
DEADBEEF
DEADBEEF
DEADBEEF
DEADBEEF
DEADBEEF
DEADBEEF
DEADBEEF
DEADBEEF
DEADBEEF
DEADBEEF
DEADBEEF
DEADBEEF
DEADBEEF
DEADBEEF
DEADBEEF
DEADBEEF
DEADBEEF
DEADBEEF
DEADBEEF
DEADBEEF
DEADBEEF
DEADBEEF
DEADBEEF
DEADBEEF
DEADBEEF
DEADBEEF
DEADBEEF
DEADBEEF
DEADBEEF
DEADBEEF
DEADBEEF
DEADBEEF
DEADBEEF
DEADBEEF
DEADBEEF
DEADBEEF
DEADBEEF
DEADBEEF
DEADBEEF
DEADBEEF
DEADBEEF
DEADBEEF
DEADBEEF
DEADBEEF
DEADBEEF
DEADBEEF
DEADBEEF
DEADBEEF
DEADBEEF
DEADBEEF
DEADBEEF
DEADBEEF
DEADBEEF
DEADBEEF
DEADBEEF
DEADBEEF
DEADBEEF
DEADBEEF
DEADBEEF
DEADBEEF
DEADBEEF
DEADBEEF
DEADBEEF
DEADBEEF
DEADBEEF
DEADBEEF
DEADBEEF
DEADBEEF
DEADBEEF
DEADBEEF
DEADBEEF
DEADBEEF
DEADBEEF
DEADBEEF
DEADBEEF
DEADBEEF
DEADBEEF
DEADBEEF
DEADBEEF
DEADBEEF
DEADBEEF
DEADBEEF
DEADBEEF
DEADBEEF
DEADBEEF
DEADBEEF
DEADBEEF
DEADBEEF
DEADBEEF
DEADBEEF
DEADBEEF
DEADBEEF
DEADBEEF
DEADBEEF
DEADBEEF
DEADBEEF
DEADBEEF
DEADBEEF
DEADBEEF
DEADBEEF
DEADBEEF
DEADBEEF
DEADBEEF
DEADBEEF
DEADBEEF
DEADBEEF
DEADBEEF
DEADBEEF
DEADBEEF
DEADBEEF
DEADBEEF
DEADBEEF
DEADBEEF
DEADBEEF
DEADBEEF
DEADBEEF
DEADBEEF
DEADBEEF
DEADBEEF
DEADBEEF
DEADBEEF
DEADBEEF
DEADBEEF
DEADBEEF
DEADBEEF
DEADBEEF
DEADBEEF
DEADBEEF
DEADBEEF
DEADBEEF
DEADBEEF
DEADBEEF
DEADBEEF
DEADBEEF
DEADBEEF
DEADBEEF
DEADBEEF
DEADBEEF
DEADBEEF
DEADBEEF
DEADBEEF
DEADBEEF
DEADBEEF
DEADBEEF
DEADBEEF
DEADBEEF
DEADBEEF
DEADBEEF
DEADBEEF
DEADBEEF
DEADBEEF
DEADBEEF
DEADBEEF
DEADBEEF
DEADBEEF
DEADBEEF
DEADBEEF
DEADBEEF
DEADBEEF
DEADBEEF
DEADBEEF
DEADBEEF
DEADBEEF
DEADBEEF
DEADBEEF
DEADBEEF
DEADBEEF
DEADBEEF
DEADBEEF
DEADBEEF
DEADBEEF
DEADBEEF
DEADBEEF
DEADBEEF
DEADBEEF
DEADBEEF
DEADBEEF
DEADBEEF
DEADBEEF
DEADBEEF
DEADBEEF
DEADBEEF
DEADBEEF
DEADBEEF
DEADBEEF
DEADBEEF
DEADBEEF
DEADBEEF
DEADBEEF
DEADBEEF
DEADBEEF
DEADBEEF
DEADBEEF
DEADBEEF
DEADBEEF
DEADBEEF
DEADBEEF
DEADBEEF
DEADBEEF
DEADBEEF
DEADBEEF
DEADBEEF
DEADBEEF
DEADBEEF
DEADBEEF
DEADBEEF
DEADBEEF
DEADBEEF
DEADBEEF
DEADBEEF
DEADBEEF
DEADBEEF
DEADBEEF
DEADBEEF
DEADBEEF
DEADBEEF
DEADBEEF
DEADBEEF
DEADBEEF
DEADBEEF
DEADBEEF
DEADBEEF
DEADBEEF
DEADBEEF
DEADBEEF
DEADBEEF
DEADBEEF
DEADBEEF
DEADBEEF
DEADBEEF
DEADBEEF
DEADBEEF
DEADBEEF
DEADBEEF
DEADBEEF
DEADBEEF
DEADBEEF
DEADBEEF
DEADBEEF
DEADBEEF
DEADBEEF
DEADBEEF
DEADBEEF
DEADBEEF
DEADBEEF
DEADBEEF
DEADBEEF
DEADBEEF
DEADBEEF
DEADBEEF
DEADBEEF
DEADBEEF
DEADBEEF
DEADBEEF
DEADBEEF
DEADBEEF
DEADBEEF
DEADBEEF
DEADBEEF
DEADBEEF
DEADBEEF
DEADBEEF
DEADBEEF
DEADBEEF
DEADBEEF
DEADBEEF
DEADBEEF
DEADBEEF
DEADBEEF
DEADBEEF
DEADBEEF
DEADBEEF
DEADBEEF
DEADBEEF
DEADBEEF
DEADBEEF
DEADBEEF
DEADBEEF
DEADBEEF
DEADBEEF
DEADBEEF
DEADBEEF
DEADBEEF
DEADBEEF
DEADBEEF
DEADBEEF
DEADBEEF
DEADBEEF
DEADBEEF
DEADBEEF
DEADBEEF
DEADBEEF
DEADBEEF
DEADBEEF
DEADBEEF
DEADBEEF
DEADBEEF
DEADBEEF
DEADBEEF
DEADBEEF
DEADBEEF
DEADBEEF
DEADBEEF
DEADBEEF
DEADBEEF
DEADBEEF
DEADBEEF
DEADBEEF
DEADBEEF
DEADBEEF
DEADBEEF
DEADBEEF
DEADBEEF
DEADBEEF
DEADBEEF
DEADBEEF
DEADBEEF
DEADBEEF
DEADBEEF
DEADBEEF
DEADBEEF
DEADBEEF
DEADBEEF
DEADBEEF
DEADBEEF
DEADBEEF
DEADBEEF
DEADBEEF
DEADBEEF
DEADBEEF
DEADBEEF
DEADBEEF
DEADBEEF
DEADBEEF
DEADBEEF
DEADBEEF
DEADBEEF
DEADBEEF
DEADBEEF
DEADBEEF
DEADBEEF
DEADBEEF
DEADBEEF
DEADBEEF
DEADBEEF
DEADBEEF
DEADBEEF
DEADBEEF
DEADBEEF
DEADBEEF
DEADBEEF
DEADBEEF
DEADBEEF
DEADBEEF
DEADBEEF
DEADBEEF
DEADBEEF
DEADBEEF
DEADBEEF
DEADBEEF
DEADBEEF
DEADBEEF
DEADBEEF
DEADBEEF
DEADBEEF
DEADBEEF
DEADBEEF
DEADBEEF
DEADBEEF
DEADBEEF
DEADBEEF
DEADBEEF
DEADBEEF
DEADBEEF
DEADBEEF
DEADBEEF
DEADBEEF
DEADBEEF
DEADBEEF
DEADBEEF
DEADBEEF
DEADBEEF
DEADBEEF
DEADBEEF
DEADBEEF
DEADBEEF
DEADBEEF
DEADBEEF
DEADBEEF
DEADBEEF
DEADBEEF
DEADBEEF
DEADBEEF
DEADBEEF
DEADBEEF
DEADBEEF
DEADBEEF
DEADBEEF
DEADBEEF
DEADBEEF
DEADBEEF
DEADBEEF
DEADBEEF
DEADBEEF
DEADBEEF
DEADBEEF
DEADBEEF
DEADBEEF
DEADBEEF
DEADBEEF
DEADBEEF
DEADBEEF
DEADBEEF
DEADBEEF
DEADBEEF
DEADBEEF
DEADBEEF
DEADBEEF
DEADBEEF
DEADBEEF
DEADBEEF
DEADBEEF
DEADBEEF
DEADBEEF
DEADBEEF
DEADBEEF
DEADBEEF
DEADBEEF
DEADBEEF
DEADBEEF
DEADBEEF
DEADBEEF
DEADBEEF
DEADBEEF
DEADBEEF
DEADBEEF
DEADBEEF
DEADBEEF
DEADBEEF
DEADBEEF
DEADBEEF
DEADBEEF
DEADBEEF
DEADBEEF
DEADBEEF
DEADBEEF
DEADBEEF
DEADBEEF
DEADBEEF
DEADBEEF
DEADBEEF
DEADBEEF
DEADBEEF
DEADBEEF
DEADBEEF
DEADBEEF
DEADBEEF
DEADBEEF
DEADBEEF
DEADBEEF
DEADBEEF
DEADBEEF
DEADBEEF
DEADBEEF
DEADBEEF
DEADBEEF
DEADBEEF
DEADBEEF
DEADBEEF
DEADBEEF
DEADBEEF
DEADBEEF
DEADBEEF
DEADBEEF
DEADBEEF
DEADBEEF
DEADBEEF
DEADBEEF
DEADBEEF
DEADBEEF
DEADBEEF
DEADBEEF
DEADBEEF
DEADBEEF
DEADBEEF
DEADBEEF
DEADBEEF
DEADBEEF
DEADBEEF
DEADBEEF
DEADBEEF
DEADBEEF
DEADBEEF
DEADBEEF
DEADBEEF
DEADBEEF
DEADBEEF
DEADBEEF
DEADBEEF
DEADBEEF
DEADBEEF
DEADBEEF
DEADBEEF
DEADBEEF
DEADBEEF
DEADBEEF
DEADBEEF
DEADBEEF
DEADBEEF
DEADBEEF
DEADBEEF
DEADBEEF
DEADBEEF
DEADBEEF
DEADBEEF
DEADBEEF
DEADBEEF
DEADBEEF
DEADBEEF
DEADBEEF
DEADBEEF
DEADBEEF
DEADBEEF
DEADBEEF
DEADBEEF
DEADBEEF
DEADBEEF
DEADBEEF
DEADBEEF
DEADBEEF
DEADBEEF
DEADBEEF
DEADBEEF
DEADBEEF
DEADBEEF
DEADBEEF
DEADBEEF
DEADBEEF
DEADBEEF
DEADBEEF
DEADBEEF
DEADBEEF
DEADBEEF
DEADBEEF
DEADBEEF
DEADBEEF
DEADBEEF
DEADBEEF
DEADBEEF
DEADBEEF
DEADBEEF
DEADBEEF
DEADBEEF
DEADBEEF
DEADBEEF
DEADBEEF
DEADBEEF
DEADBEEF
DEADBEEF
DEADBEEF
DEADBEEF
DEADBEEF
DEADBEEF
DEADBEEF
DEADBEEF
DEADBEEF
DEADBEEF
DEADBEEF
DEADBEEF
DEADBEEF
DEADBEEF
DEADBEEF
DEADBEEF
DEADBEEF
DEADBEEF
DEADBEEF
DEADBEEF
DEADBEEF
DEADBEEF
DEADBEEF
DEADBEEF
DEADBEEF
DEADBEEF
DEADBEEF
DEADBEEF
DEADBEEF
DEADBEEF
DEADBEEF
DEADBEEF
DEADBEEF
DEADBEEF
DEADBEEF
DEADBEEF
DEADBEEF
DEADBEEF
DEADBEEF
DEADBEEF
DEADBEEF
DEADBEEF
DEADBEEF
DEADBEEF
DEADBEEF
DEADBEEF
DEADBEEF
DEADBEEF
DEADBEEF
DEADBEEF
DEADBEEF
DEADBEEF
DEADBEEF
DEADBEEF
DEADBEEF
DEADBEEF
DEADBEEF
DEADBEEF
DEADBEEF
DEADBEEF
DEADBEEF
DEADBEEF
DEADBEEF
DEADBEEF
DEADBEEF
DEADBEEF
DEADBEEF
DEADBEEF
DEADBEEF
DEADBEEF
DEADBEEF
DEADBEEF
DEADBEEF
DEADBEEF
DEADBEEF
DEADBEEF
DEADBEEF
DEADBEEF
DEADBEEF
DEADBEEF
DEADBEEF
DEADBEEF
DEADBEEF
DEADBEEF
DEADBEEF
DEADBEEF
DEADBEEF
DEADBEEF
DEADBEEF
DEADBEEF
DEADBEEF
DEADBEEF
DEADBEEF
DEADBEEF
DEADBEEF
DEADBEEF
DEADBEEF
DEADBEEF
DEADBEEF
DEADBEEF
DEADBEEF
DEADBEEF
DEADBEEF
DEADBEEF
DEADBEEF
DEADBEEF
DEADBEEF
DEADBEEF
DEADBEEF
DEADBEEF
DEADBEEF
DEADBEEF
DEADBEEF
DEADBEEF
DEADBEEF
DEADBEEF
DEADBEEF
DEADBEEF
DEADBEEF
DEADBEEF
DEADBEEF
DEADBEEF
DEADBEEF
DEADBEEF
DEADBEEF
DEADBEEF
DEADBEEF
DEADBEEF
DEADBEEF
DEADBEEF
DEADBEEF
DEADBEEF
DEADBEEF
DEADBEEF
DEADBEEF
DEADBEEF
DEADBEEF
DEADBEEF
DEADBEEF
DEADBEEF
DEADBEEF
DEADBEEF
DEADBEEF
DEADBEEF
DEADBEEF
DEADBEEF
DEADBEEF
DEADBEEF
DEADBEEF
DEADBEEF
DEADBEEF
DEADBEEF
DEADBEEF
DEADBEEF
DEADBEEF
DEADBEEF
DEADBEEF
DEADBEEF
DEADBEEF
DEADBEEF
DEADBEEF
DEADBEEF
DEADBEEF
DEADBEEF
DEADBEEF
DEADBEEF
DEADBEEF
DEADBEEF
DEADBEEF
DEADBEEF
DEADBEEF
DEADBEEF
DEADBEEF
DEADBEEF
DEADBEEF
DEADBEEF
DEADBEEF
DEADBEEF
DEADBEEF
DEADBEEF
DEADBEEF
DEADBEEF
DEADBEEF
DEADBEEF
DEADBEEF
DEADBEEF
DEADBEEF
DEADBEEF
DEADBEEF
DEADBEEF
DEADBEEF
DEADBEEF
DEADBEEF
DEADBEEF
DEADBEEF
DEADBEEF
DEADBEEF
DEADBEEF
DEADBEEF
DEADBEEF
DEADBEEF
DEADBEEF
DEADBEEF
DEADBEEF
DEADBEEF
DEADBEEF
DEADBEEF
DEADBEEF
DEADBEEF
DEADBEEF
DEADBEEF
DEADBEEF
DEADBEEF
DEADBEEF
DEADBEEF
DEADBEEF
DEADBEEF
DEADBEEF
DEADBEEF
DEADBEEF
DEADBEEF
DEADBEEF
DEADBEEF
DEADBEEF
DEADBEEF
DEADBEEF
DEADBEEF
DEADBEEF
DEADBEEF
DEADBEEF
DEADBEEF
DEADBEEF
DEADBEEF
DEADBEEF
DEADBEEF
DEADBEEF
DEADBEEF
DEADBEEF
DEADBEEF
DEADBEEF
DEADBEEF
DEADBEEF
DEADBEEF
DEADBEEF
DEADBEEF
DEADBEEF
DEADBEEF
DEADBEEF
DEADBEEF
DEADBEEF
DEADBEEF
DEADBEEF
DEADBEEF
DEADBEEF
DEADBEEF
DEADBEEF
DEADBEEF
DEADBEEF
DEADBEEF
DEADBEEF
DEADBEEF
DEADBEEF
DEADBEEF
DEADBEEF
DEADBEEF
DEADBEEF
DEADBEEF
DEADBEEF
DEADBEEF
DEADBEEF
DEADBEEF
DEADBEEF
DEADBEEF
DEADBEEF
DEADBEEF
DEADBEEF
DEADBEEF
DEADBEEF
DEADBEEF
DEADBEEF
DEADBEEF
DEADBEEF
DEADBEEF
DEADBEEF
DEADBEEF
DEADBEEF
DEADBEEF
DEADBEEF
DEADBEEF
DEADBEEF
DEADBEEF
DEADBEEF
DEADBEEF
DEADBEEF
DEADBEEF
DEADBEEF
DEADBEEF
DEADBEEF
DEADBEEF
DEADBEEF
DEADBEEF
DEADBEEF
DEADBEEF
DEADBEEF
DEADBEEF
DEADBEEF
DEADBEEF
DEADBEEF
DEADBEEF
DEADBEEF
DEADBEEF
DEADBEEF
DEADBEEF
DEADBEEF
DEADBEEF
DEADBEEF
DEADBEEF
DEADBEEF
DEADBEEF
DEADBEEF
DEADBEEF
DEADBEEF
DEADBEEF
DEADBEEF
DEADBEEF
DEADBEEF
DEADBEEF
DEADBEEF
DEADBEEF
DEADBEEF
DEADBEEF
DEADBEEF
DEADBEEF
DEADBEEF
DEADBEEF
DEADBEEF
DEADBEEF
DEADBEEF
DEADBEEF
DEADBEEF
DEADBEEF
DEADBEEF
DEADBEEF
DEADBEEF
DEADBEEF
DEADBEEF
DEADBEEF
DEADBEEF
DEADBEEF
DEADBEEF
DEADBEEF
DEADBEEF
DEADBEEF
DEADBEEF
DEADBEEF
DEADBEEF
DEADBEEF
DEADBEEF
DEADBEEF
DEADBEEF
DEADBEEF
DEADBEEF
DEADBEEF
DEADBEEF
DEADBEEF
DEADBEEF
DEADBEEF
DEADBEEF
DEADBEEF
DEADBEEF
DEADBEEF
DEADBEEF
DEADBEEF
DEADBEEF
DEADBEEF
DEADBEEF
DEADBEEF
DEADBEEF
DEADBEEF
DEADBEEF
DEADBEEF
DEADBEEF
DEADBEEF
DEADBEEF
DEADBEEF
DEADBEEF
DEADBEEF
DEADBEEF
DEADBEEF
DEADBEEF
DEADBEEF
DEADBEEF
DEADBEEF
DEADBEEF
DEADBEEF
DEADBEEF
DEADBEEF
DEADBEEF
DEADBEEF
DEADBEEF
DEADBEEF
DEADBEEF
DEADBEEF
DEADBEEF
DEADBEEF
DEADBEEF
DEADBEEF
DEADBEEF
DEADBEEF
DEADBEEF
DEADBEEF
DEADBEEF
DEADBEEF
DEADBEEF
DEADBEEF
DEADBEEF
DEADBEEF
DEADBEEF
DEADBEEF
DEADBEEF
DEADBEEF
DEADBEEF
DEADBEEF
DEADBEEF
DEADBEEF
DEADBEEF
DEADBEEF
DEADBEEF
DEADBEEF
DEADBEEF
DEADBEEF
DEADBEEF
DEADBEEF
DEADBEEF
DEADBEEF
DEADBEEF
DEADBEEF
DEADBEEF
DEADBEEF
DEADBEEF
DEADBEEF
DEADBEEF
DEADBEEF
DEADBEEF
DEADBEEF
DEADBEEF
DEADBEEF
DEADBEEF
DEADBEEF
DEADBEEF
DEADBEEF
DEADBEEF
DEADBEEF
DEADBEEF
DEADBEEF
DEADBEEF
DEADBEEF
DEADBEEF
DEADBEEF
DEADBEEF
DEADBEEF
DEADBEEF
DEADBEEF
DEADBEEF
DEADBEEF
DEADBEEF
DEADBEEF
DEADBEEF
DEADBEEF
DEADBEEF
DEADBEEF
DEADBEEF
DEADBEEF
DEADBEEF
DEADBEEF
DEADBEEF
DEADBEEF
DEADBEEF
DEADBEEF
DEADBEEF
DEADBEEF
DEADBEEF
DEADBEEF
DEADBEEF
DEADBEEF
DEADBEEF
DEADBEEF
DEADBEEF
DEADBEEF
DEADBEEF
DEADBEEF
DEADBEEF
DEADBEEF
DEADBEEF
DEADBEEF
DEADBEEF
DEADBEEF
DEADBEEF
DEADBEEF
DEADBEEF
DEADBEEF
DEADBEEF
DEADBEEF
DEADBEEF
DEADBEEF
DEADBEEF
DEADBEEF
DEADBEEF
DEADBEEF
DEADBEEF
DEADBEEF
DEADBEEF
DEADBEEF
DEADBEEF
DEADBEEF
DEADBEEF
DEADBEEF
DEADBEEF
DEADBEEF
DEADBEEF
DEADBEEF
DEADBEEF
DEADBEEF
DEADBEEF
DEADBEEF
DEADBEEF
DEADBEEF
DEADBEEF
DEADBEEF
DEADBEEF
DEADBEEF
DEADBEEF
DEADBEEF
DEADBEEF
DEADBEEF
DEADBEEF
DEADBEEF
DEADBEEF
DEADBEEF
DEADBEEF
DEADBEEF
DEADBEEF
DEADBEEF
DEADBEEF
DEADBEEF
DEADBEEF
DEADBEEF
DEADBEEF
DEADBEEF
DEADBEEF
DEADBEEF
DEADBEEF
DEADBEEF
DEADBEEF
DEADBEEF
DEADBEEF
DEADBEEF
DEADBEEF
DEADBEEF
DEADBEEF
DEADBEEF
DEADBEEF
DEADBEEF
DEADBEEF
DEADBEEF
DEADBEEF
DEADBEEF
DEADBEEF
DEADBEEF
DEADBEEF
DEADBEEF
DEADBEEF
DEADBEEF
DEADBEEF
DEADBEEF
DEADBEEF
DEADBEEF
DEADBEEF
DEADBEEF
DEADBEEF
DEADBEEF
DEADBEEF
DEADBEEF
DEADBEEF
DEADBEEF
DEADBEEF
DEADBEEF
DEADBEEF
DEADBEEF
DEADBEEF
DEADBEEF
DEADBEEF
DEADBEEF
DEADBEEF
DEADBEEF
DEADBEEF
DEADBEEF
DEADBEEF
DEADBEEF
DEADBEEF
DEADBEEF
DEADBEEF
DEADBEEF
DEADBEEF
DEADBEEF
DEADBEEF
DEADBEEF
DEADBEEF
DEADBEEF
DEADBEEF
DEADBEEF
DEADBEEF
DEADBEEF
DEADBEEF
DEADBEEF
DEADBEEF
DEADBEEF
DEADBEEF
DEADBEEF
DEADBEEF
DEADBEEF
DEADBEEF
DEADBEEF
DEADBEEF
DEADBEEF
DEADBEEF
DEADBEEF
DEADBEEF
DEADBEEF
DEADBEEF
DEADBEEF
DEADBEEF
DEADBEEF
DEADBEEF
DEADBEEF
DEADBEEF
DEADBEEF
DEADBEEF
DEADBEEF
DEADBEEF
DEADBEEF
DEADBEEF
DEADBEEF
DEADBEEF
DEADBEEF
DEADBEEF
DEADBEEF
DEADBEEF
DEADBEEF
DEADBEEF
DEADBEEF
DEADBEEF
DEADBEEF
DEADBEEF
DEADBEEF
DEADBEEF
DEADBEEF
DEADBEEF
DEADBEEF
DEADBEEF
DEADBEEF
DEADBEEF
DEADBEEF
DEADBEEF
DEADBEEF
DEADBEEF
DEADBEEF
DEADBEEF
DEADBEEF
DEADBEEF
DEADBEEF
DEADBEEF
DEADBEEF
DEADBEEF
DEADBEEF
DEADBEEF
DEADBEEF
DEADBEEF
DEADBEEF
DEADBEEF
DEADBEEF
DEADBEEF
DEADBEEF
DEADBEEF
DEADBEEF
DEADBEEF
DEADBEEF
DEADBEEF
DEADBEEF
DEADBEEF
DEADBEEF
DEADBEEF
DEADBEEF
DEADBEEF
DEADBEEF
DEADBEEF
DEADBEEF
DEADBEEF
DEADBEEF
DEADBEEF
DEADBEEF
DEADBEEF
DEADBEEF
DEADBEEF
DEADBEEF
DEADBEEF
DEADBEEF
DEADBEEF
DEADBEEF
DEADBEEF
DEADBEEF
DEADBEEF
DEADBEEF
DEADBEEF
DEADBEEF
DEADBEEF
DEADBEEF
DEADBEEF
DEADBEEF
DEADBEEF
DEADBEEF
DEADBEEF
DEADBEEF
DEADBEEF
DEADBEEF
DEADBEEF
DEADBEEF
DEADBEEF
DEADBEEF
DEADBEEF
DEADBEEF
DEADBEEF
DEADBEEF
DEADBEEF
DEADBEEF
DEADBEEF
DEADBEEF
DEADBEEF
DEADBEEF
DEADBEEF
DEADBEEF
DEADBEEF
DEADBEEF
DEADBEEF
DEADBEEF
DEADBEEF
DEADBEEF
DEADBEEF
DEADBEEF
DEADBEEF
DEADBEEF
DEADBEEF
DEADBEEF
DEADBEEF
DEADBEEF
DEADBEEF
DEADBEEF
DEADBEEF
DEADBEEF
DEADBEEF
DEADBEEF
DEADBEEF
DEADBEEF
DEADBEEF
DEADBEEF
DEADBEEF
DEADBEEF
DEADBEEF
DEADBEEF
DEADBEEF
DEADBEEF
DEADBEEF
DEADBEEF
DEADBEEF
DEADBEEF
DEADBEEF
DEADBEEF
DEADBEEF
DEADBEEF
DEADBEEF
DEADBEEF
DEADBEEF
DEADBEEF
DEADBEEF
DEADBEEF
DEADBEEF
DEADBEEF
DEADBEEF
DEADBEEF
DEADBEEF
DEADBEEF
DEADBEEF
DEADBEEF
DEADBEEF
DEADBEEF
DEADBEEF
DEADBEEF
DEADBEEF
DEADBEEF
DEADBEEF
DEADBEEF
DEADBEEF
DEADBEEF
DEADBEEF
DEADBEEF
DEADBEEF
DEADBEEF
DEADBEEF
DEADBEEF
DEADBEEF
DEADBEEF
DEADBEEF
DEADBEEF
DEADBEEF
DEADBEEF
DEADBEEF
DEADBEEF
DEADBEEF
DEADBEEF
DEADBEEF
DEADBEEF
DEADBEEF
DEADBEEF
DEADBEEF
DEADBEEF
DEADBEEF
DEADBEEF
DEADBEEF
DEADBEEF
DEADBEEF
DEADBEEF
DEADBEEF
DEADBEEF
DEADBEEF
DEADBEEF
DEADBEEF
DEADBEEF
DEADBEEF
DEADBEEF
DEADBEEF
DEADBEEF
DEADBEEF
DEADBEEF
DEADBEEF
DEADBEEF
DEADBEEF
DEADBEEF
DEADBEEF
DEADBEEF
DEADBEEF
DEADBEEF
DEADBEEF
DEADBEEF
DEADBEEF
DEADBEEF
DEADBEEF
DEADBEEF
DEADBEEF
DEADBEEF
DEADBEEF
DEADBEEF
DEADBEEF
DEADBEEF
DEADBEEF
DEADBEEF
DEADBEEF
DEADBEEF
DEADBEEF
DEADBEEF
DEADBEEF
DEADBEEF
DEADBEEF
DEADBEEF
DEADBEEF
DEADBEEF
DEADBEEF
DEADBEEF
DEADBEEF
DEADBEEF
DEADBEEF
DEADBEEF
DEADBEEF
DEADBEEF
DEADBEEF
DEADBEEF
DEADBEEF
DEADBEEF
DEADBEEF
DEADBEEF
DEADBEEF
DEADBEEF
DEADBEEF
DEADBEEF
DEADBEEF
DEADBEEF
DEADBEEF
DEADBEEF
DEADBEEF
DEADBEEF
DEADBEEF
DEADBEEF
DEADBEEF
DEADBEEF
DEADBEEF
DEADBEEF
DEADBEEF
DEADBEEF
DEADBEEF
DEADBEEF
DEADBEEF
DEADBEEF
DEADBEEF
DEADBEEF
DEADBEEF
DEADBEEF
DEADBEEF
DEADBEEF
DEADBEEF
DEADBEEF
DEADBEEF
DEADBEEF
DEADBEEF
DEADBEEF
DEADBEEF
DEADBEEF
DEADBEEF
DEADBEEF
DEADBEEF
DEADBEEF
DEADBEEF
DEADBEEF
DEADBEEF
DEADBEEF
DEADBEEF
DEADBEEF
DEADBEEF
DEADBEEF
DEADBEEF
DEADBEEF
DEADBEEF
DEADBEEF
DEADBEEF
DEADBEEF
DEADBEEF
DEADBEEF
DEADBEEF
DEADBEEF
DEADBEEF
DEADBEEF
DEADBEEF
DEADBEEF
DEADBEEF
DEADBEEF
DEADBEEF
DEADBEEF
DEADBEEF
DEADBEEF
DEADBEEF
DEADBEEF
DEADBEEF
DEADBEEF
DEADBEEF
DEADBEEF
DEADBEEF
DEADBEEF
DEADBEEF
DEADBEEF
DEADBEEF
DEADBEEF
DEADBEEF
DEADBEEF
DEADBEEF
DEADBEEF
DEADBEEF
DEADBEEF
DEADBEEF
DEADBEEF
DEADBEEF
DEADBEEF
DEADBEEF
DEADBEEF
DEADBEEF
DEADBEEF
DEADBEEF
DEADBEEF
DEADBEEF
DEADBEEF
DEADBEEF
DEADBEEF
DEADBEEF
DEADBEEF
DEADBEEF
DEADBEEF
DEADBEEF
DEADBEEF
DEADBEEF
DEADBEEF
DEADBEEF
DEADBEEF
DEADBEEF
DEADBEEF
DEADBEEF
DEADBEEF
DEADBEEF
DEADBEEF
DEADBEEF
DEADBEEF
DEADBEEF
DEADBEEF
DEADBEEF
DEADBEEF
DEADBEEF
DEADBEEF
DEADBEEF
DEADBEEF
DEADBEEF
DEADBEEF
DEADBEEF
DEADBEEF
DEADBEEF
DEADBEEF
DEADBEEF
DEADBEEF
DEADBEEF
DEADBEEF
DEADBEEF
DEADBEEF
DEADBEEF
DEADBEEF
DEADBEEF
DEADBEEF
DEADBEEF
DEADBEEF
DEADBEEF
DEADBEEF
DEADBEEF
DEADBEEF
DEADBEEF
DEADBEEF
DEADBEEF
DEADBEEF
DEADBEEF
DEADBEEF
DEADBEEF
DEADBEEF
DEADBEEF
DEADBEEF
DEADBEEF
DEADBEEF
DEADBEEF
DEADBEEF
DEADBEEF
DEADBEEF
DEADBEEF
DEADBEEF
DEADBEEF
DEADBEEF
DEADBEEF
DEADBEEF
DEADBEEF
DEADBEEF
DEADBEEF
DEADBEEF
DEADBEEF
DEADBEEF
DEADBEEF
DEADBEEF
DEADBEEF
DEADBEEF
DEADBEEF
DEADBEEF
DEADBEEF
DEADBEEF
DEADBEEF
DEADBEEF
DEADBEEF
DEADBEEF
DEADBEEF
DEADBEEF
DEADBEEF
DEADBEEF
DEADBEEF
DEADBEEF
DEADBEEF
DEADBEEF
DEADBEEF
DEADBEEF
DEADBEEF
DEADBEEF
DEADBEEF
DEADBEEF
DEADBEEF
DEADBEEF
DEADBEEF
DEADBEEF
DEADBEEF
DEADBEEF
DEADBEEF
DEADBEEF
DEADBEEF
DEADBEEF
DEADBEEF
DEADBEEF
DEADBEEF
DEADBEEF
DEADBEEF
DEADBEEF
DEADBEEF
DEADBEEF
DEADBEEF
DEADBEEF
DEADBEEF
DEADBEEF
DEADBEEF
DEADBEEF
DEADBEEF
DEADBEEF
DEADBEEF
DEADBEEF
DEADBEEF
DEADBEEF
DEADBEEF
DEADBEEF
DEADBEEF
DEADBEEF
DEADBEEF
DEADBEEF
DEADBEEF
DEADBEEF
DEADBEEF
DEADBEEF
DEADBEEF
DEADBEEF
DEADBEEF
DEADBEEF
DEADBEEF
DEADBEEF
DEADBEEF
DEADBEEF
DEADBEEF
DEADBEEF
DEADBEEF
DEADBEEF
DEADBEEF
DEADBEEF
DEADBEEF
DEADBEEF
DEADBEEF
DEADBEEF
DEADBEEF
DEADBEEF
DEADBEEF
DEADBEEF
DEADBEEF
DEADBEEF
DEADBEEF
DEADBEEF
DEADBEEF
DEADBEEF
DEADBEEF
DEADBEEF
DEADBEEF
DEADBEEF
DEADBEEF
DEADBEEF
DEADBEEF
DEADBEEF
DEADBEEF
DEADBEEF
DEADBEEF
DEADBEEF
DEADBEEF
DEADBEEF
DEADBEEF
DEADBEEF
DEADBEEF
DEADBEEF
DEADBEEF
DEADBEEF
DEADBEEF
DEADBEEF
DEADBEEF
DEADBEEF
DEADBEEF
DEADBEEF
DEADBEEF
DEADBEEF
DEADBEEF
DEADBEEF
DEADBEEF
DEADBEEF
DEADBEEF
DEADBEEF
DEADBEEF
DEADBEEF
DEADBEEF
DEADBEEF
DEADBEEF
DEADBEEF
DEADBEEF
DEADBEEF
DEADBEEF
DEADBEEF
DEADBEEF
DEADBEEF
DEADBEEF
DEADBEEF
DEADBEEF
DEADBEEF
DEADBEEF
DEADBEEF
DEADBEEF
DEADBEEF
DEADBEEF
DEADBEEF
DEADBEEF
DEADBEEF
DEADBEEF
DEADBEEF
DEADBEEF
DEADBEEF
DEADBEEF
DEADBEEF
DEADBEEF
DEADBEEF
DEADBEEF
DEADBEEF
DEADBEEF
DEADBEEF
DEADBEEF
DEADBEEF
DEADBEEF
DEADBEEF
DEADBEEF
DEADBEEF
DEADBEEF
DEADBEEF
DEADBEEF
DEADBEEF
DEADBEEF
DEADBEEF
DEADBEEF
DEADBEEF
DEADBEEF
DEADBEEF
DEADBEEF
DEADBEEF
DEADBEEF
DEADBEEF
DEADBEEF
DEADBEEF
DEADBEEF
DEADBEEF
DEADBEEF
DEADBEEF
DEADBEEF
DEADBEEF
DEADBEEF
DEADBEEF
DEADBEEF
DEADBEEF
DEADBEEF
DEADBEEF
DEADBEEF
DEADBEEF
DEADBEEF
DEADBEEF
DEADBEEF
DEADBEEF
DEADBEEF
DEADBEEF
DEADBEEF
DEADBEEF
DEADBEEF
DEADBEEF
DEADBEEF
DEADBEEF
DEADBEEF
DEADBEEF
DEADBEEF
DEADBEEF
DEADBEEF
DEADBEEF
DEADBEEF
DEADBEEF
DEADBEEF
DEADBEEF
DEADBEEF
DEADBEEF
DEADBEEF
DEADBEEF
DEADBEEF
DEADBEEF
DEADBEEF
DEADBEEF
DEADBEEF
DEADBEEF
DEADBEEF
DEADBEEF
DEADBEEF
DEADBEEF
DEADBEEF
DEADBEEF
DEADBEEF
DEADBEEF
DEADBEEF
DEADBEEF
DEADBEEF
DEADBEEF
DEADBEEF
DEADBEEF
DEADBEEF
DEADBEEF
DEADBEEF
DEADBEEF
DEADBEEF
DEADBEEF
DEADBEEF
DEADBEEF
DEADBEEF
DEADBEEF
DEADBEEF
DEADBEEF
DEADBEEF
DEADBEEF
DEADBEEF
DEADBEEF
DEADBEEF
DEADBEEF
DEADBEEF
DEADBEEF
DEADBEEF
DEADBEEF
DEADBEEF
DEADBEEF
DEADBEEF
DEADBEEF
DEADBEEF
DEADBEEF
DEADBEEF
DEADBEEF
DEADBEEF
DEADBEEF
DEADBEEF
DEADBEEF
DEADBEEF
DEADBEEF
DEADBEEF
DEADBEEF
DEADBEEF
DEADBEEF
DEADBEEF
DEADBEEF
DEADBEEF
DEADBEEF
DEADBEEF
DEADBEEF
DEADBEEF
DEADBEEF
DEADBEEF
DEADBEEF
DEADBEEF
DEADBEEF
DEADBEEF
DEADBEEF
DEADBEEF
DEADBEEF
DEADBEEF
DEADBEEF
DEADBEEF
DEADBEEF
DEADBEEF
DEADBEEF
DEADBEEF
DEADBEEF
DEADBEEF
DEADBEEF
DEADBEEF
DEADBEEF
DEADBEEF
DEADBEEF
DEADBEEF
DEADBEEF
DEADBEEF
DEADBEEF
DEADBEEF
DEADBEEF
DEADBEEF
DEADBEEF
DEADBEEF
DEADBEEF
DEADBEEF
DEADBEEF
DEADBEEF
DEADBEEF
DEADBEEF
DEADBEEF
DEADBEEF
DEADBEEF
DEADBEEF
DEADBEEF
DEADBEEF
DEADBEEF
DEADBEEF
DEADBEEF
DEADBEEF
DEADBEEF
DEADBEEF
DEADBEEF
DEADBEEF
DEADBEEF
DEADBEEF
DEADBEEF
DEADBEEF
DEADBEEF
DEADBEEF
DEADBEEF
DEADBEEF
DEADBEEF
DEADBEEF
DEADBEEF
DEADBEEF
DEADBEEF
DEADBEEF
DEADBEEF
DEADBEEF
DEADBEEF
DEADBEEF
DEADBEEF
DEADBEEF
DEADBEEF
DEADBEEF
DEADBEEF
DEADBEEF
DEADBEEF
DEADBEEF
DEADBEEF
DEADBEEF
DEADBEEF
DEADBEEF
DEADBEEF
DEADBEEF
DEADBEEF
DEADBEEF
DEADBEEF
DEADBEEF
DEADBEEF
DEADBEEF
DEADBEEF
DEADBEEF
DEADBEEF
DEADBEEF
DEADBEEF
DEADBEEF
DEADBEEF
DEADBEEF
DEADBEEF
DEADBEEF
DEADBEEF
DEADBEEF
DEADBEEF
DEADBEEF
DEADBEEF
DEADBEEF
DEADBEEF
DEADBEEF
DEADBEEF
DEADBEEF
DEADBEEF
DEADBEEF
DEADBEEF
DEADBEEF
DEADBEEF
DEADBEEF
DEADBEEF
DEADBEEF
DEADBEEF
DEADBEEF
DEADBEEF
DEADBEEF
DEADBEEF
DEADBEEF
DEADBEEF
DEADBEEF
DEADBEEF
DEADBEEF
DEADBEEF
DEADBEEF
DEADBEEF
DEADBEEF
DEADBEEF
DEADBEEF
DEADBEEF
DEADBEEF
DEADBEEF
DEADBEEF
DEADBEEF
DEADBEEF
DEADBEEF
DEADBEEF
DEADBEEF
DEADBEEF
DEADBEEF
DEADBEEF
DEADBEEF
DEADBEEF
DEADBEEF
DEADBEEF
DEADBEEF
DEADBEEF
DEADBEEF
DEADBEEF
DEADBEEF
DEADBEEF
DEADBEEF
DEADBEEF
DEADBEEF
DEADBEEF
DEADBEEF
DEADBEEF
DEADBEEF
DEADBEEF
DEADBEEF
DEADBEEF
DEADBEEF
DEADBEEF
DEADBEEF
DEADBEEF
DEADBEEF
DEADBEEF
DEADBEEF
DEADBEEF
DEADBEEF
DEADBEEF
DEADBEEF
DEADBEEF
DEADBEEF
DEADBEEF
DEADBEEF
DEADBEEF
DEADBEEF
DEADBEEF
DEADBEEF
DEADBEEF
DEADBEEF
DEADBEEF
DEADBEEF
DEADBEEF
DEADBEEF
DEADBEEF
DEADBEEF
DEADBEEF
DEADBEEF
DEADBEEF
DEADBEEF
DEADBEEF
DEADBEEF
DEADBEEF
DEADBEEF
DEADBEEF
DEADBEEF
DEADBEEF
DEADBEEF
DEADBEEF
DEADBEEF
DEADBEEF
DEADBEEF
DEADBEEF
DEADBEEF
DEADBEEF
DEADBEEF
DEADBEEF
DEADBEEF
DEADBEEF
DEADBEEF
DEADBEEF
DEADBEEF
DEADBEEF
DEADBEEF
DEADBEEF
DEADBEEF
DEADBEEF
DEADBEEF
DEADBEEF
DEADBEEF
DEADBEEF
DEADBEEF
DEADBEEF
DEADBEEF
DEADBEEF
DEADBEEF
DEADBEEF
DEADBEEF
DEADBEEF
DEADBEEF
DEADBEEF
DEADBEEF
DEADBEEF
DEADBEEF
DEADBEEF
DEADBEEF
DEADBEEF
DEADBEEF
DEADBEEF
DEADBEEF
DEADBEEF
DEADBEEF
DEADBEEF
DEADBEEF
DEADBEEF
DEADBEEF
DEADBEEF
DEADBEEF
DEADBEEF
DEADBEEF
DEADBEEF
DEADBEEF
DEADBEEF
DEADBEEF
DEADBEEF
DEADBEEF
DEADBEEF
DEADBEEF
DEADBEEF
DEADBEEF
DEADBEEF
DEADBEEF
DEADBEEF
DEADBEEF
DEADBEEF
DEADBEEF
DEADBEEF
DEADBEEF
DEADBEEF
DEADBEEF
DEADBEEF
DEADBEEF
DEADBEEF
DEADBEEF
DEADBEEF
DEADBEEF
DEADBEEF
DEADBEEF
DEADBEEF
DEADBEEF
DEADBEEF
DEADBEEF
DEADBEEF
DEADBEEF
DEADBEEF
DEADBEEF
DEADBEEF
DEADBEEF
DEADBEEF
DEADBEEF
DEADBEEF
DEADBEEF
DEADBEEF
DEADBEEF
DEADBEEF
DEADBEEF
DEADBEEF
DEADBEEF
DEADBEEF
DEADBEEF
DEADBEEF
DEADBEEF
DEADBEEF
DEADBEEF
DEADBEEF
DEADBEEF
DEADBEEF
DEADBEEF
DEADBEEF
DEADBEEF
DEADBEEF
DEADBEEF
DEADBEEF
DEADBEEF
DEADBEEF
DEADBEEF
DEADBEEF
DEADBEEF
DEADBEEF
DEADBEEF
DEADBEEF
DEADBEEF
DEADBEEF
DEADBEEF
DEADBEEF
DEADBEEF
DEADBEEF
DEADBEEF
DEADBEEF
DEADBEEF
DEADBEEF
DEADBEEF
DEADBEEF
DEADBEEF
DEADBEEF
DEADBEEF
DEADBEEF
DEADBEEF
DEADBEEF
DEADBEEF
DEADBEEF
DEADBEEF
DEADBEEF
DEADBEEF
DEADBEEF
DEADBEEF
DEADBEEF
DEADBEEF
DEADBEEF
DEADBEEF
DEADBEEF
DEADBEEF
DEADBEEF
DEADBEEF
DEADBEEF
DEADBEEF
DEADBEEF
DEADBEEF
DEADBEEF
DEADBEEF
DEADBEEF
DEADBEEF
DEADBEEF
DEADBEEF
DEADBEEF
DEADBEEF
DEADBEEF
DEADBEEF
DEADBEEF
DEADBEEF
DEADBEEF
DEADBEEF
DEADBEEF
DEADBEEF
DEADBEEF
DEADBEEF
DEADBEEF
DEADBEEF
DEADBEEF
DEADBEEF
DEADBEEF
DEADBEEF
DEADBEEF
DEADBEEF
DEADBEEF
DEADBEEF
DEADBEEF
DEADBEEF
DEADBEEF
DEADBEEF
DEADBEEF
DEADBEEF
DEADBEEF
DEADBEEF
DEADBEEF
DEADBEEF
DEADBEEF
DEADBEEF
DEADBEEF
DEADBEEF
DEADBEEF
DEADBEEF
DEADBEEF
DEADBEEF
DEADBEEF
DEADBEEF
DEADBEEF
DEADBEEF
DEADBEEF
DEADBEEF
DEADBEEF
DEADBEEF
DEADBEEF
DEADBEEF
DEADBEEF
DEADBEEF
DEADBEEF
DEADBEEF
DEADBEEF
DEADBEEF
DEADBEEF
DEADBEEF
DEADBEEF
DEADBEEF
DEADBEEF
DEADBEEF
DEADBEEF
DEADBEEF
DEADBEEF
DEADBEEF
DEADBEEF
DEADBEEF
DEADBEEF
DEADBEEF
DEADBEEF
DEADBEEF
DEADBEEF
DEADBEEF
DEADBEEF
DEADBEEF
DEADBEEF
DEADBEEF
DEADBEEF
DEADBEEF
DEADBEEF
DEADBEEF
DEADBEEF
DEADBEEF
DEADBEEF
DEADBEEF
DEADBEEF
DEADBEEF
DEADBEEF
DEADBEEF
DEADBEEF
DEADBEEF
DEADBEEF
DEADBEEF
DEADBEEF
DEADBEEF
DEADBEEF
DEADBEEF
DEADBEEF
DEADBEEF
DEADBEEF
DEADBEEF
DEADBEEF
DEADBEEF
DEADBEEF
DEADBEEF
DEADBEEF
DEADBEEF
DEADBEEF
DEADBEEF
DEADBEEF
DEADBEEF
DEADBEEF
DEADBEEF
DEADBEEF
DEADBEEF
DEADBEEF
DEADBEEF
DEADBEEF
DEADBEEF
DEADBEEF
DEADBEEF
DEADBEEF
DEADBEEF
DEADBEEF
DEADBEEF
DEADBEEF
DEADBEEF
DEADBEEF
DEADBEEF
DEADBEEF
DEADBEEF
DEADBEEF
DEADBEEF
DEADBEEF
DEADBEEF
DEADBEEF
DEADBEEF
DEADBEEF
DEADBEEF
DEADBEEF
DEADBEEF
DEADBEEF
DEADBEEF
DEADBEEF
DEADBEEF
DEADBEEF
DEADBEEF
DEADBEEF
DEADBEEF
DEADBEEF
DEADBEEF
DEADBEEF
DEADBEEF
DEADBEEF
DEADBEEF
DEADBEEF
DEADBEEF
DEADBEEF
DEADBEEF
DEADBEEF
DEADBEEF
DEADBEEF
DEADBEEF
DEADBEEF
DEADBEEF
DEADBEEF
DEADBEEF
DEADBEEF
DEADBEEF
DEADBEEF
DEADBEEF
DEADBEEF
DEADBEEF
DEADBEEF
DEADBEEF
DEADBEEF
DEADBEEF
DEADBEEF
DEADBEEF
DEADBEEF
DEADBEEF
DEADBEEF
DEADBEEF
DEADBEEF
DEADBEEF
DEADBEEF
DEADBEEF
DEADBEEF
DEADBEEF
DEADBEEF
DEADBEEF
DEADBEEF
DEADBEEF
DEADBEEF
DEADBEEF
DEADBEEF
DEADBEEF
DEADBEEF
DEADBEEF
DEADBEEF
DEADBEEF
DEADBEEF
DEADBEEF
DEADBEEF
DEADBEEF
DEADBEEF
DEADBEEF
DEADBEEF
DEADBEEF
DEADBEEF
DEADBEEF
DEADBEEF
DEADBEEF
DEADBEEF
DEADBEEF
DEADBEEF
DEADBEEF
DEADBEEF
DEADBEEF
DEADBEEF
DEADBEEF
DEADBEEF
DEADBEEF
DEADBEEF
DEADBEEF
DEADBEEF
DEADBEEF
DEADBEEF
DEADBEEF
DEADBEEF
DEADBEEF
DEADBEEF
DEADBEEF
DEADBEEF
DEADBEEF
DEADBEEF
DEADBEEF
DEADBEEF
DEADBEEF
DEADBEEF
DEADBEEF
DEADBEEF
DEADBEEF
DEADBEEF
DEADBEEF
DEADBEEF
DEADBEEF
DEADBEEF
DEADBEEF
DEADBEEF
DEADBEEF
DEADBEEF
DEADBEEF
DEADBEEF
DEADBEEF
DEADBEEF
DEADBEEF
DEADBEEF
DEADBEEF
DEADBEEF
DEADBEEF
DEADBEEF
DEADBEEF
DEADBEEF
DEADBEEF
DEADBEEF
DEADBEEF
DEADBEEF
DEADBEEF
DEADBEEF
DEADBEEF
DEADBEEF
DEADBEEF
DEADBEEF
DEADBEEF
DEADBEEF
DEADBEEF
DEADBEEF
DEADBEEF
DEADBEEF
DEADBEEF
DEADBEEF
DEADBEEF
DEADBEEF
DEADBEEF
DEADBEEF
DEADBEEF
DEADBEEF
DEADBEEF
DEADBEEF
DEADBEEF
DEADBEEF
DEADBEEF
DEADBEEF
DEADBEEF
DEADBEEF
DEADBEEF
DEADBEEF
DEADBEEF
DEADBEEF
DEADBEEF
DEADBEEF
DEADBEEF
DEADBEEF
DEADBEEF
DEADBEEF
DEADBEEF
DEADBEEF
DEADBEEF
DEADBEEF
DEADBEEF
DEADBEEF
DEADBEEF
DEADBEEF
DEADBEEF
DEADBEEF
DEADBEEF
DEADBEEF
DEADBEEF
DEADBEEF
DEADBEEF
DEADBEEF
DEADBEEF
DEADBEEF
DEADBEEF
DEADBEEF
DEADBEEF
DEADBEEF
DEADBEEF
DEADBEEF
DEADBEEF
DEADBEEF
DEADBEEF
DEADBEEF
DEADBEEF
DEADBEEF
DEADBEEF
DEADBEEF
DEADBEEF
DEADBEEF
DEADBEEF
DEADBEEF
DEADBEEF
DEADBEEF
DEADBEEF
DEADBEEF
DEADBEEF
DEADBEEF
DEADBEEF
DEADBEEF
DEADBEEF
DEADBEEF
DEADBEEF
DEADBEEF
DEADBEEF
DEADBEEF
DEADBEEF
DEADBEEF
DEADBEEF
DEADBEEF
DEADBEEF
DEADBEEF
DEADBEEF
DEADBEEF
DEADBEEF
DEADBEEF
DEADBEEF
DEADBEEF
DEADBEEF
DEADBEEF
DEADBEEF
DEADBEEF
DEADBEEF
DEADBEEF
DEADBEEF
DEADBEEF
DEADBEEF
DEADBEEF
DEADBEEF
DEADBEEF
DEADBEEF
DEADBEEF
DEADBEEF
DEADBEEF
DEADBEEF
DEADBEEF
DEADBEEF
DEADBEEF
DEADBEEF
DEADBEEF
DEADBEEF
DEADBEEF
DEADBEEF
DEADBEEF
DEADBEEF
DEADBEEF
DEADBEEF
DEADBEEF
DEADBEEF
DEADBEEF
DEADBEEF
DEADBEEF
DEADBEEF
DEADBEEF
DEADBEEF
DEADBEEF
DEADBEEF
DEADBEEF
DEADBEEF
DEADBEEF
DEADBEEF
DEADBEEF
DEADBEEF
DEADBEEF
DEADBEEF
DEADBEEF
DEADBEEF
DEADBEEF
DEADBEEF
DEADBEEF
DEADBEEF
DEADBEEF
DEADBEEF
DEADBEEF
DEADBEEF
DEADBEEF
DEADBEEF
DEADBEEF
DEADBEEF
DEADBEEF
DEADBEEF
DEADBEEF
DEADBEEF
DEADBEEF
DEADBEEF
DEADBEEF
DEADBEEF
DEADBEEF
DEADBEEF
DEADBEEF
DEADBEEF
DEADBEEF
DEADBEEF
DEADBEEF
DEADBEEF
DEADBEEF
DEADBEEF
DEADBEEF
DEADBEEF
DEADBEEF
DEADBEEF
DEADBEEF
DEADBEEF
DEADBEEF
DEADBEEF
DEADBEEF
DEADBEEF
DEADBEEF
DEADBEEF
DEADBEEF
DEADBEEF
DEADBEEF
DEADBEEF
DEADBEEF
DEADBEEF
DEADBEEF
DEADBEEF
DEADBEEF
DEADBEEF
DEADBEEF
DEADBEEF
DEADBEEF
DEADBEEF
DEADBEEF
DEADBEEF
DEADBEEF
DEADBEEF
DEADBEEF
DEADBEEF
DEADBEEF
DEADBEEF
DEADBEEF
DEADBEEF
DEADBEEF
DEADBEEF
DEADBEEF
DEADBEEF
DEADBEEF
DEADBEEF
DEADBEEF
DEADBEEF
DEADBEEF
DEADBEEF
DEADBEEF
DEADBEEF
DEADBEEF
DEADBEEF
DEADBEEF
DEADBEEF
DEADBEEF
DEADBEEF
DEADBEEF
DEADBEEF
DEADBEEF
DEADBEEF
DEADBEEF
DEADBEEF
DEADBEEF
DEADBEEF
DEADBEEF
DEADBEEF
DEADBEEF
DEADBEEF
DEADBEEF
DEADBEEF
DEADBEEF
DEADBEEF
DEADBEEF
DEADBEEF
DEADBEEF
DEADBEEF
DEADBEEF
DEADBEEF
DEADBEEF
DEADBEEF
DEADBEEF
DEADBEEF
DEADBEEF
DEADBEEF
DEADBEEF
DEADBEEF
DEADBEEF
DEADBEEF
DEADBEEF
DEADBEEF
DEADBEEF
DEADBEEF
DEADBEEF
DEADBEEF
DEADBEEF
DEADBEEF
DEADBEEF
DEADBEEF
DEADBEEF
DEADBEEF
DEADBEEF
DEADBEEF
DEADBEEF
DEADBEEF
DEADBEEF
DEADBEEF
DEADBEEF
DEADBEEF
DEADBEEF
DEADBEEF
DEADBEEF
DEADBEEF
DEADBEEF
DEADBEEF
DEADBEEF
DEADBEEF
DEADBEEF
DEADBEEF
DEADBEEF
DEADBEEF
DEADBEEF
DEADBEEF
DEADBEEF
DEADBEEF
DEADBEEF
DEADBEEF
DEADBEEF
DEADBEEF
DEADBEEF
DEADBEEF
DEADBEEF
DEADBEEF
DEADBEEF
DEADBEEF
DEADBEEF
DEADBEEF
DEADBEEF
DEADBEEF
DEADBEEF
DEADBEEF
DEADBEEF
DEADBEEF
DEADBEEF
DEADBEEF
DEADBEEF
DEADBEEF
DEADBEEF
DEADBEEF
DEADBEEF
DEADBEEF
DEADBEEF
DEADBEEF
DEADBEEF
DEADBEEF
DEADBEEF
DEADBEEF
DEADBEEF
DEADBEEF
DEADBEEF
DEADBEEF
DEADBEEF
DEADBEEF
DEADBEEF
DEADBEEF
DEADBEEF
DEADBEEF
DEADBEEF
DEADBEEF
DEADBEEF
DEADBEEF
DEADBEEF
DEADBEEF
DEADBEEF
DEADBEEF
DEADBEEF
DEADBEEF
DEADBEEF
DEADBEEF
DEADBEEF
DEADBEEF
DEADBEEF
DEADBEEF
DEADBEEF
DEADBEEF
DEADBEEF
DEADBEEF
DEADBEEF
DEADBEEF
DEADBEEF
DEADBEEF
DEADBEEF
DEADBEEF
DEADBEEF
DEADBEEF
DEADBEEF
DEADBEEF
DEADBEEF
DEADBEEF
DEADBEEF
DEADBEEF
DEADBEEF
DEADBEEF
DEADBEEF
DEADBEEF
DEADBEEF
DEADBEEF
DEADBEEF
DEADBEEF
DEADBEEF
DEADBEEF
DEADBEEF
DEADBEEF
DEADBEEF
DEADBEEF
DEADBEEF
DEADBEEF
DEADBEEF
DEADBEEF
DEADBEEF
DEADBEEF
DEADBEEF
DEADBEEF
DEADBEEF
DEADBEEF
DEADBEEF
DEADBEEF
DEADBEEF
DEADBEEF
DEADBEEF
DEADBEEF
DEADBEEF
DEADBEEF
DEADBEEF
DEADBEEF
DEADBEEF
DEADBEEF
DEADBEEF
DEADBEEF
DEADBEEF
DEADBEEF
DEADBEEF
DEADBEEF
DEADBEEF
DEADBEEF
DEADBEEF
DEADBEEF
DEADBEEF
DEADBEEF
DEADBEEF
DEADBEEF
DEADBEEF
DEADBEEF
DEADBEEF
DEADBEEF
DEADBEEF
DEADBEEF
DEADBEEF
DEADBEEF
DEADBEEF
DEADBEEF
DEADBEEF
DEADBEEF
DEADBEEF
DEADBEEF
DEADBEEF
DEADBEEF
DEADBEEF
DEADBEEF
DEADBEEF
DEADBEEF
DEADBEEF
DEADBEEF
DEADBEEF
DEADBEEF
DEADBEEF
DEADBEEF
DEADBEEF
DEADBEEF
DEADBEEF
DEADBEEF
DEADBEEF
DEADBEEF
DEADBEEF
DEADBEEF
DEADBEEF
DEADBEEF
DEADBEEF
DEADBEEF
DEADBEEF
DEADBEEF
DEADBEEF
DEADBEEF
DEADBEEF
DEADBEEF
DEADBEEF
DEADBEEF
DEADBEEF
DEADBEEF
DEADBEEF
DEADBEEF
DEADBEEF
DEADBEEF
DEADBEEF
DEADBEEF
DEADBEEF
DEADBEEF
DEADBEEF
DEADBEEF
DEADBEEF
DEADBEEF
DEADBEEF
DEADBEEF
DEADBEEF
DEADBEEF
DEADBEEF
DEADBEEF
DEADBEEF
DEADBEEF
DEADBEEF
DEADBEEF
DEADBEEF
DEADBEEF
DEADBEEF
DEADBEEF
DEADBEEF
DEADBEEF
DEADBEEF
DEADBEEF
DEADBEEF
DEADBEEF
DEADBEEF
DEADBEEF
DEADBEEF
DEADBEEF
DEADBEEF
DEADBEEF
DEADBEEF
DEADBEEF
DEADBEEF
DEADBEEF
DEADBEEF
DEADBEEF
DEADBEEF
DEADBEEF
DEADBEEF
DEADBEEF
DEADBEEF
DEADBEEF
DEADBEEF
DEADBEEF
DEADBEEF
DEADBEEF
DEADBEEF
DEADBEEF
DEADBEEF
DEADBEEF
DEADBEEF
DEADBEEF
DEADBEEF
DEADBEEF
DEADBEEF
DEADBEEF
DEADBEEF
DEADBEEF
DEADBEEF
DEADBEEF
DEADBEEF
DEADBEEF
DEADBEEF
DEADBEEF
DEADBEEF
DEADBEEF
DEADBEEF
DEADBEEF
DEADBEEF
DEADBEEF
DEADBEEF
DEADBEEF
DEADBEEF
DEADBEEF
DEADBEEF
DEADBEEF
DEADBEEF
DEADBEEF
DEADBEEF
DEADBEEF
DEADBEEF
DEADBEEF
DEADBEEF
DEADBEEF
DEADBEEF
DEADBEEF
DEADBEEF
DEADBEEF
DEADBEEF
DEADBEEF
DEADBEEF
DEADBEEF
DEADBEEF
DEADBEEF
DEADBEEF
DEADBEEF
DEADBEEF
DEADBEEF
DEADBEEF
DEADBEEF
DEADBEEF
DEADBEEF
DEADBEEF
DEADBEEF
DEADBEEF
DEADBEEF
DEADBEEF
DEADBEEF
DEADBEEF
DEADBEEF
DEADBEEF
DEADBEEF
DEADBEEF
DEADBEEF
DEADBEEF
DEADBEEF
DEADBEEF
DEADBEEF
DEADBEEF
DEADBEEF
DEADBEEF
DEADBEEF
DEADBEEF
DEADBEEF
DEADBEEF
DEADBEEF
DEADBEEF
DEADBEEF
DEADBEEF
DEADBEEF
DEADBEEF
DEADBEEF
DEADBEEF
DEADBEEF
DEADBEEF
DEADBEEF
DEADBEEF
DEADBEEF
DEADBEEF
DEADBEEF
DEADBEEF
DEADBEEF
DEADBEEF
DEADBEEF
DEADBEEF
DEADBEEF
DEADBEEF
DEADBEEF
DEADBEEF
DEADBEEF
DEADBEEF
DEADBEEF
DEADBEEF
DEADBEEF
DEADBEEF
DEADBEEF
DEADBEEF
DEADBEEF
DEADBEEF
DEADBEEF
DEADBEEF
DEADBEEF
DEADBEEF
DEADBEEF
DEADBEEF
DEADBEEF
DEADBEEF
DEADBEEF
DEADBEEF
DEADBEEF
DEADBEEF
DEADBEEF
DEADBEEF
DEADBEEF
DEADBEEF
DEADBEEF
DEADBEEF
DEADBEEF
DEADBEEF
DEADBEEF
DEADBEEF
DEADBEEF
DEADBEEF
DEADBEEF
DEADBEEF
DEADBEEF
DEADBEEF
DEADBEEF
DEADBEEF
DEADBEEF
DEADBEEF
DEADBEEF
DEADBEEF
DEADBEEF
DEADBEEF
DEADBEEF
DEADBEEF
DEADBEEF
DEADBEEF
DEADBEEF
DEADBEEF
DEADBEEF
DEADBEEF
DEADBEEF
DEADBEEF
DEADBEEF
DEADBEEF
DEADBEEF
DEADBEEF
DEADBEEF
DEADBEEF
DEADBEEF
DEADBEEF
DEADBEEF
DEADBEEF
DEADBEEF
DEADBEEF
DEADBEEF
DEADBEEF
DEADBEEF
DEADBEEF
DEADBEEF
DEADBEEF
DEADBEEF
DEADBEEF
DEADBEEF
DEADBEEF
DEADBEEF
DEADBEEF
DEADBEEF
DEADBEEF
DEADBEEF
DEADBEEF
DEADBEEF
DEADBEEF
DEADBEEF
DEADBEEF
DEADBEEF
DEADBEEF
DEADBEEF
DEADBEEF
DEADBEEF
DEADBEEF
DEADBEEF
DEADBEEF
DEADBEEF
DEADBEEF
DEADBEEF
DEADBEEF
DEADBEEF
DEADBEEF
DEADBEEF
DEADBEEF
DEADBEEF
DEADBEEF
DEADBEEF
DEADBEEF
DEADBEEF
DEADBEEF
DEADBEEF
DEADBEEF
DEADBEEF
DEADBEEF
DEADBEEF
DEADBEEF
DEADBEEF
DEADBEEF
DEADBEEF
DEADBEEF
DEADBEEF
DEADBEEF
DEADBEEF
DEADBEEF
DEADBEEF
DEADBEEF
DEADBEEF
DEADBEEF
DEADBEEF
DEADBEEF
DEADBEEF
DEADBEEF
DEADBEEF
DEADBEEF
DEADBEEF
DEADBEEF
DEADBEEF
DEADBEEF
DEADBEEF
DEADBEEF
DEADBEEF
DEADBEEF
DEADBEEF
DEADBEEF
DEADBEEF
DEADBEEF
DEADBEEF
DEADBEEF
DEADBEEF
DEADBEEF
DEADBEEF
DEADBEEF
DEADBEEF
DEADBEEF
DEADBEEF
DEADBEEF
DEADBEEF
DEADBEEF
DEADBEEF
DEADBEEF
DEADBEEF
DEADBEEF
DEADBEEF
DEADBEEF
DEADBEEF
DEADBEEF
DEADBEEF
DEADBEEF
DEADBEEF
DEADBEEF
DEADBEEF
DEADBEEF
DEADBEEF
DEADBEEF
DEADBEEF
DEADBEEF
DEADBEEF
DEADBEEF
DEADBEEF
DEADBEEF
DEADBEEF
DEADBEEF
DEADBEEF
DEADBEEF
DEADBEEF
DEADBEEF
DEADBEEF
DEADBEEF
DEADBEEF
DEADBEEF
DEADBEEF
DEADBEEF
DEADBEEF
DEADBEEF
DEADBEEF
DEADBEEF
DEADBEEF
DEADBEEF
DEADBEEF
DEADBEEF
DEADBEEF
DEADBEEF
DEADBEEF
DEADBEEF
DEADBEEF
DEADBEEF
DEADBEEF
DEADBEEF
DEADBEEF
DEADBEEF
DEADBEEF
DEADBEEF
DEADBEEF
DEADBEEF
DEADBEEF
DEADBEEF
DEADBEEF
DEADBEEF
DEADBEEF
DEADBEEF
DEADBEEF
DEADBEEF
DEADBEEF
DEADBEEF
DEADBEEF
DEADBEEF
DEADBEEF
DEADBEEF
DEADBEEF
DEADBEEF
DEADBEEF
DEADBEEF
DEADBEEF
DEADBEEF
DEADBEEF
DEADBEEF
DEADBEEF
DEADBEEF
DEADBEEF
DEADBEEF
DEADBEEF
DEADBEEF
DEADBEEF
DEADBEEF
DEADBEEF
DEADBEEF
DEADBEEF
DEADBEEF
DEADBEEF
DEADBEEF
DEADBEEF
DEADBEEF
DEADBEEF
DEADBEEF
DEADBEEF
DEADBEEF
DEADBEEF
DEADBEEF
DEADBEEF
DEADBEEF
DEADBEEF
DEADBEEF
DEADBEEF
DEADBEEF
DEADBEEF
DEADBEEF
DEADBEEF
DEADBEEF
DEADBEEF
DEADBEEF
DEADBEEF
DEADBEEF
DEADBEEF
DEADBEEF
DEADBEEF
DEADBEEF
DEADBEEF
DEADBEEF
DEADBEEF
DEADBEEF
DEADBEEF
DEADBEEF
DEADBEEF
DEADBEEF
DEADBEEF
DEADBEEF
DEADBEEF
DEADBEEF
DEADBEEF
DEADBEEF
DEADBEEF
DEADBEEF
DEADBEEF
DEADBEEF
DEADBEEF
DEADBEEF
DEADBEEF
DEADBEEF
DEADBEEF
DEADBEEF
DEADBEEF
DEADBEEF
DEADBEEF
DEADBEEF
DEADBEEF
DEADBEEF
DEADBEEF
DEADBEEF
DEADBEEF
DEADBEEF
DEADBEEF
DEADBEEF
DEADBEEF
DEADBEEF
DEADBEEF
DEADBEEF
DEADBEEF
DEADBEEF
DEADBEEF
DEADBEEF
DEADBEEF
DEADBEEF
DEADBEEF
DEADBEEF
DEADBEEF
DEADBEEF
DEADBEEF
DEADBEEF
DEADBEEF
DEADBEEF
DEADBEEF
DEADBEEF
DEADBEEF
DEADBEEF
DEADBEEF
DEADBEEF
DEADBEEF
DEADBEEF
DEADBEEF
DEADBEEF
DEADBEEF
DEADBEEF
DEADBEEF
DEADBEEF
DEADBEEF
DEADBEEF
DEADBEEF
DEADBEEF
DEADBEEF
DEADBEEF
DEADBEEF
DEADBEEF
DEADBEEF
DEADBEEF
DEADBEEF
DEADBEEF
DEADBEEF
DEADBEEF
DEADBEEF
DEADBEEF
DEADBEEF
DEADBEEF
DEADBEEF
DEADBEEF
DEADBEEF
DEADBEEF
DEADBEEF
DEADBEEF
DEADBEEF
DEADBEEF
DEADBEEF
DEADBEEF
DEADBEEF
DEADBEEF
DEADBEEF
DEADBEEF
DEADBEEF
DEADBEEF
DEADBEEF
DEADBEEF
DEADBEEF
DEADBEEF
DEADBEEF
DEADBEEF
DEADBEEF
DEADBEEF
DEADBEEF
DEADBEEF
DEADBEEF
DEADBEEF
DEADBEEF
DEADBEEF
DEADBEEF
DEADBEEF
DEADBEEF
DEADBEEF
DEADBEEF
DEADBEEF
DEADBEEF
DEADBEEF
DEADBEEF
DEADBEEF
DEADBEEF
DEADBEEF
DEADBEEF
DEADBEEF
DEADBEEF
DEADBEEF
DEADBEEF
DEADBEEF
DEADBEEF
DEADBEEF
DEADBEEF
DEADBEEF
DEADBEEF
DEADBEEF
DEADBEEF
DEADBEEF
DEADBEEF
DEADBEEF
DEADBEEF
DEADBEEF
DEADBEEF
DEADBEEF
DEADBEEF
DEADBEEF
DEADBEEF
DEADBEEF
DEADBEEF
DEADBEEF
DEADBEEF
DEADBEEF
DEADBEEF
DEADBEEF
DEADBEEF
DEADBEEF
DEADBEEF
DEADBEEF
DEADBEEF
DEADBEEF
DEADBEEF
DEADBEEF
DEADBEEF
DEADBEEF
DEADBEEF
DEADBEEF
DEADBEEF
DEADBEEF
DEADBEEF
DEADBEEF
DEADBEEF
DEADBEEF
DEADBEEF
DEADBEEF
DEADBEEF
DEADBEEF
DEADBEEF
DEADBEEF
DEADBEEF
DEADBEEF
DEADBEEF
DEADBEEF
DEADBEEF
DEADBEEF
DEADBEEF
DEADBEEF
DEADBEEF
DEADBEEF
DEADBEEF
DEADBEEF
DEADBEEF
DEADBEEF
DEADBEEF
DEADBEEF
DEADBEEF
DEADBEEF
DEADBEEF
DEADBEEF
DEADBEEF
DEADBEEF
DEADBEEF
DEADBEEF
DEADBEEF
DEADBEEF
DEADBEEF
DEADBEEF
DEADBEEF
DEADBEEF
DEADBEEF
DEADBEEF
DEADBEEF
DEADBEEF
DEADBEEF
DEADBEEF
DEADBEEF
DEADBEEF
DEADBEEF
DEADBEEF
DEADBEEF
DEADBEEF
DEADBEEF
DEADBEEF
DEADBEEF
DEADBEEF
DEADBEEF
DEADBEEF
DEADBEEF
DEADBEEF
DEADBEEF
DEADBEEF
DEADBEEF
DEADBEEF
DEADBEEF
DEADBEEF
DEADBEEF
DEADBEEF
DEADBEEF
DEADBEEF
DEADBEEF
DEADBEEF
DEADBEEF
DEADBEEF
DEADBEEF
DEADBEEF
DEADBEEF
DEADBEEF
DEADBEEF
DEADBEEF
DEADBEEF
DEADBEEF
DEADBEEF
DEADBEEF
DEADBEEF
DEADBEEF
DEADBEEF
DEADBEEF
DEADBEEF
DEADBEEF
DEADBEEF
DEADBEEF
DEADBEEF
DEADBEEF
DEADBEEF
DEADBEEF
DEADBEEF
DEADBEEF
DEADBEEF
DEADBEEF
DEADBEEF
DEADBEEF
DEADBEEF
DEADBEEF
DEADBEEF
DEADBEEF
DEADBEEF
DEADBEEF
DEADBEEF
DEADBEEF
DEADBEEF
DEADBEEF
DEADBEEF
DEADBEEF
DEADBEEF
DEADBEEF
DEADBEEF
DEADBEEF
DEADBEEF
DEADBEEF
DEADBEEF
DEADBEEF
DEADBEEF
DEADBEEF
DEADBEEF
DEADBEEF
DEADBEEF
DEADBEEF
DEADBEEF
DEADBEEF
DEADBEEF
DEADBEEF
DEADBEEF
DEADBEEF
DEADBEEF
DEADBEEF
DEADBEEF
DEADBEEF
DEADBEEF
DEADBEEF
DEADBEEF
DEADBEEF
DEADBEEF
DEADBEEF
DEADBEEF
DEADBEEF
DEADBEEF
DEADBEEF
DEADBEEF
DEADBEEF
DEADBEEF
DEADBEEF
DEADBEEF
DEADBEEF
DEADBEEF
DEADBEEF
DEADBEEF
DEADBEEF
DEADBEEF
DEADBEEF
DEADBEEF
DEADBEEF
DEADBEEF
DEADBEEF
DEADBEEF
DEADBEEF
DEADBEEF
DEADBEEF
DEADBEEF
DEADBEEF
DEADBEEF
DEADBEEF
DEADBEEF
DEADBEEF
DEADBEEF
DEADBEEF
DEADBEEF
DEADBEEF
DEADBEEF
DEADBEEF
DEADBEEF
DEADBEEF
DEADBEEF
DEADBEEF
DEADBEEF
DEADBEEF
DEADBEEF
DEADBEEF
DEADBEEF
DEADBEEF
DEADBEEF
DEADBEEF
DEADBEEF
DEADBEEF
DEADBEEF
DEADBEEF
DEADBEEF
DEADBEEF
DEADBEEF
DEADBEEF
DEADBEEF
DEADBEEF
DEADBEEF
DEADBEEF
DEADBEEF
DEADBEEF
DEADBEEF
DEADBEEF
DEADBEEF
DEADBEEF
DEADBEEF
DEADBEEF
DEADBEEF
DEADBEEF
DEADBEEF
DEADBEEF
DEADBEEF
DEADBEEF
DEADBEEF
DEADBEEF
DEADBEEF
DEADBEEF
DEADBEEF
DEADBEEF
DEADBEEF
DEADBEEF
DEADBEEF
DEADBEEF
DEADBEEF
DEADBEEF
DEADBEEF
DEADBEEF
DEADBEEF
DEADBEEF
DEADBEEF
DEADBEEF
DEADBEEF
DEADBEEF
DEADBEEF
DEADBEEF
DEADBEEF
DEADBEEF
DEADBEEF
DEADBEEF
DEADBEEF
DEADBEEF
DEADBEEF
DEADBEEF
DEADBEEF
DEADBEEF
DEADBEEF
DEADBEEF
DEADBEEF
DEADBEEF
DEADBEEF
DEADBEEF
DEADBEEF
DEADBEEF
DEADBEEF
DEADBEEF
DEADBEEF
DEADBEEF
DEADBEEF
DEADBEEF
DEADBEEF
DEADBEEF
DEADBEEF
DEADBEEF
DEADBEEF
DEADBEEF
DEADBEEF
DEADBEEF
DEADBEEF
DEADBEEF
DEADBEEF
DEADBEEF
DEADBEEF
DEADBEEF
DEADBEEF
DEADBEEF
DEADBEEF
DEADBEEF
DEADBEEF
DEADBEEF
DEADBEEF
DEADBEEF
DEADBEEF
DEADBEEF
DEADBEEF
DEADBEEF
DEADBEEF
DEADBEEF
DEADBEEF
DEADBEEF
DEADBEEF
DEADBEEF
DEADBEEF
DEADBEEF
DEADBEEF
DEADBEEF
DEADBEEF
DEADBEEF
DEADBEEF
DEADBEEF
DEADBEEF
DEADBEEF
DEADBEEF
DEADBEEF
DEADBEEF
DEADBEEF
DEADBEEF
DEADBEEF
DEADBEEF
DEADBEEF
DEADBEEF
DEADBEEF
DEADBEEF
DEADBEEF
DEADBEEF
DEADBEEF
DEADBEEF
DEADBEEF
DEADBEEF
DEADBEEF
DEADBEEF
DEADBEEF
DEADBEEF
DEADBEEF
DEADBEEF
DEADBEEF
DEADBEEF
DEADBEEF
DEADBEEF
DEADBEEF
DEADBEEF
DEADBEEF
DEADBEEF
DEADBEEF
DEADBEEF
DEADBEEF
DEADBEEF
DEADBEEF
DEADBEEF
DEADBEEF
DEADBEEF
DEADBEEF
DEADBEEF
DEADBEEF
DEADBEEF
DEADBEEF
DEADBEEF
DEADBEEF
DEADBEEF
DEADBEEF
DEADBEEF
DEADBEEF
DEADBEEF
DEADBEEF
DEADBEEF
DEADBEEF
DEADBEEF
DEADBEEF
DEADBEEF
DEADBEEF
DEADBEEF
DEADBEEF
DEADBEEF
DEADBEEF
DEADBEEF
DEADBEEF
DEADBEEF
DEADBEEF
DEADBEEF
DEADBEEF
DEADBEEF
DEADBEEF
DEADBEEF
DEADBEEF
DEADBEEF
DEADBEEF
DEADBEEF
DEADBEEF
DEADBEEF
DEADBEEF
DEADBEEF
DEADBEEF
DEADBEEF
DEADBEEF
DEADBEEF
DEADBEEF
DEADBEEF
DEADBEEF
DEADBEEF
DEADBEEF
DEADBEEF
DEADBEEF
DEADBEEF
DEADBEEF
DEADBEEF
DEADBEEF
DEADBEEF
DEADBEEF
DEADBEEF
DEADBEEF
DEADBEEF
DEADBEEF
DEADBEEF
DEADBEEF
DEADBEEF
DEADBEEF
DEADBEEF
DEADBEEF
DEADBEEF
DEADBEEF
DEADBEEF
DEADBEEF
DEADBEEF
DEADBEEF
DEADBEEF
DEADBEEF
DEADBEEF
DEADBEEF
DEADBEEF
DEADBEEF
DEADBEEF
DEADBEEF
DEADBEEF
DEADBEEF
DEADBEEF
DEADBEEF
DEADBEEF
DEADBEEF
DEADBEEF
DEADBEEF
DEADBEEF
DEADBEEF
DEADBEEF
DEADBEEF
DEADBEEF
DEADBEEF
DEADBEEF
DEADBEEF
DEADBEEF
DEADBEEF
DEADBEEF
DEADBEEF
DEADBEEF
DEADBEEF
DEADBEEF
DEADBEEF
DEADBEEF
DEADBEEF
DEADBEEF
DEADBEEF
DEADBEEF
DEADBEEF
DEADBEEF
DEADBEEF
DEADBEEF
DEADBEEF
DEADBEEF
DEADBEEF
DEADBEEF
DEADBEEF
DEADBEEF
DEADBEEF
DEADBEEF
DEADBEEF
DEADBEEF
DEADBEEF
DEADBEEF
DEADBEEF
DEADBEEF
DEADBEEF
DEADBEEF
DEADBEEF
DEADBEEF
DEADBEEF
DEADBEEF
DEADBEEF
DEADBEEF
DEADBEEF
DEADBEEF
DEADBEEF
DEADBEEF
DEADBEEF
DEADBEEF
DEADBEEF
DEADBEEF
DEADBEEF
DEADBEEF
DEADBEEF
DEADBEEF
DEADBEEF
DEADBEEF
DEADBEEF
DEADBEEF
DEADBEEF
DEADBEEF
DEADBEEF
DEADBEEF
DEADBEEF
DEADBEEF
DEADBEEF
DEADBEEF
DEADBEEF
DEADBEEF
DEADBEEF
DEADBEEF
DEADBEEF
DEADBEEF
DEADBEEF
DEADBEEF
DEADBEEF
DEADBEEF
DEADBEEF
DEADBEEF
DEADBEEF
DEADBEEF
DEADBEEF
DEADBEEF
DEADBEEF
DEADBEEF
DEADBEEF
DEADBEEF
DEADBEEF
DEADBEEF
DEADBEEF
DEADBEEF
DEADBEEF
DEADBEEF
DEADBEEF
DEADBEEF
DEADBEEF
DEADBEEF
DEADBEEF
DEADBEEF
DEADBEEF
DEADBEEF
DEADBEEF
DEADBEEF
DEADBEEF
DEADBEEF
DEADBEEF
DEADBEEF
DEADBEEF
DEADBEEF
DEADBEEF
DEADBEEF
DEADBEEF
DEADBEEF
DEADBEEF
DEADBEEF
DEADBEEF
DEADBEEF
DEADBEEF
DEADBEEF
DEADBEEF
DEADBEEF
DEADBEEF
DEADBEEF
DEADBEEF
DEADBEEF
DEADBEEF
DEADBEEF
DEADBEEF
DEADBEEF
DEADBEEF
DEADBEEF
DEADBEEF
DEADBEEF
DEADBEEF
DEADBEEF
DEADBEEF
DEADBEEF
DEADBEEF
DEADBEEF
DEADBEEF
DEADBEEF
DEADBEEF
DEADBEEF
DEADBEEF
DEADBEEF
DEADBEEF
DEADBEEF
DEADBEEF
DEADBEEF
DEADBEEF
DEADBEEF
DEADBEEF
DEADBEEF
DEADBEEF
DEADBEEF
DEADBEEF
DEADBEEF
DEADBEEF
DEADBEEF
DEADBEEF
DEADBEEF
DEADBEEF
DEADBEEF
DEADBEEF
DEADBEEF
DEADBEEF
DEADBEEF
DEADBEEF
DEADBEEF
DEADBEEF
DEADBEEF
DEADBEEF
DEADBEEF
DEADBEEF
DEADBEEF
DEADBEEF
DEADBEEF
DEADBEEF
DEADBEEF
DEADBEEF
DEADBEEF
DEADBEEF
DEADBEEF
DEADBEEF
DEADBEEF
DEADBEEF
DEADBEEF
DEADBEEF
DEADBEEF
DEADBEEF
DEADBEEF
DEADBEEF
DEADBEEF
DEADBEEF
DEADBEEF
DEADBEEF
DEADBEEF
DEADBEEF
DEADBEEF
DEADBEEF
DEADBEEF
DEADBEEF
DEADBEEF
DEADBEEF
DEADBEEF
DEADBEEF
DEADBEEF
DEADBEEF
DEADBEEF
DEADBEEF
DEADBEEF
DEADBEEF
DEADBEEF
DEADBEEF
DEADBEEF
DEADBEEF
DEADBEEF
DEADBEEF
DEADBEEF
DEADBEEF
DEADBEEF
DEADBEEF
DEADBEEF
DEADBEEF
DEADBEEF
DEADBEEF
DEADBEEF
DEADBEEF
DEADBEEF
DEADBEEF
DEADBEEF
DEADBEEF
DEADBEEF
DEADBEEF
DEADBEEF
DEADBEEF
DEADBEEF
DEADBEEF
DEADBEEF
DEADBEEF
DEADBEEF
DEADBEEF
DEADBEEF
DEADBEEF
DEADBEEF
DEADBEEF
DEADBEEF
DEADBEEF
DEADBEEF
DEADBEEF
DEADBEEF
DEADBEEF
DEADBEEF
DEADBEEF
DEADBEEF
DEADBEEF
DEADBEEF
DEADBEEF
DEADBEEF
DEADBEEF
DEADBEEF
DEADBEEF
DEADBEEF
DEADBEEF
DEADBEEF
DEADBEEF
DEADBEEF
DEADBEEF
DEADBEEF
DEADBEEF
DEADBEEF
DEADBEEF
DEADBEEF
DEADBEEF
DEADBEEF
DEADBEEF
DEADBEEF
DEADBEEF
DEADBEEF
DEADBEEF
DEADBEEF
DEADBEEF
DEADBEEF
DEADBEEF
DEADBEEF
DEADBEEF
DEADBEEF
DEADBEEF
DEADBEEF
DEADBEEF
DEADBEEF
DEADBEEF
DEADBEEF
DEADBEEF
DEADBEEF
DEADBEEF
DEADBEEF
DEADBEEF
DEADBEEF
DEADBEEF
DEADBEEF
DEADBEEF
DEADBEEF
DEADBEEF
DEADBEEF
DEADBEEF
DEADBEEF
DEADBEEF
DEADBEEF
DEADBEEF
DEADBEEF
DEADBEEF
DEADBEEF
DEADBEEF
DEADBEEF
DEADBEEF
DEADBEEF
DEADBEEF
DEADBEEF
DEADBEEF
DEADBEEF
DEADBEEF
DEADBEEF
DEADBEEF
DEADBEEF
DEADBEEF
DEADBEEF
DEADBEEF
DEADBEEF
DEADBEEF
DEADBEEF
DEADBEEF
DEADBEEF
DEADBEEF
DEADBEEF
DEADBEEF
DEADBEEF
DEADBEEF
DEADBEEF
DEADBEEF
DEADBEEF
DEADBEEF
DEADBEEF
DEADBEEF
DEADBEEF
DEADBEEF
DEADBEEF
DEADBEEF
DEADBEEF
DEADBEEF
DEADBEEF
DEADBEEF
DEADBEEF
DEADBEEF
DEADBEEF
DEADBEEF
DEADBEEF
DEADBEEF
DEADBEEF
DEADBEEF
DEADBEEF
DEADBEEF
DEADBEEF
DEADBEEF
DEADBEEF
DEADBEEF
DEADBEEF
DEADBEEF
DEADBEEF
DEADBEEF
DEADBEEF
DEADBEEF
DEADBEEF
DEADBEEF
DEADBEEF
DEADBEEF
DEADBEEF
DEADBEEF
DEADBEEF
DEADBEEF
DEADBEEF
DEADBEEF
DEADBEEF
DEADBEEF
DEADBEEF
DEADBEEF
DEADBEEF
DEADBEEF
DEADBEEF
DEADBEEF
DEADBEEF
DEADBEEF
DEADBEEF
DEADBEEF
DEADBEEF
DEADBEEF
DEADBEEF
DEADBEEF
DEADBEEF
DEADBEEF
DEADBEEF
DEADBEEF
DEADBEEF
DEADBEEF
DEADBEEF
DEADBEEF
DEADBEEF
DEADBEEF
DEADBEEF
DEADBEEF
DEADBEEF
DEADBEEF
DEADBEEF
DEADBEEF
DEADBEEF
DEADBEEF
DEADBEEF
DEADBEEF
DEADBEEF
DEADBEEF
DEADBEEF
DEADBEEF
DEADBEEF
DEADBEEF
DEADBEEF
DEADBEEF
DEADBEEF
DEADBEEF
DEADBEEF
DEADBEEF
DEADBEEF
DEADBEEF
DEADBEEF
DEADBEEF
DEADBEEF
DEADBEEF
DEADBEEF
DEADBEEF
DEADBEEF
DEADBEEF
DEADBEEF
DEADBEEF
DEADBEEF
DEADBEEF
DEADBEEF
DEADBEEF
DEADBEEF
DEADBEEF
DEADBEEF
DEADBEEF
DEADBEEF
DEADBEEF
DEADBEEF
DEADBEEF
DEADBEEF
DEADBEEF
DEADBEEF
DEADBEEF
DEADBEEF
DEADBEEF
DEADBEEF
DEADBEEF
DEADBEEF
DEADBEEF
DEADBEEF
DEADBEEF
DEADBEEF
DEADBEEF
DEADBEEF
DEADBEEF
DEADBEEF
DEADBEEF
DEADBEEF
DEADBEEF
DEADBEEF
DEADBEEF
DEADBEEF
DEADBEEF
DEADBEEF
DEADBEEF
DEADBEEF
DEADBEEF
DEADBEEF
DEADBEEF
DEADBEEF
DEADBEEF
DEADBEEF
DEADBEEF
DEADBEEF
DEADBEEF
DEADBEEF
DEADBEEF
DEADBEEF
DEADBEEF
DEADBEEF
DEADBEEF
DEADBEEF
DEADBEEF
DEADBEEF
DEADBEEF
DEADBEEF
DEADBEEF
DEADBEEF
DEADBEEF
DEADBEEF
DEADBEEF
DEADBEEF
DEADBEEF
DEADBEEF
DEADBEEF
DEADBEEF
DEADBEEF
DEADBEEF
DEADBEEF
DEADBEEF
DEADBEEF
DEADBEEF
DEADBEEF
DEADBEEF
DEADBEEF
DEADBEEF
DEADBEEF
DEADBEEF
DEADBEEF
DEADBEEF
DEADBEEF
DEADBEEF
DEADBEEF
DEADBEEF
DEADBEEF
DEADBEEF
DEADBEEF
DEADBEEF
DEADBEEF
DEADBEEF
DEADBEEF
DEADBEEF
DEADBEEF
DEADBEEF
DEADBEEF
DEADBEEF
DEADBEEF
DEADBEEF
DEADBEEF
DEADBEEF
DEADBEEF
DEADBEEF
DEADBEEF
DEADBEEF
DEADBEEF
DEADBEEF
DEADBEEF
DEADBEEF
DEADBEEF
DEADBEEF
DEADBEEF
DEADBEEF
DEADBEEF
DEADBEEF
DEADBEEF
DEADBEEF
DEADBEEF
DEADBEEF
DEADBEEF
DEADBEEF
DEADBEEF
DEADBEEF
DEADBEEF
DEADBEEF
DEADBEEF
DEADBEEF
DEADBEEF
DEADBEEF
DEADBEEF
DEADBEEF
DEADBEEF
DEADBEEF
DEADBEEF
DEADBEEF
DEADBEEF
DEADBEEF
DEADBEEF
DEADBEEF
DEADBEEF
DEADBEEF
DEADBEEF
DEADBEEF
DEADBEEF
DEADBEEF
DEADBEEF
DEADBEEF
DEADBEEF
DEADBEEF
DEADBEEF
DEADBEEF
DEADBEEF
DEADBEEF
DEADBEEF
DEADBEEF
DEADBEEF
DEADBEEF
DEADBEEF
DEADBEEF
DEADBEEF
DEADBEEF
DEADBEEF
DEADBEEF
DEADBEEF
DEADBEEF
DEADBEEF
DEADBEEF
DEADBEEF
DEADBEEF
DEADBEEF
DEADBEEF
DEADBEEF
DEADBEEF
DEADBEEF
DEADBEEF
DEADBEEF
DEADBEEF
DEADBEEF
DEADBEEF
DEADBEEF
DEADBEEF
DEADBEEF
DEADBEEF
DEADBEEF
DEADBEEF
DEADBEEF
DEADBEEF
DEADBEEF
DEADBEEF
DEADBEEF
DEADBEEF
DEADBEEF
DEADBEEF
DEADBEEF
DEADBEEF
DEADBEEF
DEADBEEF
DEADBEEF
DEADBEEF
DEADBEEF
DEADBEEF
DEADBEEF
DEADBEEF
DEADBEEF
DEADBEEF
DEADBEEF
DEADBEEF
DEADBEEF
DEADBEEF
DEADBEEF
DEADBEEF
DEADBEEF
DEADBEEF
DEADBEEF
DEADBEEF
DEADBEEF
DEADBEEF
DEADBEEF
DEADBEEF
DEADBEEF
DEADBEEF
DEADBEEF
DEADBEEF
DEADBEEF
DEADBEEF
DEADBEEF
DEADBEEF
DEADBEEF
DEADBEEF
DEADBEEF
DEADBEEF
DEADBEEF
DEADBEEF
DEADBEEF
DEADBEEF
DEADBEEF
DEADBEEF
DEADBEEF
DEADBEEF
DEADBEEF
DEADBEEF
DEADBEEF
DEADBEEF
DEADBEEF
DEADBEEF
DEADBEEF
DEADBEEF
DEADBEEF
DEADBEEF
DEADBEEF
DEADBEEF
DEADBEEF
DEADBEEF
DEADBEEF
DEADBEEF
DEADBEEF
DEADBEEF
DEADBEEF
DEADBEEF
DEADBEEF
DEADBEEF
DEADBEEF
DEADBEEF
DEADBEEF
DEADBEEF
DEADBEEF
DEADBEEF
DEADBEEF
DEADBEEF
DEADBEEF
DEADBEEF
DEADBEEF
DEADBEEF
DEADBEEF
DEADBEEF
DEADBEEF
DEADBEEF
DEADBEEF
DEADBEEF
DEADBEEF
DEADBEEF
DEADBEEF
DEADBEEF
DEADBEEF
DEADBEEF
DEADBEEF
DEADBEEF
DEADBEEF
DEADBEEF
DEADBEEF
DEADBEEF
DEADBEEF
DEADBEEF
DEADBEEF
DEADBEEF
DEADBEEF
DEADBEEF
DEADBEEF
DEADBEEF
DEADBEEF
DEADBEEF
DEADBEEF
DEADBEEF
DEADBEEF
DEADBEEF
DEADBEEF
DEADBEEF
DEADBEEF
DEADBEEF
DEADBEEF
DEADBEEF
DEADBEEF
DEADBEEF
DEADBEEF
DEADBEEF
DEADBEEF
DEADBEEF
DEADBEEF
DEADBEEF
DEADBEEF
DEADBEEF
DEADBEEF
DEADBEEF
DEADBEEF
DEADBEEF
DEADBEEF
DEADBEEF
DEADBEEF
DEADBEEF
DEADBEEF
DEADBEEF
DEADBEEF
DEADBEEF
DEADBEEF
DEADBEEF
DEADBEEF
DEADBEEF
DEADBEEF
DEADBEEF
DEADBEEF
DEADBEEF
DEADBEEF
DEADBEEF
DEADBEEF
DEADBEEF
DEADBEEF
DEADBEEF
DEADBEEF
DEADBEEF
DEADBEEF
DEADBEEF
DEADBEEF
DEADBEEF
DEADBEEF
DEADBEEF
DEADBEEF
DEADBEEF
DEADBEEF
DEADBEEF
DEADBEEF
DEADBEEF
DEADBEEF
DEADBEEF
DEADBEEF
DEADBEEF
DEADBEEF
DEADBEEF
DEADBEEF
DEADBEEF
DEADBEEF
DEADBEEF
DEADBEEF
DEADBEEF
DEADBEEF
DEADBEEF
DEADBEEF
DEADBEEF
DEADBEEF
DEADBEEF
DEADBEEF
DEADBEEF
DEADBEEF
DEADBEEF
DEADBEEF
DEADBEEF
DEADBEEF
DEADBEEF
DEADBEEF
DEADBEEF
DEADBEEF
DEADBEEF
DEADBEEF
DEADBEEF
DEADBEEF
DEADBEEF
DEADBEEF
DEADBEEF
DEADBEEF
DEADBEEF
DEADBEEF
DEADBEEF
DEADBEEF
DEADBEEF
DEADBEEF
DEADBEEF
DEADBEEF
DEADBEEF
DEADBEEF
DEADBEEF
DEADBEEF
DEADBEEF
DEADBEEF
DEADBEEF
DEADBEEF
DEADBEEF
DEADBEEF
DEADBEEF
DEADBEEF
DEADBEEF
DEADBEEF
DEADBEEF
DEADBEEF
DEADBEEF
DEADBEEF
DEADBEEF
DEADBEEF
DEADBEEF
DEADBEEF
DEADBEEF
DEADBEEF
DEADBEEF
DEADBEEF
DEADBEEF
DEADBEEF
DEADBEEF
DEADBEEF
DEADBEEF
DEADBEEF
DEADBEEF
DEADBEEF
DEADBEEF
DEADBEEF
DEADBEEF
DEADBEEF
DEADBEEF
DEADBEEF
DEADBEEF
DEADBEEF
DEADBEEF
DEADBEEF
DEADBEEF
DEADBEEF
DEADBEEF
DEADBEEF
DEADBEEF
DEADBEEF
DEADBEEF
DEADBEEF
DEADBEEF
DEADBEEF
DEADBEEF
DEADBEEF
DEADBEEF
DEADBEEF
DEADBEEF
DEADBEEF
DEADBEEF
DEADBEEF
DEADBEEF
DEADBEEF
DEADBEEF
DEADBEEF
DEADBEEF
DEADBEEF
DEADBEEF
DEADBEEF
DEADBEEF
DEADBEEF
DEADBEEF
DEADBEEF
DEADBEEF
DEADBEEF
DEADBEEF
DEADBEEF
DEADBEEF
DEADBEEF
DEADBEEF
DEADBEEF
DEADBEEF
DEADBEEF
DEADBEEF
DEADBEEF
DEADBEEF
DEADBEEF
DEADBEEF
DEADBEEF
DEADBEEF
DEADBEEF
DEADBEEF
DEADBEEF
DEADBEEF
DEADBEEF
DEADBEEF
DEADBEEF
DEADBEEF
DEADBEEF
DEADBEEF
DEADBEEF
DEADBEEF
DEADBEEF
DEADBEEF
DEADBEEF
DEADBEEF
DEADBEEF
DEADBEEF
DEADBEEF
DEADBEEF
DEADBEEF
DEADBEEF
DEADBEEF
DEADBEEF
DEADBEEF
DEADBEEF
DEADBEEF
DEADBEEF
DEADBEEF
DEADBEEF
DEADBEEF
DEADBEEF
DEADBEEF
DEADBEEF
DEADBEEF
DEADBEEF
DEADBEEF
DEADBEEF
DEADBEEF
DEADBEEF
DEADBEEF
DEADBEEF
DEADBEEF
DEADBEEF
DEADBEEF
DEADBEEF
DEADBEEF
DEADBEEF
DEADBEEF
DEADBEEF
DEADBEEF
DEADBEEF
DEADBEEF
DEADBEEF
DEADBEEF
DEADBEEF
DEADBEEF
DEADBEEF
DEADBEEF
DEADBEEF
DEADBEEF
DEADBEEF
DEADBEEF
DEADBEEF
DEADBEEF
DEADBEEF
DEADBEEF
DEADBEEF
DEADBEEF
DEADBEEF
DEADBEEF
DEADBEEF
DEADBEEF
DEADBEEF
DEADBEEF
DEADBEEF
DEADBEEF
DEADBEEF
DEADBEEF
DEADBEEF
DEADBEEF
DEADBEEF
DEADBEEF
DEADBEEF
DEADBEEF
DEADBEEF
DEADBEEF
DEADBEEF
DEADBEEF
DEADBEEF
DEADBEEF
DEADBEEF
DEADBEEF
DEADBEEF
DEADBEEF
DEADBEEF
DEADBEEF
DEADBEEF
DEADBEEF
DEADBEEF
DEADBEEF
DEADBEEF
DEADBEEF
DEADBEEF
DEADBEEF
DEADBEEF
DEADBEEF
DEADBEEF
DEADBEEF
DEADBEEF
DEADBEEF
DEADBEEF
DEADBEEF
DEADBEEF
DEADBEEF
DEADBEEF
DEADBEEF
DEADBEEF
DEADBEEF
DEADBEEF
DEADBEEF
DEADBEEF
DEADBEEF
DEADBEEF
DEADBEEF
DEADBEEF
DEADBEEF
DEADBEEF
DEADBEEF
DEADBEEF
DEADBEEF
DEADBEEF
DEADBEEF
DEADBEEF
DEADBEEF
DEADBEEF
DEADBEEF
DEADBEEF
DEADBEEF
DEADBEEF
DEADBEEF
DEADBEEF
DEADBEEF
DEADBEEF
DEADBEEF
DEADBEEF
DEADBEEF
DEADBEEF
DEADBEEF
DEADBEEF
DEADBEEF
DEADBEEF
DEADBEEF
DEADBEEF
DEADBEEF
DEADBEEF
DEADBEEF
DEADBEEF
DEADBEEF
DEADBEEF
DEADBEEF
DEADBEEF
DEADBEEF
DEADBEEF
DEADBEEF
DEADBEEF
DEADBEEF
DEADBEEF
DEADBEEF
DEADBEEF
DEADBEEF
DEADBEEF
DEADBEEF
DEADBEEF
DEADBEEF
DEADBEEF
DEADBEEF
DEADBEEF
DEADBEEF
DEADBEEF
DEADBEEF
DEADBEEF
DEADBEEF
DEADBEEF
DEADBEEF
DEADBEEF
DEADBEEF
DEADBEEF
DEADBEEF
DEADBEEF
DEADBEEF
DEADBEEF
DEADBEEF
DEADBEEF
DEADBEEF
DEADBEEF
DEADBEEF
DEADBEEF
DEADBEEF
DEADBEEF
DEADBEEF
DEADBEEF
DEADBEEF
DEADBEEF
DEADBEEF
DEADBEEF
DEADBEEF
DEADBEEF
DEADBEEF
DEADBEEF
DEADBEEF
DEADBEEF
DEADBEEF
DEADBEEF
DEADBEEF
DEADBEEF
DEADBEEF
DEADBEEF
DEADBEEF
DEADBEEF
DEADBEEF
DEADBEEF
DEADBEEF
DEADBEEF
DEADBEEF
DEADBEEF
DEADBEEF
DEADBEEF
DEADBEEF
DEADBEEF
DEADBEEF
DEADBEEF
DEADBEEF
DEADBEEF
DEADBEEF
DEADBEEF
DEADBEEF
DEADBEEF
DEADBEEF
DEADBEEF
DEADBEEF
DEADBEEF
DEADBEEF
DEADBEEF
DEADBEEF
DEADBEEF
DEADBEEF
DEADBEEF
DEADBEEF
DEADBEEF
DEADBEEF
DEADBEEF
DEADBEEF
DEADBEEF
DEADBEEF
DEADBEEF
DEADBEEF
DEADBEEF
DEADBEEF
DEADBEEF
DEADBEEF
DEADBEEF
DEADBEEF
DEADBEEF
DEADBEEF
DEADBEEF
DEADBEEF
DEADBEEF
DEADBEEF
DEADBEEF
DEADBEEF
DEADBEEF
DEADBEEF
DEADBEEF
DEADBEEF
DEADBEEF
DEADBEEF
DEADBEEF
DEADBEEF
DEADBEEF
DEADBEEF
DEADBEEF
DEADBEEF
DEADBEEF
DEADBEEF
DEADBEEF
DEADBEEF
DEADBEEF
DEADBEEF
DEADBEEF
DEADBEEF
DEADBEEF
DEADBEEF
DEADBEEF
DEADBEEF
DEADBEEF
DEADBEEF
DEADBEEF
DEADBEEF
DEADBEEF
DEADBEEF
DEADBEEF
DEADBEEF
DEADBEEF
DEADBEEF
DEADBEEF
DEADBEEF
DEADBEEF
DEADBEEF
DEADBEEF
DEADBEEF
DEADBEEF
DEADBEEF
DEADBEEF
DEADBEEF
DEADBEEF
DEADBEEF
DEADBEEF
DEADBEEF
DEADBEEF
DEADBEEF
DEADBEEF
DEADBEEF
DEADBEEF
DEADBEEF
DEADBEEF
DEADBEEF
DEADBEEF
DEADBEEF
DEADBEEF
DEADBEEF
DEADBEEF
DEADBEEF
DEADBEEF
DEADBEEF
DEADBEEF
DEADBEEF
DEADBEEF
DEADBEEF
DEADBEEF
DEADBEEF
DEADBEEF
DEADBEEF
DEADBEEF
DEADBEEF
DEADBEEF
DEADBEEF
DEADBEEF
DEADBEEF
DEADBEEF
DEADBEEF
DEADBEEF
DEADBEEF
DEADBEEF
DEADBEEF
DEADBEEF
DEADBEEF
DEADBEEF
DEADBEEF
DEADBEEF
DEADBEEF
DEADBEEF
DEADBEEF
DEADBEEF
DEADBEEF
DEADBEEF
DEADBEEF
DEADBEEF
DEADBEEF
DEADBEEF
DEADBEEF
DEADBEEF
DEADBEEF
DEADBEEF
DEADBEEF
DEADBEEF
DEADBEEF
DEADBEEF
DEADBEEF
DEADBEEF
DEADBEEF
DEADBEEF
DEADBEEF
DEADBEEF
DEADBEEF
DEADBEEF
DEADBEEF
DEADBEEF
DEADBEEF
DEADBEEF
DEADBEEF
DEADBEEF
DEADBEEF
DEADBEEF
DEADBEEF
DEADBEEF
DEADBEEF
DEADBEEF
DEADBEEF
DEADBEEF
DEADBEEF
DEADBEEF
DEADBEEF
DEADBEEF
DEADBEEF
DEADBEEF
DEADBEEF
6F5CA309
00000000
00000000
00000000

00000000
00000000
00000000
00000000

02000737
00072023
FFFC3397
1DC38393
00038067
FFF00713
020043B7
00E3A023
00E3A223
FFFC3397
1C038393
00038067
10000737
000700A3
0C200737
00470713
00072383
00772023
0C002737
00072023
FFFC3397
19438393
00038067
00200393
3443B073
0200C737
00072023
FFFC3397
17838393
00038067
FFFC3397
16C38393
00038067
20000413
34443073
34402473
00001337
80030313
00647433
02830463
10000737
000700A3
0C201737
00470713
00072383
00772023
0C002737
08070713
00072023
FFFC3397
12038393
00038067
FFFC2317
35430313
00030067
FFFC3397
10838393
00038067
FFFC2317
33C30313
00030067
FFFC3397
0F038393
00038067
FFFC2317
32430313
00030067
FFFC3397
0D838393
00038067
10000337
00330313
00300393
00730023
30401073
34401073
34101073
34301073
34201073
00000013
FFFC7317
FD030313
00000013
00000013
00000013
00000013
00000013
00000013
34031473
24832823
FFF00393
020044B7
0074A023
0074A223
00000013
00000393
22732C23
30502473
24832423
00347393
FFC3F393
23032483
E2848493
0074E3B3
24732023
30539073
30502773
0E770C63
30541073
0A040863
24832023
FFC47393
1D838413
00030113
00000013
00000013
00000013
00000013
00000013
00000013
00000717
04C70713
00000013
00000013
00000013
00000013
00000013
00000013
00000797
0A478793
00000013
00000013
00000013
00000013
00000013
00000013
00F3F663
00877463
03C0006F
0003A783
00F32023
0004A703
00E3A023
0003A783
00E79A63
00438393
00430313
00448493
FC741EE3
00000013
34002373
22932823
04740263
00038413
00000013
00000013
00000013
00000013
00000013
00000013
FFFC2797
1B478793
00000013
00000013
00000013
00000013
00000013
00000013
00078067
00000013
000022B7
80028293
30029073
31001073
0F000293
30A29073
31A01073
32001073
32301073
32401073
32501073
32601073
32701073
32801073
32901073
32A01073
32B01073
32C01073
32D01073
32E01073
32F01073
33001073
33101073
33201073
33301073
33401073
33501073
33601073
33701073
33801073
33901073
33A01073
33B01073
33C01073
33D01073
33E01073
33F01073
FFF00293
30629073
00300513
00000073
00000013
00000013
00000013
00000013
00000013
FFFC7317
DA830313
00000013
00000013
00000013
00000013
00000013
00000013
00032023
FEEDC0B7
EAD08093
01909793
0070D113
00F16133
01911793
00715193
00F1E1B3
01919793
0071D213
00F26233
01921793
00725293
00F2E2B3
01929793
0072D313
00F36333
01931793
00735393
00F3E3B3
01939793
0073D413
00F46433
01941793
00745493
00F4E4B3
01949793
0074D513
00F56533
01951793
00755593
00F5E5B3
01959793
0075D613
00F66633
01961793
00765693
00F6E6B3
01969793
0076D713
00F76733
FAB807B7
BB678793
7D5C0837
DDB80813
01981793
00785893
00F8E8B3
01989793
0078D913
00F96933
01991793
00795993
00F9E9B3
01999793
0079DA13
00FA6A33
019A1793
007A5A93
00FAEAB3
019A9793
007ADB13
00FB6B33
019B1793
007B5B93
00FBEBB3
019B9793
007BDC13
00FC6C33
019C1793
007C5C93
00FCECB3
019C9793
007CDD13
00FD6D33
019D1793
007D5D93
00FDEDB3
019D9793
007DDE13
00FE6E33
019E1793
007E5E93
00FEEEB3
019E9793
007EDF13
00FF6F33
019F1793
007F5F93
00FFEFB3
00000013
00000013
00000013
00000013
00000013
FFFD0117
C5010113
00000013
00000013
00000013
00000013
00000013
00000013
6F5CA337
30930313
00000013
00000013
00000013
00000013
00000013
00000013
FFFC3197
FA818193
00000013
00000013
00000013
00000013
00000013
00000013
00012203
00620863
000182E7
80041520
800106F7
00410113
00000013
00000013
FFFC7197
E3018193
00000013
00000013
00000013
00000013
00000013
00000013
FFFBF317
AA030313
00000013
00000013
00000013
00000013
00000013
00000013
00030067
00054303
02030463
100003B7
00538393
0003C403
02047413
FE040CE3
100003B7
00638023
00150513
FD9FF06F
00008067
FF010113
00112023
00812223
00000097
FC4080E7
00412403
00012083
01010113
00008067
00100093
FFFDF297
B9428293
0012A023
0002A223
0000006F
0000006F
00300093
FFFDF297
B7828293
0012A023
0002A223
0000006F
0000006F
00100513
020005B7
00A5A023
00008067
020005B7
0005A023
00008067
00700513
0C0005B7
02A5A423
40000513
0C0025B7
00A5A023
0C2005B7
0005A023
00200513
100005B7
00A580A3
00008067
100005B7
000580A3
0C2005B7
00458593
0005A503
00A5A023
0C0025B7
0005A023
00008067
00000013
00000013
00000013
00000013
00000013
00000013
00000013
00000013
