@0
00041097
11808093
00000013
00000013
00000013
00000013
00000013
00000013
000080E7
00000013
00000013
00000013
00000013
00000013
00000013
00000013
@40
0001A003
00418193
0001AF83
00418193
01F03433
00012203
00820863
44C052EF
80000050
80008FD0
00410113
0001A083
00418193
0001A803
00418193
0100B733
00012203
00E20863
420052EF
8000007C
80008FFE
00410113
00010F13
0001A103
00418193
0001AD03
00418193
01A13FB3
000F2203
01F20863
3F0052EF
800000AC
8000902C
004F0F13
00018893
0008A183
00488893
0008A903
00488893
0121B6B3
000F2203
00D20863
3C0052EF
800000DC
8000905A
004F0F13
00020693
00028713
0008A203
00488893
0008AB03
00488893
016234B3
000F2683
00968863
3CC0576F
80000110
80009088
004F0F13
0008A283
00488893
0008A003
00488893
0002B3B3
000F2683
00768863
3A00576F
8000013C
800090B6
004F0F13
0008A303
00488893
0008A283
00488893
00533AB3
000F2683
01568863
3740576F
80000168
800090E4
004F0F13
0008A383
00488893
0008AD03
00488893
01A3BDB3
000F2683
01B68863
3480576F
80000194
80009112
004F0F13
0008A403
00488893
0008AE83
00488893
01D43333
000F2683
00668863
31C0576F
800001C0
80009140
004F0F13
0008A483
00488893
0008AC83
00488893
0194B433
000F2683
00868863
2F00576F
800001EC
8000916E
004F0F13
0008A503
00488893
0008AC83
00488893
01953C33
000F2683
01868863
2C40576F
80000218
8000919D
004F0F13
0008A583
00488893
0008A003
00488893
0005B9B3
000F2683
01368863
2980576F
80000244
800091CD
004F0F13
0008A603
00488893
0008AD03
00488893
01A63CB3
000F2683
01968863
26C0576F
80000270
800091FD
004F0F13
00068393
00070413
0008A683
00488893
0008AE83
00488893
01D6BCB3
000F2383
01938863
2100546F
800002A4
8000922D
004F0F13
0008A703
00488893
0008AD03
00488893
01A735B3
000F2383
00B38863
1E40546F
800002D0
8000925D
004F0F13
0008A783
00488893
0008A503
00488893
00A7B733
000F2383
00E38863
1B80546F
800002FC
8000928D
004F0F13
0008A803
00488893
0008A183
00488893
003832B3
000F2383
00538863
18C0546F
80000328
800092BD
004F0F13
00088D93
000DA883
004D8D93
000DAF83
004D8D93
01F8B2B3
000F2383
00538863
15C0546F
80000358
800092ED
004F0F13
000DA903
004D8D93
000DAE03
004D8D93
01C93BB3
000F2383
01738863
1300546F
80000384
8000931D
004F0F13
000DA983
004D8D93
000DAC83
004D8D93
0199B0B3
000F2383
00138863
1040546F
800003B0
8000934D
004F0F13
000DAA03
004D8D93
000DA683
004D8D93
00DA30B3
000F2383
00138863
0D80546F
800003DC
8000937D
004F0F13
000DAA83
004D8D93
000DA503
004D8D93
00AAB133
000F2383
00238863
0AC0546F
80000408
800093AD
004F0F13
000DAB03
004D8D93
000DA783
004D8D93
00FB3633
000F2383
00C38863
0800546F
80000434
800093DD
004F0F13
000DAB83
004D8D93
000DA183
004D8D93
003BB5B3
000F2383
00B38863
0540546F
80000460
8000940D
004F0F13
000DAC03
004D8D93
000DA003
004D8D93
000C39B3
000F2383
01338863
0280546F
8000048C
8000943D
004F0F13
000DAC83
004D8D93
000DA283
004D8D93
005CB233
000F2383
00438863
7FD0446F
800004B8
8000946D
004F0F13
000DAD03
004D8D93
000DA803
004D8D93
010D3333
000F2383
00638863
7D10446F
800004E4
8000949D
004F0F13
000D8F93
000FAD83
004F8F93
000FA683
004F8F93
00DDB4B3
000F2383
00938863
7A10446F
80000514
800094CD
004F0F13
000FAE03
004F8F93
000FA203
004F8F93
004E3A33
000F2383
01438863
7750446F
80000540
800094FD
004F0F13
000FAE83
004F8F93
000FAA03
004F8F93
014EBE33
000F2383
01C38863
7490446F
8000056C
8000952D
004F0F13
000F0C93
000FAF03
004F8F93
000FAB03
004F8F93
016F30B3
000CA383
00138863
7190446F
8000059C
8000955D
004C8C93
000F8993
0009AF83
00498993
0009AD83
00498993
01BFB2B3
000CA383
00538863
6E90446F
800005CC
8000958D
004C8C93
0009A083
00498993
0009A003
00498993
0000BF33
000CA383
01E38863
6BD0446F
800005F8
800095BD
004C8C93
0009AA83
00498993
0009A083
00498993
001ABA33
000CA383
01438863
6910446F
80000624
800095EC
004C8C93
0009A483
00498993
0009A103
00498993
0024B2B3
000CA383
00538863
6650446F
80000650
8000961B
004C8C93
0009AE03
00498993
0009A183
00498993
003E3233
000CA383
00438863
6390446F
8000067C
8000964A
004C8C93
0009A603
00498993
0009A203
00498993
004632B3
000CA383
00538863
60D0446F
800006A8
80009679
004C8C93
0009AE83
00498993
0009A283
00498993
005EB533
000CA383
00A38863
5E10446F
800006D4
800096A8
004C8C93
0009A583
00498993
0009A303
00498993
0065BF33
000CA383
01E38863
5B50446F
80000700
800096D7
004C8C93
00038693
00040713
0009AB83
00498993
0009A383
00498993
007BBEB3
000CA683
01D68863
5A90476F
80000734
80009706
004C8C93
0009AB03
00498993
0009A403
00498993
008B33B3
000CA683
00768863
57D0476F
80000760
80009735
004C8C93
0009A903
00498993
0009A483
00498993
00993FB3
000CA683
01F68863
5510476F
8000078C
80009764
004C8C93
0009A783
00498993
0009A503
00498993
00A7BDB3
000CA683
01B68863
5250476F
800007B8
80009793
004C8C93
0009AA03
00498993
0009A583
00498993
00BA3E33
000CA683
01C68863
4F90476F
800007E4
800097C3
004C8C93
0009A503
00498993
0009A603
00498993
00C53A33
000CA683
01468863
4CD0476F
80000810
800097F3
004C8C93
00068393
00070413
0009A703
00498993
0009A683
00498993
00D730B3
000CA383
00138863
4710446F
80000844
80009823
004C8C93
0009A503
00498993
0009A703
00498993
00E53BB3
000CA383
01738863
4450446F
80000870
80009853
004C8C93
0009A203
00498993
0009A783
00498993
00F236B3
000CA383
00D38863
4190446F
8000089C
80009883
004C8C93
0009AE83
00498993
0009A803
00498993
010EB8B3
000CA383
01138863
3ED0446F
800008C8
800098B3
004C8C93
0009AA03
00498993
0009A883
00498993
011A31B3
000CA383
00338863
3C10446F
800008F4
800098E3
004C8C93
0009A003
00498993
0009A903
00498993
012031B3
000CA383
00338863
3950446F
80000920
80009913
004C8C93
00098913
00092483
00490913
00092983
00490913
0134B6B3
000CA383
00D38863
3650446F
80000950
80009943
004C8C93
00092B03
00490913
00092A03
00490913
014B30B3
000CA383
00138863
3390446F
8000097C
80009973
004C8C93
00092A03
00490913
00092A83
00490913
015A38B3
000CA383
01138863
30D0446F
800009A8
800099A3
004C8C93
00092683
00490913
00092B03
00490913
0166B4B3
000CA383
00938863
2E10446F
800009D4
800099D3
004C8C93
00092A03
00490913
00092B83
00490913
017A3333
000CA383
00638863
2B50446F
80000A00
80009A03
004C8C93
00092283
00490913
00092C03
00490913
0182B333
000CA383
00638863
2890446F
80000A2C
80009A33
004C8C93
000C8493
00092803
00490913
00092C83
00490913
01983A33
0004A383
01438863
2590446F
80000A5C
80009A63
00448493
00092E03
00490913
00092D03
00490913
01AE3B33
0004A383
01638863
22D0446F
80000A88
80009A93
00448493
00092C03
00490913
00092D83
00490913
01BC3133
0004A383
00238863
2010446F
80000AB4
80009AC3
00448493
00092D83
00490913
00092E03
00490913
01CDB5B3
0004A383
00B38863
1D50446F
80000AE0
80009AF3
00448493
00092503
00490913
00092E83
00490913
01D537B3
0004A383
00F38863
1A90446F
80000B0C
80009B23
00448493
00092D03
00490913
00092F03
00490913
01ED30B3
0004A383
00138863
17D0446F
80000B38
80009B53
00448493
00092D83
00490913
00092F83
00490913
01FDB1B3
0004A383
00338863
1510446F
80000B64
80009B83
00448493
00092A83
00490913
00092503
00490913
00AAB0B3
0004A383
00138863
1250446F
80000B90
80009BB3
00448493
00092083
00490913
00092783
00490913
00F0B133
0004A383
00238863
0F90446F
80000BBC
80009BE5
00448493
00092603
00490913
00092B03
00490913
016631B3
0004A383
00338863
0CD0446F
80000BE8
80009C17
00448493
00092283
00490913
00092683
00490913
00D2B233
0004A383
00438863
0A10446F
80000C14
80009C49
00448493
00092003
00490913
00092803
00490913
010032B3
0004A383
00538863
0750446F
80000C40
80009C7B
00448493
00092883
00490913
00092603
00490913
00C8B333
0004A383
00638863
0490446F
80000C6C
80009CAD
00448493
00038693
00040713
00092E03
00490913
00092303
00490913
006E33B3
0004A683
00768863
03D0476F
80000CA0
80009CDF
00448493
00092F03
00490913
00092303
00490913
006F3433
0004A683
00868863
0110476F
80000CCC
80009D11
00448493
00048D13
00092203
00490913
00092603
00490913
00C234B3
000D2683
00968863
7E00476F
80000CFC
80009D43
004D0D13
00092583
00490913
00092F83
00490913
01F5B533
000D2683
00A68863
7B40476F
80000D28
80009D75
004D0D13
00092183
00490913
00092D83
00490913
01B1B5B3
000D2683
00B68863
7880476F
80000D54
80009DA8
004D0D13
00092803
00490913
00092A83
00490913
01583633
000D2683
00C68863
75C0476F
80000D80
80009DDB
004D0D13
00068213
00070293
00092303
00490913
00092483
00490913
009336B3
000D2203
00D20863
6E8042EF
80000DB4
80009E0E
004D0D13
00092803
00490913
00092383
00490913
00783733
000D2203
00E20863
6BC042EF
80000DE0
80009E41
004D0D13
00092E03
00490913
00092003
00490913
000E37B3
000D2203
00F20863
690042EF
80000E0C
80009E74
004D0D13
00092883
00490913
00092503
00490913
00A8B833
000D2203
01020863
664042EF
80000E38
80009EA7
004D0D13
00092E83
00490913
00092C83
00490913
019EB8B3
000D2203
01120863
638042EF
80000E64
80009EDA
004D0D13
00090D93
000DAB83
004D8D93
000DAE83
004D8D93
01DBB933
000D2203
01220863
608042EF
80000E94
80009F0D
004D0D13
000DA703
004D8D93
000DA183
004D8D93
003739B3
000D2203
01320863
5DC042EF
80000EC0
80009F40
004D0D13
000DA003
004D8D93
000DA503
004D8D93
00A03A33
000D2203
01420863
5B0042EF
80000EEC
80009F73
004D0D13
000DAB03
004D8D93
000DAF83
004D8D93
01FB3AB3
000D2203
01520863
584042EF
80000F18
80009FA6
004D0D13
000DA583
004D8D93
000DA703
004D8D93
00E5BB33
000D2203
01620863
558042EF
80000F44
80009FD9
004D0D13
000DA683
004D8D93
000DAE83
004D8D93
01D6BBB3
000D2203
01720863
52C042EF
80000F70
8000A00C
004D0D13
000DA403
004D8D93
000DAF83
004D8D93
01F43C33
000D2203
01820863
500042EF
80000F9C
8000A03F
004D0D13
000DA083
004D8D93
000DA983
004D8D93
0130BCB3
000D2203
01920863
4D4042EF
80000FC8
8000A072
004D0D13
000D0913
000DA583
004D8D93
000DAB03
004D8D93
0165BD33
00092203
01A20863
4A4042EF
80000FF8
8000A0A5
00490913
000D8E13
000E2383
004E0E13
000E2F83
004E0E13
01F3BDB3
00092203
01B20863
474042EF
80001028
8000A0D8
00490913
000E0C13
000C2003
004C0C13
000C2683
004C0C13
00D03E33
00092203
01C20863
444042EF
80001058
8000A10B
00490913
000C2003
004C0C13
000C2483
004C0C13
00903EB3
00092203
01D20863
418042EF
80001084
8000A13E
00490913
000C2183
004C0C13
000C2783
004C0C13
00F1BF33
00092203
01E20863
3EC042EF
800010B0
8000A171
00490913
000C2083
004C0C13
000C2883
004C0C13
0110BFB3
00092203
01F20863
3C0042EF
800010DC
8000A1A4
00490913
000C2483
004C0C13
000C2183
004C0C13
0034BE33
00092203
01C20863
394042EF
80001108
8000A1D7
00490913
000C2D83
004C0C13
000C2A83
004C0C13
015DBEB3
00092203
01D20863
368042EF
80001134
8000A20D
00490913
000C2F83
004C0C13
000C2583
004C0C13
00BFBEB3
00092203
01D20863
33C042EF
80001160
8000A243
00490913
000C2383
004C0C13
000C2483
004C0C13
0093BA33
00092203
01420863
310042EF
8000118C
8000A279
00490913
000C2C83
004C0C13
000C2603
004C0C13
00CCBDB3
00092203
01B20863
2E4042EF
800011B8
8000A2B6
00490913
000C2B83
004C0C13
000C2A83
004C0C13
015BBF33
00092203
01E20863
2B8042EF
800011E4
8000A2F4
00490913
000C2C83
004C0C13
000C2A03
004C0C13
014CB1B3
00092203
00320863
28C042EF
80001210
8000A332
00490913
000C2883
004C0C13
000C2783
004C0C13
00F8BBB3
00092203
01720863
260042EF
8000123C
8000A370
00490913
000C2703
004C0C13
000C2783
004C0C13
00F73E33
00092203
01C20863
234042EF
80001268
8000A3AE
00490913
000C2983
004C0C13
000C2583
004C0C13
00B9B0B3
00092203
00120863
208042EF
80001294
8000A3EC
00490913
000C2303
004C0C13
000C2983
004C0C13
013330B3
00092203
00120863
1DC042EF
800012C0
8000A42A
00490913
000C2783
004C0C13
000C2C83
004C0C13
0197BFB3
00092203
01F20863
1B0042EF
800012EC
8000A468
00490913
000C2E83
004C0C13
000C2183
004C0C13
003EB0B3
00092203
00120863
184042EF
80001318
8000A4A6
00490913
000C2B83
004C0C13
000C2E83
004C0C13
01DBB1B3
00092203
00320863
158042EF
80001344
8000A4DD
00490913
000C2583
004C0C13
000C2B03
004C0C13
0165B833
00092203
01020863
12C042EF
80001370
8000A514
00490913
000C2103
004C0C13
000C2703
004C0C13
00E13433
00092203
00820863
100042EF
8000139C
8000A54B
00490913
000C2E03
004C0C13
000C2403
004C0C13
008E3BB3
00092203
01720863
0D4042EF
800013C8
8000A589
00490913
000C2703
004C0C13
000C2803
004C0C13
01073633
00092203
00C20863
0A8042EF
800013F4
8000A5C7
00490913
000C2F83
004C0C13
000C2683
004C0C13
00DFB533
00092203
00A20863
07C042EF
80001420
8000A605
00490913
000C2683
004C0C13
000C2A03
004C0C13
0146BE33
00092203
01C20863
050042EF
8000144C
8000A643
00490913
000C2A83
004C0C13
000C2083
004C0C13
001ABFB3
00092203
01F20863
024042EF
80001478
8000A681
00490913
000C2E83
004C0C13
000C2103
004C0C13
002EBF33
00092203
01E20863
7F9032EF
800014A4
8000A6BF
00490913
000C2083
004C0C13
000C2D83
004C0C13
01B0B133
00092203
00220863
7CD032EF
800014D0
8000A6FD
00490913
000C2403
004C0C13
000C2A03
004C0C13
01443F33
00092203
01E20863
7A1032EF
800014FC
8000A73B
00490913
000C2C83
004C0C13
000C2E03
004C0C13
01CCBFB3
00092203
01F20863
775032EF
80001528
8000A779
00490913
000C2E83
004C0C13
000C2A83
004C0C13
015EB433
00092203
00820863
749032EF
80001554
8000A7C7
00490913
000C2083
004C0C13
000C2B03
004C0C13
0160BDB3
00092203
01B20863
71D032EF
80001580
8000A815
00490913
000C2E03
004C0C13
000C2583
004C0C13
00BE3433
00092203
00820863
6F1032EF
800015AC
8000A863
00490913
000C2A03
004C0C13
000C2E83
004C0C13
01DA34B3
00092203
00920863
6C5032EF
800015D8
8000A8B8
00490913
000C2083
004C0C13
000C2683
004C0C13
00D0BE33
00092203
01C20863
699032EF
80001604
8000A90D
00490913
000C2803
004C0C13
000C2583
004C0C13
00B83AB3
00092203
01520863
66D032EF
80001630
8000A962
00490913
000C2583
004C0C13
000C2F83
004C0C13
01F5B433
00092203
00820863
641032EF
8000165C
8000A9B7
00490913
000C2403
004C0C13
000C2103
004C0C13
00243833
00092203
01020863
615032EF
80001688
8000AA0C
00490913
000C2603
004C0C13
000C2A83
004C0C13
015631B3
00092203
00320863
5E9032EF
800016B4
8000AA61
00490913
000C2D83
004C0C13
000C2383
004C0C13
007DB0B3
00092203
00120863
5BD032EF
800016E0
8000AAB6
00490913
000C2483
004C0C13
000C2E83
004C0C13
01D4BD33
00092203
01A20863
591032EF
8000170C
8000AB0B
00490913
000C2703
004C0C13
000C2A03
004C0C13
01473633
00092203
00C20863
565032EF
80001738
8000AB60
00490913
000C2E83
004C0C13
000C2103
004C0C13
002EB833
00092203
01020863
539032EF
80001764
8000ABAE
00490913
000C2183
004C0C13
000C2083
004C0C13
0011BDB3
00092203
01B20863
50D032EF
80001790
8000ABFC
00490913
000C2E83
004C0C13
000C2103
004C0C13
002EBBB3
00092203
01720863
4E1032EF
800017BC
8000AC4A
00490913
000C2F03
004C0C13
000C2783
004C0C13
00FF3CB3
00092203
01920863
4B5032EF
800017E8
8000AC9F
00490913
000C2A83
004C0C13
000C2783
004C0C13
00FAB433
00092203
00820863
489032EF
80001814
8000ACF4
00490913
000C2B03
004C0C13
000C2103
004C0C13
002B3EB3
00092203
01D20863
45D032EF
80001840
8000AD49
00490913
000C2403
004C0C13
000C2B03
004C0C13
01643633
00092203
00C20863
431032EF
8000186C
8000AD9E
00490913
000C2783
004C0C13
000C2303
004C0C13
0067B1B3
00092203
00320863
405032EF
80001898
8000ADF3
00490913
000C2503
004C0C13
000C2403
004C0C13
00853333
00092203
00620863
3D9032EF
800018C4
8000AE48
00490913
000C2803
004C0C13
000C2D03
004C0C13
01A83AB3
00092203
01520863
3AD032EF
800018F0
8000AE9D
00490913
000C2103
004C0C13
000C2783
004C0C13
00F13BB3
00092203
01720863
381032EF
8000191C
8000AEF2
00490913
000C2503
004C0C13
000C2183
004C0C13
003535B3
00092203
00B20863
355032EF
80001948
8000AF47
00490913
000C2F83
004C0C13
000C2303
004C0C13
006FBEB3
00092203
01D20863
329032EF
80001974
8000AF95
00490913
000C2583
004C0C13
000C2D03
004C0C13
01A5BA33
00092203
01420863
2FD032EF
800019A0
8000AFE3
00490913
000C2583
004C0C13
000C2F83
004C0C13
01F5B1B3
00092203
00320863
2D1032EF
800019CC
8000B031
00490913
000C2703
004C0C13
000C2D83
004C0C13
01B738B3
00092203
01120863
2A5032EF
800019F8
8000B086
00490913
000C2F03
004C0C13
000C2E03
004C0C13
01CF33B3
00092203
00720863
279032EF
80001A24
8000B0DB
00490913
000C2A83
004C0C13
000C2503
004C0C13
00AAB0B3
00092203
00120863
24D032EF
80001A50
8000B130
00490913
000C2603
004C0C13
000C2983
004C0C13
013635B3
00092203
00B20863
221032EF
80001A7C
8000B185
00490913
000C2B03
004C0C13
000C2303
004C0C13
006B3E33
00092203
01C20863
1F5032EF
80001AA8
8000B1DA
00490913
000C2B03
004C0C13
000C2983
004C0C13
013B3433
00092203
00820863
1C9032EF
80001AD4
8000B22F
00490913
000C2C83
004C0C13
000C2303
004C0C13
006CBEB3
00092203
01D20863
19D032EF
80001B00
8000B284
00490913
000C2A83
004C0C13
000C2703
004C0C13
00EABDB3
00092203
01B20863
171032EF
80001B2C
8000B2D9
00490913
000C2F03
004C0C13
000C2883
004C0C13
011F3A33
00092203
01420863
145032EF
80001B58
8000B32E
00490913
000C2883
004C0C13
000C2A83
004C0C13
0158B4B3
00092203
00920863
119032EF
80001B84
8000B383
00490913
000C2183
004C0C13
000C2D03
004C0C13
01A1B9B3
00092203
01320863
0ED032EF
80001BB0
8000B3D8
00490913
000C2383
004C0C13
000C2983
004C0C13
0133B633
00092203
00C20863
0C1032EF
80001BDC
8000B42D
00490913
000C2A83
004C0C13
000C2F83
004C0C13
01FABE33
00092203
01C20863
095032EF
80001C08
8000B489
00490913
000C2A03
004C0C13
000C2503
004C0C13
00AA38B3
00092203
01120863
069032EF
80001C34
8000B4E5
00490913
000C2803
004C0C13
000C2A03
004C0C13
014830B3
00092203
00120863
03D032EF
80001C60
8000B541
00490913
000C2483
004C0C13
000C2703
004C0C13
00E4B533
00092203
00A20863
011032EF
80001C8C
8000B59D
00490913
000C2E83
004C0C13
000C2183
004C0C13
003EBF33
00092203
01E20863
7E4032EF
80001CB8
8000B5F9
00490913
000C2783
004C0C13
000C2E03
004C0C13
01C7B1B3
00092203
00320863
7B8032EF
80001CE4
8000B655
00490913
000C2703
004C0C13
000C2403
004C0C13
008734B3
00092203
00920863
78C032EF
80001D10
8000B6B1
00490913
000C2D03
004C0C13
000C2A83
004C0C13
015D3433
00092203
00820863
760032EF
80001D3C
8000B70D
00490913
000C2783
004C0C13
000C2683
004C0C13
00D7BB33
00092203
01620863
734032EF
80001D68
8000B769
00490913
000C2083
004C0C13
000C2883
004C0C13
0110BEB3
00092203
01D20863
708032EF
80001D94
8000B7BE
00490913
000C2083
004C0C13
000C2483
004C0C13
0090BA33
00092203
01420863
6DC032EF
80001DC0
8000B813
00490913
000C2B83
004C0C13
000C2683
004C0C13
00DBB533
00092203
00A20863
6B0032EF
80001DEC
8000B868
00490913
000C2E03
004C0C13
000C2983
004C0C13
013E3133
00092203
00220863
684032EF
80001E18
8000B8C4
00490913
000C2383
004C0C13
000C2A83
004C0C13
0153B8B3
00092203
01120863
658032EF
80001E44
8000B920
00490913
000C2C83
004C0C13
000C2403
004C0C13
008CB833
00092203
01020863
62C032EF
80001E70
8000B97C
00490913
000C2883
004C0C13
000C2303
004C0C13
0068B6B3
00092203
00D20863
600032EF
80001E9C
8000B9D8
00490913
000C2083
004C0C13
000C2183
004C0C13
0030BEB3
00092203
01D20863
5D4032EF
80001EC8
8000BA34
00490913
000C2A03
004C0C13
000C2E83
004C0C13
01DA3433
00092203
00820863
5A8032EF
80001EF4
8000BA90
00490913
000C2683
004C0C13
000C2783
004C0C13
00F6BB33
00092203
01620863
57C032EF
80001F20
8000BAEC
00490913
000C2783
004C0C13
000C2603
004C0C13
00C7B433
00092203
00820863
550032EF
80001F4C
8000BB48
00490913
000C2783
004C0C13
000C2C83
004C0C13
0197BA33
00092203
01420863
524032EF
80001F78
8000BBA4
00490913
000C2103
004C0C13
000C2883
004C0C13
011131B3
00092203
00320863
4F8032EF
80001FA4
8000BBF9
00490913
000C2503
004C0C13
000C2E03
004C0C13
01C53D33
00092203
01A20863
4CC032EF
80001FD0
8000BC4E
00490913
000C2583
004C0C13
000C2C83
004C0C13
0195BDB3
00092203
01B20863
4A0032EF
80001FFC
8000BCA3
00490913
000C2E03
004C0C13
000C2183
004C0C13
003E37B3
00092203
00F20863
474032EF
80002028
8000BCFF
00490913
000C2C83
004C0C13
000C2E83
004C0C13
01DCB5B3
00092203
00B20863
448032EF
80002054
8000BD5B
00490913
000C2783
004C0C13
000C2403
004C0C13
0087BFB3
00092203
01F20863
41C032EF
80002080
8000BDB7
00490913
000C2603
004C0C13
000C2383
004C0C13
00763733
00092203
00E20863
3F0032EF
800020AC
8000BE13
00490913
000C2483
004C0C13
000C2883
004C0C13
0114BF33
00092203
01E20863
3C4032EF
800020D8
8000BE6F
00490913
000C2403
004C0C13
000C2503
004C0C13
00A43F33
00092203
01E20863
398032EF
80002104
8000BECB
00490913
000C2D83
004C0C13
000C2503
004C0C13
00ADB833
00092203
01020863
36C032EF
80002130
8000BF27
00490913
000C2F83
004C0C13
000C2D03
004C0C13
01AFBA33
00092203
01420863
340032EF
8000215C
8000BF83
00490913
000C2483
004C0C13
000C2A03
004C0C13
0144B833
00092203
01020863
314032EF
80002188
8000BFDF
00490913
000C2603
004C0C13
000C2303
004C0C13
006630B3
00092203
00120863
2E8032EF
800021B4
8000C034
00490913
000C2C83
004C0C13
000C2703
004C0C13
00ECBA33
00092203
01420863
2BC032EF
800021E0
8000C089
00490913
000C2B03
004C0C13
000C2A03
004C0C13
014B3FB3
00092203
01F20863
290032EF
8000220C
8000C0DE
00490913
000C2983
004C0C13
000C2103
004C0C13
0029B833
00092203
01020863
264032EF
80002238
8000C13A
00490913
000C2E83
004C0C13
000C2303
004C0C13
006EB7B3
00092203
00F20863
238032EF
80002264
8000C196
00490913
000C2103
004C0C13
000C2B03
004C0C13
01613733
00092203
00E20863
20C032EF
80002290
8000C1F2
00490913
000C2883
004C0C13
000C2303
004C0C13
0068BE33
00092203
01C20863
1E0032EF
800022BC
8000C24E
00490913
000C2603
004C0C13
000C2083
004C0C13
001634B3
00092203
00920863
1B4032EF
800022E8
8000C2AA
00490913
000C2583
004C0C13
000C2B83
004C0C13
0175B0B3
00092203
00120863
188032EF
80002314
8000C306
00490913
000C2703
004C0C13
000C2483
004C0C13
009733B3
00092203
00720863
15C032EF
80002340
8000C362
00490913
000C2E03
004C0C13
000C2B03
004C0C13
016E3AB3
00092203
01520863
130032EF
8000236C
8000C3BE
00490913
000C2383
004C0C13
000C2483
004C0C13
0093BDB3
00092203
01B20863
104032EF
80002398
8000C41A
00490913
000C2D83
004C0C13
000C2103
004C0C13
002DBB33
00092203
01620863
0D8032EF
800023C4
8000C46F
00490913
000C2B03
004C0C13
000C2083
004C0C13
001B3F33
00092203
01E20863
0AC032EF
800023F0
8000C4C4
00490913
000C2983
004C0C13
000C2E83
004C0C13
01D9B7B3
00092203
00F20863
080032EF
8000241C
8000C519
00490913
000C2583
004C0C13
000C2C83
004C0C13
0195BEB3
00092203
01D20863
054032EF
80002448
8000C575
00490913
000C2F83
004C0C13
000C2E83
004C0C13
01DFB8B3
00092203
01120863
028032EF
80002474
8000C5D1
00490913
000C2403
004C0C13
000C2303
004C0C13
006433B3
00092203
00720863
7FD022EF
800024A0
8000C62D
00490913
000C2603
004C0C13
000C2C83
004C0C13
01963533
00092203
00A20863
7D1022EF
800024CC
8000C689
00490913
000C2083
004C0C13
000C2B03
004C0C13
0160B533
00092203
00A20863
7A5022EF
800024F8
8000C6E5
00490913
000C2603
004C0C13
000C2383
004C0C13
00763833
00092203
01020863
779022EF
80002524
8000C741
00490913
000C2E83
004C0C13
000C2383
004C0C13
007EB6B3
00092203
00D20863
74D022EF
80002550
8000C79D
00490913
000C2383
004C0C13
000C2F83
004C0C13
01F3B0B3
00092203
00120863
721022EF
8000257C
8000C7F9
00490913
000C2083
004C0C13
000C2E03
004C0C13
01C0B733
00092203
00E20863
6F5022EF
800025A8
8000C855
00490913
000C2E03
004C0C13
000C2183
004C0C13
003E3733
00092203
00E20863
6C9022EF
800025D4
8000C8AA
00490913
000C2783
004C0C13
000C2483
004C0C13
0097BFB3
00092203
01F20863
69D022EF
80002600
8000C8FF
00490913
000C2B03
004C0C13
000C2E83
004C0C13
01DB3733
00092203
00E20863
671022EF
8000262C
8000C954
00490913
000C2A83
004C0C13
000C2483
004C0C13
009AB7B3
00092203
00F20863
645022EF
80002658
8000C9B0
00490913
000C2103
004C0C13
000C2383
004C0C13
00713DB3
00092203
01B20863
619022EF
80002684
8000CA0C
00490913
000C2303
004C0C13
000C2D83
004C0C13
01B333B3
00092203
00720863
5ED022EF
800026B0
8000CA68
00490913
000C2B83
004C0C13
000C2F83
004C0C13
01FBB533
00092203
00A20863
5C1022EF
800026DC
8000CAC4
00490913
000C2E03
004C0C13
000C2B03
004C0C13
016E3533
00092203
00A20863
595022EF
80002708
8000CB20
00490913
000C2C83
004C0C13
000C2183
004C0C13
003CB5B3
00092203
00B20863
569022EF
80002734
8000CB7C
00490913
000C2403
004C0C13
000C2703
004C0C13
00E438B3
00092203
01120863
53D022EF
80002760
8000CBD8
00490913
000C2F83
004C0C13
000C2E03
004C0C13
01CFB633
00092203
00C20863
511022EF
8000278C
8000CC34
00490913
000C2383
004C0C13
000C2603
004C0C13
00C3B8B3
00092203
01120863
4E5022EF
800027B8
8000CC90
00490913
000C2C83
004C0C13
000C2983
004C0C13
013CB0B3
00092203
00120863
4B9022EF
800027E4
8000CCE5
00490913
000C2083
004C0C13
000C2183
004C0C13
0030B633
00092203
00C20863
48D022EF
80002810
8000CD3A
00490913
000C2C83
004C0C13
000C2603
004C0C13
00CCB733
00092203
00E20863
461022EF
8000283C
8000CD8F
00490913
000C2F83
004C0C13
000C2E03
004C0C13
01CFBF33
00092203
01E20863
435022EF
80002868
8000CDEB
00490913
000C2383
004C0C13
000C2103
004C0C13
0023B6B3
00092203
00D20863
409022EF
80002894
8000CE47
00490913
000C2983
004C0C13
000C2883
004C0C13
0119BFB3
00092203
01F20863
3DD022EF
800028C0
8000CEA3
00490913
000C2E83
004C0C13
000C2C83
004C0C13
019EB133
00092203
00220863
3B1022EF
800028EC
8000CEFF
00490913
000C2683
004C0C13
000C2183
004C0C13
0036BB33
00092203
01620863
385022EF
80002918
8000CF5B
00490913
000C2183
004C0C13
000C2B03
004C0C13
0161BAB3
00092203
01520863
359022EF
80002944
8000CFB7
00490913
000C2A83
004C0C13
000C2803
004C0C13
010AB4B3
00092203
00920863
32D022EF
80002970
8000D013
00490913
000C2B03
004C0C13
000C2A83
004C0C13
015B30B3
00092203
00120863
301022EF
8000299C
8000D06F
00490913
000C2B83
004C0C13
000C2E03
004C0C13
01CBBDB3
00092203
01B20863
2D5022EF
800029C8
8000D0CB
00490913
000C2D03
004C0C13
000C2183
004C0C13
003D3533
00092203
00A20863
2A9022EF
800029F4
8000D120
00490913
000C2783
004C0C13
000C2683
004C0C13
00D7BD33
00092203
01A20863
27D022EF
80002A20
8000D175
00490913
000C2183
004C0C13
000C2783
004C0C13
00F1BAB3
00092203
01520863
251022EF
80002A4C
8000D1CA
00490913
000C2703
004C0C13
000C2E03
004C0C13
01C73D33
00092203
01A20863
225022EF
80002A78
8000D226
00490913
000C2C83
004C0C13
000C2183
004C0C13
003CB133
00092203
00220863
1F9022EF
80002AA4
8000D282
00490913
000C2C83
004C0C13
000C2983
004C0C13
013CBAB3
00092203
01520863
1CD022EF
80002AD0
8000D2DE
00490913
000C2183
004C0C13
000C2583
004C0C13
00B1B133
00092203
00220863
1A1022EF
80002AFC
8000D33A
00490913
000C2483
004C0C13
000C2103
004C0C13
0024BAB3
00092203
01520863
175022EF
80002B28
8000D396
00490913
000C2403
004C0C13
000C2D03
004C0C13
01A43FB3
00092203
01F20863
149022EF
80002B54
8000D3F2
00490913
000C2883
004C0C13
000C2683
004C0C13
00D8BF33
00092203
01E20863
11D022EF
80002B80
8000D44E
00490913
000C2403
004C0C13
000C2583
004C0C13
00B434B3
00092203
00920863
0F1022EF
80002BAC
8000D4AA
00490913
000C2F83
004C0C13
000C2503
004C0C13
00AFBEB3
00092203
01D20863
0C5022EF
80002BD8
8000D506
00490913
000C2503
004C0C13
000C2303
004C0C13
00653E33
00092203
01C20863
099022EF
80002C04
8000D55B
00490913
000C2983
004C0C13
000C2783
004C0C13
00F9B0B3
00092203
00120863
06D022EF
80002C30
8000D5B0
00490913
000C2183
004C0C13
000C2803
004C0C13
0101B5B3
00092203
00B20863
041022EF
80002C5C
8000D605
00490913
000C2883
004C0C13
000C2B03
004C0C13
0168B333
00092203
00620863
015022EF
80002C88
8000D661
00490913
000C2503
004C0C13
000C2483
004C0C13
00953F33
00092203
01E20863
7E8022EF
80002CB4
8000D6BD
00490913
000C2F03
004C0C13
000C2383
004C0C13
007F3133
00092203
00220863
7BC022EF
80002CE0
8000D719
00490913
000C2E83
004C0C13
000C2D83
004C0C13
01BEB633
00092203
00C20863
790022EF
80002D0C
8000D775
00490913
000C2383
004C0C13
000C2983
004C0C13
0133BB33
00092203
01620863
764022EF
80002D38
8000D7D1
00490913
000C2103
004C0C13
000C2A03
004C0C13
014134B3
00092203
00920863
738022EF
80002D64
8000D82D
00490913
000C2403
004C0C13
000C2603
004C0C13
00C43E33
00092203
01C20863
70C022EF
80002D90
8000D889
00490913
000C2F83
004C0C13
000C2783
004C0C13
00FFB633
00092203
00C20863
6E0022EF
80002DBC
8000D8E5
00490913
000C2003
004C0C13
000C2003
004C0C13
000034B3
00092203
00920863
6B4022EF
80002DE8
8000D941
00490913
000C2083
004C0C13
000C2083
004C0C13
0010B9B3
00092203
01320863
688022EF
80002E14
8000D976
00490913
000C2103
004C0C13
000C2103
004C0C13
00213433
00092203
00820863
65C022EF
80002E40
8000D9AB
00490913
000C2183
004C0C13
000C2183
004C0C13
0031B8B3
00092203
01120863
630022EF
80002E6C
8000D9E0
00490913
00020393
00028413
000C2203
004C0C13
000C2203
004C0C13
004231B3
00092383
00338863
6140246F
80002EA0
8000DA15
00490913
000C2283
004C0C13
000C2283
004C0C13
0052BDB3
00092383
01B38863
5E80246F
80002ECC
8000DA4A
00490913
000C2303
004C0C13
000C2303
004C0C13
006330B3
00092383
00138863
5BC0246F
80002EF8
8000DA7F
00490913
00038693
00040713
000C2383
004C0C13
000C2383
004C0C13
0073BAB3
00092683
01568863
5B00276F
80002F2C
8000DAB4
00490913
000C2403
004C0C13
000C2403
004C0C13
00843AB3
00092683
01568863
5840276F
80002F58
8000DAE9
00490913
000C2483
004C0C13
000C2483
004C0C13
0094B7B3
00092683
00F68863
5580276F
80002F84
8000DB1E
00490913
000C2503
004C0C13
000C2503
004C0C13
00A535B3
00092683
00B68863
52C0276F
80002FB0
8000DB53
00490913
000C2583
004C0C13
000C2583
004C0C13
00B5BAB3
00092683
01568863
5000276F
80002FDC
8000DB89
00490913
000C2603
004C0C13
000C2603
004C0C13
00C63DB3
00092683
01B68863
4D40276F
80003008
8000DBBF
00490913
00068213
00070293
000C2683
004C0C13
000C2683
004C0C13
00D6BA33
00092203
01420863
460022EF
8000303C
8000DBF5
00490913
000C2703
004C0C13
000C2703
004C0C13
00E73A33
00092203
01420863
434022EF
80003068
8000DC2B
00490913
000C2783
004C0C13
000C2783
004C0C13
00F7B6B3
00092203
00D20863
408022EF
80003094
8000DC61
00490913
000C2803
004C0C13
000C2803
004C0C13
01083E33
00092203
01C20863
3DC022EF
800030C0
8000DC97
00490913
000C2883
004C0C13
000C2883
004C0C13
0118BB33
00092203
01620863
3B0022EF
800030EC
8000DCCD
00490913
00090F13
000C2903
004C0C13
000C2903
004C0C13
012937B3
000F2203
00F20863
380022EF
8000311C
8000DD03
004F0F13
000C2983
004C0C13
000C2983
004C0C13
0139B0B3
000F2203
00120863
354022EF
80003148
8000DD39
004F0F13
000C2A03
004C0C13
000C2A03
004C0C13
014A3733
000F2203
00E20863
328022EF
80003174
8000DD6F
004F0F13
000C2A83
004C0C13
000C2A83
004C0C13
015ABBB3
000F2203
01720863
2FC022EF
800031A0
8000DDA5
004F0F13
000C2B03
004C0C13
000C2B03
004C0C13
016B31B3
000F2203
00320863
2D0022EF
800031CC
8000DDDB
004F0F13
000C2B83
004C0C13
000C2B83
004C0C13
017BB933
000F2203
01220863
2A4022EF
800031F8
8000DE11
004F0F13
000C0093
0000AC03
00408093
0000AC03
00408093
018C38B3
000F2203
01120863
274022EF
80003228
8000DE47
004F0F13
0000AC83
00408093
0000AC83
00408093
019CBFB3
000F2203
01F20863
248022EF
80003254
8000DE7D
004F0F13
0000AD03
00408093
0000AD03
00408093
01AD3B33
000F2203
01620863
21C022EF
80003280
8000DEB3
004F0F13
0000AD83
00408093
0000AD83
00408093
01BDBC33
000F2203
01820863
1F0022EF
800032AC
8000DEE9
004F0F13
0000AE03
00408093
0000AE03
00408093
01CE3133
000F2203
00220863
1C4022EF
800032D8
8000DF1F
004F0F13
0000AE83
00408093
0000AE83
00408093
01DEB133
000F2203
00220863
198022EF
80003304
8000DF55
004F0F13
000F0B13
0000AF03
00408093
0000AF03
00408093
01EF3733
000B2203
00E20863
168022EF
80003334
8000DF8B
004B0B13
0000AF83
00408093
0000AF83
00408093
01FFB133
000B2203
00220863
13C022EF
80003360
8000DFC1
004B0B13
00008D13
000D2083
004D0D13
000D2E83
004D0D13
01D0B0B3
000B2203
00120863
10C022EF
80003390
8000DFF7
004B0B13
000D2103
004D0D13
000D2E03
004D0D13
01C13133
000B2203
00220863
0E0022EF
800033BC
8000E02F
004B0B13
000D2183
004D0D13
000D2A03
004D0D13
0141B1B3
000B2203
00320863
0B4022EF
800033E8
8000E067
004B0B13
00020393
00028413
000D2203
004D0D13
000D2603
004D0D13
00C23233
000B2383
00438863
0980246F
8000341C
8000E09F
004B0B13
000D2283
004D0D13
000D2783
004D0D13
00F2B2B3
000B2383
00538863
06C0246F
80003448
8000E0D7
004B0B13
000D2303
004D0D13
000D2503
004D0D13
00A33333
000B2383
00638863
0400246F
80003474
8000E10F
004B0B13
00038693
00040713
000D2383
004D0D13
000D2503
004D0D13
00A3B3B3
000B2683
00768863
0340276F
800034A8
8000E147
004B0B13
000D2403
004D0D13
000D2183
004D0D13
00343433
000B2683
00868863
0080276F
800034D4
8000E17F
004B0B13
000D2483
004D0D13
000D2E03
004D0D13
01C4B4B3
000B2683
00968863
7DD0176F
80003500
8000E1B7
004B0B13
000D2503
004D0D13
000D2C03
004D0D13
01853533
000B2683
00A68863
7B10176F
8000352C
8000E1EF
004B0B13
000D2583
004D0D13
000D2883
004D0D13
0115B5B3
000B2683
00B68863
7850176F
80003558
8000E228
004B0B13
000D2603
004D0D13
000D2E03
004D0D13
01C63633
000B2683
00C68863
7590176F
80003584
8000E261
004B0B13
00068213
00070293
000D2683
004D0D13
000D2E03
004D0D13
01C6B6B3
000B2203
00D20863
6E5012EF
800035B8
8000E29A
004B0B13
000D2703
004D0D13
000D2F83
004D0D13
01F73733
000B2203
00E20863
6B9012EF
800035E4
8000E2D3
004B0B13
000D2783
004D0D13
000D2603
004D0D13
00C7B7B3
000B2203
00F20863
68D012EF
80003610
8000E30C
004B0B13
000D2803
004D0D13
000D2683
004D0D13
00D83833
000B2203
01020863
661012EF
8000363C
8000E345
004B0B13
000D2883
004D0D13
000D2403
004D0D13
0088B8B3
000B2203
01120863
635012EF
80003668
8000E37E
004B0B13
000D2903
004D0D13
000D2703
004D0D13
00E93933
000B2203
01220863
609012EF
80003694
8000E3B7
004B0B13
000D2983
004D0D13
000D2403
004D0D13
0089B9B3
000B2203
01320863
5DD012EF
800036C0
8000E3F0
004B0B13
000D2A03
004D0D13
000D2903
004D0D13
012A3A33
000B2203
01420863
5B1012EF
800036EC
8000E429
004B0B13
000D2A83
004D0D13
000D2783
004D0D13
00FABAB3
000B2203
01520863
585012EF
80003718
8000E462
004B0B13
000B0C93
000D2B03
004D0D13
000D2383
004D0D13
007B3B33
000CA203
01620863
555012EF
80003748
8000E49B
004C8C93
000D2B83
004D0D13
000D2B03
004D0D13
016BBBB3
000CA203
01720863
529012EF
80003774
8000E4D4
004C8C93
000D2C03
004D0D13
000D2B83
004D0D13
017C3C33
000CA203
01820863
4FD012EF
800037A0
8000E50D
004C8C93
000C8193
000D2C83
004D0D13
000D2403
004D0D13
008CBCB3
0001A203
01920863
4CD012EF
800037D0
8000E546
00418193
000D0B93
000BAD03
004B8B93
000BAA83
004B8B93
015D3D33
0001A203
01A20863
49D012EF
80003800
8000E57F
00418193
000BAD83
004B8B93
000BA783
004B8B93
00FDBDB3
0001A203
01B20863
471012EF
8000382C
8000E5B8
00418193
000BAE03
004B8B93
000BA603
004B8B93
00CE3E33
0001A203
01C20863
445012EF
80003858
8000E5F1
00418193
000BAE83
004B8B93
000BAD03
004B8B93
01AEBEB3
0001A203
01D20863
419012EF
80003884
8000E62A
00418193
000BAF03
004B8B93
000BAA03
004B8B93
014F3F33
0001A203
01E20863
3ED012EF
800038B0
8000E663
00418193
000BAF83
004B8B93
000BA483
004B8B93
009FBFB3
0001A203
01F20863
3C1012EF
800038DC
8000E69C
00418193
000BAE83
004B8B93
000BA083
004B8B93
001EB0B3
0001A203
00120863
395012EF
80003908
8000E6D5
00418193
000BAE83
004B8B93
000BA103
004B8B93
002EB133
0001A203
00220863
369012EF
80003934
8000E70D
00418193
00018E13
000BA003
004B8B93
000BA183
004B8B93
003031B3
000E2203
00320863
339012EF
80003964
8000E745
004E0E13
00020393
00028413
000BA603
004B8B93
000BA203
004B8B93
00463233
000E2383
00438863
31D0146F
80003998
8000E77D
004E0E13
000BA103
004B8B93
000BA283
004B8B93
005132B3
000E2383
00538863
2F10146F
800039C4
8000E7B5
004E0E13
000BAC83
004B8B93
000BA303
004B8B93
006CB333
000E2383
00638863
2C50146F
800039F0
8000E7ED
004E0E13
00038213
00040293
000BA703
004B8B93
000BA383
004B8B93
007733B3
000E2203
00720863
279012EF
80003A24
8000E825
004E0E13
000BAE83
004B8B93
000BA403
004B8B93
008EB433
000E2203
00820863
24D012EF
80003A50
8000E85D
004E0E13
000BA603
004B8B93
000BA483
004B8B93
009634B3
000E2203
00920863
221012EF
80003A7C
8000E895
004E0E13
000BAD83
004B8B93
000BA503
004B8B93
00ADB533
000E2203
00A20863
1F5012EF
80003AA8
8000E8CD
004E0E13
000BAA83
004B8B93
000BA583
004B8B93
00BAB5B3
000E2203
00B20863
1C9012EF
80003AD4
8000E906
004E0E13
000BA683
004B8B93
000BA603
004B8B93
00C6B633
000E2203
00C20863
19D012EF
80003B00
8000E93F
004E0E13
000BA403
004B8B93
000BA683
004B8B93
00D436B3
000E2203
00D20863
171012EF
80003B2C
8000E978
004E0E13
000BAB03
004B8B93
000BA703
004B8B93
00EB3733
000E2203
00E20863
145012EF
80003B58
8000E9B1
004E0E13
000BA503
004B8B93
000BA783
004B8B93
00F537B3
000E2203
00F20863
119012EF
80003B84
8000E9EA
004E0E13
000BA383
004B8B93
000BA803
004B8B93
0103B833
000E2203
01020863
0ED012EF
80003BB0
8000EA23
004E0E13
000BA783
004B8B93
000BA883
004B8B93
0117B8B3
000E2203
01120863
0C1012EF
80003BDC
8000EA5C
004E0E13
000BA483
004B8B93
000BA903
004B8B93
0124B933
000E2203
01220863
095012EF
80003C08
8000EA95
004E0E13
000BA183
004B8B93
000BA983
004B8B93
0131B9B3
000E2203
01320863
069012EF
80003C34
8000EACE
004E0E13
000BA303
004B8B93
000BAA03
004B8B93
01433A33
000E2203
01420863
03D012EF
80003C60
8000EB07
004E0E13
000BA683
004B8B93
000BAA83
004B8B93
0156BAB3
000E2203
01520863
011012EF
80003C8C
8000EB40
004E0E13
000BA003
004B8B93
000BAB03
004B8B93
01603B33
000E2203
01620863
7E4012EF
80003CB8
8000EB79
004E0E13
000B8093
0000A503
00408093
0000AB83
00408093
01753BB3
000E2203
01720863
7B4012EF
80003CE8
8000EBB2
004E0E13
0000A503
00408093
0000AC03
00408093
01853C33
000E2203
01820863
788012EF
80003D14
8000EBEB
004E0E13
0000AF03
00408093
0000AC83
00408093
019F3CB3
000E2203
01920863
75C012EF
80003D40
8000EC24
004E0E13
0000AB03
00408093
0000AD03
00408093
01AB3D33
000E2203
01A20863
730012EF
80003D6C
8000EC5D
004E0E13
0000AA03
00408093
0000AD83
00408093
01BA3DB3
000E2203
01B20863
704012EF
80003D98
8000EC96
004E0E13
000E0993
0000A703
00408093
0000AE03
00408093
01C73E33
0009A203
01C20863
6D4012EF
80003DC8
8000ECCF
00498993
0000AF03
00408093
0000AE83
00408093
01DF3EB3
0009A203
01D20863
6A8012EF
80003DF4
8000ED08
00498993
0000A383
00408093
0000AF03
00408093
01E3BF33
0009A203
01E20863
67C012EF
80003E20
8000ED41
00498993
0000AE03
00408093
0000AF83
00408093
01FE3FB3
0009A203
01F20863
650012EF
80003E4C
8000ED7A
00498993
00008E93
000EA083
004E8E93
000EA083
004E8E93
0010B0B3
0009A203
00120863
620012EF
80003E7C
8000EDB3
00498993
000EA103
004E8E93
000EA103
004E8E93
00213133
0009A203
00220863
5F4012EF
80003EA8
8000EDEF
00498993
000EA183
004E8E93
000EA183
004E8E93
0031B1B3
0009A203
00320863
5C8012EF
80003ED4
8000EE2B
00498993
00020693
00028713
000EA203
004E8E93
000EA203
004E8E93
00423233
0009A683
00468863
5D40176F
80003F08
8000EE67
00498993
000EA283
004E8E93
000EA283
004E8E93
0052B2B3
0009A683
00568863
5A80176F
80003F34
8000EEA3
00498993
000EA303
004E8E93
000EA303
004E8E93
00633333
0009A683
00668863
57C0176F
80003F60
8000EEDF
00498993
000EA383
004E8E93
000EA383
004E8E93
0073B3B3
0009A683
00768863
5500176F
80003F8C
8000EF1B
00498993
000EA403
004E8E93
000EA403
004E8E93
00843433
0009A683
00868863
5240176F
80003FB8
8000EF57
00498993
000EA483
004E8E93
000EA483
004E8E93
0094B4B3
0009A683
00968863
4F80176F
80003FE4
8000EF93
00498993
000EA503
004E8E93
000EA503
004E8E93
00A53533
0009A683
00A68863
4CC0176F
80004010
8000EFCF
00498993
000EA583
004E8E93
000EA583
004E8E93
00B5B5B3
0009A683
00B68863
4A00176F
8000403C
8000F00C
00498993
000EA603
004E8E93
000EA603
004E8E93
00C63633
0009A683
00C68863
4740176F
80004068
8000F049
00498993
00068213
00070293
000EA683
004E8E93
000EA683
004E8E93
00D6B6B3
0009A203
00D20863
400012EF
8000409C
8000F086
00498993
000EA703
004E8E93
000EA703
004E8E93
00E73733
0009A203
00E20863
3D4012EF
800040C8
8000F0C3
00498993
000EA783
004E8E93
000EA783
004E8E93
00F7B7B3
0009A203
00F20863
3A8012EF
800040F4
8000F100
00498993
000EA803
004E8E93
000EA803
004E8E93
01083833
0009A203
01020863
37C012EF
80004120
8000F13D
00498993
000EA883
004E8E93
000EA883
004E8E93
0118B8B3
0009A203
01120863
350012EF
8000414C
8000F17A
00498993
000EA903
004E8E93
000EA903
004E8E93
01293933
0009A203
01220863
324012EF
80004178
8000F1B7
00498993
00098313
000EA983
004E8E93
000EA983
004E8E93
0139B9B3
00032203
01320863
2F4012EF
800041A8
8000F1F4
00430313
000EAA03
004E8E93
000EAA03
004E8E93
014A3A33
00032203
01420863
2C8012EF
800041D4
8000F231
00430313
000EAA83
004E8E93
000EAA83
004E8E93
015ABAB3
00032203
01520863
29C012EF
80004200
8000F26E
00430313
000EAB03
004E8E93
000EAB03
004E8E93
016B3B33
00032203
01620863
270012EF
8000422C
8000F2AB
00430313
000EAB83
004E8E93
000EAB83
004E8E93
017BBBB3
00032203
01720863
244012EF
80004258
8000F2E8
00430313
000EAC03
004E8E93
000EAC03
004E8E93
018C3C33
00032203
01820863
218012EF
80004284
8000F325
00430313
000EAC83
004E8E93
000EAC83
004E8E93
019CBCB3
00032203
01920863
1EC012EF
800042B0
8000F362
00430313
000EAD03
004E8E93
000EAD03
004E8E93
01AD3D33
00032203
01A20863
1C0012EF
800042DC
8000F39F
00430313
000EAD83
004E8E93
000EAD83
004E8E93
01BDBDB3
00032203
01B20863
194012EF
80004308
8000F3DC
00430313
000EAE03
004E8E93
000EAE03
004E8E93
01CE3E33
00032203
01C20863
168012EF
80004334
8000F419
00430313
000E8193
0001AE83
00418193
0001AE83
00418193
01DEBEB3
00032203
01D20863
138012EF
80004364
8000F456
00430313
0001AF03
00418193
0001AF03
00418193
01EF3F33
00032203
01E20863
10C012EF
80004390
8000F493
00430313
0001AF83
00418193
0001AF83
00418193
01FFBFB3
00032203
01F20863
0E0012EF
800043BC
8000F4D0
00430313
00030113
00000513
00000073
FFF00513
1D800413
34002373
23832383
23C32483
22032383
25032483
34049073
24832483
305493F3
FFC4F493
FFC3F393
00749E63
00030493
0004A783
00F3A023
00438393
00448493
FE83C8E3
00000013
00000013
00000013
00000013
00000497
29048493
00000013
00000013
00000013
00000013
00000013
00000013
10E49863
00000013
00000013
00000013
00000013
00000013
00000013
00000013
0000B517
70B50513
00000013
00000013
00000013
00000013
00000013
00000013
0003D097
124080E7
00000013
00000013
00000013
00000013
00000013
00000013
0000B517
70150513
00000013
00000013
00000013
00000013
00000013
00000013
0003D097
0E4080E7
00000013
00000013
00000013
00000013
00000013
00000013
0000B517
72150513
00000013
00000013
00000013
00000013
00000013
00000013
0003D097
0A4080E7
00000013
00000013
00000013
00000013
00000013
00000013
0000C517
28C50513
00000013
00000013
00000013
00000013
00000013
00000013
0003D097
064080E7
0003D097
0CC080E7
00000013
00000013
00000013
00000013
00004317
DA830313
00000013
00000013
00000013
00000013
00000013
00000013
00032303
00000013
00000013
00000013
00000013
00000013
00000013
00000013
0000D397
2D838393
00000013
00000013
00000013
00000013
00000013
00000013
40730333
00000013
00000013
00000013
00000013
00000013
00000013
00000013
0000D417
29040413
00000013
00000013
00000013
00000013
00000013
00000013
00042203
00620863
6E9003EF
80004570
8000FD75
BAD0E4B7
EAD48493
00E49A63
6D1003EF
80004704
8000FBE3
00000341
00000013
00000013
00000013
00000013
0000B517
4F450513
00000013
00000013
00000013
00000013
00000013
00000013
0003D097
F44080E7
0003D097
F90080E7
00000013
00000013
00000013
00000013
0000B517
4EB50513
00000013
00000013
00000013
00000013
00000013
00000013
0003D097
F04080E7
0003D097
F6C080E7
00000013
00000013
00000013
00000013
00000717
FF070713
00000013
00000013
00000013
00000013
00000013
00000013
CDDFF06F
BAD0E737
EAD70713
CD1FF06F
00000013
00000013
00000013
00000013
00000013
00000013
00000013
00000013
00000013
00000013
00000013
00000013
0800006F
0880006F
0900006F
0980006F
0A00006F
0A80006F
0B00006F
0B80006F
0C00006F
0C80006F
0D00006F
0D80006F
0E00006F
0E80006F
0F00006F
0F80006F
1000006F
1080006F
1100006F
1180006F
1200006F
1280006F
1300006F
1380006F
1400006F
13C0006F
1380006F
1340006F
1300006F
12C0006F
1280006F
1240006F
34011173
26F12823
13C007EF
34011173
26F12823
130007EF
34011173
26F12823
124007EF
34011173
26F12823
118007EF
34011173
26F12823
10C007EF
34011173
26F12823
100007EF
34011173
26F12823
0F4007EF
34011173
26F12823
0E8007EF
34011173
26F12823
0DC007EF
34011173
26F12823
0D0007EF
34011173
26F12823
0C4007EF
34011173
26F12823
0B8007EF
34011173
26F12823
0AC007EF
34011173
26F12823
0A0007EF
34011173
26F12823
094007EF
34011173
26F12823
088007EF
34011173
26F12823
07C007EF
34011173
26F12823
070007EF
34011173
26F12823
064007EF
34011173
26F12823
058007EF
34011173
26F12823
04C007EF
34011173
26F12823
040007EF
34011173
26F12823
034007EF
34011173
26F12823
028007EF
00000317
B5430313
00000013
00000013
00000013
00000013
00000013
00000013
00030067
26E12623
34011773
26E12A23
23012703
00070067
26912423
26812223
26712023
24612E23
00000013
00000013
00000013
00000013
00000013
00000013
00003317
7C830313
00000013
00000013
00000013
00000013
00000013
00000013
00032383
00138393
00732023
34202773
800014B7
FFF48493
00E4F4B3
FFE48413
00041663
2A050AE3
58C0006F
FF848413
00245413
58041063
2A0500E3
FFF50493
00500393
0274E063
07300393
00750463
0800006F
34102573
00450413
34141073
7E40006F
341024F3
00448493
34149073
00100393
00750E63
00200393
02750263
00300393
02750C63
FFF00513
7B80006F
000024B7
80048493
3004A073
7A80006F
000024B7
80048493
3004B073
000014B7
80048493
3004A073
78C0006F
000024B7
80048493
3004B073
77C0006F
00000013
00000013
00000013
00000013
00000013
00000397
17038393
00000013
00000013
00000013
00000013
00000013
00000013
0003A403
00A40863
04040863
00838393
FF1FF06F
00008493
00000013
00000013
00000097
02408093
00000013
00000013
00000013
00000013
00000013
00000013
00038067
00048093
34102473
00440413
34141073
6F00006F
00050493
00000013
0000C517
74350513
00000013
00000013
00000013
00000013
00000013
00000013
0003D097
AE4080E7
00048513
02000593
4C8020EF
00000013
00000013
00000013
0000B517
B7850513
00000013
00000013
00000013
00000013
00000013
00000013
0003D097
AA4080E7
00000013
00000013
00000013
00000013
00000013
00000013
0000B517
14A50513
00000013
00000013
00000013
00000013
00000013
00000013
0003D097
A64080E7
00000013
00000013
00000013
00000013
00000013
00000013
0000B517
00B50513
00000013
00000013
00000013
00000013
00000013
00000013
0003D097
A24080E7
0003D097
A8C080E7
30002573
00008067
30059073
00008067
3005A073
00008067
3005B073
00008067
30402573
00008067
30459073
00008067
3045A073
00008067
3045B073
00008067
30602573
00008067
30659073
00008067
3065A073
00008067
3065B073
00008067
30A02573
00008067
30A59073
00008067
30A5A073
00008067
30A5B073
00008067
34402573
00008067
34459073
00008067
3445A073
00008067
3445B073
00008067
74702573
00008067
74759073
00008067
7475A073
00008067
7475B073
00008067
32002573
00008067
32059073
00008067
3205A073
00008067
3205B073
00008067
B0002573
00008067
B0059073
00008067
B005A073
00008067
B005B073
00008067
B0202573
00008067
B0259073
00008067
B025A073
00008067
B025B073
00008067
10002573
00008067
10059073
00008067
1005A073
00008067
1005B073
00008067
10402573
00008067
10459073
00008067
1045A073
00008067
1045B073
00008067
10602573
00008067
10659073
00008067
1065A073
00008067
1065B073
00008067
10A02573
00008067
10A59073
00008067
10A5A073
00008067
10A5B073
00008067
14402573
00008067
14459073
00008067
1445A073
00008067
1445B073
00008067
14D02573
00008067
14D59073
00008067
14D5A073
00008067
14D5B073
00008067
18002573
00008067
18059073
00008067
1805A073
00008067
1805B073
00008067
7A002573
00008067
7A059073
00008067
7A05A073
00008067
7A05B073
00008067
7A102573
00008067
7A159073
00008067
7A15A073
00008067
7A15B073
00008067
7A202573
00008067
7A259073
00008067
7A25A073
00008067
7A25B073
00008067
7A302573
00008067
7A359073
00008067
7A35A073
00008067
7A35B073
00008067
7A402573
00008067
7A459073
00008067
7A45A073
00008067
7A45B073
00008067
7A502573
00008067
7A559073
00008067
7A55A073
00008067
7A55B073
00008067
7A802573
00008067
7A859073
00008067
7A85A073
00008067
7A85B073
00008067
7AA02573
00008067
7AA59073
00008067
7AA5A073
00008067
7AA5B073
00008067
5A802573
00008067
5A859073
00008067
5A85A073
00008067
5A85B073
00008067
6A802573
00008067
6A859073
00008067
6A85A073
00008067
6A85B073
00008067
0005A503
00008067
0045A503
00008067
00C5A023
00008067
00C5A223
00008067
00000000
01000393
00075C63
00171413
FF240413
00045663
00C00393
0040006F
D6810113
4B012303
007304B3
4A912823
49012403
40830333
29810113
1F812403
00830333
34102473
00000013
00000013
0000A497
6F848493
00000013
00000013
00000013
00000013
00000013
00000013
0084A023
00E4A423
34302473
0084A823
30002473
0084AC23
00000013
00000013
0001B417
35C40413
00000013
00000013
00000013
00000013
00000013
00000013
007304B3
F0946663
24012403
408787B3
00179493
009787B3
0057D793
00679793
0077E7B3
00378793
02075A63
00F00413
00877433
304024F3
0084D4B3
0014F493
00B49493
0097E7B3
344024F3
0084D4B3
0014F493
00C49493
0097E7B3
300023F3
00F39393
0023D393
0021A437
FE540413
FFF44413
0083F433
0087E433
310024F3
1C04F493
00849493
00946433
00032483
00848E63
00040313
00048213
4B4003EF
80004FC8
8000FD8C
00000341
00070413
00432483
00848E63
00040313
00048213
490003EF
8000506C
8000FE8E
00000341
12074A63
34102473
00010493
0040006F
00000393
04740863
00238393
04740463
04040263
2084A383
2104A783
007787B3
00F47463
02747663
1D84A383
1E04A783
007787B3
00F47463
00747C63
1E84A383
1F04A783
007787B3
E0F47E63
E0746C63
40740433
00832483
00848E63
00040313
00048213
40C003EF
800050F4
8000FF89
00000341
34102473
342023F3
00C00793
00F38A63
00100793
00F38663
01400793
00F39663
34109073
0340006F
300027F3
000E03B7
3003A073
00045383
30079073
0033F393
00138393
0023D393
00138393
00139393
00740433
34141073
34302473
00C32483
00848E63
00040313
00048213
390003EF
80005170
8001007C
00000341
30102473
01841413
00045263
10000393
05C0006F
25C12303
26012383
26412403
26812483
26C12703
27012783
27412103
30200073
00100413
01F77393
00741433
304434F3
34443473
00832483
00848E63
00040313
00048213
328003EF
800051D8
800101EF
00000341
00000393
00000417
03C40413
00740433
00371393
00740433
FF847413
00042403
00040A63
01F41393
0003D863
00145413
F6870EE3
CD8FF06F
00040067
00000013
00000000
00000000
00000001
00000000
00000001
00000000
80041000
00000000
00000000
00000000
00000001
00000000
00000001
00000000
80041014
00000000
00000000
00000000
00000001
00000000
00000001
00000000
80041030
00000000
00000001
00000000
00000001
00000000
00000001
00000000
00000001
00000000
00000001
00000000
00000001
00000000
00000001
00000000
00000001
00000000
00000001
00000000
00000001
00000000
00000001
00000000
00000001
00000000
00000000
00000000
00000000
00000000
00000000
00000000
00000000
00000000
00000000
00000000
00000000
00000000
00000000
00000000
00000000
00000000
00000001
00000000
00000003
00000000
00000005
00000000
00000007
00000000
00000009
00000000
0000000B
00000000
0000000D
00000000
0000000F
00000000
00000011
00000000
00000013
00000000
00000015
00000000
00000017
00000000
00000019
00000000
0000001B
00000000
0000001D
00000000
0000001F
00000000
00000021
00000000
00000023
00000000
00000025
00000000
00000027
00000000
00000029
00000000
0000002B
00000000
0000002D
00000000
0000002F
00000000
00000000
00000000
00000000
00000000
00000000
00000000
00000000
00000000
00000000
00000000
00000000
00000000
00000000
00000000
00000000
00000000
300023F3
00B3D493
0034F493
FFD48413
341023F3
00000493
02040C63
29810113
310023F3
01839393
0003DA63
29810113
47012783
D6810113
0080006F
F4012783
341023F3
40F383B3
D6810113
1D812483
007483B3
25C12303
26412403
26812483
26C12703
27012783
27412103
00438067
0000A217
06820213
02522423
00122423
00022023
0880006F
0000A397
05038393
0483A023
0243A023
0253A423
0013A423
0003A023
00038213
00040293
0600006F
0000A697
02868693
06E6A823
0246A023
0256A423
0016A423
0006A023
00068213
00070293
0380006F
0000A497
00048493
0674A423
0244A023
0254A423
0014A423
00300093
0014A023
1064A823
1044AC23
00048213
00038293
0040006F
00222823
00322C23
02622823
02722C23
04822023
04922423
04A22823
04B22C23
06C22023
06D22423
06E22823
06F22C23
09022023
09122423
09222823
09322C23
0B422023
0B522423
0B622823
0B722C23
0D822023
0D922423
0DA22823
0DB22C23
0FC22023
0FD22423
0FE22823
0FF22C23
0000A497
F5C4A483
00300513
18A48663
FFA2D303
FF82D383
01031313
00736333
00F35393
01F3F393
01435413
01F47413
10822223
00341313
00620333
00032303
10622823
FF62D303
FF42D383
01031313
00736333
00030513
07F37413
00300493
0C941063
00C35413
00747413
00200493
0A941863
41435393
00F35313
01F37313
00331313
00620333
00032303
00730333
00337413
0C041263
00000013
00000013
00000013
00000013
00000013
0000C417
BF040413
00000013
00000013
00000013
00000013
00000013
00000013
08836663
00000013
00000013
00000013
00000013
00000013
00000013
00000013
0001B417
C6040413
00000013
00000013
00000013
00000013
00000013
00000013
FFC40413
04646463
00032303
10622C23
3700006F
00100413
00000013
00000013
0000A497
F5848493
00000013
00000013
00000013
00000013
00000013
00000013
0084A023
10A22C23
3380006F
00200413
00000013
00000013
00000013
00000013
0000A497
F1848493
00000013
00000013
00000013
00000013
00000013
00000013
0084A023
10622C23
2F80006F
0042A303
0000A817
EF880813
00682023
0002A303
10622423
0000A817
EE480813
00082303
0000A397
60538393
28730463
00000413
0000A817
EC080813
00882023
0000A397
60038393
00731863
00100413
00000493
2740006F
0000A397
6EA38393
00731863
00200413
00000493
25C0006F
0000A397
7CD38393
00731863
00300413
00000493
2440006F
0000B397
8A838393
00731863
00400413
00000493
22C0006F
0000B397
A0338393
00731863
00500413
00000493
2140006F
0000B397
96F38393
00731863
00600413
00000493
1FC0006F
0000B397
99538393
00731863
00700413
00000493
1E40006F
0000A397
59838393
00731863
00100413
00100493
1CC0006F
0000A397
68038393
00731863
00200413
00100493
1B40006F
0000A397
76138393
00731863
00300413
00100493
19C0006F
0000B397
83D38393
00731863
00400413
00100493
1840006F
0000B397
99638393
00731863
00500413
00100493
16C0006F
0000A397
56038393
00731863
00100413
00200493
1540006F
0000A397
64638393
00731863
00200413
00200493
13C0006F
0000A397
72538393
00731863
00300413
00200493
1240006F
0000B397
80238393
00731863
00400413
00200493
10C0006F
0000B397
95938393
00731863
00500413
00200493
0F40006F
0000A397
52938393
00731863
00100413
00300493
0DC0006F
0000A397
60D38393
00731863
00200413
00300493
0C40006F
0000A397
6EA38393
00731863
00300413
00300493
0AC0006F
0000A397
7C838393
00731863
00400413
00300493
0940006F
0000B397
91D38393
00731863
00500413
00300493
07C0006F
0000B397
94238393
00731863
00800413
00000493
0640006F
0000B397
97938393
00731863
00800413
00000493
04C0006F
0000B397
A5C38393
00731863
00800413
00100493
0340006F
0000B397
B4038393
00731863
00800413
00200493
01C0006F
0340006F
00900413
0000A817
C3C80813
00882023
0300006F
0000A817
C2C80813
00882023
0000A817
C2480813
00982023
0140006F
0000A817
C1080813
00082023
0040006F
0002A303
10622423
00035383
0033F413
00300493
00941863
00235403
01041413
0083E3B3
10722023
0042A303
12622023
00000013
00000013
00000013
00000013
0000A517
10B50513
00000013
00000013
00000013
00000013
00000013
00000013
0003C097
B24080E7
00000013
00000013
00000013
00000013
00000013
00000013
0000A517
10150513
00000013
00000013
00000013
00000013
00000013
00000013
0003C097
AE4080E7
00000013
00000013
00000013
00000013
00000013
00000013
0000A517
17850513
00000013
00000013
00000013
00000013
00000013
00000013
0003C097
AA4080E7
0000A517
B0852503
0003C097
A94080E7
00000013
00000013
0000A517
14A50513
00000013
00000013
00000013
00000013
00000013
00000013
0003C097
A64080E7
0000A517
9A852503
00300593
52B50C63
00000013
00000013
0000A517
10C50513
00000013
00000013
00000013
00000013
00000013
00000013
0003C097
A24080E7
0000A517
A6852503
02000593
00357613
00300693
00D60463
01000593
3F4010EF
00000013
00000013
00000013
00000013
00000013
00000013
0000A517
A9850513
00000013
00000013
00000013
00000013
00000013
00000013
0003C097
9C4080E7
00000013
00000013
00000013
00000013
00000013
00000013
0000A517
08050513
00000013
00000013
00000013
00000013
00000013
00000013
0003C097
984080E7
0000A517
9D052503
02000593
364010EF
00000013
00000013
0000A517
A1850513
00000013
00000013
00000013
00000013
00000013
00000013
0003C097
944080E7
00000013
00000013
00000013
00000013
00000013
00000013
0000B517
A3750513
00000013
00000013
00000013
00000013
00000013
00000013
0003C097
904080E7
0000A517
84852503
00050663
00300593
04B51063
07800593
0000A617
99860613
00000013
00000013
00000013
00000013
00000013
00000013
00B60023
00160613
0000A517
90C52503
324010EF
1180006F
00100593
04B50863
00400593
08B50A63
00500593
0CB50663
00000013
00000013
00000013
00000013
0000B517
AAD50513
00000013
00000013
00000013
00000013
00000013
00000013
0003C097
864080E7
1000006F
06600593
00000013
00000013
00000013
00000013
0000A617
8F860613
00000013
00000013
00000013
00000013
00000013
00000013
00B60023
00160613
0000A517
86C52503
284010EF
0780006F
07600593
00000013
0000A617
8B860613
00000013
00000013
00000013
00000013
00000013
00000013
00B60023
00160613
0000A517
82C52503
244010EF
0380006F
00000013
00000013
0000B517
8D050513
00000013
00000013
00000013
00000013
00000013
00000013
0003B097
7A4080E7
0400006F
00000013
00000013
00000013
00000013
00000013
0000A517
83850513
00000013
00000013
00000013
00000013
00000013
00000013
0003B097
764080E7
00000013
00000013
00000013
00000013
00000013
00000013
0000B517
86850513
00000013
00000013
00000013
00000013
00000013
00000013
0003B097
724080E7
00009517
66852503
00100593
00B51C63
00009517
76852503
02000593
0F4010EF
0140006F
00009517
75452503
02000593
0E0010EF
00000013
00009517
79850513
00000013
00000013
00000013
00000013
00000013
00000013
0003B097
6C4080E7
00009517
73052503
08051E63
00000013
00000013
00000013
0000A517
7DF50513
00000013
00000013
00000013
00000013
00000013
00000013
0003B097
684080E7
00009517
5C852503
00100593
00B51C63
00009517
6D052503
02000593
054010EF
0140006F
00009517
6BC52503
02000593
040010EF
00000013
00009517
6F850513
00000013
00000013
00000013
00000013
00000013
00000013
0003B097
624080E7
5BD0006F
00100593
06B51E63
00000013
00000013
00000013
0000A517
75650513
00000013
00000013
00000013
00000013
00000013
00000013
0003B097
5E4080E7
00009517
64052503
02000593
7C5000EF
00000013
00000013
00009517
67850513
00000013
00000013
00000013
00000013
00000013
00000013
0003B097
5A4080E7
53D0006F
00000013
00000013
00000013
00000013
00000013
0000A517
73450513
00000013
00000013
00000013
00000013
00000013
00000013
0003B097
564080E7
00009517
5C052503
02000593
745000EF
00000013
00000013
00009517
5F850513
00000013
00000013
00000013
00000013
00000013
00000013
0003B097
524080E7
4BD0006F
00009417
59442403
00900493
0A940C63
00000013
0000A517
75950513
00000013
00000013
00000013
00000013
00000013
00000013
0003B097
4E4080E7
00000013
00000013
00000013
00000013
00000013
00000013
0000A517
74550513
00000013
00000013
00000013
00000013
00000013
00000013
0003B097
4A4080E7
00009817
52080813
00082503
0003B097
490080E7
00000013
0000A517
B4A50513
00000013
00000013
00000013
00000013
00000013
00000013
0003B097
464080E7
280404E3
3400006F
00000013
00000013
00000013
00000013
0000A517
6D550513
00000013
00000013
00000013
00000013
00000013
00000013
0003B097
424080E7
00009517
48052503
02000593
605000EF
00000013
00000013
00009517
4B850513
00000013
00000013
00000013
00000013
00000013
00000013
0003B097
3E4080E7
00000013
00000013
00000013
00000013
00000013
00000013
0000A517
68050513
00000013
00000013
00000013
00000013
00000013
00000013
0003B097
3A4080E7
00009517
3F852503
02000593
585000EF
00000013
00000013
00009517
43850513
00000013
00000013
00000013
00000013
00000013
00000013
0003B097
364080E7
00009317
3B832303
00009397
3B83A383
10736A63
00000013
0000A517
62F50513
00000013
00000013
00000013
00000013
00000013
00000013
0003B097
324080E7
00000013
00000013
00000013
00000013
00000013
00000013
0000A517
65750513
00000013
00000013
00000013
00000013
00000013
00000013
0003B097
2E4080E7
00009317
33832303
00009397
3383A383
40730533
02000593
4B9000EF
00000013
00000013
00000013
00000013
00000013
00000013
00000013
00009517
35850513
00000013
00000013
00000013
00000013
00000013
00000013
0003B097
284080E7
00000013
00000013
00000013
00000013
00000013
00000013
0000A517
5DE50513
00000013
00000013
00000013
00000013
00000013
00000013
0003B097
244080E7
1DD0006F
00000013
00000013
00000013
00000013
00000013
0000A517
53B50513
00000013
00000013
00000013
00000013
00000013
00000013
0003B097
204080E7
00000013
00000013
00000013
00000013
00000013
00000013
0000A517
53750513
00000013
00000013
00000013
00000013
00000013
00000013
0003B097
1C4080E7
00009317
22032303
00009397
2103A383
40730533
02000593
399000EF
00000013
00000013
00000013
00000013
00000013
00000013
00000013
00009517
23850513
00000013
00000013
00000013
00000013
00000013
00000013
0003B097
164080E7
00000013
00000013
00000013
00000013
00000013
00000013
0000A517
5A650513
00000013
00000013
00000013
00000013
00000013
00000013
0003B097
124080E7
0BD0006F
00000013
00000013
00000013
00000013
00000013
0000A517
64D50513
00000013
00000013
00000013
00000013
00000013
00000013
0003B097
0E4080E7
00009517
15C52503
04050A63
00100593
08B50663
00200593
0CB50263
00300593
0EB50E63
00000013
00000013
00000013
00000013
00000013
0000A517
62950513
00000013
00000013
00000013
00000013
00000013
00000013
1000006F
00000013
00000013
00000013
00000013
00000013
00000013
00000013
0000A517
5C750513
00000013
00000013
00000013
00000013
00000013
00000013
0C00006F
00000013
00000013
00000013
00000013
00000013
00000013
00000013
0000A517
58F50513
00000013
00000013
00000013
00000013
00000013
00000013
0800006F
00000013
00000013
00000013
00000013
00000013
00000013
00000013
0000A517
55750513
00000013
00000013
00000013
00000013
00000013
00000013
0400006F
00000013
00000013
00000013
00000013
00000013
00000013
00000013
0000A517
52050513
00000013
00000013
00000013
00000013
00000013
00000013
0003B097
F84080E7
00000013
00000013
00000013
00000013
00000013
00000013
0000A517
4F250513
00000013
00000013
00000013
00000013
00000013
00000013
0003B097
F44080E7
00009517
FB852503
00100593
06B50863
00200593
0AB50463
00300593
0EB50063
00400593
10B50C63
00500593
14B50863
00600593
18B50463
00700593
1CB50063
00800593
1EB50C63
00000013
00000013
00000013
00000013
0000A517
5C950513
00000013
00000013
00000013
00000013
00000013
00000013
2000006F
00000013
00000013
00000013
00000013
00000013
00000013
00000013
0000A517
44C50513
00000013
00000013
00000013
00000013
00000013
00000013
1C00006F
00000013
00000013
00000013
00000013
00000013
00000013
00000013
0000A517
43D50513
00000013
00000013
00000013
00000013
00000013
00000013
1800006F
00000013
00000013
00000013
00000013
00000013
00000013
00000013
0000A517
41D50513
00000013
00000013
00000013
00000013
00000013
00000013
1400006F
00000013
00000013
00000013
00000013
00000013
00000013
00000013
0000A517
3FB50513
00000013
00000013
00000013
00000013
00000013
00000013
1000006F
00000013
00000013
00000013
00000013
00000013
00000013
00000013
0000A517
3DA50513
00000013
00000013
00000013
00000013
00000013
00000013
0C00006F
00000013
00000013
00000013
00000013
00000013
00000013
00000013
0000A517
3C250513
00000013
00000013
00000013
00000013
00000013
00000013
0800006F
00000013
00000013
00000013
00000013
00000013
00000013
00000013
0000A517
3AE50513
00000013
00000013
00000013
00000013
00000013
00000013
0400006F
00000013
00000013
00000013
00000013
00000013
00000013
00000013
0000A517
39A50513
00000013
00000013
00000013
00000013
00000013
00000013
0003B097
CC4080E7
00000013
00000013
00000013
00000013
00000013
00000013
0000A517
39850513
00000013
00000013
00000013
00000013
00000013
00000013
0003B097
C84080E7
00009517
CE052503
02000593
664000EF
00000013
00000013
00009517
D1850513
00000013
00000013
00000013
00000013
00000013
00000013
0003B097
C44080E7
00000013
00000013
00000013
00000013
00000013
00000013
0000A517
32F50513
00000013
00000013
00000013
00000013
00000013
00000013
0003B097
C04080E7
00009517
C5852503
02000593
5E4000EF
00000013
00000013
00009517
C9850513
00000013
00000013
00000013
00000013
00000013
00000013
0003B097
BC4080E7
00009517
C3852503
00200593
08B51463
00000013
00000013
0000A517
2C650513
00000013
00000013
00000013
00000013
00000013
00000013
0003B097
B84080E7
00009517
BE052503
284000EF
0003B097
B70080E7
00000013
0000A517
29D50513
00000013
00000013
00000013
00000013
00000013
00000013
0003B097
B44080E7
00009517
B9852503
244000EF
0003B097
B30080E7
00000097
314080E7
00009517
B9C52503
00100593
02B51E63
00000013
00000013
00000013
0000A517
2B350513
00000013
00000013
00000013
00000013
00000013
00000013
0003B097
AE4080E7
27C0006F
00200593
02B51E63
00000013
00000013
00000013
0000A517
34950513
00000013
00000013
00000013
00000013
00000013
00000013
0003B097
AA4080E7
23C0006F
00300593
02B51E63
00000013
00000013
00000013
0000A517
3FC50513
00000013
00000013
00000013
00000013
00000013
00000013
0003B097
A64080E7
1FC0006F
00400593
02B51E63
00000013
00000013
00000013
0000A517
4B750513
00000013
00000013
00000013
00000013
00000013
00000013
0003B097
A24080E7
1BC0006F
00500593
02B51E63
00000013
00000013
00000013
0000A517
55E50513
00000013
00000013
00000013
00000013
00000013
00000013
0003B097
9E4080E7
17C0006F
1780006F
00000013
00000013
00000013
00000013
0000A517
12B50513
00000013
00000013
00000013
00000013
00000013
00000013
0003B097
9A4080E7
00009617
A3062603
00000013
00000013
00000013
00000013
00009517
0D450513
00000013
00000013
00000013
00000013
00000013
00000013
0003B097
964080E7
00065503
01000593
00357413
00300493
00941A63
00265403
01041413
00856533
02000593
32C000EF
00000013
00000013
00000013
00000013
00009517
9D850513
00000013
00000013
00000013
00000013
00000013
00000013
0003B097
904080E7
00000097
0E8080E7
0940006F
02054263
01800593
04B55463
00009597
9C058593
00251613
00C585B3
0005A503
00008067
00100593
01F59593
00B54533
01000593
00B55E63
00009597
9F458593
00251613
00C585B3
0005A503
00008067
00000013
00000013
00000013
00000013
00000013
00000013
00000013
00009517
DFE50513
00000013
00000013
00000013
00000013
00000013
00000013
00008067
00000013
00000013
00000013
00000013
00000013
00000013
00000013
0000A517
A4C50513
00000013
00000013
00000013
00000013
00000013
00000013
0003B097
824080E7
0003B097
88C080E7
00009617
8A060613
00162023
00000013
00009517
F7550513
00000013
00000013
00000013
00000013
00000013
00000013
0003A097
7E4080E7
00009517
87052503
02000593
1C4000EF
00000013
00000013
00009517
87850513
00000013
00000013
00000013
00000013
00000013
00000013
0003A097
7A4080E7
00000013
00000013
00000013
00000013
00000013
00000013
00009517
F0550513
00000013
00000013
00000013
00000013
00000013
00000013
0003A097
764080E7
00008517
7F852503
02000593
144000EF
00000013
00000013
00008517
7F850513
00000013
00000013
00000013
00000013
00000013
00000013
0003A097
724080E7
00000013
00000013
00000013
00000013
00000013
00000013
00009517
E9550513
00000013
00000013
00000013
00000013
00000013
00000013
0003A097
6E4080E7
00008517
78052503
02000593
0C4000EF
00000013
00000013
00008517
77850513
00000013
00000013
00000013
00000013
00000013
00000013
0003A097
6A4080E7
00000013
00000013
00000013
00000013
00000013
00000013
00009517
E2550513
00000013
00000013
00000013
00000013
00000013
00000013
0003A097
664080E7
00008517
70852503
02000593
044000EF
00000013
00000013
00008517
6F850513
00000013
00000013
00000013
00000013
00000013
00000013
0003A097
624080E7
00008617
6A860613
00062083
00008067
00000013
00000013
00008617
6B860613
00000013
00000013
00000013
00000013
00000013
00000013
03000693
00D60023
07800693
00D600A3
00260613
00058693
FFC68693
00D55733
00F77713
00A00793
00F74663
05770713
0080006F
03070713
00E60023
00160613
FC069CE3
00A00693
00D60023
000600A3
00008067
00A00693
02D54663
FF650513
03100713
00D54C63
FF650513
03200713
00D54663
FF650513
03300713
00E60023
00160613
03050513
00A60023
00A00693
00D600A3
00060123
00008067
00000013
@00008000
FFFEBEEF
DEAD0001
FFFDBEEF
DEAD0002
FFFCBEEF
DEAD0003
FFFBBEEF
DEAD0004
FFFABEEF
DEAD0005
FFF9BEEF
DEAD0006
FFF8BEEF
DEAD0007
FFF7BEEF
DEAD0008
FFF6BEEF
DEAD0009
FFF5BEEF
DEAD000A
FFF4BEEF
DEAD000B
FFF3BEEF
DEAD000C
FFF2BEEF
DEAD000D
FFF1BEEF
DEAD000E
FFF0BEEF
DEAD000F
FFEFBEEF
DEAD0010
FFEEBEEF
DEAD0011
FFEDBEEF
DEAD0012
FFECBEEF
DEAD0013
FFEBBEEF
DEAD0014
FFEABEEF
DEAD0015
FFE9BEEF
DEAD0016
FFE8BEEF
DEAD0017
FFE7BEEF
DEAD0018
FFE6BEEF
DEAD0019
FFE5BEEF
DEAD001A
FFE4BEEF
DEAD001B
FFE3BEEF
DEAD001C
FFE2BEEF
DEAD001D
FFE1BEEF
DEAD001E
FFE0BEEF
DEAD001F
FFDFBEEF
DEAD0020
FFDEBEEF
DEAD0021
00000000
00000000
0000006F
0000006F
0000006F
0000006F
0000006F
0000006F
0000006F
0000006F
0000006F
0000006F
0000006F
0000006F
0000006F
0000006F
0000006F
0000006F
0000006F
0000006F
0000006F
0000006F
0000006F
0000006F
0000006F
0000006F
0000006F
0000006F
0000006F
0000006F
0000006F
0000006F
0000006F
0000006F
0000006F
0000006F
0000006F
0000006F
0000006F
0000006F
0000006F
0000006F
0000006F
0000006F
0000006F
0000006F
0000006F
0000006F
0000006F
0000006F
0000006F
0000006F
0000006F
0000006F
0000006F
0000006F
0000006F
0000006F
0000006F
0000006F
0000006F
0000006F
0000006F
0000006F
0000006F
0000006F
0000006F
0000006F
0000006F
0000006F
0000006F
0000006F
0000006F
0000006F
0000006F
0000006F
0000006F
0000006F
0000006F
0000006F
0000006F
0000006F
0000006F
0000006F
0000006F
0000006F
0000006F
0000006F
0000006F
0000006F
0000006F
0000006F
0000006F
0000006F
0000006F
0000006F
0000006F
0000006F
0000006F
0000006F
0000006F
0000006F
0000006F
0000006F
0000006F
0000006F
0000006F
0000006F
0000006F
0000006F
0000006F
0000006F
0000006F
0000006F
0000006F
0000006F
0000006F
0000006F
0000006F
0000006F
80000040
00000000
0000439C
00000000
800083B0
00000000
00008E97
00000000
80011250
00000000
0000F0B0
00000000
80000040
00000000
0000439C
00000000
80011898
00000000
00000000
00000000
00000000
00000000
80004918
00000000
00000000
00000000
00000000
00000000
00000000
00000000
00000000
00000000
DEADBEEF
DEADBEEF
DEADBEEF
DEADBEEF
DEADBEEF
DEADBEEF
DEADBEEF
DEADBEEF
DEADBEEF
DEADBEEF
DEADBEEF
DEADBEEF
DEADBEEF
DEADBEEF
DEADBEEF
DEADBEEF
00000000
00000000
285372AB
6E6F3F5F
D1328B83
9F453B89
545E00CE
E27F2A68
6BB34C5C
D88F2867
B3044A46
2ADE23DC
243548A0
7491EFEB
7B70F30C
574AA154
61839AD4
F99543C1
67730351
4BD59F0E
207C27E5
F7F4B96C
3EEFD6BA
E7105809
CC88457F
24EA883E
EAEA8413
C55AE84D
DD56E6D8
05688D0E
91CE35CF
6E7FFFE5
A51A018F
5BC84684
F154AFC1
B4F6BE9B
41C32EED
426C648C
F12AF78D
B626BE09
C4B476D7
50EC5171
03357A27
5D65E199
65745BF5
959CBFA0
379E860C
6C0B505F
2CA26578
B5AC2B69
230A96C3
BD084F43
213AA46C
B2CF1D2A
166DACD0
3DE73289
8E5A6C32
2C0F42E2
388BC7B0
D3D0A350
CBA77E37
33397F52
19BAF92F
DDD0FD7D
C58EA0E1
C2B1056F
41FC3C36
F2D8368B
C7458881
DEEA0EA3
6D86305E
868A5C46
E236C81E
BDD35F25
B1C5FD9B
AB606479
AE94E26F
479D7E70
CCFB9530
4498EF67
77234F21
71E1C825
291D6451
B4C35511
FA2F3B2E
AB4FC974
4DAD6D72
FF0ECEC9
69A0B071
9EE2A3AD
99AC6FD7
78BF1CFB
D79539B9
5DCF363B
E3184CDC
8B178A38
FAF3F1D5
30335BFE
F5472C12
52DD6825
3711D718
704CEA39
711E3DF3
D94D62A3
E4E2612E
7C0EE000
AAEF4D82
45D16DB7
2ED864E9
01857C4C
4E4BA269
F6BBA723
98314AFF
EDE01E48
F60521B8
27016C8B
B163A6BE
69BE7752
9DDA2D5A
898BD1BB
E8F5D33B
4E7F4CB1
B9E113B4
70D3EDF5
AD440DAA
D2DE87D0
8E8AE63F
65C1639B
7778DE7F
F217CE12
16AF1666
C18402FD
A4892B02
5274D9D6
95B8020A
21169E5A
C414314B
6B01A3D0
04B29FC7
F7441B69
53C441E9
4D7757E5
4FF2448B
F40A33E6
EE87A3D9
76BECDB5
C518F4CB
A9751431
C8F22A12
0CE9CEE4
50840A65
E674317C
F7D1E2FF
8C3B1190
28D050B3
3FC53961
3A5CB020
BAFB45AB
695E0C23
EEDAF9E4
9A99851E
60E202A7
8DBDCA4E
586387D5
DAEAD590
D1A5F8FC
4503E9C7
DD15D457
96ED6AD0
480B68EF
3C6F9288
D7B9DEF8
C7D4EE36
D0F01DA3
337DC7FE
01AD799F
AF8F60F3
992216C9
6F7AD382
47069646
6C7B3E1E
16117715
083BF343
6146C3C6
CEFC46CB
642DFAB0
59A4A6B3
27EBFFC2
46535800
F76716FC
00780ABD
735508EE
00000000
E156EB36
00000001
11842147
00000002
87FD8256
80000000
958BD2A7
80000001
A70F1A60
7FFFFFFF
E950985D
7FFFFFFE
4C3892EA
FFFFFFFF
0FA3821F
FFFFFFFE
1D8B5E69
5BBC8872
DCD33E27
AAAAAAAA
48349ACB
55555555
C387EE26
82121678
00000000
98FBABEA
00000001
8296DEDC
00000002
65ED62DF
80000000
B0394FDB
80000001
ACDBC2D4
7FFFFFFF
3C9E76D8
7FFFFFFE
AB1E4206
FFFFFFFF
8C0F826F
FFFFFFFE
F52B9FCA
5BBC8872
3A259C35
AAAAAAAA
0B54445B
55555555
00000000
00000000
00000000
00000001
00000000
00000002
00000000
80000000
00000000
80000001
00000000
7FFFFFFF
00000000
7FFFFFFE
00000000
FFFFFFFF
00000000
FFFFFFFE
00000000
5BBC8872
00000000
AAAAAAAA
00000000
55555555
00000001
00000000
00000001
00000001
00000001
00000002
00000001
80000000
00000001
80000001
00000001
7FFFFFFF
00000001
7FFFFFFE
00000001
FFFFFFFF
00000001
FFFFFFFE
00000001
5BBC8872
00000001
AAAAAAAA
00000001
55555555
00000002
00000000
00000002
00000001
00000002
00000002
00000002
80000000
00000002
80000001
00000002
7FFFFFFF
00000002
7FFFFFFE
00000002
FFFFFFFF
00000002
FFFFFFFE
00000002
5BBC8872
00000002
AAAAAAAA
00000002
55555555
80000000
00000000
80000000
00000001
80000000
00000002
80000000
80000000
80000000
80000001
80000000
7FFFFFFF
80000000
7FFFFFFE
80000000
FFFFFFFF
80000000
FFFFFFFE
80000000
5BBC8872
80000000
AAAAAAAA
80000000
55555555
80000001
00000000
80000001
00000001
80000001
00000002
80000001
80000000
80000001
80000001
80000001
7FFFFFFF
80000001
7FFFFFFE
80000001
FFFFFFFF
80000001
FFFFFFFE
80000001
5BBC8872
80000001
AAAAAAAA
80000001
55555555
7FFFFFFF
00000000
7FFFFFFF
00000001
7FFFFFFF
00000002
7FFFFFFF
80000000
7FFFFFFF
80000001
7FFFFFFF
7FFFFFFF
7FFFFFFF
7FFFFFFE
7FFFFFFF
FFFFFFFF
7FFFFFFF
FFFFFFFE
7FFFFFFF
5BBC8872
7FFFFFFF
AAAAAAAA
7FFFFFFF
55555555
7FFFFFFE
00000000
7FFFFFFE
00000001
7FFFFFFE
00000002
7FFFFFFE
80000000
7FFFFFFE
80000001
7FFFFFFE
7FFFFFFF
7FFFFFFE
7FFFFFFE
7FFFFFFE
FFFFFFFF
7FFFFFFE
FFFFFFFE
7FFFFFFE
5BBC8872
7FFFFFFE
AAAAAAAA
7FFFFFFE
55555555
FFFFFFFF
00000000
FFFFFFFF
00000001
FFFFFFFF
00000002
FFFFFFFF
80000000
FFFFFFFF
80000001
FFFFFFFF
7FFFFFFF
FFFFFFFF
7FFFFFFE
FFFFFFFF
FFFFFFFF
FFFFFFFF
FFFFFFFE
FFFFFFFF
5BBC8872
FFFFFFFF
AAAAAAAA
FFFFFFFF
55555555
FFFFFFFE
00000000
FFFFFFFE
00000001
FFFFFFFE
00000002
FFFFFFFE
80000000
FFFFFFFE
80000001
FFFFFFFE
7FFFFFFF
FFFFFFFE
7FFFFFFE
FFFFFFFE
FFFFFFFF
FFFFFFFE
FFFFFFFE
FFFFFFFE
5BBC8872
FFFFFFFE
AAAAAAAA
FFFFFFFE
55555555
5BBC8872
00000000
5BBC8872
00000001
5BBC8872
00000002
5BBC8872
80000000
5BBC8872
80000001
5BBC8872
7FFFFFFF
5BBC8872
7FFFFFFE
5BBC8872
FFFFFFFF
5BBC8872
FFFFFFFE
5BBC8872
5BBC8872
5BBC8872
AAAAAAAA
5BBC8872
55555555
AAAAAAAA
00000000
AAAAAAAA
00000001
AAAAAAAA
00000002
AAAAAAAA
80000000
AAAAAAAA
80000001
AAAAAAAA
7FFFFFFF
AAAAAAAA
7FFFFFFE
AAAAAAAA
FFFFFFFF
AAAAAAAA
FFFFFFFE
AAAAAAAA
5BBC8872
AAAAAAAA
AAAAAAAA
AAAAAAAA
55555555
55555555
00000000
55555555
00000001
55555555
00000002
55555555
80000000
55555555
80000001
55555555
7FFFFFFF
55555555
7FFFFFFE
55555555
FFFFFFFF
55555555
FFFFFFFE
55555555
5BBC8872
55555555
AAAAAAAA
55555555
55555555
860ECF9C
A6C308D9
9EC5B159
7844819B
95352939
9AD19626
9DB25A93
82D4FDE7
600BDB69
17D776D0
01254C71
D37212F9
46C4EA3A
F2ED51BC
81C95331
D50E49CF
18B333B8
942A4DD8
82830E8A
4F26921A
00567768
9382D6B5
C0C119A0
74DC3B53
1C1D2696
EBCAC179
F583F026
E5C2FE41
9C6D8E9F
DEA60E48
66026BC9
1E4727E3
D617D180
2E94222E
37256B30
D69610AF
F669932A
CC8E6C61
9AF179E0
33BA3AAB
F51AA194
F32F2EC1
BCE64F33
6FCD874B
28218A22
BBBC9E54
2109E6BD
8490A0B5
F2F00E99
E76A4FE5
09ACAE6F
3C4A1383
B7478B29
A3E99DF8
A590AA70
E7BF46D1
54A3D423
E046DB4F
F032C2B8
90124342
437D5817
55F5297B
52C2EDF3
DF3A0FEC
E79AAB34
01A9452C
FF44BE4F
D9221184
193043C1
084AC076
695A5E40
082408A4
F84BAE54
F85DB3D8
DBC47A8F
14E1A1DF
EA8B24F2
51701AFA
0E319EAF
9C1797A0
ED75A5B0
FDD2E376
FE902E41
45BC0D22
0BF00BCA
F8F9C1BF
E7D67EE1
B932A598
B80BC4A1
536AD5F8
B08A1324
9890E833
0E38717F
50CA6605
6DADDE66
BEE2A0BE
6D367135
E7AD7122
696A29AE
A3AB77D3
38F7167D
D0C881C4
4B9D6E6F
69ECFB1B
B36775C2
9D18CD7E
154ACB95
577D0CE9
A5E54546
79E764E8
3800F2D3
170C6BF2
826E1341
D636880D
53BA50A3
69899B86
19C5F11F
CDDDFBE1
AABD539A
CDEE2E47
9932952D
598E8E49
ADAD9FE2
64D7663C
503D9BA9
27E4FE9F
034F075D
10ACB036
D7C5CF98
79B7B2F7
3515ED10
4E9493C0
B0E56423
056EF4B6
874B00F4
241B5363
6116F3A1
822DA291
B58D6122
9C349AD5
D1257B73
49C6241F
5072B7BE
5048303E
3E975BB7
9C8B5428
45BAB123
75687E2F
CB42D337
1F381795
ECD6610C
B7FE638B
5567B2F1
A573C672
FF0E9EA0
60F69DE8
14134A6B
3AFC79C0
2FE09824
BF0F00C0
5D12583B
BFEF8E89
5C76C807
83E2EB62
A187CDD2
60C1A298
B2B87F38
C19E0525
B1354033
4FD16381
89C7FCE9
FCBB7EEA
D264CD70
AEFDBCA6
326F39E0
291B8AB8
246B48F3
53690032
D8A552CE
DC11F17E
FDC66432
82605754
9D4849E3
8919D898
2D62BAAD
73553FDA
0415B64C
38BF7F45
D3AA6F16
73D7330A
7124DB80
5C5947FA
145F7487
B45ACCBA
94925ED7
68DAEFC6
616A0DB9
3028D02D
ACE36B39
C4A0422D
DE35B6B8
55CB4477
BA112BC0
0DAD7229
C7EECC6D
0FE4F99D
55D2F33F
02F2A226
CCC70311
91FE170E
025921E5
BF6932C7
6979A06D
6C6466AE
E560BFD7
DDC4A4E6
0CD6A836
1CFA47AD
6EB141E6
502D73D9
ECF76ECA
3C7FB709
6492FEED
167E31FA
697B555F
FA9669D9
3652F22C
FE10A937
16A7505E
FFE432F9
1F552062
8D48E8B5
57808EFE
6AB44569
DE02DB1A
059F64BE
EE2F794A
DA5E3325
5FFF4D52
D07FEABD
87920F2B
08AB4274
E5EE36F6
1BCBA84F
C51A4126
EF73CD24
4969E0C1
958DB60C
9FB05992
E418C4B5
73657422
31203A74
6763203B
5F49203A
75746C73
3B67635F
3A706320
5F706320
3B317372
6E696220
3062203A
74220022
3A747365
203B3220
203A6763
6C735F49
635F7574
63203B67
63203A70
73725F70
62203B31
203A6E69
00223162
73657422
33203A74
6763203B
5F49203A
75746C73
3B67635F
3A706320
5F706320
3B317372
6E696220
3262203A
74220022
3A747365
203B3420
203A6763
6C735F49
635F7574
63203B67
63203A70
73725F70
62203B31
203A6E69
00223362
73657422
35203A74
6763203B
5F49203A
75746C73
3B67635F
3A706320
5F706320
3B317372
6E696220
3462203A
74220022
3A747365
203B3620
203A6763
6C735F49
635F7574
63203B67
63203A70
73725F70
62203B31
203A6E69
00223562
73657422
37203A74
6763203B
5F49203A
75746C73
3B67635F
3A706320
5F706320
3B317372
6E696220
3662203A
74220022
3A747365
203B3820
203A6763
6C735F49
635F7574
63203B67
63203A70
73725F70
62203B31
203A6E69
00223762
73657422
39203A74
6763203B
5F49203A
75746C73
3B67635F
3A706320
5F706320
3B317372
6E696220
3862203A
74220022
3A747365
3B303120
3A676320
735F4920
5F75746C
203B6763
203A7063
725F7063
203B3173
3A6E6962
22396220
65742200
203A7473
203B3131
203A6763
6C735F49
635F7574
63203B67
63203A70
73725F70
62203B31
203A6E69
22303162
65742200
203A7473
203B3231
203A6763
6C735F49
635F7574
63203B67
63203A70
73725F70
62203B31
203A6E69
22313162
65742200
203A7473
203B3331
203A6763
6C735F49
635F7574
63203B67
63203A70
73725F70
62203B31
203A6E69
22323162
65742200
203A7473
203B3431
203A6763
6C735F49
635F7574
63203B67
63203A70
73725F70
62203B31
203A6E69
22333162
65742200
203A7473
203B3531
203A6763
6C735F49
635F7574
63203B67
63203A70
73725F70
62203B31
203A6E69
22343162
65742200
203A7473
203B3631
203A6763
6C735F49
635F7574
63203B67
63203A70
73725F70
62203B31
203A6E69
22353162
65742200
203A7473
203B3731
203A6763
6C735F49
635F7574
63203B67
63203A70
73725F70
62203B31
203A6E69
22363162
65742200
203A7473
203B3831
203A6763
6C735F49
635F7574
63203B67
63203A70
73725F70
62203B31
203A6E69
22373162
65742200
203A7473
203B3931
203A6763
6C735F49
635F7574
63203B67
63203A70
73725F70
62203B31
203A6E69
22383162
65742200
203A7473
203B3032
203A6763
6C735F49
635F7574
63203B67
63203A70
73725F70
62203B31
203A6E69
22393162
65742200
203A7473
203B3132
203A6763
6C735F49
635F7574
63203B67
63203A70
73725F70
62203B31
203A6E69
22303262
65742200
203A7473
203B3232
203A6763
6C735F49
635F7574
63203B67
63203A70
73725F70
62203B31
203A6E69
22313262
65742200
203A7473
203B3332
203A6763
6C735F49
635F7574
63203B67
63203A70
73725F70
62203B31
203A6E69
22323262
65742200
203A7473
203B3432
203A6763
6C735F49
635F7574
63203B67
63203A70
73725F70
62203B31
203A6E69
22333262
65742200
203A7473
203B3532
203A6763
6C735F49
635F7574
63203B67
63203A70
73725F70
62203B31
203A6E69
22343262
65742200
203A7473
203B3632
203A6763
6C735F49
635F7574
63203B67
63203A70
73725F70
62203B31
203A6E69
22353262
65742200
203A7473
203B3732
203A6763
6C735F49
635F7574
63203B67
63203A70
73725F70
62203B31
203A6E69
22363262
65742200
203A7473
203B3832
203A6763
6C735F49
635F7574
63203B67
63203A70
73725F70
62203B31
203A6E69
22373262
65742200
203A7473
203B3932
203A6763
6C735F49
635F7574
63203B67
63203A70
73725F70
62203B31
203A6E69
22383262
65742200
203A7473
203B3033
203A6763
6C735F49
635F7574
63203B67
63203A70
73725F70
62203B31
203A6E69
22393262
65742200
203A7473
203B3133
203A6763
6C735F49
635F7574
63203B67
63203A70
73725F70
62203B31
203A6E69
22303362
65742200
203A7473
203B3233
203A6763
6C735F49
635F7574
63203B67
63203A70
73725F70
62203B31
203A6E69
22313362
65742200
203A7473
203B3333
203A6763
6C735F49
635F7574
63203B67
63203A70
73725F70
62203B32
203A6E69
00223062
73657422
33203A74
63203B34
49203A67
746C735F
67635F75
7063203B
7063203A
3273725F
6962203B
62203A6E
22002231
74736574
3533203A
6763203B
5F49203A
75746C73
3B67635F
3A706320
5F706320
3B327372
6E696220
3262203A
74220022
3A747365
3B363320
3A676320
735F4920
5F75746C
203B6763
203A7063
725F7063
203B3273
3A6E6962
22336220
65742200
203A7473
203B3733
203A6763
6C735F49
635F7574
63203B67
63203A70
73725F70
62203B32
203A6E69
00223462
73657422
33203A74
63203B38
49203A67
746C735F
67635F75
7063203B
7063203A
3273725F
6962203B
62203A6E
22002235
74736574
3933203A
6763203B
5F49203A
75746C73
3B67635F
3A706320
5F706320
3B327372
6E696220
3662203A
74220022
3A747365
3B303420
3A676320
735F4920
5F75746C
203B6763
203A7063
725F7063
203B3273
3A6E6962
22376220
65742200
203A7473
203B3134
203A6763
6C735F49
635F7574
63203B67
63203A70
73725F70
62203B32
203A6E69
00223862
73657422
34203A74
63203B32
49203A67
746C735F
67635F75
7063203B
7063203A
3273725F
6962203B
62203A6E
22002239
74736574
3334203A
6763203B
5F49203A
75746C73
3B67635F
3A706320
5F706320
3B327372
6E696220
3162203A
22002230
74736574
3434203A
6763203B
5F49203A
75746C73
3B67635F
3A706320
5F706320
3B327372
6E696220
3162203A
22002231
74736574
3534203A
6763203B
5F49203A
75746C73
3B67635F
3A706320
5F706320
3B327372
6E696220
3162203A
22002232
74736574
3634203A
6763203B
5F49203A
75746C73
3B67635F
3A706320
5F706320
3B327372
6E696220
3162203A
22002233
74736574
3734203A
6763203B
5F49203A
75746C73
3B67635F
3A706320
5F706320
3B327372
6E696220
3162203A
22002234
74736574
3834203A
6763203B
5F49203A
75746C73
3B67635F
3A706320
5F706320
3B327372
6E696220
3162203A
22002235
74736574
3934203A
6763203B
5F49203A
75746C73
3B67635F
3A706320
5F706320
3B327372
6E696220
3162203A
22002236
74736574
3035203A
6763203B
5F49203A
75746C73
3B67635F
3A706320
5F706320
3B327372
6E696220
3162203A
22002237
74736574
3135203A
6763203B
5F49203A
75746C73
3B67635F
3A706320
5F706320
3B327372
6E696220
3162203A
22002238
74736574
3235203A
6763203B
5F49203A
75746C73
3B67635F
3A706320
5F706320
3B327372
6E696220
3162203A
22002239
74736574
3335203A
6763203B
5F49203A
75746C73
3B67635F
3A706320
5F706320
3B327372
6E696220
3262203A
22002230
74736574
3435203A
6763203B
5F49203A
75746C73
3B67635F
3A706320
5F706320
3B327372
6E696220
3262203A
22002231
74736574
3535203A
6763203B
5F49203A
75746C73
3B67635F
3A706320
5F706320
3B327372
6E696220
3262203A
22002232
74736574
3635203A
6763203B
5F49203A
75746C73
3B67635F
3A706320
5F706320
3B327372
6E696220
3262203A
22002233
74736574
3735203A
6763203B
5F49203A
75746C73
3B67635F
3A706320
5F706320
3B327372
6E696220
3262203A
22002234
74736574
3835203A
6763203B
5F49203A
75746C73
3B67635F
3A706320
5F706320
3B327372
6E696220
3262203A
22002235
74736574
3935203A
6763203B
5F49203A
75746C73
3B67635F
3A706320
5F706320
3B327372
6E696220
3262203A
22002236
74736574
3036203A
6763203B
5F49203A
75746C73
3B67635F
3A706320
5F706320
3B327372
6E696220
3262203A
22002237
74736574
3136203A
6763203B
5F49203A
75746C73
3B67635F
3A706320
5F706320
3B327372
6E696220
3262203A
22002238
74736574
3236203A
6763203B
5F49203A
75746C73
3B67635F
3A706320
5F706320
3B327372
6E696220
3262203A
22002239
74736574
3336203A
6763203B
5F49203A
75746C73
3B67635F
3A706320
5F706320
3B327372
6E696220
3362203A
22002230
74736574
3436203A
6763203B
5F49203A
75746C73
3B67635F
3A706320
5F706320
3B327372
6E696220
3362203A
22002231
74736574
3536203A
6763203B
5F49203A
75746C73
3B67635F
3A706320
5F706320
6E5F6472
203B3078
3A6E6962
22316220
65742200
203A7473
203B3636
203A6763
6C735F49
635F7574
63203B67
63203A70
64725F70
30786E5F
6962203B
62203A6E
22002232
74736574
3736203A
6763203B
5F49203A
75746C73
3B67635F
3A706320
5F706320
6E5F6472
203B3078
3A6E6962
22336220
65742200
203A7473
203B3836
203A6763
6C735F49
635F7574
63203B67
63203A70
64725F70
30786E5F
6962203B
62203A6E
22002234
74736574
3936203A
6763203B
5F49203A
75746C73
3B67635F
3A706320
5F706320
6E5F6472
203B3078
3A6E6962
22356220
65742200
203A7473
203B3037
203A6763
6C735F49
635F7574
63203B67
63203A70
64725F70
30786E5F
6962203B
62203A6E
22002236
74736574
3137203A
6763203B
5F49203A
75746C73
3B67635F
3A706320
5F706320
6E5F6472
203B3078
3A6E6962
22376220
65742200
203A7473
203B3237
203A6763
6C735F49
635F7574
63203B67
63203A70
64725F70
30786E5F
6962203B
62203A6E
22002238
74736574
3337203A
6763203B
5F49203A
75746C73
3B67635F
3A706320
5F706320
6E5F6472
203B3078
3A6E6962
22396220
65742200
203A7473
203B3437
203A6763
6C735F49
635F7574
63203B67
63203A70
64725F70
30786E5F
6962203B
62203A6E
00223031
73657422
37203A74
63203B35
49203A67
746C735F
67635F75
7063203B
7063203A
5F64725F
3B30786E
6E696220
3162203A
22002231
74736574
3637203A
6763203B
5F49203A
75746C73
3B67635F
3A706320
5F706320
6E5F6472
203B3078
3A6E6962
32316220
74220022
3A747365
3B373720
3A676320
735F4920
5F75746C
203B6763
203A7063
725F7063
786E5F64
62203B30
203A6E69
22333162
65742200
203A7473
203B3837
203A6763
6C735F49
635F7574
63203B67
63203A70
64725F70
30786E5F
6962203B
62203A6E
00223431
73657422
37203A74
63203B39
49203A67
746C735F
67635F75
7063203B
7063203A
5F64725F
3B30786E
6E696220
3162203A
22002235
74736574
3038203A
6763203B
5F49203A
75746C73
3B67635F
3A706320
5F706320
6E5F6472
203B3078
3A6E6962
36316220
74220022
3A747365
3B313820
3A676320
735F4920
5F75746C
203B6763
203A7063
725F7063
786E5F64
62203B30
203A6E69
22373162
65742200
203A7473
203B3238
203A6763
6C735F49
635F7574
63203B67
63203A70
64725F70
30786E5F
6962203B
62203A6E
00223831
73657422
38203A74
63203B33
49203A67
746C735F
67635F75
7063203B
7063203A
5F64725F
3B30786E
6E696220
3162203A
22002239
74736574
3438203A
6763203B
5F49203A
75746C73
3B67635F
3A706320
5F706320
6E5F6472
203B3078
3A6E6962
30326220
74220022
3A747365
3B353820
3A676320
735F4920
5F75746C
203B6763
203A7063
725F7063
786E5F64
62203B30
203A6E69
22313262
65742200
203A7473
203B3638
203A6763
6C735F49
635F7574
63203B67
63203A70
64725F70
30786E5F
6962203B
62203A6E
00223232
73657422
38203A74
63203B37
49203A67
746C735F
67635F75
7063203B
7063203A
5F64725F
3B30786E
6E696220
3262203A
22002233
74736574
3838203A
6763203B
5F49203A
75746C73
3B67635F
3A706320
5F706320
6E5F6472
203B3078
3A6E6962
34326220
74220022
3A747365
3B393820
3A676320
735F4920
5F75746C
203B6763
203A7063
725F7063
786E5F64
62203B30
203A6E69
22353262
65742200
203A7473
203B3039
203A6763
6C735F49
635F7574
63203B67
63203A70
64725F70
30786E5F
6962203B
62203A6E
00223632
73657422
39203A74
63203B31
49203A67
746C735F
67635F75
7063203B
7063203A
5F64725F
3B30786E
6E696220
3262203A
22002237
74736574
3239203A
6763203B
5F49203A
75746C73
3B67635F
3A706320
5F706320
6E5F6472
203B3078
3A6E6962
38326220
74220022
3A747365
3B333920
3A676320
735F4920
5F75746C
203B6763
203A7063
725F7063
786E5F64
62203B30
203A6E69
22393262
65742200
203A7473
203B3439
203A6763
6C735F49
635F7574
63203B67
63203A70
64725F70
30786E5F
6962203B
62203A6E
00223033
73657422
39203A74
63203B35
49203A67
746C735F
67635F75
7063203B
7063203A
5F64725F
3B30786E
6E696220
3362203A
22002231
74736574
3639203A
6763203B
5F49203A
75746C73
3B67635F
3A706320
5F706320
5F317372
65676465
62203B73
203A6E69
22307830
65742200
203A7473
203B3739
203A6763
6C735F49
635F7574
63203B67
63203A70
73725F70
64655F31
3B736567
6E696220
7830203A
22002231
74736574
3839203A
6763203B
5F49203A
75746C73
3B67635F
3A706320
5F706320
5F317372
65676465
62203B73
203A6E69
22327830
65742200
203A7473
203B3939
203A6763
6C735F49
635F7574
63203B67
63203A70
73725F70
64655F31
3B736567
6E696220
7830203A
30303038
30303030
74220022
3A747365
30303120
6763203B
5F49203A
75746C73
3B67635F
3A706320
5F706320
5F317372
65676465
62203B73
203A6E69
30387830
30303030
00223130
73657422
31203A74
203B3130
203A6763
6C735F49
635F7574
63203B67
63203A70
73725F70
64655F31
3B736567
6E696220
7830203A
66666637
66666666
74220022
3A747365
32303120
6763203B
5F49203A
75746C73
3B67635F
3A706320
5F706320
5F317372
65676465
62203B73
203A6E69
66377830
66666666
00226566
73657422
31203A74
203B3330
203A6763
6C735F49
635F7574
63203B67
63203A70
73725F70
64655F31
3B736567
6E696220
7830203A
66666666
66666666
74220022
3A747365
34303120
6763203B
5F49203A
75746C73
3B67635F
3A706320
5F706320
5F317372
65676465
62203B73
203A6E69
66667830
66666666
00226566
73657422
31203A74
203B3530
203A6763
6C735F49
635F7574
63203B67
63203A70
73725F70
64655F31
3B736567
6E696220
7830203A
63626235
32373838
74220022
3A747365
36303120
6763203B
5F49203A
75746C73
3B67635F
3A706320
5F706320
5F317372
65676465
62203B73
203A6E69
61617830
61616161
00226161
73657422
31203A74
203B3730
203A6763
6C735F49
635F7574
63203B67
63203A70
73725F70
64655F31
3B736567
6E696220
7830203A
35353535
35353535
74220022
3A747365
38303120
6763203B
5F49203A
75746C73
3B67635F
3A706320
5F706320
5F327372
65676465
62203B73
203A6E69
22307830
65742200
203A7473
3B393031
3A676320
735F4920
5F75746C
203B6763
203A7063
725F7063
655F3273
73656764
6962203B
30203A6E
00223178
73657422
31203A74
203B3031
203A6763
6C735F49
635F7574
63203B67
63203A70
73725F70
64655F32
3B736567
6E696220
7830203A
22002232
74736574
3131203A
63203B31
49203A67
746C735F
67635F75
7063203B
7063203A
3273725F
6764655F
203B7365
3A6E6962
38783020
30303030
22303030
65742200
203A7473
3B323131
3A676320
735F4920
5F75746C
203B6763
203A7063
725F7063
655F3273
73656764
6962203B
30203A6E
30303878
30303030
22002231
74736574
3131203A
63203B33
49203A67
746C735F
67635F75
7063203B
7063203A
3273725F
6764655F
203B7365
3A6E6962
37783020
66666666
22666666
65742200
203A7473
3B343131
3A676320
735F4920
5F75746C
203B6763
203A7063
725F7063
655F3273
73656764
6962203B
30203A6E
66663778
66666666
22002265
74736574
3131203A
63203B35
49203A67
746C735F
67635F75
7063203B
7063203A
3273725F
6764655F
203B7365
3A6E6962
66783020
66666666
22666666
65742200
203A7473
3B363131
3A676320
735F4920
5F75746C
203B6763
203A7063
725F7063
655F3273
73656764
6962203B
30203A6E
66666678
66666666
22002265
74736574
3131203A
63203B37
49203A67
746C735F
67635F75
7063203B
7063203A
3273725F
6764655F
203B7365
3A6E6962
35783020
38636262
22323738
65742200
203A7473
3B383131
3A676320
735F4920
5F75746C
203B6763
203A7063
725F7063
655F3273
73656764
6962203B
30203A6E
61616178
61616161
22002261
74736574
3131203A
63203B39
49203A67
746C735F
67635F75
7063203B
7063203A
3273725F
6764655F
203B7365
3A6E6962
35783020
35353535
22353535
65742200
203A7473
3B303231
3A676320
735F4920
5F75746C
203B6763
203A7063
725F7263
725F3173
655F3273
73656764
6962203B
72203A6E
61763173
78303D6C
72202C30
61763273
78303D6C
22002230
74736574
3231203A
63203B31
49203A67
746C735F
67635F75
7063203B
7263203A
3173725F
3273725F
6764655F
203B7365
3A6E6962
31737220
3D6C6176
2C307830
32737220
3D6C6176
22317830
65742200
203A7473
3B323231
3A676320
735F4920
5F75746C
203B6763
203A7063
725F7263
725F3173
655F3273
73656764
6962203B
72203A6E
61763173
78303D6C
72202C30
61763273
78303D6C
22002232
74736574
3231203A
63203B33
49203A67
746C735F
67635F75
7063203B
7263203A
3173725F
3273725F
6764655F
203B7365
3A6E6962
31737220
3D6C6176
2C307830
32737220
3D6C6176
30387830
30303030
00223030
73657422
31203A74
203B3432
203A6763
6C735F49
635F7574
63203B67
63203A70
73725F72
73725F31
64655F32
3B736567
6E696220
7372203A
6C617631
3078303D
7372202C
6C617632
3878303D
30303030
22313030
65742200
203A7473
3B353231
3A676320
735F4920
5F75746C
203B6763
203A7063
725F7263
725F3173
655F3273
73656764
6962203B
72203A6E
61763173
78303D6C
72202C30
61763273
78303D6C
66666637
66666666
74220022
3A747365
36323120
6763203B
5F49203A
75746C73
3B67635F
3A706320
5F726320
5F317372
5F327372
65676465
62203B73
203A6E69
76317372
303D6C61
202C3078
76327372
303D6C61
66663778
66666666
22002265
74736574
3231203A
63203B37
49203A67
746C735F
67635F75
7063203B
7263203A
3173725F
3273725F
6764655F
203B7365
3A6E6962
31737220
3D6C6176
2C307830
32737220
3D6C6176
66667830
66666666
00226666
73657422
31203A74
203B3832
203A6763
6C735F49
635F7574
63203B67
63203A70
73725F72
73725F31
64655F32
3B736567
6E696220
7372203A
6C617631
3078303D
7372202C
6C617632
6678303D
66666666
22656666
65742200
203A7473
3B393231
3A676320
735F4920
5F75746C
203B6763
203A7063
725F7263
725F3173
655F3273
73656764
6962203B
72203A6E
61763173
78303D6C
72202C30
61763273
78303D6C
63626235
32373838
74220022
3A747365
30333120
6763203B
5F49203A
75746C73
3B67635F
3A706320
5F726320
5F317372
5F327372
65676465
62203B73
203A6E69
76317372
303D6C61
202C3078
76327372
303D6C61
61616178
61616161
22002261
74736574
3331203A
63203B31
49203A67
746C735F
67635F75
7063203B
7263203A
3173725F
3273725F
6764655F
203B7365
3A6E6962
31737220
3D6C6176
2C307830
32737220
3D6C6176
35357830
35353535
00223535
73657422
31203A74
203B3233
203A6763
6C735F49
635F7574
63203B67
63203A70
73725F72
73725F31
64655F32
3B736567
6E696220
7372203A
6C617631
3178303D
7372202C
6C617632
3078303D
74220022
3A747365
33333120
6763203B
5F49203A
75746C73
3B67635F
3A706320
5F726320
5F317372
5F327372
65676465
62203B73
203A6E69
76317372
303D6C61
202C3178
76327372
303D6C61
00223178
73657422
31203A74
203B3433
203A6763
6C735F49
635F7574
63203B67
63203A70
73725F72
73725F31
64655F32
3B736567
6E696220
7372203A
6C617631
3178303D
7372202C
6C617632
3278303D
74220022
3A747365
35333120
6763203B
5F49203A
75746C73
3B67635F
3A706320
5F726320
5F317372
5F327372
65676465
62203B73
203A6E69
76317372
303D6C61
202C3178
76327372
303D6C61
30303878
30303030
22002230
74736574
3331203A
63203B36
49203A67
746C735F
67635F75
7063203B
7263203A
3173725F
3273725F
6764655F
203B7365
3A6E6962
31737220
3D6C6176
2C317830
32737220
3D6C6176
30387830
30303030
00223130
73657422
31203A74
203B3733
203A6763
6C735F49
635F7574
63203B67
63203A70
73725F72
73725F31
64655F32
3B736567
6E696220
7372203A
6C617631
3178303D
7372202C
6C617632
3778303D
66666666
22666666
65742200
203A7473
3B383331
3A676320
735F4920
5F75746C
203B6763
203A7063
725F7263
725F3173
655F3273
73656764
6962203B
72203A6E
61763173
78303D6C
72202C31
61763273
78303D6C
66666637
65666666
74220022
3A747365
39333120
6763203B
5F49203A
75746C73
3B67635F
3A706320
5F726320
5F317372
5F327372
65676465
62203B73
203A6E69
76317372
303D6C61
202C3178
76327372
303D6C61
66666678
66666666
22002266
74736574
3431203A
63203B30
49203A67
746C735F
67635F75
7063203B
7263203A
3173725F
3273725F
6764655F
203B7365
3A6E6962
31737220
3D6C6176
2C317830
32737220
3D6C6176
66667830
66666666
00226566
73657422
31203A74
203B3134
203A6763
6C735F49
635F7574
63203B67
63203A70
73725F72
73725F31
64655F32
3B736567
6E696220
7372203A
6C617631
3178303D
7372202C
6C617632
3578303D
38636262
22323738
65742200
203A7473
3B323431
3A676320
735F4920
5F75746C
203B6763
203A7063
725F7263
725F3173
655F3273
73656764
6962203B
72203A6E
61763173
78303D6C
72202C31
61763273
78303D6C
61616161
61616161
74220022
3A747365
33343120
6763203B
5F49203A
75746C73
3B67635F
3A706320
5F726320
5F317372
5F327372
65676465
62203B73
203A6E69
76317372
303D6C61
202C3178
76327372
303D6C61
35353578
35353535
22002235
74736574
3431203A
63203B34
49203A67
746C735F
67635F75
7063203B
7263203A
3173725F
3273725F
6764655F
203B7365
3A6E6962
31737220
3D6C6176
2C327830
32737220
3D6C6176
22307830
65742200
203A7473
3B353431
3A676320
735F4920
5F75746C
203B6763
203A7063
725F7263
725F3173
655F3273
73656764
6962203B
72203A6E
61763173
78303D6C
72202C32
61763273
78303D6C
22002231
74736574
3431203A
63203B36
49203A67
746C735F
67635F75
7063203B
7263203A
3173725F
3273725F
6764655F
203B7365
3A6E6962
31737220
3D6C6176
2C327830
32737220
3D6C6176
22327830
65742200
203A7473
3B373431
3A676320
735F4920
5F75746C
203B6763
203A7063
725F7263
725F3173
655F3273
73656764
6962203B
72203A6E
61763173
78303D6C
72202C32
61763273
78303D6C
30303038
30303030
74220022
3A747365
38343120
6763203B
5F49203A
75746C73
3B67635F
3A706320
5F726320
5F317372
5F327372
65676465
62203B73
203A6E69
76317372
303D6C61
202C3278
76327372
303D6C61
30303878
30303030
22002231
74736574
3431203A
63203B39
49203A67
746C735F
67635F75
7063203B
7263203A
3173725F
3273725F
6764655F
203B7365
3A6E6962
31737220
3D6C6176
2C327830
32737220
3D6C6176
66377830
66666666
00226666
73657422
31203A74
203B3035
203A6763
6C735F49
635F7574
63203B67
63203A70
73725F72
73725F31
64655F32
3B736567
6E696220
7372203A
6C617631
3278303D
7372202C
6C617632
3778303D
66666666
22656666
65742200
203A7473
3B313531
3A676320
735F4920
5F75746C
203B6763
203A7063
725F7263
725F3173
655F3273
73656764
6962203B
72203A6E
61763173
78303D6C
72202C32
61763273
78303D6C
66666666
66666666
74220022
3A747365
32353120
6763203B
5F49203A
75746C73
3B67635F
3A706320
5F726320
5F317372
5F327372
65676465
62203B73
203A6E69
76317372
303D6C61
202C3278
76327372
303D6C61
66666678
66666666
22002265
74736574
3531203A
63203B33
49203A67
746C735F
67635F75
7063203B
7263203A
3173725F
3273725F
6764655F
203B7365
3A6E6962
31737220
3D6C6176
2C327830
32737220
3D6C6176
62357830
38386362
00223237
73657422
31203A74
203B3435
203A6763
6C735F49
635F7574
63203B67
63203A70
73725F72
73725F31
64655F32
3B736567
6E696220
7372203A
6C617631
3278303D
7372202C
6C617632
6178303D
61616161
22616161
65742200
203A7473
3B353531
3A676320
735F4920
5F75746C
203B6763
203A7063
725F7263
725F3173
655F3273
73656764
6962203B
72203A6E
61763173
78303D6C
72202C32
61763273
78303D6C
35353535
35353535
74220022
3A747365
36353120
6763203B
5F49203A
75746C73
3B67635F
3A706320
5F726320
5F317372
5F327372
65676465
62203B73
203A6E69
76317372
303D6C61
30303878
30303030
72202C30
61763273
78303D6C
22002230
74736574
3531203A
63203B37
49203A67
746C735F
67635F75
7063203B
7263203A
3173725F
3273725F
6764655F
203B7365
3A6E6962
31737220
3D6C6176
30387830
30303030
202C3030
76327372
303D6C61
00223178
73657422
31203A74
203B3835
203A6763
6C735F49
635F7574
63203B67
63203A70
73725F72
73725F31
64655F32
3B736567
6E696220
7372203A
6C617631
3878303D
30303030
2C303030
32737220
3D6C6176
22327830
65742200
203A7473
3B393531
3A676320
735F4920
5F75746C
203B6763
203A7063
725F7263
725F3173
655F3273
73656764
6962203B
72203A6E
61763173
78303D6C
30303038
30303030
7372202C
6C617632
3878303D
30303030
22303030
65742200
203A7473
3B303631
3A676320
735F4920
5F75746C
203B6763
203A7063
725F7263
725F3173
655F3273
73656764
6962203B
72203A6E
61763173
78303D6C
30303038
30303030
7372202C
6C617632
3878303D
30303030
22313030
65742200
203A7473
3B313631
3A676320
735F4920
5F75746C
203B6763
203A7063
725F7263
725F3173
655F3273
73656764
6962203B
72203A6E
61763173
78303D6C
30303038
30303030
7372202C
6C617632
3778303D
66666666
22666666
65742200
203A7473
3B323631
3A676320
735F4920
5F75746C
203B6763
203A7063
725F7263
725F3173
655F3273
73656764
6962203B
72203A6E
61763173
78303D6C
30303038
30303030
7372202C
6C617632
3778303D
66666666
22656666
65742200
203A7473
3B333631
3A676320
735F4920
5F75746C
203B6763
203A7063
725F7263
725F3173
655F3273
73656764
6962203B
72203A6E
61763173
78303D6C
30303038
30303030
7372202C
6C617632
6678303D
66666666
22666666
65742200
203A7473
3B343631
3A676320
735F4920
5F75746C
203B6763
203A7063
725F7263
725F3173
655F3273
73656764
6962203B
72203A6E
61763173
78303D6C
30303038
30303030
7372202C
6C617632
6678303D
66666666
22656666
65742200
203A7473
3B353631
3A676320
735F4920
5F75746C
203B6763
203A7063
725F7263
725F3173
655F3273
73656764
6962203B
72203A6E
61763173
78303D6C
30303038
30303030
7372202C
6C617632
3578303D
38636262
22323738
65742200
203A7473
3B363631
3A676320
735F4920
5F75746C
203B6763
203A7063
725F7263
725F3173
655F3273
73656764
6962203B
72203A6E
61763173
78303D6C
30303038
30303030
7372202C
6C617632
6178303D
61616161
22616161
65742200
203A7473
3B373631
3A676320
735F4920
5F75746C
203B6763
203A7063
725F7263
725F3173
655F3273
73656764
6962203B
72203A6E
61763173
78303D6C
30303038
30303030
7372202C
6C617632
3578303D
35353535
22353535
65742200
203A7473
3B383631
3A676320
735F4920
5F75746C
203B6763
203A7063
725F7263
725F3173
655F3273
73656764
6962203B
72203A6E
61763173
78303D6C
30303038
31303030
7372202C
6C617632
3078303D
74220022
3A747365
39363120
6763203B
5F49203A
75746C73
3B67635F
3A706320
5F726320
5F317372
5F327372
65676465
62203B73
203A6E69
76317372
303D6C61
30303878
30303030
72202C31
61763273
78303D6C
22002231
74736574
3731203A
63203B30
49203A67
746C735F
67635F75
7063203B
7263203A
3173725F
3273725F
6764655F
203B7365
3A6E6962
31737220
3D6C6176
30387830
30303030
202C3130
76327372
303D6C61
00223278
73657422
31203A74
203B3137
203A6763
6C735F49
635F7574
63203B67
63203A70
73725F72
73725F31
64655F32
3B736567
6E696220
7372203A
6C617631
3878303D
30303030
2C313030
32737220
3D6C6176
30387830
30303030
00223030
73657422
31203A74
203B3237
203A6763
6C735F49
635F7574
63203B67
63203A70
73725F72
73725F31
64655F32
3B736567
6E696220
7372203A
6C617631
3878303D
30303030
2C313030
32737220
3D6C6176
30387830
30303030
00223130
73657422
31203A74
203B3337
203A6763
6C735F49
635F7574
63203B67
63203A70
73725F72
73725F31
64655F32
3B736567
6E696220
7372203A
6C617631
3878303D
30303030
2C313030
32737220
3D6C6176
66377830
66666666
00226666
73657422
31203A74
203B3437
203A6763
6C735F49
635F7574
63203B67
63203A70
73725F72
73725F31
64655F32
3B736567
6E696220
7372203A
6C617631
3878303D
30303030
2C313030
32737220
3D6C6176
66377830
66666666
00226566
73657422
31203A74
203B3537
203A6763
6C735F49
635F7574
63203B67
63203A70
73725F72
73725F31
64655F32
3B736567
6E696220
7372203A
6C617631
3878303D
30303030
2C313030
32737220
3D6C6176
66667830
66666666
00226666
73657422
31203A74
203B3637
203A6763
6C735F49
635F7574
63203B67
63203A70
73725F72
73725F31
64655F32
3B736567
6E696220
7372203A
6C617631
3878303D
30303030
2C313030
32737220
3D6C6176
66667830
66666666
00226566
73657422
31203A74
203B3737
203A6763
6C735F49
635F7574
63203B67
63203A70
73725F72
73725F31
64655F32
3B736567
6E696220
7372203A
6C617631
3878303D
30303030
2C313030
32737220
3D6C6176
62357830
38386362
00223237
73657422
31203A74
203B3837
203A6763
6C735F49
635F7574
63203B67
63203A70
73725F72
73725F31
64655F32
3B736567
6E696220
7372203A
6C617631
3878303D
30303030
2C313030
32737220
3D6C6176
61617830
61616161
00226161
73657422
31203A74
203B3937
203A6763
6C735F49
635F7574
63203B67
63203A70
73725F72
73725F31
64655F32
3B736567
6E696220
7372203A
6C617631
3878303D
30303030
2C313030
32737220
3D6C6176
35357830
35353535
00223535
73657422
31203A74
203B3038
203A6763
6C735F49
635F7574
63203B67
63203A70
73725F72
73725F31
64655F32
3B736567
6E696220
7372203A
6C617631
3778303D
66666666
2C666666
32737220
3D6C6176
22307830
65742200
203A7473
3B313831
3A676320
735F4920
5F75746C
203B6763
203A7063
725F7263
725F3173
655F3273
73656764
6962203B
72203A6E
61763173
78303D6C
66666637
66666666
7372202C
6C617632
3178303D
74220022
3A747365
32383120
6763203B
5F49203A
75746C73
3B67635F
3A706320
5F726320
5F317372
5F327372
65676465
62203B73
203A6E69
76317372
303D6C61
66663778
66666666
72202C66
61763273
78303D6C
22002232
74736574
3831203A
63203B33
49203A67
746C735F
67635F75
7063203B
7263203A
3173725F
3273725F
6764655F
203B7365
3A6E6962
31737220
3D6C6176
66377830
66666666
202C6666
76327372
303D6C61
30303878
30303030
22002230
74736574
3831203A
63203B34
49203A67
746C735F
67635F75
7063203B
7263203A
3173725F
3273725F
6764655F
203B7365
3A6E6962
31737220
3D6C6176
66377830
66666666
202C6666
76327372
303D6C61
30303878
30303030
22002231
74736574
3831203A
63203B35
49203A67
746C735F
67635F75
7063203B
7263203A
3173725F
3273725F
6764655F
203B7365
3A6E6962
31737220
3D6C6176
66377830
66666666
202C6666
76327372
303D6C61
66663778
66666666
22002266
74736574
3831203A
63203B36
49203A67
746C735F
67635F75
7063203B
7263203A
3173725F
3273725F
6764655F
203B7365
3A6E6962
31737220
3D6C6176
66377830
66666666
202C6666
76327372
303D6C61
66663778
66666666
22002265
74736574
3831203A
63203B37
49203A67
746C735F
67635F75
7063203B
7263203A
3173725F
3273725F
6764655F
203B7365
3A6E6962
31737220
3D6C6176
66377830
66666666
202C6666
76327372
303D6C61
66666678
66666666
22002266
74736574
3831203A
63203B38
49203A67
746C735F
67635F75
7063203B
7263203A
3173725F
3273725F
6764655F
203B7365
3A6E6962
31737220
3D6C6176
66377830
66666666
202C6666
76327372
303D6C61
66666678
66666666
22002265
74736574
3831203A
63203B39
49203A67
746C735F
67635F75
7063203B
7263203A
3173725F
3273725F
6764655F
203B7365
3A6E6962
31737220
3D6C6176
66377830
66666666
202C6666
76327372
303D6C61
62623578
37383863
22002232
74736574
3931203A
63203B30
49203A67
746C735F
67635F75
7063203B
7263203A
3173725F
3273725F
6764655F
203B7365
3A6E6962
31737220
3D6C6176
66377830
66666666
202C6666
76327372
303D6C61
61616178
61616161
22002261
74736574
3931203A
63203B31
49203A67
746C735F
67635F75
7063203B
7263203A
3173725F
3273725F
6764655F
203B7365
3A6E6962
31737220
3D6C6176
66377830
66666666
202C6666
76327372
303D6C61
35353578
35353535
22002235
74736574
3931203A
63203B32
49203A67
746C735F
67635F75
7063203B
7263203A
3173725F
3273725F
6764655F
203B7365
3A6E6962
31737220
3D6C6176
66377830
66666666
202C6566
76327372
303D6C61
00223078
73657422
31203A74
203B3339
203A6763
6C735F49
635F7574
63203B67
63203A70
73725F72
73725F31
64655F32
3B736567
6E696220
7372203A
6C617631
3778303D
66666666
2C656666
32737220
3D6C6176
22317830
65742200
203A7473
3B343931
3A676320
735F4920
5F75746C
203B6763
203A7063
725F7263
725F3173
655F3273
73656764
6962203B
72203A6E
61763173
78303D6C
66666637
65666666
7372202C
6C617632
3278303D
74220022
3A747365
35393120
6763203B
5F49203A
75746C73
3B67635F
3A706320
5F726320
5F317372
5F327372
65676465
62203B73
203A6E69
76317372
303D6C61
66663778
66666666
72202C65
61763273
78303D6C
30303038
30303030
74220022
3A747365
36393120
6763203B
5F49203A
75746C73
3B67635F
3A706320
5F726320
5F317372
5F327372
65676465
62203B73
203A6E69
76317372
303D6C61
66663778
66666666
72202C65
61763273
78303D6C
30303038
31303030
74220022
3A747365
37393120
6763203B
5F49203A
75746C73
3B67635F
3A706320
5F726320
5F317372
5F327372
65676465
62203B73
203A6E69
76317372
303D6C61
66663778
66666666
72202C65
61763273
78303D6C
66666637
66666666
74220022
3A747365
38393120
6763203B
5F49203A
75746C73
3B67635F
3A706320
5F726320
5F317372
5F327372
65676465
62203B73
203A6E69
76317372
303D6C61
66663778
66666666
72202C65
61763273
78303D6C
66666637
65666666
74220022
3A747365
39393120
6763203B
5F49203A
75746C73
3B67635F
3A706320
5F726320
5F317372
5F327372
65676465
62203B73
203A6E69
76317372
303D6C61
66663778
66666666
72202C65
61763273
78303D6C
66666666
66666666
74220022
3A747365
30303220
6763203B
5F49203A
75746C73
3B67635F
3A706320
5F726320
5F317372
5F327372
65676465
62203B73
203A6E69
76317372
303D6C61
66663778
66666666
72202C65
61763273
78303D6C
66666666
65666666
74220022
3A747365
31303220
6763203B
5F49203A
75746C73
3B67635F
3A706320
5F726320
5F317372
5F327372
65676465
62203B73
203A6E69
76317372
303D6C61
66663778
66666666
72202C65
61763273
78303D6C
63626235
32373838
74220022
3A747365
32303220
6763203B
5F49203A
75746C73
3B67635F
3A706320
5F726320
5F317372
5F327372
65676465
62203B73
203A6E69
76317372
303D6C61
66663778
66666666
72202C65
61763273
78303D6C
61616161
61616161
74220022
3A747365
33303220
6763203B
5F49203A
75746C73
3B67635F
3A706320
5F726320
5F317372
5F327372
65676465
62203B73
203A6E69
76317372
303D6C61
66663778
66666666
72202C65
61763273
78303D6C
35353535
35353535
74220022
3A747365
34303220
6763203B
5F49203A
75746C73
3B67635F
3A706320
5F726320
5F317372
5F327372
65676465
62203B73
203A6E69
76317372
303D6C61
66666678
66666666
72202C66
61763273
78303D6C
22002230
74736574
3032203A
63203B35
49203A67
746C735F
67635F75
7063203B
7263203A
3173725F
3273725F
6764655F
203B7365
3A6E6962
31737220
3D6C6176
66667830
66666666
202C6666
76327372
303D6C61
00223178
73657422
32203A74
203B3630
203A6763
6C735F49
635F7574
63203B67
63203A70
73725F72
73725F31
64655F32
3B736567
6E696220
7372203A
6C617631
6678303D
66666666
2C666666
32737220
3D6C6176
22327830
65742200
203A7473
3B373032
3A676320
735F4920
5F75746C
203B6763
203A7063
725F7263
725F3173
655F3273
73656764
6962203B
72203A6E
61763173
78303D6C
66666666
66666666
7372202C
6C617632
3878303D
30303030
22303030
65742200
203A7473
3B383032
3A676320
735F4920
5F75746C
203B6763
203A7063
725F7263
725F3173
655F3273
73656764
6962203B
72203A6E
61763173
78303D6C
66666666
66666666
7372202C
6C617632
3878303D
30303030
22313030
65742200
203A7473
3B393032
3A676320
735F4920
5F75746C
203B6763
203A7063
725F7263
725F3173
655F3273
73656764
6962203B
72203A6E
61763173
78303D6C
66666666
66666666
7372202C
6C617632
3778303D
66666666
22666666
65742200
203A7473
3B303132
3A676320
735F4920
5F75746C
203B6763
203A7063
725F7263
725F3173
655F3273
73656764
6962203B
72203A6E
61763173
78303D6C
66666666
66666666
7372202C
6C617632
3778303D
66666666
22656666
65742200
203A7473
3B313132
3A676320
735F4920
5F75746C
203B6763
203A7063
725F7263
725F3173
655F3273
73656764
6962203B
72203A6E
61763173
78303D6C
66666666
66666666
7372202C
6C617632
6678303D
66666666
22666666
65742200
203A7473
3B323132
3A676320
735F4920
5F75746C
203B6763
203A7063
725F7263
725F3173
655F3273
73656764
6962203B
72203A6E
61763173
78303D6C
66666666
66666666
7372202C
6C617632
6678303D
66666666
22656666
65742200
203A7473
3B333132
3A676320
735F4920
5F75746C
203B6763
203A7063
725F7263
725F3173
655F3273
73656764
6962203B
72203A6E
61763173
78303D6C
66666666
66666666
7372202C
6C617632
3578303D
38636262
22323738
65742200
203A7473
3B343132
3A676320
735F4920
5F75746C
203B6763
203A7063
725F7263
725F3173
655F3273
73656764
6962203B
72203A6E
61763173
78303D6C
66666666
66666666
7372202C
6C617632
6178303D
61616161
22616161
65742200
203A7473
3B353132
3A676320
735F4920
5F75746C
203B6763
203A7063
725F7263
725F3173
655F3273
73656764
6962203B
72203A6E
61763173
78303D6C
66666666
66666666
7372202C
6C617632
3578303D
35353535
22353535
65742200
203A7473
3B363132
3A676320
735F4920
5F75746C
203B6763
203A7063
725F7263
725F3173
655F3273
73656764
6962203B
72203A6E
61763173
78303D6C
66666666
65666666
7372202C
6C617632
3078303D
74220022
3A747365
37313220
6763203B
5F49203A
75746C73
3B67635F
3A706320
5F726320
5F317372
5F327372
65676465
62203B73
203A6E69
76317372
303D6C61
66666678
66666666
72202C65
61763273
78303D6C
22002231
74736574
3132203A
63203B38
49203A67
746C735F
67635F75
7063203B
7263203A
3173725F
3273725F
6764655F
203B7365
3A6E6962
31737220
3D6C6176
66667830
66666666
202C6566
76327372
303D6C61
00223278
73657422
32203A74
203B3931
203A6763
6C735F49
635F7574
63203B67
63203A70
73725F72
73725F31
64655F32
3B736567
6E696220
7372203A
6C617631
6678303D
66666666
2C656666
32737220
3D6C6176
30387830
30303030
00223030
73657422
32203A74
203B3032
203A6763
6C735F49
635F7574
63203B67
63203A70
73725F72
73725F31
64655F32
3B736567
6E696220
7372203A
6C617631
6678303D
66666666
2C656666
32737220
3D6C6176
30387830
30303030
00223130
73657422
32203A74
203B3132
203A6763
6C735F49
635F7574
63203B67
63203A70
73725F72
73725F31
64655F32
3B736567
6E696220
7372203A
6C617631
6678303D
66666666
2C656666
32737220
3D6C6176
66377830
66666666
00226666
73657422
32203A74
203B3232
203A6763
6C735F49
635F7574
63203B67
63203A70
73725F72
73725F31
64655F32
3B736567
6E696220
7372203A
6C617631
6678303D
66666666
2C656666
32737220
3D6C6176
66377830
66666666
00226566
73657422
32203A74
203B3332
203A6763
6C735F49
635F7574
63203B67
63203A70
73725F72
73725F31
64655F32
3B736567
6E696220
7372203A
6C617631
6678303D
66666666
2C656666
32737220
3D6C6176
66667830
66666666
00226666
73657422
32203A74
203B3432
203A6763
6C735F49
635F7574
63203B67
63203A70
73725F72
73725F31
64655F32
3B736567
6E696220
7372203A
6C617631
6678303D
66666666
2C656666
32737220
3D6C6176
66667830
66666666
00226566
73657422
32203A74
203B3532
203A6763
6C735F49
635F7574
63203B67
63203A70
73725F72
73725F31
64655F32
3B736567
6E696220
7372203A
6C617631
6678303D
66666666
2C656666
32737220
3D6C6176
62357830
38386362
00223237
73657422
32203A74
203B3632
203A6763
6C735F49
635F7574
63203B67
63203A70
73725F72
73725F31
64655F32
3B736567
6E696220
7372203A
6C617631
6678303D
66666666
2C656666
32737220
3D6C6176
61617830
61616161
00226161
73657422
32203A74
203B3732
203A6763
6C735F49
635F7574
63203B67
63203A70
73725F72
73725F31
64655F32
3B736567
6E696220
7372203A
6C617631
6678303D
66666666
2C656666
32737220
3D6C6176
35357830
35353535
00223535
73657422
32203A74
203B3832
203A6763
6C735F49
635F7574
63203B67
63203A70
73725F72
73725F31
64655F32
3B736567
6E696220
7372203A
6C617631
3578303D
38636262
2C323738
32737220
3D6C6176
22307830
65742200
203A7473
3B393232
3A676320
735F4920
5F75746C
203B6763
203A7063
725F7263
725F3173
655F3273
73656764
6962203B
72203A6E
61763173
78303D6C
63626235
32373838
7372202C
6C617632
3178303D
74220022
3A747365
30333220
6763203B
5F49203A
75746C73
3B67635F
3A706320
5F726320
5F317372
5F327372
65676465
62203B73
203A6E69
76317372
303D6C61
62623578
37383863
72202C32
61763273
78303D6C
22002232
74736574
3332203A
63203B31
49203A67
746C735F
67635F75
7063203B
7263203A
3173725F
3273725F
6764655F
203B7365
3A6E6962
31737220
3D6C6176
62357830
38386362
202C3237
76327372
303D6C61
30303878
30303030
22002230
74736574
3332203A
63203B32
49203A67
746C735F
67635F75
7063203B
7263203A
3173725F
3273725F
6764655F
203B7365
3A6E6962
31737220
3D6C6176
62357830
38386362
202C3237
76327372
303D6C61
30303878
30303030
22002231
74736574
3332203A
63203B33
49203A67
746C735F
67635F75
7063203B
7263203A
3173725F
3273725F
6764655F
203B7365
3A6E6962
31737220
3D6C6176
62357830
38386362
202C3237
76327372
303D6C61
66663778
66666666
22002266
74736574
3332203A
63203B34
49203A67
746C735F
67635F75
7063203B
7263203A
3173725F
3273725F
6764655F
203B7365
3A6E6962
31737220
3D6C6176
62357830
38386362
202C3237
76327372
303D6C61
66663778
66666666
22002265
74736574
3332203A
63203B35
49203A67
746C735F
67635F75
7063203B
7263203A
3173725F
3273725F
6764655F
203B7365
3A6E6962
31737220
3D6C6176
62357830
38386362
202C3237
76327372
303D6C61
66666678
66666666
22002266
74736574
3332203A
63203B36
49203A67
746C735F
67635F75
7063203B
7263203A
3173725F
3273725F
6764655F
203B7365
3A6E6962
31737220
3D6C6176
62357830
38386362
202C3237
76327372
303D6C61
66666678
66666666
22002265
74736574
3332203A
63203B37
49203A67
746C735F
67635F75
7063203B
7263203A
3173725F
3273725F
6764655F
203B7365
3A6E6962
31737220
3D6C6176
62357830
38386362
202C3237
76327372
303D6C61
62623578
37383863
22002232
74736574
3332203A
63203B38
49203A67
746C735F
67635F75
7063203B
7263203A
3173725F
3273725F
6764655F
203B7365
3A6E6962
31737220
3D6C6176
62357830
38386362
202C3237
76327372
303D6C61
61616178
61616161
22002261
74736574
3332203A
63203B39
49203A67
746C735F
67635F75
7063203B
7263203A
3173725F
3273725F
6764655F
203B7365
3A6E6962
31737220
3D6C6176
62357830
38386362
202C3237
76327372
303D6C61
35353578
35353535
22002235
74736574
3432203A
63203B30
49203A67
746C735F
67635F75
7063203B
7263203A
3173725F
3273725F
6764655F
203B7365
3A6E6962
31737220
3D6C6176
61617830
61616161
202C6161
76327372
303D6C61
00223078
73657422
32203A74
203B3134
203A6763
6C735F49
635F7574
63203B67
63203A70
73725F72
73725F31
64655F32
3B736567
6E696220
7372203A
6C617631
6178303D
61616161
2C616161
32737220
3D6C6176
22317830
65742200
203A7473
3B323432
3A676320
735F4920
5F75746C
203B6763
203A7063
725F7263
725F3173
655F3273
73656764
6962203B
72203A6E
61763173
78303D6C
61616161
61616161
7372202C
6C617632
3278303D
74220022
3A747365
33343220
6763203B
5F49203A
75746C73
3B67635F
3A706320
5F726320
5F317372
5F327372
65676465
62203B73
203A6E69
76317372
303D6C61
61616178
61616161
72202C61
61763273
78303D6C
30303038
30303030
74220022
3A747365
34343220
6763203B
5F49203A
75746C73
3B67635F
3A706320
5F726320
5F317372
5F327372
65676465
62203B73
203A6E69
76317372
303D6C61
61616178
61616161
72202C61
61763273
78303D6C
30303038
31303030
74220022
3A747365
35343220
6763203B
5F49203A
75746C73
3B67635F
3A706320
5F726320
5F317372
5F327372
65676465
62203B73
203A6E69
76317372
303D6C61
61616178
61616161
72202C61
61763273
78303D6C
66666637
66666666
74220022
3A747365
36343220
6763203B
5F49203A
75746C73
3B67635F
3A706320
5F726320
5F317372
5F327372
65676465
62203B73
203A6E69
76317372
303D6C61
61616178
61616161
72202C61
61763273
78303D6C
66666637
65666666
74220022
3A747365
37343220
6763203B
5F49203A
75746C73
3B67635F
3A706320
5F726320
5F317372
5F327372
65676465
62203B73
203A6E69
76317372
303D6C61
61616178
61616161
72202C61
61763273
78303D6C
66666666
66666666
74220022
3A747365
38343220
6763203B
5F49203A
75746C73
3B67635F
3A706320
5F726320
5F317372
5F327372
65676465
62203B73
203A6E69
76317372
303D6C61
61616178
61616161
72202C61
61763273
78303D6C
66666666
65666666
74220022
3A747365
39343220
6763203B
5F49203A
75746C73
3B67635F
3A706320
5F726320
5F317372
5F327372
65676465
62203B73
203A6E69
76317372
303D6C61
61616178
61616161
72202C61
61763273
78303D6C
63626235
32373838
74220022
3A747365
30353220
6763203B
5F49203A
75746C73
3B67635F
3A706320
5F726320
5F317372
5F327372
65676465
62203B73
203A6E69
76317372
303D6C61
61616178
61616161
72202C61
61763273
78303D6C
61616161
61616161
74220022
3A747365
31353220
6763203B
5F49203A
75746C73
3B67635F
3A706320
5F726320
5F317372
5F327372
65676465
62203B73
203A6E69
76317372
303D6C61
61616178
61616161
72202C61
61763273
78303D6C
35353535
35353535
74220022
3A747365
32353220
6763203B
5F49203A
75746C73
3B67635F
3A706320
5F726320
5F317372
5F327372
65676465
62203B73
203A6E69
76317372
303D6C61
35353578
35353535
72202C35
61763273
78303D6C
22002230
74736574
3532203A
63203B33
49203A67
746C735F
67635F75
7063203B
7263203A
3173725F
3273725F
6764655F
203B7365
3A6E6962
31737220
3D6C6176
35357830
35353535
202C3535
76327372
303D6C61
00223178
73657422
32203A74
203B3435
203A6763
6C735F49
635F7574
63203B67
63203A70
73725F72
73725F31
64655F32
3B736567
6E696220
7372203A
6C617631
3578303D
35353535
2C353535
32737220
3D6C6176
22327830
65742200
203A7473
3B353532
3A676320
735F4920
5F75746C
203B6763
203A7063
725F7263
725F3173
655F3273
73656764
6962203B
72203A6E
61763173
78303D6C
35353535
35353535
7372202C
6C617632
3878303D
30303030
22303030
65742200
203A7473
3B363532
3A676320
735F4920
5F75746C
203B6763
203A7063
725F7263
725F3173
655F3273
73656764
6962203B
72203A6E
61763173
78303D6C
35353535
35353535
7372202C
6C617632
3878303D
30303030
22313030
65742200
203A7473
3B373532
3A676320
735F4920
5F75746C
203B6763
203A7063
725F7263
725F3173
655F3273
73656764
6962203B
72203A6E
61763173
78303D6C
35353535
35353535
7372202C
6C617632
3778303D
66666666
22666666
65742200
203A7473
3B383532
3A676320
735F4920
5F75746C
203B6763
203A7063
725F7263
725F3173
655F3273
73656764
6962203B
72203A6E
61763173
78303D6C
35353535
35353535
7372202C
6C617632
3778303D
66666666
22656666
65742200
203A7473
3B393532
3A676320
735F4920
5F75746C
203B6763
203A7063
725F7263
725F3173
655F3273
73656764
6962203B
72203A6E
61763173
78303D6C
35353535
35353535
7372202C
6C617632
6678303D
66666666
22666666
65742200
203A7473
3B303632
3A676320
735F4920
5F75746C
203B6763
203A7063
725F7263
725F3173
655F3273
73656764
6962203B
72203A6E
61763173
78303D6C
35353535
35353535
7372202C
6C617632
6678303D
66666666
22656666
65742200
203A7473
3B313632
3A676320
735F4920
5F75746C
203B6763
203A7063
725F7263
725F3173
655F3273
73656764
6962203B
72203A6E
61763173
78303D6C
35353535
35353535
7372202C
6C617632
3578303D
38636262
22323738
65742200
203A7473
3B323632
3A676320
735F4920
5F75746C
203B6763
203A7063
725F7263
725F3173
655F3273
73656764
6962203B
72203A6E
61763173
78303D6C
35353535
35353535
7372202C
6C617632
6178303D
61616161
22616161
65742200
203A7473
3B333632
3A676320
735F4920
5F75746C
203B6763
203A7063
725F7263
725F3173
655F3273
73656764
6962203B
72203A6E
61763173
78303D6C
35353535
35353535
7372202C
6C617632
3578303D
35353535
22353535
65742200
203A7473
3B343632
3A676320
735F4920
5F75746C
203B6763
203A7063
5F706D63
5F317372
3B327372
6E696220
3062203A
74220022
3A747365
35363220
6763203B
5F49203A
75746C73
3B67635F
3A706320
706D6320
3173725F
3273725F
6962203B
62203A6E
22002231
74736574
3632203A
63203B36
49203A67
746C735F
67635F75
7063203B
6D63203A
73725F70
73725F31
62203B32
203A6E69
00223262
73657422
32203A74
203B3736
203A6763
6C735F49
635F7574
63203B67
63203A70
725F706D
725F3173
203B3273
3A6E6962
22336220
65742200
203A7473
3B383632
3A676320
735F4920
5F75746C
203B6763
203A7063
5F706D63
5F317372
3B327372
6E696220
3462203A
74220022
3A747365
39363220
6763203B
5F49203A
75746C73
3B67635F
3A706320
706D6320
3173725F
3273725F
6962203B
62203A6E
22002235
74736574
3732203A
63203B30
49203A67
746C735F
67635F75
7063203B
6D63203A
73725F70
73725F31
62203B32
203A6E69
00223662
73657422
32203A74
203B3137
203A6763
6C735F49
635F7574
63203B67
63203A70
725F706D
725F3173
203B3273
3A6E6962
22376220
65742200
203A7473
3B323732
3A676320
735F4920
5F75746C
203B6763
203A7063
5F706D63
5F317372
3B327372
6E696220
3862203A
74220022
3A747365
33373220
6763203B
5F49203A
75746C73
3B67635F
3A706320
706D6320
3173725F
3273725F
6962203B
62203A6E
22002239
74736574
3732203A
63203B34
49203A67
746C735F
67635F75
7063203B
6D63203A
73725F70
73725F31
62203B32
203A6E69
22303162
65742200
203A7473
3B353732
3A676320
735F4920
5F75746C
203B6763
203A7063
5F706D63
5F317372
3B327372
6E696220
3162203A
22002231
74736574
3732203A
63203B36
49203A67
746C735F
67635F75
7063203B
6D63203A
73725F70
73725F31
62203B32
203A6E69
22323162
65742200
203A7473
3B373732
3A676320
735F4920
5F75746C
203B6763
203A7063
5F706D63
5F317372
3B327372
6E696220
3162203A
22002233
74736574
3732203A
63203B38
49203A67
746C735F
67635F75
7063203B
6D63203A
73725F70
73725F31
62203B32
203A6E69
22343162
65742200
203A7473
3B393732
3A676320
735F4920
5F75746C
203B6763
203A7063
5F706D63
5F317372
3B327372
6E696220
3162203A
22002235
74736574
3832203A
63203B30
49203A67
746C735F
67635F75
7063203B
6D63203A
73725F70
73725F31
62203B32
203A6E69
22363162
65742200
203A7473
3B313832
3A676320
735F4920
5F75746C
203B6763
203A7063
5F706D63
5F317372
3B327372
6E696220
3162203A
22002237
74736574
3832203A
63203B32
49203A67
746C735F
67635F75
7063203B
6D63203A
73725F70
73725F31
62203B32
203A6E69
22383162
65742200
203A7473
3B333832
3A676320
735F4920
5F75746C
203B6763
203A7063
5F706D63
5F317372
3B327372
6E696220
3162203A
22002239
74736574
3832203A
63203B34
49203A67
746C735F
67635F75
7063203B
6D63203A
73725F70
73725F31
62203B32
203A6E69
22303262
65742200
203A7473
3B353832
3A676320
735F4920
5F75746C
203B6763
203A7063
5F706D63
5F317372
3B327372
6E696220
3262203A
22002231
74736574
3832203A
63203B36
49203A67
746C735F
67635F75
7063203B
6D63203A
73725F70
73725F31
62203B32
203A6E69
22323262
65742200
203A7473
3B373832
3A676320
735F4920
5F75746C
203B6763
203A7063
5F706D63
5F317372
3B327372
6E696220
3262203A
22002233
74736574
3832203A
63203B38
49203A67
746C735F
67635F75
7063203B
6D63203A
73725F70
73725F31
62203B32
203A6E69
22343262
65742200
203A7473
3B393832
3A676320
735F4920
5F75746C
203B6763
203A7063
5F706D63
5F317372
3B327372
6E696220
3262203A
22002235
74736574
3932203A
63203B30
49203A67
746C735F
67635F75
7063203B
6D63203A
73725F70
73725F31
62203B32
203A6E69
22363262
65742200
203A7473
3B313932
3A676320
735F4920
5F75746C
203B6763
203A7063
5F706D63
5F317372
3B327372
6E696220
3262203A
22002237
74736574
3932203A
63203B32
49203A67
746C735F
67635F75
7063203B
6D63203A
73725F70
73725F31
62203B32
203A6E69
22383262
65742200
203A7473
3B333932
3A676320
735F4920
5F75746C
203B6763
203A7063
5F706D63
5F317372
3B327372
6E696220
3262203A
22002239
74736574
3932203A
63203B34
49203A67
746C735F
67635F75
7063203B
6D63203A
73725F70
73725F31
62203B32
203A6E69
22303362
65742200
203A7473
3B353932
3A676320
735F4920
5F75746C
203B6763
203A7063
5F706D63
5F317372
3B327372
6E696220
3362203A
22002231
74736574
3932203A
63203B36
49203A67
746C735F
67635F75
7063203B
6D63203A
64725F70
3173725F
30786E5F
6962203B
62203A6E
22002231
74736574
3932203A
63203B37
49203A67
746C735F
67635F75
7063203B
6D63203A
64725F70
3173725F
30786E5F
6962203B
62203A6E
22002232
74736574
3932203A
63203B38
49203A67
746C735F
67635F75
7063203B
6D63203A
64725F70
3173725F
30786E5F
6962203B
62203A6E
22002233
74736574
3932203A
63203B39
49203A67
746C735F
67635F75
7063203B
6D63203A
64725F70
3173725F
30786E5F
6962203B
62203A6E
22002234
74736574
3033203A
63203B30
49203A67
746C735F
67635F75
7063203B
6D63203A
64725F70
3173725F
30786E5F
6962203B
62203A6E
22002235
74736574
3033203A
63203B31
49203A67
746C735F
67635F75
7063203B
6D63203A
64725F70
3173725F
30786E5F
6962203B
62203A6E
22002236
74736574
3033203A
63203B32
49203A67
746C735F
67635F75
7063203B
6D63203A
64725F70
3173725F
30786E5F
6962203B
62203A6E
22002237
74736574
3033203A
63203B33
49203A67
746C735F
67635F75
7063203B
6D63203A
64725F70
3173725F
30786E5F
6962203B
62203A6E
22002238
74736574
3033203A
63203B34
49203A67
746C735F
67635F75
7063203B
6D63203A
64725F70
3173725F
30786E5F
6962203B
62203A6E
22002239
74736574
3033203A
63203B35
49203A67
746C735F
67635F75
7063203B
6D63203A
64725F70
3173725F
30786E5F
6962203B
62203A6E
00223031
73657422
33203A74
203B3630
203A6763
6C735F49
635F7574
63203B67
63203A70
725F706D
73725F64
786E5F31
62203B30
203A6E69
22313162
65742200
203A7473
3B373033
3A676320
735F4920
5F75746C
203B6763
203A7063
5F706D63
725F6472
6E5F3173
203B3078
3A6E6962
32316220
74220022
3A747365
38303320
6763203B
5F49203A
75746C73
3B67635F
3A706320
706D6320
5F64725F
5F317372
3B30786E
6E696220
3162203A
22002233
74736574
3033203A
63203B39
49203A67
746C735F
67635F75
7063203B
6D63203A
64725F70
3173725F
30786E5F
6962203B
62203A6E
00223431
73657422
33203A74
203B3031
203A6763
6C735F49
635F7574
63203B67
63203A70
725F706D
73725F64
786E5F31
62203B30
203A6E69
22353162
65742200
203A7473
3B313133
3A676320
735F4920
5F75746C
203B6763
203A7063
5F706D63
725F6472
6E5F3173
203B3078
3A6E6962
36316220
74220022
3A747365
32313320
6763203B
5F49203A
75746C73
3B67635F
3A706320
706D6320
5F64725F
5F317372
3B30786E
6E696220
3162203A
22002237
74736574
3133203A
63203B33
49203A67
746C735F
67635F75
7063203B
6D63203A
64725F70
3173725F
30786E5F
6962203B
62203A6E
00223831
73657422
33203A74
203B3431
203A6763
6C735F49
635F7574
63203B67
63203A70
725F706D
73725F64
786E5F31
62203B30
203A6E69
22393162
65742200
203A7473
3B353133
3A676320
735F4920
5F75746C
203B6763
203A7063
5F706D63
725F6472
6E5F3173
203B3078
3A6E6962
30326220
74220022
3A747365
36313320
6763203B
5F49203A
75746C73
3B67635F
3A706320
706D6320
5F64725F
5F317372
3B30786E
6E696220
3262203A
22002231
74736574
3133203A
63203B37
49203A67
746C735F
67635F75
7063203B
6D63203A
64725F70
3173725F
30786E5F
6962203B
62203A6E
00223232
73657422
33203A74
203B3831
203A6763
6C735F49
635F7574
63203B67
63203A70
725F706D
73725F64
786E5F31
62203B30
203A6E69
22333262
65742200
203A7473
3B393133
3A676320
735F4920
5F75746C
203B6763
203A7063
5F706D63
725F6472
6E5F3173
203B3078
3A6E6962
34326220
74220022
3A747365
30323320
6763203B
5F49203A
75746C73
3B67635F
3A706320
706D6320
5F64725F
5F317372
3B30786E
6E696220
3262203A
22002235
74736574
3233203A
63203B31
49203A67
746C735F
67635F75
7063203B
6D63203A
64725F70
3173725F
30786E5F
6962203B
62203A6E
00223632
73657422
33203A74
203B3232
203A6763
6C735F49
635F7574
63203B67
63203A70
725F706D
73725F64
786E5F31
62203B30
203A6E69
22373262
65742200
203A7473
3B333233
3A676320
735F4920
5F75746C
203B6763
203A7063
5F706D63
725F6472
6E5F3173
203B3078
3A6E6962
38326220
74220022
3A747365
34323320
6763203B
5F49203A
75746C73
3B67635F
3A706320
706D6320
5F64725F
5F317372
3B30786E
6E696220
3262203A
22002239
74736574
3233203A
63203B35
49203A67
746C735F
67635F75
7063203B
6D63203A
64725F70
3173725F
30786E5F
6962203B
62203A6E
00223033
73657422
33203A74
203B3632
203A6763
6C735F49
635F7574
63203B67
63203A70
725F706D
73725F64
786E5F31
62203B30
203A6E69
22313362
65742200
203A7473
3B373233
3A676320
735F4920
5F75746C
203B6763
203A7063
5F706D63
725F6472
6E5F3273
203B3078
3A6E6962
22316220
65742200
203A7473
3B383233
3A676320
735F4920
5F75746C
203B6763
203A7063
5F706D63
725F6472
6E5F3273
203B3078
3A6E6962
22326220
65742200
203A7473
3B393233
3A676320
735F4920
5F75746C
203B6763
203A7063
5F706D63
725F6472
6E5F3273
203B3078
3A6E6962
22336220
65742200
203A7473
3B303333
3A676320
735F4920
5F75746C
203B6763
203A7063
5F706D63
725F6472
6E5F3273
203B3078
3A6E6962
22346220
65742200
203A7473
3B313333
3A676320
735F4920
5F75746C
203B6763
203A7063
5F706D63
725F6472
6E5F3273
203B3078
3A6E6962
22356220
65742200
203A7473
3B323333
3A676320
735F4920
5F75746C
203B6763
203A7063
5F706D63
725F6472
6E5F3273
203B3078
3A6E6962
22366220
65742200
203A7473
3B333333
3A676320
735F4920
5F75746C
203B6763
203A7063
5F706D63
725F6472
6E5F3273
203B3078
3A6E6962
22376220
65742200
203A7473
3B343333
3A676320
735F4920
5F75746C
203B6763
203A7063
5F706D63
725F6472
6E5F3273
203B3078
3A6E6962
22386220
65742200
203A7473
3B353333
3A676320
735F4920
5F75746C
203B6763
203A7063
5F706D63
725F6472
6E5F3273
203B3078
3A6E6962
22396220
65742200
203A7473
3B363333
3A676320
735F4920
5F75746C
203B6763
203A7063
5F706D63
725F6472
6E5F3273
203B3078
3A6E6962
30316220
74220022
3A747365
37333320
6763203B
5F49203A
75746C73
3B67635F
3A706320
706D6320
5F64725F
5F327372
3B30786E
6E696220
3162203A
22002231
74736574
3333203A
63203B38
49203A67
746C735F
67635F75
7063203B
6D63203A
64725F70
3273725F
30786E5F
6962203B
62203A6E
00223231
73657422
33203A74
203B3933
203A6763
6C735F49
635F7574
63203B67
63203A70
725F706D
73725F64
786E5F32
62203B30
203A6E69
22333162
65742200
203A7473
3B303433
3A676320
735F4920
5F75746C
203B6763
203A7063
5F706D63
725F6472
6E5F3273
203B3078
3A6E6962
34316220
74220022
3A747365
31343320
6763203B
5F49203A
75746C73
3B67635F
3A706320
706D6320
5F64725F
5F327372
3B30786E
6E696220
3162203A
22002235
74736574
3433203A
63203B32
49203A67
746C735F
67635F75
7063203B
6D63203A
64725F70
3273725F
30786E5F
6962203B
62203A6E
00223631
73657422
33203A74
203B3334
203A6763
6C735F49
635F7574
63203B67
63203A70
725F706D
73725F64
786E5F32
62203B30
203A6E69
22373162
65742200
203A7473
3B343433
3A676320
735F4920
5F75746C
203B6763
203A7063
5F706D63
725F6472
6E5F3273
203B3078
3A6E6962
38316220
74220022
3A747365
35343320
6763203B
5F49203A
75746C73
3B67635F
3A706320
706D6320
5F64725F
5F327372
3B30786E
6E696220
3162203A
22002239
74736574
3433203A
63203B36
49203A67
746C735F
67635F75
7063203B
6D63203A
64725F70
3273725F
30786E5F
6962203B
62203A6E
00223032
73657422
33203A74
203B3734
203A6763
6C735F49
635F7574
63203B67
63203A70
725F706D
73725F64
786E5F32
62203B30
203A6E69
22313262
65742200
203A7473
3B383433
3A676320
735F4920
5F75746C
203B6763
203A7063
5F706D63
725F6472
6E5F3273
203B3078
3A6E6962
32326220
74220022
3A747365
39343320
6763203B
5F49203A
75746C73
3B67635F
3A706320
706D6320
5F64725F
5F327372
3B30786E
6E696220
3262203A
22002233
74736574
3533203A
63203B30
49203A67
746C735F
67635F75
7063203B
6D63203A
64725F70
3273725F
30786E5F
6962203B
62203A6E
00223432
73657422
33203A74
203B3135
203A6763
6C735F49
635F7574
63203B67
63203A70
725F706D
73725F64
786E5F32
62203B30
203A6E69
22353262
65742200
203A7473
3B323533
3A676320
735F4920
5F75746C
203B6763
203A7063
5F706D63
725F6472
6E5F3273
203B3078
3A6E6962
36326220
74220022
3A747365
33353320
6763203B
5F49203A
75746C73
3B67635F
3A706320
706D6320
5F64725F
5F327372
3B30786E
6E696220
3262203A
22002237
74736574
3533203A
63203B34
49203A67
746C735F
67635F75
7063203B
6D63203A
64725F70
3273725F
30786E5F
6962203B
62203A6E
00223832
73657422
33203A74
203B3535
203A6763
6C735F49
635F7574
63203B67
63203A70
725F706D
73725F64
786E5F32
62203B30
203A6E69
22393262
65742200
203A7473
3B363533
3A676320
735F4920
5F75746C
203B6763
203A7063
5F706D63
725F6472
6E5F3273
203B3078
3A6E6962
30336220
74220022
3A747365
37353320
6763203B
5F49203A
75746C73
3B67635F
3A706320
706D6320
5F64725F
5F327372
3B30786E
6E696220
3362203A
22002231
74736574
3533203A
63203B38
49203A67
746C735F
67635F75
7063203B
6D63203A
64725F70
3173725F
3273725F
30786E5F
6962203B
62203A6E
22002231
74736574
3533203A
63203B39
49203A67
746C735F
67635F75
7063203B
6D63203A
64725F70
3173725F
3273725F
30786E5F
6962203B
62203A6E
22002232
74736574
3633203A
63203B30
49203A67
746C735F
67635F75
7063203B
6D63203A
64725F70
3173725F
3273725F
30786E5F
6962203B
62203A6E
22002233
74736574
3633203A
63203B31
49203A67
746C735F
67635F75
7063203B
6D63203A
64725F70
3173725F
3273725F
30786E5F
6962203B
62203A6E
22002234
74736574
3633203A
63203B32
49203A67
746C735F
67635F75
7063203B
6D63203A
64725F70
3173725F
3273725F
30786E5F
6962203B
62203A6E
22002235
74736574
3633203A
63203B33
49203A67
746C735F
67635F75
7063203B
6D63203A
64725F70
3173725F
3273725F
30786E5F
6962203B
62203A6E
22002236
74736574
3633203A
63203B34
49203A67
746C735F
67635F75
7063203B
6D63203A
64725F70
3173725F
3273725F
30786E5F
6962203B
62203A6E
22002237
74736574
3633203A
63203B35
49203A67
746C735F
67635F75
7063203B
6D63203A
64725F70
3173725F
3273725F
30786E5F
6962203B
62203A6E
22002238
74736574
3633203A
63203B36
49203A67
746C735F
67635F75
7063203B
6D63203A
64725F70
3173725F
3273725F
30786E5F
6962203B
62203A6E
22002239
74736574
3633203A
63203B37
49203A67
746C735F
67635F75
7063203B
6D63203A
64725F70
3173725F
3273725F
30786E5F
6962203B
62203A6E
00223031
73657422
33203A74
203B3836
203A6763
6C735F49
635F7574
63203B67
63203A70
725F706D
73725F64
73725F31
786E5F32
62203B30
203A6E69
22313162
65742200
203A7473
3B393633
3A676320
735F4920
5F75746C
203B6763
203A7063
5F706D63
725F6472
725F3173
6E5F3273
203B3078
3A6E6962
32316220
74220022
3A747365
30373320
6763203B
5F49203A
75746C73
3B67635F
3A706320
706D6320
5F64725F
5F317372
5F327372
3B30786E
6E696220
3162203A
22002233
74736574
3733203A
63203B31
49203A67
746C735F
67635F75
7063203B
6D63203A
64725F70
3173725F
3273725F
30786E5F
6962203B
62203A6E
00223431
73657422
33203A74
203B3237
203A6763
6C735F49
635F7574
63203B67
63203A70
725F706D
73725F64
73725F31
786E5F32
62203B30
203A6E69
22353162
65742200
203A7473
3B333733
3A676320
735F4920
5F75746C
203B6763
203A7063
5F706D63
725F6472
725F3173
6E5F3273
203B3078
3A6E6962
36316220
74220022
3A747365
34373320
6763203B
5F49203A
75746C73
3B67635F
3A706320
706D6320
5F64725F
5F317372
5F327372
3B30786E
6E696220
3162203A
22002237
74736574
3733203A
63203B35
49203A67
746C735F
67635F75
7063203B
6D63203A
64725F70
3173725F
3273725F
30786E5F
6962203B
62203A6E
00223831
73657422
33203A74
203B3637
203A6763
6C735F49
635F7574
63203B67
63203A70
725F706D
73725F64
73725F31
786E5F32
62203B30
203A6E69
22393162
65742200
203A7473
3B373733
3A676320
735F4920
5F75746C
203B6763
203A7063
5F706D63
725F6472
725F3173
6E5F3273
203B3078
3A6E6962
30326220
74220022
3A747365
38373320
6763203B
5F49203A
75746C73
3B67635F
3A706320
706D6320
5F64725F
5F317372
5F327372
3B30786E
6E696220
3262203A
22002231
74736574
3733203A
63203B39
49203A67
746C735F
67635F75
7063203B
6D63203A
64725F70
3173725F
3273725F
30786E5F
6962203B
62203A6E
00223232
73657422
33203A74
203B3038
203A6763
6C735F49
635F7574
63203B67
63203A70
725F706D
73725F64
73725F31
786E5F32
62203B30
203A6E69
22333262
65742200
203A7473
3B313833
3A676320
735F4920
5F75746C
203B6763
203A7063
5F706D63
725F6472
725F3173
6E5F3273
203B3078
3A6E6962
34326220
74220022
3A747365
32383320
6763203B
5F49203A
75746C73
3B67635F
3A706320
706D6320
5F64725F
5F317372
5F327372
3B30786E
6E696220
3262203A
22002235
74736574
3833203A
63203B33
49203A67
746C735F
67635F75
7063203B
6D63203A
64725F70
3173725F
3273725F
30786E5F
6962203B
62203A6E
00223632
73657422
33203A74
203B3438
203A6763
6C735F49
635F7574
63203B67
63203A70
725F706D
73725F64
73725F31
786E5F32
62203B30
203A6E69
22373262
65742200
203A7473
3B353833
3A676320
735F4920
5F75746C
203B6763
203A7063
5F706D63
725F6472
725F3173
6E5F3273
203B3078
3A6E6962
38326220
74220022
3A747365
36383320
6763203B
5F49203A
75746C73
3B67635F
3A706320
706D6320
5F64725F
5F317372
5F327372
3B30786E
6E696220
3262203A
22002239
74736574
3833203A
63203B37
49203A67
746C735F
67635F75
7063203B
6D63203A
64725F70
3173725F
3273725F
30786E5F
6962203B
62203A6E
00223033
73657422
33203A74
203B3838
203A6763
6C735F49
635F7574
63203B67
63203A70
725F706D
73725F64
73725F31
786E5F32
62203B30
203A6E69
22313362
00000000
BAAAAAAD
BAAAAAAD
BAAAAAAD
BAAAAAAD
BAAAAAAD
BAAAAAAD
BAAAAAAD
BAAAAAAD
BAAAAAAD
BAAAAAAD
BAAAAAAD
BAAAAAAD
BAAAAAAD
BAAAAAAD
BAAAAAAD
BAAAAAAD
BAAAAAAD
BAAAAAAD
BAAAAAAD
BAAAAAAD
BAAAAAAD
BAAAAAAD
BAAAAAAD
BAAAAAAD
BAAAAAAD
BAAAAAAD
BAAAAAAD
BAAAAAAD
BAAAAAAD
BAAAAAAD
BAAAAAAD
BAAAAAAD
BAAAAAAD
BAAAAAAD
BAAAAAAD
BAAAAAAD
BAAAAAAD
BAAAAAAD
BAAAAAAD
BAAAAAAD
BAAAAAAD
BAAAAAAD
BAAAAAAD
BAAAAAAD
BAAAAAAD
BAAAAAAD
BAAAAAAD
BAAAAAAD
BAAAAAAD
BAAAAAAD
BAAAAAAD
BAAAAAAD
BAAAAAAD
BAAAAAAD
BAAAAAAD
BAAAAAAD
BAAAAAAD
BAAAAAAD
BAAAAAAD
BAAAAAAD
BAAAAAAD
BAAAAAAD
BAAAAAAD
BAAAAAAD
FEEDF00D
BAAAAAAD
BAAAAAAD
BAAAAAAD
BAAAAAAD
BAAAAAAD
BAAAAAAD
BAAAAAAD
BAAAAAAD
BAAAAAAD
00000000
00000000
00000000
00000000
00000000
00000000
00000000
00000000
00000000
00000000
00000000
00000000
00000000
00000000
00000000
00000000
00000000
00000000
00000000
00000000
00000000
00000000
00000000
00000000
00000000
00000000
8000F740
8000F760
8000F77A
8000F78F
8000F79B
8000F7B4
8000F7C7
8000F7E5
8000F7FD
8000F81B
8000F839
8000F858
8000F876
8000F88E
8000F89F
8000F8AE
8000F8C4
8000F8D1
8000F8E0
8000F8F0
8000F900
8000F91E
8000F935
8000F94A
8000F966
8000F97E
8000F99D
8000F9C4
8000F9E0
8000F9F8
8000FA14
8000FA38
8000FA51
8000FA69
8000FA88
8000FAAF
8000FACB
8000FAF0
8000FB0C
8000FB25
74736E49
74637572
206E6F69
72646461
20737365
6173696D
6E67696C
000A6465
74736E49
74637572
206E6F69
65636361
66207373
746C7561
6C49000A
6167656C
6E69206C
75727473
6F697463
42000A6E
6B616572
6E696F70
4C000A74
2064616F
72646461
20737365
6173696D
6E67696C
000A6465
64616F4C
63636120
20737365
6C756166
53000A74
65726F74
4F4D412F
64646120
73736572
73696D20
67696C61
0A64656E
6F745300
412F6572
61204F4D
73656363
61662073
0A746C75
766E4500
6E6F7269
746E656D
6C616320
7266206C
55206D6F
646F6D2D
45000A65
7269766E
656D6E6F
6320746E
206C6C61
6D6F7266
6D2D5320
0A65646F
766E4500
6E6F7269
746E656D
6C616320
7266206C
56206D6F
6F6D2D53
000A6564
69766E45
6D6E6F72
20746E65
6C6C6163
6F726620
2D4D206D
65646F6D
6E49000A
75727473
6F697463
6170206E
66206567
746C7561
6F4C000A
70206461
20656761
6C756166
52000A74
72657365
20646576
29343128
7453000A
2F65726F
204F4D41
65676170
75616620
000A746C
62756F44
7420656C
0A706172
73655200
65767265
31282064
000A2937
74666F53
65726177
65686320
000A6B63
64726148
65726177
72726520
000A726F
74736E49
74637572
206E6F69
73657567
61702D74
66206567
746C7561
6F4C000A
67206461
74736575
6761702D
61662065
0A746C75
72695600
6C617574
736E6920
63757274
6E6F6974
7453000A
2F65726F
204F4D41
73657567
61702D74
66206567
746C7561
6552000A
76726573
69206465
7265746E
74707572
29302820
7553000A
76726570
726F7369
666F7320
72617774
6E692065
72726574
0A747075
72695600
6C617574
70757320
69767265
20726F73
74666F73
65726177
746E6920
75727265
000A7470
6863614D
20656E69
74666F73
65726177
746E6920
75727265
000A7470
65736552
64657672
746E6920
75727265
28207470
000A2934
65707553
73697672
7420726F
72656D69
746E6920
75727265
000A7470
74726956
206C6175
65707573
73697672
7420726F
72656D69
746E6920
75727265
000A7470
6863614D
20656E69
656D6974
6E692072
72726574
0A747075
73655200
65767265
6E692064
72726574
20747075
0A293828
70755300
69767265
20726F73
65747865
6C616E72
746E6920
75727265
000A7470
74726956
206C6175
65707573
73697672
6520726F
72657478
206C616E
65746E69
70757272
4D000A74
69686361
6520656E
72657478
206C616E
65746E69
70757272
53000A74
72657075
6F736976
75672072
20747365
65747865
6C616E72
746E6920
75727265
000A7470
6E756F43
20726574
7265766F
776F6C66
746E6920
75727265
000A7470
65736552
64657672
746E6920
75727265
28207470
0A293431
73655200
65767265
6E692064
72726574
20747075
29353128
6E55000A
776F6E6B
75632F6E
6D6F7473
75616320
000A6573
4356520A
55532D50
52414D4D
54203A59
20545345
53534150
2D204445
73655420
69462074
2220656C
6C732D49
302D7574
22532E30
0A000A0A
50435652
4D55532D
5952414D
4554203A
46205453
454C4941
202D2044
74736554
6C694620
49222065
746C732D
30302D75
0A22532E
56520A00
203A5043
55424544
4E492047
4D524F46
4F495441
4F46204E
574F4C4C
22000A53
20656854
70617274
6E616820
72656C64
6F626120
64657472
65687420
73657420
65622074
65726F66
726F6E20
206C616D
706D6F63
6974656C
22216E6F
56520A00
203A5043
70617254
67697320
7574616E
6F206572
66726576
20776F6C
73206E69
2D666C65
63656863
6F6D206B
202E6564
20545544
656E6567
65746172
6F742064
616D206F
7420796E
73706172
2020202E
000A2020
50435652
6554203A
49207473
3A6F666E
000A0020
50435652
6E49203A
75727473
6F697463
00203A6E
50435652
7041203A
786F7270
74616D69
64612065
73657264
66282073
756C6961
6D206572
62207961
6C732065
74686769
6120796C
72657466
69687420
203A2973
43565200
41203A50
65726464
6F207373
6E692066
75727473
6F697463
6874206E
74207461
70706172
28206465
43504558
00203A29
50435652
6E49203A
75727473
6F697463
6874206E
74207461
70706172
203A6465
43565200
58203A50
3A435045
20202020
43565200
58203A50
53554143
20203A45
43565200
58203A50
4C415654
2020203A
43565200
58203A50
54415453
203A5355
72542200
63207061
746E756F
73696D20
6374616D
00222E68
73694D22
6374616D
6E692068
61727420
69732070
74616E67
21657275
61725420
61772070
65622073
20676E69
646E6168
2064656C
4D206E69
646F4D2D
00222E65
73694D22
6374616D
6E692068
61727420
69732070
74616E67
21657275
61725420
61772070
65622073
20676E69
646E6168
2064656C
53206E69
646F4D2D
00222E65
73694D22
6374616D
6E692068
61727420
69732070
74616E67
21657275
61725420
61772070
65622073
20676E69
646E6168
2064656C
48206E69
6F4D2D53
222E6564
694D2200
74616D73
69206863
7274206E
73207061
616E6769
65727574
72542021
77207061
62207361
676E6965
6E616820
64656C64
206E6920
4D2D5356
2E65646F
4D220022
616D7369
20686374
6D206E69
73756163
61762065
2165756C
61725420
61772070
65622073
20676E69
646E6168
2064656C
4D206E69
646F4D2D
00222E65
73694D22
6374616D
6E692068
61637320
20657375
756C6176
54202165
20706172
20736177
6E696562
61682067
656C646E
6E692064
4D2D5320
2E65646F
4D220022
616D7369
20686374
73206E69
73756163
61762065
2165756C
61725420
61772070
65622073
20676E69
646E6168
2064656C
48206E69
6F4D2D53
222E6564
694D2200
74616D73
69206863
7376206E
73756163
61762065
2165756C
61725420
61772070
65622073
20676E69
646E6168
2064656C
56206E69
6F4D2D53
222E6564
694D2200
74616D73
69206863
656D206E
76206370
65756C61
72542021
77207061
62207361
676E6965
6E616820
64656C64
206E6920
6F4D2D4D
222E6564
694D2200
74616D73
69206863
6573206E
76206370
65756C61
72542021
77207061
62207361
676E6965
6E616820
64656C64
206E6920
6F4D2D53
222E6564
694D2200
74616D73
69206863
6573206E
76206370
65756C61
72542021
77207061
62207361
676E6965
6E616820
64656C64
206E6920
4D2D5348
2E65646F
4D220022
616D7369
20686374
76206E69
63706573
6C617620
20216575
70617254
73617720
69656220
6820676E
6C646E61
69206465
5356206E
646F4D2D
00222E65
73694D22
6374616D
6E692068
76746D20
76206C61
65756C61
72542021
77207061
62207361
676E6965
6E616820
64656C64
206E6920
6F4D2D4D
222E6564
694D2200
74616D73
69206863
7473206E
206C6176
756C6176
54202165
20706172
20736177
6E696562
61682067
656C646E
6E692064
4D2D5320
2E65646F
4D220022
616D7369
20686374
73206E69
6C617674
6C617620
20216575
70617254
73617720
69656220
6820676E
6C646E61
69206465
5348206E
646F4D2D
00222E65
73694D22
6374616D
6E692068
74737620
206C6176
756C6176
54202165
20706172
20736177
6E696562
61682067
656C646E
6E692064
2D535620
65646F4D
2200222E
6D73694D
68637461
206E6920
6176746D
7620326C
65756C61
72542021
77207061
62207361
676E6965
6E616820
64656C64
206E6920
6F4D2D4D
222E6564
694D2200
74616D73
69206863
746D206E
74736E69
6C617620
20216575
70617254
73617720
69656220
6820676E
6C646E61
69206465
2D4D206E
65646F4D
2200222E
6D73694D
68637461
206E6920
2070696D
756C6176
54202165
20706172
20736177
6E696562
61682067
656C646E
6E692064
4D2D4D20
2E65646F
4D220022
616D7369
20686374
73206E69
76207069
65756C61
72542021
77207061
62207361
676E6965
6E616820
64656C64
206E6920
6F4D2D53
222E6564
694D2200
74616D73
69206863
6968206E
61762070
2165756C
61725420
61772070
65622073
20676E69
646E6168
2064656C
48206E69
6F4D2D53
222E6564
694D2200
74616D73
69206863
7376206E
76207069
65756C61
72542021
77207061
62207361
676E6965
6E616820
64656C64
206E6920
4D2D5356
2E65646F
4D220022
616D7369
20686374
6D206E69
69686361
6520656E
72657478
206C616E
65746E69
70757272
44492074
72542021
77207061
62207361
676E6965
6E616820
64656C64
206E6920
6F4D2D4D
222E6564
694D2200
74616D73
69206863
7573206E
76726570
726F7369
74786520
616E7265
6E69206C
72726574
20747075
20214449
70617254
73617720
69656220
6820676E
6C646E61
69206465
2D4D206E
65646F4D
2200222E
6D73694D
68637461
206E6920
74726976
206C6175
65707573
73697672
6520726F
72657478
206C616E
65746E69
70757272
44492074
72542021
77207061
62207361
676E6965
6E616820
64656C64
206E6920
6F4D2D4D
222E6564
694D2200
74616D73
69206863
616D206E
6E696863
78652065
6E726574
69206C61
7265746E
74707572
21444920
61725420
61772070
65622073
20676E69
646E6168
2064656C
53206E69
646F4D2D
00222E65
73694D22
6374616D
6E692068
70757320
69767265
20726F73
65747865
6C616E72
746E6920
75727265
49207470
54202144
20706172
20736177
6E696562
61682067
656C646E
6E692064
4D2D5320
2E65646F
4D220022
616D7369
20686374
76206E69
75747269
73206C61
72657075
6F736976
78652072
6E726574
69206C61
7265746E
74707572
21444920
61725420
61772070
65622073
20676E69
646E6168
2064656C
53206E69
646F4D2D
00222E65
73694D22
6374616D
6E692068
63616D20
656E6968
74786520
616E7265
6E69206C
72726574
20747075
20214449
70617254
73617720
69656220
6820676E
6C646E61
69206465
5348206E
646F4D2D
00222E65
73694D22
6374616D
6E692068
70757320
69767265
20726F73
65747865
6C616E72
746E6920
75727265
49207470
54202144
20706172
20736177
6E696562
61682067
656C646E
6E692064
2D534820
65646F4D
2200222E
6D73694D
68637461
206E6920
74726976
206C6175
65707573
73697672
6520726F
72657478
206C616E
65746E69
70757272
44492074
72542021
77207061
62207361
676E6965
6E616820
64656C64
206E6920
4D2D5348
2E65646F
4D220022
616D7369
20686374
6D206E69
69686361
6520656E
72657478
206C616E
65746E69
70757272
44492074
72542021
77207061
62207361
676E6965
6E616820
64656C64
206E6920
4D2D5356
2E65646F
4D220022
616D7369
20686374
73206E69
72657075
6F736976
78652072
6E726574
69206C61
7265746E
74707572
21444920
61725420
61772070
65622073
20676E69
646E6168
2064656C
56206E69
6F4D2D53
222E6564
694D2200
74616D73
69206863
6976206E
61757472
7573206C
76726570
726F7369
74786520
616E7265
6E69206C
72726574
20747075
20214449
70617254
73617720
69656220
6820676E
6C646E61
69206465
5356206E
646F4D2D
00222E65
61737876
52000A74
3A504356
67655220
65747369
00203A72
50435652
6142203A
61562064
3A65756C
20202020
52002020
3A504356
70784520
65746365
61562064
3A65756C
56520020
203A5043
65707845
64657463
6C617620
75206575
6176616E
62616C69
203A656C
6F636572
7274736E
65746375
69732064
74616E67
20657275
64616F6C
20736920
20746F6E
4745524C
6152202E
6E692077
75727473
6F697463
00203A6E
50435652
7845203A
74636570
76206465
65756C61
616E7520
6C696176
656C6261
6572203A
736E6F63
63757274
20646574
6E676973
72757461
6F702065
65746E69
73692072
766E6920
64696C61
6F50202E
65746E69
00203A72
50435652
4E45203A
464F2044
42454420
49204755
524F464E
4954414D
0A0A4E4F
6C666600
0A736761
73655400
73616374
69732065
74616E67
20657275
616E6163
6D207972
616D7369
21686374
43565200
3D203A50
3D3D3D3D
41525420
41462050
52554C49
49442045
4F4E4741
43495453
3D3D2053
0A3D3D3D
43565200
46203A50
756C6961
203A6572
43565200
45203A50
63657078
20646574
70617274
67697320
7574616E
62206572
20657479
6E756F63
00203A74
50435652
6341203A
6C617574
61727420
69732070
74616E67
20657275
65747962
756F6320
203A746E
20202020
52002020
3A504356
41494420
534F4E47
203A5349
20545544
6F636572
64656472
54584520
74204152
73706172
52000A2E
3A504356
41494420
534F4E47
203A5349
20545544
6F636572
64656472
57454620
74205245
73706172
696D2820
6E697373
72742067
29737061
52000A2E
3A504356
61725420
69732070
74616E67
20657275
65747962
66696420
65726566
3A65636E
56520020
203A5043
544E4948
7845203A
20617274
70617274
616D2073
6E692079
61636964
203A6574
72757073
73756F69
746E6920
75727265
2C737470
636E6920
6572726F
65207463
70656378
6E6F6974
4356520A
20203A50
20202020
6C656420
74616765
2C6E6F69
6F727720
7020676E
69766972
6567656C
646F6D20
74612065
736E6920
63757274
6E6F6974
65786520
69747563
202C6E6F
6120726F
56520A6E
203A5043
20202020
6E692020
75727473
6F697463
6163206E
6E697375
20612067
6C756166
68742074
73207461
6C756F68
6F6E2064
61662074
20746C75
74206E6F
20736968
2E545544
5652000A
203A5043
544E4948
694D203A
6E697373
72742067
20737061
2079616D
69646E69
65746163
7865203A
74706563
206E6F69
20746F6E
73696172
77206465
206E6568
65707865
64657463
56520A2C
203A5043
20202020
6E692020
72726F63
20746365
20525343
74617473
72702065
6E657665
676E6974
61727420
65282070
202E672E
20454978
61736964
64656C62
74202C29
0A706172
50435652
2020203A
20202020
656C6564
69746167
63206E6F
69737561
6820676E
6C646E61
69207265
7277206E
20676E6F
65646F6D
726F202C
504D5020
6761702F
61662065
20746C75
7373696D
0A2E6465
43565200
54203A50
20706172
646E6168
2072656C
65646F6D
4D00203A
646F6D2D
53000A65
646F6D2D
48000A65
6F6D2D53
000A6564
6D2D5356
0A65646F
6B6E5500
6E776F6E
5652000A
203A5043
6D73694D
68637461
20676E69
6C656966
00203A64
74636556
4D2B726F
2B65646F
74617453
77207375
2064726F
61727428
69732070
74616E67
20657275
64726F77
0A293020
41435800
20455355
61727428
69732070
74616E67
20657275
64726F77
0A293120
50455800
74282043
20706172
6E676973
72757461
6F772065
32206472
58000A29
4C415654
72742820
73207061
616E6769
65727574
726F7720
29332064
4958000A
74282050
20706172
6E676973
72757461
6F772065
32206472
6E69202C
72726574
29747075
544D000A
324C4156
72742820
73207061
616E6769
65727574
726F7720
2C342064
70796820
69767265
29726F73
544D000A
54534E49
72742820
73207061
616E6769
65727574
726F7720
2C352064
70796820
69767265
29726F73
7845000A
6E726574
49206C61
7265746E
74707572
20444920
61727428
69732070
74616E67
20657275
64726F77
0A293320
6B6E5500
6E776F6E
65696620
000A646C
50435652
7845203A
74636570
76206465
65756C61
5200203A
3A504356
74634120
206C6175
756C6176
20203A65
56520020
203A5043
65707845
64657463
75616320
203A6573
43565200
41203A50
61757463
6163206C
3A657375
00202020
50435652
7543203A
6E657272
454D2074
203A4350
52002020
3A504356
726E5520
676F6365
657A696E
72742064
66207061
756C6961
63206572
65746E6F
202E7478
6E697250
676E6974
61766120
62616C69
4320656C
73205253
65746174
52000A3A
3A504356
4E494820
56203A54
6F746365
6F4D2B72
77206564
2064726F
6D73696D
68637461
79616D20
646E6920
74616369
74203A65
20706172
646E6168
2064656C
77206E69
676E6F72
4356520A
20203A50
20202020
69727020
656C6976
6D206567
2065646F
65686328
6D206B63
6C656465
6D2F6765
6C656469
2C296765
636E6920
6572726F
6D207463
74617473
66207375
646C6569
56520A73
203A5043
20202020
4D282020
532F5050
4D2F5050
2C295650
20726F20
6E6F7277
65762067
726F7463
69206465
7265746E
74707572
746E6520
0A2E7972
43565200
48203A50
3A544E49
41435820
20455355
6D73696D
68637461
61656D20
6120736E
66696420
65726566
6520746E
70656378
6E6F6974
20726F20
65746E69
70757272
79742074
77206570
520A7361
3A504356
20202020
6F202020
72657362
2E646576
65684320
203A6B63
74736E69
74637572
206E6F69
6F636E65
676E6964
726F6320
74636572
7373656E
5343202C
63612052
73736563
6C696269
0A797469
50435652
2020203A
20202020
63207461
65727275
7020746E
69766972
6567656C
4D50202C
61702F50
74206567
656C6261
6E6F6320
75676966
69746172
202C6E6F
65747865
6F69736E
7573206E
726F7070
000A2E74
50435652
4948203A
203A544E
43504558
73696D20
6374616D
656D2068
20736E61
20656874
70617274
63636F20
65727275
74612064
64206120
65666669
746E6572
736E6920
63757274
6E6F6974
56520A2E
203A5043
20202020
68542020
63207369
646C756F
646E6920
74616369
64203A65
65666669
746E6572
646F6320
616C2065
74756F79
696C2820
72656B6E
73736920
2C296575
736E6920
63757274
6E6F6974
4356520A
20203A50
20202020
696C6120
656D6E67
6420746E
65666669
636E6572
6F202C65
20612072
63657270
6E696465
6E692067
75727473
6F697463
6163206E
6E697375
6E612067
656E7520
63657078
20646574
70617274
52000A2E
3A504356
4E494820
58203A54
4C415654
73696D20
6374616D
46202E68
6920726F
67656C6C
69206C61
7274736E
69746375
2C736E6F
76747820
73206C61
6C756F68
6F632064
6961746E
6874206E
56520A65
203A5043
20202020
6E692020
75727473
6F697463
6E65206E
69646F63
2820676E
3020726F
46202E29
6120726F
65726464
66207373
746C7561
69202C73
68732074
646C756F
6E6F6320
6E696174
65687420
4356520A
20203A50
20202020
75616620
6E69746C
64612067
73657264
43202E73
6B636568
54554420
78207327
6C617674
70657220
6974726F
6220676E
76616865
2E726F69
5652000A
203A5043
544E4948
4958203A
696D2050
74616D73
6D206863
736E6165
746E6920
75727265
70207470
69646E65
6220676E
20737469
66666964
202E7265
63656843
69203A6B
7265746E
74707572
4356520A
20203A50
20202020
6E6F6320
6C6F7274
2072656C
666E6F63
72756769
6F697461
52202C6E
444F4D56
69204C45
7265746E
74707572
74657320
656C632F
6D207261
6F726361
74202C73
72656D69
4356520A
20203A50
20202020
6E6F6320
75676966
69746172
28206E6F
6D69746D
746D2F65
63656D69
2C29706D
646E6120
6C656420
74616765
206E6F69
74746573
73676E69
0A000A2E
42532D54
52452049
3A524F52
71657220
74736575
69206465
7274736E
69746375
6E206E6F
6620746F
646E756F
206E6920
69627374
736E695F
745F7274
656C6261
0000203A
00000000
00000000
6F5CA309
00000001
00000000
00000001
00000001
00000000
00000000
00000000
00000001
00000000
00000001
00000001
00000000
00000000
00000000
00000000
00000000
00000000
00000001
00000000
00000000
00000001
00000001
00000001
00000001
00000000
00000001
00000001
00000000
00000001
00000000
00000001
00000000
00000000
00000001
00000001
00000000
00000000
00000000
00000000
00000000
00000001
00000000
00000001
00000001
00000000
00000000
00000000
00000000
00000000
00000001
00000001
00000000
00000000
00000000
00000001
00000001
00000000
00000000
00000000
00000000
00000000
00000001
00000000
00000001
00000001
00000000
00000000
00000000
00000001
00000000
00000001
00000000
00000000
00000000
00000001
00000000
00000001
00000001
00000000
00000000
00000000
00000000
00000001
00000001
00000001
00000001
00000000
00000000
00000000
00000000
00000001
00000001
00000001
00000001
00000001
00000001
00000001
00000001
00000001
00000001
00000001
00000000
00000000
00000000
00000001
00000000
00000001
00000000
00000000
00000000
00000001
00000000
00000000
00000001
00000001
00000001
00000000
00000001
00000001
00000000
00000001
00000001
00000001
00000001
00000001
00000001
00000001
00000001
00000001
00000001
00000001
00000000
00000000
00000001
00000001
00000001
00000001
00000001
00000001
00000001
00000001
00000001
00000001
00000000
00000000
00000000
00000001
00000001
00000001
00000001
00000001
00000001
00000001
00000001
00000001
00000000
00000000
00000000
00000000
00000001
00000000
00000000
00000001
00000001
00000000
00000001
00000000
00000000
00000000
00000000
00000000
00000000
00000000
00000000
00000001
00000001
00000000
00000001
00000000
00000000
00000000
00000000
00000001
00000001
00000000
00000000
00000001
00000001
00000000
00000001
00000000
00000000
00000000
00000000
00000001
00000001
00000001
00000000
00000001
00000001
00000000
00000001
00000000
00000000
00000000
00000000
00000000
00000000
00000000
00000000
00000000
00000000
00000000
00000000
00000000
00000000
00000000
00000000
00000000
00000000
00000000
00000000
00000001
00000000
00000000
00000000
00000000
00000000
00000000
00000000
00000001
00000001
00000001
00000001
00000001
00000001
00000000
00000001
00000000
00000000
00000000
00000000
00000000
00000000
00000000
00000000
00000001
00000001
00000000
00000000
00000000
00000000
00000000
00000000
00000001
00000001
00000001
00000001
00000001
00000001
00000001
00000001
00000000
00000000
00000000
00000000
00000000
00000000
00000000
00000000
00000000
00000000
00000000
00000000
00000000
00000000
00000000
00000000
00000000
00000000
00000000
00000000
00000000
00000000
00000000
00000000
00000000
00000000
00000000
00000000
00000000
00000000
00000000
00000000
00000000
00000000
00000000
00000000
00000000
00000001
00000000
00000000
00000001
00000001
00000000
00000001
00000000
00000000
00000000
00000001
00000001
00000001
00000001
00000001
00000001
00000000
00000001
00000000
00000000
00000001
00000001
00000001
00000001
00000000
00000000
00000000
00000001
00000000
00000001
00000000
00000000
00000001
00000000
00000000
00000000
00000001
00000001
00000000
00000000
00000001
00000000
00000001
00000001
00000001
00000001
00000000
00000001
00000001
00000001
00000000
00000000
00000001
00000001
00000000
00000000
00000001
00000001
00000000
00000000
00000000
00000000
00000000
00000000
00000000
00000000
00000000
00000000
00000000
00000000
00000000
00000000
00000000
00000000
00000000
00000000
00000000
00000000
00000000
00000000
00000000
00000000
00000000
00000000
00000000
00000000
00000000
00000000
00000000
DEADBEEF
DEADBEEF
DEADBEEF
DEADBEEF
DEADBEEF
DEADBEEF
DEADBEEF
DEADBEEF
DEADBEEF
DEADBEEF
7A110FF5
00000000
D3A91F6C
DEADBEEF
DEADBEEF
DEADBEEF
DEADBEEF
DEADBEEF
DEADBEEF
DEADBEEF
DEADBEEF
DEADBEEF
DEADBEEF
DEADBEEF
DEADBEEF
DEADBEEF
DEADBEEF
DEADBEEF
DEADBEEF
DEADBEEF
DEADBEEF
DEADBEEF
DEADBEEF
DEADBEEF
DEADBEEF
DEADBEEF
DEADBEEF
DEADBEEF
DEADBEEF
DEADBEEF
DEADBEEF
DEADBEEF
DEADBEEF
DEADBEEF
DEADBEEF
DEADBEEF
DEADBEEF
DEADBEEF
DEADBEEF
DEADBEEF
DEADBEEF
DEADBEEF
DEADBEEF
DEADBEEF
DEADBEEF
DEADBEEF
DEADBEEF
DEADBEEF
DEADBEEF
DEADBEEF
DEADBEEF
DEADBEEF
DEADBEEF
DEADBEEF
DEADBEEF
DEADBEEF
DEADBEEF
DEADBEEF
DEADBEEF
DEADBEEF
DEADBEEF
DEADBEEF
DEADBEEF
DEADBEEF
DEADBEEF
DEADBEEF
DEADBEEF
DEADBEEF
DEADBEEF
DEADBEEF
DEADBEEF
DEADBEEF
DEADBEEF
DEADBEEF
DEADBEEF
DEADBEEF
DEADBEEF
DEADBEEF
DEADBEEF
DEADBEEF
DEADBEEF
DEADBEEF
DEADBEEF
DEADBEEF
DEADBEEF
DEADBEEF
DEADBEEF
DEADBEEF
DEADBEEF
DEADBEEF
DEADBEEF
DEADBEEF
DEADBEEF
DEADBEEF
DEADBEEF
DEADBEEF
DEADBEEF
DEADBEEF
DEADBEEF
DEADBEEF
DEADBEEF
DEADBEEF
DEADBEEF
DEADBEEF
DEADBEEF
DEADBEEF
DEADBEEF
DEADBEEF
DEADBEEF
DEADBEEF
DEADBEEF
DEADBEEF
DEADBEEF
DEADBEEF
DEADBEEF
DEADBEEF
DEADBEEF
DEADBEEF
DEADBEEF
DEADBEEF
DEADBEEF
DEADBEEF
DEADBEEF
DEADBEEF
DEADBEEF
DEADBEEF
DEADBEEF
DEADBEEF
DEADBEEF
DEADBEEF
DEADBEEF
DEADBEEF
DEADBEEF
DEADBEEF
DEADBEEF
DEADBEEF
DEADBEEF
DEADBEEF
DEADBEEF
DEADBEEF
DEADBEEF
DEADBEEF
DEADBEEF
DEADBEEF
DEADBEEF
DEADBEEF
DEADBEEF
DEADBEEF
DEADBEEF
DEADBEEF
DEADBEEF
DEADBEEF
DEADBEEF
DEADBEEF
DEADBEEF
DEADBEEF
DEADBEEF
DEADBEEF
DEADBEEF
DEADBEEF
DEADBEEF
DEADBEEF
DEADBEEF
DEADBEEF
DEADBEEF
DEADBEEF
DEADBEEF
DEADBEEF
DEADBEEF
DEADBEEF
DEADBEEF
DEADBEEF
DEADBEEF
DEADBEEF
DEADBEEF
DEADBEEF
DEADBEEF
DEADBEEF
DEADBEEF
DEADBEEF
DEADBEEF
DEADBEEF
DEADBEEF
DEADBEEF
DEADBEEF
DEADBEEF
DEADBEEF
DEADBEEF
DEADBEEF
DEADBEEF
DEADBEEF
DEADBEEF
DEADBEEF
DEADBEEF
DEADBEEF
DEADBEEF
DEADBEEF
DEADBEEF
DEADBEEF
DEADBEEF
DEADBEEF
DEADBEEF
DEADBEEF
DEADBEEF
DEADBEEF
DEADBEEF
DEADBEEF
DEADBEEF
DEADBEEF
DEADBEEF
DEADBEEF
DEADBEEF
DEADBEEF
DEADBEEF
DEADBEEF
DEADBEEF
DEADBEEF
DEADBEEF
DEADBEEF
DEADBEEF
DEADBEEF
DEADBEEF
DEADBEEF
DEADBEEF
DEADBEEF
DEADBEEF
DEADBEEF
DEADBEEF
DEADBEEF
DEADBEEF
DEADBEEF
DEADBEEF
DEADBEEF
DEADBEEF
DEADBEEF
DEADBEEF
DEADBEEF
DEADBEEF
DEADBEEF
DEADBEEF
DEADBEEF
DEADBEEF
DEADBEEF
DEADBEEF
DEADBEEF
DEADBEEF
DEADBEEF
DEADBEEF
DEADBEEF
DEADBEEF
DEADBEEF
DEADBEEF
DEADBEEF
DEADBEEF
DEADBEEF
DEADBEEF
DEADBEEF
DEADBEEF
DEADBEEF
DEADBEEF
DEADBEEF
DEADBEEF
DEADBEEF
DEADBEEF
DEADBEEF
DEADBEEF
DEADBEEF
DEADBEEF
DEADBEEF
DEADBEEF
DEADBEEF
DEADBEEF
DEADBEEF
DEADBEEF
DEADBEEF
DEADBEEF
DEADBEEF
DEADBEEF
DEADBEEF
DEADBEEF
DEADBEEF
DEADBEEF
DEADBEEF
DEADBEEF
DEADBEEF
DEADBEEF
DEADBEEF
DEADBEEF
DEADBEEF
DEADBEEF
DEADBEEF
DEADBEEF
DEADBEEF
DEADBEEF
DEADBEEF
DEADBEEF
DEADBEEF
DEADBEEF
DEADBEEF
DEADBEEF
DEADBEEF
DEADBEEF
DEADBEEF
DEADBEEF
DEADBEEF
DEADBEEF
DEADBEEF
DEADBEEF
DEADBEEF
DEADBEEF
DEADBEEF
DEADBEEF
DEADBEEF
DEADBEEF
DEADBEEF
DEADBEEF
DEADBEEF
DEADBEEF
DEADBEEF
DEADBEEF
DEADBEEF
DEADBEEF
DEADBEEF
DEADBEEF
DEADBEEF
DEADBEEF
DEADBEEF
DEADBEEF
DEADBEEF
DEADBEEF
DEADBEEF
DEADBEEF
DEADBEEF
DEADBEEF
DEADBEEF
DEADBEEF
DEADBEEF
DEADBEEF
DEADBEEF
DEADBEEF
DEADBEEF
DEADBEEF
DEADBEEF
DEADBEEF
DEADBEEF
DEADBEEF
DEADBEEF
DEADBEEF
DEADBEEF
DEADBEEF
DEADBEEF
DEADBEEF
DEADBEEF
DEADBEEF
DEADBEEF
DEADBEEF
DEADBEEF
DEADBEEF
DEADBEEF
DEADBEEF
DEADBEEF
DEADBEEF
DEADBEEF
DEADBEEF
DEADBEEF
DEADBEEF
DEADBEEF
DEADBEEF
DEADBEEF
DEADBEEF
DEADBEEF
DEADBEEF
DEADBEEF
DEADBEEF
DEADBEEF
DEADBEEF
DEADBEEF
DEADBEEF
DEADBEEF
DEADBEEF
DEADBEEF
DEADBEEF
DEADBEEF
DEADBEEF
DEADBEEF
DEADBEEF
DEADBEEF
DEADBEEF
DEADBEEF
DEADBEEF
DEADBEEF
DEADBEEF
DEADBEEF
DEADBEEF
DEADBEEF
DEADBEEF
DEADBEEF
DEADBEEF
DEADBEEF
DEADBEEF
DEADBEEF
DEADBEEF
DEADBEEF
DEADBEEF
DEADBEEF
DEADBEEF
DEADBEEF
DEADBEEF
DEADBEEF
DEADBEEF
DEADBEEF
DEADBEEF
DEADBEEF
DEADBEEF
DEADBEEF
DEADBEEF
DEADBEEF
DEADBEEF
DEADBEEF
DEADBEEF
DEADBEEF
DEADBEEF
DEADBEEF
DEADBEEF
DEADBEEF
DEADBEEF
DEADBEEF
DEADBEEF
DEADBEEF
DEADBEEF
DEADBEEF
DEADBEEF
DEADBEEF
DEADBEEF
DEADBEEF
DEADBEEF
DEADBEEF
DEADBEEF
DEADBEEF
DEADBEEF
DEADBEEF
DEADBEEF
DEADBEEF
DEADBEEF
DEADBEEF
DEADBEEF
DEADBEEF
DEADBEEF
DEADBEEF
DEADBEEF
DEADBEEF
DEADBEEF
DEADBEEF
DEADBEEF
DEADBEEF
DEADBEEF
DEADBEEF
DEADBEEF
DEADBEEF
DEADBEEF
DEADBEEF
DEADBEEF
DEADBEEF
DEADBEEF
DEADBEEF
DEADBEEF
DEADBEEF
DEADBEEF
DEADBEEF
DEADBEEF
DEADBEEF
DEADBEEF
DEADBEEF
DEADBEEF
DEADBEEF
DEADBEEF
DEADBEEF
DEADBEEF
DEADBEEF
DEADBEEF
DEADBEEF
DEADBEEF
DEADBEEF
DEADBEEF
DEADBEEF
DEADBEEF
DEADBEEF
DEADBEEF
DEADBEEF
DEADBEEF
DEADBEEF
DEADBEEF
DEADBEEF
DEADBEEF
DEADBEEF
DEADBEEF
DEADBEEF
DEADBEEF
DEADBEEF
DEADBEEF
DEADBEEF
DEADBEEF
DEADBEEF
DEADBEEF
DEADBEEF
DEADBEEF
DEADBEEF
DEADBEEF
DEADBEEF
DEADBEEF
DEADBEEF
DEADBEEF
DEADBEEF
DEADBEEF
DEADBEEF
DEADBEEF
DEADBEEF
DEADBEEF
DEADBEEF
DEADBEEF
DEADBEEF
DEADBEEF
DEADBEEF
DEADBEEF
DEADBEEF
DEADBEEF
DEADBEEF
DEADBEEF
DEADBEEF
DEADBEEF
DEADBEEF
DEADBEEF
DEADBEEF
DEADBEEF
DEADBEEF
DEADBEEF
DEADBEEF
DEADBEEF
DEADBEEF
DEADBEEF
DEADBEEF
DEADBEEF
DEADBEEF
DEADBEEF
DEADBEEF
DEADBEEF
DEADBEEF
DEADBEEF
DEADBEEF
DEADBEEF
DEADBEEF
DEADBEEF
DEADBEEF
DEADBEEF
DEADBEEF
DEADBEEF
DEADBEEF
DEADBEEF
DEADBEEF
DEADBEEF
DEADBEEF
DEADBEEF
DEADBEEF
DEADBEEF
DEADBEEF
DEADBEEF
DEADBEEF
DEADBEEF
DEADBEEF
DEADBEEF
DEADBEEF
DEADBEEF
DEADBEEF
DEADBEEF
DEADBEEF
DEADBEEF
DEADBEEF
DEADBEEF
DEADBEEF
DEADBEEF
DEADBEEF
DEADBEEF
DEADBEEF
DEADBEEF
DEADBEEF
DEADBEEF
DEADBEEF
DEADBEEF
DEADBEEF
DEADBEEF
DEADBEEF
DEADBEEF
DEADBEEF
DEADBEEF
DEADBEEF
DEADBEEF
DEADBEEF
DEADBEEF
DEADBEEF
DEADBEEF
DEADBEEF
DEADBEEF
DEADBEEF
DEADBEEF
DEADBEEF
DEADBEEF
DEADBEEF
DEADBEEF
DEADBEEF
DEADBEEF
DEADBEEF
DEADBEEF
DEADBEEF
DEADBEEF
DEADBEEF
DEADBEEF
DEADBEEF
DEADBEEF
DEADBEEF
DEADBEEF
DEADBEEF
DEADBEEF
DEADBEEF
DEADBEEF
DEADBEEF
DEADBEEF
DEADBEEF
DEADBEEF
DEADBEEF
DEADBEEF
DEADBEEF
DEADBEEF
DEADBEEF
DEADBEEF
DEADBEEF
DEADBEEF
DEADBEEF
DEADBEEF
DEADBEEF
DEADBEEF
DEADBEEF
DEADBEEF
DEADBEEF
DEADBEEF
DEADBEEF
DEADBEEF
DEADBEEF
DEADBEEF
DEADBEEF
DEADBEEF
DEADBEEF
DEADBEEF
DEADBEEF
DEADBEEF
DEADBEEF
DEADBEEF
DEADBEEF
DEADBEEF
DEADBEEF
DEADBEEF
DEADBEEF
DEADBEEF
DEADBEEF
DEADBEEF
DEADBEEF
DEADBEEF
DEADBEEF
DEADBEEF
DEADBEEF
DEADBEEF
DEADBEEF
DEADBEEF
DEADBEEF
DEADBEEF
DEADBEEF
DEADBEEF
DEADBEEF
DEADBEEF
DEADBEEF
DEADBEEF
DEADBEEF
DEADBEEF
DEADBEEF
DEADBEEF
DEADBEEF
DEADBEEF
DEADBEEF
DEADBEEF
DEADBEEF
DEADBEEF
DEADBEEF
DEADBEEF
DEADBEEF
DEADBEEF
DEADBEEF
DEADBEEF
DEADBEEF
DEADBEEF
DEADBEEF
DEADBEEF
DEADBEEF
DEADBEEF
DEADBEEF
DEADBEEF
DEADBEEF
DEADBEEF
DEADBEEF
DEADBEEF
DEADBEEF
DEADBEEF
DEADBEEF
DEADBEEF
DEADBEEF
DEADBEEF
DEADBEEF
DEADBEEF
DEADBEEF
DEADBEEF
DEADBEEF
DEADBEEF
DEADBEEF
DEADBEEF
DEADBEEF
DEADBEEF
DEADBEEF
DEADBEEF
DEADBEEF
DEADBEEF
DEADBEEF
DEADBEEF
DEADBEEF
DEADBEEF
DEADBEEF
DEADBEEF
DEADBEEF
DEADBEEF
DEADBEEF
DEADBEEF
DEADBEEF
DEADBEEF
DEADBEEF
DEADBEEF
DEADBEEF
DEADBEEF
DEADBEEF
DEADBEEF
DEADBEEF
DEADBEEF
DEADBEEF
DEADBEEF
DEADBEEF
DEADBEEF
DEADBEEF
DEADBEEF
DEADBEEF
DEADBEEF
DEADBEEF
DEADBEEF
DEADBEEF
DEADBEEF
DEADBEEF
DEADBEEF
DEADBEEF
DEADBEEF
DEADBEEF
DEADBEEF
DEADBEEF
DEADBEEF
DEADBEEF
DEADBEEF
DEADBEEF
DEADBEEF
DEADBEEF
DEADBEEF
DEADBEEF
DEADBEEF
DEADBEEF
DEADBEEF
DEADBEEF
DEADBEEF
DEADBEEF
DEADBEEF
DEADBEEF
DEADBEEF
DEADBEEF
DEADBEEF
DEADBEEF
DEADBEEF
DEADBEEF
DEADBEEF
DEADBEEF
DEADBEEF
DEADBEEF
DEADBEEF
DEADBEEF
DEADBEEF
DEADBEEF
DEADBEEF
DEADBEEF
DEADBEEF
DEADBEEF
DEADBEEF
DEADBEEF
DEADBEEF
DEADBEEF
DEADBEEF
DEADBEEF
DEADBEEF
DEADBEEF
DEADBEEF
DEADBEEF
DEADBEEF
DEADBEEF
DEADBEEF
DEADBEEF
DEADBEEF
DEADBEEF
DEADBEEF
DEADBEEF
DEADBEEF
DEADBEEF
DEADBEEF
DEADBEEF
DEADBEEF
DEADBEEF
DEADBEEF
DEADBEEF
DEADBEEF
DEADBEEF
DEADBEEF
DEADBEEF
DEADBEEF
DEADBEEF
DEADBEEF
DEADBEEF
DEADBEEF
DEADBEEF
DEADBEEF
DEADBEEF
DEADBEEF
DEADBEEF
DEADBEEF
DEADBEEF
DEADBEEF
DEADBEEF
DEADBEEF
DEADBEEF
DEADBEEF
DEADBEEF
DEADBEEF
DEADBEEF
DEADBEEF
DEADBEEF
DEADBEEF
DEADBEEF
DEADBEEF
DEADBEEF
DEADBEEF
DEADBEEF
DEADBEEF
DEADBEEF
DEADBEEF
DEADBEEF
DEADBEEF
DEADBEEF
DEADBEEF
DEADBEEF
DEADBEEF
DEADBEEF
DEADBEEF
DEADBEEF
DEADBEEF
DEADBEEF
DEADBEEF
DEADBEEF
DEADBEEF
DEADBEEF
DEADBEEF
DEADBEEF
DEADBEEF
DEADBEEF
DEADBEEF
DEADBEEF
DEADBEEF
DEADBEEF
DEADBEEF
DEADBEEF
DEADBEEF
DEADBEEF
DEADBEEF
DEADBEEF
DEADBEEF
DEADBEEF
DEADBEEF
DEADBEEF
DEADBEEF
DEADBEEF
DEADBEEF
DEADBEEF
DEADBEEF
DEADBEEF
DEADBEEF
DEADBEEF
DEADBEEF
DEADBEEF
DEADBEEF
DEADBEEF
DEADBEEF
DEADBEEF
DEADBEEF
DEADBEEF
DEADBEEF
DEADBEEF
DEADBEEF
DEADBEEF
DEADBEEF
DEADBEEF
DEADBEEF
DEADBEEF
DEADBEEF
DEADBEEF
DEADBEEF
DEADBEEF
DEADBEEF
DEADBEEF
DEADBEEF
DEADBEEF
DEADBEEF
DEADBEEF
DEADBEEF
DEADBEEF
DEADBEEF
DEADBEEF
DEADBEEF
DEADBEEF
DEADBEEF
DEADBEEF
DEADBEEF
DEADBEEF
DEADBEEF
DEADBEEF
DEADBEEF
DEADBEEF
DEADBEEF
DEADBEEF
DEADBEEF
DEADBEEF
DEADBEEF
DEADBEEF
DEADBEEF
DEADBEEF
DEADBEEF
DEADBEEF
DEADBEEF
DEADBEEF
DEADBEEF
DEADBEEF
DEADBEEF
DEADBEEF
DEADBEEF
DEADBEEF
DEADBEEF
DEADBEEF
DEADBEEF
DEADBEEF
DEADBEEF
DEADBEEF
DEADBEEF
DEADBEEF
DEADBEEF
DEADBEEF
DEADBEEF
DEADBEEF
DEADBEEF
DEADBEEF
DEADBEEF
DEADBEEF
DEADBEEF
DEADBEEF
DEADBEEF
DEADBEEF
DEADBEEF
DEADBEEF
DEADBEEF
DEADBEEF
DEADBEEF
DEADBEEF
DEADBEEF
DEADBEEF
DEADBEEF
DEADBEEF
DEADBEEF
DEADBEEF
DEADBEEF
DEADBEEF
DEADBEEF
DEADBEEF
DEADBEEF
DEADBEEF
DEADBEEF
DEADBEEF
DEADBEEF
DEADBEEF
DEADBEEF
DEADBEEF
DEADBEEF
DEADBEEF
DEADBEEF
DEADBEEF
DEADBEEF
DEADBEEF
DEADBEEF
DEADBEEF
DEADBEEF
DEADBEEF
DEADBEEF
DEADBEEF
DEADBEEF
DEADBEEF
DEADBEEF
DEADBEEF
DEADBEEF
DEADBEEF
DEADBEEF
DEADBEEF
DEADBEEF
DEADBEEF
DEADBEEF
DEADBEEF
DEADBEEF
DEADBEEF
DEADBEEF
DEADBEEF
DEADBEEF
DEADBEEF
DEADBEEF
DEADBEEF
DEADBEEF
DEADBEEF
DEADBEEF
DEADBEEF
DEADBEEF
DEADBEEF
DEADBEEF
DEADBEEF
DEADBEEF
DEADBEEF
DEADBEEF
DEADBEEF
DEADBEEF
DEADBEEF
DEADBEEF
DEADBEEF
DEADBEEF
DEADBEEF
DEADBEEF
DEADBEEF
DEADBEEF
DEADBEEF
DEADBEEF
DEADBEEF
DEADBEEF
DEADBEEF
DEADBEEF
DEADBEEF
DEADBEEF
DEADBEEF
DEADBEEF
DEADBEEF
DEADBEEF
DEADBEEF
DEADBEEF
DEADBEEF
DEADBEEF
DEADBEEF
DEADBEEF
DEADBEEF
DEADBEEF
DEADBEEF
DEADBEEF
DEADBEEF
DEADBEEF
DEADBEEF
DEADBEEF
DEADBEEF
DEADBEEF
DEADBEEF
DEADBEEF
DEADBEEF
DEADBEEF
DEADBEEF
DEADBEEF
DEADBEEF
DEADBEEF
DEADBEEF
DEADBEEF
DEADBEEF
DEADBEEF
DEADBEEF
DEADBEEF
DEADBEEF
DEADBEEF
DEADBEEF
DEADBEEF
DEADBEEF
DEADBEEF
DEADBEEF
DEADBEEF
DEADBEEF
DEADBEEF
DEADBEEF
DEADBEEF
DEADBEEF
DEADBEEF
DEADBEEF
DEADBEEF
DEADBEEF
DEADBEEF
DEADBEEF
DEADBEEF
DEADBEEF
DEADBEEF
DEADBEEF
DEADBEEF
DEADBEEF
DEADBEEF
DEADBEEF
DEADBEEF
DEADBEEF
DEADBEEF
DEADBEEF
DEADBEEF
DEADBEEF
DEADBEEF
DEADBEEF
DEADBEEF
DEADBEEF
DEADBEEF
DEADBEEF
DEADBEEF
DEADBEEF
DEADBEEF
DEADBEEF
DEADBEEF
DEADBEEF
DEADBEEF
DEADBEEF
DEADBEEF
DEADBEEF
DEADBEEF
DEADBEEF
DEADBEEF
DEADBEEF
DEADBEEF
DEADBEEF
DEADBEEF
DEADBEEF
DEADBEEF
DEADBEEF
DEADBEEF
DEADBEEF
DEADBEEF
DEADBEEF
DEADBEEF
DEADBEEF
DEADBEEF
DEADBEEF
DEADBEEF
DEADBEEF
DEADBEEF
DEADBEEF
DEADBEEF
DEADBEEF
DEADBEEF
DEADBEEF
DEADBEEF
DEADBEEF
DEADBEEF
DEADBEEF
DEADBEEF
DEADBEEF
DEADBEEF
DEADBEEF
DEADBEEF
DEADBEEF
DEADBEEF
DEADBEEF
DEADBEEF
DEADBEEF
DEADBEEF
DEADBEEF
DEADBEEF
DEADBEEF
DEADBEEF
DEADBEEF
DEADBEEF
DEADBEEF
DEADBEEF
DEADBEEF
DEADBEEF
DEADBEEF
DEADBEEF
DEADBEEF
DEADBEEF
DEADBEEF
DEADBEEF
DEADBEEF
DEADBEEF
DEADBEEF
DEADBEEF
DEADBEEF
DEADBEEF
DEADBEEF
DEADBEEF
DEADBEEF
DEADBEEF
DEADBEEF
DEADBEEF
DEADBEEF
DEADBEEF
DEADBEEF
DEADBEEF
DEADBEEF
DEADBEEF
DEADBEEF
DEADBEEF
DEADBEEF
DEADBEEF
DEADBEEF
DEADBEEF
DEADBEEF
DEADBEEF
DEADBEEF
DEADBEEF
DEADBEEF
DEADBEEF
DEADBEEF
DEADBEEF
DEADBEEF
DEADBEEF
DEADBEEF
DEADBEEF
DEADBEEF
DEADBEEF
DEADBEEF
DEADBEEF
DEADBEEF
DEADBEEF
DEADBEEF
DEADBEEF
DEADBEEF
DEADBEEF
DEADBEEF
DEADBEEF
DEADBEEF
DEADBEEF
DEADBEEF
DEADBEEF
DEADBEEF
DEADBEEF
DEADBEEF
DEADBEEF
DEADBEEF
DEADBEEF
DEADBEEF
DEADBEEF
DEADBEEF
DEADBEEF
DEADBEEF
DEADBEEF
DEADBEEF
DEADBEEF
DEADBEEF
DEADBEEF
DEADBEEF
DEADBEEF
DEADBEEF
DEADBEEF
DEADBEEF
DEADBEEF
DEADBEEF
DEADBEEF
DEADBEEF
DEADBEEF
DEADBEEF
DEADBEEF
DEADBEEF
DEADBEEF
DEADBEEF
DEADBEEF
DEADBEEF
DEADBEEF
DEADBEEF
DEADBEEF
DEADBEEF
DEADBEEF
DEADBEEF
DEADBEEF
DEADBEEF
DEADBEEF
DEADBEEF
DEADBEEF
DEADBEEF
DEADBEEF
DEADBEEF
DEADBEEF
DEADBEEF
DEADBEEF
DEADBEEF
DEADBEEF
DEADBEEF
DEADBEEF
DEADBEEF
DEADBEEF
DEADBEEF
DEADBEEF
DEADBEEF
DEADBEEF
DEADBEEF
DEADBEEF
DEADBEEF
DEADBEEF
DEADBEEF
DEADBEEF
DEADBEEF
DEADBEEF
DEADBEEF
DEADBEEF
DEADBEEF
DEADBEEF
DEADBEEF
DEADBEEF
DEADBEEF
DEADBEEF
DEADBEEF
DEADBEEF
DEADBEEF
DEADBEEF
DEADBEEF
DEADBEEF
DEADBEEF
DEADBEEF
DEADBEEF
DEADBEEF
DEADBEEF
DEADBEEF
DEADBEEF
DEADBEEF
DEADBEEF
DEADBEEF
DEADBEEF
DEADBEEF
DEADBEEF
DEADBEEF
DEADBEEF
DEADBEEF
DEADBEEF
DEADBEEF
DEADBEEF
DEADBEEF
DEADBEEF
DEADBEEF
DEADBEEF
DEADBEEF
DEADBEEF
DEADBEEF
DEADBEEF
DEADBEEF
DEADBEEF
DEADBEEF
DEADBEEF
DEADBEEF
DEADBEEF
DEADBEEF
DEADBEEF
DEADBEEF
DEADBEEF
DEADBEEF
DEADBEEF
DEADBEEF
DEADBEEF
DEADBEEF
DEADBEEF
DEADBEEF
DEADBEEF
DEADBEEF
DEADBEEF
DEADBEEF
DEADBEEF
DEADBEEF
DEADBEEF
DEADBEEF
DEADBEEF
DEADBEEF
DEADBEEF
DEADBEEF
DEADBEEF
DEADBEEF
DEADBEEF
DEADBEEF
DEADBEEF
DEADBEEF
DEADBEEF
DEADBEEF
DEADBEEF
DEADBEEF
DEADBEEF
DEADBEEF
DEADBEEF
DEADBEEF
DEADBEEF
DEADBEEF
DEADBEEF
DEADBEEF
DEADBEEF
DEADBEEF
DEADBEEF
DEADBEEF
DEADBEEF
DEADBEEF
DEADBEEF
DEADBEEF
DEADBEEF
DEADBEEF
DEADBEEF
DEADBEEF
DEADBEEF
DEADBEEF
DEADBEEF
DEADBEEF
DEADBEEF
DEADBEEF
DEADBEEF
DEADBEEF
DEADBEEF
DEADBEEF
DEADBEEF
DEADBEEF
DEADBEEF
DEADBEEF
DEADBEEF
DEADBEEF
DEADBEEF
DEADBEEF
DEADBEEF
DEADBEEF
DEADBEEF
DEADBEEF
DEADBEEF
DEADBEEF
DEADBEEF
DEADBEEF
DEADBEEF
DEADBEEF
DEADBEEF
DEADBEEF
DEADBEEF
DEADBEEF
DEADBEEF
DEADBEEF
DEADBEEF
DEADBEEF
DEADBEEF
DEADBEEF
DEADBEEF
DEADBEEF
DEADBEEF
DEADBEEF
DEADBEEF
DEADBEEF
DEADBEEF
DEADBEEF
DEADBEEF
DEADBEEF
DEADBEEF
DEADBEEF
DEADBEEF
DEADBEEF
DEADBEEF
DEADBEEF
DEADBEEF
DEADBEEF
DEADBEEF
DEADBEEF
DEADBEEF
DEADBEEF
DEADBEEF
DEADBEEF
DEADBEEF
DEADBEEF
DEADBEEF
DEADBEEF
DEADBEEF
DEADBEEF
DEADBEEF
DEADBEEF
DEADBEEF
DEADBEEF
DEADBEEF
DEADBEEF
DEADBEEF
DEADBEEF
DEADBEEF
DEADBEEF
DEADBEEF
DEADBEEF
DEADBEEF
DEADBEEF
DEADBEEF
DEADBEEF
DEADBEEF
DEADBEEF
DEADBEEF
DEADBEEF
DEADBEEF
DEADBEEF
DEADBEEF
DEADBEEF
DEADBEEF
DEADBEEF
DEADBEEF
DEADBEEF
DEADBEEF
DEADBEEF
DEADBEEF
DEADBEEF
DEADBEEF
DEADBEEF
DEADBEEF
DEADBEEF
DEADBEEF
DEADBEEF
DEADBEEF
DEADBEEF
DEADBEEF
DEADBEEF
DEADBEEF
DEADBEEF
DEADBEEF
DEADBEEF
DEADBEEF
DEADBEEF
DEADBEEF
DEADBEEF
DEADBEEF
DEADBEEF
DEADBEEF
DEADBEEF
DEADBEEF
DEADBEEF
DEADBEEF
DEADBEEF
DEADBEEF
DEADBEEF
DEADBEEF
DEADBEEF
DEADBEEF
DEADBEEF
DEADBEEF
DEADBEEF
DEADBEEF
DEADBEEF
DEADBEEF
DEADBEEF
DEADBEEF
DEADBEEF
DEADBEEF
DEADBEEF
DEADBEEF
DEADBEEF
DEADBEEF
DEADBEEF
DEADBEEF
DEADBEEF
DEADBEEF
DEADBEEF
DEADBEEF
DEADBEEF
DEADBEEF
DEADBEEF
DEADBEEF
DEADBEEF
DEADBEEF
DEADBEEF
DEADBEEF
DEADBEEF
DEADBEEF
DEADBEEF
DEADBEEF
DEADBEEF
DEADBEEF
DEADBEEF
DEADBEEF
DEADBEEF
DEADBEEF
DEADBEEF
DEADBEEF
DEADBEEF
DEADBEEF
DEADBEEF
DEADBEEF
DEADBEEF
DEADBEEF
DEADBEEF
DEADBEEF
DEADBEEF
DEADBEEF
DEADBEEF
DEADBEEF
DEADBEEF
DEADBEEF
DEADBEEF
DEADBEEF
DEADBEEF
DEADBEEF
DEADBEEF
DEADBEEF
DEADBEEF
DEADBEEF
DEADBEEF
DEADBEEF
DEADBEEF
DEADBEEF
DEADBEEF
DEADBEEF
DEADBEEF
DEADBEEF
DEADBEEF
DEADBEEF
DEADBEEF
DEADBEEF
DEADBEEF
DEADBEEF
DEADBEEF
DEADBEEF
DEADBEEF
DEADBEEF
DEADBEEF
DEADBEEF
DEADBEEF
DEADBEEF
DEADBEEF
DEADBEEF
DEADBEEF
DEADBEEF
DEADBEEF
DEADBEEF
DEADBEEF
DEADBEEF
DEADBEEF
DEADBEEF
DEADBEEF
DEADBEEF
DEADBEEF
DEADBEEF
DEADBEEF
DEADBEEF
DEADBEEF
DEADBEEF
DEADBEEF
DEADBEEF
DEADBEEF
DEADBEEF
DEADBEEF
DEADBEEF
DEADBEEF
DEADBEEF
DEADBEEF
DEADBEEF
DEADBEEF
DEADBEEF
DEADBEEF
DEADBEEF
DEADBEEF
DEADBEEF
DEADBEEF
DEADBEEF
DEADBEEF
DEADBEEF
DEADBEEF
DEADBEEF
DEADBEEF
DEADBEEF
DEADBEEF
DEADBEEF
DEADBEEF
DEADBEEF
DEADBEEF
DEADBEEF
DEADBEEF
DEADBEEF
DEADBEEF
DEADBEEF
DEADBEEF
DEADBEEF
DEADBEEF
DEADBEEF
DEADBEEF
DEADBEEF
DEADBEEF
DEADBEEF
DEADBEEF
DEADBEEF
DEADBEEF
DEADBEEF
DEADBEEF
DEADBEEF
DEADBEEF
DEADBEEF
DEADBEEF
DEADBEEF
DEADBEEF
DEADBEEF
DEADBEEF
DEADBEEF
DEADBEEF
DEADBEEF
DEADBEEF
DEADBEEF
DEADBEEF
DEADBEEF
DEADBEEF
DEADBEEF
DEADBEEF
DEADBEEF
DEADBEEF
DEADBEEF
DEADBEEF
DEADBEEF
DEADBEEF
DEADBEEF
DEADBEEF
DEADBEEF
DEADBEEF
DEADBEEF
DEADBEEF
DEADBEEF
DEADBEEF
DEADBEEF
DEADBEEF
DEADBEEF
DEADBEEF
DEADBEEF
DEADBEEF
DEADBEEF
DEADBEEF
DEADBEEF
DEADBEEF
DEADBEEF
DEADBEEF
DEADBEEF
DEADBEEF
DEADBEEF
DEADBEEF
DEADBEEF
DEADBEEF
DEADBEEF
DEADBEEF
DEADBEEF
DEADBEEF
DEADBEEF
DEADBEEF
DEADBEEF
DEADBEEF
DEADBEEF
DEADBEEF
DEADBEEF
DEADBEEF
DEADBEEF
DEADBEEF
DEADBEEF
DEADBEEF
DEADBEEF
DEADBEEF
DEADBEEF
DEADBEEF
DEADBEEF
DEADBEEF
DEADBEEF
DEADBEEF
DEADBEEF
DEADBEEF
DEADBEEF
DEADBEEF
DEADBEEF
DEADBEEF
DEADBEEF
DEADBEEF
DEADBEEF
DEADBEEF
DEADBEEF
DEADBEEF
DEADBEEF
DEADBEEF
DEADBEEF
DEADBEEF
DEADBEEF
DEADBEEF
DEADBEEF
DEADBEEF
DEADBEEF
DEADBEEF
DEADBEEF
DEADBEEF
DEADBEEF
DEADBEEF
DEADBEEF
DEADBEEF
DEADBEEF
DEADBEEF
DEADBEEF
DEADBEEF
DEADBEEF
DEADBEEF
DEADBEEF
DEADBEEF
DEADBEEF
DEADBEEF
DEADBEEF
DEADBEEF
DEADBEEF
DEADBEEF
DEADBEEF
DEADBEEF
DEADBEEF
DEADBEEF
DEADBEEF
DEADBEEF
DEADBEEF
DEADBEEF
DEADBEEF
DEADBEEF
DEADBEEF
DEADBEEF
DEADBEEF
DEADBEEF
DEADBEEF
DEADBEEF
DEADBEEF
DEADBEEF
DEADBEEF
DEADBEEF
DEADBEEF
DEADBEEF
DEADBEEF
DEADBEEF
DEADBEEF
DEADBEEF
DEADBEEF
DEADBEEF
DEADBEEF
DEADBEEF
DEADBEEF
DEADBEEF
DEADBEEF
DEADBEEF
DEADBEEF
DEADBEEF
DEADBEEF
DEADBEEF
DEADBEEF
DEADBEEF
DEADBEEF
DEADBEEF
DEADBEEF
DEADBEEF
DEADBEEF
DEADBEEF
DEADBEEF
DEADBEEF
DEADBEEF
DEADBEEF
DEADBEEF
DEADBEEF
DEADBEEF
DEADBEEF
DEADBEEF
DEADBEEF
DEADBEEF
DEADBEEF
DEADBEEF
DEADBEEF
DEADBEEF
DEADBEEF
DEADBEEF
DEADBEEF
DEADBEEF
DEADBEEF
DEADBEEF
DEADBEEF
DEADBEEF
DEADBEEF
DEADBEEF
DEADBEEF
DEADBEEF
DEADBEEF
DEADBEEF
DEADBEEF
DEADBEEF
DEADBEEF
DEADBEEF
DEADBEEF
DEADBEEF
DEADBEEF
DEADBEEF
DEADBEEF
DEADBEEF
DEADBEEF
DEADBEEF
DEADBEEF
DEADBEEF
DEADBEEF
DEADBEEF
DEADBEEF
DEADBEEF
DEADBEEF
DEADBEEF
DEADBEEF
DEADBEEF
DEADBEEF
DEADBEEF
DEADBEEF
DEADBEEF
DEADBEEF
DEADBEEF
DEADBEEF
DEADBEEF
DEADBEEF
DEADBEEF
DEADBEEF
DEADBEEF
DEADBEEF
DEADBEEF
DEADBEEF
DEADBEEF
DEADBEEF
DEADBEEF
DEADBEEF
DEADBEEF
DEADBEEF
DEADBEEF
DEADBEEF
DEADBEEF
DEADBEEF
DEADBEEF
DEADBEEF
DEADBEEF
DEADBEEF
DEADBEEF
DEADBEEF
DEADBEEF
DEADBEEF
DEADBEEF
DEADBEEF
DEADBEEF
DEADBEEF
DEADBEEF
DEADBEEF
DEADBEEF
DEADBEEF
DEADBEEF
DEADBEEF
DEADBEEF
DEADBEEF
DEADBEEF
DEADBEEF
DEADBEEF
DEADBEEF
DEADBEEF
DEADBEEF
DEADBEEF
DEADBEEF
DEADBEEF
DEADBEEF
DEADBEEF
DEADBEEF
DEADBEEF
DEADBEEF
DEADBEEF
DEADBEEF
DEADBEEF
DEADBEEF
DEADBEEF
DEADBEEF
DEADBEEF
DEADBEEF
DEADBEEF
DEADBEEF
DEADBEEF
DEADBEEF
DEADBEEF
DEADBEEF
DEADBEEF
DEADBEEF
DEADBEEF
DEADBEEF
DEADBEEF
DEADBEEF
DEADBEEF
DEADBEEF
DEADBEEF
DEADBEEF
DEADBEEF
DEADBEEF
DEADBEEF
DEADBEEF
DEADBEEF
DEADBEEF
DEADBEEF
DEADBEEF
DEADBEEF
DEADBEEF
DEADBEEF
DEADBEEF
DEADBEEF
DEADBEEF
DEADBEEF
DEADBEEF
DEADBEEF
DEADBEEF
DEADBEEF
DEADBEEF
DEADBEEF
DEADBEEF
DEADBEEF
DEADBEEF
DEADBEEF
DEADBEEF
DEADBEEF
DEADBEEF
DEADBEEF
DEADBEEF
DEADBEEF
DEADBEEF
DEADBEEF
DEADBEEF
DEADBEEF
DEADBEEF
DEADBEEF
DEADBEEF
DEADBEEF
DEADBEEF
DEADBEEF
DEADBEEF
DEADBEEF
DEADBEEF
DEADBEEF
DEADBEEF
DEADBEEF
DEADBEEF
DEADBEEF
DEADBEEF
DEADBEEF
DEADBEEF
DEADBEEF
DEADBEEF
DEADBEEF
DEADBEEF
DEADBEEF
DEADBEEF
DEADBEEF
DEADBEEF
DEADBEEF
DEADBEEF
DEADBEEF
DEADBEEF
DEADBEEF
DEADBEEF
DEADBEEF
DEADBEEF
DEADBEEF
DEADBEEF
DEADBEEF
DEADBEEF
DEADBEEF
DEADBEEF
DEADBEEF
DEADBEEF
DEADBEEF
DEADBEEF
DEADBEEF
DEADBEEF
DEADBEEF
DEADBEEF
DEADBEEF
DEADBEEF
DEADBEEF
DEADBEEF
DEADBEEF
DEADBEEF
DEADBEEF
DEADBEEF
DEADBEEF
DEADBEEF
DEADBEEF
DEADBEEF
DEADBEEF
DEADBEEF
DEADBEEF
DEADBEEF
DEADBEEF
DEADBEEF
DEADBEEF
DEADBEEF
DEADBEEF
DEADBEEF
DEADBEEF
DEADBEEF
DEADBEEF
DEADBEEF
DEADBEEF
DEADBEEF
DEADBEEF
DEADBEEF
DEADBEEF
DEADBEEF
DEADBEEF
DEADBEEF
DEADBEEF
DEADBEEF
DEADBEEF
DEADBEEF
DEADBEEF
DEADBEEF
DEADBEEF
DEADBEEF
DEADBEEF
DEADBEEF
DEADBEEF
DEADBEEF
DEADBEEF
DEADBEEF
DEADBEEF
DEADBEEF
DEADBEEF
DEADBEEF
DEADBEEF
DEADBEEF
DEADBEEF
DEADBEEF
DEADBEEF
DEADBEEF
DEADBEEF
DEADBEEF
DEADBEEF
DEADBEEF
DEADBEEF
DEADBEEF
DEADBEEF
DEADBEEF
DEADBEEF
DEADBEEF
DEADBEEF
DEADBEEF
DEADBEEF
DEADBEEF
DEADBEEF
DEADBEEF
DEADBEEF
DEADBEEF
DEADBEEF
DEADBEEF
DEADBEEF
DEADBEEF
DEADBEEF
DEADBEEF
DEADBEEF
DEADBEEF
DEADBEEF
DEADBEEF
DEADBEEF
DEADBEEF
DEADBEEF
DEADBEEF
DEADBEEF
DEADBEEF
DEADBEEF
DEADBEEF
DEADBEEF
DEADBEEF
DEADBEEF
DEADBEEF
DEADBEEF
DEADBEEF
DEADBEEF
DEADBEEF
DEADBEEF
DEADBEEF
DEADBEEF
DEADBEEF
DEADBEEF
DEADBEEF
DEADBEEF
DEADBEEF
DEADBEEF
DEADBEEF
DEADBEEF
DEADBEEF
DEADBEEF
DEADBEEF
DEADBEEF
DEADBEEF
DEADBEEF
DEADBEEF
DEADBEEF
DEADBEEF
DEADBEEF
DEADBEEF
DEADBEEF
DEADBEEF
DEADBEEF
DEADBEEF
DEADBEEF
DEADBEEF
DEADBEEF
DEADBEEF
DEADBEEF
DEADBEEF
DEADBEEF
DEADBEEF
DEADBEEF
DEADBEEF
DEADBEEF
DEADBEEF
DEADBEEF
DEADBEEF
DEADBEEF
DEADBEEF
DEADBEEF
DEADBEEF
DEADBEEF
DEADBEEF
DEADBEEF
DEADBEEF
DEADBEEF
DEADBEEF
DEADBEEF
DEADBEEF
DEADBEEF
DEADBEEF
DEADBEEF
DEADBEEF
DEADBEEF
DEADBEEF
DEADBEEF
DEADBEEF
DEADBEEF
DEADBEEF
DEADBEEF
DEADBEEF
DEADBEEF
DEADBEEF
DEADBEEF
DEADBEEF
DEADBEEF
DEADBEEF
DEADBEEF
DEADBEEF
DEADBEEF
DEADBEEF
DEADBEEF
DEADBEEF
DEADBEEF
DEADBEEF
DEADBEEF
DEADBEEF
DEADBEEF
DEADBEEF
DEADBEEF
DEADBEEF
DEADBEEF
DEADBEEF
DEADBEEF
DEADBEEF
DEADBEEF
DEADBEEF
DEADBEEF
DEADBEEF
DEADBEEF
DEADBEEF
DEADBEEF
DEADBEEF
DEADBEEF
DEADBEEF
DEADBEEF
DEADBEEF
DEADBEEF
DEADBEEF
DEADBEEF
DEADBEEF
DEADBEEF
DEADBEEF
DEADBEEF
DEADBEEF
DEADBEEF
DEADBEEF
DEADBEEF
DEADBEEF
DEADBEEF
DEADBEEF
DEADBEEF
DEADBEEF
DEADBEEF
DEADBEEF
DEADBEEF
DEADBEEF
DEADBEEF
DEADBEEF
DEADBEEF
DEADBEEF
DEADBEEF
DEADBEEF
DEADBEEF
DEADBEEF
DEADBEEF
DEADBEEF
DEADBEEF
DEADBEEF
DEADBEEF
DEADBEEF
DEADBEEF
DEADBEEF
DEADBEEF
DEADBEEF
DEADBEEF
DEADBEEF
DEADBEEF
DEADBEEF
DEADBEEF
DEADBEEF
DEADBEEF
DEADBEEF
DEADBEEF
DEADBEEF
DEADBEEF
DEADBEEF
DEADBEEF
DEADBEEF
DEADBEEF
DEADBEEF
DEADBEEF
DEADBEEF
DEADBEEF
DEADBEEF
DEADBEEF
DEADBEEF
DEADBEEF
DEADBEEF
DEADBEEF
DEADBEEF
DEADBEEF
DEADBEEF
DEADBEEF
DEADBEEF
DEADBEEF
DEADBEEF
DEADBEEF
DEADBEEF
DEADBEEF
DEADBEEF
DEADBEEF
DEADBEEF
DEADBEEF
DEADBEEF
DEADBEEF
DEADBEEF
DEADBEEF
DEADBEEF
DEADBEEF
DEADBEEF
DEADBEEF
DEADBEEF
DEADBEEF
DEADBEEF
DEADBEEF
DEADBEEF
DEADBEEF
DEADBEEF
DEADBEEF
DEADBEEF
DEADBEEF
DEADBEEF
DEADBEEF
DEADBEEF
DEADBEEF
DEADBEEF
DEADBEEF
DEADBEEF
DEADBEEF
DEADBEEF
DEADBEEF
DEADBEEF
DEADBEEF
DEADBEEF
DEADBEEF
DEADBEEF
DEADBEEF
DEADBEEF
DEADBEEF
DEADBEEF
DEADBEEF
DEADBEEF
DEADBEEF
DEADBEEF
DEADBEEF
DEADBEEF
DEADBEEF
DEADBEEF
DEADBEEF
DEADBEEF
DEADBEEF
DEADBEEF
DEADBEEF
DEADBEEF
DEADBEEF
DEADBEEF
DEADBEEF
DEADBEEF
DEADBEEF
DEADBEEF
DEADBEEF
DEADBEEF
DEADBEEF
DEADBEEF
DEADBEEF
DEADBEEF
DEADBEEF
DEADBEEF
DEADBEEF
DEADBEEF
DEADBEEF
DEADBEEF
DEADBEEF
DEADBEEF
DEADBEEF
DEADBEEF
DEADBEEF
DEADBEEF
DEADBEEF
DEADBEEF
DEADBEEF
DEADBEEF
DEADBEEF
DEADBEEF
DEADBEEF
DEADBEEF
DEADBEEF
DEADBEEF
DEADBEEF
DEADBEEF
DEADBEEF
DEADBEEF
DEADBEEF
DEADBEEF
DEADBEEF
DEADBEEF
DEADBEEF
DEADBEEF
DEADBEEF
DEADBEEF
DEADBEEF
DEADBEEF
DEADBEEF
DEADBEEF
DEADBEEF
DEADBEEF
DEADBEEF
DEADBEEF
DEADBEEF
DEADBEEF
DEADBEEF
DEADBEEF
DEADBEEF
DEADBEEF
DEADBEEF
DEADBEEF
DEADBEEF
DEADBEEF
DEADBEEF
DEADBEEF
DEADBEEF
DEADBEEF
DEADBEEF
DEADBEEF
DEADBEEF
DEADBEEF
DEADBEEF
DEADBEEF
DEADBEEF
DEADBEEF
DEADBEEF
DEADBEEF
DEADBEEF
DEADBEEF
DEADBEEF
DEADBEEF
DEADBEEF
DEADBEEF
DEADBEEF
DEADBEEF
DEADBEEF
DEADBEEF
DEADBEEF
DEADBEEF
DEADBEEF
DEADBEEF
DEADBEEF
DEADBEEF
DEADBEEF
DEADBEEF
DEADBEEF
DEADBEEF
DEADBEEF
DEADBEEF
DEADBEEF
DEADBEEF
DEADBEEF
DEADBEEF
DEADBEEF
DEADBEEF
DEADBEEF
DEADBEEF
DEADBEEF
DEADBEEF
DEADBEEF
DEADBEEF
DEADBEEF
DEADBEEF
DEADBEEF
DEADBEEF
DEADBEEF
DEADBEEF
DEADBEEF
DEADBEEF
DEADBEEF
DEADBEEF
DEADBEEF
DEADBEEF
DEADBEEF
DEADBEEF
DEADBEEF
DEADBEEF
DEADBEEF
DEADBEEF
DEADBEEF
DEADBEEF
DEADBEEF
DEADBEEF
DEADBEEF
DEADBEEF
DEADBEEF
DEADBEEF
DEADBEEF
DEADBEEF
DEADBEEF
DEADBEEF
DEADBEEF
DEADBEEF
DEADBEEF
DEADBEEF
DEADBEEF
DEADBEEF
DEADBEEF
DEADBEEF
DEADBEEF
DEADBEEF
DEADBEEF
DEADBEEF
DEADBEEF
DEADBEEF
DEADBEEF
DEADBEEF
DEADBEEF
DEADBEEF
DEADBEEF
DEADBEEF
DEADBEEF
DEADBEEF
DEADBEEF
DEADBEEF
DEADBEEF
DEADBEEF
DEADBEEF
DEADBEEF
DEADBEEF
DEADBEEF
DEADBEEF
DEADBEEF
DEADBEEF
DEADBEEF
DEADBEEF
DEADBEEF
DEADBEEF
DEADBEEF
DEADBEEF
DEADBEEF
DEADBEEF
DEADBEEF
DEADBEEF
DEADBEEF
DEADBEEF
DEADBEEF
DEADBEEF
DEADBEEF
DEADBEEF
DEADBEEF
DEADBEEF
DEADBEEF
DEADBEEF
DEADBEEF
DEADBEEF
DEADBEEF
DEADBEEF
DEADBEEF
DEADBEEF
DEADBEEF
DEADBEEF
DEADBEEF
DEADBEEF
DEADBEEF
DEADBEEF
DEADBEEF
DEADBEEF
DEADBEEF
DEADBEEF
DEADBEEF
DEADBEEF
DEADBEEF
DEADBEEF
DEADBEEF
DEADBEEF
DEADBEEF
DEADBEEF
DEADBEEF
DEADBEEF
DEADBEEF
DEADBEEF
DEADBEEF
DEADBEEF
DEADBEEF
DEADBEEF
DEADBEEF
DEADBEEF
DEADBEEF
DEADBEEF
DEADBEEF
DEADBEEF
DEADBEEF
DEADBEEF
DEADBEEF
DEADBEEF
DEADBEEF
DEADBEEF
DEADBEEF
DEADBEEF
DEADBEEF
DEADBEEF
DEADBEEF
DEADBEEF
DEADBEEF
DEADBEEF
DEADBEEF
DEADBEEF
DEADBEEF
DEADBEEF
DEADBEEF
DEADBEEF
DEADBEEF
DEADBEEF
DEADBEEF
DEADBEEF
DEADBEEF
DEADBEEF
DEADBEEF
DEADBEEF
DEADBEEF
DEADBEEF
DEADBEEF
DEADBEEF
DEADBEEF
DEADBEEF
DEADBEEF
DEADBEEF
DEADBEEF
DEADBEEF
DEADBEEF
DEADBEEF
DEADBEEF
DEADBEEF
DEADBEEF
DEADBEEF
DEADBEEF
DEADBEEF
DEADBEEF
DEADBEEF
DEADBEEF
DEADBEEF
DEADBEEF
DEADBEEF
DEADBEEF
DEADBEEF
DEADBEEF
DEADBEEF
DEADBEEF
DEADBEEF
DEADBEEF
DEADBEEF
DEADBEEF
DEADBEEF
DEADBEEF
DEADBEEF
DEADBEEF
DEADBEEF
DEADBEEF
DEADBEEF
DEADBEEF
DEADBEEF
DEADBEEF
DEADBEEF
DEADBEEF
DEADBEEF
DEADBEEF
DEADBEEF
DEADBEEF
DEADBEEF
DEADBEEF
DEADBEEF
DEADBEEF
DEADBEEF
DEADBEEF
DEADBEEF
DEADBEEF
DEADBEEF
DEADBEEF
DEADBEEF
DEADBEEF
DEADBEEF
DEADBEEF
DEADBEEF
DEADBEEF
DEADBEEF
DEADBEEF
DEADBEEF
DEADBEEF
DEADBEEF
DEADBEEF
DEADBEEF
DEADBEEF
DEADBEEF
DEADBEEF
DEADBEEF
DEADBEEF
DEADBEEF
DEADBEEF
DEADBEEF
DEADBEEF
DEADBEEF
DEADBEEF
DEADBEEF
DEADBEEF
DEADBEEF
DEADBEEF
DEADBEEF
DEADBEEF
DEADBEEF
DEADBEEF
DEADBEEF
DEADBEEF
DEADBEEF
DEADBEEF
DEADBEEF
DEADBEEF
DEADBEEF
DEADBEEF
DEADBEEF
DEADBEEF
DEADBEEF
DEADBEEF
DEADBEEF
DEADBEEF
DEADBEEF
DEADBEEF
DEADBEEF
DEADBEEF
DEADBEEF
DEADBEEF
DEADBEEF
DEADBEEF
DEADBEEF
DEADBEEF
DEADBEEF
DEADBEEF
DEADBEEF
DEADBEEF
DEADBEEF
DEADBEEF
DEADBEEF
DEADBEEF
DEADBEEF
DEADBEEF
DEADBEEF
DEADBEEF
DEADBEEF
DEADBEEF
DEADBEEF
DEADBEEF
DEADBEEF
DEADBEEF
DEADBEEF
DEADBEEF
DEADBEEF
DEADBEEF
DEADBEEF
DEADBEEF
DEADBEEF
DEADBEEF
DEADBEEF
DEADBEEF
DEADBEEF
DEADBEEF
DEADBEEF
DEADBEEF
DEADBEEF
DEADBEEF
DEADBEEF
DEADBEEF
DEADBEEF
DEADBEEF
DEADBEEF
DEADBEEF
DEADBEEF
DEADBEEF
DEADBEEF
DEADBEEF
DEADBEEF
DEADBEEF
DEADBEEF
DEADBEEF
DEADBEEF
DEADBEEF
DEADBEEF
DEADBEEF
DEADBEEF
DEADBEEF
DEADBEEF
DEADBEEF
DEADBEEF
DEADBEEF
DEADBEEF
DEADBEEF
DEADBEEF
DEADBEEF
DEADBEEF
DEADBEEF
DEADBEEF
DEADBEEF
DEADBEEF
DEADBEEF
DEADBEEF
DEADBEEF
DEADBEEF
DEADBEEF
DEADBEEF
DEADBEEF
DEADBEEF
DEADBEEF
DEADBEEF
DEADBEEF
DEADBEEF
DEADBEEF
DEADBEEF
DEADBEEF
DEADBEEF
DEADBEEF
DEADBEEF
DEADBEEF
DEADBEEF
DEADBEEF
DEADBEEF
DEADBEEF
DEADBEEF
DEADBEEF
DEADBEEF
DEADBEEF
DEADBEEF
DEADBEEF
DEADBEEF
DEADBEEF
DEADBEEF
DEADBEEF
DEADBEEF
DEADBEEF
DEADBEEF
DEADBEEF
DEADBEEF
DEADBEEF
DEADBEEF
DEADBEEF
DEADBEEF
DEADBEEF
DEADBEEF
DEADBEEF
DEADBEEF
DEADBEEF
DEADBEEF
DEADBEEF
DEADBEEF
DEADBEEF
DEADBEEF
DEADBEEF
DEADBEEF
DEADBEEF
DEADBEEF
DEADBEEF
DEADBEEF
DEADBEEF
DEADBEEF
DEADBEEF
DEADBEEF
DEADBEEF
DEADBEEF
DEADBEEF
DEADBEEF
DEADBEEF
DEADBEEF
DEADBEEF
DEADBEEF
DEADBEEF
DEADBEEF
DEADBEEF
DEADBEEF
DEADBEEF
DEADBEEF
DEADBEEF
DEADBEEF
DEADBEEF
DEADBEEF
DEADBEEF
DEADBEEF
DEADBEEF
DEADBEEF
DEADBEEF
DEADBEEF
DEADBEEF
DEADBEEF
DEADBEEF
DEADBEEF
DEADBEEF
DEADBEEF
DEADBEEF
DEADBEEF
DEADBEEF
DEADBEEF
DEADBEEF
DEADBEEF
DEADBEEF
DEADBEEF
DEADBEEF
DEADBEEF
DEADBEEF
DEADBEEF
DEADBEEF
DEADBEEF
DEADBEEF
DEADBEEF
DEADBEEF
DEADBEEF
DEADBEEF
DEADBEEF
DEADBEEF
DEADBEEF
DEADBEEF
DEADBEEF
DEADBEEF
DEADBEEF
DEADBEEF
DEADBEEF
DEADBEEF
DEADBEEF
DEADBEEF
DEADBEEF
DEADBEEF
DEADBEEF
DEADBEEF
DEADBEEF
DEADBEEF
DEADBEEF
DEADBEEF
DEADBEEF
DEADBEEF
DEADBEEF
DEADBEEF
DEADBEEF
DEADBEEF
DEADBEEF
DEADBEEF
DEADBEEF
DEADBEEF
DEADBEEF
DEADBEEF
DEADBEEF
DEADBEEF
DEADBEEF
DEADBEEF
DEADBEEF
DEADBEEF
DEADBEEF
DEADBEEF
DEADBEEF
DEADBEEF
DEADBEEF
DEADBEEF
DEADBEEF
DEADBEEF
DEADBEEF
DEADBEEF
DEADBEEF
DEADBEEF
DEADBEEF
DEADBEEF
DEADBEEF
DEADBEEF
DEADBEEF
DEADBEEF
DEADBEEF
DEADBEEF
DEADBEEF
DEADBEEF
DEADBEEF
DEADBEEF
DEADBEEF
DEADBEEF
DEADBEEF
DEADBEEF
DEADBEEF
DEADBEEF
DEADBEEF
DEADBEEF
DEADBEEF
DEADBEEF
DEADBEEF
DEADBEEF
DEADBEEF
DEADBEEF
DEADBEEF
DEADBEEF
DEADBEEF
DEADBEEF
DEADBEEF
DEADBEEF
DEADBEEF
DEADBEEF
DEADBEEF
DEADBEEF
DEADBEEF
DEADBEEF
DEADBEEF
DEADBEEF
DEADBEEF
DEADBEEF
DEADBEEF
DEADBEEF
DEADBEEF
DEADBEEF
DEADBEEF
DEADBEEF
DEADBEEF
DEADBEEF
DEADBEEF
DEADBEEF
DEADBEEF
DEADBEEF
DEADBEEF
DEADBEEF
DEADBEEF
DEADBEEF
DEADBEEF
DEADBEEF
DEADBEEF
DEADBEEF
DEADBEEF
DEADBEEF
DEADBEEF
DEADBEEF
DEADBEEF
DEADBEEF
DEADBEEF
DEADBEEF
DEADBEEF
DEADBEEF
DEADBEEF
DEADBEEF
DEADBEEF
DEADBEEF
DEADBEEF
DEADBEEF
DEADBEEF
DEADBEEF
DEADBEEF
DEADBEEF
DEADBEEF
DEADBEEF
DEADBEEF
DEADBEEF
DEADBEEF
DEADBEEF
DEADBEEF
DEADBEEF
DEADBEEF
DEADBEEF
DEADBEEF
DEADBEEF
DEADBEEF
DEADBEEF
DEADBEEF
DEADBEEF
DEADBEEF
DEADBEEF
DEADBEEF
DEADBEEF
DEADBEEF
DEADBEEF
DEADBEEF
DEADBEEF
DEADBEEF
DEADBEEF
DEADBEEF
DEADBEEF
DEADBEEF
DEADBEEF
DEADBEEF
DEADBEEF
DEADBEEF
DEADBEEF
DEADBEEF
DEADBEEF
DEADBEEF
DEADBEEF
DEADBEEF
DEADBEEF
DEADBEEF
DEADBEEF
DEADBEEF
DEADBEEF
DEADBEEF
DEADBEEF
DEADBEEF
DEADBEEF
DEADBEEF
DEADBEEF
DEADBEEF
DEADBEEF
DEADBEEF
DEADBEEF
DEADBEEF
DEADBEEF
DEADBEEF
DEADBEEF
DEADBEEF
DEADBEEF
DEADBEEF
DEADBEEF
DEADBEEF
DEADBEEF
DEADBEEF
DEADBEEF
DEADBEEF
DEADBEEF
DEADBEEF
DEADBEEF
DEADBEEF
DEADBEEF
DEADBEEF
DEADBEEF
DEADBEEF
DEADBEEF
DEADBEEF
DEADBEEF
DEADBEEF
DEADBEEF
DEADBEEF
DEADBEEF
DEADBEEF
DEADBEEF
DEADBEEF
DEADBEEF
DEADBEEF
DEADBEEF
DEADBEEF
DEADBEEF
DEADBEEF
DEADBEEF
DEADBEEF
DEADBEEF
DEADBEEF
DEADBEEF
DEADBEEF
DEADBEEF
DEADBEEF
DEADBEEF
DEADBEEF
DEADBEEF
DEADBEEF
DEADBEEF
DEADBEEF
DEADBEEF
DEADBEEF
DEADBEEF
DEADBEEF
DEADBEEF
DEADBEEF
DEADBEEF
DEADBEEF
DEADBEEF
DEADBEEF
DEADBEEF
DEADBEEF
DEADBEEF
DEADBEEF
DEADBEEF
DEADBEEF
DEADBEEF
DEADBEEF
DEADBEEF
DEADBEEF
DEADBEEF
DEADBEEF
DEADBEEF
DEADBEEF
DEADBEEF
DEADBEEF
DEADBEEF
DEADBEEF
DEADBEEF
DEADBEEF
DEADBEEF
DEADBEEF
DEADBEEF
DEADBEEF
DEADBEEF
DEADBEEF
DEADBEEF
DEADBEEF
DEADBEEF
DEADBEEF
DEADBEEF
DEADBEEF
DEADBEEF
DEADBEEF
DEADBEEF
DEADBEEF
DEADBEEF
DEADBEEF
DEADBEEF
DEADBEEF
DEADBEEF
DEADBEEF
DEADBEEF
DEADBEEF
DEADBEEF
DEADBEEF
DEADBEEF
DEADBEEF
DEADBEEF
DEADBEEF
DEADBEEF
DEADBEEF
DEADBEEF
DEADBEEF
DEADBEEF
DEADBEEF
DEADBEEF
DEADBEEF
DEADBEEF
DEADBEEF
DEADBEEF
DEADBEEF
DEADBEEF
DEADBEEF
DEADBEEF
DEADBEEF
DEADBEEF
DEADBEEF
DEADBEEF
DEADBEEF
DEADBEEF
DEADBEEF
DEADBEEF
DEADBEEF
DEADBEEF
DEADBEEF
DEADBEEF
DEADBEEF
DEADBEEF
DEADBEEF
DEADBEEF
DEADBEEF
DEADBEEF
DEADBEEF
DEADBEEF
DEADBEEF
DEADBEEF
DEADBEEF
DEADBEEF
DEADBEEF
DEADBEEF
DEADBEEF
DEADBEEF
DEADBEEF
DEADBEEF
DEADBEEF
DEADBEEF
DEADBEEF
DEADBEEF
DEADBEEF
DEADBEEF
DEADBEEF
DEADBEEF
DEADBEEF
DEADBEEF
DEADBEEF
DEADBEEF
DEADBEEF
DEADBEEF
DEADBEEF
DEADBEEF
DEADBEEF
DEADBEEF
DEADBEEF
DEADBEEF
DEADBEEF
DEADBEEF
DEADBEEF
DEADBEEF
DEADBEEF
DEADBEEF
DEADBEEF
DEADBEEF
DEADBEEF
DEADBEEF
DEADBEEF
DEADBEEF
DEADBEEF
DEADBEEF
DEADBEEF
DEADBEEF
DEADBEEF
DEADBEEF
DEADBEEF
DEADBEEF
DEADBEEF
DEADBEEF
DEADBEEF
DEADBEEF
DEADBEEF
DEADBEEF
DEADBEEF
DEADBEEF
DEADBEEF
DEADBEEF
DEADBEEF
DEADBEEF
DEADBEEF
DEADBEEF
DEADBEEF
DEADBEEF
DEADBEEF
DEADBEEF
DEADBEEF
DEADBEEF
DEADBEEF
DEADBEEF
DEADBEEF
DEADBEEF
DEADBEEF
DEADBEEF
DEADBEEF
DEADBEEF
DEADBEEF
DEADBEEF
DEADBEEF
DEADBEEF
DEADBEEF
DEADBEEF
DEADBEEF
DEADBEEF
DEADBEEF
DEADBEEF
DEADBEEF
DEADBEEF
DEADBEEF
DEADBEEF
DEADBEEF
DEADBEEF
DEADBEEF
DEADBEEF
DEADBEEF
DEADBEEF
DEADBEEF
DEADBEEF
DEADBEEF
DEADBEEF
DEADBEEF
DEADBEEF
DEADBEEF
DEADBEEF
DEADBEEF
DEADBEEF
DEADBEEF
DEADBEEF
DEADBEEF
DEADBEEF
DEADBEEF
DEADBEEF
DEADBEEF
DEADBEEF
DEADBEEF
DEADBEEF
DEADBEEF
DEADBEEF
DEADBEEF
DEADBEEF
DEADBEEF
DEADBEEF
DEADBEEF
DEADBEEF
DEADBEEF
DEADBEEF
DEADBEEF
DEADBEEF
DEADBEEF
DEADBEEF
DEADBEEF
DEADBEEF
DEADBEEF
DEADBEEF
DEADBEEF
DEADBEEF
DEADBEEF
DEADBEEF
DEADBEEF
DEADBEEF
DEADBEEF
DEADBEEF
DEADBEEF
DEADBEEF
DEADBEEF
DEADBEEF
DEADBEEF
DEADBEEF
DEADBEEF
DEADBEEF
DEADBEEF
DEADBEEF
DEADBEEF
DEADBEEF
DEADBEEF
DEADBEEF
DEADBEEF
DEADBEEF
DEADBEEF
DEADBEEF
DEADBEEF
DEADBEEF
DEADBEEF
DEADBEEF
DEADBEEF
DEADBEEF
DEADBEEF
DEADBEEF
DEADBEEF
DEADBEEF
DEADBEEF
DEADBEEF
DEADBEEF
DEADBEEF
DEADBEEF
DEADBEEF
DEADBEEF
DEADBEEF
DEADBEEF
DEADBEEF
DEADBEEF
DEADBEEF
DEADBEEF
DEADBEEF
DEADBEEF
DEADBEEF
DEADBEEF
DEADBEEF
DEADBEEF
DEADBEEF
DEADBEEF
DEADBEEF
DEADBEEF
DEADBEEF
DEADBEEF
DEADBEEF
DEADBEEF
DEADBEEF
DEADBEEF
DEADBEEF
DEADBEEF
DEADBEEF
DEADBEEF
DEADBEEF
DEADBEEF
DEADBEEF
DEADBEEF
DEADBEEF
DEADBEEF
DEADBEEF
DEADBEEF
DEADBEEF
DEADBEEF
DEADBEEF
DEADBEEF
DEADBEEF
DEADBEEF
DEADBEEF
DEADBEEF
DEADBEEF
DEADBEEF
DEADBEEF
DEADBEEF
DEADBEEF
DEADBEEF
DEADBEEF
DEADBEEF
DEADBEEF
DEADBEEF
DEADBEEF
DEADBEEF
DEADBEEF
DEADBEEF
DEADBEEF
DEADBEEF
DEADBEEF
DEADBEEF
DEADBEEF
DEADBEEF
DEADBEEF
DEADBEEF
DEADBEEF
DEADBEEF
DEADBEEF
DEADBEEF
DEADBEEF
DEADBEEF
DEADBEEF
DEADBEEF
DEADBEEF
DEADBEEF
DEADBEEF
DEADBEEF
DEADBEEF
DEADBEEF
DEADBEEF
DEADBEEF
DEADBEEF
DEADBEEF
DEADBEEF
DEADBEEF
DEADBEEF
DEADBEEF
DEADBEEF
DEADBEEF
DEADBEEF
DEADBEEF
DEADBEEF
DEADBEEF
DEADBEEF
DEADBEEF
DEADBEEF
DEADBEEF
DEADBEEF
DEADBEEF
DEADBEEF
DEADBEEF
DEADBEEF
DEADBEEF
DEADBEEF
DEADBEEF
DEADBEEF
DEADBEEF
DEADBEEF
DEADBEEF
DEADBEEF
DEADBEEF
DEADBEEF
DEADBEEF
DEADBEEF
DEADBEEF
DEADBEEF
DEADBEEF
DEADBEEF
DEADBEEF
DEADBEEF
DEADBEEF
DEADBEEF
DEADBEEF
DEADBEEF
DEADBEEF
DEADBEEF
DEADBEEF
DEADBEEF
DEADBEEF
DEADBEEF
DEADBEEF
DEADBEEF
DEADBEEF
DEADBEEF
DEADBEEF
DEADBEEF
DEADBEEF
DEADBEEF
DEADBEEF
DEADBEEF
DEADBEEF
DEADBEEF
DEADBEEF
DEADBEEF
DEADBEEF
DEADBEEF
DEADBEEF
DEADBEEF
DEADBEEF
DEADBEEF
DEADBEEF
DEADBEEF
DEADBEEF
DEADBEEF
DEADBEEF
DEADBEEF
DEADBEEF
DEADBEEF
DEADBEEF
DEADBEEF
DEADBEEF
DEADBEEF
DEADBEEF
DEADBEEF
DEADBEEF
DEADBEEF
DEADBEEF
DEADBEEF
DEADBEEF
DEADBEEF
DEADBEEF
DEADBEEF
DEADBEEF
DEADBEEF
DEADBEEF
DEADBEEF
DEADBEEF
DEADBEEF
DEADBEEF
DEADBEEF
DEADBEEF
DEADBEEF
DEADBEEF
DEADBEEF
DEADBEEF
DEADBEEF
DEADBEEF
DEADBEEF
DEADBEEF
DEADBEEF
DEADBEEF
DEADBEEF
DEADBEEF
DEADBEEF
DEADBEEF
DEADBEEF
DEADBEEF
DEADBEEF
DEADBEEF
DEADBEEF
DEADBEEF
DEADBEEF
DEADBEEF
DEADBEEF
DEADBEEF
DEADBEEF
DEADBEEF
DEADBEEF
DEADBEEF
DEADBEEF
DEADBEEF
DEADBEEF
DEADBEEF
DEADBEEF
DEADBEEF
DEADBEEF
DEADBEEF
DEADBEEF
DEADBEEF
DEADBEEF
DEADBEEF
DEADBEEF
DEADBEEF
DEADBEEF
DEADBEEF
DEADBEEF
DEADBEEF
DEADBEEF
DEADBEEF
DEADBEEF
DEADBEEF
DEADBEEF
DEADBEEF
DEADBEEF
DEADBEEF
DEADBEEF
DEADBEEF
DEADBEEF
DEADBEEF
DEADBEEF
DEADBEEF
DEADBEEF
DEADBEEF
DEADBEEF
DEADBEEF
DEADBEEF
DEADBEEF
DEADBEEF
DEADBEEF
DEADBEEF
DEADBEEF
DEADBEEF
DEADBEEF
DEADBEEF
DEADBEEF
DEADBEEF
DEADBEEF
DEADBEEF
DEADBEEF
DEADBEEF
DEADBEEF
DEADBEEF
DEADBEEF
DEADBEEF
DEADBEEF
DEADBEEF
DEADBEEF
DEADBEEF
DEADBEEF
DEADBEEF
DEADBEEF
DEADBEEF
DEADBEEF
DEADBEEF
DEADBEEF
DEADBEEF
DEADBEEF
DEADBEEF
DEADBEEF
DEADBEEF
DEADBEEF
DEADBEEF
DEADBEEF
DEADBEEF
DEADBEEF
DEADBEEF
DEADBEEF
DEADBEEF
DEADBEEF
DEADBEEF
DEADBEEF
DEADBEEF
DEADBEEF
DEADBEEF
DEADBEEF
DEADBEEF
DEADBEEF
DEADBEEF
DEADBEEF
DEADBEEF
DEADBEEF
DEADBEEF
DEADBEEF
DEADBEEF
DEADBEEF
DEADBEEF
DEADBEEF
DEADBEEF
DEADBEEF
DEADBEEF
DEADBEEF
DEADBEEF
DEADBEEF
DEADBEEF
DEADBEEF
DEADBEEF
DEADBEEF
DEADBEEF
DEADBEEF
DEADBEEF
DEADBEEF
DEADBEEF
DEADBEEF
DEADBEEF
DEADBEEF
DEADBEEF
DEADBEEF
DEADBEEF
DEADBEEF
DEADBEEF
DEADBEEF
DEADBEEF
DEADBEEF
DEADBEEF
DEADBEEF
DEADBEEF
DEADBEEF
DEADBEEF
DEADBEEF
DEADBEEF
DEADBEEF
DEADBEEF
DEADBEEF
DEADBEEF
DEADBEEF
DEADBEEF
DEADBEEF
DEADBEEF
DEADBEEF
DEADBEEF
DEADBEEF
DEADBEEF
DEADBEEF
DEADBEEF
DEADBEEF
DEADBEEF
DEADBEEF
DEADBEEF
DEADBEEF
DEADBEEF
DEADBEEF
DEADBEEF
DEADBEEF
DEADBEEF
DEADBEEF
DEADBEEF
DEADBEEF
DEADBEEF
DEADBEEF
DEADBEEF
DEADBEEF
DEADBEEF
DEADBEEF
DEADBEEF
DEADBEEF
DEADBEEF
DEADBEEF
DEADBEEF
DEADBEEF
DEADBEEF
DEADBEEF
DEADBEEF
DEADBEEF
DEADBEEF
DEADBEEF
DEADBEEF
DEADBEEF
DEADBEEF
DEADBEEF
DEADBEEF
DEADBEEF
DEADBEEF
DEADBEEF
DEADBEEF
DEADBEEF
DEADBEEF
DEADBEEF
DEADBEEF
DEADBEEF
DEADBEEF
DEADBEEF
DEADBEEF
DEADBEEF
DEADBEEF
DEADBEEF
DEADBEEF
DEADBEEF
DEADBEEF
DEADBEEF
DEADBEEF
DEADBEEF
DEADBEEF
DEADBEEF
DEADBEEF
DEADBEEF
DEADBEEF
DEADBEEF
DEADBEEF
DEADBEEF
DEADBEEF
DEADBEEF
DEADBEEF
DEADBEEF
DEADBEEF
DEADBEEF
DEADBEEF
DEADBEEF
DEADBEEF
DEADBEEF
DEADBEEF
DEADBEEF
DEADBEEF
DEADBEEF
DEADBEEF
DEADBEEF
DEADBEEF
DEADBEEF
DEADBEEF
DEADBEEF
DEADBEEF
DEADBEEF
DEADBEEF
DEADBEEF
DEADBEEF
DEADBEEF
DEADBEEF
DEADBEEF
DEADBEEF
DEADBEEF
DEADBEEF
DEADBEEF
DEADBEEF
DEADBEEF
DEADBEEF
DEADBEEF
DEADBEEF
DEADBEEF
DEADBEEF
DEADBEEF
DEADBEEF
DEADBEEF
DEADBEEF
DEADBEEF
DEADBEEF
DEADBEEF
DEADBEEF
DEADBEEF
DEADBEEF
DEADBEEF
DEADBEEF
DEADBEEF
DEADBEEF
DEADBEEF
DEADBEEF
DEADBEEF
DEADBEEF
DEADBEEF
DEADBEEF
DEADBEEF
DEADBEEF
DEADBEEF
DEADBEEF
DEADBEEF
DEADBEEF
DEADBEEF
DEADBEEF
DEADBEEF
DEADBEEF
DEADBEEF
DEADBEEF
DEADBEEF
DEADBEEF
DEADBEEF
DEADBEEF
DEADBEEF
DEADBEEF
DEADBEEF
DEADBEEF
DEADBEEF
DEADBEEF
DEADBEEF
DEADBEEF
DEADBEEF
DEADBEEF
DEADBEEF
DEADBEEF
DEADBEEF
DEADBEEF
DEADBEEF
DEADBEEF
DEADBEEF
DEADBEEF
DEADBEEF
DEADBEEF
DEADBEEF
DEADBEEF
DEADBEEF
DEADBEEF
DEADBEEF
DEADBEEF
DEADBEEF
DEADBEEF
DEADBEEF
DEADBEEF
DEADBEEF
DEADBEEF
DEADBEEF
DEADBEEF
DEADBEEF
DEADBEEF
DEADBEEF
DEADBEEF
DEADBEEF
DEADBEEF
DEADBEEF
DEADBEEF
DEADBEEF
DEADBEEF
DEADBEEF
DEADBEEF
DEADBEEF
DEADBEEF
DEADBEEF
DEADBEEF
DEADBEEF
DEADBEEF
DEADBEEF
DEADBEEF
DEADBEEF
DEADBEEF
DEADBEEF
DEADBEEF
DEADBEEF
DEADBEEF
DEADBEEF
DEADBEEF
DEADBEEF
DEADBEEF
DEADBEEF
DEADBEEF
DEADBEEF
DEADBEEF
DEADBEEF
DEADBEEF
DEADBEEF
DEADBEEF
DEADBEEF
DEADBEEF
DEADBEEF
DEADBEEF
DEADBEEF
DEADBEEF
DEADBEEF
DEADBEEF
DEADBEEF
DEADBEEF
DEADBEEF
DEADBEEF
DEADBEEF
DEADBEEF
DEADBEEF
DEADBEEF
DEADBEEF
DEADBEEF
DEADBEEF
DEADBEEF
DEADBEEF
DEADBEEF
DEADBEEF
DEADBEEF
DEADBEEF
DEADBEEF
DEADBEEF
DEADBEEF
DEADBEEF
DEADBEEF
DEADBEEF
DEADBEEF
DEADBEEF
DEADBEEF
DEADBEEF
DEADBEEF
DEADBEEF
DEADBEEF
DEADBEEF
DEADBEEF
DEADBEEF
DEADBEEF
DEADBEEF
DEADBEEF
DEADBEEF
DEADBEEF
DEADBEEF
DEADBEEF
DEADBEEF
DEADBEEF
DEADBEEF
DEADBEEF
DEADBEEF
DEADBEEF
DEADBEEF
DEADBEEF
DEADBEEF
DEADBEEF
DEADBEEF
DEADBEEF
DEADBEEF
DEADBEEF
DEADBEEF
DEADBEEF
DEADBEEF
DEADBEEF
DEADBEEF
DEADBEEF
DEADBEEF
DEADBEEF
DEADBEEF
DEADBEEF
DEADBEEF
DEADBEEF
DEADBEEF
DEADBEEF
DEADBEEF
DEADBEEF
DEADBEEF
DEADBEEF
DEADBEEF
DEADBEEF
DEADBEEF
DEADBEEF
DEADBEEF
DEADBEEF
DEADBEEF
DEADBEEF
DEADBEEF
DEADBEEF
DEADBEEF
DEADBEEF
DEADBEEF
DEADBEEF
DEADBEEF
DEADBEEF
DEADBEEF
DEADBEEF
DEADBEEF
DEADBEEF
DEADBEEF
DEADBEEF
DEADBEEF
DEADBEEF
DEADBEEF
DEADBEEF
DEADBEEF
DEADBEEF
DEADBEEF
DEADBEEF
DEADBEEF
DEADBEEF
DEADBEEF
DEADBEEF
DEADBEEF
DEADBEEF
DEADBEEF
DEADBEEF
DEADBEEF
DEADBEEF
DEADBEEF
DEADBEEF
DEADBEEF
DEADBEEF
DEADBEEF
DEADBEEF
DEADBEEF
DEADBEEF
DEADBEEF
DEADBEEF
DEADBEEF
DEADBEEF
DEADBEEF
DEADBEEF
DEADBEEF
DEADBEEF
DEADBEEF
DEADBEEF
DEADBEEF
DEADBEEF
DEADBEEF
DEADBEEF
DEADBEEF
DEADBEEF
DEADBEEF
DEADBEEF
DEADBEEF
DEADBEEF
DEADBEEF
DEADBEEF
DEADBEEF
DEADBEEF
DEADBEEF
DEADBEEF
DEADBEEF
DEADBEEF
DEADBEEF
DEADBEEF
DEADBEEF
DEADBEEF
DEADBEEF
DEADBEEF
DEADBEEF
DEADBEEF
DEADBEEF
DEADBEEF
DEADBEEF
DEADBEEF
DEADBEEF
DEADBEEF
DEADBEEF
DEADBEEF
DEADBEEF
DEADBEEF
DEADBEEF
DEADBEEF
DEADBEEF
DEADBEEF
DEADBEEF
DEADBEEF
DEADBEEF
DEADBEEF
DEADBEEF
DEADBEEF
DEADBEEF
DEADBEEF
DEADBEEF
DEADBEEF
DEADBEEF
DEADBEEF
DEADBEEF
DEADBEEF
DEADBEEF
DEADBEEF
DEADBEEF
DEADBEEF
DEADBEEF
DEADBEEF
DEADBEEF
DEADBEEF
DEADBEEF
DEADBEEF
DEADBEEF
DEADBEEF
DEADBEEF
DEADBEEF
DEADBEEF
DEADBEEF
DEADBEEF
DEADBEEF
DEADBEEF
DEADBEEF
DEADBEEF
DEADBEEF
DEADBEEF
DEADBEEF
DEADBEEF
DEADBEEF
DEADBEEF
DEADBEEF
DEADBEEF
DEADBEEF
DEADBEEF
DEADBEEF
DEADBEEF
DEADBEEF
DEADBEEF
DEADBEEF
DEADBEEF
DEADBEEF
DEADBEEF
DEADBEEF
DEADBEEF
DEADBEEF
DEADBEEF
DEADBEEF
DEADBEEF
DEADBEEF
DEADBEEF
DEADBEEF
DEADBEEF
DEADBEEF
DEADBEEF
DEADBEEF
DEADBEEF
DEADBEEF
DEADBEEF
DEADBEEF
DEADBEEF
DEADBEEF
DEADBEEF
DEADBEEF
DEADBEEF
DEADBEEF
DEADBEEF
DEADBEEF
DEADBEEF
DEADBEEF
DEADBEEF
DEADBEEF
DEADBEEF
DEADBEEF
DEADBEEF
DEADBEEF
DEADBEEF
DEADBEEF
DEADBEEF
DEADBEEF
DEADBEEF
DEADBEEF
DEADBEEF
DEADBEEF
DEADBEEF
DEADBEEF
DEADBEEF
DEADBEEF
DEADBEEF
DEADBEEF
DEADBEEF
DEADBEEF
DEADBEEF
DEADBEEF
DEADBEEF
DEADBEEF
DEADBEEF
DEADBEEF
DEADBEEF
DEADBEEF
DEADBEEF
DEADBEEF
DEADBEEF
DEADBEEF
DEADBEEF
DEADBEEF
DEADBEEF
DEADBEEF
DEADBEEF
DEADBEEF
DEADBEEF
DEADBEEF
DEADBEEF
DEADBEEF
DEADBEEF
DEADBEEF
DEADBEEF
DEADBEEF
DEADBEEF
DEADBEEF
DEADBEEF
DEADBEEF
DEADBEEF
DEADBEEF
DEADBEEF
DEADBEEF
DEADBEEF
DEADBEEF
DEADBEEF
DEADBEEF
DEADBEEF
DEADBEEF
DEADBEEF
DEADBEEF
DEADBEEF
DEADBEEF
DEADBEEF
DEADBEEF
DEADBEEF
DEADBEEF
DEADBEEF
DEADBEEF
DEADBEEF
DEADBEEF
DEADBEEF
DEADBEEF
DEADBEEF
DEADBEEF
DEADBEEF
DEADBEEF
DEADBEEF
DEADBEEF
DEADBEEF
DEADBEEF
DEADBEEF
DEADBEEF
DEADBEEF
DEADBEEF
DEADBEEF
DEADBEEF
DEADBEEF
DEADBEEF
DEADBEEF
DEADBEEF
DEADBEEF
DEADBEEF
DEADBEEF
DEADBEEF
DEADBEEF
DEADBEEF
DEADBEEF
DEADBEEF
DEADBEEF
DEADBEEF
DEADBEEF
DEADBEEF
DEADBEEF
DEADBEEF
DEADBEEF
DEADBEEF
DEADBEEF
DEADBEEF
DEADBEEF
DEADBEEF
DEADBEEF
DEADBEEF
DEADBEEF
DEADBEEF
DEADBEEF
DEADBEEF
DEADBEEF
DEADBEEF
DEADBEEF
DEADBEEF
DEADBEEF
DEADBEEF
DEADBEEF
DEADBEEF
DEADBEEF
DEADBEEF
DEADBEEF
DEADBEEF
DEADBEEF
DEADBEEF
DEADBEEF
DEADBEEF
DEADBEEF
DEADBEEF
DEADBEEF
DEADBEEF
DEADBEEF
DEADBEEF
DEADBEEF
DEADBEEF
DEADBEEF
DEADBEEF
DEADBEEF
DEADBEEF
DEADBEEF
DEADBEEF
DEADBEEF
DEADBEEF
DEADBEEF
DEADBEEF
DEADBEEF
DEADBEEF
DEADBEEF
DEADBEEF
DEADBEEF
DEADBEEF
DEADBEEF
DEADBEEF
DEADBEEF
DEADBEEF
DEADBEEF
DEADBEEF
DEADBEEF
DEADBEEF
DEADBEEF
DEADBEEF
DEADBEEF
DEADBEEF
DEADBEEF
DEADBEEF
DEADBEEF
DEADBEEF
DEADBEEF
DEADBEEF
DEADBEEF
DEADBEEF
DEADBEEF
DEADBEEF
DEADBEEF
DEADBEEF
DEADBEEF
DEADBEEF
DEADBEEF
DEADBEEF
DEADBEEF
DEADBEEF
DEADBEEF
DEADBEEF
DEADBEEF
DEADBEEF
DEADBEEF
DEADBEEF
DEADBEEF
DEADBEEF
DEADBEEF
DEADBEEF
DEADBEEF
DEADBEEF
DEADBEEF
DEADBEEF
DEADBEEF
DEADBEEF
DEADBEEF
DEADBEEF
DEADBEEF
DEADBEEF
DEADBEEF
DEADBEEF
DEADBEEF
DEADBEEF
DEADBEEF
DEADBEEF
DEADBEEF
DEADBEEF
DEADBEEF
DEADBEEF
DEADBEEF
DEADBEEF
DEADBEEF
DEADBEEF
DEADBEEF
DEADBEEF
DEADBEEF
DEADBEEF
DEADBEEF
DEADBEEF
DEADBEEF
DEADBEEF
DEADBEEF
DEADBEEF
DEADBEEF
DEADBEEF
DEADBEEF
DEADBEEF
DEADBEEF
DEADBEEF
DEADBEEF
DEADBEEF
DEADBEEF
DEADBEEF
DEADBEEF
DEADBEEF
DEADBEEF
DEADBEEF
DEADBEEF
DEADBEEF
DEADBEEF
DEADBEEF
DEADBEEF
DEADBEEF
DEADBEEF
DEADBEEF
DEADBEEF
DEADBEEF
DEADBEEF
DEADBEEF
DEADBEEF
DEADBEEF
DEADBEEF
DEADBEEF
DEADBEEF
DEADBEEF
DEADBEEF
DEADBEEF
DEADBEEF
DEADBEEF
DEADBEEF
DEADBEEF
DEADBEEF
DEADBEEF
DEADBEEF
DEADBEEF
DEADBEEF
DEADBEEF
DEADBEEF
DEADBEEF
DEADBEEF
DEADBEEF
DEADBEEF
DEADBEEF
DEADBEEF
DEADBEEF
DEADBEEF
DEADBEEF
DEADBEEF
DEADBEEF
DEADBEEF
DEADBEEF
DEADBEEF
DEADBEEF
DEADBEEF
DEADBEEF
DEADBEEF
DEADBEEF
DEADBEEF
DEADBEEF
DEADBEEF
DEADBEEF
DEADBEEF
DEADBEEF
DEADBEEF
DEADBEEF
DEADBEEF
DEADBEEF
DEADBEEF
DEADBEEF
DEADBEEF
DEADBEEF
DEADBEEF
DEADBEEF
DEADBEEF
DEADBEEF
DEADBEEF
DEADBEEF
DEADBEEF
DEADBEEF
DEADBEEF
DEADBEEF
DEADBEEF
DEADBEEF
DEADBEEF
DEADBEEF
DEADBEEF
DEADBEEF
DEADBEEF
DEADBEEF
DEADBEEF
DEADBEEF
DEADBEEF
DEADBEEF
DEADBEEF
DEADBEEF
DEADBEEF
DEADBEEF
DEADBEEF
DEADBEEF
DEADBEEF
DEADBEEF
DEADBEEF
DEADBEEF
DEADBEEF
DEADBEEF
DEADBEEF
DEADBEEF
DEADBEEF
DEADBEEF
DEADBEEF
DEADBEEF
DEADBEEF
DEADBEEF
DEADBEEF
DEADBEEF
DEADBEEF
DEADBEEF
DEADBEEF
DEADBEEF
DEADBEEF
DEADBEEF
DEADBEEF
DEADBEEF
DEADBEEF
DEADBEEF
DEADBEEF
DEADBEEF
DEADBEEF
DEADBEEF
DEADBEEF
DEADBEEF
DEADBEEF
DEADBEEF
DEADBEEF
DEADBEEF
DEADBEEF
DEADBEEF
DEADBEEF
DEADBEEF
DEADBEEF
DEADBEEF
DEADBEEF
DEADBEEF
DEADBEEF
DEADBEEF
DEADBEEF
DEADBEEF
DEADBEEF
DEADBEEF
DEADBEEF
DEADBEEF
DEADBEEF
DEADBEEF
DEADBEEF
DEADBEEF
DEADBEEF
DEADBEEF
DEADBEEF
DEADBEEF
DEADBEEF
DEADBEEF
DEADBEEF
DEADBEEF
DEADBEEF
DEADBEEF
DEADBEEF
DEADBEEF
DEADBEEF
DEADBEEF
DEADBEEF
DEADBEEF
DEADBEEF
DEADBEEF
DEADBEEF
DEADBEEF
DEADBEEF
DEADBEEF
DEADBEEF
DEADBEEF
DEADBEEF
DEADBEEF
DEADBEEF
DEADBEEF
DEADBEEF
DEADBEEF
DEADBEEF
DEADBEEF
DEADBEEF
DEADBEEF
DEADBEEF
DEADBEEF
DEADBEEF
DEADBEEF
DEADBEEF
DEADBEEF
DEADBEEF
DEADBEEF
DEADBEEF
DEADBEEF
DEADBEEF
DEADBEEF
DEADBEEF
DEADBEEF
DEADBEEF
DEADBEEF
DEADBEEF
DEADBEEF
DEADBEEF
DEADBEEF
DEADBEEF
DEADBEEF
DEADBEEF
DEADBEEF
DEADBEEF
DEADBEEF
DEADBEEF
DEADBEEF
DEADBEEF
DEADBEEF
DEADBEEF
DEADBEEF
DEADBEEF
DEADBEEF
DEADBEEF
DEADBEEF
DEADBEEF
DEADBEEF
DEADBEEF
DEADBEEF
DEADBEEF
DEADBEEF
DEADBEEF
DEADBEEF
DEADBEEF
DEADBEEF
DEADBEEF
DEADBEEF
DEADBEEF
DEADBEEF
DEADBEEF
DEADBEEF
DEADBEEF
DEADBEEF
DEADBEEF
DEADBEEF
DEADBEEF
DEADBEEF
DEADBEEF
DEADBEEF
DEADBEEF
DEADBEEF
DEADBEEF
DEADBEEF
DEADBEEF
DEADBEEF
DEADBEEF
DEADBEEF
DEADBEEF
DEADBEEF
DEADBEEF
DEADBEEF
DEADBEEF
DEADBEEF
DEADBEEF
DEADBEEF
DEADBEEF
DEADBEEF
DEADBEEF
DEADBEEF
DEADBEEF
DEADBEEF
DEADBEEF
DEADBEEF
DEADBEEF
DEADBEEF
DEADBEEF
DEADBEEF
DEADBEEF
DEADBEEF
DEADBEEF
DEADBEEF
DEADBEEF
DEADBEEF
DEADBEEF
DEADBEEF
DEADBEEF
DEADBEEF
DEADBEEF
DEADBEEF
DEADBEEF
DEADBEEF
DEADBEEF
DEADBEEF
DEADBEEF
DEADBEEF
DEADBEEF
DEADBEEF
DEADBEEF
DEADBEEF
DEADBEEF
DEADBEEF
DEADBEEF
DEADBEEF
DEADBEEF
DEADBEEF
DEADBEEF
DEADBEEF
DEADBEEF
DEADBEEF
DEADBEEF
DEADBEEF
DEADBEEF
DEADBEEF
DEADBEEF
DEADBEEF
DEADBEEF
DEADBEEF
DEADBEEF
DEADBEEF
DEADBEEF
DEADBEEF
DEADBEEF
DEADBEEF
DEADBEEF
DEADBEEF
DEADBEEF
DEADBEEF
DEADBEEF
DEADBEEF
DEADBEEF
DEADBEEF
DEADBEEF
DEADBEEF
DEADBEEF
DEADBEEF
DEADBEEF
DEADBEEF
DEADBEEF
DEADBEEF
DEADBEEF
DEADBEEF
DEADBEEF
DEADBEEF
DEADBEEF
DEADBEEF
DEADBEEF
DEADBEEF
DEADBEEF
DEADBEEF
DEADBEEF
DEADBEEF
DEADBEEF
DEADBEEF
DEADBEEF
DEADBEEF
DEADBEEF
DEADBEEF
DEADBEEF
DEADBEEF
DEADBEEF
DEADBEEF
DEADBEEF
DEADBEEF
DEADBEEF
DEADBEEF
DEADBEEF
DEADBEEF
DEADBEEF
DEADBEEF
DEADBEEF
DEADBEEF
DEADBEEF
DEADBEEF
DEADBEEF
DEADBEEF
DEADBEEF
DEADBEEF
DEADBEEF
DEADBEEF
DEADBEEF
DEADBEEF
DEADBEEF
DEADBEEF
DEADBEEF
DEADBEEF
DEADBEEF
DEADBEEF
DEADBEEF
DEADBEEF
DEADBEEF
DEADBEEF
DEADBEEF
DEADBEEF
DEADBEEF
DEADBEEF
DEADBEEF
DEADBEEF
DEADBEEF
DEADBEEF
DEADBEEF
DEADBEEF
DEADBEEF
DEADBEEF
DEADBEEF
DEADBEEF
DEADBEEF
DEADBEEF
DEADBEEF
DEADBEEF
DEADBEEF
DEADBEEF
DEADBEEF
DEADBEEF
DEADBEEF
DEADBEEF
DEADBEEF
DEADBEEF
DEADBEEF
DEADBEEF
DEADBEEF
DEADBEEF
DEADBEEF
DEADBEEF
DEADBEEF
DEADBEEF
DEADBEEF
DEADBEEF
DEADBEEF
DEADBEEF
DEADBEEF
DEADBEEF
DEADBEEF
DEADBEEF
DEADBEEF
DEADBEEF
DEADBEEF
DEADBEEF
DEADBEEF
DEADBEEF
DEADBEEF
DEADBEEF
DEADBEEF
DEADBEEF
DEADBEEF
DEADBEEF
DEADBEEF
DEADBEEF
DEADBEEF
DEADBEEF
DEADBEEF
DEADBEEF
DEADBEEF
DEADBEEF
DEADBEEF
DEADBEEF
DEADBEEF
DEADBEEF
DEADBEEF
DEADBEEF
DEADBEEF
DEADBEEF
DEADBEEF
DEADBEEF
DEADBEEF
DEADBEEF
DEADBEEF
DEADBEEF
DEADBEEF
DEADBEEF
DEADBEEF
DEADBEEF
DEADBEEF
DEADBEEF
DEADBEEF
DEADBEEF
DEADBEEF
DEADBEEF
DEADBEEF
DEADBEEF
DEADBEEF
DEADBEEF
DEADBEEF
DEADBEEF
DEADBEEF
DEADBEEF
DEADBEEF
DEADBEEF
DEADBEEF
DEADBEEF
DEADBEEF
DEADBEEF
DEADBEEF
DEADBEEF
DEADBEEF
DEADBEEF
DEADBEEF
DEADBEEF
DEADBEEF
DEADBEEF
DEADBEEF
DEADBEEF
DEADBEEF
DEADBEEF
DEADBEEF
DEADBEEF
DEADBEEF
DEADBEEF
DEADBEEF
DEADBEEF
DEADBEEF
DEADBEEF
DEADBEEF
DEADBEEF
DEADBEEF
DEADBEEF
DEADBEEF
DEADBEEF
DEADBEEF
DEADBEEF
DEADBEEF
DEADBEEF
DEADBEEF
DEADBEEF
DEADBEEF
DEADBEEF
DEADBEEF
DEADBEEF
DEADBEEF
DEADBEEF
DEADBEEF
DEADBEEF
DEADBEEF
DEADBEEF
DEADBEEF
DEADBEEF
DEADBEEF
DEADBEEF
DEADBEEF
DEADBEEF
DEADBEEF
DEADBEEF
DEADBEEF
DEADBEEF
DEADBEEF
DEADBEEF
DEADBEEF
DEADBEEF
DEADBEEF
DEADBEEF
DEADBEEF
DEADBEEF
DEADBEEF
DEADBEEF
DEADBEEF
DEADBEEF
DEADBEEF
DEADBEEF
DEADBEEF
DEADBEEF
DEADBEEF
DEADBEEF
DEADBEEF
DEADBEEF
DEADBEEF
DEADBEEF
DEADBEEF
DEADBEEF
DEADBEEF
DEADBEEF
DEADBEEF
DEADBEEF
DEADBEEF
DEADBEEF
DEADBEEF
DEADBEEF
DEADBEEF
DEADBEEF
DEADBEEF
DEADBEEF
DEADBEEF
DEADBEEF
DEADBEEF
DEADBEEF
DEADBEEF
DEADBEEF
DEADBEEF
DEADBEEF
DEADBEEF
DEADBEEF
DEADBEEF
DEADBEEF
DEADBEEF
DEADBEEF
DEADBEEF
DEADBEEF
DEADBEEF
DEADBEEF
DEADBEEF
DEADBEEF
DEADBEEF
DEADBEEF
DEADBEEF
DEADBEEF
DEADBEEF
DEADBEEF
DEADBEEF
DEADBEEF
DEADBEEF
DEADBEEF
DEADBEEF
DEADBEEF
DEADBEEF
DEADBEEF
DEADBEEF
DEADBEEF
DEADBEEF
DEADBEEF
DEADBEEF
DEADBEEF
DEADBEEF
DEADBEEF
DEADBEEF
DEADBEEF
DEADBEEF
DEADBEEF
DEADBEEF
DEADBEEF
DEADBEEF
DEADBEEF
DEADBEEF
DEADBEEF
DEADBEEF
DEADBEEF
DEADBEEF
DEADBEEF
DEADBEEF
DEADBEEF
DEADBEEF
DEADBEEF
DEADBEEF
DEADBEEF
DEADBEEF
DEADBEEF
DEADBEEF
DEADBEEF
DEADBEEF
DEADBEEF
DEADBEEF
DEADBEEF
DEADBEEF
DEADBEEF
DEADBEEF
DEADBEEF
DEADBEEF
DEADBEEF
DEADBEEF
DEADBEEF
DEADBEEF
DEADBEEF
DEADBEEF
DEADBEEF
DEADBEEF
DEADBEEF
DEADBEEF
DEADBEEF
DEADBEEF
DEADBEEF
DEADBEEF
DEADBEEF
DEADBEEF
DEADBEEF
DEADBEEF
DEADBEEF
DEADBEEF
DEADBEEF
DEADBEEF
DEADBEEF
DEADBEEF
DEADBEEF
DEADBEEF
DEADBEEF
DEADBEEF
DEADBEEF
DEADBEEF
DEADBEEF
DEADBEEF
DEADBEEF
DEADBEEF
DEADBEEF
DEADBEEF
DEADBEEF
DEADBEEF
DEADBEEF
DEADBEEF
DEADBEEF
DEADBEEF
DEADBEEF
DEADBEEF
DEADBEEF
DEADBEEF
DEADBEEF
DEADBEEF
DEADBEEF
DEADBEEF
DEADBEEF
DEADBEEF
DEADBEEF
DEADBEEF
DEADBEEF
DEADBEEF
DEADBEEF
DEADBEEF
DEADBEEF
DEADBEEF
DEADBEEF
DEADBEEF
DEADBEEF
DEADBEEF
DEADBEEF
DEADBEEF
DEADBEEF
DEADBEEF
DEADBEEF
DEADBEEF
DEADBEEF
DEADBEEF
DEADBEEF
DEADBEEF
DEADBEEF
DEADBEEF
DEADBEEF
DEADBEEF
DEADBEEF
DEADBEEF
DEADBEEF
DEADBEEF
DEADBEEF
DEADBEEF
DEADBEEF
DEADBEEF
DEADBEEF
DEADBEEF
DEADBEEF
DEADBEEF
DEADBEEF
DEADBEEF
DEADBEEF
DEADBEEF
DEADBEEF
DEADBEEF
DEADBEEF
DEADBEEF
DEADBEEF
DEADBEEF
DEADBEEF
DEADBEEF
DEADBEEF
DEADBEEF
DEADBEEF
DEADBEEF
DEADBEEF
DEADBEEF
DEADBEEF
DEADBEEF
DEADBEEF
DEADBEEF
DEADBEEF
DEADBEEF
DEADBEEF
DEADBEEF
DEADBEEF
DEADBEEF
DEADBEEF
DEADBEEF
DEADBEEF
DEADBEEF
DEADBEEF
DEADBEEF
DEADBEEF
DEADBEEF
DEADBEEF
DEADBEEF
DEADBEEF
DEADBEEF
DEADBEEF
DEADBEEF
DEADBEEF
DEADBEEF
DEADBEEF
DEADBEEF
DEADBEEF
DEADBEEF
DEADBEEF
DEADBEEF
DEADBEEF
DEADBEEF
DEADBEEF
DEADBEEF
DEADBEEF
DEADBEEF
DEADBEEF
DEADBEEF
DEADBEEF
DEADBEEF
DEADBEEF
DEADBEEF
DEADBEEF
DEADBEEF
DEADBEEF
DEADBEEF
DEADBEEF
DEADBEEF
DEADBEEF
DEADBEEF
DEADBEEF
DEADBEEF
DEADBEEF
DEADBEEF
DEADBEEF
DEADBEEF
DEADBEEF
DEADBEEF
DEADBEEF
DEADBEEF
DEADBEEF
DEADBEEF
DEADBEEF
DEADBEEF
DEADBEEF
DEADBEEF
DEADBEEF
DEADBEEF
DEADBEEF
DEADBEEF
DEADBEEF
DEADBEEF
DEADBEEF
DEADBEEF
DEADBEEF
DEADBEEF
DEADBEEF
DEADBEEF
DEADBEEF
DEADBEEF
DEADBEEF
DEADBEEF
DEADBEEF
DEADBEEF
DEADBEEF
DEADBEEF
DEADBEEF
DEADBEEF
DEADBEEF
DEADBEEF
DEADBEEF
DEADBEEF
DEADBEEF
DEADBEEF
DEADBEEF
DEADBEEF
DEADBEEF
DEADBEEF
DEADBEEF
DEADBEEF
DEADBEEF
DEADBEEF
DEADBEEF
DEADBEEF
DEADBEEF
DEADBEEF
DEADBEEF
DEADBEEF
DEADBEEF
DEADBEEF
DEADBEEF
DEADBEEF
DEADBEEF
DEADBEEF
DEADBEEF
DEADBEEF
DEADBEEF
DEADBEEF
DEADBEEF
DEADBEEF
DEADBEEF
DEADBEEF
DEADBEEF
DEADBEEF
DEADBEEF
DEADBEEF
DEADBEEF
DEADBEEF
DEADBEEF
DEADBEEF
DEADBEEF
DEADBEEF
DEADBEEF
DEADBEEF
DEADBEEF
DEADBEEF
DEADBEEF
DEADBEEF
DEADBEEF
DEADBEEF
DEADBEEF
DEADBEEF
DEADBEEF
DEADBEEF
DEADBEEF
DEADBEEF
DEADBEEF
DEADBEEF
DEADBEEF
DEADBEEF
DEADBEEF
DEADBEEF
DEADBEEF
DEADBEEF
DEADBEEF
DEADBEEF
DEADBEEF
DEADBEEF
DEADBEEF
DEADBEEF
DEADBEEF
DEADBEEF
DEADBEEF
DEADBEEF
DEADBEEF
DEADBEEF
DEADBEEF
DEADBEEF
DEADBEEF
DEADBEEF
DEADBEEF
DEADBEEF
DEADBEEF
DEADBEEF
DEADBEEF
DEADBEEF
DEADBEEF
DEADBEEF
DEADBEEF
DEADBEEF
DEADBEEF
DEADBEEF
DEADBEEF
DEADBEEF
DEADBEEF
DEADBEEF
DEADBEEF
DEADBEEF
DEADBEEF
DEADBEEF
DEADBEEF
DEADBEEF
DEADBEEF
DEADBEEF
DEADBEEF
DEADBEEF
DEADBEEF
DEADBEEF
DEADBEEF
DEADBEEF
DEADBEEF
DEADBEEF
DEADBEEF
DEADBEEF
DEADBEEF
DEADBEEF
DEADBEEF
DEADBEEF
DEADBEEF
DEADBEEF
DEADBEEF
DEADBEEF
DEADBEEF
DEADBEEF
DEADBEEF
DEADBEEF
DEADBEEF
DEADBEEF
DEADBEEF
DEADBEEF
DEADBEEF
DEADBEEF
DEADBEEF
DEADBEEF
DEADBEEF
DEADBEEF
DEADBEEF
DEADBEEF
DEADBEEF
DEADBEEF
DEADBEEF
DEADBEEF
DEADBEEF
DEADBEEF
DEADBEEF
DEADBEEF
DEADBEEF
DEADBEEF
DEADBEEF
DEADBEEF
DEADBEEF
DEADBEEF
DEADBEEF
DEADBEEF
DEADBEEF
DEADBEEF
DEADBEEF
DEADBEEF
DEADBEEF
DEADBEEF
DEADBEEF
DEADBEEF
DEADBEEF
DEADBEEF
DEADBEEF
DEADBEEF
DEADBEEF
DEADBEEF
DEADBEEF
DEADBEEF
DEADBEEF
DEADBEEF
DEADBEEF
DEADBEEF
DEADBEEF
DEADBEEF
DEADBEEF
DEADBEEF
DEADBEEF
DEADBEEF
DEADBEEF
DEADBEEF
DEADBEEF
DEADBEEF
DEADBEEF
DEADBEEF
DEADBEEF
DEADBEEF
DEADBEEF
DEADBEEF
DEADBEEF
DEADBEEF
DEADBEEF
DEADBEEF
DEADBEEF
DEADBEEF
DEADBEEF
DEADBEEF
DEADBEEF
DEADBEEF
DEADBEEF
DEADBEEF
DEADBEEF
DEADBEEF
DEADBEEF
DEADBEEF
DEADBEEF
DEADBEEF
DEADBEEF
DEADBEEF
DEADBEEF
DEADBEEF
DEADBEEF
DEADBEEF
DEADBEEF
DEADBEEF
DEADBEEF
DEADBEEF
DEADBEEF
DEADBEEF
DEADBEEF
DEADBEEF
DEADBEEF
DEADBEEF
DEADBEEF
DEADBEEF
DEADBEEF
DEADBEEF
DEADBEEF
DEADBEEF
DEADBEEF
DEADBEEF
DEADBEEF
DEADBEEF
DEADBEEF
DEADBEEF
DEADBEEF
DEADBEEF
DEADBEEF
DEADBEEF
DEADBEEF
DEADBEEF
DEADBEEF
DEADBEEF
DEADBEEF
DEADBEEF
DEADBEEF
DEADBEEF
DEADBEEF
DEADBEEF
DEADBEEF
DEADBEEF
DEADBEEF
DEADBEEF
DEADBEEF
DEADBEEF
DEADBEEF
DEADBEEF
DEADBEEF
DEADBEEF
DEADBEEF
DEADBEEF
DEADBEEF
DEADBEEF
DEADBEEF
DEADBEEF
DEADBEEF
DEADBEEF
DEADBEEF
DEADBEEF
DEADBEEF
DEADBEEF
DEADBEEF
DEADBEEF
DEADBEEF
DEADBEEF
DEADBEEF
DEADBEEF
DEADBEEF
DEADBEEF
DEADBEEF
DEADBEEF
DEADBEEF
DEADBEEF
DEADBEEF
DEADBEEF
DEADBEEF
DEADBEEF
DEADBEEF
DEADBEEF
DEADBEEF
DEADBEEF
DEADBEEF
DEADBEEF
DEADBEEF
DEADBEEF
DEADBEEF
DEADBEEF
DEADBEEF
DEADBEEF
DEADBEEF
DEADBEEF
DEADBEEF
DEADBEEF
DEADBEEF
DEADBEEF
DEADBEEF
DEADBEEF
DEADBEEF
DEADBEEF
DEADBEEF
DEADBEEF
DEADBEEF
DEADBEEF
DEADBEEF
DEADBEEF
DEADBEEF
DEADBEEF
DEADBEEF
DEADBEEF
DEADBEEF
DEADBEEF
DEADBEEF
DEADBEEF
DEADBEEF
DEADBEEF
DEADBEEF
DEADBEEF
DEADBEEF
DEADBEEF
DEADBEEF
DEADBEEF
DEADBEEF
DEADBEEF
DEADBEEF
DEADBEEF
DEADBEEF
DEADBEEF
DEADBEEF
DEADBEEF
DEADBEEF
DEADBEEF
DEADBEEF
DEADBEEF
DEADBEEF
DEADBEEF
DEADBEEF
DEADBEEF
DEADBEEF
DEADBEEF
DEADBEEF
DEADBEEF
DEADBEEF
DEADBEEF
DEADBEEF
DEADBEEF
DEADBEEF
DEADBEEF
DEADBEEF
DEADBEEF
DEADBEEF
DEADBEEF
DEADBEEF
DEADBEEF
DEADBEEF
DEADBEEF
DEADBEEF
DEADBEEF
DEADBEEF
DEADBEEF
DEADBEEF
DEADBEEF
DEADBEEF
DEADBEEF
DEADBEEF
DEADBEEF
DEADBEEF
DEADBEEF
DEADBEEF
DEADBEEF
DEADBEEF
DEADBEEF
DEADBEEF
DEADBEEF
DEADBEEF
DEADBEEF
DEADBEEF
DEADBEEF
DEADBEEF
DEADBEEF
DEADBEEF
DEADBEEF
DEADBEEF
DEADBEEF
DEADBEEF
DEADBEEF
DEADBEEF
DEADBEEF
DEADBEEF
DEADBEEF
DEADBEEF
DEADBEEF
DEADBEEF
DEADBEEF
DEADBEEF
DEADBEEF
DEADBEEF
DEADBEEF
DEADBEEF
DEADBEEF
DEADBEEF
DEADBEEF
DEADBEEF
DEADBEEF
DEADBEEF
DEADBEEF
DEADBEEF
DEADBEEF
DEADBEEF
DEADBEEF
DEADBEEF
DEADBEEF
DEADBEEF
DEADBEEF
DEADBEEF
DEADBEEF
DEADBEEF
DEADBEEF
DEADBEEF
DEADBEEF
DEADBEEF
DEADBEEF
DEADBEEF
DEADBEEF
DEADBEEF
DEADBEEF
DEADBEEF
DEADBEEF
DEADBEEF
DEADBEEF
DEADBEEF
DEADBEEF
DEADBEEF
DEADBEEF
DEADBEEF
DEADBEEF
DEADBEEF
DEADBEEF
DEADBEEF
DEADBEEF
DEADBEEF
DEADBEEF
DEADBEEF
DEADBEEF
DEADBEEF
DEADBEEF
DEADBEEF
DEADBEEF
DEADBEEF
DEADBEEF
DEADBEEF
DEADBEEF
DEADBEEF
DEADBEEF
DEADBEEF
DEADBEEF
DEADBEEF
DEADBEEF
DEADBEEF
DEADBEEF
DEADBEEF
DEADBEEF
DEADBEEF
DEADBEEF
DEADBEEF
DEADBEEF
DEADBEEF
DEADBEEF
DEADBEEF
DEADBEEF
DEADBEEF
DEADBEEF
DEADBEEF
DEADBEEF
DEADBEEF
DEADBEEF
DEADBEEF
DEADBEEF
DEADBEEF
DEADBEEF
DEADBEEF
DEADBEEF
DEADBEEF
DEADBEEF
DEADBEEF
DEADBEEF
DEADBEEF
DEADBEEF
DEADBEEF
DEADBEEF
DEADBEEF
DEADBEEF
DEADBEEF
DEADBEEF
DEADBEEF
DEADBEEF
DEADBEEF
DEADBEEF
DEADBEEF
DEADBEEF
DEADBEEF
DEADBEEF
DEADBEEF
DEADBEEF
DEADBEEF
DEADBEEF
DEADBEEF
DEADBEEF
DEADBEEF
DEADBEEF
DEADBEEF
DEADBEEF
DEADBEEF
DEADBEEF
DEADBEEF
DEADBEEF
DEADBEEF
DEADBEEF
DEADBEEF
DEADBEEF
DEADBEEF
DEADBEEF
DEADBEEF
DEADBEEF
DEADBEEF
DEADBEEF
DEADBEEF
DEADBEEF
DEADBEEF
DEADBEEF
DEADBEEF
DEADBEEF
DEADBEEF
DEADBEEF
DEADBEEF
DEADBEEF
DEADBEEF
DEADBEEF
DEADBEEF
DEADBEEF
DEADBEEF
DEADBEEF
DEADBEEF
DEADBEEF
DEADBEEF
DEADBEEF
DEADBEEF
DEADBEEF
DEADBEEF
DEADBEEF
DEADBEEF
DEADBEEF
DEADBEEF
DEADBEEF
DEADBEEF
DEADBEEF
DEADBEEF
DEADBEEF
DEADBEEF
DEADBEEF
DEADBEEF
DEADBEEF
DEADBEEF
DEADBEEF
DEADBEEF
DEADBEEF
DEADBEEF
DEADBEEF
DEADBEEF
DEADBEEF
DEADBEEF
DEADBEEF
DEADBEEF
DEADBEEF
DEADBEEF
DEADBEEF
DEADBEEF
DEADBEEF
DEADBEEF
DEADBEEF
DEADBEEF
DEADBEEF
DEADBEEF
DEADBEEF
DEADBEEF
DEADBEEF
DEADBEEF
DEADBEEF
DEADBEEF
DEADBEEF
DEADBEEF
DEADBEEF
DEADBEEF
DEADBEEF
DEADBEEF
DEADBEEF
DEADBEEF
DEADBEEF
DEADBEEF
DEADBEEF
DEADBEEF
DEADBEEF
DEADBEEF
DEADBEEF
DEADBEEF
DEADBEEF
DEADBEEF
DEADBEEF
DEADBEEF
DEADBEEF
DEADBEEF
DEADBEEF
DEADBEEF
DEADBEEF
DEADBEEF
DEADBEEF
DEADBEEF
DEADBEEF
DEADBEEF
DEADBEEF
DEADBEEF
DEADBEEF
DEADBEEF
DEADBEEF
DEADBEEF
DEADBEEF
DEADBEEF
DEADBEEF
DEADBEEF
DEADBEEF
DEADBEEF
DEADBEEF
DEADBEEF
DEADBEEF
DEADBEEF
DEADBEEF
DEADBEEF
DEADBEEF
DEADBEEF
DEADBEEF
DEADBEEF
DEADBEEF
DEADBEEF
DEADBEEF
DEADBEEF
DEADBEEF
DEADBEEF
DEADBEEF
DEADBEEF
DEADBEEF
DEADBEEF
DEADBEEF
DEADBEEF
DEADBEEF
DEADBEEF
DEADBEEF
DEADBEEF
DEADBEEF
DEADBEEF
DEADBEEF
DEADBEEF
DEADBEEF
DEADBEEF
DEADBEEF
DEADBEEF
DEADBEEF
DEADBEEF
DEADBEEF
DEADBEEF
DEADBEEF
DEADBEEF
DEADBEEF
DEADBEEF
DEADBEEF
DEADBEEF
DEADBEEF
DEADBEEF
DEADBEEF
DEADBEEF
DEADBEEF
DEADBEEF
DEADBEEF
DEADBEEF
DEADBEEF
DEADBEEF
DEADBEEF
DEADBEEF
DEADBEEF
DEADBEEF
DEADBEEF
DEADBEEF
DEADBEEF
DEADBEEF
DEADBEEF
DEADBEEF
DEADBEEF
DEADBEEF
DEADBEEF
DEADBEEF
DEADBEEF
DEADBEEF
DEADBEEF
DEADBEEF
DEADBEEF
DEADBEEF
DEADBEEF
DEADBEEF
DEADBEEF
DEADBEEF
DEADBEEF
DEADBEEF
DEADBEEF
DEADBEEF
DEADBEEF
DEADBEEF
DEADBEEF
DEADBEEF
DEADBEEF
DEADBEEF
DEADBEEF
DEADBEEF
DEADBEEF
DEADBEEF
DEADBEEF
DEADBEEF
DEADBEEF
DEADBEEF
DEADBEEF
DEADBEEF
DEADBEEF
DEADBEEF
DEADBEEF
DEADBEEF
DEADBEEF
DEADBEEF
DEADBEEF
DEADBEEF
DEADBEEF
DEADBEEF
DEADBEEF
DEADBEEF
DEADBEEF
DEADBEEF
DEADBEEF
DEADBEEF
DEADBEEF
DEADBEEF
DEADBEEF
DEADBEEF
DEADBEEF
DEADBEEF
DEADBEEF
DEADBEEF
DEADBEEF
DEADBEEF
DEADBEEF
DEADBEEF
DEADBEEF
DEADBEEF
DEADBEEF
DEADBEEF
DEADBEEF
DEADBEEF
DEADBEEF
DEADBEEF
DEADBEEF
DEADBEEF
DEADBEEF
DEADBEEF
DEADBEEF
DEADBEEF
DEADBEEF
DEADBEEF
DEADBEEF
DEADBEEF
DEADBEEF
DEADBEEF
DEADBEEF
DEADBEEF
DEADBEEF
DEADBEEF
DEADBEEF
DEADBEEF
DEADBEEF
DEADBEEF
DEADBEEF
DEADBEEF
DEADBEEF
DEADBEEF
DEADBEEF
DEADBEEF
DEADBEEF
DEADBEEF
DEADBEEF
DEADBEEF
DEADBEEF
DEADBEEF
DEADBEEF
DEADBEEF
DEADBEEF
DEADBEEF
DEADBEEF
DEADBEEF
DEADBEEF
DEADBEEF
DEADBEEF
DEADBEEF
DEADBEEF
DEADBEEF
DEADBEEF
DEADBEEF
DEADBEEF
DEADBEEF
DEADBEEF
DEADBEEF
DEADBEEF
DEADBEEF
DEADBEEF
DEADBEEF
DEADBEEF
DEADBEEF
DEADBEEF
DEADBEEF
DEADBEEF
DEADBEEF
DEADBEEF
DEADBEEF
DEADBEEF
DEADBEEF
DEADBEEF
DEADBEEF
DEADBEEF
DEADBEEF
DEADBEEF
DEADBEEF
DEADBEEF
DEADBEEF
DEADBEEF
DEADBEEF
DEADBEEF
DEADBEEF
DEADBEEF
DEADBEEF
DEADBEEF
DEADBEEF
DEADBEEF
DEADBEEF
DEADBEEF
DEADBEEF
DEADBEEF
DEADBEEF
DEADBEEF
DEADBEEF
DEADBEEF
DEADBEEF
DEADBEEF
DEADBEEF
DEADBEEF
DEADBEEF
DEADBEEF
DEADBEEF
DEADBEEF
DEADBEEF
DEADBEEF
DEADBEEF
DEADBEEF
DEADBEEF
DEADBEEF
DEADBEEF
DEADBEEF
DEADBEEF
DEADBEEF
DEADBEEF
DEADBEEF
DEADBEEF
DEADBEEF
DEADBEEF
DEADBEEF
DEADBEEF
DEADBEEF
DEADBEEF
DEADBEEF
DEADBEEF
DEADBEEF
DEADBEEF
DEADBEEF
DEADBEEF
DEADBEEF
DEADBEEF
DEADBEEF
DEADBEEF
DEADBEEF
DEADBEEF
DEADBEEF
DEADBEEF
DEADBEEF
DEADBEEF
DEADBEEF
DEADBEEF
DEADBEEF
DEADBEEF
DEADBEEF
DEADBEEF
DEADBEEF
DEADBEEF
DEADBEEF
DEADBEEF
DEADBEEF
DEADBEEF
DEADBEEF
DEADBEEF
DEADBEEF
DEADBEEF
DEADBEEF
DEADBEEF
DEADBEEF
DEADBEEF
DEADBEEF
DEADBEEF
DEADBEEF
DEADBEEF
DEADBEEF
DEADBEEF
DEADBEEF
DEADBEEF
DEADBEEF
DEADBEEF
DEADBEEF
DEADBEEF
DEADBEEF
DEADBEEF
DEADBEEF
DEADBEEF
DEADBEEF
DEADBEEF
DEADBEEF
DEADBEEF
DEADBEEF
DEADBEEF
DEADBEEF
DEADBEEF
DEADBEEF
DEADBEEF
DEADBEEF
DEADBEEF
DEADBEEF
DEADBEEF
DEADBEEF
DEADBEEF
DEADBEEF
DEADBEEF
DEADBEEF
DEADBEEF
DEADBEEF
DEADBEEF
DEADBEEF
DEADBEEF
DEADBEEF
DEADBEEF
DEADBEEF
DEADBEEF
DEADBEEF
DEADBEEF
DEADBEEF
DEADBEEF
DEADBEEF
DEADBEEF
DEADBEEF
DEADBEEF
DEADBEEF
DEADBEEF
DEADBEEF
DEADBEEF
DEADBEEF
DEADBEEF
DEADBEEF
DEADBEEF
DEADBEEF
DEADBEEF
DEADBEEF
DEADBEEF
DEADBEEF
DEADBEEF
DEADBEEF
DEADBEEF
DEADBEEF
DEADBEEF
DEADBEEF
DEADBEEF
DEADBEEF
DEADBEEF
DEADBEEF
DEADBEEF
DEADBEEF
DEADBEEF
DEADBEEF
DEADBEEF
DEADBEEF
DEADBEEF
DEADBEEF
DEADBEEF
DEADBEEF
DEADBEEF
DEADBEEF
DEADBEEF
DEADBEEF
DEADBEEF
DEADBEEF
DEADBEEF
DEADBEEF
DEADBEEF
DEADBEEF
DEADBEEF
DEADBEEF
DEADBEEF
DEADBEEF
DEADBEEF
DEADBEEF
DEADBEEF
DEADBEEF
DEADBEEF
DEADBEEF
DEADBEEF
DEADBEEF
DEADBEEF
DEADBEEF
DEADBEEF
DEADBEEF
DEADBEEF
DEADBEEF
DEADBEEF
DEADBEEF
DEADBEEF
DEADBEEF
DEADBEEF
DEADBEEF
DEADBEEF
DEADBEEF
DEADBEEF
DEADBEEF
DEADBEEF
DEADBEEF
DEADBEEF
DEADBEEF
DEADBEEF
DEADBEEF
DEADBEEF
DEADBEEF
DEADBEEF
DEADBEEF
DEADBEEF
DEADBEEF
DEADBEEF
DEADBEEF
DEADBEEF
DEADBEEF
DEADBEEF
DEADBEEF
DEADBEEF
DEADBEEF
DEADBEEF
DEADBEEF
DEADBEEF
DEADBEEF
DEADBEEF
DEADBEEF
DEADBEEF
DEADBEEF
DEADBEEF
DEADBEEF
DEADBEEF
DEADBEEF
DEADBEEF
DEADBEEF
DEADBEEF
DEADBEEF
DEADBEEF
DEADBEEF
DEADBEEF
DEADBEEF
DEADBEEF
DEADBEEF
DEADBEEF
DEADBEEF
DEADBEEF
DEADBEEF
DEADBEEF
DEADBEEF
DEADBEEF
DEADBEEF
DEADBEEF
DEADBEEF
DEADBEEF
DEADBEEF
DEADBEEF
DEADBEEF
DEADBEEF
DEADBEEF
DEADBEEF
DEADBEEF
DEADBEEF
DEADBEEF
DEADBEEF
DEADBEEF
DEADBEEF
DEADBEEF
DEADBEEF
DEADBEEF
DEADBEEF
DEADBEEF
DEADBEEF
DEADBEEF
DEADBEEF
DEADBEEF
DEADBEEF
DEADBEEF
DEADBEEF
DEADBEEF
DEADBEEF
DEADBEEF
DEADBEEF
DEADBEEF
DEADBEEF
DEADBEEF
DEADBEEF
DEADBEEF
DEADBEEF
DEADBEEF
DEADBEEF
DEADBEEF
DEADBEEF
DEADBEEF
DEADBEEF
DEADBEEF
DEADBEEF
DEADBEEF
DEADBEEF
DEADBEEF
DEADBEEF
DEADBEEF
DEADBEEF
DEADBEEF
DEADBEEF
DEADBEEF
DEADBEEF
DEADBEEF
DEADBEEF
DEADBEEF
DEADBEEF
DEADBEEF
DEADBEEF
DEADBEEF
DEADBEEF
DEADBEEF
DEADBEEF
DEADBEEF
DEADBEEF
DEADBEEF
DEADBEEF
DEADBEEF
DEADBEEF
DEADBEEF
DEADBEEF
DEADBEEF
DEADBEEF
DEADBEEF
DEADBEEF
DEADBEEF
DEADBEEF
DEADBEEF
DEADBEEF
DEADBEEF
DEADBEEF
DEADBEEF
DEADBEEF
DEADBEEF
DEADBEEF
DEADBEEF
DEADBEEF
DEADBEEF
DEADBEEF
DEADBEEF
DEADBEEF
DEADBEEF
DEADBEEF
DEADBEEF
DEADBEEF
DEADBEEF
DEADBEEF
DEADBEEF
DEADBEEF
DEADBEEF
DEADBEEF
DEADBEEF
DEADBEEF
DEADBEEF
DEADBEEF
DEADBEEF
DEADBEEF
DEADBEEF
DEADBEEF
DEADBEEF
DEADBEEF
DEADBEEF
DEADBEEF
DEADBEEF
DEADBEEF
DEADBEEF
DEADBEEF
DEADBEEF
DEADBEEF
DEADBEEF
DEADBEEF
DEADBEEF
DEADBEEF
DEADBEEF
DEADBEEF
DEADBEEF
DEADBEEF
DEADBEEF
DEADBEEF
DEADBEEF
DEADBEEF
DEADBEEF
DEADBEEF
DEADBEEF
DEADBEEF
DEADBEEF
DEADBEEF
DEADBEEF
DEADBEEF
DEADBEEF
DEADBEEF
DEADBEEF
DEADBEEF
DEADBEEF
DEADBEEF
DEADBEEF
DEADBEEF
DEADBEEF
DEADBEEF
DEADBEEF
DEADBEEF
DEADBEEF
DEADBEEF
DEADBEEF
DEADBEEF
DEADBEEF
DEADBEEF
DEADBEEF
DEADBEEF
DEADBEEF
DEADBEEF
DEADBEEF
DEADBEEF
DEADBEEF
DEADBEEF
DEADBEEF
DEADBEEF
DEADBEEF
DEADBEEF
DEADBEEF
DEADBEEF
DEADBEEF
DEADBEEF
DEADBEEF
DEADBEEF
DEADBEEF
DEADBEEF
DEADBEEF
DEADBEEF
DEADBEEF
DEADBEEF
DEADBEEF
DEADBEEF
DEADBEEF
DEADBEEF
DEADBEEF
DEADBEEF
DEADBEEF
DEADBEEF
DEADBEEF
DEADBEEF
DEADBEEF
DEADBEEF
DEADBEEF
DEADBEEF
DEADBEEF
DEADBEEF
DEADBEEF
DEADBEEF
DEADBEEF
DEADBEEF
DEADBEEF
DEADBEEF
DEADBEEF
DEADBEEF
DEADBEEF
DEADBEEF
DEADBEEF
DEADBEEF
DEADBEEF
DEADBEEF
DEADBEEF
DEADBEEF
DEADBEEF
DEADBEEF
DEADBEEF
DEADBEEF
DEADBEEF
DEADBEEF
DEADBEEF
DEADBEEF
DEADBEEF
DEADBEEF
DEADBEEF
DEADBEEF
DEADBEEF
DEADBEEF
DEADBEEF
DEADBEEF
DEADBEEF
DEADBEEF
DEADBEEF
DEADBEEF
DEADBEEF
DEADBEEF
DEADBEEF
DEADBEEF
DEADBEEF
DEADBEEF
DEADBEEF
DEADBEEF
DEADBEEF
DEADBEEF
DEADBEEF
DEADBEEF
DEADBEEF
DEADBEEF
DEADBEEF
DEADBEEF
DEADBEEF
DEADBEEF
DEADBEEF
DEADBEEF
DEADBEEF
DEADBEEF
DEADBEEF
DEADBEEF
DEADBEEF
DEADBEEF
DEADBEEF
DEADBEEF
DEADBEEF
DEADBEEF
DEADBEEF
DEADBEEF
DEADBEEF
DEADBEEF
DEADBEEF
DEADBEEF
DEADBEEF
DEADBEEF
DEADBEEF
DEADBEEF
DEADBEEF
DEADBEEF
DEADBEEF
DEADBEEF
DEADBEEF
DEADBEEF
DEADBEEF
DEADBEEF
DEADBEEF
DEADBEEF
DEADBEEF
DEADBEEF
DEADBEEF
DEADBEEF
DEADBEEF
DEADBEEF
DEADBEEF
DEADBEEF
DEADBEEF
DEADBEEF
DEADBEEF
DEADBEEF
DEADBEEF
DEADBEEF
DEADBEEF
DEADBEEF
DEADBEEF
DEADBEEF
DEADBEEF
DEADBEEF
DEADBEEF
DEADBEEF
DEADBEEF
DEADBEEF
DEADBEEF
DEADBEEF
DEADBEEF
DEADBEEF
DEADBEEF
DEADBEEF
DEADBEEF
DEADBEEF
DEADBEEF
DEADBEEF
DEADBEEF
DEADBEEF
DEADBEEF
DEADBEEF
DEADBEEF
DEADBEEF
DEADBEEF
DEADBEEF
DEADBEEF
DEADBEEF
DEADBEEF
DEADBEEF
DEADBEEF
DEADBEEF
DEADBEEF
DEADBEEF
DEADBEEF
DEADBEEF
DEADBEEF
DEADBEEF
DEADBEEF
DEADBEEF
DEADBEEF
DEADBEEF
DEADBEEF
DEADBEEF
DEADBEEF
DEADBEEF
DEADBEEF
DEADBEEF
DEADBEEF
DEADBEEF
DEADBEEF
DEADBEEF
DEADBEEF
DEADBEEF
DEADBEEF
DEADBEEF
DEADBEEF
DEADBEEF
DEADBEEF
DEADBEEF
DEADBEEF
DEADBEEF
DEADBEEF
DEADBEEF
DEADBEEF
DEADBEEF
DEADBEEF
DEADBEEF
DEADBEEF
DEADBEEF
DEADBEEF
DEADBEEF
DEADBEEF
DEADBEEF
DEADBEEF
DEADBEEF
DEADBEEF
DEADBEEF
DEADBEEF
DEADBEEF
DEADBEEF
DEADBEEF
DEADBEEF
DEADBEEF
DEADBEEF
DEADBEEF
DEADBEEF
DEADBEEF
DEADBEEF
DEADBEEF
DEADBEEF
DEADBEEF
DEADBEEF
DEADBEEF
DEADBEEF
DEADBEEF
DEADBEEF
DEADBEEF
DEADBEEF
DEADBEEF
DEADBEEF
DEADBEEF
DEADBEEF
DEADBEEF
DEADBEEF
DEADBEEF
DEADBEEF
DEADBEEF
DEADBEEF
DEADBEEF
DEADBEEF
DEADBEEF
DEADBEEF
DEADBEEF
DEADBEEF
DEADBEEF
DEADBEEF
DEADBEEF
DEADBEEF
DEADBEEF
DEADBEEF
DEADBEEF
DEADBEEF
DEADBEEF
DEADBEEF
DEADBEEF
DEADBEEF
DEADBEEF
DEADBEEF
DEADBEEF
DEADBEEF
DEADBEEF
DEADBEEF
DEADBEEF
DEADBEEF
DEADBEEF
DEADBEEF
DEADBEEF
DEADBEEF
DEADBEEF
DEADBEEF
DEADBEEF
DEADBEEF
DEADBEEF
DEADBEEF
DEADBEEF
DEADBEEF
DEADBEEF
DEADBEEF
DEADBEEF
DEADBEEF
DEADBEEF
DEADBEEF
DEADBEEF
DEADBEEF
DEADBEEF
DEADBEEF
DEADBEEF
DEADBEEF
DEADBEEF
DEADBEEF
DEADBEEF
DEADBEEF
DEADBEEF
DEADBEEF
DEADBEEF
DEADBEEF
DEADBEEF
DEADBEEF
DEADBEEF
DEADBEEF
DEADBEEF
DEADBEEF
DEADBEEF
DEADBEEF
DEADBEEF
DEADBEEF
DEADBEEF
DEADBEEF
DEADBEEF
DEADBEEF
DEADBEEF
DEADBEEF
DEADBEEF
DEADBEEF
DEADBEEF
DEADBEEF
DEADBEEF
DEADBEEF
DEADBEEF
DEADBEEF
DEADBEEF
DEADBEEF
DEADBEEF
DEADBEEF
DEADBEEF
DEADBEEF
DEADBEEF
DEADBEEF
DEADBEEF
DEADBEEF
DEADBEEF
DEADBEEF
DEADBEEF
DEADBEEF
DEADBEEF
DEADBEEF
DEADBEEF
DEADBEEF
DEADBEEF
DEADBEEF
DEADBEEF
DEADBEEF
DEADBEEF
DEADBEEF
DEADBEEF
DEADBEEF
DEADBEEF
DEADBEEF
DEADBEEF
DEADBEEF
DEADBEEF
DEADBEEF
DEADBEEF
DEADBEEF
DEADBEEF
DEADBEEF
DEADBEEF
DEADBEEF
DEADBEEF
DEADBEEF
DEADBEEF
DEADBEEF
DEADBEEF
DEADBEEF
DEADBEEF
DEADBEEF
DEADBEEF
DEADBEEF
DEADBEEF
DEADBEEF
DEADBEEF
DEADBEEF
DEADBEEF
DEADBEEF
DEADBEEF
DEADBEEF
DEADBEEF
DEADBEEF
DEADBEEF
DEADBEEF
DEADBEEF
DEADBEEF
DEADBEEF
DEADBEEF
DEADBEEF
DEADBEEF
DEADBEEF
DEADBEEF
DEADBEEF
DEADBEEF
DEADBEEF
DEADBEEF
DEADBEEF
DEADBEEF
DEADBEEF
DEADBEEF
DEADBEEF
DEADBEEF
DEADBEEF
DEADBEEF
DEADBEEF
DEADBEEF
DEADBEEF
DEADBEEF
DEADBEEF
DEADBEEF
DEADBEEF
DEADBEEF
DEADBEEF
DEADBEEF
DEADBEEF
DEADBEEF
DEADBEEF
DEADBEEF
DEADBEEF
DEADBEEF
DEADBEEF
DEADBEEF
DEADBEEF
DEADBEEF
DEADBEEF
DEADBEEF
DEADBEEF
DEADBEEF
DEADBEEF
DEADBEEF
DEADBEEF
DEADBEEF
DEADBEEF
DEADBEEF
DEADBEEF
DEADBEEF
DEADBEEF
DEADBEEF
DEADBEEF
DEADBEEF
DEADBEEF
DEADBEEF
DEADBEEF
DEADBEEF
DEADBEEF
DEADBEEF
DEADBEEF
DEADBEEF
DEADBEEF
DEADBEEF
DEADBEEF
DEADBEEF
DEADBEEF
DEADBEEF
DEADBEEF
DEADBEEF
DEADBEEF
DEADBEEF
DEADBEEF
DEADBEEF
DEADBEEF
DEADBEEF
DEADBEEF
DEADBEEF
DEADBEEF
DEADBEEF
DEADBEEF
DEADBEEF
DEADBEEF
DEADBEEF
DEADBEEF
DEADBEEF
DEADBEEF
DEADBEEF
DEADBEEF
DEADBEEF
DEADBEEF
DEADBEEF
DEADBEEF
DEADBEEF
DEADBEEF
DEADBEEF
DEADBEEF
DEADBEEF
DEADBEEF
DEADBEEF
DEADBEEF
DEADBEEF
DEADBEEF
DEADBEEF
DEADBEEF
DEADBEEF
DEADBEEF
DEADBEEF
DEADBEEF
DEADBEEF
DEADBEEF
DEADBEEF
DEADBEEF
DEADBEEF
DEADBEEF
DEADBEEF
DEADBEEF
DEADBEEF
DEADBEEF
DEADBEEF
DEADBEEF
DEADBEEF
DEADBEEF
DEADBEEF
DEADBEEF
DEADBEEF
DEADBEEF
DEADBEEF
DEADBEEF
DEADBEEF
DEADBEEF
DEADBEEF
DEADBEEF
DEADBEEF
DEADBEEF
DEADBEEF
DEADBEEF
DEADBEEF
DEADBEEF
DEADBEEF
DEADBEEF
DEADBEEF
DEADBEEF
DEADBEEF
DEADBEEF
DEADBEEF
DEADBEEF
DEADBEEF
DEADBEEF
DEADBEEF
DEADBEEF
DEADBEEF
DEADBEEF
DEADBEEF
DEADBEEF
DEADBEEF
DEADBEEF
DEADBEEF
DEADBEEF
DEADBEEF
DEADBEEF
DEADBEEF
DEADBEEF
DEADBEEF
DEADBEEF
DEADBEEF
DEADBEEF
DEADBEEF
DEADBEEF
DEADBEEF
DEADBEEF
DEADBEEF
DEADBEEF
DEADBEEF
DEADBEEF
DEADBEEF
DEADBEEF
DEADBEEF
DEADBEEF
DEADBEEF
DEADBEEF
DEADBEEF
DEADBEEF
DEADBEEF
DEADBEEF
DEADBEEF
DEADBEEF
DEADBEEF
DEADBEEF
DEADBEEF
DEADBEEF
DEADBEEF
DEADBEEF
DEADBEEF
DEADBEEF
DEADBEEF
DEADBEEF
DEADBEEF
DEADBEEF
DEADBEEF
DEADBEEF
DEADBEEF
DEADBEEF
DEADBEEF
DEADBEEF
DEADBEEF
DEADBEEF
DEADBEEF
DEADBEEF
DEADBEEF
DEADBEEF
DEADBEEF
DEADBEEF
DEADBEEF
DEADBEEF
DEADBEEF
DEADBEEF
DEADBEEF
DEADBEEF
DEADBEEF
DEADBEEF
DEADBEEF
DEADBEEF
DEADBEEF
DEADBEEF
DEADBEEF
DEADBEEF
DEADBEEF
DEADBEEF
DEADBEEF
DEADBEEF
DEADBEEF
DEADBEEF
DEADBEEF
DEADBEEF
DEADBEEF
DEADBEEF
DEADBEEF
DEADBEEF
DEADBEEF
DEADBEEF
DEADBEEF
DEADBEEF
DEADBEEF
DEADBEEF
DEADBEEF
DEADBEEF
DEADBEEF
DEADBEEF
DEADBEEF
DEADBEEF
DEADBEEF
DEADBEEF
DEADBEEF
DEADBEEF
DEADBEEF
DEADBEEF
DEADBEEF
DEADBEEF
DEADBEEF
DEADBEEF
DEADBEEF
DEADBEEF
DEADBEEF
DEADBEEF
DEADBEEF
DEADBEEF
DEADBEEF
DEADBEEF
DEADBEEF
DEADBEEF
DEADBEEF
DEADBEEF
DEADBEEF
DEADBEEF
DEADBEEF
DEADBEEF
DEADBEEF
DEADBEEF
DEADBEEF
DEADBEEF
DEADBEEF
DEADBEEF
DEADBEEF
DEADBEEF
DEADBEEF
DEADBEEF
DEADBEEF
DEADBEEF
DEADBEEF
DEADBEEF
DEADBEEF
DEADBEEF
DEADBEEF
DEADBEEF
DEADBEEF
DEADBEEF
DEADBEEF
DEADBEEF
DEADBEEF
DEADBEEF
DEADBEEF
DEADBEEF
DEADBEEF
DEADBEEF
DEADBEEF
DEADBEEF
DEADBEEF
DEADBEEF
DEADBEEF
DEADBEEF
DEADBEEF
DEADBEEF
DEADBEEF
DEADBEEF
DEADBEEF
DEADBEEF
DEADBEEF
DEADBEEF
DEADBEEF
DEADBEEF
DEADBEEF
DEADBEEF
DEADBEEF
DEADBEEF
DEADBEEF
DEADBEEF
DEADBEEF
DEADBEEF
DEADBEEF
DEADBEEF
DEADBEEF
DEADBEEF
DEADBEEF
DEADBEEF
DEADBEEF
DEADBEEF
DEADBEEF
DEADBEEF
DEADBEEF
DEADBEEF
DEADBEEF
DEADBEEF
DEADBEEF
DEADBEEF
DEADBEEF
DEADBEEF
DEADBEEF
DEADBEEF
DEADBEEF
DEADBEEF
DEADBEEF
DEADBEEF
DEADBEEF
DEADBEEF
DEADBEEF
DEADBEEF
DEADBEEF
DEADBEEF
DEADBEEF
DEADBEEF
DEADBEEF
DEADBEEF
DEADBEEF
DEADBEEF
DEADBEEF
DEADBEEF
DEADBEEF
DEADBEEF
DEADBEEF
DEADBEEF
DEADBEEF
DEADBEEF
DEADBEEF
DEADBEEF
DEADBEEF
DEADBEEF
DEADBEEF
DEADBEEF
DEADBEEF
DEADBEEF
DEADBEEF
DEADBEEF
DEADBEEF
DEADBEEF
DEADBEEF
DEADBEEF
DEADBEEF
DEADBEEF
DEADBEEF
DEADBEEF
DEADBEEF
DEADBEEF
DEADBEEF
DEADBEEF
DEADBEEF
DEADBEEF
DEADBEEF
DEADBEEF
DEADBEEF
DEADBEEF
DEADBEEF
DEADBEEF
DEADBEEF
DEADBEEF
DEADBEEF
DEADBEEF
DEADBEEF
DEADBEEF
DEADBEEF
DEADBEEF
DEADBEEF
DEADBEEF
DEADBEEF
DEADBEEF
DEADBEEF
DEADBEEF
DEADBEEF
DEADBEEF
DEADBEEF
DEADBEEF
DEADBEEF
DEADBEEF
DEADBEEF
DEADBEEF
DEADBEEF
DEADBEEF
DEADBEEF
DEADBEEF
DEADBEEF
DEADBEEF
DEADBEEF
DEADBEEF
DEADBEEF
DEADBEEF
DEADBEEF
DEADBEEF
DEADBEEF
DEADBEEF
DEADBEEF
DEADBEEF
DEADBEEF
DEADBEEF
DEADBEEF
DEADBEEF
DEADBEEF
DEADBEEF
DEADBEEF
DEADBEEF
DEADBEEF
DEADBEEF
DEADBEEF
DEADBEEF
DEADBEEF
DEADBEEF
DEADBEEF
DEADBEEF
DEADBEEF
DEADBEEF
DEADBEEF
DEADBEEF
DEADBEEF
DEADBEEF
DEADBEEF
DEADBEEF
DEADBEEF
DEADBEEF
DEADBEEF
DEADBEEF
DEADBEEF
DEADBEEF
DEADBEEF
DEADBEEF
DEADBEEF
DEADBEEF
DEADBEEF
DEADBEEF
DEADBEEF
DEADBEEF
DEADBEEF
DEADBEEF
DEADBEEF
DEADBEEF
DEADBEEF
DEADBEEF
DEADBEEF
DEADBEEF
DEADBEEF
DEADBEEF
DEADBEEF
DEADBEEF
DEADBEEF
DEADBEEF
DEADBEEF
DEADBEEF
DEADBEEF
DEADBEEF
DEADBEEF
DEADBEEF
DEADBEEF
DEADBEEF
DEADBEEF
DEADBEEF
DEADBEEF
DEADBEEF
DEADBEEF
DEADBEEF
DEADBEEF
DEADBEEF
DEADBEEF
DEADBEEF
DEADBEEF
DEADBEEF
DEADBEEF
DEADBEEF
DEADBEEF
DEADBEEF
DEADBEEF
DEADBEEF
DEADBEEF
DEADBEEF
DEADBEEF
DEADBEEF
DEADBEEF
DEADBEEF
DEADBEEF
DEADBEEF
DEADBEEF
DEADBEEF
DEADBEEF
DEADBEEF
DEADBEEF
DEADBEEF
DEADBEEF
DEADBEEF
DEADBEEF
DEADBEEF
DEADBEEF
DEADBEEF
DEADBEEF
DEADBEEF
DEADBEEF
DEADBEEF
DEADBEEF
DEADBEEF
DEADBEEF
DEADBEEF
DEADBEEF
DEADBEEF
DEADBEEF
DEADBEEF
DEADBEEF
DEADBEEF
DEADBEEF
DEADBEEF
DEADBEEF
DEADBEEF
DEADBEEF
DEADBEEF
DEADBEEF
DEADBEEF
DEADBEEF
DEADBEEF
DEADBEEF
DEADBEEF
DEADBEEF
DEADBEEF
DEADBEEF
DEADBEEF
DEADBEEF
DEADBEEF
DEADBEEF
DEADBEEF
DEADBEEF
DEADBEEF
DEADBEEF
DEADBEEF
DEADBEEF
DEADBEEF
DEADBEEF
DEADBEEF
DEADBEEF
DEADBEEF
DEADBEEF
DEADBEEF
DEADBEEF
DEADBEEF
DEADBEEF
DEADBEEF
DEADBEEF
DEADBEEF
DEADBEEF
DEADBEEF
DEADBEEF
DEADBEEF
DEADBEEF
DEADBEEF
DEADBEEF
DEADBEEF
DEADBEEF
DEADBEEF
DEADBEEF
DEADBEEF
DEADBEEF
DEADBEEF
DEADBEEF
DEADBEEF
DEADBEEF
DEADBEEF
DEADBEEF
DEADBEEF
DEADBEEF
DEADBEEF
DEADBEEF
DEADBEEF
DEADBEEF
DEADBEEF
DEADBEEF
DEADBEEF
DEADBEEF
DEADBEEF
DEADBEEF
DEADBEEF
DEADBEEF
DEADBEEF
DEADBEEF
DEADBEEF
DEADBEEF
DEADBEEF
DEADBEEF
DEADBEEF
DEADBEEF
DEADBEEF
DEADBEEF
DEADBEEF
DEADBEEF
DEADBEEF
DEADBEEF
DEADBEEF
DEADBEEF
DEADBEEF
DEADBEEF
DEADBEEF
DEADBEEF
DEADBEEF
DEADBEEF
DEADBEEF
DEADBEEF
DEADBEEF
DEADBEEF
DEADBEEF
DEADBEEF
DEADBEEF
DEADBEEF
DEADBEEF
DEADBEEF
DEADBEEF
DEADBEEF
DEADBEEF
DEADBEEF
DEADBEEF
DEADBEEF
DEADBEEF
DEADBEEF
DEADBEEF
DEADBEEF
DEADBEEF
DEADBEEF
DEADBEEF
DEADBEEF
DEADBEEF
DEADBEEF
DEADBEEF
DEADBEEF
DEADBEEF
DEADBEEF
DEADBEEF
DEADBEEF
DEADBEEF
DEADBEEF
DEADBEEF
DEADBEEF
DEADBEEF
DEADBEEF
DEADBEEF
DEADBEEF
DEADBEEF
DEADBEEF
DEADBEEF
DEADBEEF
DEADBEEF
DEADBEEF
DEADBEEF
DEADBEEF
DEADBEEF
DEADBEEF
DEADBEEF
DEADBEEF
DEADBEEF
DEADBEEF
DEADBEEF
DEADBEEF
DEADBEEF
DEADBEEF
DEADBEEF
DEADBEEF
DEADBEEF
DEADBEEF
DEADBEEF
DEADBEEF
DEADBEEF
DEADBEEF
DEADBEEF
DEADBEEF
DEADBEEF
DEADBEEF
DEADBEEF
DEADBEEF
DEADBEEF
DEADBEEF
DEADBEEF
DEADBEEF
DEADBEEF
DEADBEEF
DEADBEEF
DEADBEEF
DEADBEEF
DEADBEEF
DEADBEEF
DEADBEEF
DEADBEEF
DEADBEEF
DEADBEEF
DEADBEEF
DEADBEEF
DEADBEEF
DEADBEEF
DEADBEEF
DEADBEEF
DEADBEEF
DEADBEEF
DEADBEEF
DEADBEEF
DEADBEEF
DEADBEEF
DEADBEEF
DEADBEEF
DEADBEEF
DEADBEEF
DEADBEEF
DEADBEEF
DEADBEEF
DEADBEEF
DEADBEEF
DEADBEEF
DEADBEEF
DEADBEEF
DEADBEEF
DEADBEEF
DEADBEEF
DEADBEEF
DEADBEEF
DEADBEEF
DEADBEEF
DEADBEEF
DEADBEEF
DEADBEEF
DEADBEEF
DEADBEEF
DEADBEEF
DEADBEEF
DEADBEEF
DEADBEEF
DEADBEEF
DEADBEEF
DEADBEEF
DEADBEEF
DEADBEEF
DEADBEEF
DEADBEEF
DEADBEEF
DEADBEEF
DEADBEEF
DEADBEEF
DEADBEEF
DEADBEEF
DEADBEEF
DEADBEEF
DEADBEEF
DEADBEEF
DEADBEEF
DEADBEEF
DEADBEEF
DEADBEEF
DEADBEEF
DEADBEEF
DEADBEEF
DEADBEEF
DEADBEEF
DEADBEEF
DEADBEEF
DEADBEEF
DEADBEEF
DEADBEEF
DEADBEEF
DEADBEEF
DEADBEEF
DEADBEEF
DEADBEEF
DEADBEEF
DEADBEEF
DEADBEEF
DEADBEEF
DEADBEEF
DEADBEEF
DEADBEEF
DEADBEEF
DEADBEEF
DEADBEEF
DEADBEEF
DEADBEEF
DEADBEEF
DEADBEEF
DEADBEEF
DEADBEEF
DEADBEEF
DEADBEEF
DEADBEEF
DEADBEEF
DEADBEEF
DEADBEEF
DEADBEEF
DEADBEEF
DEADBEEF
DEADBEEF
DEADBEEF
DEADBEEF
DEADBEEF
DEADBEEF
DEADBEEF
DEADBEEF
DEADBEEF
DEADBEEF
DEADBEEF
DEADBEEF
DEADBEEF
DEADBEEF
DEADBEEF
DEADBEEF
DEADBEEF
DEADBEEF
DEADBEEF
DEADBEEF
DEADBEEF
DEADBEEF
DEADBEEF
DEADBEEF
DEADBEEF
DEADBEEF
DEADBEEF
DEADBEEF
DEADBEEF
DEADBEEF
DEADBEEF
DEADBEEF
DEADBEEF
DEADBEEF
DEADBEEF
DEADBEEF
DEADBEEF
DEADBEEF
DEADBEEF
DEADBEEF
DEADBEEF
DEADBEEF
DEADBEEF
DEADBEEF
DEADBEEF
DEADBEEF
DEADBEEF
DEADBEEF
DEADBEEF
DEADBEEF
DEADBEEF
DEADBEEF
DEADBEEF
DEADBEEF
DEADBEEF
DEADBEEF
DEADBEEF
DEADBEEF
DEADBEEF
DEADBEEF
DEADBEEF
DEADBEEF
DEADBEEF
DEADBEEF
DEADBEEF
DEADBEEF
DEADBEEF
DEADBEEF
DEADBEEF
DEADBEEF
DEADBEEF
DEADBEEF
DEADBEEF
DEADBEEF
DEADBEEF
DEADBEEF
DEADBEEF
DEADBEEF
DEADBEEF
DEADBEEF
DEADBEEF
DEADBEEF
DEADBEEF
DEADBEEF
DEADBEEF
DEADBEEF
DEADBEEF
DEADBEEF
DEADBEEF
DEADBEEF
DEADBEEF
DEADBEEF
DEADBEEF
DEADBEEF
DEADBEEF
DEADBEEF
DEADBEEF
DEADBEEF
DEADBEEF
DEADBEEF
DEADBEEF
DEADBEEF
DEADBEEF
DEADBEEF
DEADBEEF
DEADBEEF
DEADBEEF
DEADBEEF
DEADBEEF
DEADBEEF
DEADBEEF
DEADBEEF
DEADBEEF
DEADBEEF
DEADBEEF
DEADBEEF
DEADBEEF
DEADBEEF
DEADBEEF
DEADBEEF
DEADBEEF
DEADBEEF
DEADBEEF
DEADBEEF
DEADBEEF
DEADBEEF
DEADBEEF
DEADBEEF
DEADBEEF
DEADBEEF
DEADBEEF
DEADBEEF
DEADBEEF
DEADBEEF
DEADBEEF
DEADBEEF
DEADBEEF
DEADBEEF
DEADBEEF
DEADBEEF
DEADBEEF
DEADBEEF
DEADBEEF
DEADBEEF
DEADBEEF
DEADBEEF
DEADBEEF
DEADBEEF
DEADBEEF
DEADBEEF
DEADBEEF
DEADBEEF
DEADBEEF
DEADBEEF
DEADBEEF
DEADBEEF
DEADBEEF
DEADBEEF
DEADBEEF
DEADBEEF
DEADBEEF
DEADBEEF
DEADBEEF
DEADBEEF
DEADBEEF
DEADBEEF
DEADBEEF
DEADBEEF
DEADBEEF
DEADBEEF
DEADBEEF
DEADBEEF
DEADBEEF
DEADBEEF
DEADBEEF
DEADBEEF
DEADBEEF
DEADBEEF
DEADBEEF
DEADBEEF
DEADBEEF
DEADBEEF
DEADBEEF
DEADBEEF
DEADBEEF
DEADBEEF
DEADBEEF
DEADBEEF
DEADBEEF
DEADBEEF
DEADBEEF
DEADBEEF
DEADBEEF
DEADBEEF
DEADBEEF
DEADBEEF
DEADBEEF
DEADBEEF
DEADBEEF
DEADBEEF
DEADBEEF
DEADBEEF
DEADBEEF
DEADBEEF
DEADBEEF
DEADBEEF
DEADBEEF
DEADBEEF
DEADBEEF
DEADBEEF
DEADBEEF
DEADBEEF
DEADBEEF
DEADBEEF
DEADBEEF
DEADBEEF
DEADBEEF
DEADBEEF
DEADBEEF
DEADBEEF
DEADBEEF
DEADBEEF
DEADBEEF
DEADBEEF
DEADBEEF
DEADBEEF
DEADBEEF
DEADBEEF
DEADBEEF
DEADBEEF
DEADBEEF
DEADBEEF
DEADBEEF
DEADBEEF
DEADBEEF
DEADBEEF
DEADBEEF
DEADBEEF
DEADBEEF
DEADBEEF
DEADBEEF
DEADBEEF
DEADBEEF
DEADBEEF
DEADBEEF
DEADBEEF
DEADBEEF
DEADBEEF
DEADBEEF
DEADBEEF
DEADBEEF
DEADBEEF
DEADBEEF
DEADBEEF
DEADBEEF
DEADBEEF
DEADBEEF
DEADBEEF
DEADBEEF
DEADBEEF
DEADBEEF
DEADBEEF
DEADBEEF
DEADBEEF
DEADBEEF
DEADBEEF
DEADBEEF
DEADBEEF
DEADBEEF
DEADBEEF
DEADBEEF
DEADBEEF
DEADBEEF
DEADBEEF
DEADBEEF
DEADBEEF
DEADBEEF
DEADBEEF
DEADBEEF
DEADBEEF
DEADBEEF
DEADBEEF
DEADBEEF
DEADBEEF
DEADBEEF
DEADBEEF
DEADBEEF
DEADBEEF
DEADBEEF
DEADBEEF
DEADBEEF
DEADBEEF
DEADBEEF
DEADBEEF
DEADBEEF
DEADBEEF
DEADBEEF
DEADBEEF
DEADBEEF
DEADBEEF
DEADBEEF
DEADBEEF
DEADBEEF
DEADBEEF
DEADBEEF
DEADBEEF
DEADBEEF
DEADBEEF
DEADBEEF
DEADBEEF
DEADBEEF
DEADBEEF
DEADBEEF
DEADBEEF
DEADBEEF
DEADBEEF
DEADBEEF
DEADBEEF
DEADBEEF
DEADBEEF
DEADBEEF
DEADBEEF
DEADBEEF
DEADBEEF
DEADBEEF
DEADBEEF
DEADBEEF
DEADBEEF
DEADBEEF
DEADBEEF
DEADBEEF
DEADBEEF
DEADBEEF
DEADBEEF
DEADBEEF
DEADBEEF
DEADBEEF
DEADBEEF
DEADBEEF
DEADBEEF
DEADBEEF
DEADBEEF
DEADBEEF
DEADBEEF
DEADBEEF
DEADBEEF
DEADBEEF
DEADBEEF
DEADBEEF
DEADBEEF
DEADBEEF
DEADBEEF
DEADBEEF
DEADBEEF
DEADBEEF
DEADBEEF
DEADBEEF
DEADBEEF
DEADBEEF
DEADBEEF
DEADBEEF
DEADBEEF
DEADBEEF
DEADBEEF
DEADBEEF
DEADBEEF
DEADBEEF
DEADBEEF
DEADBEEF
DEADBEEF
DEADBEEF
DEADBEEF
DEADBEEF
DEADBEEF
DEADBEEF
DEADBEEF
DEADBEEF
DEADBEEF
DEADBEEF
DEADBEEF
DEADBEEF
DEADBEEF
DEADBEEF
DEADBEEF
DEADBEEF
DEADBEEF
DEADBEEF
DEADBEEF
DEADBEEF
DEADBEEF
DEADBEEF
DEADBEEF
DEADBEEF
DEADBEEF
DEADBEEF
DEADBEEF
DEADBEEF
DEADBEEF
DEADBEEF
DEADBEEF
DEADBEEF
DEADBEEF
DEADBEEF
DEADBEEF
DEADBEEF
DEADBEEF
DEADBEEF
DEADBEEF
DEADBEEF
DEADBEEF
DEADBEEF
DEADBEEF
DEADBEEF
DEADBEEF
DEADBEEF
DEADBEEF
DEADBEEF
DEADBEEF
DEADBEEF
DEADBEEF
DEADBEEF
DEADBEEF
DEADBEEF
DEADBEEF
DEADBEEF
DEADBEEF
DEADBEEF
DEADBEEF
DEADBEEF
DEADBEEF
DEADBEEF
DEADBEEF
DEADBEEF
DEADBEEF
DEADBEEF
DEADBEEF
DEADBEEF
DEADBEEF
DEADBEEF
DEADBEEF
DEADBEEF
DEADBEEF
DEADBEEF
DEADBEEF
DEADBEEF
DEADBEEF
DEADBEEF
DEADBEEF
DEADBEEF
DEADBEEF
DEADBEEF
DEADBEEF
DEADBEEF
DEADBEEF
DEADBEEF
DEADBEEF
DEADBEEF
DEADBEEF
DEADBEEF
DEADBEEF
DEADBEEF
DEADBEEF
DEADBEEF
DEADBEEF
DEADBEEF
DEADBEEF
DEADBEEF
DEADBEEF
DEADBEEF
DEADBEEF
DEADBEEF
DEADBEEF
DEADBEEF
DEADBEEF
DEADBEEF
DEADBEEF
DEADBEEF
DEADBEEF
DEADBEEF
DEADBEEF
DEADBEEF
DEADBEEF
DEADBEEF
DEADBEEF
DEADBEEF
DEADBEEF
DEADBEEF
DEADBEEF
DEADBEEF
DEADBEEF
DEADBEEF
DEADBEEF
DEADBEEF
DEADBEEF
DEADBEEF
DEADBEEF
DEADBEEF
DEADBEEF
DEADBEEF
DEADBEEF
DEADBEEF
DEADBEEF
DEADBEEF
DEADBEEF
DEADBEEF
DEADBEEF
DEADBEEF
DEADBEEF
DEADBEEF
DEADBEEF
DEADBEEF
DEADBEEF
DEADBEEF
DEADBEEF
DEADBEEF
DEADBEEF
DEADBEEF
DEADBEEF
DEADBEEF
DEADBEEF
DEADBEEF
DEADBEEF
DEADBEEF
DEADBEEF
DEADBEEF
DEADBEEF
DEADBEEF
DEADBEEF
DEADBEEF
DEADBEEF
DEADBEEF
DEADBEEF
DEADBEEF
DEADBEEF
DEADBEEF
DEADBEEF
DEADBEEF
DEADBEEF
DEADBEEF
DEADBEEF
DEADBEEF
DEADBEEF
DEADBEEF
DEADBEEF
DEADBEEF
DEADBEEF
DEADBEEF
DEADBEEF
DEADBEEF
DEADBEEF
DEADBEEF
DEADBEEF
DEADBEEF
DEADBEEF
DEADBEEF
DEADBEEF
DEADBEEF
DEADBEEF
DEADBEEF
DEADBEEF
DEADBEEF
DEADBEEF
DEADBEEF
DEADBEEF
DEADBEEF
DEADBEEF
DEADBEEF
DEADBEEF
DEADBEEF
DEADBEEF
DEADBEEF
DEADBEEF
DEADBEEF
DEADBEEF
DEADBEEF
DEADBEEF
DEADBEEF
DEADBEEF
DEADBEEF
DEADBEEF
DEADBEEF
DEADBEEF
DEADBEEF
DEADBEEF
DEADBEEF
DEADBEEF
DEADBEEF
DEADBEEF
DEADBEEF
DEADBEEF
DEADBEEF
DEADBEEF
DEADBEEF
DEADBEEF
DEADBEEF
DEADBEEF
DEADBEEF
DEADBEEF
DEADBEEF
DEADBEEF
DEADBEEF
DEADBEEF
DEADBEEF
DEADBEEF
DEADBEEF
DEADBEEF
DEADBEEF
DEADBEEF
DEADBEEF
DEADBEEF
DEADBEEF
DEADBEEF
DEADBEEF
DEADBEEF
DEADBEEF
DEADBEEF
DEADBEEF
DEADBEEF
DEADBEEF
DEADBEEF
DEADBEEF
DEADBEEF
DEADBEEF
DEADBEEF
DEADBEEF
DEADBEEF
DEADBEEF
DEADBEEF
DEADBEEF
DEADBEEF
DEADBEEF
DEADBEEF
DEADBEEF
DEADBEEF
DEADBEEF
DEADBEEF
DEADBEEF
DEADBEEF
DEADBEEF
DEADBEEF
DEADBEEF
DEADBEEF
DEADBEEF
DEADBEEF
DEADBEEF
DEADBEEF
DEADBEEF
DEADBEEF
DEADBEEF
DEADBEEF
DEADBEEF
DEADBEEF
DEADBEEF
DEADBEEF
DEADBEEF
DEADBEEF
DEADBEEF
DEADBEEF
DEADBEEF
DEADBEEF
DEADBEEF
DEADBEEF
DEADBEEF
DEADBEEF
DEADBEEF
DEADBEEF
DEADBEEF
DEADBEEF
DEADBEEF
DEADBEEF
DEADBEEF
DEADBEEF
DEADBEEF
DEADBEEF
DEADBEEF
DEADBEEF
DEADBEEF
DEADBEEF
DEADBEEF
DEADBEEF
DEADBEEF
DEADBEEF
DEADBEEF
DEADBEEF
DEADBEEF
DEADBEEF
DEADBEEF
DEADBEEF
DEADBEEF
DEADBEEF
DEADBEEF
DEADBEEF
DEADBEEF
DEADBEEF
DEADBEEF
DEADBEEF
DEADBEEF
DEADBEEF
DEADBEEF
DEADBEEF
DEADBEEF
DEADBEEF
DEADBEEF
DEADBEEF
DEADBEEF
DEADBEEF
DEADBEEF
DEADBEEF
DEADBEEF
DEADBEEF
DEADBEEF
DEADBEEF
DEADBEEF
DEADBEEF
DEADBEEF
DEADBEEF
DEADBEEF
DEADBEEF
DEADBEEF
DEADBEEF
DEADBEEF
DEADBEEF
DEADBEEF
DEADBEEF
DEADBEEF
DEADBEEF
DEADBEEF
DEADBEEF
DEADBEEF
DEADBEEF
DEADBEEF
DEADBEEF
DEADBEEF
DEADBEEF
DEADBEEF
DEADBEEF
DEADBEEF
DEADBEEF
DEADBEEF
DEADBEEF
DEADBEEF
DEADBEEF
DEADBEEF
DEADBEEF
DEADBEEF
DEADBEEF
DEADBEEF
DEADBEEF
DEADBEEF
DEADBEEF
DEADBEEF
DEADBEEF
DEADBEEF
DEADBEEF
DEADBEEF
DEADBEEF
DEADBEEF
DEADBEEF
DEADBEEF
DEADBEEF
DEADBEEF
DEADBEEF
DEADBEEF
DEADBEEF
DEADBEEF
DEADBEEF
DEADBEEF
DEADBEEF
DEADBEEF
DEADBEEF
DEADBEEF
DEADBEEF
DEADBEEF
DEADBEEF
DEADBEEF
DEADBEEF
DEADBEEF
DEADBEEF
DEADBEEF
DEADBEEF
DEADBEEF
DEADBEEF
DEADBEEF
DEADBEEF
DEADBEEF
DEADBEEF
DEADBEEF
DEADBEEF
DEADBEEF
DEADBEEF
DEADBEEF
DEADBEEF
DEADBEEF
DEADBEEF
DEADBEEF
DEADBEEF
DEADBEEF
DEADBEEF
DEADBEEF
DEADBEEF
DEADBEEF
DEADBEEF
DEADBEEF
DEADBEEF
DEADBEEF
DEADBEEF
DEADBEEF
DEADBEEF
DEADBEEF
DEADBEEF
DEADBEEF
DEADBEEF
DEADBEEF
DEADBEEF
DEADBEEF
DEADBEEF
DEADBEEF
DEADBEEF
DEADBEEF
DEADBEEF
DEADBEEF
DEADBEEF
DEADBEEF
DEADBEEF
DEADBEEF
DEADBEEF
DEADBEEF
DEADBEEF
DEADBEEF
DEADBEEF
DEADBEEF
DEADBEEF
DEADBEEF
DEADBEEF
DEADBEEF
DEADBEEF
DEADBEEF
DEADBEEF
DEADBEEF
DEADBEEF
DEADBEEF
DEADBEEF
DEADBEEF
DEADBEEF
DEADBEEF
DEADBEEF
DEADBEEF
DEADBEEF
DEADBEEF
DEADBEEF
DEADBEEF
DEADBEEF
DEADBEEF
DEADBEEF
DEADBEEF
DEADBEEF
DEADBEEF
DEADBEEF
DEADBEEF
DEADBEEF
DEADBEEF
DEADBEEF
DEADBEEF
DEADBEEF
DEADBEEF
DEADBEEF
DEADBEEF
DEADBEEF
DEADBEEF
DEADBEEF
DEADBEEF
DEADBEEF
DEADBEEF
DEADBEEF
DEADBEEF
DEADBEEF
DEADBEEF
DEADBEEF
DEADBEEF
DEADBEEF
DEADBEEF
DEADBEEF
DEADBEEF
DEADBEEF
DEADBEEF
DEADBEEF
DEADBEEF
DEADBEEF
DEADBEEF
DEADBEEF
DEADBEEF
DEADBEEF
DEADBEEF
DEADBEEF
DEADBEEF
DEADBEEF
DEADBEEF
DEADBEEF
DEADBEEF
DEADBEEF
DEADBEEF
DEADBEEF
DEADBEEF
DEADBEEF
DEADBEEF
DEADBEEF
DEADBEEF
DEADBEEF
DEADBEEF
DEADBEEF
DEADBEEF
DEADBEEF
DEADBEEF
DEADBEEF
DEADBEEF
DEADBEEF
DEADBEEF
DEADBEEF
DEADBEEF
DEADBEEF
DEADBEEF
DEADBEEF
DEADBEEF
DEADBEEF
DEADBEEF
DEADBEEF
DEADBEEF
DEADBEEF
DEADBEEF
DEADBEEF
DEADBEEF
DEADBEEF
DEADBEEF
DEADBEEF
DEADBEEF
DEADBEEF
DEADBEEF
DEADBEEF
DEADBEEF
DEADBEEF
DEADBEEF
DEADBEEF
DEADBEEF
DEADBEEF
DEADBEEF
DEADBEEF
DEADBEEF
DEADBEEF
DEADBEEF
DEADBEEF
DEADBEEF
DEADBEEF
DEADBEEF
DEADBEEF
DEADBEEF
DEADBEEF
DEADBEEF
DEADBEEF
DEADBEEF
DEADBEEF
DEADBEEF
DEADBEEF
DEADBEEF
DEADBEEF
DEADBEEF
DEADBEEF
DEADBEEF
DEADBEEF
DEADBEEF
DEADBEEF
DEADBEEF
DEADBEEF
DEADBEEF
DEADBEEF
DEADBEEF
DEADBEEF
DEADBEEF
DEADBEEF
DEADBEEF
DEADBEEF
DEADBEEF
DEADBEEF
DEADBEEF
DEADBEEF
DEADBEEF
DEADBEEF
DEADBEEF
DEADBEEF
DEADBEEF
DEADBEEF
DEADBEEF
DEADBEEF
DEADBEEF
DEADBEEF
DEADBEEF
DEADBEEF
DEADBEEF
DEADBEEF
DEADBEEF
DEADBEEF
DEADBEEF
DEADBEEF
DEADBEEF
DEADBEEF
DEADBEEF
DEADBEEF
DEADBEEF
DEADBEEF
DEADBEEF
DEADBEEF
DEADBEEF
DEADBEEF
DEADBEEF
DEADBEEF
DEADBEEF
DEADBEEF
DEADBEEF
DEADBEEF
DEADBEEF
DEADBEEF
DEADBEEF
DEADBEEF
DEADBEEF
DEADBEEF
DEADBEEF
DEADBEEF
DEADBEEF
DEADBEEF
DEADBEEF
DEADBEEF
DEADBEEF
DEADBEEF
DEADBEEF
DEADBEEF
DEADBEEF
DEADBEEF
DEADBEEF
DEADBEEF
DEADBEEF
DEADBEEF
DEADBEEF
DEADBEEF
DEADBEEF
DEADBEEF
DEADBEEF
DEADBEEF
DEADBEEF
DEADBEEF
DEADBEEF
DEADBEEF
DEADBEEF
DEADBEEF
DEADBEEF
DEADBEEF
DEADBEEF
DEADBEEF
DEADBEEF
DEADBEEF
DEADBEEF
DEADBEEF
DEADBEEF
DEADBEEF
DEADBEEF
DEADBEEF
DEADBEEF
DEADBEEF
DEADBEEF
DEADBEEF
DEADBEEF
DEADBEEF
DEADBEEF
DEADBEEF
DEADBEEF
DEADBEEF
DEADBEEF
DEADBEEF
DEADBEEF
DEADBEEF
DEADBEEF
DEADBEEF
DEADBEEF
DEADBEEF
DEADBEEF
DEADBEEF
DEADBEEF
DEADBEEF
DEADBEEF
DEADBEEF
DEADBEEF
DEADBEEF
DEADBEEF
DEADBEEF
DEADBEEF
DEADBEEF
DEADBEEF
DEADBEEF
DEADBEEF
DEADBEEF
DEADBEEF
DEADBEEF
DEADBEEF
DEADBEEF
DEADBEEF
DEADBEEF
DEADBEEF
DEADBEEF
DEADBEEF
DEADBEEF
DEADBEEF
DEADBEEF
DEADBEEF
DEADBEEF
DEADBEEF
DEADBEEF
DEADBEEF
DEADBEEF
DEADBEEF
DEADBEEF
DEADBEEF
DEADBEEF
DEADBEEF
DEADBEEF
DEADBEEF
DEADBEEF
DEADBEEF
DEADBEEF
DEADBEEF
DEADBEEF
DEADBEEF
DEADBEEF
DEADBEEF
DEADBEEF
DEADBEEF
DEADBEEF
DEADBEEF
DEADBEEF
DEADBEEF
DEADBEEF
DEADBEEF
DEADBEEF
DEADBEEF
DEADBEEF
DEADBEEF
DEADBEEF
DEADBEEF
DEADBEEF
DEADBEEF
DEADBEEF
DEADBEEF
DEADBEEF
DEADBEEF
DEADBEEF
DEADBEEF
DEADBEEF
DEADBEEF
DEADBEEF
DEADBEEF
DEADBEEF
DEADBEEF
DEADBEEF
DEADBEEF
DEADBEEF
DEADBEEF
DEADBEEF
DEADBEEF
DEADBEEF
DEADBEEF
DEADBEEF
DEADBEEF
DEADBEEF
DEADBEEF
DEADBEEF
DEADBEEF
DEADBEEF
DEADBEEF
DEADBEEF
DEADBEEF
DEADBEEF
DEADBEEF
DEADBEEF
DEADBEEF
DEADBEEF
DEADBEEF
DEADBEEF
DEADBEEF
DEADBEEF
DEADBEEF
DEADBEEF
DEADBEEF
DEADBEEF
DEADBEEF
DEADBEEF
DEADBEEF
DEADBEEF
DEADBEEF
DEADBEEF
DEADBEEF
DEADBEEF
DEADBEEF
DEADBEEF
DEADBEEF
DEADBEEF
DEADBEEF
DEADBEEF
DEADBEEF
DEADBEEF
DEADBEEF
DEADBEEF
DEADBEEF
DEADBEEF
DEADBEEF
DEADBEEF
DEADBEEF
DEADBEEF
DEADBEEF
DEADBEEF
DEADBEEF
DEADBEEF
DEADBEEF
DEADBEEF
DEADBEEF
DEADBEEF
DEADBEEF
DEADBEEF
DEADBEEF
DEADBEEF
DEADBEEF
DEADBEEF
DEADBEEF
DEADBEEF
DEADBEEF
DEADBEEF
DEADBEEF
DEADBEEF
DEADBEEF
DEADBEEF
DEADBEEF
DEADBEEF
DEADBEEF
DEADBEEF
DEADBEEF
DEADBEEF
DEADBEEF
DEADBEEF
DEADBEEF
DEADBEEF
DEADBEEF
DEADBEEF
DEADBEEF
DEADBEEF
DEADBEEF
DEADBEEF
DEADBEEF
DEADBEEF
DEADBEEF
DEADBEEF
DEADBEEF
DEADBEEF
DEADBEEF
DEADBEEF
DEADBEEF
DEADBEEF
DEADBEEF
DEADBEEF
DEADBEEF
DEADBEEF
DEADBEEF
DEADBEEF
DEADBEEF
DEADBEEF
DEADBEEF
DEADBEEF
DEADBEEF
DEADBEEF
DEADBEEF
DEADBEEF
DEADBEEF
DEADBEEF
DEADBEEF
DEADBEEF
DEADBEEF
DEADBEEF
DEADBEEF
DEADBEEF
DEADBEEF
DEADBEEF
DEADBEEF
DEADBEEF
DEADBEEF
DEADBEEF
DEADBEEF
DEADBEEF
DEADBEEF
DEADBEEF
DEADBEEF
DEADBEEF
DEADBEEF
DEADBEEF
DEADBEEF
DEADBEEF
DEADBEEF
DEADBEEF
DEADBEEF
DEADBEEF
DEADBEEF
DEADBEEF
DEADBEEF
DEADBEEF
DEADBEEF
DEADBEEF
DEADBEEF
DEADBEEF
DEADBEEF
DEADBEEF
DEADBEEF
DEADBEEF
DEADBEEF
DEADBEEF
DEADBEEF
DEADBEEF
DEADBEEF
DEADBEEF
DEADBEEF
DEADBEEF
DEADBEEF
DEADBEEF
DEADBEEF
DEADBEEF
DEADBEEF
DEADBEEF
DEADBEEF
DEADBEEF
DEADBEEF
DEADBEEF
DEADBEEF
DEADBEEF
DEADBEEF
DEADBEEF
DEADBEEF
DEADBEEF
DEADBEEF
DEADBEEF
DEADBEEF
DEADBEEF
DEADBEEF
DEADBEEF
DEADBEEF
DEADBEEF
DEADBEEF
DEADBEEF
DEADBEEF
DEADBEEF
DEADBEEF
DEADBEEF
DEADBEEF
DEADBEEF
DEADBEEF
DEADBEEF
DEADBEEF
DEADBEEF
DEADBEEF
DEADBEEF
DEADBEEF
DEADBEEF
DEADBEEF
DEADBEEF
DEADBEEF
DEADBEEF
DEADBEEF
DEADBEEF
DEADBEEF
DEADBEEF
DEADBEEF
DEADBEEF
DEADBEEF
DEADBEEF
DEADBEEF
DEADBEEF
DEADBEEF
DEADBEEF
DEADBEEF
DEADBEEF
DEADBEEF
DEADBEEF
DEADBEEF
DEADBEEF
DEADBEEF
DEADBEEF
DEADBEEF
DEADBEEF
DEADBEEF
DEADBEEF
DEADBEEF
DEADBEEF
DEADBEEF
DEADBEEF
DEADBEEF
DEADBEEF
DEADBEEF
DEADBEEF
DEADBEEF
DEADBEEF
DEADBEEF
DEADBEEF
DEADBEEF
DEADBEEF
DEADBEEF
DEADBEEF
DEADBEEF
DEADBEEF
DEADBEEF
DEADBEEF
DEADBEEF
DEADBEEF
DEADBEEF
DEADBEEF
DEADBEEF
DEADBEEF
DEADBEEF
DEADBEEF
DEADBEEF
DEADBEEF
DEADBEEF
DEADBEEF
DEADBEEF
DEADBEEF
DEADBEEF
DEADBEEF
DEADBEEF
DEADBEEF
DEADBEEF
DEADBEEF
DEADBEEF
DEADBEEF
DEADBEEF
DEADBEEF
DEADBEEF
DEADBEEF
DEADBEEF
DEADBEEF
DEADBEEF
DEADBEEF
DEADBEEF
DEADBEEF
DEADBEEF
DEADBEEF
DEADBEEF
DEADBEEF
DEADBEEF
DEADBEEF
DEADBEEF
DEADBEEF
DEADBEEF
DEADBEEF
DEADBEEF
DEADBEEF
DEADBEEF
DEADBEEF
DEADBEEF
DEADBEEF
DEADBEEF
DEADBEEF
DEADBEEF
DEADBEEF
DEADBEEF
DEADBEEF
DEADBEEF
DEADBEEF
DEADBEEF
DEADBEEF
DEADBEEF
DEADBEEF
DEADBEEF
DEADBEEF
DEADBEEF
DEADBEEF
DEADBEEF
DEADBEEF
DEADBEEF
DEADBEEF
DEADBEEF
DEADBEEF
DEADBEEF
DEADBEEF
DEADBEEF
DEADBEEF
DEADBEEF
DEADBEEF
DEADBEEF
DEADBEEF
DEADBEEF
DEADBEEF
DEADBEEF
DEADBEEF
DEADBEEF
DEADBEEF
DEADBEEF
DEADBEEF
DEADBEEF
DEADBEEF
DEADBEEF
DEADBEEF
DEADBEEF
DEADBEEF
DEADBEEF
DEADBEEF
DEADBEEF
DEADBEEF
DEADBEEF
DEADBEEF
DEADBEEF
DEADBEEF
DEADBEEF
DEADBEEF
DEADBEEF
DEADBEEF
DEADBEEF
DEADBEEF
DEADBEEF
DEADBEEF
DEADBEEF
DEADBEEF
DEADBEEF
DEADBEEF
DEADBEEF
DEADBEEF
DEADBEEF
DEADBEEF
DEADBEEF
DEADBEEF
DEADBEEF
DEADBEEF
DEADBEEF
DEADBEEF
DEADBEEF
DEADBEEF
DEADBEEF
DEADBEEF
DEADBEEF
DEADBEEF
DEADBEEF
DEADBEEF
DEADBEEF
DEADBEEF
DEADBEEF
DEADBEEF
DEADBEEF
DEADBEEF
DEADBEEF
DEADBEEF
DEADBEEF
DEADBEEF
DEADBEEF
DEADBEEF
DEADBEEF
DEADBEEF
DEADBEEF
DEADBEEF
DEADBEEF
DEADBEEF
DEADBEEF
DEADBEEF
DEADBEEF
DEADBEEF
DEADBEEF
DEADBEEF
DEADBEEF
DEADBEEF
DEADBEEF
DEADBEEF
DEADBEEF
DEADBEEF
DEADBEEF
DEADBEEF
DEADBEEF
DEADBEEF
DEADBEEF
DEADBEEF
DEADBEEF
DEADBEEF
DEADBEEF
DEADBEEF
DEADBEEF
DEADBEEF
DEADBEEF
DEADBEEF
DEADBEEF
DEADBEEF
DEADBEEF
DEADBEEF
DEADBEEF
DEADBEEF
DEADBEEF
DEADBEEF
DEADBEEF
DEADBEEF
DEADBEEF
DEADBEEF
DEADBEEF
DEADBEEF
DEADBEEF
DEADBEEF
DEADBEEF
DEADBEEF
DEADBEEF
DEADBEEF
DEADBEEF
DEADBEEF
DEADBEEF
DEADBEEF
DEADBEEF
DEADBEEF
DEADBEEF
DEADBEEF
DEADBEEF
DEADBEEF
DEADBEEF
DEADBEEF
DEADBEEF
DEADBEEF
DEADBEEF
DEADBEEF
DEADBEEF
DEADBEEF
DEADBEEF
DEADBEEF
DEADBEEF
DEADBEEF
DEADBEEF
DEADBEEF
DEADBEEF
DEADBEEF
DEADBEEF
DEADBEEF
DEADBEEF
DEADBEEF
DEADBEEF
DEADBEEF
DEADBEEF
DEADBEEF
DEADBEEF
DEADBEEF
DEADBEEF
DEADBEEF
DEADBEEF
DEADBEEF
DEADBEEF
DEADBEEF
DEADBEEF
DEADBEEF
DEADBEEF
DEADBEEF
DEADBEEF
DEADBEEF
DEADBEEF
DEADBEEF
DEADBEEF
DEADBEEF
DEADBEEF
DEADBEEF
DEADBEEF
DEADBEEF
DEADBEEF
DEADBEEF
DEADBEEF
DEADBEEF
DEADBEEF
DEADBEEF
DEADBEEF
DEADBEEF
DEADBEEF
DEADBEEF
DEADBEEF
DEADBEEF
DEADBEEF
DEADBEEF
DEADBEEF
DEADBEEF
DEADBEEF
DEADBEEF
DEADBEEF
DEADBEEF
DEADBEEF
DEADBEEF
DEADBEEF
DEADBEEF
DEADBEEF
DEADBEEF
DEADBEEF
DEADBEEF
DEADBEEF
DEADBEEF
DEADBEEF
DEADBEEF
DEADBEEF
DEADBEEF
DEADBEEF
DEADBEEF
DEADBEEF
DEADBEEF
DEADBEEF
DEADBEEF
DEADBEEF
DEADBEEF
DEADBEEF
DEADBEEF
DEADBEEF
DEADBEEF
DEADBEEF
DEADBEEF
DEADBEEF
DEADBEEF
DEADBEEF
DEADBEEF
DEADBEEF
DEADBEEF
DEADBEEF
DEADBEEF
DEADBEEF
DEADBEEF
DEADBEEF
DEADBEEF
DEADBEEF
DEADBEEF
DEADBEEF
DEADBEEF
DEADBEEF
DEADBEEF
DEADBEEF
DEADBEEF
DEADBEEF
DEADBEEF
DEADBEEF
DEADBEEF
DEADBEEF
DEADBEEF
DEADBEEF
DEADBEEF
DEADBEEF
DEADBEEF
DEADBEEF
DEADBEEF
DEADBEEF
DEADBEEF
DEADBEEF
DEADBEEF
DEADBEEF
DEADBEEF
DEADBEEF
DEADBEEF
DEADBEEF
DEADBEEF
DEADBEEF
DEADBEEF
DEADBEEF
DEADBEEF
DEADBEEF
DEADBEEF
DEADBEEF
DEADBEEF
DEADBEEF
DEADBEEF
DEADBEEF
DEADBEEF
DEADBEEF
DEADBEEF
DEADBEEF
DEADBEEF
DEADBEEF
DEADBEEF
DEADBEEF
DEADBEEF
DEADBEEF
DEADBEEF
DEADBEEF
DEADBEEF
DEADBEEF
DEADBEEF
DEADBEEF
DEADBEEF
DEADBEEF
DEADBEEF
DEADBEEF
DEADBEEF
DEADBEEF
DEADBEEF
DEADBEEF
DEADBEEF
DEADBEEF
DEADBEEF
DEADBEEF
DEADBEEF
DEADBEEF
DEADBEEF
DEADBEEF
DEADBEEF
DEADBEEF
DEADBEEF
DEADBEEF
DEADBEEF
DEADBEEF
DEADBEEF
DEADBEEF
DEADBEEF
DEADBEEF
DEADBEEF
DEADBEEF
DEADBEEF
DEADBEEF
DEADBEEF
DEADBEEF
DEADBEEF
DEADBEEF
DEADBEEF
DEADBEEF
DEADBEEF
DEADBEEF
DEADBEEF
DEADBEEF
DEADBEEF
DEADBEEF
DEADBEEF
DEADBEEF
DEADBEEF
DEADBEEF
DEADBEEF
DEADBEEF
DEADBEEF
DEADBEEF
DEADBEEF
DEADBEEF
DEADBEEF
DEADBEEF
DEADBEEF
DEADBEEF
DEADBEEF
DEADBEEF
DEADBEEF
DEADBEEF
DEADBEEF
DEADBEEF
DEADBEEF
DEADBEEF
DEADBEEF
DEADBEEF
DEADBEEF
DEADBEEF
DEADBEEF
DEADBEEF
DEADBEEF
DEADBEEF
DEADBEEF
DEADBEEF
DEADBEEF
DEADBEEF
DEADBEEF
DEADBEEF
DEADBEEF
DEADBEEF
DEADBEEF
DEADBEEF
DEADBEEF
DEADBEEF
DEADBEEF
DEADBEEF
DEADBEEF
DEADBEEF
DEADBEEF
DEADBEEF
DEADBEEF
DEADBEEF
DEADBEEF
DEADBEEF
DEADBEEF
DEADBEEF
DEADBEEF
DEADBEEF
DEADBEEF
DEADBEEF
DEADBEEF
DEADBEEF
DEADBEEF
DEADBEEF
DEADBEEF
DEADBEEF
DEADBEEF
DEADBEEF
DEADBEEF
DEADBEEF
DEADBEEF
DEADBEEF
DEADBEEF
DEADBEEF
DEADBEEF
DEADBEEF
DEADBEEF
DEADBEEF
DEADBEEF
DEADBEEF
DEADBEEF
DEADBEEF
DEADBEEF
DEADBEEF
DEADBEEF
DEADBEEF
DEADBEEF
DEADBEEF
DEADBEEF
DEADBEEF
DEADBEEF
DEADBEEF
DEADBEEF
DEADBEEF
DEADBEEF
DEADBEEF
DEADBEEF
DEADBEEF
DEADBEEF
DEADBEEF
DEADBEEF
DEADBEEF
DEADBEEF
DEADBEEF
DEADBEEF
DEADBEEF
DEADBEEF
DEADBEEF
DEADBEEF
DEADBEEF
DEADBEEF
DEADBEEF
DEADBEEF
DEADBEEF
DEADBEEF
DEADBEEF
DEADBEEF
DEADBEEF
DEADBEEF
DEADBEEF
DEADBEEF
DEADBEEF
DEADBEEF
DEADBEEF
DEADBEEF
DEADBEEF
DEADBEEF
DEADBEEF
DEADBEEF
DEADBEEF
DEADBEEF
DEADBEEF
DEADBEEF
DEADBEEF
DEADBEEF
DEADBEEF
DEADBEEF
DEADBEEF
DEADBEEF
DEADBEEF
DEADBEEF
DEADBEEF
DEADBEEF
DEADBEEF
DEADBEEF
DEADBEEF
DEADBEEF
DEADBEEF
DEADBEEF
DEADBEEF
DEADBEEF
DEADBEEF
DEADBEEF
DEADBEEF
DEADBEEF
DEADBEEF
DEADBEEF
DEADBEEF
DEADBEEF
DEADBEEF
DEADBEEF
DEADBEEF
DEADBEEF
DEADBEEF
DEADBEEF
DEADBEEF
DEADBEEF
DEADBEEF
DEADBEEF
DEADBEEF
DEADBEEF
DEADBEEF
DEADBEEF
DEADBEEF
DEADBEEF
DEADBEEF
DEADBEEF
DEADBEEF
DEADBEEF
DEADBEEF
DEADBEEF
DEADBEEF
DEADBEEF
DEADBEEF
DEADBEEF
DEADBEEF
DEADBEEF
DEADBEEF
DEADBEEF
DEADBEEF
DEADBEEF
DEADBEEF
DEADBEEF
DEADBEEF
DEADBEEF
DEADBEEF
DEADBEEF
DEADBEEF
DEADBEEF
DEADBEEF
DEADBEEF
DEADBEEF
DEADBEEF
DEADBEEF
DEADBEEF
DEADBEEF
DEADBEEF
DEADBEEF
DEADBEEF
DEADBEEF
DEADBEEF
DEADBEEF
DEADBEEF
DEADBEEF
DEADBEEF
DEADBEEF
DEADBEEF
DEADBEEF
DEADBEEF
DEADBEEF
DEADBEEF
DEADBEEF
DEADBEEF
DEADBEEF
DEADBEEF
DEADBEEF
DEADBEEF
DEADBEEF
DEADBEEF
DEADBEEF
DEADBEEF
DEADBEEF
DEADBEEF
DEADBEEF
DEADBEEF
DEADBEEF
DEADBEEF
DEADBEEF
DEADBEEF
DEADBEEF
DEADBEEF
DEADBEEF
DEADBEEF
DEADBEEF
DEADBEEF
DEADBEEF
DEADBEEF
DEADBEEF
DEADBEEF
DEADBEEF
DEADBEEF
DEADBEEF
DEADBEEF
DEADBEEF
DEADBEEF
DEADBEEF
DEADBEEF
DEADBEEF
DEADBEEF
DEADBEEF
DEADBEEF
DEADBEEF
DEADBEEF
DEADBEEF
DEADBEEF
DEADBEEF
DEADBEEF
DEADBEEF
DEADBEEF
DEADBEEF
DEADBEEF
DEADBEEF
DEADBEEF
DEADBEEF
DEADBEEF
DEADBEEF
DEADBEEF
DEADBEEF
DEADBEEF
DEADBEEF
DEADBEEF
DEADBEEF
DEADBEEF
DEADBEEF
DEADBEEF
DEADBEEF
DEADBEEF
DEADBEEF
DEADBEEF
DEADBEEF
DEADBEEF
DEADBEEF
DEADBEEF
DEADBEEF
DEADBEEF
DEADBEEF
DEADBEEF
DEADBEEF
DEADBEEF
DEADBEEF
DEADBEEF
DEADBEEF
DEADBEEF
DEADBEEF
DEADBEEF
DEADBEEF
DEADBEEF
DEADBEEF
DEADBEEF
DEADBEEF
DEADBEEF
DEADBEEF
DEADBEEF
DEADBEEF
DEADBEEF
DEADBEEF
DEADBEEF
DEADBEEF
DEADBEEF
DEADBEEF
DEADBEEF
DEADBEEF
DEADBEEF
DEADBEEF
DEADBEEF
DEADBEEF
DEADBEEF
DEADBEEF
DEADBEEF
DEADBEEF
DEADBEEF
DEADBEEF
DEADBEEF
DEADBEEF
DEADBEEF
DEADBEEF
DEADBEEF
DEADBEEF
DEADBEEF
DEADBEEF
DEADBEEF
DEADBEEF
DEADBEEF
DEADBEEF
DEADBEEF
DEADBEEF
DEADBEEF
DEADBEEF
DEADBEEF
DEADBEEF
DEADBEEF
DEADBEEF
DEADBEEF
DEADBEEF
DEADBEEF
DEADBEEF
DEADBEEF
DEADBEEF
DEADBEEF
DEADBEEF
DEADBEEF
DEADBEEF
DEADBEEF
DEADBEEF
DEADBEEF
DEADBEEF
DEADBEEF
DEADBEEF
DEADBEEF
DEADBEEF
DEADBEEF
DEADBEEF
DEADBEEF
DEADBEEF
DEADBEEF
DEADBEEF
DEADBEEF
DEADBEEF
DEADBEEF
DEADBEEF
DEADBEEF
DEADBEEF
DEADBEEF
DEADBEEF
DEADBEEF
DEADBEEF
DEADBEEF
DEADBEEF
DEADBEEF
DEADBEEF
DEADBEEF
DEADBEEF
DEADBEEF
DEADBEEF
DEADBEEF
DEADBEEF
DEADBEEF
DEADBEEF
DEADBEEF
DEADBEEF
DEADBEEF
DEADBEEF
DEADBEEF
DEADBEEF
DEADBEEF
DEADBEEF
DEADBEEF
DEADBEEF
DEADBEEF
DEADBEEF
DEADBEEF
DEADBEEF
DEADBEEF
DEADBEEF
DEADBEEF
DEADBEEF
DEADBEEF
DEADBEEF
DEADBEEF
DEADBEEF
DEADBEEF
DEADBEEF
DEADBEEF
DEADBEEF
DEADBEEF
DEADBEEF
DEADBEEF
DEADBEEF
DEADBEEF
DEADBEEF
DEADBEEF
DEADBEEF
DEADBEEF
DEADBEEF
DEADBEEF
DEADBEEF
DEADBEEF
DEADBEEF
DEADBEEF
DEADBEEF
DEADBEEF
DEADBEEF
DEADBEEF
DEADBEEF
DEADBEEF
DEADBEEF
DEADBEEF
DEADBEEF
DEADBEEF
DEADBEEF
DEADBEEF
DEADBEEF
DEADBEEF
DEADBEEF
DEADBEEF
DEADBEEF
DEADBEEF
DEADBEEF
DEADBEEF
DEADBEEF
DEADBEEF
DEADBEEF
DEADBEEF
DEADBEEF
DEADBEEF
DEADBEEF
DEADBEEF
DEADBEEF
DEADBEEF
DEADBEEF
DEADBEEF
DEADBEEF
DEADBEEF
DEADBEEF
DEADBEEF
DEADBEEF
DEADBEEF
DEADBEEF
DEADBEEF
DEADBEEF
DEADBEEF
DEADBEEF
DEADBEEF
DEADBEEF
DEADBEEF
DEADBEEF
DEADBEEF
DEADBEEF
DEADBEEF
DEADBEEF
DEADBEEF
DEADBEEF
DEADBEEF
DEADBEEF
DEADBEEF
DEADBEEF
DEADBEEF
DEADBEEF
DEADBEEF
DEADBEEF
DEADBEEF
DEADBEEF
DEADBEEF
DEADBEEF
DEADBEEF
DEADBEEF
DEADBEEF
DEADBEEF
DEADBEEF
DEADBEEF
DEADBEEF
DEADBEEF
DEADBEEF
DEADBEEF
DEADBEEF
DEADBEEF
DEADBEEF
DEADBEEF
DEADBEEF
DEADBEEF
DEADBEEF
DEADBEEF
DEADBEEF
DEADBEEF
DEADBEEF
DEADBEEF
DEADBEEF
DEADBEEF
DEADBEEF
DEADBEEF
DEADBEEF
DEADBEEF
DEADBEEF
DEADBEEF
DEADBEEF
DEADBEEF
DEADBEEF
DEADBEEF
DEADBEEF
DEADBEEF
DEADBEEF
DEADBEEF
DEADBEEF
DEADBEEF
DEADBEEF
DEADBEEF
DEADBEEF
DEADBEEF
DEADBEEF
DEADBEEF
DEADBEEF
DEADBEEF
DEADBEEF
DEADBEEF
DEADBEEF
DEADBEEF
DEADBEEF
DEADBEEF
DEADBEEF
DEADBEEF
DEADBEEF
DEADBEEF
DEADBEEF
DEADBEEF
DEADBEEF
DEADBEEF
DEADBEEF
DEADBEEF
DEADBEEF
DEADBEEF
DEADBEEF
DEADBEEF
DEADBEEF
DEADBEEF
DEADBEEF
DEADBEEF
DEADBEEF
DEADBEEF
DEADBEEF
DEADBEEF
DEADBEEF
DEADBEEF
DEADBEEF
DEADBEEF
DEADBEEF
DEADBEEF
DEADBEEF
DEADBEEF
DEADBEEF
DEADBEEF
DEADBEEF
DEADBEEF
DEADBEEF
DEADBEEF
DEADBEEF
DEADBEEF
DEADBEEF
DEADBEEF
DEADBEEF
DEADBEEF
DEADBEEF
DEADBEEF
DEADBEEF
DEADBEEF
DEADBEEF
DEADBEEF
DEADBEEF
DEADBEEF
DEADBEEF
DEADBEEF
DEADBEEF
DEADBEEF
DEADBEEF
DEADBEEF
DEADBEEF
DEADBEEF
DEADBEEF
DEADBEEF
DEADBEEF
DEADBEEF
DEADBEEF
DEADBEEF
DEADBEEF
DEADBEEF
DEADBEEF
DEADBEEF
DEADBEEF
DEADBEEF
DEADBEEF
DEADBEEF
DEADBEEF
DEADBEEF
DEADBEEF
DEADBEEF
DEADBEEF
DEADBEEF
DEADBEEF
DEADBEEF
DEADBEEF
DEADBEEF
DEADBEEF
DEADBEEF
DEADBEEF
DEADBEEF
DEADBEEF
DEADBEEF
DEADBEEF
DEADBEEF
DEADBEEF
DEADBEEF
DEADBEEF
DEADBEEF
DEADBEEF
DEADBEEF
DEADBEEF
DEADBEEF
DEADBEEF
DEADBEEF
DEADBEEF
DEADBEEF
DEADBEEF
DEADBEEF
DEADBEEF
DEADBEEF
DEADBEEF
DEADBEEF
DEADBEEF
DEADBEEF
DEADBEEF
DEADBEEF
DEADBEEF
DEADBEEF
DEADBEEF
DEADBEEF
DEADBEEF
DEADBEEF
DEADBEEF
DEADBEEF
DEADBEEF
DEADBEEF
DEADBEEF
DEADBEEF
DEADBEEF
DEADBEEF
DEADBEEF
DEADBEEF
DEADBEEF
DEADBEEF
DEADBEEF
DEADBEEF
DEADBEEF
DEADBEEF
DEADBEEF
DEADBEEF
DEADBEEF
DEADBEEF
DEADBEEF
DEADBEEF
DEADBEEF
DEADBEEF
DEADBEEF
DEADBEEF
DEADBEEF
DEADBEEF
DEADBEEF
DEADBEEF
DEADBEEF
DEADBEEF
DEADBEEF
DEADBEEF
DEADBEEF
DEADBEEF
DEADBEEF
DEADBEEF
DEADBEEF
DEADBEEF
DEADBEEF
DEADBEEF
DEADBEEF
DEADBEEF
DEADBEEF
DEADBEEF
DEADBEEF
DEADBEEF
DEADBEEF
DEADBEEF
DEADBEEF
DEADBEEF
DEADBEEF
DEADBEEF
DEADBEEF
DEADBEEF
DEADBEEF
DEADBEEF
DEADBEEF
DEADBEEF
DEADBEEF
DEADBEEF
DEADBEEF
DEADBEEF
DEADBEEF
DEADBEEF
DEADBEEF
DEADBEEF
DEADBEEF
DEADBEEF
DEADBEEF
DEADBEEF
DEADBEEF
DEADBEEF
DEADBEEF
DEADBEEF
DEADBEEF
DEADBEEF
DEADBEEF
DEADBEEF
DEADBEEF
DEADBEEF
DEADBEEF
DEADBEEF
DEADBEEF
DEADBEEF
DEADBEEF
DEADBEEF
DEADBEEF
DEADBEEF
DEADBEEF
DEADBEEF
DEADBEEF
DEADBEEF
DEADBEEF
DEADBEEF
DEADBEEF
DEADBEEF
DEADBEEF
DEADBEEF
DEADBEEF
DEADBEEF
DEADBEEF
DEADBEEF
DEADBEEF
DEADBEEF
DEADBEEF
DEADBEEF
DEADBEEF
DEADBEEF
DEADBEEF
DEADBEEF
DEADBEEF
DEADBEEF
DEADBEEF
DEADBEEF
DEADBEEF
DEADBEEF
DEADBEEF
DEADBEEF
DEADBEEF
DEADBEEF
DEADBEEF
DEADBEEF
DEADBEEF
DEADBEEF
DEADBEEF
DEADBEEF
DEADBEEF
DEADBEEF
DEADBEEF
DEADBEEF
DEADBEEF
DEADBEEF
DEADBEEF
DEADBEEF
DEADBEEF
DEADBEEF
DEADBEEF
DEADBEEF
DEADBEEF
DEADBEEF
DEADBEEF
DEADBEEF
DEADBEEF
DEADBEEF
DEADBEEF
DEADBEEF
DEADBEEF
DEADBEEF
DEADBEEF
DEADBEEF
DEADBEEF
DEADBEEF
DEADBEEF
DEADBEEF
DEADBEEF
DEADBEEF
DEADBEEF
DEADBEEF
DEADBEEF
DEADBEEF
DEADBEEF
DEADBEEF
DEADBEEF
DEADBEEF
DEADBEEF
DEADBEEF
DEADBEEF
DEADBEEF
DEADBEEF
DEADBEEF
DEADBEEF
DEADBEEF
DEADBEEF
DEADBEEF
DEADBEEF
DEADBEEF
DEADBEEF
DEADBEEF
DEADBEEF
DEADBEEF
DEADBEEF
DEADBEEF
DEADBEEF
DEADBEEF
DEADBEEF
DEADBEEF
DEADBEEF
DEADBEEF
DEADBEEF
DEADBEEF
DEADBEEF
DEADBEEF
DEADBEEF
DEADBEEF
DEADBEEF
DEADBEEF
DEADBEEF
DEADBEEF
DEADBEEF
DEADBEEF
DEADBEEF
DEADBEEF
DEADBEEF
DEADBEEF
DEADBEEF
DEADBEEF
DEADBEEF
DEADBEEF
DEADBEEF
DEADBEEF
DEADBEEF
DEADBEEF
DEADBEEF
DEADBEEF
DEADBEEF
DEADBEEF
DEADBEEF
DEADBEEF
DEADBEEF
DEADBEEF
DEADBEEF
DEADBEEF
DEADBEEF
DEADBEEF
DEADBEEF
DEADBEEF
DEADBEEF
DEADBEEF
DEADBEEF
DEADBEEF
DEADBEEF
DEADBEEF
DEADBEEF
DEADBEEF
DEADBEEF
DEADBEEF
DEADBEEF
DEADBEEF
DEADBEEF
DEADBEEF
DEADBEEF
DEADBEEF
DEADBEEF
DEADBEEF
DEADBEEF
DEADBEEF
DEADBEEF
DEADBEEF
DEADBEEF
DEADBEEF
DEADBEEF
DEADBEEF
DEADBEEF
DEADBEEF
DEADBEEF
DEADBEEF
DEADBEEF
DEADBEEF
DEADBEEF
DEADBEEF
DEADBEEF
DEADBEEF
DEADBEEF
DEADBEEF
DEADBEEF
DEADBEEF
DEADBEEF
DEADBEEF
DEADBEEF
DEADBEEF
DEADBEEF
DEADBEEF
DEADBEEF
DEADBEEF
DEADBEEF
DEADBEEF
DEADBEEF
DEADBEEF
DEADBEEF
DEADBEEF
DEADBEEF
DEADBEEF
DEADBEEF
DEADBEEF
DEADBEEF
DEADBEEF
DEADBEEF
DEADBEEF
DEADBEEF
DEADBEEF
DEADBEEF
DEADBEEF
DEADBEEF
DEADBEEF
DEADBEEF
DEADBEEF
DEADBEEF
DEADBEEF
DEADBEEF
DEADBEEF
DEADBEEF
DEADBEEF
DEADBEEF
DEADBEEF
DEADBEEF
DEADBEEF
DEADBEEF
DEADBEEF
DEADBEEF
DEADBEEF
DEADBEEF
DEADBEEF
DEADBEEF
DEADBEEF
DEADBEEF
DEADBEEF
DEADBEEF
DEADBEEF
DEADBEEF
DEADBEEF
DEADBEEF
DEADBEEF
DEADBEEF
DEADBEEF
DEADBEEF
DEADBEEF
DEADBEEF
DEADBEEF
DEADBEEF
DEADBEEF
DEADBEEF
DEADBEEF
DEADBEEF
DEADBEEF
DEADBEEF
DEADBEEF
DEADBEEF
DEADBEEF
DEADBEEF
DEADBEEF
DEADBEEF
DEADBEEF
DEADBEEF
DEADBEEF
DEADBEEF
DEADBEEF
DEADBEEF
DEADBEEF
DEADBEEF
DEADBEEF
DEADBEEF
DEADBEEF
DEADBEEF
DEADBEEF
DEADBEEF
DEADBEEF
DEADBEEF
DEADBEEF
DEADBEEF
DEADBEEF
DEADBEEF
DEADBEEF
DEADBEEF
DEADBEEF
DEADBEEF
DEADBEEF
DEADBEEF
DEADBEEF
DEADBEEF
DEADBEEF
DEADBEEF
DEADBEEF
DEADBEEF
DEADBEEF
DEADBEEF
DEADBEEF
DEADBEEF
DEADBEEF
DEADBEEF
DEADBEEF
DEADBEEF
DEADBEEF
DEADBEEF
DEADBEEF
DEADBEEF
DEADBEEF
DEADBEEF
DEADBEEF
DEADBEEF
DEADBEEF
DEADBEEF
DEADBEEF
DEADBEEF
DEADBEEF
DEADBEEF
DEADBEEF
DEADBEEF
DEADBEEF
DEADBEEF
DEADBEEF
DEADBEEF
DEADBEEF
DEADBEEF
DEADBEEF
DEADBEEF
DEADBEEF
DEADBEEF
DEADBEEF
DEADBEEF
DEADBEEF
DEADBEEF
DEADBEEF
DEADBEEF
DEADBEEF
DEADBEEF
DEADBEEF
DEADBEEF
DEADBEEF
DEADBEEF
DEADBEEF
DEADBEEF
DEADBEEF
DEADBEEF
DEADBEEF
DEADBEEF
DEADBEEF
DEADBEEF
DEADBEEF
DEADBEEF
DEADBEEF
DEADBEEF
DEADBEEF
DEADBEEF
DEADBEEF
DEADBEEF
DEADBEEF
DEADBEEF
DEADBEEF
DEADBEEF
DEADBEEF
DEADBEEF
DEADBEEF
DEADBEEF
DEADBEEF
DEADBEEF
DEADBEEF
DEADBEEF
DEADBEEF
DEADBEEF
DEADBEEF
DEADBEEF
DEADBEEF
DEADBEEF
DEADBEEF
DEADBEEF
DEADBEEF
DEADBEEF
DEADBEEF
DEADBEEF
DEADBEEF
DEADBEEF
DEADBEEF
DEADBEEF
DEADBEEF
DEADBEEF
DEADBEEF
DEADBEEF
DEADBEEF
DEADBEEF
DEADBEEF
DEADBEEF
DEADBEEF
DEADBEEF
DEADBEEF
DEADBEEF
DEADBEEF
DEADBEEF
DEADBEEF
DEADBEEF
DEADBEEF
DEADBEEF
DEADBEEF
DEADBEEF
DEADBEEF
DEADBEEF
DEADBEEF
DEADBEEF
DEADBEEF
DEADBEEF
DEADBEEF
DEADBEEF
DEADBEEF
DEADBEEF
DEADBEEF
DEADBEEF
DEADBEEF
DEADBEEF
DEADBEEF
DEADBEEF
DEADBEEF
DEADBEEF
DEADBEEF
DEADBEEF
DEADBEEF
DEADBEEF
DEADBEEF
DEADBEEF
DEADBEEF
DEADBEEF
DEADBEEF
DEADBEEF
DEADBEEF
DEADBEEF
DEADBEEF
DEADBEEF
DEADBEEF
DEADBEEF
DEADBEEF
DEADBEEF
DEADBEEF
DEADBEEF
DEADBEEF
DEADBEEF
DEADBEEF
DEADBEEF
DEADBEEF
DEADBEEF
DEADBEEF
DEADBEEF
DEADBEEF
DEADBEEF
DEADBEEF
DEADBEEF
DEADBEEF
DEADBEEF
DEADBEEF
DEADBEEF
DEADBEEF
DEADBEEF
DEADBEEF
DEADBEEF
DEADBEEF
DEADBEEF
DEADBEEF
DEADBEEF
DEADBEEF
DEADBEEF
DEADBEEF
DEADBEEF
DEADBEEF
DEADBEEF
DEADBEEF
DEADBEEF
DEADBEEF
DEADBEEF
DEADBEEF
DEADBEEF
DEADBEEF
DEADBEEF
DEADBEEF
DEADBEEF
DEADBEEF
DEADBEEF
DEADBEEF
DEADBEEF
DEADBEEF
DEADBEEF
DEADBEEF
DEADBEEF
DEADBEEF
DEADBEEF
DEADBEEF
DEADBEEF
DEADBEEF
DEADBEEF
DEADBEEF
DEADBEEF
DEADBEEF
DEADBEEF
DEADBEEF
DEADBEEF
DEADBEEF
DEADBEEF
DEADBEEF
DEADBEEF
DEADBEEF
DEADBEEF
DEADBEEF
DEADBEEF
DEADBEEF
DEADBEEF
DEADBEEF
DEADBEEF
DEADBEEF
DEADBEEF
DEADBEEF
DEADBEEF
DEADBEEF
DEADBEEF
DEADBEEF
DEADBEEF
DEADBEEF
DEADBEEF
DEADBEEF
DEADBEEF
DEADBEEF
DEADBEEF
DEADBEEF
DEADBEEF
DEADBEEF
DEADBEEF
DEADBEEF
DEADBEEF
DEADBEEF
DEADBEEF
DEADBEEF
DEADBEEF
DEADBEEF
DEADBEEF
DEADBEEF
DEADBEEF
DEADBEEF
DEADBEEF
DEADBEEF
DEADBEEF
DEADBEEF
DEADBEEF
DEADBEEF
DEADBEEF
DEADBEEF
DEADBEEF
DEADBEEF
DEADBEEF
DEADBEEF
DEADBEEF
DEADBEEF
DEADBEEF
DEADBEEF
DEADBEEF
DEADBEEF
DEADBEEF
DEADBEEF
DEADBEEF
DEADBEEF
DEADBEEF
DEADBEEF
DEADBEEF
DEADBEEF
DEADBEEF
DEADBEEF
DEADBEEF
DEADBEEF
DEADBEEF
DEADBEEF
DEADBEEF
DEADBEEF
DEADBEEF
DEADBEEF
DEADBEEF
DEADBEEF
DEADBEEF
DEADBEEF
DEADBEEF
DEADBEEF
DEADBEEF
DEADBEEF
DEADBEEF
DEADBEEF
DEADBEEF
DEADBEEF
DEADBEEF
DEADBEEF
DEADBEEF
DEADBEEF
DEADBEEF
DEADBEEF
DEADBEEF
DEADBEEF
DEADBEEF
DEADBEEF
DEADBEEF
DEADBEEF
DEADBEEF
DEADBEEF
DEADBEEF
DEADBEEF
DEADBEEF
DEADBEEF
DEADBEEF
DEADBEEF
DEADBEEF
DEADBEEF
DEADBEEF
DEADBEEF
DEADBEEF
DEADBEEF
DEADBEEF
DEADBEEF
DEADBEEF
DEADBEEF
DEADBEEF
DEADBEEF
DEADBEEF
DEADBEEF
DEADBEEF
DEADBEEF
DEADBEEF
DEADBEEF
DEADBEEF
DEADBEEF
DEADBEEF
DEADBEEF
DEADBEEF
DEADBEEF
DEADBEEF
DEADBEEF
DEADBEEF
DEADBEEF
DEADBEEF
DEADBEEF
DEADBEEF
DEADBEEF
DEADBEEF
DEADBEEF
DEADBEEF
DEADBEEF
DEADBEEF
DEADBEEF
DEADBEEF
DEADBEEF
DEADBEEF
DEADBEEF
DEADBEEF
DEADBEEF
DEADBEEF
DEADBEEF
DEADBEEF
DEADBEEF
DEADBEEF
DEADBEEF
DEADBEEF
DEADBEEF
DEADBEEF
DEADBEEF
DEADBEEF
DEADBEEF
DEADBEEF
DEADBEEF
DEADBEEF
DEADBEEF
DEADBEEF
DEADBEEF
DEADBEEF
DEADBEEF
DEADBEEF
DEADBEEF
DEADBEEF
DEADBEEF
DEADBEEF
DEADBEEF
DEADBEEF
DEADBEEF
DEADBEEF
DEADBEEF
DEADBEEF
DEADBEEF
DEADBEEF
DEADBEEF
DEADBEEF
DEADBEEF
DEADBEEF
DEADBEEF
DEADBEEF
DEADBEEF
DEADBEEF
DEADBEEF
DEADBEEF
DEADBEEF
DEADBEEF
DEADBEEF
DEADBEEF
DEADBEEF
DEADBEEF
DEADBEEF
DEADBEEF
DEADBEEF
DEADBEEF
DEADBEEF
DEADBEEF
DEADBEEF
DEADBEEF
DEADBEEF
DEADBEEF
DEADBEEF
DEADBEEF
DEADBEEF
DEADBEEF
DEADBEEF
DEADBEEF
DEADBEEF
DEADBEEF
DEADBEEF
DEADBEEF
DEADBEEF
DEADBEEF
DEADBEEF
DEADBEEF
DEADBEEF
DEADBEEF
DEADBEEF
DEADBEEF
DEADBEEF
DEADBEEF
DEADBEEF
DEADBEEF
DEADBEEF
DEADBEEF
DEADBEEF
DEADBEEF
DEADBEEF
DEADBEEF
DEADBEEF
DEADBEEF
DEADBEEF
DEADBEEF
DEADBEEF
DEADBEEF
DEADBEEF
DEADBEEF
DEADBEEF
DEADBEEF
DEADBEEF
DEADBEEF
DEADBEEF
DEADBEEF
DEADBEEF
DEADBEEF
DEADBEEF
DEADBEEF
DEADBEEF
DEADBEEF
DEADBEEF
DEADBEEF
DEADBEEF
DEADBEEF
DEADBEEF
DEADBEEF
DEADBEEF
DEADBEEF
DEADBEEF
DEADBEEF
DEADBEEF
DEADBEEF
DEADBEEF
DEADBEEF
DEADBEEF
DEADBEEF
DEADBEEF
DEADBEEF
DEADBEEF
DEADBEEF
DEADBEEF
DEADBEEF
DEADBEEF
DEADBEEF
DEADBEEF
DEADBEEF
DEADBEEF
DEADBEEF
DEADBEEF
DEADBEEF
DEADBEEF
DEADBEEF
DEADBEEF
DEADBEEF
DEADBEEF
DEADBEEF
DEADBEEF
DEADBEEF
DEADBEEF
DEADBEEF
DEADBEEF
DEADBEEF
DEADBEEF
DEADBEEF
DEADBEEF
DEADBEEF
DEADBEEF
DEADBEEF
DEADBEEF
DEADBEEF
DEADBEEF
DEADBEEF
DEADBEEF
DEADBEEF
DEADBEEF
DEADBEEF
DEADBEEF
DEADBEEF
DEADBEEF
DEADBEEF
DEADBEEF
DEADBEEF
DEADBEEF
DEADBEEF
DEADBEEF
DEADBEEF
DEADBEEF
DEADBEEF
DEADBEEF
DEADBEEF
DEADBEEF
DEADBEEF
DEADBEEF
DEADBEEF
DEADBEEF
DEADBEEF
DEADBEEF
DEADBEEF
DEADBEEF
DEADBEEF
DEADBEEF
DEADBEEF
DEADBEEF
DEADBEEF
DEADBEEF
DEADBEEF
DEADBEEF
DEADBEEF
DEADBEEF
DEADBEEF
DEADBEEF
DEADBEEF
DEADBEEF
DEADBEEF
DEADBEEF
DEADBEEF
DEADBEEF
DEADBEEF
DEADBEEF
DEADBEEF
DEADBEEF
DEADBEEF
DEADBEEF
DEADBEEF
DEADBEEF
DEADBEEF
DEADBEEF
DEADBEEF
DEADBEEF
DEADBEEF
DEADBEEF
DEADBEEF
DEADBEEF
DEADBEEF
DEADBEEF
DEADBEEF
DEADBEEF
DEADBEEF
DEADBEEF
DEADBEEF
DEADBEEF
DEADBEEF
DEADBEEF
DEADBEEF
DEADBEEF
DEADBEEF
DEADBEEF
DEADBEEF
DEADBEEF
DEADBEEF
DEADBEEF
DEADBEEF
DEADBEEF
DEADBEEF
DEADBEEF
DEADBEEF
DEADBEEF
DEADBEEF
DEADBEEF
DEADBEEF
DEADBEEF
DEADBEEF
DEADBEEF
DEADBEEF
DEADBEEF
DEADBEEF
DEADBEEF
DEADBEEF
DEADBEEF
DEADBEEF
DEADBEEF
DEADBEEF
DEADBEEF
DEADBEEF
DEADBEEF
DEADBEEF
DEADBEEF
DEADBEEF
DEADBEEF
DEADBEEF
DEADBEEF
DEADBEEF
DEADBEEF
DEADBEEF
DEADBEEF
DEADBEEF
DEADBEEF
DEADBEEF
DEADBEEF
DEADBEEF
DEADBEEF
DEADBEEF
DEADBEEF
DEADBEEF
DEADBEEF
DEADBEEF
DEADBEEF
DEADBEEF
DEADBEEF
DEADBEEF
DEADBEEF
DEADBEEF
DEADBEEF
DEADBEEF
DEADBEEF
DEADBEEF
DEADBEEF
DEADBEEF
DEADBEEF
DEADBEEF
DEADBEEF
DEADBEEF
DEADBEEF
DEADBEEF
DEADBEEF
DEADBEEF
DEADBEEF
DEADBEEF
DEADBEEF
DEADBEEF
DEADBEEF
DEADBEEF
DEADBEEF
DEADBEEF
DEADBEEF
DEADBEEF
DEADBEEF
DEADBEEF
DEADBEEF
DEADBEEF
DEADBEEF
DEADBEEF
DEADBEEF
DEADBEEF
DEADBEEF
DEADBEEF
DEADBEEF
DEADBEEF
DEADBEEF
DEADBEEF
DEADBEEF
DEADBEEF
DEADBEEF
DEADBEEF
DEADBEEF
DEADBEEF
DEADBEEF
DEADBEEF
DEADBEEF
DEADBEEF
DEADBEEF
DEADBEEF
DEADBEEF
DEADBEEF
DEADBEEF
DEADBEEF
DEADBEEF
DEADBEEF
DEADBEEF
DEADBEEF
DEADBEEF
DEADBEEF
DEADBEEF
DEADBEEF
DEADBEEF
DEADBEEF
DEADBEEF
DEADBEEF
DEADBEEF
DEADBEEF
DEADBEEF
DEADBEEF
DEADBEEF
DEADBEEF
DEADBEEF
DEADBEEF
DEADBEEF
DEADBEEF
DEADBEEF
DEADBEEF
DEADBEEF
DEADBEEF
DEADBEEF
DEADBEEF
DEADBEEF
DEADBEEF
DEADBEEF
DEADBEEF
DEADBEEF
DEADBEEF
DEADBEEF
DEADBEEF
DEADBEEF
DEADBEEF
DEADBEEF
DEADBEEF
DEADBEEF
DEADBEEF
DEADBEEF
DEADBEEF
DEADBEEF
DEADBEEF
DEADBEEF
DEADBEEF
DEADBEEF
DEADBEEF
DEADBEEF
DEADBEEF
DEADBEEF
DEADBEEF
DEADBEEF
DEADBEEF
DEADBEEF
DEADBEEF
DEADBEEF
DEADBEEF
DEADBEEF
DEADBEEF
DEADBEEF
DEADBEEF
DEADBEEF
DEADBEEF
DEADBEEF
DEADBEEF
DEADBEEF
DEADBEEF
DEADBEEF
DEADBEEF
DEADBEEF
DEADBEEF
DEADBEEF
DEADBEEF
DEADBEEF
DEADBEEF
DEADBEEF
DEADBEEF
DEADBEEF
DEADBEEF
DEADBEEF
DEADBEEF
DEADBEEF
DEADBEEF
DEADBEEF
DEADBEEF
DEADBEEF
DEADBEEF
DEADBEEF
DEADBEEF
DEADBEEF
DEADBEEF
DEADBEEF
DEADBEEF
DEADBEEF
DEADBEEF
DEADBEEF
DEADBEEF
DEADBEEF
DEADBEEF
DEADBEEF
DEADBEEF
DEADBEEF
DEADBEEF
DEADBEEF
DEADBEEF
DEADBEEF
DEADBEEF
DEADBEEF
DEADBEEF
DEADBEEF
DEADBEEF
DEADBEEF
DEADBEEF
DEADBEEF
DEADBEEF
DEADBEEF
DEADBEEF
DEADBEEF
DEADBEEF
DEADBEEF
DEADBEEF
DEADBEEF
DEADBEEF
DEADBEEF
DEADBEEF
DEADBEEF
DEADBEEF
DEADBEEF
DEADBEEF
DEADBEEF
DEADBEEF
DEADBEEF
DEADBEEF
DEADBEEF
DEADBEEF
DEADBEEF
DEADBEEF
DEADBEEF
DEADBEEF
DEADBEEF
DEADBEEF
DEADBEEF
DEADBEEF
DEADBEEF
DEADBEEF
DEADBEEF
DEADBEEF
DEADBEEF
DEADBEEF
DEADBEEF
DEADBEEF
DEADBEEF
DEADBEEF
DEADBEEF
DEADBEEF
DEADBEEF
DEADBEEF
DEADBEEF
DEADBEEF
DEADBEEF
DEADBEEF
DEADBEEF
DEADBEEF
DEADBEEF
DEADBEEF
DEADBEEF
DEADBEEF
DEADBEEF
DEADBEEF
DEADBEEF
DEADBEEF
DEADBEEF
DEADBEEF
DEADBEEF
DEADBEEF
DEADBEEF
DEADBEEF
DEADBEEF
DEADBEEF
DEADBEEF
DEADBEEF
DEADBEEF
DEADBEEF
DEADBEEF
DEADBEEF
DEADBEEF
DEADBEEF
DEADBEEF
DEADBEEF
DEADBEEF
DEADBEEF
DEADBEEF
DEADBEEF
DEADBEEF
DEADBEEF
DEADBEEF
DEADBEEF
DEADBEEF
DEADBEEF
DEADBEEF
DEADBEEF
DEADBEEF
DEADBEEF
DEADBEEF
DEADBEEF
DEADBEEF
DEADBEEF
DEADBEEF
DEADBEEF
DEADBEEF
DEADBEEF
DEADBEEF
DEADBEEF
DEADBEEF
DEADBEEF
DEADBEEF
DEADBEEF
DEADBEEF
DEADBEEF
DEADBEEF
DEADBEEF
DEADBEEF
DEADBEEF
DEADBEEF
DEADBEEF
DEADBEEF
DEADBEEF
DEADBEEF
DEADBEEF
DEADBEEF
DEADBEEF
DEADBEEF
DEADBEEF
DEADBEEF
DEADBEEF
DEADBEEF
DEADBEEF
DEADBEEF
DEADBEEF
DEADBEEF
DEADBEEF
DEADBEEF
DEADBEEF
DEADBEEF
DEADBEEF
DEADBEEF
DEADBEEF
DEADBEEF
DEADBEEF
DEADBEEF
DEADBEEF
DEADBEEF
DEADBEEF
DEADBEEF
DEADBEEF
DEADBEEF
DEADBEEF
DEADBEEF
DEADBEEF
DEADBEEF
DEADBEEF
DEADBEEF
DEADBEEF
DEADBEEF
DEADBEEF
DEADBEEF
DEADBEEF
DEADBEEF
DEADBEEF
DEADBEEF
DEADBEEF
DEADBEEF
DEADBEEF
DEADBEEF
DEADBEEF
DEADBEEF
DEADBEEF
DEADBEEF
DEADBEEF
DEADBEEF
DEADBEEF
DEADBEEF
DEADBEEF
DEADBEEF
DEADBEEF
DEADBEEF
DEADBEEF
DEADBEEF
DEADBEEF
DEADBEEF
DEADBEEF
DEADBEEF
DEADBEEF
DEADBEEF
DEADBEEF
DEADBEEF
DEADBEEF
DEADBEEF
DEADBEEF
DEADBEEF
DEADBEEF
DEADBEEF
DEADBEEF
DEADBEEF
DEADBEEF
DEADBEEF
DEADBEEF
DEADBEEF
DEADBEEF
DEADBEEF
DEADBEEF
DEADBEEF
DEADBEEF
DEADBEEF
DEADBEEF
DEADBEEF
DEADBEEF
DEADBEEF
DEADBEEF
DEADBEEF
DEADBEEF
DEADBEEF
DEADBEEF
DEADBEEF
DEADBEEF
DEADBEEF
DEADBEEF
DEADBEEF
DEADBEEF
DEADBEEF
DEADBEEF
DEADBEEF
DEADBEEF
DEADBEEF
DEADBEEF
DEADBEEF
DEADBEEF
DEADBEEF
DEADBEEF
DEADBEEF
DEADBEEF
DEADBEEF
DEADBEEF
DEADBEEF
DEADBEEF
DEADBEEF
DEADBEEF
DEADBEEF
DEADBEEF
DEADBEEF
DEADBEEF
DEADBEEF
DEADBEEF
DEADBEEF
DEADBEEF
DEADBEEF
DEADBEEF
DEADBEEF
DEADBEEF
DEADBEEF
DEADBEEF
DEADBEEF
DEADBEEF
DEADBEEF
DEADBEEF
DEADBEEF
DEADBEEF
DEADBEEF
DEADBEEF
DEADBEEF
DEADBEEF
DEADBEEF
DEADBEEF
DEADBEEF
DEADBEEF
DEADBEEF
DEADBEEF
DEADBEEF
DEADBEEF
DEADBEEF
DEADBEEF
DEADBEEF
DEADBEEF
DEADBEEF
DEADBEEF
DEADBEEF
DEADBEEF
DEADBEEF
DEADBEEF
DEADBEEF
DEADBEEF
DEADBEEF
DEADBEEF
DEADBEEF
DEADBEEF
DEADBEEF
DEADBEEF
DEADBEEF
DEADBEEF
DEADBEEF
DEADBEEF
DEADBEEF
DEADBEEF
DEADBEEF
DEADBEEF
DEADBEEF
DEADBEEF
DEADBEEF
DEADBEEF
DEADBEEF
DEADBEEF
DEADBEEF
DEADBEEF
DEADBEEF
DEADBEEF
DEADBEEF
DEADBEEF
DEADBEEF
DEADBEEF
DEADBEEF
DEADBEEF
DEADBEEF
DEADBEEF
DEADBEEF
DEADBEEF
DEADBEEF
DEADBEEF
DEADBEEF
DEADBEEF
DEADBEEF
DEADBEEF
DEADBEEF
DEADBEEF
DEADBEEF
DEADBEEF
DEADBEEF
DEADBEEF
DEADBEEF
DEADBEEF
DEADBEEF
DEADBEEF
DEADBEEF
DEADBEEF
DEADBEEF
DEADBEEF
DEADBEEF
DEADBEEF
DEADBEEF
DEADBEEF
DEADBEEF
DEADBEEF
DEADBEEF
DEADBEEF
DEADBEEF
DEADBEEF
DEADBEEF
DEADBEEF
DEADBEEF
DEADBEEF
DEADBEEF
DEADBEEF
DEADBEEF
DEADBEEF
DEADBEEF
DEADBEEF
DEADBEEF
DEADBEEF
DEADBEEF
DEADBEEF
DEADBEEF
DEADBEEF
DEADBEEF
DEADBEEF
DEADBEEF
DEADBEEF
DEADBEEF
DEADBEEF
DEADBEEF
DEADBEEF
DEADBEEF
DEADBEEF
DEADBEEF
DEADBEEF
DEADBEEF
DEADBEEF
DEADBEEF
DEADBEEF
DEADBEEF
DEADBEEF
DEADBEEF
DEADBEEF
DEADBEEF
DEADBEEF
DEADBEEF
DEADBEEF
DEADBEEF
DEADBEEF
DEADBEEF
DEADBEEF
DEADBEEF
DEADBEEF
DEADBEEF
DEADBEEF
DEADBEEF
DEADBEEF
DEADBEEF
DEADBEEF
DEADBEEF
DEADBEEF
DEADBEEF
DEADBEEF
DEADBEEF
DEADBEEF
DEADBEEF
DEADBEEF
DEADBEEF
DEADBEEF
DEADBEEF
DEADBEEF
DEADBEEF
DEADBEEF
DEADBEEF
DEADBEEF
DEADBEEF
DEADBEEF
DEADBEEF
DEADBEEF
DEADBEEF
DEADBEEF
DEADBEEF
DEADBEEF
DEADBEEF
DEADBEEF
DEADBEEF
DEADBEEF
DEADBEEF
DEADBEEF
DEADBEEF
DEADBEEF
DEADBEEF
DEADBEEF
DEADBEEF
DEADBEEF
DEADBEEF
DEADBEEF
DEADBEEF
DEADBEEF
DEADBEEF
DEADBEEF
DEADBEEF
DEADBEEF
DEADBEEF
DEADBEEF
DEADBEEF
DEADBEEF
DEADBEEF
DEADBEEF
DEADBEEF
DEADBEEF
DEADBEEF
DEADBEEF
DEADBEEF
DEADBEEF
DEADBEEF
DEADBEEF
DEADBEEF
DEADBEEF
DEADBEEF
DEADBEEF
DEADBEEF
DEADBEEF
DEADBEEF
DEADBEEF
DEADBEEF
DEADBEEF
DEADBEEF
DEADBEEF
DEADBEEF
DEADBEEF
DEADBEEF
DEADBEEF
DEADBEEF
DEADBEEF
DEADBEEF
DEADBEEF
DEADBEEF
DEADBEEF
DEADBEEF
DEADBEEF
DEADBEEF
DEADBEEF
DEADBEEF
DEADBEEF
DEADBEEF
DEADBEEF
DEADBEEF
DEADBEEF
DEADBEEF
DEADBEEF
DEADBEEF
DEADBEEF
DEADBEEF
DEADBEEF
DEADBEEF
DEADBEEF
DEADBEEF
DEADBEEF
DEADBEEF
DEADBEEF
DEADBEEF
DEADBEEF
DEADBEEF
DEADBEEF
DEADBEEF
DEADBEEF
DEADBEEF
DEADBEEF
DEADBEEF
DEADBEEF
DEADBEEF
DEADBEEF
DEADBEEF
DEADBEEF
DEADBEEF
DEADBEEF
DEADBEEF
DEADBEEF
DEADBEEF
DEADBEEF
DEADBEEF
DEADBEEF
DEADBEEF
DEADBEEF
DEADBEEF
DEADBEEF
DEADBEEF
DEADBEEF
DEADBEEF
DEADBEEF
DEADBEEF
DEADBEEF
DEADBEEF
DEADBEEF
DEADBEEF
DEADBEEF
DEADBEEF
DEADBEEF
DEADBEEF
DEADBEEF
DEADBEEF
DEADBEEF
DEADBEEF
DEADBEEF
DEADBEEF
DEADBEEF
DEADBEEF
DEADBEEF
DEADBEEF
DEADBEEF
DEADBEEF
DEADBEEF
DEADBEEF
DEADBEEF
DEADBEEF
DEADBEEF
DEADBEEF
DEADBEEF
DEADBEEF
DEADBEEF
DEADBEEF
DEADBEEF
DEADBEEF
DEADBEEF
DEADBEEF
DEADBEEF
DEADBEEF
DEADBEEF
DEADBEEF
DEADBEEF
DEADBEEF
DEADBEEF
DEADBEEF
DEADBEEF
DEADBEEF
DEADBEEF
DEADBEEF
DEADBEEF
DEADBEEF
DEADBEEF
DEADBEEF
DEADBEEF
DEADBEEF
DEADBEEF
DEADBEEF
DEADBEEF
DEADBEEF
DEADBEEF
DEADBEEF
DEADBEEF
DEADBEEF
DEADBEEF
DEADBEEF
DEADBEEF
DEADBEEF
DEADBEEF
DEADBEEF
DEADBEEF
DEADBEEF
DEADBEEF
DEADBEEF
DEADBEEF
DEADBEEF
DEADBEEF
DEADBEEF
DEADBEEF
DEADBEEF
DEADBEEF
DEADBEEF
DEADBEEF
DEADBEEF
DEADBEEF
DEADBEEF
DEADBEEF
DEADBEEF
DEADBEEF
DEADBEEF
DEADBEEF
DEADBEEF
DEADBEEF
DEADBEEF
DEADBEEF
DEADBEEF
DEADBEEF
DEADBEEF
DEADBEEF
DEADBEEF
DEADBEEF
DEADBEEF
DEADBEEF
DEADBEEF
DEADBEEF
DEADBEEF
DEADBEEF
DEADBEEF
DEADBEEF
DEADBEEF
DEADBEEF
DEADBEEF
DEADBEEF
DEADBEEF
DEADBEEF
DEADBEEF
DEADBEEF
DEADBEEF
DEADBEEF
DEADBEEF
DEADBEEF
DEADBEEF
DEADBEEF
DEADBEEF
DEADBEEF
DEADBEEF
DEADBEEF
DEADBEEF
DEADBEEF
DEADBEEF
DEADBEEF
DEADBEEF
DEADBEEF
DEADBEEF
DEADBEEF
DEADBEEF
DEADBEEF
DEADBEEF
DEADBEEF
DEADBEEF
DEADBEEF
DEADBEEF
DEADBEEF
DEADBEEF
DEADBEEF
DEADBEEF
DEADBEEF
DEADBEEF
DEADBEEF
DEADBEEF
DEADBEEF
DEADBEEF
DEADBEEF
DEADBEEF
DEADBEEF
DEADBEEF
DEADBEEF
DEADBEEF
DEADBEEF
DEADBEEF
DEADBEEF
DEADBEEF
DEADBEEF
DEADBEEF
DEADBEEF
DEADBEEF
DEADBEEF
DEADBEEF
DEADBEEF
DEADBEEF
DEADBEEF
DEADBEEF
DEADBEEF
DEADBEEF
DEADBEEF
DEADBEEF
DEADBEEF
DEADBEEF
DEADBEEF
DEADBEEF
DEADBEEF
DEADBEEF
DEADBEEF
DEADBEEF
DEADBEEF
DEADBEEF
DEADBEEF
DEADBEEF
DEADBEEF
DEADBEEF
DEADBEEF
DEADBEEF
DEADBEEF
DEADBEEF
DEADBEEF
DEADBEEF
DEADBEEF
DEADBEEF
DEADBEEF
DEADBEEF
DEADBEEF
DEADBEEF
DEADBEEF
DEADBEEF
DEADBEEF
DEADBEEF
DEADBEEF
DEADBEEF
DEADBEEF
DEADBEEF
DEADBEEF
DEADBEEF
DEADBEEF
DEADBEEF
DEADBEEF
DEADBEEF
DEADBEEF
DEADBEEF
DEADBEEF
DEADBEEF
DEADBEEF
DEADBEEF
DEADBEEF
DEADBEEF
DEADBEEF
DEADBEEF
DEADBEEF
DEADBEEF
DEADBEEF
DEADBEEF
DEADBEEF
DEADBEEF
DEADBEEF
DEADBEEF
DEADBEEF
DEADBEEF
DEADBEEF
DEADBEEF
DEADBEEF
DEADBEEF
DEADBEEF
DEADBEEF
DEADBEEF
DEADBEEF
DEADBEEF
DEADBEEF
DEADBEEF
DEADBEEF
DEADBEEF
DEADBEEF
DEADBEEF
DEADBEEF
DEADBEEF
DEADBEEF
DEADBEEF
DEADBEEF
DEADBEEF
DEADBEEF
DEADBEEF
DEADBEEF
DEADBEEF
DEADBEEF
DEADBEEF
DEADBEEF
DEADBEEF
DEADBEEF
DEADBEEF
DEADBEEF
DEADBEEF
DEADBEEF
DEADBEEF
DEADBEEF
DEADBEEF
DEADBEEF
DEADBEEF
DEADBEEF
DEADBEEF
DEADBEEF
DEADBEEF
DEADBEEF
DEADBEEF
DEADBEEF
DEADBEEF
DEADBEEF
DEADBEEF
DEADBEEF
DEADBEEF
DEADBEEF
DEADBEEF
DEADBEEF
DEADBEEF
DEADBEEF
DEADBEEF
DEADBEEF
DEADBEEF
DEADBEEF
DEADBEEF
DEADBEEF
DEADBEEF
DEADBEEF
DEADBEEF
DEADBEEF
DEADBEEF
DEADBEEF
DEADBEEF
DEADBEEF
DEADBEEF
DEADBEEF
DEADBEEF
DEADBEEF
DEADBEEF
DEADBEEF
DEADBEEF
DEADBEEF
DEADBEEF
DEADBEEF
DEADBEEF
DEADBEEF
DEADBEEF
DEADBEEF
DEADBEEF
DEADBEEF
DEADBEEF
DEADBEEF
DEADBEEF
DEADBEEF
DEADBEEF
DEADBEEF
DEADBEEF
DEADBEEF
DEADBEEF
DEADBEEF
DEADBEEF
DEADBEEF
DEADBEEF
DEADBEEF
DEADBEEF
DEADBEEF
DEADBEEF
DEADBEEF
DEADBEEF
DEADBEEF
DEADBEEF
DEADBEEF
DEADBEEF
DEADBEEF
DEADBEEF
DEADBEEF
DEADBEEF
DEADBEEF
DEADBEEF
DEADBEEF
DEADBEEF
DEADBEEF
DEADBEEF
DEADBEEF
DEADBEEF
DEADBEEF
DEADBEEF
DEADBEEF
DEADBEEF
DEADBEEF
DEADBEEF
DEADBEEF
DEADBEEF
DEADBEEF
DEADBEEF
DEADBEEF
DEADBEEF
DEADBEEF
DEADBEEF
DEADBEEF
DEADBEEF
DEADBEEF
DEADBEEF
DEADBEEF
DEADBEEF
DEADBEEF
DEADBEEF
DEADBEEF
DEADBEEF
DEADBEEF
DEADBEEF
DEADBEEF
DEADBEEF
DEADBEEF
DEADBEEF
DEADBEEF
DEADBEEF
DEADBEEF
DEADBEEF
DEADBEEF
DEADBEEF
DEADBEEF
DEADBEEF
DEADBEEF
DEADBEEF
DEADBEEF
DEADBEEF
DEADBEEF
DEADBEEF
DEADBEEF
DEADBEEF
DEADBEEF
DEADBEEF
DEADBEEF
DEADBEEF
DEADBEEF
DEADBEEF
DEADBEEF
DEADBEEF
DEADBEEF
DEADBEEF
DEADBEEF
DEADBEEF
DEADBEEF
DEADBEEF
DEADBEEF
DEADBEEF
DEADBEEF
DEADBEEF
DEADBEEF
DEADBEEF
DEADBEEF
DEADBEEF
DEADBEEF
DEADBEEF
DEADBEEF
DEADBEEF
DEADBEEF
DEADBEEF
DEADBEEF
DEADBEEF
DEADBEEF
DEADBEEF
DEADBEEF
DEADBEEF
DEADBEEF
DEADBEEF
DEADBEEF
DEADBEEF
DEADBEEF
DEADBEEF
DEADBEEF
DEADBEEF
DEADBEEF
DEADBEEF
DEADBEEF
DEADBEEF
DEADBEEF
DEADBEEF
DEADBEEF
DEADBEEF
DEADBEEF
DEADBEEF
DEADBEEF
DEADBEEF
DEADBEEF
DEADBEEF
DEADBEEF
DEADBEEF
DEADBEEF
DEADBEEF
DEADBEEF
DEADBEEF
DEADBEEF
DEADBEEF
DEADBEEF
DEADBEEF
DEADBEEF
DEADBEEF
DEADBEEF
DEADBEEF
DEADBEEF
DEADBEEF
DEADBEEF
DEADBEEF
DEADBEEF
DEADBEEF
DEADBEEF
DEADBEEF
DEADBEEF
DEADBEEF
DEADBEEF
DEADBEEF
DEADBEEF
DEADBEEF
DEADBEEF
DEADBEEF
DEADBEEF
DEADBEEF
DEADBEEF
DEADBEEF
DEADBEEF
DEADBEEF
DEADBEEF
DEADBEEF
DEADBEEF
DEADBEEF
DEADBEEF
DEADBEEF
DEADBEEF
DEADBEEF
DEADBEEF
DEADBEEF
DEADBEEF
DEADBEEF
DEADBEEF
DEADBEEF
DEADBEEF
DEADBEEF
DEADBEEF
DEADBEEF
DEADBEEF
DEADBEEF
DEADBEEF
DEADBEEF
DEADBEEF
DEADBEEF
DEADBEEF
DEADBEEF
DEADBEEF
DEADBEEF
DEADBEEF
DEADBEEF
DEADBEEF
DEADBEEF
DEADBEEF
DEADBEEF
DEADBEEF
DEADBEEF
DEADBEEF
DEADBEEF
DEADBEEF
DEADBEEF
DEADBEEF
DEADBEEF
DEADBEEF
DEADBEEF
DEADBEEF
DEADBEEF
DEADBEEF
DEADBEEF
DEADBEEF
DEADBEEF
DEADBEEF
DEADBEEF
DEADBEEF
DEADBEEF
DEADBEEF
DEADBEEF
DEADBEEF
DEADBEEF
DEADBEEF
DEADBEEF
DEADBEEF
DEADBEEF
DEADBEEF
DEADBEEF
DEADBEEF
DEADBEEF
DEADBEEF
DEADBEEF
DEADBEEF
DEADBEEF
DEADBEEF
DEADBEEF
DEADBEEF
DEADBEEF
DEADBEEF
DEADBEEF
DEADBEEF
DEADBEEF
DEADBEEF
DEADBEEF
DEADBEEF
DEADBEEF
DEADBEEF
DEADBEEF
DEADBEEF
DEADBEEF
DEADBEEF
DEADBEEF
DEADBEEF
DEADBEEF
DEADBEEF
DEADBEEF
DEADBEEF
DEADBEEF
DEADBEEF
DEADBEEF
DEADBEEF
DEADBEEF
DEADBEEF
DEADBEEF
DEADBEEF
DEADBEEF
DEADBEEF
DEADBEEF
DEADBEEF
DEADBEEF
DEADBEEF
DEADBEEF
DEADBEEF
DEADBEEF
DEADBEEF
DEADBEEF
DEADBEEF
DEADBEEF
DEADBEEF
DEADBEEF
DEADBEEF
DEADBEEF
DEADBEEF
DEADBEEF
DEADBEEF
DEADBEEF
DEADBEEF
DEADBEEF
DEADBEEF
DEADBEEF
DEADBEEF
DEADBEEF
DEADBEEF
DEADBEEF
DEADBEEF
DEADBEEF
DEADBEEF
DEADBEEF
DEADBEEF
DEADBEEF
DEADBEEF
DEADBEEF
DEADBEEF
DEADBEEF
DEADBEEF
DEADBEEF
DEADBEEF
DEADBEEF
DEADBEEF
DEADBEEF
DEADBEEF
DEADBEEF
DEADBEEF
DEADBEEF
DEADBEEF
DEADBEEF
DEADBEEF
DEADBEEF
DEADBEEF
DEADBEEF
DEADBEEF
DEADBEEF
DEADBEEF
DEADBEEF
DEADBEEF
DEADBEEF
DEADBEEF
DEADBEEF
DEADBEEF
DEADBEEF
DEADBEEF
DEADBEEF
DEADBEEF
DEADBEEF
DEADBEEF
DEADBEEF
DEADBEEF
DEADBEEF
DEADBEEF
DEADBEEF
DEADBEEF
DEADBEEF
DEADBEEF
DEADBEEF
DEADBEEF
DEADBEEF
DEADBEEF
DEADBEEF
DEADBEEF
DEADBEEF
DEADBEEF
DEADBEEF
DEADBEEF
DEADBEEF
DEADBEEF
DEADBEEF
DEADBEEF
DEADBEEF
DEADBEEF
DEADBEEF
DEADBEEF
DEADBEEF
DEADBEEF
DEADBEEF
DEADBEEF
DEADBEEF
DEADBEEF
DEADBEEF
DEADBEEF
DEADBEEF
DEADBEEF
DEADBEEF
DEADBEEF
DEADBEEF
DEADBEEF
DEADBEEF
DEADBEEF
DEADBEEF
DEADBEEF
DEADBEEF
DEADBEEF
DEADBEEF
DEADBEEF
DEADBEEF
DEADBEEF
DEADBEEF
DEADBEEF
DEADBEEF
DEADBEEF
DEADBEEF
DEADBEEF
DEADBEEF
DEADBEEF
DEADBEEF
DEADBEEF
DEADBEEF
DEADBEEF
DEADBEEF
DEADBEEF
DEADBEEF
DEADBEEF
DEADBEEF
DEADBEEF
DEADBEEF
DEADBEEF
DEADBEEF
DEADBEEF
DEADBEEF
DEADBEEF
DEADBEEF
DEADBEEF
DEADBEEF
DEADBEEF
DEADBEEF
DEADBEEF
DEADBEEF
DEADBEEF
DEADBEEF
DEADBEEF
DEADBEEF
DEADBEEF
DEADBEEF
DEADBEEF
DEADBEEF
DEADBEEF
DEADBEEF
DEADBEEF
DEADBEEF
DEADBEEF
DEADBEEF
DEADBEEF
DEADBEEF
DEADBEEF
DEADBEEF
DEADBEEF
DEADBEEF
DEADBEEF
DEADBEEF
DEADBEEF
DEADBEEF
DEADBEEF
DEADBEEF
DEADBEEF
DEADBEEF
DEADBEEF
DEADBEEF
DEADBEEF
DEADBEEF
DEADBEEF
DEADBEEF
DEADBEEF
DEADBEEF
DEADBEEF
DEADBEEF
DEADBEEF
DEADBEEF
DEADBEEF
DEADBEEF
DEADBEEF
DEADBEEF
DEADBEEF
DEADBEEF
DEADBEEF
DEADBEEF
DEADBEEF
DEADBEEF
DEADBEEF
DEADBEEF
DEADBEEF
DEADBEEF
DEADBEEF
DEADBEEF
DEADBEEF
DEADBEEF
DEADBEEF
DEADBEEF
DEADBEEF
DEADBEEF
DEADBEEF
DEADBEEF
DEADBEEF
DEADBEEF
DEADBEEF
DEADBEEF
DEADBEEF
DEADBEEF
DEADBEEF
DEADBEEF
DEADBEEF
DEADBEEF
DEADBEEF
DEADBEEF
DEADBEEF
DEADBEEF
DEADBEEF
DEADBEEF
DEADBEEF
DEADBEEF
DEADBEEF
DEADBEEF
DEADBEEF
DEADBEEF
DEADBEEF
DEADBEEF
DEADBEEF
DEADBEEF
DEADBEEF
DEADBEEF
DEADBEEF
DEADBEEF
DEADBEEF
DEADBEEF
DEADBEEF
DEADBEEF
DEADBEEF
DEADBEEF
DEADBEEF
DEADBEEF
DEADBEEF
DEADBEEF
DEADBEEF
DEADBEEF
DEADBEEF
DEADBEEF
DEADBEEF
DEADBEEF
DEADBEEF
DEADBEEF
DEADBEEF
DEADBEEF
DEADBEEF
DEADBEEF
DEADBEEF
DEADBEEF
DEADBEEF
DEADBEEF
DEADBEEF
DEADBEEF
DEADBEEF
DEADBEEF
DEADBEEF
DEADBEEF
DEADBEEF
DEADBEEF
DEADBEEF
DEADBEEF
DEADBEEF
DEADBEEF
DEADBEEF
DEADBEEF
DEADBEEF
DEADBEEF
DEADBEEF
DEADBEEF
DEADBEEF
DEADBEEF
DEADBEEF
DEADBEEF
DEADBEEF
DEADBEEF
DEADBEEF
DEADBEEF
DEADBEEF
DEADBEEF
DEADBEEF
DEADBEEF
DEADBEEF
DEADBEEF
DEADBEEF
DEADBEEF
DEADBEEF
DEADBEEF
DEADBEEF
DEADBEEF
DEADBEEF
DEADBEEF
DEADBEEF
DEADBEEF
DEADBEEF
DEADBEEF
DEADBEEF
DEADBEEF
DEADBEEF
DEADBEEF
DEADBEEF
DEADBEEF
DEADBEEF
DEADBEEF
DEADBEEF
DEADBEEF
DEADBEEF
DEADBEEF
DEADBEEF
DEADBEEF
DEADBEEF
DEADBEEF
DEADBEEF
DEADBEEF
DEADBEEF
DEADBEEF
DEADBEEF
DEADBEEF
DEADBEEF
DEADBEEF
DEADBEEF
DEADBEEF
DEADBEEF
DEADBEEF
DEADBEEF
DEADBEEF
DEADBEEF
DEADBEEF
DEADBEEF
DEADBEEF
DEADBEEF
DEADBEEF
DEADBEEF
DEADBEEF
DEADBEEF
DEADBEEF
DEADBEEF
DEADBEEF
DEADBEEF
DEADBEEF
DEADBEEF
DEADBEEF
DEADBEEF
DEADBEEF
DEADBEEF
DEADBEEF
DEADBEEF
DEADBEEF
DEADBEEF
DEADBEEF
DEADBEEF
DEADBEEF
DEADBEEF
DEADBEEF
DEADBEEF
DEADBEEF
DEADBEEF
DEADBEEF
DEADBEEF
DEADBEEF
DEADBEEF
DEADBEEF
DEADBEEF
DEADBEEF
DEADBEEF
DEADBEEF
DEADBEEF
DEADBEEF
DEADBEEF
DEADBEEF
DEADBEEF
DEADBEEF
DEADBEEF
DEADBEEF
DEADBEEF
DEADBEEF
DEADBEEF
DEADBEEF
DEADBEEF
DEADBEEF
DEADBEEF
DEADBEEF
DEADBEEF
DEADBEEF
DEADBEEF
DEADBEEF
DEADBEEF
DEADBEEF
DEADBEEF
DEADBEEF
DEADBEEF
DEADBEEF
DEADBEEF
DEADBEEF
DEADBEEF
DEADBEEF
DEADBEEF
DEADBEEF
DEADBEEF
DEADBEEF
DEADBEEF
DEADBEEF
DEADBEEF
DEADBEEF
DEADBEEF
DEADBEEF
DEADBEEF
DEADBEEF
DEADBEEF
DEADBEEF
DEADBEEF
DEADBEEF
DEADBEEF
DEADBEEF
DEADBEEF
DEADBEEF
DEADBEEF
DEADBEEF
DEADBEEF
DEADBEEF
DEADBEEF
DEADBEEF
DEADBEEF
DEADBEEF
DEADBEEF
DEADBEEF
DEADBEEF
DEADBEEF
DEADBEEF
DEADBEEF
DEADBEEF
DEADBEEF
DEADBEEF
DEADBEEF
DEADBEEF
DEADBEEF
DEADBEEF
DEADBEEF
DEADBEEF
DEADBEEF
DEADBEEF
DEADBEEF
DEADBEEF
DEADBEEF
DEADBEEF
DEADBEEF
DEADBEEF
DEADBEEF
DEADBEEF
DEADBEEF
DEADBEEF
DEADBEEF
DEADBEEF
DEADBEEF
DEADBEEF
DEADBEEF
DEADBEEF
DEADBEEF
DEADBEEF
DEADBEEF
DEADBEEF
DEADBEEF
DEADBEEF
DEADBEEF
DEADBEEF
DEADBEEF
DEADBEEF
DEADBEEF
DEADBEEF
DEADBEEF
DEADBEEF
DEADBEEF
DEADBEEF
DEADBEEF
DEADBEEF
DEADBEEF
DEADBEEF
DEADBEEF
DEADBEEF
DEADBEEF
DEADBEEF
DEADBEEF
DEADBEEF
DEADBEEF
DEADBEEF
DEADBEEF
DEADBEEF
DEADBEEF
DEADBEEF
DEADBEEF
DEADBEEF
DEADBEEF
DEADBEEF
DEADBEEF
DEADBEEF
DEADBEEF
DEADBEEF
DEADBEEF
DEADBEEF
DEADBEEF
DEADBEEF
DEADBEEF
DEADBEEF
DEADBEEF
DEADBEEF
DEADBEEF
DEADBEEF
DEADBEEF
DEADBEEF
DEADBEEF
DEADBEEF
DEADBEEF
DEADBEEF
DEADBEEF
DEADBEEF
DEADBEEF
DEADBEEF
DEADBEEF
DEADBEEF
DEADBEEF
DEADBEEF
DEADBEEF
DEADBEEF
DEADBEEF
DEADBEEF
DEADBEEF
DEADBEEF
DEADBEEF
DEADBEEF
DEADBEEF
DEADBEEF
DEADBEEF
DEADBEEF
DEADBEEF
DEADBEEF
DEADBEEF
DEADBEEF
DEADBEEF
DEADBEEF
DEADBEEF
DEADBEEF
DEADBEEF
DEADBEEF
DEADBEEF
DEADBEEF
DEADBEEF
DEADBEEF
DEADBEEF
DEADBEEF
DEADBEEF
DEADBEEF
DEADBEEF
DEADBEEF
DEADBEEF
DEADBEEF
DEADBEEF
DEADBEEF
DEADBEEF
DEADBEEF
DEADBEEF
DEADBEEF
DEADBEEF
DEADBEEF
DEADBEEF
DEADBEEF
DEADBEEF
DEADBEEF
DEADBEEF
DEADBEEF
DEADBEEF
DEADBEEF
DEADBEEF
DEADBEEF
DEADBEEF
DEADBEEF
DEADBEEF
DEADBEEF
DEADBEEF
DEADBEEF
DEADBEEF
DEADBEEF
DEADBEEF
DEADBEEF
DEADBEEF
DEADBEEF
DEADBEEF
DEADBEEF
DEADBEEF
DEADBEEF
DEADBEEF
DEADBEEF
DEADBEEF
DEADBEEF
DEADBEEF
DEADBEEF
DEADBEEF
DEADBEEF
DEADBEEF
DEADBEEF
DEADBEEF
DEADBEEF
DEADBEEF
DEADBEEF
DEADBEEF
DEADBEEF
DEADBEEF
DEADBEEF
DEADBEEF
DEADBEEF
DEADBEEF
DEADBEEF
DEADBEEF
DEADBEEF
DEADBEEF
DEADBEEF
DEADBEEF
DEADBEEF
DEADBEEF
DEADBEEF
DEADBEEF
DEADBEEF
DEADBEEF
DEADBEEF
DEADBEEF
DEADBEEF
DEADBEEF
DEADBEEF
DEADBEEF
DEADBEEF
DEADBEEF
DEADBEEF
DEADBEEF
DEADBEEF
DEADBEEF
DEADBEEF
DEADBEEF
DEADBEEF
DEADBEEF
DEADBEEF
DEADBEEF
DEADBEEF
DEADBEEF
DEADBEEF
DEADBEEF
DEADBEEF
DEADBEEF
DEADBEEF
DEADBEEF
DEADBEEF
DEADBEEF
DEADBEEF
DEADBEEF
DEADBEEF
DEADBEEF
DEADBEEF
DEADBEEF
DEADBEEF
DEADBEEF
DEADBEEF
DEADBEEF
DEADBEEF
DEADBEEF
DEADBEEF
DEADBEEF
DEADBEEF
DEADBEEF
DEADBEEF
DEADBEEF
DEADBEEF
DEADBEEF
DEADBEEF
DEADBEEF
DEADBEEF
DEADBEEF
DEADBEEF
DEADBEEF
DEADBEEF
DEADBEEF
DEADBEEF
DEADBEEF
DEADBEEF
DEADBEEF
DEADBEEF
DEADBEEF
DEADBEEF
DEADBEEF
DEADBEEF
DEADBEEF
DEADBEEF
DEADBEEF
DEADBEEF
DEADBEEF
DEADBEEF
DEADBEEF
DEADBEEF
DEADBEEF
DEADBEEF
DEADBEEF
DEADBEEF
DEADBEEF
DEADBEEF
DEADBEEF
DEADBEEF
DEADBEEF
DEADBEEF
DEADBEEF
DEADBEEF
DEADBEEF
DEADBEEF
DEADBEEF
DEADBEEF
DEADBEEF
DEADBEEF
DEADBEEF
DEADBEEF
DEADBEEF
DEADBEEF
DEADBEEF
DEADBEEF
DEADBEEF
DEADBEEF
DEADBEEF
DEADBEEF
DEADBEEF
DEADBEEF
DEADBEEF
DEADBEEF
DEADBEEF
DEADBEEF
DEADBEEF
DEADBEEF
DEADBEEF
DEADBEEF
DEADBEEF
DEADBEEF
DEADBEEF
DEADBEEF
DEADBEEF
DEADBEEF
DEADBEEF
DEADBEEF
DEADBEEF
DEADBEEF
DEADBEEF
DEADBEEF
DEADBEEF
DEADBEEF
DEADBEEF
DEADBEEF
DEADBEEF
DEADBEEF
DEADBEEF
DEADBEEF
DEADBEEF
DEADBEEF
DEADBEEF
DEADBEEF
DEADBEEF
DEADBEEF
DEADBEEF
DEADBEEF
DEADBEEF
DEADBEEF
DEADBEEF
DEADBEEF
DEADBEEF
DEADBEEF
DEADBEEF
DEADBEEF
DEADBEEF
DEADBEEF
DEADBEEF
DEADBEEF
DEADBEEF
DEADBEEF
DEADBEEF
DEADBEEF
DEADBEEF
DEADBEEF
DEADBEEF
DEADBEEF
DEADBEEF
DEADBEEF
DEADBEEF
DEADBEEF
DEADBEEF
DEADBEEF
DEADBEEF
DEADBEEF
DEADBEEF
DEADBEEF
DEADBEEF
DEADBEEF
DEADBEEF
DEADBEEF
DEADBEEF
DEADBEEF
DEADBEEF
DEADBEEF
DEADBEEF
DEADBEEF
DEADBEEF
DEADBEEF
DEADBEEF
DEADBEEF
DEADBEEF
DEADBEEF
DEADBEEF
DEADBEEF
DEADBEEF
DEADBEEF
DEADBEEF
DEADBEEF
DEADBEEF
DEADBEEF
DEADBEEF
DEADBEEF
DEADBEEF
DEADBEEF
DEADBEEF
DEADBEEF
DEADBEEF
DEADBEEF
DEADBEEF
DEADBEEF
DEADBEEF
DEADBEEF
DEADBEEF
DEADBEEF
DEADBEEF
DEADBEEF
DEADBEEF
DEADBEEF
DEADBEEF
DEADBEEF
DEADBEEF
DEADBEEF
DEADBEEF
DEADBEEF
DEADBEEF
DEADBEEF
DEADBEEF
DEADBEEF
DEADBEEF
DEADBEEF
DEADBEEF
DEADBEEF
DEADBEEF
DEADBEEF
DEADBEEF
DEADBEEF
DEADBEEF
DEADBEEF
DEADBEEF
DEADBEEF
DEADBEEF
DEADBEEF
DEADBEEF
DEADBEEF
DEADBEEF
DEADBEEF
DEADBEEF
DEADBEEF
DEADBEEF
DEADBEEF
DEADBEEF
DEADBEEF
DEADBEEF
DEADBEEF
DEADBEEF
DEADBEEF
DEADBEEF
DEADBEEF
DEADBEEF
DEADBEEF
DEADBEEF
DEADBEEF
DEADBEEF
DEADBEEF
DEADBEEF
DEADBEEF
DEADBEEF
DEADBEEF
DEADBEEF
DEADBEEF
DEADBEEF
DEADBEEF
DEADBEEF
DEADBEEF
DEADBEEF
DEADBEEF
DEADBEEF
DEADBEEF
DEADBEEF
DEADBEEF
DEADBEEF
DEADBEEF
DEADBEEF
DEADBEEF
DEADBEEF
DEADBEEF
DEADBEEF
DEADBEEF
DEADBEEF
DEADBEEF
DEADBEEF
DEADBEEF
DEADBEEF
DEADBEEF
DEADBEEF
DEADBEEF
DEADBEEF
DEADBEEF
DEADBEEF
DEADBEEF
DEADBEEF
DEADBEEF
DEADBEEF
DEADBEEF
DEADBEEF
DEADBEEF
DEADBEEF
DEADBEEF
DEADBEEF
DEADBEEF
DEADBEEF
DEADBEEF
DEADBEEF
DEADBEEF
DEADBEEF
DEADBEEF
DEADBEEF
DEADBEEF
DEADBEEF
DEADBEEF
DEADBEEF
DEADBEEF
DEADBEEF
DEADBEEF
DEADBEEF
DEADBEEF
DEADBEEF
DEADBEEF
DEADBEEF
DEADBEEF
DEADBEEF
DEADBEEF
DEADBEEF
DEADBEEF
DEADBEEF
DEADBEEF
DEADBEEF
DEADBEEF
DEADBEEF
DEADBEEF
DEADBEEF
DEADBEEF
DEADBEEF
DEADBEEF
DEADBEEF
DEADBEEF
DEADBEEF
DEADBEEF
DEADBEEF
DEADBEEF
DEADBEEF
DEADBEEF
DEADBEEF
DEADBEEF
DEADBEEF
DEADBEEF
DEADBEEF
DEADBEEF
DEADBEEF
DEADBEEF
DEADBEEF
DEADBEEF
DEADBEEF
DEADBEEF
DEADBEEF
DEADBEEF
DEADBEEF
DEADBEEF
DEADBEEF
DEADBEEF
DEADBEEF
DEADBEEF
DEADBEEF
DEADBEEF
DEADBEEF
DEADBEEF
DEADBEEF
DEADBEEF
DEADBEEF
DEADBEEF
DEADBEEF
DEADBEEF
DEADBEEF
DEADBEEF
DEADBEEF
DEADBEEF
DEADBEEF
DEADBEEF
DEADBEEF
DEADBEEF
DEADBEEF
DEADBEEF
DEADBEEF
DEADBEEF
DEADBEEF
DEADBEEF
DEADBEEF
DEADBEEF
DEADBEEF
DEADBEEF
DEADBEEF
DEADBEEF
DEADBEEF
DEADBEEF
DEADBEEF
DEADBEEF
DEADBEEF
DEADBEEF
DEADBEEF
DEADBEEF
DEADBEEF
DEADBEEF
DEADBEEF
DEADBEEF
DEADBEEF
DEADBEEF
DEADBEEF
DEADBEEF
DEADBEEF
DEADBEEF
DEADBEEF
DEADBEEF
DEADBEEF
DEADBEEF
DEADBEEF
DEADBEEF
DEADBEEF
DEADBEEF
DEADBEEF
DEADBEEF
DEADBEEF
DEADBEEF
DEADBEEF
DEADBEEF
DEADBEEF
DEADBEEF
DEADBEEF
DEADBEEF
DEADBEEF
DEADBEEF
DEADBEEF
DEADBEEF
DEADBEEF
DEADBEEF
DEADBEEF
DEADBEEF
DEADBEEF
DEADBEEF
DEADBEEF
DEADBEEF
DEADBEEF
DEADBEEF
DEADBEEF
DEADBEEF
DEADBEEF
DEADBEEF
DEADBEEF
DEADBEEF
DEADBEEF
DEADBEEF
DEADBEEF
DEADBEEF
DEADBEEF
DEADBEEF
DEADBEEF
DEADBEEF
DEADBEEF
DEADBEEF
DEADBEEF
DEADBEEF
DEADBEEF
DEADBEEF
DEADBEEF
DEADBEEF
DEADBEEF
DEADBEEF
DEADBEEF
DEADBEEF
DEADBEEF
DEADBEEF
DEADBEEF
DEADBEEF
DEADBEEF
DEADBEEF
DEADBEEF
DEADBEEF
DEADBEEF
DEADBEEF
DEADBEEF
DEADBEEF
DEADBEEF
DEADBEEF
DEADBEEF
DEADBEEF
DEADBEEF
DEADBEEF
DEADBEEF
DEADBEEF
DEADBEEF
DEADBEEF
DEADBEEF
DEADBEEF
DEADBEEF
DEADBEEF
DEADBEEF
DEADBEEF
DEADBEEF
DEADBEEF
DEADBEEF
DEADBEEF
DEADBEEF
DEADBEEF
DEADBEEF
DEADBEEF
DEADBEEF
DEADBEEF
DEADBEEF
DEADBEEF
DEADBEEF
DEADBEEF
DEADBEEF
DEADBEEF
DEADBEEF
DEADBEEF
DEADBEEF
DEADBEEF
DEADBEEF
DEADBEEF
DEADBEEF
DEADBEEF
DEADBEEF
DEADBEEF
DEADBEEF
DEADBEEF
DEADBEEF
DEADBEEF
DEADBEEF
DEADBEEF
DEADBEEF
DEADBEEF
DEADBEEF
DEADBEEF
DEADBEEF
DEADBEEF
DEADBEEF
DEADBEEF
DEADBEEF
DEADBEEF
DEADBEEF
DEADBEEF
DEADBEEF
DEADBEEF
DEADBEEF
DEADBEEF
DEADBEEF
DEADBEEF
DEADBEEF
DEADBEEF
DEADBEEF
DEADBEEF
DEADBEEF
DEADBEEF
DEADBEEF
DEADBEEF
DEADBEEF
DEADBEEF
DEADBEEF
DEADBEEF
DEADBEEF
DEADBEEF
DEADBEEF
DEADBEEF
DEADBEEF
DEADBEEF
DEADBEEF
DEADBEEF
DEADBEEF
DEADBEEF
DEADBEEF
DEADBEEF
DEADBEEF
DEADBEEF
DEADBEEF
DEADBEEF
DEADBEEF
DEADBEEF
DEADBEEF
DEADBEEF
DEADBEEF
DEADBEEF
DEADBEEF
DEADBEEF
DEADBEEF
DEADBEEF
DEADBEEF
DEADBEEF
DEADBEEF
DEADBEEF
DEADBEEF
DEADBEEF
DEADBEEF
DEADBEEF
DEADBEEF
DEADBEEF
DEADBEEF
DEADBEEF
DEADBEEF
DEADBEEF
DEADBEEF
DEADBEEF
DEADBEEF
DEADBEEF
DEADBEEF
DEADBEEF
DEADBEEF
DEADBEEF
DEADBEEF
DEADBEEF
DEADBEEF
DEADBEEF
DEADBEEF
DEADBEEF
DEADBEEF
DEADBEEF
DEADBEEF
DEADBEEF
DEADBEEF
DEADBEEF
DEADBEEF
DEADBEEF
DEADBEEF
DEADBEEF
DEADBEEF
DEADBEEF
DEADBEEF
DEADBEEF
DEADBEEF
DEADBEEF
DEADBEEF
DEADBEEF
DEADBEEF
DEADBEEF
DEADBEEF
DEADBEEF
DEADBEEF
DEADBEEF
DEADBEEF
DEADBEEF
DEADBEEF
DEADBEEF
DEADBEEF
DEADBEEF
DEADBEEF
DEADBEEF
DEADBEEF
DEADBEEF
DEADBEEF
DEADBEEF
DEADBEEF
DEADBEEF
DEADBEEF
DEADBEEF
DEADBEEF
DEADBEEF
DEADBEEF
DEADBEEF
DEADBEEF
DEADBEEF
DEADBEEF
DEADBEEF
DEADBEEF
DEADBEEF
DEADBEEF
DEADBEEF
DEADBEEF
DEADBEEF
DEADBEEF
DEADBEEF
DEADBEEF
DEADBEEF
DEADBEEF
DEADBEEF
DEADBEEF
DEADBEEF
DEADBEEF
DEADBEEF
DEADBEEF
DEADBEEF
DEADBEEF
DEADBEEF
DEADBEEF
DEADBEEF
DEADBEEF
DEADBEEF
DEADBEEF
DEADBEEF
DEADBEEF
DEADBEEF
DEADBEEF
DEADBEEF
DEADBEEF
DEADBEEF
DEADBEEF
DEADBEEF
DEADBEEF
DEADBEEF
DEADBEEF
DEADBEEF
DEADBEEF
DEADBEEF
DEADBEEF
DEADBEEF
DEADBEEF
DEADBEEF
DEADBEEF
DEADBEEF
DEADBEEF
DEADBEEF
DEADBEEF
DEADBEEF
DEADBEEF
DEADBEEF
DEADBEEF
DEADBEEF
DEADBEEF
DEADBEEF
DEADBEEF
DEADBEEF
DEADBEEF
DEADBEEF
DEADBEEF
DEADBEEF
DEADBEEF
DEADBEEF
DEADBEEF
DEADBEEF
DEADBEEF
DEADBEEF
DEADBEEF
DEADBEEF
DEADBEEF
DEADBEEF
DEADBEEF
DEADBEEF
DEADBEEF
DEADBEEF
DEADBEEF
DEADBEEF
DEADBEEF
DEADBEEF
DEADBEEF
DEADBEEF
DEADBEEF
DEADBEEF
DEADBEEF
DEADBEEF
DEADBEEF
DEADBEEF
DEADBEEF
DEADBEEF
DEADBEEF
DEADBEEF
DEADBEEF
DEADBEEF
DEADBEEF
DEADBEEF
DEADBEEF
DEADBEEF
DEADBEEF
DEADBEEF
DEADBEEF
DEADBEEF
DEADBEEF
DEADBEEF
DEADBEEF
DEADBEEF
DEADBEEF
DEADBEEF
DEADBEEF
DEADBEEF
DEADBEEF
DEADBEEF
DEADBEEF
DEADBEEF
DEADBEEF
DEADBEEF
DEADBEEF
DEADBEEF
DEADBEEF
DEADBEEF
DEADBEEF
DEADBEEF
DEADBEEF
DEADBEEF
DEADBEEF
DEADBEEF
DEADBEEF
DEADBEEF
DEADBEEF
DEADBEEF
DEADBEEF
DEADBEEF
DEADBEEF
DEADBEEF
DEADBEEF
DEADBEEF
DEADBEEF
DEADBEEF
DEADBEEF
DEADBEEF
DEADBEEF
DEADBEEF
DEADBEEF
DEADBEEF
DEADBEEF
DEADBEEF
DEADBEEF
DEADBEEF
DEADBEEF
DEADBEEF
DEADBEEF
DEADBEEF
DEADBEEF
DEADBEEF
DEADBEEF
DEADBEEF
DEADBEEF
DEADBEEF
DEADBEEF
DEADBEEF
DEADBEEF
DEADBEEF
DEADBEEF
DEADBEEF
DEADBEEF
DEADBEEF
DEADBEEF
DEADBEEF
DEADBEEF
DEADBEEF
DEADBEEF
DEADBEEF
DEADBEEF
DEADBEEF
DEADBEEF
DEADBEEF
DEADBEEF
DEADBEEF
DEADBEEF
DEADBEEF
DEADBEEF
DEADBEEF
DEADBEEF
DEADBEEF
DEADBEEF
DEADBEEF
DEADBEEF
DEADBEEF
DEADBEEF
DEADBEEF
DEADBEEF
DEADBEEF
DEADBEEF
DEADBEEF
DEADBEEF
DEADBEEF
DEADBEEF
DEADBEEF
DEADBEEF
DEADBEEF
DEADBEEF
DEADBEEF
DEADBEEF
DEADBEEF
DEADBEEF
DEADBEEF
DEADBEEF
DEADBEEF
DEADBEEF
DEADBEEF
DEADBEEF
DEADBEEF
DEADBEEF
DEADBEEF
DEADBEEF
DEADBEEF
DEADBEEF
DEADBEEF
DEADBEEF
DEADBEEF
DEADBEEF
DEADBEEF
DEADBEEF
DEADBEEF
DEADBEEF
DEADBEEF
DEADBEEF
DEADBEEF
DEADBEEF
DEADBEEF
DEADBEEF
DEADBEEF
DEADBEEF
DEADBEEF
DEADBEEF
DEADBEEF
DEADBEEF
DEADBEEF
DEADBEEF
DEADBEEF
DEADBEEF
DEADBEEF
DEADBEEF
DEADBEEF
DEADBEEF
DEADBEEF
DEADBEEF
DEADBEEF
DEADBEEF
DEADBEEF
DEADBEEF
DEADBEEF
DEADBEEF
DEADBEEF
DEADBEEF
DEADBEEF
DEADBEEF
DEADBEEF
DEADBEEF
DEADBEEF
DEADBEEF
DEADBEEF
DEADBEEF
DEADBEEF
DEADBEEF
DEADBEEF
DEADBEEF
DEADBEEF
DEADBEEF
DEADBEEF
DEADBEEF
DEADBEEF
DEADBEEF
DEADBEEF
DEADBEEF
DEADBEEF
DEADBEEF
DEADBEEF
DEADBEEF
DEADBEEF
DEADBEEF
DEADBEEF
DEADBEEF
DEADBEEF
DEADBEEF
DEADBEEF
DEADBEEF
DEADBEEF
DEADBEEF
DEADBEEF
DEADBEEF
DEADBEEF
DEADBEEF
DEADBEEF
DEADBEEF
DEADBEEF
DEADBEEF
DEADBEEF
DEADBEEF
DEADBEEF
DEADBEEF
DEADBEEF
DEADBEEF
DEADBEEF
DEADBEEF
DEADBEEF
DEADBEEF
DEADBEEF
DEADBEEF
DEADBEEF
DEADBEEF
DEADBEEF
DEADBEEF
DEADBEEF
DEADBEEF
DEADBEEF
DEADBEEF
DEADBEEF
DEADBEEF
DEADBEEF
DEADBEEF
DEADBEEF
DEADBEEF
DEADBEEF
DEADBEEF
DEADBEEF
DEADBEEF
DEADBEEF
DEADBEEF
DEADBEEF
DEADBEEF
DEADBEEF
DEADBEEF
DEADBEEF
DEADBEEF
DEADBEEF
DEADBEEF
DEADBEEF
DEADBEEF
DEADBEEF
DEADBEEF
DEADBEEF
DEADBEEF
DEADBEEF
DEADBEEF
DEADBEEF
DEADBEEF
DEADBEEF
DEADBEEF
DEADBEEF
DEADBEEF
DEADBEEF
DEADBEEF
DEADBEEF
DEADBEEF
DEADBEEF
DEADBEEF
DEADBEEF
DEADBEEF
DEADBEEF
DEADBEEF
DEADBEEF
DEADBEEF
DEADBEEF
DEADBEEF
DEADBEEF
DEADBEEF
DEADBEEF
DEADBEEF
DEADBEEF
DEADBEEF
DEADBEEF
DEADBEEF
DEADBEEF
DEADBEEF
DEADBEEF
DEADBEEF
DEADBEEF
DEADBEEF
DEADBEEF
DEADBEEF
DEADBEEF
DEADBEEF
DEADBEEF
DEADBEEF
DEADBEEF
DEADBEEF
DEADBEEF
DEADBEEF
DEADBEEF
DEADBEEF
DEADBEEF
DEADBEEF
DEADBEEF
DEADBEEF
DEADBEEF
DEADBEEF
DEADBEEF
DEADBEEF
DEADBEEF
DEADBEEF
DEADBEEF
DEADBEEF
DEADBEEF
DEADBEEF
DEADBEEF
DEADBEEF
DEADBEEF
DEADBEEF
DEADBEEF
DEADBEEF
DEADBEEF
DEADBEEF
DEADBEEF
DEADBEEF
DEADBEEF
DEADBEEF
DEADBEEF
DEADBEEF
DEADBEEF
DEADBEEF
DEADBEEF
DEADBEEF
DEADBEEF
DEADBEEF
DEADBEEF
DEADBEEF
DEADBEEF
DEADBEEF
DEADBEEF
DEADBEEF
DEADBEEF
DEADBEEF
DEADBEEF
DEADBEEF
DEADBEEF
DEADBEEF
DEADBEEF
DEADBEEF
DEADBEEF
DEADBEEF
DEADBEEF
DEADBEEF
DEADBEEF
DEADBEEF
DEADBEEF
DEADBEEF
DEADBEEF
DEADBEEF
DEADBEEF
DEADBEEF
DEADBEEF
DEADBEEF
DEADBEEF
DEADBEEF
DEADBEEF
DEADBEEF
DEADBEEF
DEADBEEF
DEADBEEF
DEADBEEF
DEADBEEF
DEADBEEF
DEADBEEF
DEADBEEF
DEADBEEF
DEADBEEF
DEADBEEF
DEADBEEF
DEADBEEF
DEADBEEF
DEADBEEF
DEADBEEF
DEADBEEF
DEADBEEF
DEADBEEF
DEADBEEF
DEADBEEF
DEADBEEF
DEADBEEF
DEADBEEF
DEADBEEF
DEADBEEF
DEADBEEF
DEADBEEF
DEADBEEF
DEADBEEF
DEADBEEF
DEADBEEF
DEADBEEF
DEADBEEF
DEADBEEF
DEADBEEF
DEADBEEF
DEADBEEF
DEADBEEF
DEADBEEF
DEADBEEF
DEADBEEF
DEADBEEF
DEADBEEF
DEADBEEF
DEADBEEF
DEADBEEF
DEADBEEF
DEADBEEF
DEADBEEF
DEADBEEF
DEADBEEF
DEADBEEF
DEADBEEF
DEADBEEF
DEADBEEF
DEADBEEF
DEADBEEF
DEADBEEF
DEADBEEF
DEADBEEF
DEADBEEF
DEADBEEF
DEADBEEF
DEADBEEF
DEADBEEF
DEADBEEF
DEADBEEF
DEADBEEF
DEADBEEF
DEADBEEF
DEADBEEF
DEADBEEF
DEADBEEF
DEADBEEF
DEADBEEF
DEADBEEF
DEADBEEF
DEADBEEF
DEADBEEF
DEADBEEF
DEADBEEF
DEADBEEF
DEADBEEF
DEADBEEF
DEADBEEF
DEADBEEF
DEADBEEF
DEADBEEF
DEADBEEF
DEADBEEF
DEADBEEF
DEADBEEF
DEADBEEF
DEADBEEF
DEADBEEF
DEADBEEF
DEADBEEF
DEADBEEF
DEADBEEF
DEADBEEF
DEADBEEF
DEADBEEF
DEADBEEF
DEADBEEF
DEADBEEF
DEADBEEF
DEADBEEF
DEADBEEF
DEADBEEF
DEADBEEF
DEADBEEF
DEADBEEF
DEADBEEF
DEADBEEF
DEADBEEF
DEADBEEF
DEADBEEF
DEADBEEF
DEADBEEF
DEADBEEF
DEADBEEF
DEADBEEF
DEADBEEF
DEADBEEF
DEADBEEF
DEADBEEF
DEADBEEF
DEADBEEF
DEADBEEF
DEADBEEF
DEADBEEF
DEADBEEF
DEADBEEF
DEADBEEF
DEADBEEF
DEADBEEF
DEADBEEF
DEADBEEF
DEADBEEF
DEADBEEF
DEADBEEF
DEADBEEF
DEADBEEF
DEADBEEF
DEADBEEF
DEADBEEF
DEADBEEF
DEADBEEF
DEADBEEF
DEADBEEF
DEADBEEF
DEADBEEF
DEADBEEF
DEADBEEF
DEADBEEF
DEADBEEF
DEADBEEF
DEADBEEF
DEADBEEF
DEADBEEF
DEADBEEF
DEADBEEF
DEADBEEF
DEADBEEF
DEADBEEF
DEADBEEF
DEADBEEF
DEADBEEF
DEADBEEF
DEADBEEF
DEADBEEF
DEADBEEF
DEADBEEF
DEADBEEF
DEADBEEF
DEADBEEF
DEADBEEF
DEADBEEF
DEADBEEF
DEADBEEF
DEADBEEF
DEADBEEF
DEADBEEF
DEADBEEF
DEADBEEF
DEADBEEF
DEADBEEF
DEADBEEF
DEADBEEF
DEADBEEF
DEADBEEF
DEADBEEF
DEADBEEF
DEADBEEF
DEADBEEF
DEADBEEF
DEADBEEF
DEADBEEF
DEADBEEF
DEADBEEF
DEADBEEF
DEADBEEF
DEADBEEF
DEADBEEF
DEADBEEF
DEADBEEF
DEADBEEF
DEADBEEF
DEADBEEF
DEADBEEF
DEADBEEF
DEADBEEF
DEADBEEF
DEADBEEF
DEADBEEF
DEADBEEF
DEADBEEF
DEADBEEF
DEADBEEF
DEADBEEF
DEADBEEF
DEADBEEF
DEADBEEF
DEADBEEF
DEADBEEF
DEADBEEF
DEADBEEF
DEADBEEF
DEADBEEF
DEADBEEF
DEADBEEF
DEADBEEF
DEADBEEF
DEADBEEF
DEADBEEF
DEADBEEF
DEADBEEF
DEADBEEF
DEADBEEF
DEADBEEF
DEADBEEF
DEADBEEF
DEADBEEF
DEADBEEF
DEADBEEF
DEADBEEF
DEADBEEF
DEADBEEF
DEADBEEF
DEADBEEF
DEADBEEF
DEADBEEF
DEADBEEF
DEADBEEF
DEADBEEF
DEADBEEF
DEADBEEF
DEADBEEF
DEADBEEF
DEADBEEF
DEADBEEF
DEADBEEF
DEADBEEF
DEADBEEF
DEADBEEF
DEADBEEF
DEADBEEF
DEADBEEF
DEADBEEF
DEADBEEF
DEADBEEF
DEADBEEF
DEADBEEF
DEADBEEF
DEADBEEF
DEADBEEF
DEADBEEF
DEADBEEF
DEADBEEF
DEADBEEF
DEADBEEF
DEADBEEF
DEADBEEF
DEADBEEF
DEADBEEF
DEADBEEF
DEADBEEF
DEADBEEF
DEADBEEF
DEADBEEF
DEADBEEF
DEADBEEF
DEADBEEF
DEADBEEF
DEADBEEF
DEADBEEF
DEADBEEF
DEADBEEF
DEADBEEF
DEADBEEF
DEADBEEF
DEADBEEF
DEADBEEF
DEADBEEF
DEADBEEF
DEADBEEF
DEADBEEF
DEADBEEF
DEADBEEF
DEADBEEF
DEADBEEF
DEADBEEF
DEADBEEF
DEADBEEF
DEADBEEF
DEADBEEF
DEADBEEF
DEADBEEF
DEADBEEF
DEADBEEF
DEADBEEF
DEADBEEF
DEADBEEF
DEADBEEF
DEADBEEF
DEADBEEF
DEADBEEF
DEADBEEF
DEADBEEF
DEADBEEF
DEADBEEF
DEADBEEF
DEADBEEF
DEADBEEF
DEADBEEF
DEADBEEF
DEADBEEF
DEADBEEF
DEADBEEF
DEADBEEF
DEADBEEF
DEADBEEF
DEADBEEF
DEADBEEF
DEADBEEF
DEADBEEF
DEADBEEF
DEADBEEF
DEADBEEF
DEADBEEF
DEADBEEF
DEADBEEF
DEADBEEF
DEADBEEF
DEADBEEF
DEADBEEF
DEADBEEF
DEADBEEF
DEADBEEF
DEADBEEF
DEADBEEF
DEADBEEF
DEADBEEF
DEADBEEF
DEADBEEF
DEADBEEF
DEADBEEF
DEADBEEF
DEADBEEF
DEADBEEF
DEADBEEF
DEADBEEF
DEADBEEF
DEADBEEF
DEADBEEF
DEADBEEF
DEADBEEF
DEADBEEF
DEADBEEF
DEADBEEF
DEADBEEF
DEADBEEF
DEADBEEF
DEADBEEF
DEADBEEF
DEADBEEF
DEADBEEF
DEADBEEF
DEADBEEF
DEADBEEF
DEADBEEF
DEADBEEF
DEADBEEF
DEADBEEF
DEADBEEF
DEADBEEF
DEADBEEF
DEADBEEF
DEADBEEF
DEADBEEF
DEADBEEF
DEADBEEF
DEADBEEF
DEADBEEF
DEADBEEF
DEADBEEF
DEADBEEF
DEADBEEF
DEADBEEF
DEADBEEF
DEADBEEF
DEADBEEF
DEADBEEF
DEADBEEF
DEADBEEF
DEADBEEF
DEADBEEF
DEADBEEF
DEADBEEF
DEADBEEF
DEADBEEF
DEADBEEF
DEADBEEF
DEADBEEF
DEADBEEF
DEADBEEF
DEADBEEF
DEADBEEF
DEADBEEF
DEADBEEF
DEADBEEF
DEADBEEF
DEADBEEF
DEADBEEF
DEADBEEF
DEADBEEF
DEADBEEF
DEADBEEF
DEADBEEF
DEADBEEF
DEADBEEF
DEADBEEF
DEADBEEF
DEADBEEF
DEADBEEF
DEADBEEF
DEADBEEF
DEADBEEF
DEADBEEF
DEADBEEF
DEADBEEF
DEADBEEF
DEADBEEF
DEADBEEF
DEADBEEF
DEADBEEF
DEADBEEF
DEADBEEF
DEADBEEF
DEADBEEF
DEADBEEF
DEADBEEF
DEADBEEF
DEADBEEF
DEADBEEF
DEADBEEF
DEADBEEF
DEADBEEF
DEADBEEF
DEADBEEF
DEADBEEF
DEADBEEF
DEADBEEF
DEADBEEF
DEADBEEF
DEADBEEF
DEADBEEF
DEADBEEF
DEADBEEF
DEADBEEF
DEADBEEF
DEADBEEF
DEADBEEF
DEADBEEF
DEADBEEF
DEADBEEF
DEADBEEF
DEADBEEF
DEADBEEF
DEADBEEF
DEADBEEF
DEADBEEF
DEADBEEF
DEADBEEF
DEADBEEF
DEADBEEF
DEADBEEF
DEADBEEF
DEADBEEF
DEADBEEF
DEADBEEF
DEADBEEF
DEADBEEF
DEADBEEF
DEADBEEF
DEADBEEF
DEADBEEF
DEADBEEF
DEADBEEF
DEADBEEF
DEADBEEF
DEADBEEF
DEADBEEF
DEADBEEF
DEADBEEF
DEADBEEF
DEADBEEF
DEADBEEF
DEADBEEF
DEADBEEF
DEADBEEF
DEADBEEF
DEADBEEF
DEADBEEF
DEADBEEF
DEADBEEF
DEADBEEF
DEADBEEF
DEADBEEF
DEADBEEF
DEADBEEF
DEADBEEF
DEADBEEF
DEADBEEF
DEADBEEF
DEADBEEF
DEADBEEF
DEADBEEF
DEADBEEF
DEADBEEF
DEADBEEF
DEADBEEF
DEADBEEF
DEADBEEF
DEADBEEF
DEADBEEF
DEADBEEF
DEADBEEF
6F5CA309
00000000

00000000
00000000
00000000
00000000

02000737
00072023
FFFC4397
19C38393
00038067
FFF00713
020043B7
00E3A023
00E3A223
FFFC4397
18038393
00038067
10000737
000700A3
0C200737
00470713
00072383
00772023
0C002737
00072023
FFFC4397
15438393
00038067
00200393
3443B073
0200C737
00072023
FFFC4397
13838393
00038067
FFFC4397
12C38393
00038067
20000413
34443073
34402473
00001337
80030313
00647433
02830463
10000737
000700A3
0C201737
00470713
00072383
00772023
0C002737
08070713
00072023
FFFC4397
0E038393
00038067
FFFC3317
30C30313
00030067
FFFC4397
0C838393
00038067
FFFC3317
2F430313
00030067
FFFC4397
0B038393
00038067
FFFC3317
2DC30313
00030067
FFFC4397
09838393
00038067
10000337
00330313
00300393
00730023
30401073
34401073
34101073
34301073
34201073
00000013
FFFC7317
FD030313
00000013
00000013
00000013
00000013
00000013
00000013
34031473
24832823
FFF00393
020044B7
0074A023
0074A223
00000013
00000393
22732C23
30502473
24832423
00347393
FFC3F393
23032483
E2848493
0074E3B3
24732023
30539073
30502773
0E770C63
30541073
0A040863
24832023
FFC47393
1D838413
00030113
00000013
00000013
00000013
00000013
00000013
00000013
00000717
04C70713
00000013
00000013
00000013
00000013
00000013
00000013
00000797
0A478793
00000013
00000013
00000013
00000013
00000013
00000013
00F3F663
00877463
03C0006F
0003A783
00F32023
0004A703
00E3A023
0003A783
00E79A63
00438393
00430313
00448493
FC741EE3
00000013
34002373
22932823
04740263
00038413
00000013
00000013
00000013
00000013
00000013
00000013
FFFC3797
16C78793
00000013
00000013
00000013
00000013
00000013
00000013
00078067
00000013
000022B7
80028293
30029073
31001073
0F000293
30A29073
31A01073
32001073
32301073
32401073
32501073
32601073
32701073
32801073
32901073
32A01073
32B01073
32C01073
32D01073
32E01073
32F01073
33001073
33101073
33201073
33301073
33401073
33501073
33601073
33701073
33801073
33901073
33A01073
33B01073
33C01073
33D01073
33E01073
33F01073
FFF00293
30629073
00300513
00000073
00000013
00000013
00000013
00000013
00000013
FFFC7317
DA830313
00000013
00000013
00000013
00000013
00000013
00000013
00032023
FEEDC0B7
EAD08093
01909793
0070D113
00F16133
01911793
00715193
00F1E1B3
01919793
0071D213
00F26233
01921793
00725293
00F2E2B3
01929793
0072D313
00F36333
01931793
00735393
00F3E3B3
01939793
0073D413
00F46433
01941793
00745493
00F4E4B3
01949793
0074D513
00F56533
01951793
00755593
00F5E5B3
01959793
0075D613
00F66633
01961793
00765693
00F6E6B3
01969793
0076D713
00F76733
FAB807B7
BB678793
7D5C0837
DDB80813
01981793
00785893
00F8E8B3
01989793
0078D913
00F96933
01991793
00795993
00F9E9B3
01999793
0079DA13
00FA6A33
019A1793
007A5A93
00FAEAB3
019A9793
007ADB13
00FB6B33
019B1793
007B5B93
00FBEBB3
019B9793
007BDC13
00FC6C33
019C1793
007C5C93
00FCECB3
019C9793
007CDD13
00FD6D33
019D1793
007D5D93
00FDEDB3
019D9793
007DDE13
00FE6E33
019E1793
007E5E93
00FEEEB3
019E9793
007EDF13
00FF6F33
019F1793
007F5F93
00FFEFB3
00000013
00000013
00000013
00000013
00000013
FFFD0117
D5010113
00000013
00000013
00000013
00000013
00000013
00000013
6F5CA337
30930313
00000013
00000013
00000013
00000013
00000013
00000013
FFFC4197
F6818193
00000013
00000013
00000013
00000013
00000013
00000013
00012203
00620863
000182E7
80041520
800107F5
00410113
00000013
00000013
FFFC7197
E3018193
00000013
00000013
00000013
00000013
00000013
00000013
FFFBF317
AA030313
00000013
00000013
00000013
00000013
00000013
00000013
00030067
00054303
02030463
100003B7
00538393
0003C403
02047413
FE040CE3
100003B7
00638023
00150513
FD9FF06F
00008067
FF010113
00112023
00812223
00000097
FC4080E7
00412403
00012083
01010113
00008067
00100093
FFFDF297
CE428293
0012A023
0002A223
0000006F
0000006F
00300093
FFFDF297
CC828293
0012A023
0002A223
0000006F
0000006F
00100513
020005B7
00A5A023
00008067
020005B7
0005A023
00008067
00700513
0C0005B7
02A5A423
40000513
0C0025B7
00A5A023
0C2005B7
0005A023
00200513
100005B7
00A580A3
00008067
100005B7
000580A3
0C2005B7
00458593
0005A503
00A5A023
0C0025B7
0005A023
00008067
00000013
00000013
00000013
00000013
00000013
00000013
00000013
00000013
